vehicle_id,trip_id,start_time,end_time,counts,total_distance,total_fuel_consumed,mean_mileage
1540361293100220416,1790939289000-632578958264631296-1540361293100220416,1790939289000,1790961074000,1,257.836,78.497,3.284660560276189
1428031634325635072,1790932136000-632578958264631296-1428031634325635072,1790932136000,1790959219000,1,257.576,81.841,3.147273371537494
870286624469024768,1790915526000-632578958264631296-870286624469024768,1790915526000,1790932554000,1,230.442,51.7,4.457292069632495
1545824482457812992,1790938060000-632578958264631296-1545824482457812992,1790938060000,1790956776000,1,223.363,74.547,2.996270809019813
870568761881526272,1790947777000-632578958264631296-870568761881526272,1790947777000,1790965746000,1,200.465,41.193,4.8664821693006095
800361869549240320,1790903248000-632578958264631296-800361869549240320,1790903248000,1790917425000,1,197.048,31.995,6.1587122987966865
1076924285072703488,1790921209000-632578958264631296-1076924285072703488,1790921209000,1790937699000,1,196.871,55.625,3.53925393258427
1545823503347875840,1790893673000-632578958264631296-1545823503347875840,1790893673000,1790908288000,1,189.65,62.329,3.042724895313578
789852612550721536,1790938357000-632578958264631296-789852612550721536,1790938357000,1790956646000,1,189.348,59.777,3.1675728122856617
1500145408670695424,1790936113000-632578958264631296-1500145408670695424,1790936113000,1790951725000,1,187.375,58.621,3.1963801368110403
1545824482457812992,1790920747000-632578958264631296-1545824482457812992,1790920747000,1790935959000,1,185.499,64.277,2.885931204007654
1067767656859303936,1790927469000-632578958264631296-1067767656859303936,1790927469000,1790941566000,1,183.8,63.175,2.909378709932727
1050037537222950912,1790928921000-632578958264631296-1050037537222950912,1790928921000,1790944214000,1,182.76,54.752,3.3379602571595557
1176582767303983104,1790940151000-632578958264631296-1176582767303983104,1790940151000,1790954681000,1,182.032,58.839,3.0937303489182346
873570129613422592,1790924523000-632578958264631296-873570129613422592,1790924523000,1790938245000,1,180.382,51.726,3.487259791980822
948575900767617024,1790927450000-632578958264631296-948575900767617024,1790927450000,1790942133000,1,179.569,56.542,3.1758515793569377
1073663431535493120,1790891028000-632578958264631296-1073663431535493120,1790891028000,1790904969000,1,178.257,68.833,2.5897026135719785
1073663431535493120,1790906809000-632578958264631296-1073663431535493120,1790906809000,1790919972000,1,175.569,65.094,2.6971610286662364
866686329780436992,1790937593000-632578958264631296-866686329780436992,1790937593000,1790952384000,1,175.515,46.448,3.778741818808129
866245373776101376,1790900092000-632578958264631296-866245373776101376,1790900092000,1790914591000,1,174.615,33.21,5.257904245709124
1064550465066237952,1790940757000-632578958264631296-1064550465066237952,1790940757000,1790955984000,1,174.153,62.708,2.77720546022836
1500484476822618112,1790940726000-632578958264631296-1500484476822618112,1790940726000,1790955710000,1,174.061,61.0,2.8534590163934426
1076104369969037312,1790923458000-632578958264631296-1076104369969037312,1790923458000,1790939904000,1,173.883,60.79,2.860388221746998
1060630916881186816,1790927918000-632578958264631296-1060630916881186816,1790927918000,1790943830000,1,173.6,61.845,2.807017543859649
1083728245179809792,1790929029000-632578958264631296-1083728245179809792,1790929029000,1790943871000,1,173.194,63.141,2.7429720783642955
943818030159233024,1790912084000-632578958264631296-943818030159233024,1790912084000,1790926420000,1,172.612,67.191,2.568975011534283
938815830156640256,1790948657000-632578958264631296-938815830156640256,1790948657000,1790963602000,1,172.527,64.277,2.684117180328889
915980150607183872,1790913338000-632578958264631296-915980150607183872,1790913338000,1790929433000,1,172.466,48.105,3.5851990437584456
1079778539525373952,1790948710000-632578958264631296-1079778539525373952,1790948710000,1790963813000,1,172.107,44.626,3.856653072200063
1536014702105067520,1790925021000-632578958264631296-1536014702105067520,1790925021000,1790937890000,1,172.037,52.425,3.281583214115403
946032744595456000,1790907087000-632578958264631296-946032744595456000,1790907087000,1790921196000,1,170.909,58.72,2.910575613079019
1536402078727929856,1790908450000-632578958264631296-1536402078727929856,1790908450000,1790920826000,1,169.028,37.397,4.519827793673289
1067775201233600512,1790983579000-632578958264631296-1067775201233600512,1790983579000,1790997923000,1,168.83,52.229,3.232495356985583
1363836271826305024,1790941913000-632578958264631296-1363836271826305024,1790941913000,1790956044000,1,168.643,52.077,3.2383393820688595
871764433825693696,1790931859000-632578958264631296-871764433825693696,1790931859000,1790945960000,1,168.124,45.11,3.726978497007315
1536014751404916736,1790899765000-632578958264631296-1536014751404916736,1790899765000,1790911765000,1,167.935,50.046,3.3556128361907045
792451146961649664,1790933376000-632578958264631296-792451146961649664,1790933376000,1790946229000,1,167.446,45.591,3.6727862955407864
1183367596062277632,1790931969000-632578958264631296-1183367596062277632,1790931969000,1790944864000,1,167.32,45.637,3.666323377960865
1389244197004902400,1790979880000-632578958264631296-1389244197004902400,1790979880000,1790994435000,1,165.309,48.757,3.39046700986525
1083726476706054144,1790985401000-632578958264631296-1083726476706054144,1790985401000,1790999002000,1,163.881,58.165,2.8175191266225394
1428033112889098240,1790985369000-632578958264631296-1428033112889098240,1790985369000,1790998779000,1,163.818,53.239,3.0770299968068526
1545823852121030656,1790897537000-632578958264631296-1545823852121030656,1790897537000,1790911442000,1,163.696,48.358,3.3850862318540886
1545824482457812992,1790904431000-632578958264631296-1545824482457812992,1790904431000,1790917888000,1,163.514,56.351,2.9017053823357175
1083726988146900992,1790932945000-632578958264631296-1083726988146900992,1790932945000,1790946713000,1,163.094,38.739,4.2100725367201015
952249131684855808,1790930252000-632578958264631296-952249131684855808,1790930252000,1790944014000,1,162.184,48.145,3.3686571814310935
1385588909638942720,1790897490000-632578958264631296-1385588909638942720,1790897490000,1790911788000,1,162.023,47.46,3.4138853771597133
946024601958219776,1790946693000-632578958264631296-946024601958219776,1790946693000,1790960581000,1,161.63,48.949,3.3020082126294716
1385588816730914816,1790923506000-632578958264631296-1385588816730914816,1790923506000,1790937758000,1,161.503,53.318,3.0290521024794628
1593330894762934272,1790912118000-632578958264631296-1593330894762934272,1790912118000,1790924713000,1,160.293,54.601,2.935715463086757
1593690913639497728,1790912142000-632578958264631296-1593690913639497728,1790912142000,1790924657000,1,160.266,54.08,2.963498520710059
1289307004661137408,1790985456000-632578958264631296-1289307004661137408,1790985456000,1790999196000,1,160.147,53.42,2.9978846873830025
961238953837461504,1790900283000-632578958264631296-961238953837461504,1790900283000,1790913862000,1,159.481,51.251,3.1117636729039435
873570129613422592,1790909712000-632578958264631296-873570129613422592,1790909712000,1790921954000,1,159.378,45.101,3.5338019112658254
1289307004661137408,1790900931000-632578958264631296-1289307004661137408,1790900931000,1790913818000,1,158.662,51.647,3.0720467790965595
1357047782162038784,1790915736000-632578958264631296-1357047782162038784,1790915736000,1790929284000,1,157.861,46.853,3.369282649990395
1094226815196594176,1790924561000-632578958264631296-1094226815196594176,1790924561000,1790938606000,1,157.203,44.084,3.565987659921967
947105297703370752,1790895417000-632578958264631296-947105297703370752,1790895417000,1790911123000,1,157.08,57.059,2.7529399393610126
1050036836505747456,1790942994000-632578958264631296-1050036836505747456,1790942994000,1790956096000,1,156.826,38.95,4.026341463414633
1357047782162038784,1790932040000-632578958264631296-1357047782162038784,1790932040000,1790947508000,1,156.361,46.832,3.3387640929279123
1076104369969037312,1790941948000-632578958264631296-1076104369969037312,1790941948000,1790956459000,1,156.009,42.083,3.707173918209253
1047649870816477184,1790898592000-632578958264631296-1047649870816477184,1790898592000,1790912784000,1,155.909,53.867,2.89433233705237
1072572023244324864,1790932018000-632578958264631296-1072572023244324864,1790932018000,1790945954000,1,155.62,53.682,2.898923288998174
1536014517601828864,1790908678000-632578958264631296-1536014517601828864,1790908678000,1790922938000,1,155.045,55.248,2.806345931074428
857602255610707968,1790928348000-632578958264631296-857602255610707968,1790928348000,1790941500000,1,154.805,41.086,3.767828457382077
1081533146517733376,1790930699000-632578958264631296-1081533146517733376,1790930699000,1790941941000,1,154.474,37.589,4.10955332677113
1501934002158698496,1790932420000-632578958264631296-1501934002158698496,1790932420000,1790947891000,1,154.422,60.805,2.539626675437875
1140670395897085952,1790914711000-632578958264631296-1140670395897085952,1790914711000,1790928065000,1,154.15,53.266,2.893966132241956
866648852977942528,1790901777000-632578958264631296-866648852977942528,1790901777000,1790913365000,1,152.857,30.956,4.9378795710040055
1094226778622263296,1790914931000-632578958264631296-1094226778622263296,1790914931000,1790928547000,1,151.826,48.84,3.1086404586404583
1537822792169291776,1790927869000-632578958264631296-1537822792169291776,1790927869000,1790940614000,1,151.686,44.649,3.397298931667003
1277220593376165888,1790903938000-632578958264631296-1277220593376165888,1790903938000,1790916556000,1,151.604,41.392,3.6626401236954003
1083016936570224640,1790935947000-632578958264631296-1083016936570224640,1790935947000,1790950398000,1,150.829,72.699,2.074705291682142
1545824186436419584,1790899535000-632578958264631296-1545824186436419584,1790899535000,1790912119000,1,150.431,36.51,4.120268419611066
1289307004661137408,1790931209000-632578958264631296-1289307004661137408,1790931209000,1790944573000,1,150.035,52.465,2.859716001143619
873570129613422592,1790940645000-632578958264631296-873570129613422592,1790940645000,1790951737000,1,149.667,36.409,4.110714383806202
847126508215468032,1790923861000-632578958264631296-847126508215468032,1790923861000,1790937238000,1,149.623,66.116,2.2630376913303887
1079787761596104704,1790984094000-632578958264631296-1079787761596104704,1790984094000,1790995804000,1,149.203,29.338,5.085656827322926
1501934002158698496,1790901526000-632578958264631296-1501934002158698496,1790901526000,1790916919000,1,148.766,66.858,2.225103951658739
1478688867300147200,1790928165000-632578958264631296-1478688867300147200,1790928165000,1790939500000,1,148.18,46.0,3.221304347826087
932333591893901312,1790925090000-632578958264631296-932333591893901312,1790925090000,1790938358000,1,148.178,53.867,2.750812185568159
946027748999036928,1790929268000-632578958264631296-946027748999036928,1790929268000,1790942540000,1,148.062,48.025,3.083019260801666
1111626569580806144,1790931617000-632578958264631296-1111626569580806144,1790931617000,1790946423000,1,147.663,62.324,2.369279892176369
1070334753032372224,1790946990000-632578958264631296-1070334753032372224,1790946990000,1790963402000,1,146.945,67.408,2.1799341324471873
866648789010612224,1790910010000-632578958264631296-866648789010612224,1790910010000,1790924248000,1,146.82,49.989,2.9370461501530336
1083727289243402240,1790937906000-632578958264631296-1083727289243402240,1790937906000,1790950573000,1,146.576,46.992,3.119169220292816
790970372676648960,1790906380000-632578958264631296-790970372676648960,1790906380000,1790916871000,1,146.5,42.585,3.4401784665962194
877447351826907136,1790899044000-632578958264631296-877447351826907136,1790899044000,1790910627000,1,146.271,31.875,4.588894117647058
1500491887742550016,1790984012000-632578958264631296-1500491887742550016,1790984012000,1790997419000,1,145.943,47.267,3.087629847462289
1061350361924632576,1790937171000-632578958264631296-1061350361924632576,1790937171000,1790957914000,1,145.818,68.91,2.116064431867654
1600618257994219520,1790938285000-632578958264631296-1600618257994219520,1790938285000,1790951047000,1,144.824,48.27,3.0002900352185624
1083040452048846848,1790901183000-632578958264631296-1083040452048846848,1790901183000,1790915397000,1,144.617,39.032,3.7050881328141014
1083778254826897408,1790902698000-632578958264631296-1083778254826897408,1790902698000,1790915166000,1,144.603,48.914,2.956270188494092
790970372676648960,1790932506000-632578958264631296-790970372676648960,1790932506000,1790942568000,1,144.2,35.494,4.062658477489153
1500145408670695424,1790921064000-632578958264631296-1500145408670695424,1790921064000,1790933649000,1,143.758,53.838,2.6701957725026935
1066703715756408832,1790942565000-632578958264631296-1066703715756408832,1790942565000,1790956408000,1,143.745,68.492,2.0987122583659406
1464628801508999168,1790911259000-632578958264631296-1464628801508999168,1790911259000,1790926222000,1,143.648,53.236,2.698324442106845
1385588909638942720,1790926298000-632578958264631296-1385588909638942720,1790926298000,1790938064000,1,143.138,39.268,3.645156361413874
1602017244622094336,1790964349000-632578958264631296-1602017244622094336,1790964349000,1790976484000,1,142.868,42.718,3.344444964651903
873109579045535744,1790905616000-632578958264631296-873109579045535744,1790905616000,1790917940000,1,142.765,39.24,3.638251783893985
1467925946630668288,1790931623000-632578958264631296-1467925946630668288,1790931623000,1790943841000,1,142.719,30.734,4.643684518773996
1536014702105067520,1790899374000-632578958264631296-1536014702105067520,1790899374000,1790911838000,1,142.611,51.346,2.777451018579831
1140670395897085952,1790984801000-632578958264631296-1140670395897085952,1790984801000,1790997665000,1,142.5,45.253,3.1489624997237753
1094584849307533312,1790898817000-632578958264631296-1094584849307533312,1790898817000,1790911750000,1,142.204,30.399,4.677917036744629
784445389880164352,1790910228000-632578958264631296-784445389880164352,1790910228000,1790920835000,1,142.134,45.917,3.095454842433085
942426738309201920,1790901249000-632578958264631296-942426738309201920,1790901249000,1790915287000,1,141.963,49.659,2.858756720836102
1067775256489361408,1790919571000-632578958264631296-1067775256489361408,1790919571000,1790930443000,1,141.769,31.821,4.455202539203671
1188192864341852160,1790947042000-632578958264631296-1188192864341852160,1790947042000,1790959227000,1,141.489,44.606,3.171972380397256
1132635709874634752,1790945092000-632578958264631296-1132635709874634752,1790945092000,1790958371000,1,141.4,32.11,4.403612581750234
1289307004661137408,1790916599000-632578958264631296-1289307004661137408,1790916599000,1790928265000,1,141.354,49.515,2.85477128142987
934473019407990784,1790918157000-632578958264631296-934473019407990784,1790918157000,1790929502000,1,141.245,51.41,2.7474226804123716
786545248472924160,1790893912000-632578958264631296-786545248472924160,1790893912000,1790906771000,1,141.09,42.585,3.3131384290243044
1593330894762934272,1790959471000-632578958264631296-1593330894762934272,1790959471000,1790970619000,1,141.052,46.998,3.001234095067875
1593690913639497728,1790959481000-632578958264631296-1593690913639497728,1790959481000,1790970587000,1,141.034,46.424,3.03795450628985
1471164933021368320,1790905604000-632578958264631296-1471164933021368320,1790905604000,1790919314000,1,140.968,47.0,2.99931914893617
1401196266230120448,1790901750000-632578958264631296-1401196266230120448,1790901750000,1790915592000,1,140.393,60.719,2.3121757604703634
932335222958063616,1790911908000-632578958264631296-932335222958063616,1790911908000,1790923869000,1,140.147,49.012,2.8594425854892678
1536014730089463808,1790932063000-632578958264631296-1536014730089463808,1790932063000,1790942681000,1,140.136,44.131,3.1754548956515825
1499777554695847936,1790982141000-632578958264631296-1499777554695847936,1790982141000,1790994487000,1,140.003,42.93,3.2611926391800603
1136692610564358144,1790903543000-632578958264631296-1136692610564358144,1790903543000,1790915564000,1,139.966,35.236,3.9722442956067665
1064550465066237952,1790926955000-632578958264631296-1064550465066237952,1790926955000,1790938388000,1,139.936,42.21,3.3152333570244017
1500484476822618112,1790926901000-632578958264631296-1500484476822618112,1790926901000,1790938109000,1,139.833,41.5,3.369469879518072
1083727986517082112,1790929532000-632578958264631296-1083727986517082112,1790929532000,1790940659000,1,139.768,52.879,2.6431664744038277
1070334753032372224,1790982871000-632578958264631296-1070334753032372224,1790982871000,1790996991000,1,139.755,56.562,2.470828471411902
961238953837461504,1790915940000-632578958264631296-961238953837461504,1790915940000,1790928981000,1,139.715,47.43,2.945709466582332
866686329780436992,1790910330000-632578958264631296-866686329780436992,1790910330000,1790925801000,1,139.504,44.392,3.142548206884123
940246634145513472,1790925270000-632578958264631296-940246634145513472,1790925270000,1790940596000,1,139.244,65.551,2.12420863144727
847126508215468032,1790897719000-632578958264631296-847126508215468032,1790897719000,1790909597000,1,139.166,53.182,2.6167876349140684
951556794549796864,1790945916000-632578958264631296-951556794549796864,1790945916000,1790960054000,1,138.868,54.695,2.538952372246092
1067765061260410880,1790914423000-632578958264631296-1067765061260410880,1790914423000,1790926605000,1,138.779,41.085,3.3778507971279055
1070334753032372224,1790928153000-632578958264631296-1070334753032372224,1790928153000,1790941666000,1,138.273,52.751,2.621239407783739
1050036836505747456,1790910925000-632578958264631296-1050036836505747456,1790910925000,1790922933000,1,138.143,32.236,4.285364189105349
870275474985582592,1790931425000-632578958264631296-870275474985582592,1790931425000,1790942531000,1,138.006,36.136,3.819072393181315
1535695002116554752,1790945048000-632578958264631296-1535695002116554752,1790945048000,1790958280000,1,137.887,28.551,4.829498091135162
1081223436249858048,1790939937000-632578958264631296-1081223436249858048,1790939937000,1790952705000,1,137.776,35.758,3.8530119134179763
1428367002015105024,1790923796000-632578958264631296-1428367002015105024,1790923796000,1790936150000,1,137.527,52.917,2.5989190619271687
1593330894762934272,1790928543000-632578958264631296-1593330894762934272,1790928543000,1790939354000,1,137.483,49.85,2.7579338014042127
1088492376734826496,1790916608000-632578958264631296-1088492376734826496,1790916608000,1790927362000,1,137.262,33.252,4.127932154456874
1067765446171688960,1790933444000-632578958264631296-1067765446171688960,1790933444000,1790944987000,1,136.774,42.517,3.2169249947079988
1593690913639497728,1790942145000-632578958264631296-1593690913639497728,1790942145000,1790953539000,1,136.769,48.337,2.8294887974015763
787647951882158080,1790936463000-632578958264631296-787647951882158080,1790936463000,1790949147000,1,136.718,41.409,3.301649399888913
1593330894762934272,1790942252000-632578958264631296-1593330894762934272,1790942252000,1790953579000,1,136.699,48.806,2.8008646477892065
1083726423769743360,1790922642000-632578958264631296-1083726423769743360,1790922642000,1790936408000,1,136.441,54.477,2.504561558088735
1181865772805259264,1790985555000-632578958264631296-1181865772805259264,1790985555000,1791000191000,1,136.327,55.154,2.471751822170649
1071481767405289472,1790922478000-632578958264631296-1071481767405289472,1790922478000,1790934395000,1,136.325,45.681,2.984282305553731
1545823852121030656,1790913334000-632578958264631296-1545823852121030656,1790913334000,1790924479000,1,136.122,39.829,3.417660498631651
1046837731746906112,1790900402000-632578958264631296-1046837731746906112,1790900402000,1790912737000,1,134.904,43.611,3.0933480085299583
1540361934212169728,1790921088000-632578958264631296-1540361934212169728,1790921088000,1790931546000,1,134.823,29.271,4.606026442554064
870275474985582592,1790944382000-632578958264631296-870275474985582592,1790944382000,1790956494000,1,134.731,35.229,3.8244344148286924
1537822792169291776,1790891656000-632578958264631296-1537822792169291776,1790891656000,1790905208000,1,134.493,68.183,1.972529809483302
1131240144423092224,1790904166000-632578958264631296-1131240144423092224,1790904166000,1790918177000,1,134.304,53.955,2.4891854323046987
789852612550721536,1790899033000-632578958264631296-789852612550721536,1790899033000,1790911810000,1,134.195,47.255,2.839805311607237
1082007973238145024,1790928358000-632578958264631296-1082007973238145024,1790928358000,1790940578000,1,133.672,49.849,2.6815382455014145
1593406240992526336,1790944888000-632578958264631296-1593406240992526336,1790944888000,1790957764000,1,133.371,47.39,2.814327917282127
1067775256489361408,1790905750000-632578958264631296-1067775256489361408,1790905750000,1790917021000,1,133.212,29.956,4.446922152490319
1540361603277389824,1790934136000-632578958264631296-1540361603277389824,1790934136000,1790944551000,1,133.114,40.827,3.2604403948367504
1067767656859303936,1790913740000-632578958264631296-1067767656859303936,1790913740000,1790925305000,1,133.037,48.698,2.7318781058770383
947452563299500032,1790983367000-632578958264631296-947452563299500032,1790983367000,1790995377000,1,132.867,56.918,2.334358199515092
1083728919393206272,1790914677000-632578958264631296-1083728919393206272,1790914677000,1790928209000,1,132.789,26.067,5.094142018644263
947104127047958528,1790911636000-632578958264631296-947104127047958528,1790911636000,1790923825000,1,132.558,40.716,3.2556734453286174
934473019407990784,1790904787000-632578958264631296-934473019407990784,1790904787000,1790915685000,1,132.509,46.876,2.8267983616349515
1389243774684626944,1790928050000-632578958264631296-1389243774684626944,1790928050000,1790942579000,1,132.401,51.534,2.5691970349672064
1060533930890887168,1790931496000-632578958264631296-1060533930890887168,1790931496000,1790942036000,1,132.4,49.734,2.662162705593759
1050467664377413632,1790911544000-632578958264631296-1050467664377413632,1790911544000,1790922861000,1,132.255,44.861,2.948106373018881
1050037048276156416,1790985357000-632578958264631296-1050037048276156416,1790985357000,1790996665000,1,132.115,39.69,3.328672209624591
932613192947859456,1790923652000-632578958264631296-932613192947859456,1790923652000,1790933292000,1,132.1,28.766,4.592226934575541
940246123384143872,1790939973000-632578958264631296-940246123384143872,1790939973000,1790951714000,1,132.098,56.472,2.3391769372432356
1593693995681185792,1790958659000-632578958264631296-1593693995681185792,1790958659000,1790970574000,1,132.063,28.284,4.669176919813322
938442824968306688,1790927137000-632578958264631296-938442824968306688,1790927137000,1790938298000,1,131.956,33.391,3.9518433110718454
1406586435233906688,1790934586000-632578958264631296-1406586435233906688,1790934586000,1790945570000,1,131.743,38.324,3.4376108965661203
1083727852433571840,1790945953000-632578958264631296-1083727852433571840,1790945953000,1790959268000,1,131.403,55.967,2.34786570657709
1389244302743306240,1790914005000-632578958264631296-1389244302743306240,1790914005000,1790927500000,1,131.385,46.55,2.8224489795918366
1385589008028925952,1790945960000-632578958264631296-1385589008028925952,1790945960000,1790959803000,1,131.366,49.462,2.655897456633375
1385588705250508800,1790944187000-632578958264631296-1385588705250508800,1790944187000,1790957874000,1,131.073,40.911,3.2038571533328444
1536432469593554944,1790927221000-632578958264631296-1536432469593554944,1790927221000,1790938921000,1,131.016,45.196,2.8988406053633065
1061350361924632576,1790923405000-632578958264631296-1061350361924632576,1790923405000,1790935253000,1,130.878,48.284,2.7105873581310576
1131240373310455808,1790945148000-632578958264631296-1131240373310455808,1790945148000,1790961250000,1,130.681,54.39,2.40266593123736
1071481767405289472,1790900301000-632578958264631296-1071481767405289472,1790900301000,1790911813000,1,130.679,36.376,3.5924510666373437
915980150607183872,1790933899000-632578958264631296-915980150607183872,1790933899000,1790945110000,1,130.65,28.75,4.544347826086956
812260483275948032,1790906467000-632578958264631296-812260483275948032,1790906467000,1790917034000,1,130.547,47.819,2.730023630774378
1536014681523617792,1790913390000-632578958264631296-1536014681523617792,1790913390000,1790924228000,1,129.891,44.15,2.9420385050962627
1067767656859303936,1790950441000-632578958264631296-1067767656859303936,1790950441000,1790961876000,1,129.656,43.703,2.9667528544951147
812260483275948032,1790932664000-632578958264631296-812260483275948032,1790932664000,1790942665000,1,129.638,39.81,3.2564179854307964
1536014603211767808,1790903116000-632578958264631296-1536014603211767808,1790903116000,1790913992000,1,129.086,48.36,2.669272125723739
866648789010612224,1790894671000-632578958264631296-866648789010612224,1790894671000,1790907925000,1,128.805,53.975,2.386382584529875
847126508215468032,1790939052000-632578958264631296-847126508215468032,1790939052000,1790950268000,1,128.614,52.711,2.4399840640473527
947093103351693312,1790899192000-632578958264631296-947093103351693312,1790899192000,1790913662000,1,128.567,63.565,2.0226067804609458
901057526324264960,1790947815000-632578958264631296-901057526324264960,1790947815000,1790962093000,1,128.489,60.148,2.1362140054532155
1082007973238145024,1790912950000-632578958264631296-1082007973238145024,1790912950000,1790924875000,1,128.326,43.33,2.96159704592661
1389244302743306240,1790945054000-632578958264631296-1389244302743306240,1790945054000,1790960602000,1,128.12,48.0,2.669166666666667
1050037537222950912,1790899673000-632578958264631296-1050037537222950912,1790899673000,1790911256000,1,127.989,40.651,3.1484834321418904
1083728245179809792,1790899578000-632578958264631296-1083728245179809792,1790899578000,1790911301000,1,127.921,46.391,2.7574529542368134
1083727852433571840,1790925531000-632578958264631296-1083727852433571840,1790925531000,1790936300000,1,127.664,47.243,2.702283936244523
1063501597117513728,1790937058000-632578958264631296-1063501597117513728,1790937058000,1790948579000,1,127.346,45.305,2.8108597285067876
790970372676648960,1790945181000-632578958264631296-790970372676648960,1790945181000,1790955210000,1,127.3,34.02,3.741916519694297
1599470599497842688,1790965012000-632578958264631296-1599470599497842688,1790965012000,1790975340000,1,126.934,28.449,4.461808850926219
873821465244336128,1790931033000-632578958264631296-873821465244336128,1790931033000,1790940333000,1,126.605,34.186,3.703416603287896
1079796452147855360,1790930704000-632578958264631296-1079796452147855360,1790930704000,1790943978000,1,126.571,36.451,3.4723601547282654
790193276584984576,1790928026000-632578958264631296-790193276584984576,1790928026000,1790940401000,1,126.125,37.986,3.3203022166061182
1131631502098956288,1790923762000-632578958264631296-1131631502098956288,1790923762000,1790934974000,1,125.935,35.875,3.510383275261324
1066703715756408832,1790895845000-632578958264631296-1066703715756408832,1790895845000,1790909873000,1,125.929,70.711,1.7808968901585327
1454186236603269120,1790913814000-632578958264631296-1454186236603269120,1790913814000,1790925684000,1,125.824,39.67,3.171767078396773
1094226778622263296,1790931595000-632578958264631296-1094226778622263296,1790931595000,1790941871000,1,125.703,44.159,2.846599787132861
1089902742123577344,1790908864000-632578958264631296-1089902742123577344,1790908864000,1790919165000,1,125.606,30.974,4.055207593465487
1081533146517733376,1790947086000-632578958264631296-1081533146517733376,1790947086000,1790957770000,1,125.604,35.543,3.533860394451791
942426738309201920,1790924266000-632578958264631296-942426738309201920,1790924266000,1790936455000,1,125.53,37.916,3.310739529486233
787647951882158080,1790905433000-632578958264631296-787647951882158080,1790905433000,1790916722000,1,125.451,34.07,3.682154388024655
947452563299500032,1790937738000-632578958264631296-947452563299500032,1790937738000,1790948128000,1,125.418,40.228,3.1176792283981305
1540361293100220416,1790901200000-632578958264631296-1540361293100220416,1790901200000,1790911144000,1,125.4,38.493,3.2577351726287898
1094584670655348736,1790908337000-632578958264631296-1094584670655348736,1790908337000,1790920388000,1,125.237,34.765,3.602387458650942
939139369715892224,1790983937000-632578958264631296-939139369715892224,1790983937000,1790995409000,1,125.204,47.895,2.6141350871698505
1101524127430213632,1790908323000-632578958264631296-1101524127430213632,1790908323000,1790920109000,1,125.14,42.312,2.95755341274343
1072572023244324864,1790947900000-632578958264631296-1072572023244324864,1790947900000,1790959905000,1,125.059,44.089,2.8365125087890406
1499777554695847936,1790904212000-632578958264631296-1499777554695847936,1790904212000,1790920427000,1,124.851,54.165,2.3050124619219052
1362128357327634432,1790939234000-632578958264631296-1362128357327634432,1790939234000,1790953066000,1,124.739,40.78,3.0588278567925453
1094584670655348736,1790925627000-632578958264631296-1094584670655348736,1790925627000,1790938253000,1,124.631,39.043,3.1921471198422253
1536014695108968448,1790940194000-632578958264631296-1536014695108968448,1790940194000,1790952265000,1,124.496,41.598,2.9928361940477908
1469693281720860672,1790925813000-632578958264631296-1469693281720860672,1790925813000,1790936570000,1,124.487,24.519,5.077164647824136
1083040210243026944,1790945942000-632578958264631296-1083040210243026944,1790945942000,1790957058000,1,124.423,41.296,3.0129552499031385
1083727289243402240,1790983816000-632578958264631296-1083727289243402240,1790983816000,1790996208000,1,124.347,28.288,4.39575084841629
1441118393376702464,1790898427000-632578958264631296-1441118393376702464,1790898427000,1790910027000,1,124.272,40.234,3.0887309240940497
1536014695108968448,1790898584000-632578958264631296-1536014695108968448,1790898584000,1790909393000,1,124.178,34.2,3.6309356725146196
933392054296248320,1790981373000-632578958264631296-933392054296248320,1790981373000,1790991431000,1,124.163,34.486,3.6003885634750334
1536014625517076480,1790900073000-632578958264631296-1536014625517076480,1790900073000,1790910406000,1,124.157,35.96,3.4526418242491657
1362128357327634432,1790897373000-632578958264631296-1362128357327634432,1790897373000,1790910693000,1,124.025,32.39,3.829113924050633
1471148657502846976,1790927303000-632578958264631296-1471148657502846976,1790927303000,1790938563000,1,123.568,34.577,3.5737050640599244
936665179544879104,1790932304000-632578958264631296-936665179544879104,1790932304000,1790944985000,1,123.483,45.61,2.7073668055251043
1050037649940676608,1790939861000-632578958264631296-1050037649940676608,1790939861000,1790951445000,1,123.391,46.943,2.62852821506934
1135529735623802880,1790936935000-632578958264631296-1135529735623802880,1790936935000,1790948085000,1,123.138,39.373,3.1274731414929016
947093723013971968,1790941643000-632578958264631296-947093723013971968,1790941643000,1790952594000,1,123.007,42.07,2.923864986926551
871764525957775360,1790936456000-632578958264631296-871764525957775360,1790936456000,1790948017000,1,122.989,34.556,3.559121426090983
1506655599683698688,1790949615000-632578958264631296-1506655599683698688,1790949615000,1790964119000,1,122.85,48.228,2.547275441652152
789852612550721536,1790968085000-632578958264631296-789852612550721536,1790968085000,1790984178000,1,122.779,50.161,2.447698411116206
906553960083488768,1790921728000-632578958264631296-906553960083488768,1790921728000,1790936437000,1,122.761,48.575,2.5272465259907357
1120316585941139456,1790907964000-632578958264631296-1120316585941139456,1790907964000,1790919380000,1,121.978,40.832,2.9873138714733543
929711155667009536,1790933091000-632578958264631296-929711155667009536,1790933091000,1790944955000,1,121.829,33.584,3.627590519294902
866686265431425024,1790905027000-632578958264631296-866686265431425024,1790905027000,1790913674000,1,121.77,30.507,3.9915429245746874
1385589008028925952,1790900909000-632578958264631296-1385589008028925952,1790900909000,1790915144000,1,121.743,51.111,2.381933438985737
1389243940330274816,1790946372000-632578958264631296-1389243940330274816,1790946372000,1790959137000,1,121.495,38.607,3.1469681663946956
938815830156640256,1790929678000-632578958264631296-938815830156640256,1790929678000,1790940757000,1,121.269,42.525,2.851710758377425
1083726789898928128,1790944138000-632578958264631296-1083726789898928128,1790944138000,1790955967000,1,121.201,30.387,3.988580643038141
1134878026966761472,1790936641000-632578958264631296-1134878026966761472,1790936641000,1790947680000,1,121.127,48.439,2.5006090133982948
1464253789857906688,1790905419000-632578958264631296-1464253789857906688,1790905419000,1790915141000,1,120.918,24.035,5.030913251508218
1536014609964597248,1790905431000-632578958264631296-1536014609964597248,1790905431000,1790915113000,1,120.907,27.211,4.443313365918195
1050766698002513920,1790920171000-632578958264631296-1050766698002513920,1790920171000,1790930708000,1,120.761,24.662,4.896642608060985
932613192947859456,1790935758000-632578958264631296-932613192947859456,1790935758000,1790945156000,1,120.661,25.736,4.688413117811626
780451558935494656,1790925280000-632578958264631296-780451558935494656,1790925280000,1790935704000,1,120.63,41.961,2.874812325731036
1536014589357981696,1790918216000-632578958264631296-1536014589357981696,1790918216000,1790932908000,1,120.586,55.77,2.162201900663439
1524760784293330944,1790901382000-632578958264631296-1524760784293330944,1790901382000,1790914411000,1,120.215,58.193,2.0657982918907773
1134878026966761472,1790903195000-632578958264631296-1134878026966761472,1790903195000,1790914100000,1,120.168,50.658,2.3721426033400452
1132636490090676224,1790901427000-632578958264631296-1132636490090676224,1790901427000,1790912968000,1,120.084,34.045,3.52721398149508
1389244302743306240,1790929924000-632578958264631296-1389244302743306240,1790929924000,1790943308000,1,119.949,47.256,2.5382808532249874
1188144161019133952,1790925541000-632578958264631296-1188144161019133952,1790925541000,1790936813000,1,119.916,24.205,4.954183020037183
1536022277991170048,1790913600000-632578958264631296-1536022277991170048,1790913600000,1790926131000,1,119.73,42.489,2.8179058109157666
1389243594644127744,1790935030000-632578958264631296-1389243594644127744,1790935030000,1790947200000,1,119.532,35.156,3.400045511434748
932333591893901312,1790898805000-632578958264631296-932333591893901312,1790898805000,1790909599000,1,119.316,53.126,2.2459059594172346
1441118393376702464,1790937271000-632578958264631296-1441118393376702464,1790937271000,1790951073000,1,119.273,44.609,2.673742966665919
1065671842468986880,1790933702000-632578958264631296-1065671842468986880,1790933702000,1790943015000,1,119.0,23.393,5.0869918351643655
996808469547843584,1790928317000-632578958264631296-996808469547843584,1790928317000,1790938623000,1,118.98,39.831,2.987120584469383
1173302979768352768,1790900669000-632578958264631296-1173302979768352768,1790900669000,1790911166000,1,118.811,41.707,2.848706452154315
1181865772805259264,1790906174000-632578958264631296-1181865772805259264,1790906174000,1790917341000,1,118.702,43.109,2.7535317451112293
1131240373310455808,1790930417000-632578958264631296-1131240373310455808,1790930417000,1790942102000,1,118.548,42.408,2.795415959252971
866648852977942528,1790923792000-632578958264631296-866648852977942528,1790923792000,1790933786000,1,117.995,24.866,4.7452344566878475
1152270574152581120,1790922318000-632578958264631296-1152270574152581120,1790922318000,1790932398000,1,117.873,30.733,3.8353886701591122
1120316721542987776,1790938319000-632578958264631296-1120316721542987776,1790938319000,1790948594000,1,117.765,39.07,3.014205272587663
1050467664377413632,1790924668000-632578958264631296-1050467664377413632,1790924668000,1790937005000,1,117.669,47.16,2.4951017811704834
1211337321434054656,1790929893000-632578958264631296-1211337321434054656,1790929893000,1790938085000,1,117.163,36.738,3.189150198704339
1067763772824748032,1790900193000-632578958264631296-1067763772824748032,1790900193000,1790912311000,1,117.151,50.085,2.3390436258360787
873821465244336128,1790921019000-632578958264631296-873821465244336128,1790921019000,1790929195000,1,117.046,27.131,4.314105635619771
1081533146517733376,1790918093000-632578958264631296-1081533146517733376,1790918093000,1790927418000,1,117.0,32.213,3.6320740073883213
1050036987500691456,1790913234000-632578958264631296-1050036987500691456,1790913234000,1790924199000,1,116.925,56.063,2.085600128426948
952249131684855808,1790905193000-632578958264631296-952249131684855808,1790905193000,1790918646000,1,116.848,36.564,3.1957116289246255
1536014681523617792,1790898565000-632578958264631296-1536014681523617792,1790898565000,1790910356000,1,116.655,48.43,2.4087342556266775
939548220361539584,1790907033000-632578958264631296-939548220361539584,1790907033000,1790918288000,1,116.413,42.408,2.7450716845878134
966356141711818752,1790907067000-632578958264631296-966356141711818752,1790907067000,1790918512000,1,116.35,41.027,2.8359373095766203
1087441747748847616,1790983912000-632578958264631296-1087441747748847616,1790983912000,1790993401000,1,116.294,47.346,2.456258184429519
1079026604165824512,1790950236000-632578958264631296-1079026604165824512,1790950236000,1790961647000,1,116.232,43.294,2.684713817157112
780116044227280896,1790933379000-632578958264631296-780116044227280896,1790933379000,1790942573000,1,116.195,33.534,3.464990755650981
1050467664377413632,1790940685000-632578958264631296-1050467664377413632,1790940685000,1790951513000,1,116.044,40.836,2.8417082966010385
1072871041421803520,1790896645000-632578958264631296-1072871041421803520,1790896645000,1790908286000,1,115.956,42.089,2.7550191261374706
1536014596580573184,1790924523000-632578958264631296-1536014596580573184,1790924523000,1790934256000,1,115.605,44.111,2.6207748634127546
1536393085787832320,1790924469000-632578958264631296-1536393085787832320,1790924469000,1790934191000,1,115.599,24.301,4.756964733961566
1182027923075366912,1790944853000-632578958264631296-1182027923075366912,1790944853000,1790955431000,1,115.574,37.558,3.077213909153842
1067775256489361408,1790932766000-632578958264631296-1067775256489361408,1790932766000,1790942196000,1,115.525,23.694,4.875706930024479
1067793936933715968,1790941855000-632578958264631296-1067793936933715968,1790941855000,1790951307000,1,115.5,43.97,2.6267909938594496
1464628801508999168,1790928444000-632578958264631296-1464628801508999168,1790928444000,1790940868000,1,115.468,47.717,2.419850367793449
1120316721542987776,1790905218000-632578958264631296-1120316721542987776,1790905218000,1790916808000,1,115.348,47.81,2.4126333403053755
1362453820235317248,1790933817000-632578958264631296-1362453820235317248,1790933817000,1790945099000,1,115.243,51.0,2.2596666666666665
1050037048276156416,1790930272000-632578958264631296-1050037048276156416,1790930272000,1790942615000,1,115.154,33.09,3.4800241764883646
1132636490090676224,1790933091000-632578958264631296-1132636490090676224,1790933091000,1790945503000,1,114.996,35.229,3.2642425274631695
1540361934212169728,1790935806000-632578958264631296-1540361934212169728,1790935806000,1790945382000,1,114.839,23.952,4.794547428189713
964171206683000832,1790927602000-632578958264631296-964171206683000832,1790927602000,1790938922000,1,114.789,35.306,3.2512604089956385
1050037537222950912,1790913636000-632578958264631296-1050037537222950912,1790913636000,1790924464000,1,114.605,40.293,2.844290571563299
871764525957775360,1790922213000-632578958264631296-871764525957775360,1790922213000,1790933618000,1,114.459,30.606,3.7397569104097235
1135529735623802880,1790922224000-632578958264631296-1135529735623802880,1790922224000,1790933941000,1,114.412,37.583,3.044248729478754
946025929669345280,1790948586000-632578958264631296-946025929669345280,1790948586000,1790960912000,1,114.27,48.63,2.3497840838988275
1467925946630668288,1790897115000-632578958264631296-1467925946630668288,1790897115000,1790908510000,1,114.245,28.698,3.9809394382883827
1428064485414797312,1790933490000-632578958264631296-1428064485414797312,1790933490000,1790943762000,1,114.007,42.5,2.6825176470588237
1083778254826897408,1790923847000-632578958264631296-1083778254826897408,1790923847000,1790932842000,1,113.972,41.766,2.7288224871905378
1083040452048846848,1790923681000-632578958264631296-1083040452048846848,1790923681000,1790933639000,1,113.943,31.35,3.6345454545454543
873900831743672320,1790914971000-632578958264631296-873900831743672320,1790914971000,1790926869000,1,113.845,32.684,3.483202790356138
1050036987500691456,1790941123000-632578958264631296-1050036987500691456,1790941123000,1790952160000,1,113.794,36.201,3.143393828899754
1079787761596104704,1790948439000-632578958264631296-1079787761596104704,1790948439000,1790957539000,1,113.709,20.253,5.614427492223374
947583451614150656,1790915141000-632578958264631296-947583451614150656,1790915141000,1790924550000,1,113.662,41.836,2.7168467348694905
871764433825693696,1790948090000-632578958264631296-871764433825693696,1790948090000,1790957404000,1,113.489,25.444,4.460344285489703
931892603408875520,1790915093000-632578958264631296-931892603408875520,1790915093000,1790924225000,1,113.441,38.076,2.9793308120600903
812260483275948032,1790945317000-632578958264631296-812260483275948032,1790945317000,1790955604000,1,113.401,38.182,2.970012047561678
1389243940330274816,1790932222000-632578958264631296-1389243940330274816,1790932222000,1790944369000,1,113.319,40.535,2.795584063155298
1050036836505747456,1790926239000-632578958264631296-1050036836505747456,1790926239000,1790935749000,1,113.274,29.233,3.8748674443266173
947102733284933632,1790945750000-632578958264631296-947102733284933632,1790945750000,1790957667000,1,113.068,36.803,3.0722495448740594
1389243940330274816,1790914758000-632578958264631296-1389243940330274816,1790914758000,1790926366000,1,112.968,40.838,2.766247122777805
1060630916881186816,1790914915000-632578958264631296-1060630916881186816,1790914915000,1790924193000,1,112.9,38.732,2.914902406279046
901057526324264960,1790932122000-632578958264631296-901057526324264960,1790932122000,1790941705000,1,112.726,44.465,2.535162487349601
818154714091749376,1790912095000-632578958264631296-818154714091749376,1790912095000,1790921096000,1,112.698,32.843,3.4314161312912943
1536402078727929856,1790927740000-632578958264631296-1536402078727929856,1790927740000,1790938682000,1,112.612,23.787,4.734182536679699
1083728245179809792,1790913747000-632578958264631296-1083728245179809792,1790913747000,1790924085000,1,112.61,43.908,2.5646806960007287
1067765061260410880,1790931142000-632578958264631296-1067765061260410880,1790931142000,1790942119000,1,112.5,41.175,2.7322404371584703
871764525957775360,1790984747000-632578958264631296-871764525957775360,1790984747000,1790997411000,1,112.499,38.996,2.884885629295312
947583099720433664,1790909730000-632578958264631296-947583099720433664,1790909730000,1790917693000,1,112.293,20.88,5.378017241379311
1050036721544069120,1790913799000-632578958264631296-1050036721544069120,1790913799000,1790924513000,1,112.24,48.962,2.2923900167476816
1506655599683698688,1790897766000-632578958264631296-1506655599683698688,1790897766000,1790909163000,1,111.945,42.347,2.643516659975913
946030376206204928,1790933560000-632578958264631296-946030376206204928,1790933560000,1790947693000,1,111.741,40.599,2.7523091701766056
951556794549796864,1790932857000-632578958264631296-951556794549796864,1790932857000,1790943572000,1,111.551,39.681,2.8111942743378444
1140670395897085952,1790935918000-632578958264631296-1140670395897085952,1790935918000,1790945828000,1,111.528,35.712,3.122983870967742
1422205521707925504,1790899557000-632578958264631296-1422205521707925504,1790899557000,1790909717000,1,111.524,42.598,2.6180571857833703
1083016936570224640,1790983553000-632578958264631296-1083016936570224640,1790983553000,1790993003000,1,111.488,35.199,3.1673627091678744
1071019405950844928,1790954692000-632578958264631296-1071019405950844928,1790954692000,1790969836000,1,111.159,53.57,2.0750233339555724
951561875261227008,1790907372000-632578958264631296-951561875261227008,1790907372000,1790917293000,1,111.125,59.975,1.8528553563984993
1067775063052255232,1790928952000-632578958264631296-1067775063052255232,1790928952000,1790938987000,1,110.968,31.759,3.494064674580434
862693652038680576,1790919737000-632578958264631296-862693652038680576,1790919737000,1790929342000,1,110.535,31.634,3.4941834734779036
1067764977248501760,1790948996000-632578958264631296-1067764977248501760,1790948996000,1790959356000,1,110.456,42.081,2.6248425655283856
1050037649940676608,1790928837000-632578958264631296-1050037649940676608,1790928837000,1790937791000,1,110.384,40.475,2.72721432983323
946030864989421568,1790913526000-632578958264631296-946030864989421568,1790913526000,1790923762000,1,110.338,28.842,3.8256015532903405
1500145408670695424,1790899377000-632578958264631296-1500145408670695424,1790899377000,1790908483000,1,110.168,40.817,2.6990714653208223
1046442314819436544,1790897157000-632578958264631296-1046442314819436544,1790897157000,1790906498000,1,110.032,34.389,3.1996277879554507
1065321017443876864,1790984013000-632578958264631296-1065321017443876864,1790984013000,1790993259000,1,109.816,30.932,3.550239234449761
1454186236603269120,1790901088000-632578958264631296-1454186236603269120,1790901088000,1790911727000,1,109.81,36.328,3.022737282536886
1355523374926790656,1790910763000-632578958264631296-1355523374926790656,1790910763000,1790921067000,1,109.541,20.37,5.377565046637211
1389244302743306240,1790899140000-632578958264631296-1389244302743306240,1790899140000,1790911444000,1,109.435,36.58,2.9916621104428653
1464260641047969792,1790927310000-632578958264631296-1464260641047969792,1790927310000,1790937373000,1,109.38,38.581,2.835074259350457
862693652038680576,1790943809000-632578958264631296-862693652038680576,1790943809000,1790953413000,1,109.219,35.782,3.0523447543457607
951556794549796864,1790982976000-632578958264631296-951556794549796864,1790982976000,1790994393000,1,109.168,45.3,2.409889624724062
1063488404655702016,1790921797000-632578958264631296-1063488404655702016,1790921797000,1790932031000,1,109.134,42.336,2.5778061224489797
964171206683000832,1790940998000-632578958264631296-964171206683000832,1790940998000,1790952463000,1,109.096,30.591,3.566277663365042
1600618257994219520,1790902528000-632578958264631296-1600618257994219520,1790902528000,1790916232000,1,108.967,39.685,2.745798160514048
1136252936335130624,1790900026000-632578958264631296-1136252936335130624,1790900026000,1790912128000,1,108.866,43.98,2.4753524329240566
1131240144423092224,1790927795000-632578958264631296-1131240144423092224,1790927795000,1790938212000,1,108.823,46.794,2.325575928537847
1063501597117513728,1790906387000-632578958264631296-1063501597117513728,1790906387000,1790915910000,1,108.734,37.43,2.9049959925193694
1188192864341852160,1790910908000-632578958264631296-1188192864341852160,1790910908000,1790920602000,1,108.7,35.118,3.0952787744176775
1076924285072703488,1790939767000-632578958264631296-1076924285072703488,1790939767000,1790950422000,1,108.617,33.169,3.2746540444390853
932335222958063616,1790899575000-632578958264631296-932335222958063616,1790899575000,1790909330000,1,108.57,37.384,2.9041836079606247
1060533930890887168,1790942695000-632578958264631296-1060533930890887168,1790942695000,1790951098000,1,108.5,39.644,2.7368580365250734
1132636490090676224,1790916499000-632578958264631296-1132636490090676224,1790916499000,1790928626000,1,108.499,33.063,3.281583643347548
1482772108667781120,1790915460000-632578958264631296-1482772108667781120,1790915460000,1790925355000,1,108.493,35.419,3.063129958496852
1082007973238145024,1790942363000-632578958264631296-1082007973238145024,1790942363000,1790953089000,1,108.48,40.5,2.6785185185185187
1046442314819436544,1790918545000-632578958264631296-1046442314819436544,1790918545000,1790932703000,1,108.378,51.492,2.104754136564903
906553960083488768,1790897756000-632578958264631296-906553960083488768,1790897756000,1790908800000,1,108.338,37.209,2.91160740681018
1593690913639497728,1790930759000-632578958264631296-1593690913639497728,1790930759000,1790939278000,1,108.317,38.204,2.8352266778347817
1067775201233600512,1790901645000-632578958264631296-1067775201233600512,1790901645000,1790909734000,1,108.225,25.745,4.203728879394057
946032744595456000,1790936385000-632578958264631296-946032744595456000,1790936385000,1790945862000,1,108.167,35.534,3.0440423256599316
1500491887742550016,1790927606000-632578958264631296-1500491887742550016,1790927606000,1790939513000,1,107.967,41.649,2.592307138226608
935951856658546688,1790941154000-632578958264631296-935951856658546688,1790941154000,1790951848000,1,107.654,45.883,2.3462720397532855
1571542304466927616,1790898065000-632578958264631296-1571542304466927616,1790898065000,1790907813000,1,107.533,26.803,4.011976271312912
1067765061260410880,1790898493000-632578958264631296-1067765061260410880,1790898493000,1790910300000,1,107.414,46.939,2.2883742729926073
1081223436249858048,1790906775000-632578958264631296-1081223436249858048,1790906775000,1790916749000,1,107.376,28.111,3.819714702429654
1067793936933715968,1790907684000-632578958264631296-1067793936933715968,1790907684000,1790915694000,1,107.375,33.496,3.205606639598758
1363836271826305024,1790929773000-632578958264631296-1363836271826305024,1790929773000,1790939969000,1,107.338,38.122,2.8156445097319134
946033927888306176,1790916251000-632578958264631296-946033927888306176,1790916251000,1790927044000,1,107.318,54.422,1.971959869170556
906553960083488768,1790939566000-632578958264631296-906553960083488768,1790939566000,1790954189000,1,107.26,45.328,2.366307800917755
780452749606125568,1790927445000-632578958264631296-780452749606125568,1790927445000,1790936139000,1,107.035,35.728,2.9958296014330497
964171206683000832,1790900383000-632578958264631296-964171206683000832,1790900383000,1790910481000,1,106.962,34.264,3.121702077982722
1083016936570224640,1790900718000-632578958264631296-1083016936570224640,1790900718000,1790910201000,1,106.9,36.773,2.907024175346042
1050036836505747456,1790899605000-632578958264631296-1050036836505747456,1790899605000,1790908918000,1,106.841,22.509,4.746590252787773
1183367596062277632,1790899948000-632578958264631296-1183367596062277632,1790899948000,1790910059000,1,106.765,36.585,2.9182725160584937
1479440816106635264,1790911260000-632578958264631296-1479440816106635264,1790911260000,1790920911000,1,106.622,33.142,3.217126304990646
947093723013971968,1790900465000-632578958264631296-947093723013971968,1790900465000,1790911238000,1,106.621,42.158,2.5290810759523694
1050037048276156416,1790918922000-632578958264631296-1050037048276156416,1790918922000,1790927953000,1,106.311,26.749,3.9743915660398526
932612842287267840,1790935155000-632578958264631296-932612842287267840,1790935155000,1790945128000,1,106.246,25.585,4.15266757865937
1079787761596104704,1790937526000-632578958264631296-1079787761596104704,1790937526000,1790946666000,1,106.212,20.415,5.202645113886848
966384365741277184,1790927638000-632578958264631296-966384365741277184,1790927638000,1790936047000,1,106.033,45.945,2.307824572858853
1422205634715058176,1790918490000-632578958264631296-1422205634715058176,1790918490000,1790931412000,1,105.718,42.992,2.4590156308150357
1385305128772304896,1790899537000-632578958264631296-1385305128772304896,1790899537000,1790908689000,1,105.223,30.065,3.4998503242973555
1083726423769743360,1790898852000-632578958264631296-1083726423769743360,1790898852000,1790911790000,1,105.178,44.576,2.3595208183776024
951558414842986496,1790912975000-632578958264631296-951558414842986496,1790912975000,1790924479000,1,105.142,46.78,2.247584437793929
1177288436235632640,1790925130000-632578958264631296-1177288436235632640,1790925130000,1790934887000,1,105.03,27.29,3.8486625137412975
951561875261227008,1790895527000-632578958264631296-951561875261227008,1790895527000,1790905435000,1,104.432,41.992,2.486949895218137
1506655599683698688,1790921527000-632578958264631296-1506655599683698688,1790921527000,1790930133000,1,104.293,32.828,3.176952601437797
952162532812914688,1790913029000-632578958264631296-952162532812914688,1790913029000,1790923903000,1,104.17,37.604,2.770184022976279
1362453820235317248,1790901753000-632578958264631296-1362453820235317248,1790901753000,1790911155000,1,104.062,32.5,3.2019076923076923
1477629723302428672,1790985537000-632578958264631296-1477629723302428672,1790985537000,1790998421000,1,104.05,30.358,3.427432637196126
1536014625517076480,1790936829000-632578958264631296-1536014625517076480,1790936829000,1790947459000,1,104.031,37.335,2.7864202490960226
1540361603277389824,1790920398000-632578958264631296-1540361603277389824,1790920398000,1790929048000,1,104.03,33.287,3.125244089284105
1153273376152748032,1790985058000-632578958264631296-1153273376152748032,1790985058000,1790994075000,1,104.006,20.632,5.041004265219077
1536014730089463808,1790949536000-632578958264631296-1536014730089463808,1790949536000,1790958033000,1,103.868,38.57,2.692973813844957
1536014603211767808,1790915979000-632578958264631296-1536014603211767808,1790915979000,1790924333000,1,103.852,36.79,2.8228322913835284
1067764779667423232,1790931623000-632578958264631296-1067764779667423232,1790931623000,1790943110000,1,103.775,48.733,2.129460529825786
964171206683000832,1790913269000-632578958264631296-964171206683000832,1790913269000,1790923990000,1,103.747,33.561,3.091296445278746
1083727289243402240,1790902852000-632578958264631296-1083727289243402240,1790902852000,1790916065000,1,103.522,39.57,2.616173869092747
1132636252537880576,1790916944000-632578958264631296-1132636252537880576,1790916944000,1790926558000,1,103.474,21.552,4.801132145508538
1083727289243402240,1790922790000-632578958264631296-1083727289243402240,1790922790000,1790934105000,1,103.422,27.406,3.7736991899584034
946024601958219776,1790910768000-632578958264631296-946024601958219776,1790910768000,1790922057000,1,103.388,38.652,2.674842181517127
1066703715756408832,1790928888000-632578958264631296-1066703715756408832,1790928888000,1790938677000,1,103.257,45.392,2.2747841029256257
1600618257994219520,1790922809000-632578958264631296-1600618257994219520,1790922809000,1790933800000,1,103.257,26.555,3.888420259838072
943818030159233024,1790902546000-632578958264631296-943818030159233024,1790902546000,1790910372000,1,103.25,31.844,3.2423690491144326
790970372676648960,1790985468000-632578958264631296-790970372676648960,1790985468000,1790993626000,1,102.9,32.634,3.1531531531531534
1094226778622263296,1790942561000-632578958264631296-1094226778622263296,1790942561000,1790951271000,1,102.864,34.03,3.022744637084925
1083040210243026944,1790931372000-632578958264631296-1083040210243026944,1790931372000,1790943726000,1,102.805,42.024,2.446340186560061
1422205634715058176,1790933838000-632578958264631296-1422205634715058176,1790933838000,1790948742000,1,102.785,48.337,2.126424891904752
1536014751404916736,1790913627000-632578958264631296-1536014751404916736,1790913627000,1790921195000,1,102.778,33.221,3.0937659913909883
1067765247101632512,1790908286000-632578958264631296-1067765247101632512,1790908286000,1790917470000,1,102.726,38.077,2.697849095254353
965194336809517056,1790919335000-632578958264631296-965194336809517056,1790919335000,1790930301000,1,102.595,47.085,2.1789317192311777
1385588816730914816,1790911581000-632578958264631296-1385588816730914816,1790911581000,1790921101000,1,102.513,35.68,2.873122197309417
1536014709264744448,1790926971000-632578958264631296-1536014709264744448,1790926971000,1790934700000,1,102.346,34.592,2.958660962072156
1067771070980816896,1790985508000-632578958264631296-1067771070980816896,1790985508000,1790995332000,1,102.33,37.207,2.7502889241271804
1428031634325635072,1790916418000-632578958264631296-1428031634325635072,1790916418000,1790929680000,1,102.247,40.679,2.5135081983332923
1545824482457812992,1790894180000-632578958264631296-1545824482457812992,1790894180000,1790902382000,1,102.087,35.598,2.867773470419687
1545823852121030656,1790983703000-632578958264631296-1545823852121030656,1790983703000,1790992251000,1,101.882,29.546,3.4482501861504096
1471164933021368320,1790936090000-632578958264631296-1471164933021368320,1790936090000,1790946067000,1,101.872,40.172,2.535895648710545
1428367002015105024,1790913412000-632578958264631296-1428367002015105024,1790913412000,1790921820000,1,101.727,32.026,3.1763879348029724
944590362620461056,1790918453000-632578958264631296-944590362620461056,1790918453000,1790927847000,1,101.622,39.962,2.54296581752665
1476549608761982976,1790945822000-632578958264631296-1476549608761982976,1790945822000,1790957129000,1,101.5,35.5,2.859154929577465
1593693995681185792,1790945157000-632578958264631296-1593693995681185792,1790945157000,1790955011000,1,101.487,23.343,4.3476416912993185
952249131684855808,1790951536000-632578958264631296-952249131684855808,1790951536000,1790961470000,1,101.161,32.259,3.135900058898292
1071018553202704384,1790931562000-632578958264631296-1071018553202704384,1790931562000,1790942642000,1,101.154,44.318,2.282458594701927
1462138758710165504,1790906891000-632578958264631296-1462138758710165504,1790906891000,1790916072000,1,101.036,28.693,3.5212769665075103
1050037109068398592,1790933073000-632578958264631296-1050037109068398592,1790933073000,1790942275000,1,101.031,26.418,3.8243243243243246
1050035879038418944,1790936016000-632578958264631296-1050035879038418944,1790936016000,1790945661000,1,100.81,48.905,2.0613434209181065
1536014730089463808,1790901532000-632578958264631296-1536014730089463808,1790901532000,1790911698000,1,100.792,38.083,2.6466402331749075
1422205425331208192,1790948882000-632578958264631296-1422205425331208192,1790948882000,1790961645000,1,100.705,44.975,2.2391328515842135
862693652038680576,1790933450000-632578958264631296-862693652038680576,1790933450000,1790941461000,1,100.537,28.237,3.5604703049190785
1397607641592627200,1790925366000-632578958264631296-1397607641592627200,1790925366000,1790938391000,1,100.278,48.781,2.0556774153871387
1093088075828953088,1790943915000-632578958264631296-1093088075828953088,1790943915000,1790952665000,1,100.177,35.072,2.856324133211679
1491416395517263872,1790916843000-632578958264631296-1491416395517263872,1790916843000,1790926834000,1,100.156,30.809,3.2508682527832775
873101078441230336,1790933349000-632578958264631296-873101078441230336,1790933349000,1790940941000,1,99.999,29.681,3.3691250294801387
929711155667009536,1790949823000-632578958264631296-929711155667009536,1790949823000,1790959603000,1,99.978,33.489,2.9853981904505957
947102733284933632,1790933132000-632578958264631296-947102733284933632,1790933132000,1790941962000,1,99.967,28.756,3.476387536514119
1083726789898928128,1790929132000-632578958264631296-1083726789898928128,1790929132000,1790937701000,1,99.961,21.892,4.5660972044582495
877447351826907136,1790916267000-632578958264631296-877447351826907136,1790916267000,1790924535000,1,99.95,21.321,4.687866422775667
870275474985582592,1790899286000-632578958264631296-870275474985582592,1790899286000,1790907363000,1,99.89,28.974,3.4475736867536413
1083727333329731584,1790899427000-632578958264631296-1083727333329731584,1790899427000,1790910246000,1,99.705,30.662,3.251744830735112
1385589008028925952,1790920234000-632578958264631296-1385589008028925952,1790920234000,1790929935000,1,99.644,34.157,2.917235120180344
818154714091749376,1790925204000-632578958264631296-818154714091749376,1790925204000,1790933421000,1,99.627,28.237,3.5282430853135955
1476549765217910784,1790924913000-632578958264631296-1476549765217910784,1790924913000,1790933513000,1,99.516,32.041,3.105895571299273
1385588909638942720,1790940079000-632578958264631296-1385588909638942720,1790940079000,1790948867000,1,99.42,26.305,3.779509598935564
997896292355014656,1790907194000-632578958264631296-997896292355014656,1790907194000,1790917626000,1,99.405,34.057,2.918783216372552
951561875261227008,1790941443000-632578958264631296-951561875261227008,1790941443000,1790950406000,1,99.383,37.604,2.64288373577279
1462138501628690432,1790983981000-632578958264631296-1462138501628690432,1790983981000,1790994255000,1,99.375,22.313,4.453681710213777
939545725614686208,1790924396000-632578958264631296-939545725614686208,1790924396000,1790934711000,1,99.374,37.291,2.6648252929661314
1540361603277389824,1790945519000-632578958264631296-1540361603277389824,1790945519000,1790954063000,1,99.328,28.53,3.481528215913074
940988876032311296,1790907638000-632578958264631296-940988876032311296,1790907638000,1790916478000,1,99.246,29.172,3.402097902097902
1093088075828953088,1790922564000-632578958264631296-1093088075828953088,1790922564000,1790929955000,1,99.218,30.56,3.246662303664922
1536014730089463808,1790918053000-632578958264631296-1536014730089463808,1790918053000,1790926542000,1,99.185,37.31,2.658402573036719
964171206683000832,1790983717000-632578958264631296-964171206683000832,1790983717000,1790995018000,1,99.098,37.184,2.66507099827883
1362453820235317248,1790913122000-632578958264631296-1362453820235317248,1790913122000,1790921946000,1,99.036,31.0,3.194709677419355
1385588705250508800,1790932626000-632578958264631296-1385588705250508800,1790932626000,1790941799000,1,98.949,31.463,3.144932142516607
1101524127430213632,1790942429000-632578958264631296-1101524127430213632,1790942429000,1790952313000,1,98.925,35.448,2.7907075152335814
1094584670655348736,1790942805000-632578958264631296-1094584670655348736,1790942805000,1790952294000,1,98.904,29.994,3.2974594918983797
1536022277991170048,1790902661000-632578958264631296-1536022277991170048,1790902661000,1790911820000,1,98.661,28.749,3.4318063236982157
1050036904705130496,1790916260000-632578958264631296-1050036904705130496,1790916260000,1790924375000,1,98.346,19.259,5.106495664364712
1176184196838719488,1790914301000-632578958264631296-1176184196838719488,1790914301000,1790922658000,1,98.256,23.726,4.141279608867909
1050036019790872576,1790907564000-632578958264631296-1050036019790872576,1790907564000,1790915803000,1,98.192,34.275,2.864828592268417
1088492376734826496,1790903083000-632578958264631296-1088492376734826496,1790903083000,1790911248000,1,98.1,21.513,4.560033468135545
1540361934212169728,1790910452000-632578958264631296-1540361934212169728,1790910452000,1790918518000,1,98.032,19.09,5.13525405971713
1081533146517733376,1790905009000-632578958264631296-1081533146517733376,1790905009000,1790913005000,1,97.966,27.428,3.5717514948228084
1079796452147855360,1790918472000-632578958264631296-1079796452147855360,1790918472000,1790928437000,1,97.924,29.777,3.288578433018773
943458585302532096,1790925057000-632578958264631296-943458585302532096,1790925057000,1790934066000,1,97.718,21.656,4.512282970077577
1536393085787832320,1790902222000-632578958264631296-1536393085787832320,1790902222000,1790909668000,1,97.695,21.145,4.620241191771104
1536014603211767808,1790929425000-632578958264631296-1536014603211767808,1790929425000,1790937005000,1,97.667,37.44,2.608627136752137
789852612550721536,1790928562000-632578958264631296-789852612550721536,1790928562000,1790936384000,1,97.646,26.366,3.7034817568080105
1536014596580573184,1790902173000-632578958264631296-1536014596580573184,1790902173000,1790909707000,1,97.587,29.863,3.2678230586344306
961238953837461504,1790984372000-632578958264631296-961238953837461504,1790984372000,1790994489000,1,97.52,43.812,2.2258741897197116
1499777554695847936,1790934168000-632578958264631296-1499777554695847936,1790934168000,1790946213000,1,97.292,38.886,2.501980147096641
1471148657502846976,1790940638000-632578958264631296-1471148657502846976,1790940638000,1790951017000,1,97.164,32.12,3.0250311332503115
1428366867084345344,1790913938000-632578958264631296-1428366867084345344,1790913938000,1790923879000,1,97.104,41.375,2.3469244712990935
1389243594644127744,1790897663000-632578958264631296-1389243594644127744,1790897663000,1790908229000,1,97.058,36.917,2.6290868705474444
946032744595456000,1790923676000-632578958264631296-946032744595456000,1790923676000,1790931912000,1,97.015,35.396,2.7408464233246694
1500491887742550016,1790899301000-632578958264631296-1500491887742550016,1790899301000,1790909180000,1,96.687,42.858,2.255984880302394
1079778539525373952,1790984840000-632578958264631296-1079778539525373952,1790984840000,1790994994000,1,96.544,32.601,2.961381552713107
951882940915122176,1790931624000-632578958264631296-951882940915122176,1790931624000,1790941325000,1,96.29,38.39,2.508205261786924
1079774673618599936,1790934520000-632578958264631296-1079774673618599936,1790934520000,1790942485000,1,96.281,17.815,5.404490597810834
947926207788220416,1790924264000-632578958264631296-947926207788220416,1790924264000,1790933671000,1,96.218,46.6,2.064763948497854
1067775063052255232,1790951693000-632578958264631296-1067775063052255232,1790951693000,1790961983000,1,96.129,30.113,3.192275761299107
946030376206204928,1790902585000-632578958264631296-946030376206204928,1790902585000,1790912693000,1,96.097,38.329,2.5071616791463383
873101078441230336,1790942698000-632578958264631296-873101078441230336,1790942698000,1790950371000,1,96.068,29.613,3.2441157599702835
1083728582527680512,1790949331000-632578958264631296-1083728582527680512,1790949331000,1790957021000,1,96.054,33.148,2.89773138650899
1406586435233906688,1790909735000-632578958264631296-1406586435233906688,1790909735000,1790918961000,1,96.013,38.964,2.46414639154091
1479440816106635264,1790900061000-632578958264631296-1479440816106635264,1790900061000,1790909374000,1,95.877,29.533,3.246436190024718
862677666426257408,1790900877000-632578958264631296-862677666426257408,1790900877000,1790910104000,1,95.815,29.142,3.2878663097934253
1471164933021368320,1790926037000-632578958264631296-1471164933021368320,1790926037000,1790934103000,1,95.753,29.075,3.2933104041272574
1076923321632686080,1790928407000-632578958264631296-1076923321632686080,1790928407000,1790938849000,1,95.743,33.127,2.8901802155341563
1067763722711203840,1790900600000-632578958264631296-1067763722711203840,1790900600000,1790913160000,1,95.655,41.484,2.3058287532542665
939546232131420160,1790927250000-632578958264631296-939546232131420160,1790927250000,1790936033000,1,95.574,19.431,4.918635170603674
1083040210243026944,1790905939000-632578958264631296-1083040210243026944,1790905939000,1790913684000,1,95.502,24.587,3.884247773213487
1173302979768352768,1790932039000-632578958264631296-1173302979768352768,1790932039000,1790941314000,1,95.228,35.287,2.698670898631224
1064550465066237952,1790984929000-632578958264631296-1064550465066237952,1790984929000,1790994111000,1,95.118,36.459,2.6089031514852294
790193276584984576,1790918063000-632578958264631296-790193276584984576,1790918063000,1790925339000,1,95.086,25.027,3.7993367163463456
860146891080335360,1790917861000-632578958264631296-860146891080335360,1790917861000,1790926974000,1,95.045,39.624,2.3986725217040177
966356141711818752,1790939935000-632578958264631296-966356141711818752,1790939935000,1790952895000,1,95.03,36.608,2.595880681818182
939548220361539584,1790939951000-632578958264631296-939548220361539584,1790939951000,1790952965000,1,95.023,40.591,2.3409869182823777
1061978679036346368,1790917919000-632578958264631296-1061978679036346368,1790917919000,1790926832000,1,94.997,40.51,2.345025919526043
1067765446171688960,1790946866000-632578958264631296-1067765446171688960,1790946866000,1790955306000,1,94.958,35.816,2.6512731740004467
1093476797997121536,1790949366000-632578958264631296-1093476797997121536,1790949366000,1790959196000,1,94.949,30.714,3.091391547828352
1083040210243026944,1790958059000-632578958264631296-1083040210243026944,1790958059000,1790967028000,1,94.781,26.796,3.5371324078220634
1131631502098956288,1790937487000-632578958264631296-1131631502098956288,1790937487000,1790946455000,1,94.762,32.698,2.8980977429812222
857602255610707968,1790943459000-632578958264631296-857602255610707968,1790943459000,1790951296000,1,94.744,29.623,3.198325625358674
1064550465066237952,1790910455000-632578958264631296-1064550465066237952,1790910455000,1790918825000,1,94.544,35.192,2.6865196635599
1477629723302428672,1790937132000-632578958264631296-1477629723302428672,1790937132000,1790945682000,1,94.502,30.082,3.1414799547902397
1545767666730401792,1790910303000-632578958264631296-1545767666730401792,1790910303000,1790917860000,1,94.485,19.836,4.7633091349062315
1082303861131051008,1790943709000-632578958264631296-1082303861131051008,1790943709000,1790952268000,1,94.483,31.908,2.9611069324307384
944573640047853568,1790927474000-632578958264631296-944573640047853568,1790927474000,1790938386000,1,94.447,26.949,3.5046569445990574
946027748999036928,1790917777000-632578958264631296-946027748999036928,1790917777000,1790927096000,1,94.273,31.859,2.959069650648168
1083726988146900992,1790984177000-632578958264631296-1083726988146900992,1790984177000,1790992009000,1,94.241,20.271,4.649055300675842
1081223436249858048,1790927548000-632578958264631296-1081223436249858048,1790927548000,1790937836000,1,94.183,31.239,3.014917250872307
1177288436235632640,1790946667000-632578958264631296-1177288436235632640,1790946667000,1790955201000,1,94.182,25.489,3.6950056887284712
1094226815196594176,1790946628000-632578958264631296-1094226815196594176,1790946628000,1790955250000,1,94.146,24.197,3.890812910691408
947926207788220416,1790909133000-632578958264631296-947926207788220416,1790909133000,1790918193000,1,94.129,41.558,2.265003128158237
1488156479612518400,1790923856000-632578958264631296-1488156479612518400,1790923856000,1790933957000,1,93.926,39.086,2.403059919152638
1083039951072788480,1790923776000-632578958264631296-1083039951072788480,1790923776000,1790933980000,1,93.916,40.219,2.335115244038887
883046842797916160,1790915436000-632578958264631296-883046842797916160,1790915436000,1790930641000,1,93.737,53.739,1.744301159307021
1088168906306093056,1790932649000-632578958264631296-1088168906306093056,1790932649000,1790942557000,1,93.692,29.086,3.2212060785257512
947093723013971968,1790919391000-632578958264631296-947093723013971968,1790919391000,1790928571000,1,93.502,35.997,2.597494235630747
1067765446171688960,1790982439000-632578958264631296-1067765446171688960,1790982439000,1790990945000,1,93.46,35.999,2.5961832273118692
873821465244336128,1790900697000-632578958264631296-873821465244336128,1790900697000,1790908327000,1,93.333,26.456,3.5278575748412457
792451319469178880,1790903830000-632578958264631296-792451319469178880,1790903830000,1790912087000,1,93.223,32.354,2.8813438832910925
1479440816106635264,1790939715000-632578958264631296-1479440816106635264,1790939715000,1790949775000,1,93.209,31.08,2.9990025740025743
1111626569580806144,1790897426000-632578958264631296-1111626569580806144,1790897426000,1790906324000,1,93.014,35.451,2.6237341682886237
944591832124227584,1790934476000-632578958264631296-944591832124227584,1790934476000,1790941884000,1,92.992,33.715,2.758178852142963
1046443765134262272,1790985250000-632578958264631296-1046443765134262272,1790985250000,1790992687000,1,92.861,18.6,4.99252688172043
947581828959567872,1790919118000-632578958264631296-947581828959567872,1790919118000,1790926869000,1,92.798,38.813,2.390899956200242
1385588816730914816,1790894281000-632578958264631296-1385588816730914816,1790894281000,1790902778000,1,92.768,32.377,2.865243845940019
939139369715892224,1790944983000-632578958264631296-939139369715892224,1790944983000,1790953046000,1,92.57,32.514,2.8470812573045454
1536014702105067520,1790913913000-632578958264631296-1536014702105067520,1790913913000,1790921069000,1,92.541,29.252,3.163578558731027
1211337321434054656,1790939978000-632578958264631296-1211337321434054656,1790939978000,1790947645000,1,92.525,34.545,2.6783905051382257
1082303861131051008,1790929597000-632578958264631296-1082303861131051008,1790929597000,1790937835000,1,92.282,32.362,2.851554292070947
946030376206204928,1790985014000-632578958264631296-946030376206204928,1790985014000,1790994051000,1,92.206,37.515,2.4578435292549647
1396881508228136960,1790949365000-632578958264631296-1396881508228136960,1790949365000,1790960391000,1,92.034,18.433,4.992893180708513
946032744595456000,1790947896000-632578958264631296-946032744595456000,1790947896000,1790955475000,1,92.029,29.929,3.0749106218049382
1182027923075366912,1790899509000-632578958264631296-1182027923075366912,1790899509000,1790908328000,1,91.865,31.275,2.937330135891287
1540361603277389824,1790903383000-632578958264631296-1540361603277389824,1790903383000,1790913010000,1,91.752,26.612,3.4477679242447015
812260483275948032,1790985581000-632578958264631296-812260483275948032,1790985581000,1790994046000,1,91.749,35.424,2.590023712737127
1176134230934028288,1790903072000-632578958264631296-1176134230934028288,1790903072000,1790911281000,1,91.556,36.145,2.533019781435883
947102733284933632,1790920042000-632578958264631296-947102733284933632,1790920042000,1790929638000,1,91.502,41.4,2.210193236714976
870275474985582592,1790985434000-632578958264631296-870275474985582592,1790985434000,1790993220000,1,91.279,29.412,3.1034611723106216
947093723013971968,1790932032000-632578958264631296-947093723013971968,1790932032000,1790939790000,1,91.235,29.379,3.1054494707103713
1047650330055016448,1790899607000-632578958264631296-1047650330055016448,1790899607000,1790908767000,1,91.13,31.014,2.938350422389888
1140670395897085952,1790947874000-632578958264631296-1140670395897085952,1790947874000,1790956986000,1,91.049,29.508,3.0855700149112106
1070378226594873344,1790922167000-632578958264631296-1070378226594873344,1790922167000,1790929804000,1,91.027,30.67,2.967949135963482
1062738572429230080,1790921864000-632578958264631296-1062738572429230080,1790921864000,1790930139000,1,91.0,24.395,3.7302725968436157
1001786725204230144,1790941722000-632578958264631296-1001786725204230144,1790941722000,1790950668000,1,90.981,20.211,4.5015585572213155
1082007973238145024,1790902790000-632578958264631296-1082007973238145024,1790902790000,1790911083000,1,90.971,31.75,2.865228346456693
1050766698002513920,1790984207000-632578958264631296-1050766698002513920,1790984207000,1790993168000,1,90.966,32.267,2.819165091269718
1389243774684626944,1790904728000-632578958264631296-1389243774684626944,1790904728000,1790916780000,1,90.931,36.634,2.4821477316154392
1083727207982956544,1790963237000-632578958264631296-1083727207982956544,1790963237000,1790974196000,1,90.813,49.041,1.851777084480333
947094374120947712,1790934554000-632578958264631296-947094374120947712,1790934554000,1790942967000,1,90.745,34.759,2.6106907563508734
1088168906306093056,1790918109000-632578958264631296-1088168906306093056,1790918109000,1790926641000,1,90.74,26.561,3.4162870373856404
1083728919393206272,1790932258000-632578958264631296-1083728919393206272,1790932258000,1790941191000,1,90.704,17.456,5.196150320806599
946032744595456000,1790895765000-632578958264631296-946032744595456000,1790895765000,1790903940000,1,90.69,32.827,2.7626648795199076
1505916014645215232,1790932296000-632578958264631296-1505916014645215232,1790932296000,1790939316000,1,90.621,19.72,4.595385395537526
1536014695108968448,1790916462000-632578958264631296-1536014695108968448,1790916462000,1790926609000,1,90.612,31.627,2.8650203939671797
866648852977942528,1790937388000-632578958264631296-866648852977942528,1790937388000,1790944440000,1,90.571,20.726,4.3699218373057995
1132635709874634752,1790912816000-632578958264631296-1132635709874634752,1790912816000,1790923828000,1,90.5,31.736,2.8516511217544744
862677666426257408,1790921630000-632578958264631296-862677666426257408,1790921630000,1790928696000,1,90.484,20.005,4.523069232691827
848986467664396288,1790943704000-632578958264631296-848986467664396288,1790943704000,1790951528000,1,90.372,28.659,3.153354967026065
1471148657502846976,1790985517000-632578958264631296-1471148657502846976,1790985517000,1790994216000,1,90.347,33.538,2.6938696404078954
1050035879038418944,1790922894000-632578958264631296-1050035879038418944,1790922894000,1790931626000,1,90.234,31.397,2.8739688505271204
1061979678694178816,1790911966000-632578958264631296-1061979678694178816,1790911966000,1790920643000,1,90.173,40.498,2.2266037829028598
873109579045535744,1790984206000-632578958264631296-873109579045535744,1790984206000,1790991805000,1,90.155,25.865,3.485598298859463
1138783468012961792,1790920191000-632578958264631296-1138783468012961792,1790920191000,1790929312000,1,90.067,34.332,2.6234125597110567
1505944797024616448,1790974577000-632578958264631296-1505944797024616448,1790974577000,1790982130000,1,89.839,30.134,2.98131678502688
1536014589357981696,1790943278000-632578958264631296-1536014589357981696,1790943278000,1790951452000,1,89.74,29.463,3.045854122119268
1536014577374855168,1790974429000-632578958264631296-1536014577374855168,1790974429000,1790982128000,1,89.674,32.38,2.7694255713403337
1082303861131051008,1790918179000-632578958264631296-1082303861131051008,1790918179000,1790927251000,1,89.632,32.72,2.7393643031784842
876044057397166080,1790929165000-632578958264631296-876044057397166080,1790929165000,1790936296000,1,89.184,21.417,4.164168651071578
1083727986517082112,1790964480000-632578958264631296-1083727986517082112,1790964480000,1790971671000,1,89.177,30.96,2.8803940568475452
873897783357079552,1790917438000-632578958264631296-873897783357079552,1790917438000,1790923978000,1,89.154,28.125,3.16992
1067771070980816896,1790926167000-632578958264631296-1067771070980816896,1790926167000,1790934926000,1,89.046,30.111,2.9572581448640034
951561875261227008,1790931806000-632578958264631296-951561875261227008,1790931806000,1790939820000,1,89.042,28.954,3.075291842232507
961238953837461504,1790934574000-632578958264631296-961238953837461504,1790934574000,1790943608000,1,89.021,28.573,3.11556364399958
1136716787434389504,1790901283000-632578958264631296-1136716787434389504,1790901283000,1790910013000,1,89.014,28.738,3.0974319716055394
1362453820235317248,1790922368000-632578958264631296-1362453820235317248,1790922368000,1790930753000,1,88.777,33.5,2.6500597014925376
1063501597117513728,1790985235000-632578958264631296-1063501597117513728,1790985235000,1790995489000,1,88.738,44.964,1.9735343830620051
1046752835124854784,1790938679000-632578958264631296-1046752835124854784,1790938679000,1790946279000,1,88.717,24.336,3.6455046022353716
1536014543027699712,1790915638000-632578958264631296-1536014543027699712,1790915638000,1790922424000,1,88.528,31.93,2.772564985906671
1083727207982956544,1790978896000-632578958264631296-1083727207982956544,1790978896000,1790988980000,1,88.506,49.656,1.7823827936201064
1524760784293330944,1790930676000-632578958264631296-1524760784293330944,1790930676000,1790940312000,1,88.443,31.081,2.8455648145169072
947102733284933632,1790897462000-632578958264631296-947102733284933632,1790897462000,1790905919000,1,88.391,35.643,2.479897876160817
929731076446748672,1790917625000-632578958264631296-929731076446748672,1790917625000,1790925380000,1,88.357,19.193,4.603605481165007
1071481767405289472,1790953162000-632578958264631296-1071481767405289472,1790953162000,1790960933000,1,87.954,23.853,3.6873349264243487
1471144582421938176,1790922060000-632578958264631296-1471144582421938176,1790922060000,1790932123000,1,87.903,34.318,2.5614254909959793
932333591893901312,1790915011000-632578958264631296-932333591893901312,1790915011000,1790923226000,1,87.896,39.554,2.2221772766344743
1345798361172672512,1790941404000-632578958264631296-1345798361172672512,1790941404000,1790952779000,1,87.874,41.356,2.124818647838282
1536014681523617792,1790927889000-632578958264631296-1536014681523617792,1790927889000,1790936850000,1,87.873,37.143,2.3658024392213877
1536393085787832320,1790936995000-632578958264631296-1536393085787832320,1790936995000,1790944265000,1,87.869,19.332,4.545261742189116
787647951882158080,1790921456000-632578958264631296-787647951882158080,1790921456000,1790928441000,1,87.854,28.683,3.0629292612348777
1535695002116554752,1790912730000-632578958264631296-1535695002116554752,1790912730000,1790923837000,1,87.804,31.356,2.8002296211251436
812260483275948032,1790920600000-632578958264631296-812260483275948032,1790920600000,1790930015000,1,87.755,36.274,2.4192258918233445
1536014596580573184,1790936990000-632578958264631296-1536014596580573184,1790936990000,1790944094000,1,87.746,27.298,3.214374679463697
1476549765217910784,1790942669000-632578958264631296-1476549765217910784,1790942669000,1790954583000,1,87.72,53.0,1.6550943396226414
944591832124227584,1790923927000-632578958264631296-944591832124227584,1790923927000,1790931374000,1,87.714,34.286,2.55830368080266
1079095062366781440,1790918657000-632578958264631296-1079095062366781440,1790918657000,1790925729000,1,87.558,25.752,3.4000465983224606
1183367596062277632,1790917856000-632578958264631296-1183367596062277632,1790917856000,1790925106000,1,87.379,28.992,3.0139003863134657
780451558935494656,1790980328000-632578958264631296-780451558935494656,1790980328000,1790988687000,1,87.285,34.151,2.555854879798541
1083727931903049728,1790920415000-632578958264631296-1083727931903049728,1790920415000,1790929334000,1,86.993,22.836,3.8094675074443862
965194336809517056,1790908859000-632578958264631296-965194336809517056,1790908859000,1790916597000,1,86.978,38.269,2.27280566515979
1067775916656033792,1790945287000-632578958264631296-1067775916656033792,1790945287000,1790953942000,1,86.849,21.593,4.022090492289168
876044057397166080,1790915473000-632578958264631296-876044057397166080,1790915473000,1790923269000,1,86.785,23.591,3.67873341528549
870275474985582592,1790918665000-632578958264631296-870275474985582592,1790918665000,1790928580000,1,86.752,34.752,2.4963167587476978
1524760784293330944,1790917127000-632578958264631296-1524760784293330944,1790917127000,1790926048000,1,86.542,33.245,2.6031583696796514
1067775916656033792,1790935188000-632578958264631296-1067775916656033792,1790935188000,1790943134000,1,86.524,23.368,3.7026703183841154
1134878026966761472,1790916551000-632578958264631296-1134878026966761472,1790916551000,1790924292000,1,86.508,42.054,2.05706948209445
1488129049464143872,1790903075000-632578958264631296-1488129049464143872,1790903075000,1790910869000,1,86.465,23.029,3.754613747883104
1422205634715058176,1790906555000-632578958264631296-1422205634715058176,1790906555000,1790916435000,1,86.195,34.361,2.508512557841739
1083016936570224640,1790953004000-632578958264631296-1083016936570224640,1790953004000,1790960651000,1,86.135,25.478,3.3807598712614806
1131240847388442624,1790903537000-632578958264631296-1131240847388442624,1790903537000,1790912719000,1,86.028,17.208,4.999302649930266
1067775201233600512,1790918796000-632578958264631296-1067775201233600512,1790918796000,1790927270000,1,85.858,21.399,4.012243562783308
1177288436235632640,1790936997000-632578958264631296-1177288436235632640,1790936997000,1790944820000,1,85.686,30.089,2.847751670045532
1536014543027699712,1790902603000-632578958264631296-1536014543027699712,1790902603000,1790909203000,1,85.561,30.435,2.8112699195005755
931938125880492032,1790927532000-632578958264631296-931938125880492032,1790927532000,1790935464000,1,85.556,32.649,2.6204784220037367
1488156479612518400,1790982139000-632578958264631296-1488156479612518400,1790982139000,1790989231000,1,85.553,28.632,2.9880203967588708
1176582767303983104,1790904727000-632578958264631296-1176582767303983104,1790904727000,1790913409000,1,85.476,41.74,2.047819837086727
1505916014645215232,1790923654000-632578958264631296-1505916014645215232,1790923654000,1790929710000,1,85.17,18.942,4.49635730123535
1405177997576634368,1790930940000-632578958264631296-1405177997576634368,1790930940000,1790942146000,1,85.04,36.352,2.339348591549296
1486716779844599808,1790914119000-632578958264631296-1486716779844599808,1790914119000,1790923491000,1,84.923,34.601,2.454351030317043
1083728582527680512,1790930668000-632578958264631296-1083728582527680512,1790930668000,1790937084000,1,84.882,27.126,3.1291749612917497
940988876032311296,1790918368000-632578958264631296-940988876032311296,1790918368000,1790926515000,1,84.813,26.613,3.1869011385413146
1540361293100220416,1790916982000-632578958264631296-1540361293100220416,1790916982000,1790924735000,1,84.81,23.144,3.6644486692015215
1079095062366781440,1790981761000-632578958264631296-1079095062366781440,1790981761000,1790990810000,1,84.677,28.918,2.9281762224220214
866245317551456256,1790964897000-632578958264631296-866245317551456256,1790964897000,1790975532000,1,84.514,22.829,3.702045643698804
1076923642098483200,1790910723000-632578958264631296-1076923642098483200,1790910723000,1790918973000,1,84.32,36.106,2.3353459258848943
1536014517601828864,1790982544000-632578958264631296-1536014517601828864,1790982544000,1790991037000,1,84.317,29.328,2.8749659028914345
1067775063052255232,1790942076000-632578958264631296-1067775063052255232,1790942076000,1790949798000,1,84.302,22.83,3.692597459483137
1079796452147855360,1790901289000-632578958264631296-1079796452147855360,1790901289000,1790909181000,1,84.268,23.73,3.551116729877792
786545248472924160,1790956755000-632578958264631296-786545248472924160,1790956755000,1790969943000,1,84.239,38.877,2.166808138488052
1094584670655348736,1790955455000-632578958264631296-1094584670655348736,1790955455000,1790964333000,1,84.214,28.266,2.979339135356966
1101524127430213632,1790955461000-632578958264631296-1101524127430213632,1790955461000,1790964332000,1,84.184,32.302,2.6061544176831157
1050037537222950912,1790949271000-632578958264631296-1050037537222950912,1790949271000,1790958077000,1,84.15,28.919,2.909851654621529
1131240373310455808,1790901437000-632578958264631296-1131240373310455808,1790901437000,1790911592000,1,84.095,35.535,2.366540030955396
939138676678459392,1790906572000-632578958264631296-939138676678459392,1790906572000,1790913944000,1,83.675,32.499,2.5746946059878764
1136716787434389504,1790913852000-632578958264631296-1136716787434389504,1790913852000,1790922068000,1,83.602,23.692,3.528701671450279
1067763722711203840,1790921658000-632578958264631296-1067763722711203840,1790921658000,1790928062000,1,83.561,24.742,3.3772936706814325
1593331058084937728,1790975803000-632578958264631296-1593331058084937728,1790975803000,1790984611000,1,83.331,20.648,4.035790391321194
786545248472924160,1790918916000-632578958264631296-786545248472924160,1790918916000,1790928783000,1,83.274,29.316,2.840564879246828
964172050669240320,1790914251000-632578958264631296-964172050669240320,1790914251000,1790920772000,1,82.872,21.57,3.842002781641168
1294723291725955072,1790898797000-632578958264631296-1294723291725955072,1790898797000,1790908098000,1,82.816,14.286,5.797004059918802
787687496786903040,1790919880000-632578958264631296-787687496786903040,1790919880000,1790927888000,1,82.791,27.315,3.0309719934102137
1083727333329731584,1790911874000-632578958264631296-1083727333329731584,1790911874000,1790926226000,1,82.686,41.008,2.0163382754584473
873101078441230336,1790901433000-632578958264631296-873101078441230336,1790901433000,1790908785000,1,82.598,24.875,3.3205226130653265
938815830156640256,1790918522000-632578958264631296-938815830156640256,1790918522000,1790927864000,1,82.532,38.281,2.155952038870458
784445389880164352,1790933610000-632578958264631296-784445389880164352,1790933610000,1790940318000,1,82.493,25.32,3.2580173775671404
1536402078727929856,1790898991000-632578958264631296-1536402078727929856,1790898991000,1790905514000,1,82.287,18.275,4.502708618331054
1079778539525373952,1790918513000-632578958264631296-1079778539525373952,1790918513000,1790928048000,1,82.259,25.558,3.2185225761014165
966384365741277184,1790906817000-632578958264631296-966384365741277184,1790906817000,1790916372000,1,82.258,47.042,1.7486076272267335
1500145408670695424,1790911284000-632578958264631296-1500145408670695424,1790911284000,1790918567000,1,82.25,31.655,2.598325698941715
780452749606125568,1790906807000-632578958264631296-780452749606125568,1790906807000,1790916282000,1,82.209,36.597,2.2463316665300432
1363836271826305024,1790957288000-632578958264631296-1363836271826305024,1790957288000,1790965149000,1,82.199,26.747,3.0732044715295173
1389243940330274816,1790901478000-632578958264631296-1389243940330274816,1790901478000,1790911840000,1,81.988,36.711,2.2333360573125223
1101157025884143616,1790899780000-632578958264631296-1101157025884143616,1790899780000,1790907018000,1,81.97,24.781,3.307776118800694
932612842287267840,1790925848000-632578958264631296-932612842287267840,1790925848000,1790933323000,1,81.916,20.878,3.9235558961586356
1076923642098483200,1790942057000-632578958264631296-1076923642098483200,1790942057000,1790949728000,1,81.89,31.062,2.636340222780246
1604183215143124992,1790934816000-632578958264631296-1604183215143124992,1790934816000,1790942619000,1,81.868,27.853,2.9392884069938603
1477629723302428672,1790897805000-632578958264631296-1477629723302428672,1790897805000,1790907950000,1,81.756,27.0,3.028
1482772108667781120,1790928310000-632578958264631296-1482772108667781120,1790928310000,1790934882000,1,81.754,27.32,2.992459736456808
1536014517601828864,1790924830000-632578958264631296-1536014517601828864,1790924830000,1790935487000,1,81.696,38.386,2.1282759339342467
1062738572429230080,1790901945000-632578958264631296-1062738572429230080,1790901945000,1790911221000,1,81.665,27.003,3.0242935970077403
1083040210243026944,1790897086000-632578958264631296-1083040210243026944,1790897086000,1790905933000,1,81.639,24.229,3.369474596557844
947107003673608192,1790910151000-632578958264631296-947107003673608192,1790910151000,1790916959000,1,81.626,35.199,2.318986334839058
1471164933021368320,1790947948000-632578958264631296-1471164933021368320,1790947948000,1790955630000,1,81.597,28.5,2.863052631578947
1593406240992526336,1790919205000-632578958264631296-1593406240992526336,1790919205000,1790927182000,1,81.529,32.52,2.5070418204182037
1537822792169291776,1790948577000-632578958264631296-1537822792169291776,1790948577000,1790955993000,1,81.513,27.555,2.958192705498095
1479440816106635264,1790929554000-632578958264631296-1479440816106635264,1790929554000,1790937285000,1,81.51,26.599,3.064400917327719
1476549608761982976,1790984796000-632578958264631296-1476549608761982976,1790984796000,1790994733000,1,81.5,24.124,3.3783783783783785
1067763772824748032,1790926043000-632578958264631296-1067763772824748032,1790926043000,1790937198000,1,81.491,30.579,2.6649334510611857
1087441747748847616,1790927393000-632578958264631296-1087441747748847616,1790927393000,1790934898000,1,81.41,36.863,2.2084474947779618
1050441880044568576,1790905970000-632578958264631296-1050441880044568576,1790905970000,1790914237000,1,81.383,36.079,2.255688904903129
1094226815196594176,1790906104000-632578958264631296-1094226815196594176,1790906104000,1790914847000,1,81.133,24.72,3.2820792880258898
946030864989421568,1790928849000-632578958264631296-946030864989421568,1790928849000,1790936572000,1,81.092,21.028,3.856381966901275
1177288436235632640,1790906204000-632578958264631296-1177288436235632640,1790906204000,1790914352000,1,81.033,24.909,3.253161507888715
1061978679036346368,1790936148000-632578958264631296-1061978679036346368,1790936148000,1790944852000,1,81.0,40.073,2.0213111072293066
1083726655622479872,1790985053000-632578958264631296-1083726655622479872,1790985053000,1790991947000,1,80.863,33.862,2.3880160652058353
948575900767617024,1790915673000-632578958264631296-948575900767617024,1790915673000,1790922683000,1,80.843,23.068,3.504551760013872
1083039951072788480,1790981976000-632578958264631296-1083039951072788480,1790981976000,1790988346000,1,80.622,29.296,2.751979792463135
1050037109068398592,1790952680000-632578958264631296-1050037109068398592,1790952680000,1790961409000,1,80.6,20.5,3.9317073170731707
1067765189559975936,1790948515000-632578958264631296-1067765189559975936,1790948515000,1790955411000,1,80.517,16.363,4.920674692904724
929726540265029632,1790895808000-632578958264631296-929726540265029632,1790895808000,1790905267000,1,80.411,35.194,2.2847928624197307
1067776196789403648,1790922384000-632578958264631296-1067776196789403648,1790922384000,1790934772000,1,80.405,21.473,3.7444697992828204
1478688867300147200,1790943908000-632578958264631296-1478688867300147200,1790943908000,1790951260000,1,80.364,25.112,3.200223000955719
996808469547843584,1790984058000-632578958264631296-996808469547843584,1790984058000,1790991500000,1,80.328,36.494,2.201128952704554
1070370579279773696,1790948762000-632578958264631296-1070370579279773696,1790948762000,1790956372000,1,80.316,26.051,3.0830294422478985
1094956363722784768,1790938570000-632578958264631296-1094956363722784768,1790938570000,1790946869000,1,80.245,27.336,2.935506292069067
861290333428776960,1790915852000-632578958264631296-861290333428776960,1790915852000,1790922449000,1,80.211,16.146,4.967855815681903
1093087265762050048,1790938604000-632578958264631296-1093087265762050048,1790938604000,1790947071000,1,80.193,28.645,2.799546168615814
939545725614686208,1790901708000-632578958264631296-939545725614686208,1790901708000,1790909397000,1,80.039,28.375,2.8207577092511014
1050467664377413632,1790901297000-632578958264631296-1050467664377413632,1790901297000,1790908363000,1,80.024,28.809,2.77774306640286
1571542304466927616,1790916806000-632578958264631296-1571542304466927616,1790916806000,1790923541000,1,79.999,19.966,4.006761494540719
790193276584984576,1790901206000-632578958264631296-790193276584984576,1790901206000,1790908112000,1,79.949,21.43,3.7307046196920206
1070378226594873344,1790934078000-632578958264631296-1070378226594873344,1790934078000,1790940251000,1,79.925,26.985,2.9618306466555495
939547417898909696,1790985111000-632578958264631296-939547417898909696,1790985111000,1790991708000,1,79.861,31.695,2.5196718725351004
965194336809517056,1790958638000-632578958264631296-965194336809517056,1790958638000,1790971729000,1,79.858,45.446,1.7572063547947017
1486716779844599808,1790950835000-632578958264631296-1486716779844599808,1790950835000,1790961049000,1,79.842,31.998,2.495218451153197
1073966174624022528,1790911285000-632578958264631296-1073966174624022528,1790911285000,1790918272000,1,79.821,14.598,5.46794081381011
940981890892955648,1790934124000-632578958264631296-940981890892955648,1790934124000,1790940445000,1,79.818,25.681,3.108056539854367
1138167953473142784,1790927627000-632578958264631296-1138167953473142784,1790927627000,1790936836000,1,79.8,29.063,2.745759212744727
860146891080335360,1790936315000-632578958264631296-860146891080335360,1790936315000,1790945789000,1,79.612,37.96,2.0972602739726027
948575900767617024,1790900401000-632578958264631296-948575900767617024,1790900401000,1790908071000,1,79.544,33.882,2.347677232748952
946025328671719424,1790908962000-632578958264631296-946025328671719424,1790908962000,1790917079000,1,79.5,30.093,2.6418103877978267
1464286463544786944,1790930795000-632578958264631296-1464286463544786944,1790930795000,1790937567000,1,79.461,27.133,2.928574061106402
1067765309810671616,1790930806000-632578958264631296-1067765309810671616,1790930806000,1790937755000,1,79.456,28.261,2.8115070238137365
1050035879038418944,1790946717000-632578958264631296-1050035879038418944,1790946717000,1790954803000,1,79.449,26.056,3.04916334049739
947581828959567872,1790982463000-632578958264631296-947581828959567872,1790982463000,1790989233000,1,79.422,22.777,3.486938578390481
862677666426257408,1790946054000-632578958264631296-862677666426257408,1790946054000,1790953922000,1,79.27,23.509,3.371900123357012
1389243774684626944,1790892942000-632578958264631296-1389243774684626944,1790892942000,1790902707000,1,79.004,29.422,2.6852015498606487
1138167953473142784,1790898252000-632578958264631296-1138167953473142784,1790898252000,1790906011000,1,78.979,26.586,2.970698864063793
1469693281720860672,1790897339000-632578958264631296-1469693281720860672,1790897339000,1790905031000,1,78.975,19.438,4.062917995678568
1050036904705130496,1790905804000-632578958264631296-1050036904705130496,1790905804000,1790912364000,1,78.936,15.789,4.999429982899487
1142833661045899264,1790936204000-632578958264631296-1142833661045899264,1790936204000,1790944465000,1,78.921,27.757,2.8432827755160863
1491416395517263872,1790935586000-632578958264631296-1491416395517263872,1790935586000,1790943442000,1,78.907,27.032,2.919021899970405
1464628801508999168,1790943477000-632578958264631296-1464628801508999168,1790943477000,1790951963000,1,78.678,37.0,2.1264324324324324
966356141711818752,1790920912000-632578958264631296-966356141711818752,1790920912000,1790928135000,1,78.367,26.349,2.97419256897795
939548220361539584,1790920957000-632578958264631296-939548220361539584,1790920957000,1790928209000,1,78.316,24.923,3.1423183404887056
947583451614150656,1790926624000-632578958264631296-947583451614150656,1790926624000,1790934652000,1,78.286,38.406,2.03837941988231
1083727333329731584,1790928478000-632578958264631296-1083727333329731584,1790928478000,1790938282000,1,78.237,32.985,2.3718963165075033
1083728582527680512,1790913591000-632578958264631296-1083728582527680512,1790913591000,1790920471000,1,78.211,29.127,2.6851718336938237
1405177997576634368,1790903032000-632578958264631296-1405177997576634368,1790903032000,1790912104000,1,78.18,27.035,2.891806916959497
1385588705250508800,1790914261000-632578958264631296-1385588705250508800,1790914261000,1790921439000,1,78.156,24.003,3.2560929883764533
1131239476161413120,1790894989000-632578958264631296-1131239476161413120,1790894989000,1790904221000,1,78.135,31.128,2.5101195065535853
1469693281720860672,1790938954000-632578958264631296-1469693281720860672,1790938954000,1790945996000,1,78.112,15.135,5.161017509084902
1083728582527680512,1790942930000-632578958264631296-1083728582527680512,1790942930000,1790948849000,1,78.074,24.317,3.210675659003989
1067763772824748032,1790940177000-632578958264631296-1067763772824748032,1790940177000,1790951134000,1,78.055,42.219,1.8488121461901041
1076104369969037312,1790905620000-632578958264631296-1076104369969037312,1790905620000,1790913514000,1,78.012,26.032,2.9967732022126614
1385588909638942720,1790984486000-632578958264631296-1385588909638942720,1790984486000,1790992049000,1,77.919,21.777,3.5780410524865682
1181865772805259264,1790920870000-632578958264631296-1181865772805259264,1790920870000,1790930257000,1,77.907,36.306,2.1458436622045944
1050037109068398592,1790901302000-632578958264631296-1050037109068398592,1790901302000,1790908504000,1,77.777,23.165,3.3575221238938053
1176582767303983104,1790956319000-632578958264631296-1176582767303983104,1790956319000,1790963777000,1,77.717,28.368,2.739600958826847
1067764779667423232,1790945057000-632578958264631296-1067764779667423232,1790945057000,1790954918000,1,77.656,29.733,2.6117781589479705
1060533930890887168,1790921671000-632578958264631296-1060533930890887168,1790921671000,1790928639000,1,77.593,27.828,2.788306741411528
964172050669240320,1790925391000-632578958264631296-964172050669240320,1790925391000,1790932042000,1,77.586,24.506,3.1660001632253323
1083726476706054144,1790913415000-632578958264631296-1083726476706054144,1790913415000,1790921138000,1,77.543,29.273,2.648959792300072
1428033112889098240,1790913385000-632578958264631296-1428033112889098240,1790913385000,1790921044000,1,77.516,28.5,2.719859649122807
944591832124227584,1790914055000-632578958264631296-944591832124227584,1790914055000,1790921403000,1,77.432,31.455,2.4616754093148945
1076923321632686080,1790913398000-632578958264631296-1076923321632686080,1790913398000,1790922486000,1,77.427,27.742,2.7909667651935695
1188192864341852160,1790961066000-632578958264631296-1188192864341852160,1790961066000,1790968399000,1,77.418,21.946,3.5276587988699535
1188192864341852160,1790929008000-632578958264631296-1188192864341852160,1790929008000,1790937634000,1,77.338,34.781,2.223570340128231
1073994678560358400,1790938761000-632578958264631296-1073994678560358400,1790938761000,1790947728000,1,77.32,30.193,2.5608584771304606
1067771070980816896,1790941515000-632578958264631296-1067771070980816896,1790941515000,1790948694000,1,77.307,29.313,2.6372940333640367
1076923968528580608,1790955052000-632578958264631296-1076923968528580608,1790955052000,1790963254000,1,77.264,15.344,5.035453597497393
1047649870816477184,1790918666000-632578958264631296-1047649870816477184,1790918666000,1790925800000,1,77.261,29.189,2.6469217856041656
1182027923075366912,1790911610000-632578958264631296-1182027923075366912,1790911610000,1790918594000,1,77.227,22.622,3.413800724958006
786545248472924160,1790937598000-632578958264631296-786545248472924160,1790937598000,1790946347000,1,77.217,28.056,2.752245508982036
1593330894762934272,1790903652000-632578958264631296-1593330894762934272,1790903652000,1790910372000,1,77.18,26.59,2.902594960511471
1345798361172672512,1790908772000-632578958264631296-1345798361172672512,1790908772000,1790916148000,1,77.167,26.687,2.8915576872634614
1593690913639497728,1790903745000-632578958264631296-1593690913639497728,1790903745000,1790910329000,1,77.166,27.568,2.799114915844457
938442824968306688,1790899137000-632578958264631296-938442824968306688,1790899137000,1790907062000,1,77.033,21.999,3.501659166325742
1083040452048846848,1790951498000-632578958264631296-1083040452048846848,1790951498000,1790959155000,1,76.623,24.782,3.09188120409975
1065671842468986880,1790923319000-632578958264631296-1065671842468986880,1790923319000,1790929587000,1,76.614,14.721,5.204401874872631
947093103351693312,1790934232000-632578958264631296-947093103351693312,1790934232000,1790941069000,1,76.422,31.203,2.4491875781174888
1093088075828953088,1790912958000-632578958264631296-1093088075828953088,1790912958000,1790920357000,1,76.36,29.674,2.5732964885084586
848986467664396288,1790951973000-632578958264631296-848986467664396288,1790951973000,1790958298000,1,76.275,23.847,3.1985155365454774
1476549765217910784,1790904730000-632578958264631296-1476549765217910784,1790904730000,1790911923000,1,76.273,22.515,3.3876526759937815
1050037649940676608,1790908385000-632578958264631296-1050037649940676608,1790908385000,1790914038000,1,76.272,25.747,2.9623645473259024
946032945880104960,1790898708000-632578958264631296-946032945880104960,1790898708000,1790906871000,1,76.197,15.003,5.07878424315137
1477629515881512960,1790985454000-632578958264631296-1477629515881512960,1790985454000,1790995743000,1,76.091,50.501,1.5067226391556603
794226357327364096,1790927880000-632578958264631296-794226357327364096,1790927880000,1790934017000,1,76.061,22.609,3.3641912512716177
931938125880492032,1790982361000-632578958264631296-931938125880492032,1790982361000,1790990116000,1,75.916,36.947,2.0547270414377348
1093087265762050048,1790916337000-632578958264631296-1093087265762050048,1790916337000,1790923049000,1,75.758,24.35,3.1112114989733057
1094956363722784768,1790916338000-632578958264631296-1094956363722784768,1790916338000,1790923150000,1,75.737,23.136,3.2735563623789763
1050036904705130496,1790935694000-632578958264631296-1050036904705130496,1790935694000,1790945674000,1,75.644,23.771,3.182196794413361
1063488404655702016,1790933954000-632578958264631296-1063488404655702016,1790933954000,1790941505000,1,75.625,28.274,2.674718822946877
1067793936933715968,1790896466000-632578958264631296-1067793936933715968,1790896466000,1790903226000,1,75.625,26.881,2.813325397120643
1441118393376702464,1790916521000-632578958264631296-1441118393376702464,1790916521000,1790924044000,1,75.533,27.949,2.7025296074993737
1422205425331208192,1790914704000-632578958264631296-1422205425331208192,1790914704000,1790923080000,1,75.52,30.064,2.511974454497073
1268615019327651840,1790923557000-632578958264631296-1268615019327651840,1790923557000,1790930518000,1,75.453,24.651,3.06084945843982
1050441880044568576,1790942858000-632578958264631296-1050441880044568576,1790942858000,1790950368000,1,75.421,30.537,2.4698234928119986
780122893064339456,1790925475000-632578958264631296-780122893064339456,1790925475000,1790931673000,1,75.42,14.753,5.112180573442689
1385304935976927232,1790931352000-632578958264631296-1385304935976927232,1790931352000,1790938315000,1,75.41,20.277,3.718991961335503
871764433825693696,1790905536000-632578958264631296-871764433825693696,1790905536000,1790912261000,1,75.394,18.713,4.028963821941965
877447351826907136,1790935721000-632578958264631296-877447351826907136,1790935721000,1790944882000,1,75.375,27.475,2.743403093721565
780451558935494656,1790900943000-632578958264631296-780451558935494656,1790900943000,1790906443000,1,75.351,23.885,3.154741469541553
866648852977942528,1790947386000-632578958264631296-866648852977942528,1790947386000,1790953486000,1,75.29,19.841,3.794667607479462
1536022277991170048,1790944125000-632578958264631296-1536022277991170048,1790944125000,1790953759000,1,75.08,23.016,3.2620785540493573
1475452919183572992,1790910231000-632578958264631296-1475452919183572992,1790910231000,1790917208000,1,75.044,13.486,5.564585496069998
946034616492359680,1790910563000-632578958264631296-946034616492359680,1790910563000,1790917211000,1,75.027,14.838,5.056409219571371
944573640047853568,1790915791000-632578958264631296-944573640047853568,1790915791000,1790923535000,1,74.888,20.034,3.738045322950984
1188144161019133952,1790904484000-632578958264631296-1188144161019133952,1790904484000,1790911589000,1,74.864,13.884,5.3921060213195044
1488129049464143872,1790911757000-632578958264631296-1488129049464143872,1790911757000,1790917701000,1,74.81,19.923,3.7549565828439495
1362128357327634432,1790916594000-632578958264631296-1362128357327634432,1790916594000,1790924091000,1,74.807,22.543,3.318413698265537
938442824968306688,1790909264000-632578958264631296-938442824968306688,1790909264000,1790916303000,1,74.761,16.9,4.423727810650887
1181865650805538816,1790925925000-632578958264631296-1181865650805538816,1790925925000,1790935690000,1,74.67,32.916,2.2685016405395557
870568761881526272,1790923185000-632578958264631296-870568761881526272,1790923185000,1790929849000,1,74.65,17.619,4.236903342982009
1111626569580806144,1790948727000-632578958264631296-1111626569580806144,1790948727000,1790958714000,1,74.601,29.155,2.5587720802606757
1050036509840769024,1790913515000-632578958264631296-1050036509840769024,1790913515000,1790921081000,1,74.598,31.258,2.3865250495873056
1094956363722784768,1790906297000-632578958264631296-1094956363722784768,1790906297000,1790913808000,1,74.596,25.889,2.8813781915099077
1209168031477923840,1790931104000-632578958264631296-1209168031477923840,1790931104000,1790936636000,1,74.569,19.631,3.7985329326065917
1093087265762050048,1790906254000-632578958264631296-1093087265762050048,1790906254000,1790913835000,1,74.566,26.599,2.803338471371104
947094374120947712,1790914119000-632578958264631296-947094374120947712,1790914119000,1790921923000,1,74.496,34.103,2.1844412515028
1083726988146900992,1790905753000-632578958264631296-1083726988146900992,1790905753000,1790911921000,1,74.285,16.138,4.60311067046722
946027748999036928,1790903568000-632578958264631296-946027748999036928,1790903568000,1790910118000,1,74.214,22.746,3.2627275125296755
1136716787434389504,1790931043000-632578958264631296-1136716787434389504,1790931043000,1790938430000,1,74.196,24.23,3.0621543541064793
940988876032311296,1790899081000-632578958264631296-940988876032311296,1790899081000,1790905881000,1,74.129,21.305,3.4794179770007045
1067764779667423232,1790904888000-632578958264631296-1067764779667423232,1790904888000,1790911289000,1,74.124,23.5,3.1542127659574466
1536014517601828864,1790939302000-632578958264631296-1536014517601828864,1790939302000,1790947107000,1,74.088,29.921,2.476120450519702
1062738572429230080,1790931864000-632578958264631296-1062738572429230080,1790931864000,1790938190000,1,74.057,18.699,3.960479170009091
1083727986517082112,1790913581000-632578958264631296-1083727986517082112,1790913581000,1790919865000,1,74.03,27.621,2.6802070888092393
1488160320575766528,1790948408000-632578958264631296-1488160320575766528,1790948408000,1790956620000,1,73.869,27.327,2.7031507300472057
1046837731746906112,1790951848000-632578958264631296-1046837731746906112,1790951848000,1790958297000,1,73.75,14.965,4.928165720013364
1397607242391355392,1790904174000-632578958264631296-1397607242391355392,1790904174000,1790912920000,1,73.705,27.166,2.713134064639623
873101078441230336,1790924961000-632578958264631296-873101078441230336,1790924961000,1790930906000,1,73.613,22.573,3.2611084038453018
943818030159233024,1790929984000-632578958264631296-943818030159233024,1790929984000,1790936863000,1,73.576,25.647,2.8687955706320425
1076924285072703488,1790911711000-632578958264631296-1076924285072703488,1790911711000,1790919101000,1,73.543,24.012,3.0627602865234054
1101524127430213632,1790925586000-632578958264631296-1101524127430213632,1790925586000,1790933027000,1,73.522,26.565,2.7676265763222285
1060533930890887168,1790915020000-632578958264631296-1060533930890887168,1790915020000,1790921535000,1,73.392,26.451,2.7746399001928093
1079444806125486080,1790939431000-632578958264631296-1079444806125486080,1790939431000,1790947062000,1,73.245,27.312,2.681788224956063
790970454885007360,1790913096000-632578958264631296-790970454885007360,1790913096000,1790918980000,1,73.239,20.111,3.641738352145592
940246123384143872,1790924233000-632578958264631296-940246123384143872,1790924233000,1790930165000,1,73.226,30.796,2.3777763345889076
1083728582527680512,1790923525000-632578958264631296-1083728582527680512,1790923525000,1790929344000,1,73.124,24.834,2.9445115567367317
794950170587430912,1790910026000-632578958264631296-794950170587430912,1790910026000,1790916081000,1,73.101,20.559,3.555669050051072
1088492376734826496,1790929916000-632578958264631296-1088492376734826496,1790929916000,1790936454000,1,73.1,19.447,3.7589345400318814
1050036987500691456,1790900177000-632578958264631296-1050036987500691456,1790900177000,1790908029000,1,72.919,31.815,2.2919691969196916
947093103351693312,1790941073000-632578958264631296-947093103351693312,1790941073000,1790948008000,1,72.764,29.309,2.4826503804292193
1477629723302428672,1790917006000-632578958264631296-1477629723302428672,1790917006000,1790925227000,1,72.739,19.876,3.659639766552626
947102733284933632,1790983655000-632578958264631296-947102733284933632,1790983655000,1790990394000,1,72.653,27.037,2.687169434478678
1486716779844599808,1790935600000-632578958264631296-1486716779844599808,1790935600000,1790943519000,1,72.569,31.762,2.2847742585479502
1524760784293330944,1790950623000-632578958264631296-1524760784293330944,1790950623000,1790960438000,1,72.555,29.583,2.4525910151100296
1070378226594873344,1790941413000-632578958264631296-1070378226594873344,1790941413000,1790947408000,1,72.531,26.017,2.7878310335549834
1083726476706054144,1790944247000-632578958264631296-1083726476706054144,1790944247000,1790951972000,1,72.399,27.869,2.5978327173562024
1070370579279773696,1790983901000-632578958264631296-1070370579279773696,1790983901000,1790990798000,1,72.365,31.556,2.2932247433134743
1083726930487803904,1790898201000-632578958264631296-1083726930487803904,1790898201000,1790904943000,1,72.263,14.423,5.010261388060736
866245373776101376,1790916925000-632578958264631296-866245373776101376,1790916925000,1790923269000,1,72.193,12.724,5.673766111285759
1067775974323519488,1790929352000-632578958264631296-1067775974323519488,1790929352000,1790935737000,1,72.155,17.65,4.088101983002833
1462138214197231616,1790929177000-632578958264631296-1462138214197231616,1790929177000,1790935604000,1,72.115,18.463,3.905919948004116
1062738572429230080,1790941464000-632578958264631296-1062738572429230080,1790941464000,1790947672000,1,72.11,20.611,3.49861724321964
940981890892955648,1790941443000-632578958264631296-940981890892955648,1790941443000,1790947399000,1,72.11,27.231,2.6480849032352833
1079095785133441024,1790935668000-632578958264631296-1079095785133441024,1790935668000,1790943001000,1,72.002,31.733,2.268994422210317
1476549608761982976,1790927324000-632578958264631296-1476549608761982976,1790927324000,1790933518000,1,71.933,24.694,2.912974811695149
1079778539525373952,1790935027000-632578958264631296-1079778539525373952,1790935027000,1790941013000,1,71.9,14.69,4.894486044928524
1093087265762050048,1790926628000-632578958264631296-1093087265762050048,1790926628000,1790933967000,1,71.78,23.905,3.002719096423342
1136692610564358144,1790917391000-632578958264631296-1136692610564358144,1790917391000,1790923329000,1,71.746,20.023,3.583179343754682
1094956363722784768,1790926622000-632578958264631296-1094956363722784768,1790926622000,1790934294000,1,71.685,23.221,3.0870763533008914
947926207788220416,1790943139000-632578958264631296-947926207788220416,1790943139000,1790950871000,1,71.679,40.155,1.7850579006350393
1083727333329731584,1790944562000-632578958264631296-1083727333329731584,1790944562000,1790952709000,1,71.669,24.755,2.895132296505756
1079095785133441024,1790921779000-632578958264631296-1079095785133441024,1790921779000,1790928580000,1,71.622,30.179,2.373239669969184
1082303861131051008,1790908008000-632578958264631296-1082303861131051008,1790908008000,1790914144000,1,71.596,24.107,2.969925747708135
944590362620461056,1790908086000-632578958264631296-944590362620461056,1790908086000,1790915456000,1,71.518,27.86,2.5670495333811916
947581828959567872,1790910866000-632578958264631296-947581828959567872,1790910866000,1790916530000,1,71.462,21.679,3.2963697587527103
1060630916881186816,1790946471000-632578958264631296-1060630916881186816,1790946471000,1790953035000,1,71.4,23.113,3.089170596633929
1050036776183267328,1790927289000-632578958264631296-1050036776183267328,1790927289000,1790933458000,1,71.3,25.761,2.7677496991576414
862677666426257408,1790931144000-632578958264631296-862677666426257408,1790931144000,1790936810000,1,71.05,19.952,3.5610465116279064
870286624469024768,1790935184000-632578958264631296-870286624469024768,1790935184000,1790940731000,1,70.995,18.66,3.804662379421222
964172050669240320,1790899944000-632578958264631296-964172050669240320,1790899944000,1790904883000,1,70.854,18.57,3.8155088852988692
1505944797024616448,1790962307000-632578958264631296-1505944797024616448,1790962307000,1790969487000,1,70.768,26.085,2.712976806593828
996808469547843584,1790914785000-632578958264631296-996808469547843584,1790914785000,1790921950000,1,70.768,31.643,2.2364503997724614
866648852977942528,1790915848000-632578958264631296-866648852977942528,1790915848000,1790921472000,1,70.753,13.93,5.079181622397703
1536014577374855168,1790962298000-632578958264631296-1536014577374855168,1790962298000,1790969499000,1,70.748,28.77,2.459089329162322
873104331912511488,1790908473000-632578958264631296-873104331912511488,1790908473000,1790914711000,1,70.719,17.981,3.932984817307157
1471165285556813824,1790955344000-632578958264631296-1471165285556813824,1790955344000,1790962968000,1,70.596,26.074,2.7075247372861853
1422205425331208192,1790925492000-632578958264631296-1422205425331208192,1790925492000,1790933888000,1,70.562,28.294,2.493885629462077
1536393085787832320,1790916014000-632578958264631296-1536393085787832320,1790916014000,1790921429000,1,70.366,14.219,4.948730571770167
1536014596580573184,1790915931000-632578958264631296-1536014596580573184,1790915931000,1790921425000,1,70.346,20.861,3.372129811610182
1136252936335130624,1790914162000-632578958264631296-1136252936335130624,1790914162000,1790920566000,1,70.341,28.03,2.509489832322511
1602017244622094336,1790955736000-632578958264631296-1602017244622094336,1790955736000,1790962767000,1,70.294,24.028,2.9255035791576494
1385588586753032192,1790921387000-632578958264631296-1385588586753032192,1790921387000,1790927777000,1,70.287,12.688,5.539643757881463
952162532812914688,1790903473000-632578958264631296-952162532812914688,1790903473000,1790909838000,1,70.273,24.406,2.8793329509137098
1173302979768352768,1790922008000-632578958264631296-1173302979768352768,1790922008000,1790927943000,1,70.213,22.133,3.172321872317354
1070370579279773696,1790940642000-632578958264631296-1070370579279773696,1790940642000,1790946909000,1,70.136,20.888,3.357717349674454
1593405762816704512,1790965579000-632578958264631296-1593405762816704512,1790965579000,1790973513000,1,70.01,34.127,2.0514548597884374
1211337321434054656,1790907658000-632578958264631296-1211337321434054656,1790907658000,1790913398000,1,69.991,23.236,3.0121793768290583
1501933902321680384,1790976119000-632578958264631296-1501933902321680384,1790976119000,1790982685000,1,69.901,11.807,5.9203015160498005
1067793936933715968,1790953387000-632578958264631296-1067793936933715968,1790953387000,1790959266000,1,69.875,24.289,2.876816665980485
1050036721544069120,1790906337000-632578958264631296-1050036721544069120,1790906337000,1790911948000,1,69.872,27.615,2.5302190838312515
847126508215468032,1790952159000-632578958264631296-847126508215468032,1790952159000,1790958179000,1,69.837,22.239,3.1402940779711317
944573640047853568,1790948245000-632578958264631296-944573640047853568,1790948245000,1790954641000,1,69.693,18.122,3.845767575322812
790970454885007360,1790930760000-632578958264631296-790970454885007360,1790930760000,1790936448000,1,69.651,24.289,2.867594384289184
1071481767405289472,1790936912000-632578958264631296-1071481767405289472,1790936912000,1790942410000,1,69.625,15.67,4.443203573707722
1406586595699589120,1790939284000-632578958264631296-1406586595699589120,1790939284000,1790946373000,1,69.556,13.452,5.170680939637228
1136716787434389504,1790940285000-632578958264631296-1136716787434389504,1790940285000,1790947699000,1,69.536,24.796,2.8043232779480562
1065321017443876864,1790939362000-632578958264631296-1065321017443876864,1790939362000,1790947216000,1,69.521,20.209,3.44010094512346
996808469547843584,1790944226000-632578958264631296-996808469547843584,1790944226000,1790950733000,1,69.519,26.821,2.5919615226874466
1462138214197231616,1790936025000-632578958264631296-1462138214197231616,1790936025000,1790942198000,1,69.437,16.929,4.101659873589698
1079774673618599936,1790925000000-632578958264631296-1079774673618599936,1790925000000,1790932158000,1,69.424,11.637,5.965798745381112
1067775974323519488,1790936239000-632578958264631296-1067775974323519488,1790936239000,1790942342000,1,69.402,15.409,4.503991173989227
1132635709874634752,1790904693000-632578958264631296-1132635709874634752,1790904693000,1790911412000,1,69.4,23.446,2.9599931758082403
1389244197004902400,1790914464000-632578958264631296-1389244197004902400,1790914464000,1790920845000,1,69.383,17.253,4.021503506636527
871764433825693696,1790924214000-632578958264631296-871764433825693696,1790924214000,1790929987000,1,69.236,16.359,4.232288037166086
929711155667009536,1790899819000-632578958264631296-929711155667009536,1790899819000,1790906679000,1,69.117,26.432,2.6148986077481844
873109579045535744,1790936195000-632578958264631296-873109579045535744,1790936195000,1790943572000,1,69.104,20.158,3.428117868836194
1357047782162038784,1790906190000-632578958264631296-1357047782162038784,1790906190000,1790912259000,1,69.022,21.166,3.2609845979400927
780452749606125568,1790918494000-632578958264631296-780452749606125568,1790918494000,1790925008000,1,68.968,22.113,3.1188893411115637
1072872003913908224,1790915484000-632578958264631296-1072872003913908224,1790915484000,1790921562000,1,68.919,29.404,2.343864780302
946029060134273024,1790940185000-632578958264631296-946029060134273024,1790940185000,1790946320000,1,68.908,13.526,5.094484696140766
966384365741277184,1790918590000-632578958264631296-966384365741277184,1790918590000,1790925087000,1,68.889,27.424,2.511996791131855
866686329780436992,1790928216000-632578958264631296-866686329780436992,1790928216000,1790934224000,1,68.583,16.351,4.1944223594887164
1484590862305329152,1790899697000-632578958264631296-1484590862305329152,1790899697000,1790907198000,1,68.578,24.356,2.815651174248645
944571594812948480,1790911331000-632578958264631296-944571594812948480,1790911331000,1790918018000,1,68.541,14.819,4.625210877926985
928334310946111488,1790930466000-632578958264631296-928334310946111488,1790930466000,1790936970000,1,68.533,24.639,2.7814846381752507
946033927888306176,1790905002000-632578958264631296-946033927888306176,1790905002000,1790912313000,1,68.493,35.329,1.9387188994876727
1050037649940676608,1790902340000-632578958264631296-1050037649940676608,1790902340000,1790907678000,1,68.413,24.462,2.7967050936145856
1471144582421938176,1790944648000-632578958264631296-1471144582421938176,1790944648000,1790950763000,1,68.308,22.575,3.025825027685493
932613192947859456,1790910546000-632578958264631296-932613192947859456,1790910546000,1790916349000,1,68.286,15.125,4.514776859504132
931892603408875520,1790906534000-632578958264631296-931892603408875520,1790906534000,1790912178000,1,68.226,20.803,3.279623131279142
947583451614150656,1790906536000-632578958264631296-947583451614150656,1790906536000,1790913393000,1,68.165,22.743,2.9971859473244518
1089954932305428480,1790910169000-632578958264631296-1089954932305428480,1790910169000,1790917942000,1,68.137,29.053,2.3452655491687606
1428064485414797312,1790949353000-632578958264631296-1428064485414797312,1790949353000,1790955385000,1,68.108,25.382,2.68331888740052
1182027923075366912,1790957212000-632578958264631296-1182027923075366912,1790957212000,1790963320000,1,68.011,20.414,3.3315861663564217
1070378226594873344,1790904606000-632578958264631296-1070378226594873344,1790904606000,1790912245000,1,67.964,30.39,2.2363935505100363
1050467664377413632,1790982123000-632578958264631296-1050467664377413632,1790982123000,1790988388000,1,67.924,25.676,2.6454276367035368
1061350361924632576,1790914198000-632578958264631296-1061350361924632576,1790914198000,1790921439000,1,67.896,27.277,2.4891300362943136
1134878026966761472,1790926037000-632578958264631296-1134878026966761472,1790926037000,1790932201000,1,67.756,28.667,2.363553912163812
951556794549796864,1790924127000-632578958264631296-951556794549796864,1790924127000,1790930599000,1,67.734,23.007,2.9440605033250744
1357047782162038784,1790983017000-632578958264631296-1357047782162038784,1790983017000,1790989068000,1,67.69,19.341,3.4998190372783204
1593405762816704512,1790978783000-632578958264631296-1593405762816704512,1790978783000,1790987269000,1,67.656,22.181,3.050178080339029
1526262198169501696,1790954491000-632578958264631296-1526262198169501696,1790954491000,1790960457000,1,67.543,11.342,5.955122553341563
787000328028422144,1790908029000-632578958264631296-787000328028422144,1790908029000,1790915182000,1,67.454,23.5,2.870382978723404
1071018553202704384,1790915115000-632578958264631296-1071018553202704384,1790915115000,1790920791000,1,67.421,21.398,3.1508084867744652
1050036904705130496,1790899499000-632578958264631296-1050036904705130496,1790899499000,1790905176000,1,67.42,13.315,5.063462260608337
1535695002116554752,1790904688000-632578958264631296-1535695002116554752,1790904688000,1790911749000,1,67.289,22.638,2.972391554024207
944573640047853568,1790906678000-632578958264631296-944573640047853568,1790906678000,1790913853000,1,67.272,16.394,4.103452482615592
787000328028422144,1790927775000-632578958264631296-787000328028422144,1790927775000,1790936673000,1,67.219,21.192,3.1719044922612305
1406586595699589120,1790950460000-632578958264631296-1406586595699589120,1790950460000,1790956593000,1,67.177,12.32,5.452678571428572
946029060134273024,1790950426000-632578958264631296-946029060134273024,1790950426000,1790956556000,1,67.167,13.221,5.080326752893125
803716121332023296,1790893605000-632578958264631296-803716121332023296,1790893605000,1790900294000,1,67.141,14.177,4.735910277209565
1067765309810671616,1790912192000-632578958264631296-1067765309810671616,1790912192000,1790918979000,1,67.131,21.303,3.151246303337558
1536014751404916736,1790927147000-632578958264631296-1536014751404916736,1790927147000,1790935254000,1,67.103,24.996,2.6845495279244678
1405177997576634368,1790914817000-632578958264631296-1405177997576634368,1790914817000,1790924896000,1,67.097,21.239,3.1591412025048258
1571542304466927616,1790985376000-632578958264631296-1571542304466927616,1790985376000,1790993796000,1,67.086,19.65,3.4140458015267177
1385588705250508800,1790906337000-632578958264631296-1385588705250508800,1790906337000,1790912338000,1,67.08,19.139,3.504885312712263
1604183215143124992,1790943874000-632578958264631296-1604183215143124992,1790943874000,1790951288000,1,67.074,27.265,2.46007702182285
1464286463544786944,1790912171000-632578958264631296-1464286463544786944,1790912171000,1790918908000,1,67.064,20.366,3.2929392124128447
951561875261227008,1790923812000-632578958264631296-951561875261227008,1790923812000,1790929802000,1,66.945,21.403,3.127832546839228
874363612666265600,1790898868000-632578958264631296-874363612666265600,1790898868000,1790904888000,1,66.919,16.951,3.947790690814701
1182027923075366912,1790964602000-632578958264631296-1182027923075366912,1790964602000,1790970191000,1,66.751,18.892,3.5332945161973326
1136252936335130624,1790944906000-632578958264631296-1136252936335130624,1790944906000,1790951691000,1,66.69,28.438,2.3451016245868206
1050036776183267328,1790949584000-632578958264631296-1050036776183267328,1790949584000,1790957803000,1,66.647,20.536,3.245373977405532
1087441747748847616,1790895517000-632578958264631296-1087441747748847616,1790895517000,1790901664000,1,66.634,29.963,2.2238761138737777
1082360641819246592,1790984745000-632578958264631296-1082360641819246592,1790984745000,1790991079000,1,66.509,19.664,3.3822721724979656
818154714091749376,1790903422000-632578958264631296-818154714091749376,1790903422000,1790909038000,1,66.471,20.241,3.2839780643248853
1072572023244324864,1790919248000-632578958264631296-1072572023244324864,1790919248000,1790926056000,1,66.408,24.497,2.7108625545985223
1401196266230120448,1790924421000-632578958264631296-1401196266230120448,1790924421000,1790930988000,1,66.372,28.986,2.289795073483751
1045646397224779776,1790926859000-632578958264631296-1045646397224779776,1790926859000,1790933063000,1,66.179,13.354,4.955743597423993
1076104369969037312,1790915167000-632578958264631296-1076104369969037312,1790915167000,1790921666000,1,66.018,27.544,2.396819634040081
947102733284933632,1790909917000-632578958264631296-947102733284933632,1790909917000,1790917333000,1,65.823,29.044,2.2663200661065965
1389244302743306240,1790983180000-632578958264631296-1389244302743306240,1790983180000,1790989792000,1,65.818,22.699,2.8995991012819946
873101078441230336,1790893515000-632578958264631296-873101078441230336,1790893515000,1790899884000,1,65.794,21.501,3.0600437188967953
1298646515224412160,1790901423000-632578958264631296-1298646515224412160,1790901423000,1790908752000,1,65.738,21.727,3.0256363050582222
1176184196838719488,1790935860000-632578958264631296-1176184196838719488,1790935860000,1790941357000,1,65.688,14.62,4.493023255813954
857602255610707968,1790984276000-632578958264631296-857602255610707968,1790984276000,1790990077000,1,65.595,22.83,2.873193166885677
1080818558042112000,1790925768000-632578958264631296-1080818558042112000,1790925768000,1790930954000,1,65.493,11.546,5.672354062012818
932333591893901312,1790981623000-632578958264631296-932333591893901312,1790981623000,1790987274000,1,65.48,24.169,2.709255658074393
947094374120947712,1790899048000-632578958264631296-947094374120947712,1790899048000,1790907660000,1,65.286,25.278,2.5827201519107525
873104331912511488,1790916360000-632578958264631296-873104331912511488,1790916360000,1790923136000,1,65.238,17.944,3.63564422648239
1188192864341852160,1790980104000-632578958264631296-1188192864341852160,1790980104000,1790985945000,1,65.177,19.03,3.424960588544404
1152269748554170368,1790903901000-632578958264631296-1152269748554170368,1790903901000,1790910406000,1,65.074,15.359,4.236864379191354
1361380561528029184,1790894547000-632578958264631296-1361380561528029184,1790894547000,1790904294000,1,65.031,15.472,4.203141158221303
1083726740557135872,1790976133000-632578958264631296-1083726740557135872,1790976133000,1790982236000,1,65.025,13.125,4.954285714285715
780452749606125568,1790938451000-632578958264631296-780452749606125568,1790938451000,1790944170000,1,64.963,22.685,2.8636984791712585
932612842287267840,1790904208000-632578958264631296-932612842287267840,1790904208000,1790909774000,1,64.908,15.976,4.062844266399599
1355523374926790656,1790901723000-632578958264631296-1355523374926790656,1790901723000,1790907792000,1,64.873,11.426,5.677664974619289
915980150607183872,1790897161000-632578958264631296-915980150607183872,1790897161000,1790904526000,1,64.788,21.67,2.9897554222427316
1050035879038418944,1790905799000-632578958264631296-1050035879038418944,1790905799000,1790915898000,1,64.5,27.675,2.330623306233062
1593405762816704512,1790955568000-632578958264631296-1593405762816704512,1790955568000,1790963186000,1,64.394,38.29,1.6817445808305043
1286311379313098752,1790982107000-632578958264631296-1286311379313098752,1790982107000,1790990512000,1,64.382,16.121,3.993672849078842
1289307004661137408,1790947476000-632578958264631296-1289307004661137408,1790947476000,1790954776000,1,64.277,24.108,2.666210386593662
796706773456125952,1790897121000-632578958264631296-796706773456125952,1790897121000,1790907370000,1,64.145,14.114,4.544778234377214
1083727986517082112,1790956666000-632578958264631296-1083727986517082112,1790956666000,1790961904000,1,64.115,23.945,2.677594487366882
787000328028422144,1790947009000-632578958264631296-787000328028422144,1790947009000,1790954658000,1,64.07,19.873,3.2239722236199864
951558904641224704,1790956393000-632578958264631296-951558904641224704,1790956393000,1790963390000,1,64.032,23.362,2.7408612276346203
1454186236603269120,1790940807000-632578958264631296-1454186236603269120,1790940807000,1790951201000,1,63.955,29.272,2.184852418693632
1138782810882965504,1790962290000-632578958264631296-1138782810882965504,1790962290000,1790969374000,1,63.942,26.286,2.4325496461994978
1083727986517082112,1790906970000-632578958264631296-1083727986517082112,1790906970000,1790912692000,1,63.928,25.894,2.468834479029891
642055098863718400,1790962340000-632578958264631296-642055098863718400,1790962340000,1790969314000,1,63.896,22.474,2.8431075909940375
1389244197004902400,1790905155000-632578958264631296-1389244197004902400,1790905155000,1790912141000,1,63.862,30.245,2.1114895023970903
947105297703370752,1790935675000-632578958264631296-947105297703370752,1790935675000,1790942171000,1,63.798,25.972,2.4564146003388263
943458585302532096,1790936498000-632578958264631296-943458585302532096,1790936498000,1790942104000,1,63.717,12.594,5.059313959028109
1079026604165824512,1790936746000-632578958264631296-1079026604165824512,1790936746000,1790943618000,1,63.708,22.504,2.8309633842872377
1536014681523617792,1790984162000-632578958264631296-1536014681523617792,1790984162000,1790990237000,1,63.686,23.43,2.7181391378574475
1537822792169291776,1790942550000-632578958264631296-1537822792169291776,1790942550000,1790947633000,1,63.638,19.219,3.3112024559030124
951556794549796864,1790911234000-632578958264631296-951556794549796864,1790911234000,1790917330000,1,63.631,26.249,2.424130443064498
1536014543027699712,1790896682000-632578958264631296-1536014543027699712,1790896682000,1790901817000,1,63.625,22.636,2.810788125110444
952249131684855808,1790921299000-632578958264631296-952249131684855808,1790921299000,1790927728000,1,63.491,19.63,3.234386143657667
1083039951072788480,1790942809000-632578958264631296-1083039951072788480,1790942809000,1790952398000,1,63.489,30.098,2.1094092630739585
1067764685513687040,1790936315000-632578958264631296-1067764685513687040,1790936315000,1790944057000,1,63.473,32.636,1.9448768231400906
866245317551456256,1790954961000-632578958264631296-866245317551456256,1790954961000,1790963214000,1,63.45,17.098,3.7109603462393266
1067793936933715968,1790932665000-632578958264631296-1067793936933715968,1790932665000,1790938926000,1,63.226,24.364,2.5950582827121984
1067765189559975936,1790931043000-632578958264631296-1067765189559975936,1790931043000,1790937236000,1,63.165,12.923,4.887796951172328
1501934002158698496,1790922229000-632578958264631296-1501934002158698496,1790922229000,1790928529000,1,63.052,24.177,2.6079331596145097
1071018553202704384,1790907739000-632578958264631296-1071018553202704384,1790907739000,1790914401000,1,63.018,36.153,1.743091859596714
1482772108667781120,1790902026000-632578958264631296-1482772108667781120,1790902026000,1790908095000,1,63.0,19.0,3.3157894736842106
1136252936335130624,1790923305000-632578958264631296-1136252936335130624,1790923305000,1790929910000,1,62.956,32.531,1.9352617503304541
1083726789898928128,1790958324000-632578958264631296-1083726789898928128,1790958324000,1790965496000,1,62.889,20.206,3.1123923587053355
1083727772540469248,1790943087000-632578958264631296-1083727772540469248,1790943087000,1790950980000,1,62.782,14.746,4.257561372575613
1093476797997121536,1790938751000-632578958264631296-1093476797997121536,1790938751000,1790944838000,1,62.61,21.515,2.9100627469207527
1385304935976927232,1790940647000-632578958264631296-1385304935976927232,1790940647000,1790948602000,1,62.593,20.945,2.9884459298161854
1083016936570224640,1790910204000-632578958264631296-1083016936570224640,1790910204000,1790916753000,1,62.514,27.606,2.2645077157139752
916722872880201728,1790898440000-632578958264631296-916722872880201728,1790898440000,1790905192000,1,62.481,19.18,3.257612095933264
1079095062366781440,1790910274000-632578958264631296-1079095062366781440,1790910274000,1790915745000,1,62.358,24.538,2.5412829081424726
1073201833905750016,1790953654000-632578958264631296-1073201833905750016,1790953654000,1790961180000,1,62.135,19.804,3.1374974752575238
1087441747748847616,1790913955000-632578958264631296-1087441747748847616,1790913955000,1790919113000,1,62.096,23.787,2.610501534451591
1211337321434054656,1790913587000-632578958264631296-1211337321434054656,1790913587000,1790918820000,1,62.053,20.176,3.075584853291039
1422205521707925504,1790913493000-632578958264631296-1422205521707925504,1790913493000,1790920057000,1,61.973,27.427,2.2595617457250157
1089902742123577344,1790897338000-632578958264631296-1089902742123577344,1790897338000,1790904120000,1,61.972,16.763,3.6969516196384893
1500484476822618112,1790911194000-632578958264631296-1500484476822618112,1790911194000,1790917336000,1,61.914,21.32,2.904033771106942
946033927888306176,1790982690000-632578958264631296-946033927888306176,1790982690000,1790988471000,1,61.757,25.538,2.4182394862557755
1067764685513687040,1790922604000-632578958264631296-1067764685513687040,1790922604000,1790929358000,1,61.704,33.012,1.8691384950926935
869954569466019840,1790945025000-632578958264631296-869954569466019840,1790945025000,1790951470000,1,61.553,12.936,4.758271490414347
1428033112889098240,1790944220000-632578958264631296-1428033112889098240,1790944220000,1790950604000,1,61.533,21.253,2.8952618453865338
1441118393376702464,1790983375000-632578958264631296-1441118393376702464,1790983375000,1790989668000,1,61.531,25.583,2.405151858656139
1406586435233906688,1790922497000-632578958264631296-1406586435233906688,1790922497000,1790928228000,1,61.53,16.214,3.7948686320463803
1050036776183267328,1790940458000-632578958264631296-1050036776183267328,1790940458000,1790946166000,1,61.488,25.48,2.413186813186813
1385588586753032192,1790928369000-632578958264631296-1385588586753032192,1790928369000,1790933738000,1,61.482,11.31,5.436074270557029
1536014695108968448,1790983437000-632578958264631296-1536014695108968448,1790983437000,1790989448000,1,61.48,23.069,2.6650483332610864
1540361293100220416,1790929158000-632578958264631296-1540361293100220416,1790929158000,1790937813000,1,61.469,26.853,2.289092466391092
1484590862305329152,1790944269000-632578958264631296-1484590862305329152,1790944269000,1790949570000,1,61.446,13.724,4.477266103176916
915980150607183872,1790905442000-632578958264631296-915980150607183872,1790905442000,1790910805000,1,61.441,15.543,3.9529691822685455
1536014625517076480,1790983516000-632578958264631296-1536014625517076480,1790983516000,1790989483000,1,61.435,22.942,2.6778397698544154
1088168906306093056,1790905861000-632578958264631296-1088168906306093056,1790905861000,1790912171000,1,61.433,22.306,2.754102035326818
1428064485414797312,1790921172000-632578958264631296-1428064485414797312,1790921172000,1790926396000,1,61.395,21.489,2.8570431383498534
1060579746913452032,1790963029000-632578958264631296-1060579746913452032,1790963029000,1790971512000,1,61.351,23.049,2.6617640678554384
1401196266230120448,1790954685000-632578958264631296-1401196266230120448,1790954685000,1790962946000,1,61.336,28.479,2.153727307840865
964172050669240320,1790942836000-632578958264631296-964172050669240320,1790942836000,1790954249000,1,61.281,28.758,2.1309200918005424
946030376206204928,1790920135000-632578958264631296-946030376206204928,1790920135000,1790926698000,1,61.248,27.121,2.2583238081191697
870275474985582592,1790908370000-632578958264631296-870275474985582592,1790908370000,1790913220000,1,61.228,18.334,3.3395876513581326
1089902742123577344,1790930945000-632578958264631296-1089902742123577344,1790930945000,1790936387000,1,61.187,21.013,2.91186408413839
1486716779844599808,1790897344000-632578958264631296-1486716779844599808,1790897344000,1790905670000,1,61.174,25.16,2.4313990461049286
794226357327364096,1790907739000-632578958264631296-794226357327364096,1790907739000,1790912989000,1,61.158,19.084,3.204674072521484
1536014517601828864,1790952339000-632578958264631296-1536014517601828864,1790952339000,1790960120000,1,61.126,29.276,2.0879218472468914
870568761881526272,1790892480000-632578958264631296-870568761881526272,1790892480000,1790899712000,1,61.115,16.513,3.7010234360806633
786545248472924160,1790969945000-632578958264631296-786545248472924160,1790969945000,1790981050000,1,61.11,44.913,1.3606305524013094
1046837731746906112,1790934988000-632578958264631296-1046837731746906112,1790934988000,1790940716000,1,61.101,22.59,2.704780876494024
790193276584984576,1790944999000-632578958264631296-790193276584984576,1790944999000,1790950240000,1,61.097,15.201,4.01927504769423
931892603408875520,1790898416000-632578958264631296-931892603408875520,1790898416000,1790903825000,1,61.093,21.838,2.7975547211283085
1050036836505747456,1790893636000-632578958264631296-1050036836505747456,1790893636000,1790899456000,1,61.01,15.93,3.8298807281858127
973914141028777984,1790904337000-632578958264631296-973914141028777984,1790904337000,1790911188000,1,60.917,18.949,3.2147870600031663
866648852977942528,1790985413000-632578958264631296-866648852977942528,1790985413000,1790991656000,1,60.877,19.393,3.1391223637394936
928334310946111488,1790921792000-632578958264631296-928334310946111488,1790921792000,1790928244000,1,60.827,28.956,2.1006699820417185
1065321017443876864,1790931105000-632578958264631296-1065321017443876864,1790931105000,1790937570000,1,60.77,19.536,3.1106674856674856
1478688867300147200,1790908496000-632578958264631296-1478688867300147200,1790908496000,1790913459000,1,60.75,27.514,2.2079668532383514
915980150607183872,1790947813000-632578958264631296-915980150607183872,1790947813000,1790953332000,1,60.693,13.944,4.3526247848537
939547417898909696,1790926046000-632578958264631296-939547417898909696,1790926046000,1790931960000,1,60.632,27.944,2.169768107643859
948575900767617024,1790908170000-632578958264631296-948575900767617024,1790908170000,1790913702000,1,60.626,15.519,3.90656614472582
1083727931903049728,1790905557000-632578958264631296-1083727931903049728,1790905557000,1790912194000,1,60.536,20.629,2.9345096708517135
803716121332023296,1790900971000-632578958264631296-803716121332023296,1790900971000,1790905177000,1,60.522,10.741,5.634670887254446
798991075485155328,1790919846000-632578958264631296-798991075485155328,1790919846000,1790924309000,1,60.414,10.402,5.807921553547395
935951856658546688,1790953600000-632578958264631296-935951856658546688,1790953600000,1790960411000,1,60.358,24.209,2.4932050064025773
1081223436249858048,1790956607000-632578958264631296-1081223436249858048,1790956607000,1790963289000,1,60.346,18.623,3.2404016538688714
1081614639520808960,1790980037000-632578958264631296-1081614639520808960,1790980037000,1790985772000,1,60.27,11.223,5.37022186581128
1067763722711203840,1790937938000-632578958264631296-1067763722711203840,1790937938000,1790942543000,1,60.0,18.812,3.1894535402934294
1083039951072788480,1790902676000-632578958264631296-1083039951072788480,1790902676000,1790909029000,1,59.966,29.661,2.0217120124068644
1501933902321680384,1790932971000-632578958264631296-1501933902321680384,1790932971000,1790938763000,1,59.957,10.496,5.712366615853658
947093103351693312,1790950603000-632578958264631296-947093103351693312,1790950603000,1790955490000,1,59.932,20.672,2.899187306501548
1083727517765861376,1790946443000-632578958264631296-1083727517765861376,1790946443000,1790952863000,1,59.916,11.534,5.194728628402982
1477629515881512960,1790952191000-632578958264631296-1477629515881512960,1790952191000,1790962400000,1,59.75,26.371,2.2657464639186986
1601276183436066816,1790902539000-632578958264631296-1601276183436066816,1790902539000,1790913052000,1,59.613,42.653,1.3976273650153566
1298646515224412160,1790932745000-632578958264631296-1298646515224412160,1790932745000,1790939107000,1,59.598,21.484,2.774064420033513
1488156479612518400,1790903269000-632578958264631296-1488156479612518400,1790903269000,1790909122000,1,59.575,28.546,2.0869824143487707
952583803866447872,1790983836000-632578958264631296-952583803866447872,1790983836000,1790990430000,1,59.567,13.227,4.503439933469418
1050036721544069120,1790929222000-632578958264631296-1050036721544069120,1790929222000,1790940245000,1,59.486,43.815,1.357662900833048
932302785804763136,1790952480000-632578958264631296-932302785804763136,1790952480000,1790959934000,1,59.479,18.533,3.209356283386392
1142833661045899264,1790927729000-632578958264631296-1142833661045899264,1790927729000,1790933159000,1,59.455,20.07,2.962381664175386
1111626569580806144,1790917662000-632578958264631296-1111626569580806144,1790917662000,1790922882000,1,59.422,25.558,2.3249863056577196
1079095785133441024,1790907101000-632578958264631296-1079095785133441024,1790907101000,1790912727000,1,59.402,24.466,2.427940815826044
1464286463544786944,1790940211000-632578958264631296-1464286463544786944,1790940211000,1790945840000,1,59.376,22.403,2.650359326875865
1132636490090676224,1790950264000-632578958264631296-1132636490090676224,1790950264000,1790958903000,1,59.345,20.344,2.917076287848997
1067765309810671616,1790940223000-632578958264631296-1067765309810671616,1790940223000,1790946134000,1,59.332,23.49,2.5258407833120478
790970372676648960,1790899052000-632578958264631296-790970372676648960,1790899052000,1790903774000,1,59.3,16.575,3.5776772247360484
870286624469024768,1790948444000-632578958264631296-870286624469024768,1790948444000,1790953950000,1,59.287,16.164,3.667842118287552
873821465244336128,1790948525000-632578958264631296-873821465244336128,1790948525000,1790953893000,1,59.274,18.02,3.289345172031077
1067765189559975936,1790983935000-632578958264631296-1067765189559975936,1790983935000,1790989597000,1,59.248,11.896,4.9804976462676525
931938734016823296,1790935246000-632578958264631296-931938734016823296,1790935246000,1790945382000,1,59.199,30.16,1.9628315649867374
1535704124731949056,1790901727000-632578958264631296-1535704124731949056,1790901727000,1790907027000,1,59.197,12.265,4.826498165511619
873900831743672320,1790930561000-632578958264631296-873900831743672320,1790930561000,1790936718000,1,59.102,18.206,3.2462924310666814
1385304935976927232,1790911184000-632578958264631296-1385304935976927232,1790911184000,1790916951000,1,59.083,20.473,2.885898500464026
1134877765846171648,1790892870000-632578958264631296-1134877765846171648,1790892870000,1790899527000,1,59.074,24.694,2.3922410302097674
1536014625517076480,1790911772000-632578958264631296-1536014625517076480,1790911772000,1790916618000,1,59.055,18.78,3.1445686900958463
1067765446171688960,1790920400000-632578958264631296-1067765446171688960,1790920400000,1790926088000,1,59.03,23.317,2.5316292833554916
1131631502098956288,1790907230000-632578958264631296-1131631502098956288,1790907230000,1790913304000,1,59.018,21.107,2.7961339839863553
1345798361172672512,1790934561000-632578958264631296-1345798361172672512,1790934561000,1790939610000,1,58.984,18.418,3.202519274622652
1389243774684626944,1790920040000-632578958264631296-1389243774684626944,1790920040000,1790925726000,1,58.942,25.251,2.334244188348976
883046842797916160,1790949397000-632578958264631296-883046842797916160,1790949397000,1790957210000,1,58.929,17.053,3.4556383041107135
1364616390270517248,1790945301000-632578958264631296-1364616390270517248,1790945301000,1790951798000,1,58.775,26.684,2.2026307899865087
1389243594644127744,1790949616000-632578958264631296-1389243594644127744,1790949616000,1790955131000,1,58.676,19.884,2.9509153087909876
1209168031477923840,1790950935000-632578958264631296-1209168031477923840,1790950935000,1790955884000,1,58.643,15.743,3.7250206440957885
1079095062366781440,1790904061000-632578958264631296-1079095062366781440,1790904061000,1790909091000,1,58.57,18.039,3.2468540384721987
1088492376734826496,1790939341000-632578958264631296-1088492376734826496,1790939341000,1790944975000,1,58.519,16.545,3.5369598065880927
1464283595349688320,1790934980000-632578958264631296-1464283595349688320,1790934980000,1790941046000,1,58.503,22.208,2.6343209654178676
1061980520671346688,1790909478000-632578958264631296-1061980520671346688,1790909478000,1790914225000,1,58.25,12.155,4.792266556972439
1385305128772304896,1790910653000-632578958264631296-1385305128772304896,1790910653000,1790921484000,1,58.236,36.085,1.613856172925038
1081533146517733376,1790898842000-632578958264631296-1081533146517733376,1790898842000,1790904912000,1,58.04,17.861,3.2495380997704495
862677666426257408,1790915085000-632578958264631296-862677666426257408,1790915085000,1790919581000,1,58.009,12.951,4.479113581962783
1061978679036346368,1790952936000-632578958264631296-1061978679036346368,1790952936000,1790959974000,1,58.0,27.997,2.071650533985784
786545248472924160,1790930975000-632578958264631296-786545248472924160,1790930975000,1790936616000,1,57.989,20.944,2.7687643239113826
1500136074981146624,1790895636000-632578958264631296-1500136074981146624,1790895636000,1790900416000,1,57.973,19.715,2.9405528785188944
1050037109068398592,1790919286000-632578958264631296-1050037109068398592,1790919286000,1790926450000,1,57.9,20.172,2.870315288518739
1087441747748847616,1790938395000-632578958264631296-1087441747748847616,1790938395000,1790943434000,1,57.878,17.624,3.284044484793464
1385588909638942720,1790913760000-632578958264631296-1385588909638942720,1790913760000,1790919131000,1,57.871,13.935,4.152924291352709
947452563299500032,1790897682000-632578958264631296-947452563299500032,1790897682000,1790903986000,1,57.871,24.385,2.3732212425671517
790970454885007360,1790894482000-632578958264631296-790970454885007360,1790894482000,1790899557000,1,57.844,18.724,3.089297158726768
1067775201233600512,1790951796000-632578958264631296-1067775201233600512,1790951796000,1790958582000,1,57.76,19.21,3.0067673086933886
970288452387995648,1790938736000-632578958264631296-970288452387995648,1790938736000,1790946218000,1,57.686,28.051,2.056468575095362
1065321017443876864,1790917557000-632578958264631296-1065321017443876864,1790917557000,1790923104000,1,57.672,15.811,3.6475871228891275
944573640047853568,1790940224000-632578958264631296-944573640047853568,1790940224000,1790947086000,1,57.602,15.903,3.622083883543985
946030864989421568,1790896469000-632578958264631296-946030864989421568,1790896469000,1790902516000,1,57.583,14.728,3.9097637153720806
1499777554695847936,1790947268000-632578958264631296-1499777554695847936,1790947268000,1790953302000,1,57.548,21.431,2.685269002846344
1073663431535493120,1790936646000-632578958264631296-1073663431535493120,1790936646000,1790941866000,1,57.509,26.492,2.1708062811414766
876044057397166080,1790938761000-632578958264631296-876044057397166080,1790938761000,1790943339000,1,57.465,12.47,4.608259823576584
1479447378401427456,1790895589000-632578958264631296-1479447378401427456,1790895589000,1790901574000,1,57.425,24.166,2.3762724488951417
1066703715756408832,1790913562000-632578958264631296-1066703715756408832,1790913562000,1790920819000,1,57.346,32.674,1.7550957948215706
1094588896550846464,1790918058000-632578958264631296-1094588896550846464,1790918058000,1790924469000,1,57.27,19.04,3.0078781512605044
1061980520671346688,1790920963000-632578958264631296-1061980520671346688,1790920963000,1790926680000,1,57.25,11.509,4.974367886002259
1050036776183267328,1790897908000-632578958264631296-1050036776183267328,1790897908000,1790904326000,1,57.233,25.163,2.274490323093431
1478688867300147200,1790917566000-632578958264631296-1478688867300147200,1790917566000,1790922493000,1,57.125,15.5,3.685483870967742
946033927888306176,1790931150000-632578958264631296-946033927888306176,1790931150000,1790936719000,1,56.918,25.742,2.211094709035817
1363836271826305024,1790965451000-632578958264631296-1363836271826305024,1790965451000,1790970853000,1,56.917,17.896,3.18043138131426
1083040452048846848,1790943205000-632578958264631296-1083040452048846848,1790943205000,1790949472000,1,56.903,20.091,2.832263202428948
1083778254826897408,1790943202000-632578958264631296-1083778254826897408,1790943202000,1790948997000,1,56.901,24.671,2.3063921203031903
1571542304466927616,1790931286000-632578958264631296-1571542304466927616,1790931286000,1790936263000,1,56.896,15.152,3.7550158394931366
1083727986517082112,1790946434000-632578958264631296-1083727986517082112,1790946434000,1790951284000,1,56.862,20.313,2.799291094373062
1067775063052255232,1790915080000-632578958264631296-1067775063052255232,1790915080000,1790923841000,1,56.838,21.659,2.6242208781568865
1401196266230120448,1790932948000-632578958264631296-1401196266230120448,1790932948000,1790939275000,1,56.746,35.25,1.6098156028368795
1093088075828953088,1790954676000-632578958264631296-1093088075828953088,1790954676000,1790959754000,1,56.709,15.913,3.563690064726953
1067771070980816896,1790901508000-632578958264631296-1067771070980816896,1790901508000,1790907728000,1,56.618,36.942,1.5326186995831304
1076104369969037312,1790957248000-632578958264631296-1076104369969037312,1790957248000,1790964350000,1,56.582,23.458,2.4120555887117403
873900831743672320,1790940441000-632578958264631296-873900831743672320,1790940441000,1790951057000,1,56.572,23.487,2.408651594499085
1476549608761982976,1790897006000-632578958264631296-1476549608761982976,1790897006000,1790904335000,1,56.541,25.0,2.26164
1132636252537880576,1790935557000-632578958264631296-1132636252537880576,1790935557000,1790940257000,1,56.467,12.072,4.677518223989397
1428367002015105024,1790952250000-632578958264631296-1428367002015105024,1790952250000,1790957974000,1,56.361,26.5,2.126830188679245
1050036509840769024,1790906828000-632578958264631296-1050036509840769024,1790906828000,1790912670000,1,56.341,23.202,2.428282044651323
939548220361539584,1790928357000-632578958264631296-939548220361539584,1790928357000,1790934831000,1,56.327,20.957,2.6877415660638446
1067763722711203840,1790933477000-632578958264631296-1067763722711203840,1790933477000,1790937528000,1,56.3,17.527,3.2121869116220685
1471165285556813824,1790946739000-632578958264631296-1471165285556813824,1790946739000,1790953297000,1,56.25,19.0,2.960526315789474
966356141711818752,1790928309000-632578958264631296-966356141711818752,1790928309000,1790934804000,1,56.239,21.116,2.6633358590642167
1094588896550846464,1790910992000-632578958264631296-1094588896550846464,1790910992000,1790916230000,1,56.155,16.502,3.402920858077809
943858330336493568,1790937544000-632578958264631296-943858330336493568,1790937544000,1790943563000,1,56.112,20.63,2.7199224430441107
1484590862305329152,1790926503000-632578958264631296-1484590862305329152,1790926503000,1790934212000,1,56.059,21.933,2.555920302740163
944573640047853568,1790961260000-632578958264631296-944573640047853568,1790961260000,1790970658000,1,55.998,19.501,2.8715450489718473
1536014640524296192,1790961114000-632578958264631296-1536014640524296192,1790961114000,1790966534000,1,55.958,11.42,4.8999999999999995
860146891080335360,1790953004000-632578958264631296-860146891080335360,1790953004000,1790959969000,1,55.872,27.929,2.0005012710802395
1131240373310455808,1790913909000-632578958264631296-1131240373310455808,1790913909000,1790922399000,1,55.831,26.141,2.135763742779542
787647951882158080,1790951547000-632578958264631296-787647951882158080,1790951547000,1790957016000,1,55.685,13.31,4.183696468820436
1083728582527680512,1790937089000-632578958264631296-1083728582527680512,1790937089000,1790941152000,1,55.6,15.853,3.50722260770832
1385305554984894464,1790906521000-632578958264631296-1385305554984894464,1790906521000,1790911787000,1,55.533,10.332,5.374854819976771
1209168031477923840,1790916782000-632578958264631296-1209168031477923840,1790916782000,1790921171000,1,55.527,13.557,4.095817658774065
1061979678694178816,1790898642000-632578958264631296-1061979678694178816,1790898642000,1790904014000,1,55.452,25.102,2.2090670066130187
1079095785133441024,1790913931000-632578958264631296-1079095785133441024,1790913931000,1790919158000,1,55.35,22.457,2.4647103353074766
1079095785133441024,1790946039000-632578958264631296-1079095785133441024,1790946039000,1790951190000,1,55.165,21.103,2.6140833056911337
871764525957775360,1790907796000-632578958264631296-871764525957775360,1790907796000,1790913055000,1,55.145,18.778,2.936681222707424
862693652038680576,1790907782000-632578958264631296-862693652038680576,1790907782000,1790912619000,1,55.141,17.117,3.221417304434188
1135529735623802880,1790907866000-632578958264631296-1135529735623802880,1790907866000,1790913369000,1,55.129,22.655,2.4334142573383355
1422205521707925504,1790926435000-632578958264631296-1422205521707925504,1790926435000,1790931334000,1,55.0,20.0,2.75
1071481767405289472,1790946125000-632578958264631296-1071481767405289472,1790946125000,1790951034000,1,54.873,16.963,3.2348641160172136
1050036987500691456,1790928983000-632578958264631296-1050036987500691456,1790928983000,1790934556000,1,54.759,28.262,1.9375486519000777
1138783468012961792,1790907972000-632578958264631296-1138783468012961792,1790907972000,1790912747000,1,54.635,20.407,2.6772676042534425
1422205521707925504,1790947860000-632578958264631296-1422205521707925504,1790947860000,1790952912000,1,54.563,17.632,3.094544010889292
871401551996911616,1790903228000-632578958264631296-871401551996911616,1790903228000,1790908752000,1,54.512,18.126,3.007392695575416
1093088075828953088,1790932885000-632578958264631296-1093088075828953088,1790932885000,1790938272000,1,54.5,21.352,2.5524541026601724
790970454885007360,1790942262000-632578958264631296-790970454885007360,1790942262000,1790946938000,1,54.453,18.622,2.9241220062291915
1050037048276156416,1790907274000-632578958264631296-1050037048276156416,1790907274000,1790912461000,1,54.443,11.023,4.939036559920167
1067775201233600512,1790914526000-632578958264631296-1067775201233600512,1790914526000,1790918717000,1,54.368,12.715,4.27589461266221
1428367002015105024,1790938576000-632578958264631296-1428367002015105024,1790938576000,1790944271000,1,54.329,24.0,2.263708333333333
1050036019790872576,1790916001000-632578958264631296-1050036019790872576,1790916001000,1790920578000,1,54.328,17.259,3.1478069413059853
1083728582527680512,1790907626000-632578958264631296-1083728582527680512,1790907626000,1790912835000,1,54.165,20.571,2.6330756890768554
1183367596062277632,1790984817000-632578958264631296-1183367596062277632,1790984817000,1790990335000,1,54.114,16.948,3.1929431201321687
1073994678560358400,1790951469000-632578958264631296-1073994678560358400,1790951469000,1790956982000,1,54.074,20.271,2.667554634699817
873570129613422592,1790900533000-632578958264631296-873570129613422592,1790900533000,1790905388000,1,54.061,18.02,3.0000554938956716
790970454885007360,1790920587000-632578958264631296-790970454885007360,1790920587000,1790924638000,1,53.98,16.187,3.3347748192994375
1050036836505747456,1790936326000-632578958264631296-1050036836505747456,1790936326000,1790941102000,1,53.932,14.159,3.8090260611625113
1120316721542987776,1790953281000-632578958264631296-1120316721542987776,1790953281000,1790958969000,1,53.91,17.245,3.1261235140620465
1477629515881512960,1790938760000-632578958264631296-1477629515881512960,1790938760000,1790945497000,1,53.875,23.078,2.334474391195078
1385304935976927232,1790920275000-632578958264631296-1385304935976927232,1790920275000,1790925610000,1,53.874,17.121,3.1466619940424043
946025328671719424,1790892510000-632578958264631296-946025328671719424,1790892510000,1790899317000,1,53.865,21.696,2.482715707964602
1176184196838719488,1790925128000-632578958264631296-1176184196838719488,1790925128000,1790931622000,1,53.853,14.66,3.6734652114597544
1385588816730914816,1790903349000-632578958264631296-1385588816730914816,1790903349000,1790909319000,1,53.82,23.646,2.2760720629281908
1067775974323519488,1790920562000-632578958264631296-1067775974323519488,1790920562000,1790925754000,1,53.803,12.933,4.1601329931183795
939547417898909696,1790898405000-632578958264631296-939547417898909696,1790898405000,1790904120000,1,53.785,28.187,1.9081491467697873
1389244082743672832,1790905663000-632578958264631296-1389244082743672832,1790905663000,1790911146000,1,53.778,20.077,2.678587438362305
1073201833905750016,1790939618000-632578958264631296-1073201833905750016,1790939618000,1790945321000,1,53.771,16.567,3.2456691012253276
951558414842986496,1790900556000-632578958264631296-951558414842986496,1790900556000,1790905924000,1,53.685,25.804,2.0804913966826852
1083727931903049728,1790913143000-632578958264631296-1083727931903049728,1790913143000,1790918698000,1,53.646,14.594,3.6758942030971635
790970454885007360,1790924663000-632578958264631296-790970454885007360,1790924663000,1790929069000,1,53.627,17.583,3.0499345959165107
1083728919393206272,1790945237000-632578958264631296-1083728919393206272,1790945237000,1790950403000,1,53.595,10.074,5.320131030375223
1505916014645215232,1790945144000-632578958264631296-1505916014645215232,1790945144000,1790950144000,1,53.576,10.971,4.883419925257497
932302785804763136,1790945283000-632578958264631296-932302785804763136,1790945283000,1790952198000,1,53.566,16.327,3.2808231763336804
1067764977248501760,1790940811000-632578958264631296-1067764977248501760,1790940811000,1790947073000,1,53.553,22.095,2.4237610319076714
1083726930487803904,1790906076000-632578958264631296-1083726930487803904,1790906076000,1790911330000,1,53.511,9.796,5.462535728868927
946030864989421568,1790906072000-632578958264631296-946030864989421568,1790906072000,1790911157000,1,53.502,12.982,4.121244800492991
1061980520671346688,1790928041000-632578958264631296-1061980520671346688,1790928041000,1790932422000,1,53.5,11.001,4.863194255067722
1083726930487803904,1790913979000-632578958264631296-1083726930487803904,1790913979000,1790919240000,1,53.479,10.931,4.892416064403989
1268615019327651840,1790917762000-632578958264631296-1268615019327651840,1790917762000,1790923281000,1,53.459,20.269,2.6374759484927726
1385305554984894464,1790920169000-632578958264631296-1385305554984894464,1790920169000,1790924799000,1,53.454,10.633,5.027179535408634
1606317556983922688,1790921058000-632578958264631296-1606317556983922688,1790921058000,1790926610000,1,53.436,13.761,3.8831480270329193
1602017244622094336,1790946787000-632578958264631296-1602017244622094336,1790946787000,1790953282000,1,53.421,16.531,3.2315649386002057
1462138214197231616,1790920595000-632578958264631296-1462138214197231616,1790920595000,1790925672000,1,53.396,13.467,3.964951362590035
873101078441230336,1790950661000-632578958264631296-873101078441230336,1790950661000,1790955312000,1,53.234,17.064,3.1196671354899204
1397607242391355392,1790914686000-632578958264631296-1397607242391355392,1790914686000,1790922737000,1,52.916,27.083,1.953845585791825
1524760784293330944,1790942293000-632578958264631296-1524760784293330944,1790942293000,1790948767000,1,52.906,24.946,2.1208209733023327
1286311379313098752,1790903154000-632578958264631296-1286311379313098752,1790903154000,1790909095000,1,52.889,11.957,4.423266705695409
1606317556983922688,1790953103000-632578958264631296-1606317556983922688,1790953103000,1790958731000,1,52.885,21.914,2.4132974354294054
1094588896550846464,1790928041000-632578958264631296-1094588896550846464,1790928041000,1790932872000,1,52.807,18.55,2.8467385444743933
951558904641224704,1790950949000-632578958264631296-951558904641224704,1790950949000,1790955902000,1,52.774,17.179,3.072006519587869
947107003673608192,1790904670000-632578958264631296-947107003673608192,1790904670000,1790908944000,1,52.769,20.669,2.5530504620446077
1065671842468986880,1790946091000-632578958264631296-1065671842468986880,1790946091000,1790950870000,1,52.716,10.764,4.897435897435898
876044057397166080,1790947840000-632578958264631296-876044057397166080,1790947840000,1790952140000,1,52.674,14.444,3.646773746884519
1073983957575401472,1790913812000-632578958264631296-1073983957575401472,1790913812000,1790918785000,1,52.67,10.719,4.9137046366265515
812260483275948032,1790898617000-632578958264631296-812260483275948032,1790898617000,1790903588000,1,52.665,18.462,2.852616184595385
1076923321632686080,1790947203000-632578958264631296-1076923321632686080,1790947203000,1790955410000,1,52.645,24.988,2.1068112694093166
1126571257152667648,1790983901000-632578958264631296-1126571257152667648,1790983901000,1790989158000,1,52.609,12.246,4.2960150253143885
1132636252537880576,1790908804000-632578958264631296-1132636252537880576,1790908804000,1790913944000,1,52.601,12.491,4.211112000640461
1454186236603269120,1790956972000-632578958264631296-1454186236603269120,1790956972000,1790966903000,1,52.59,38.685,1.3594416440480808
1536014723353411584,1790931799000-632578958264631296-1536014723353411584,1790931799000,1790937217000,1,52.563,11.569,4.543435041922379
932612842287267840,1790910906000-632578958264631296-932612842287267840,1790910906000,1790916246000,1,52.529,13.322,3.943026572586699
1070370579279773696,1790933814000-632578958264631296-1070370579279773696,1790933814000,1790938623000,1,52.353,17.188,3.0459041191528975
1479447378401427456,1790926921000-632578958264631296-1479447378401427456,1790926921000,1790932866000,1,52.275,8.845,5.910118711136235
1079095062366781440,1790957147000-632578958264631296-1079095062366781440,1790957147000,1790961524000,1,52.243,14.995,3.4840280093364457
1083726655622479872,1790930810000-632578958264631296-1083726655622479872,1790930810000,1790936391000,1,52.223,24.239,2.15450307355914
794950170587430912,1790938325000-632578958264631296-794950170587430912,1790938325000,1790943278000,1,52.103,8.965,5.8118237590630235
1370798572273926144,1790926392000-632578958264631296-1370798572273926144,1790926392000,1790933072000,1,52.023,9.832,5.291192026037429
870568761881526272,1790936278000-632578958264631296-870568761881526272,1790936278000,1790940317000,1,52.017,9.935,5.235732259687972
947105297703370752,1790951037000-632578958264631296-947105297703370752,1790951037000,1790955764000,1,51.949,17.316,3.00005775005775
1600618257994219520,1790983756000-632578958264631296-1600618257994219520,1790983756000,1790988478000,1,51.844,12.524,4.139572021718301
1464260641047969792,1790918981000-632578958264631296-1464260641047969792,1790918981000,1790923496000,1,51.825,15.734,3.293822295665438
951558904641224704,1790936918000-632578958264631296-951558904641224704,1790936918000,1790941922000,1,51.798,17.385,2.9794650560828297
1087441747748847616,1790903220000-632578958264631296-1087441747748847616,1790903220000,1790908652000,1,51.795,22.277,2.325043767114064
1477629723302428672,1790957277000-632578958264631296-1477629723302428672,1790957277000,1790962821000,1,51.771,14.52,3.565495867768595
1505944797024616448,1790983170000-632578958264631296-1505944797024616448,1790983170000,1790987868000,1,51.726,16.548,3.1258158085569256
789852612550721536,1790917164000-632578958264631296-789852612550721536,1790917164000,1790921363000,1,51.707,16.763,3.084591063652091
1536014577374855168,1790983176000-632578958264631296-1536014577374855168,1790983176000,1790988013000,1,51.706,17.572,2.9425221944001825
1079795397515280384,1790917620000-632578958264631296-1079795397515280384,1790917620000,1790923665000,1,51.698,9.441,5.47590297637962
966384365741277184,1790947809000-632578958264631296-966384365741277184,1790947809000,1790954978000,1,51.679,31.053,1.6642192380768364
997896292355014656,1790921066000-632578958264631296-997896292355014656,1790921066000,1790926526000,1,51.673,20.396,2.5334869582271033
780452749606125568,1790947773000-632578958264631296-780452749606125568,1790947773000,1790954863000,1,51.633,23.79,2.170365699873897
1046752835124854784,1790929859000-632578958264631296-1046752835124854784,1790929859000,1790934953000,1,51.618,17.131,3.0131340844083825
1405177997576634368,1790945458000-632578958264631296-1405177997576634368,1790945458000,1790953992000,1,51.539,28.088,1.8349117060666478
790970372676648960,1790924901000-632578958264631296-790970372676648960,1790924901000,1790930217000,1,51.52,18.278,2.8186891344786087
1389244197004902400,1790945378000-632578958264631296-1389244197004902400,1790945378000,1790951474000,1,51.423,18.139,2.83494128673025
1136716787434389504,1790947707000-632578958264631296-1136716787434389504,1790947707000,1790952465000,1,51.377,17.264,2.9759615384615388
1093476797997121536,1790960566000-632578958264631296-1093476797997121536,1790960566000,1790965870000,1,51.37,16.804,3.0570102356581765
1071858322266652672,1790943122000-632578958264631296-1071858322266652672,1790943122000,1790949312000,1,51.295,10.778,4.759231768417146
1136692610564358144,1790926226000-632578958264631296-1136692610564358144,1790926226000,1790930832000,1,51.292,14.77,3.4727149627623564
1136716787434389504,1790984249000-632578958264631296-1136716787434389504,1790984249000,1790990993000,1,51.202,18.135,2.823380204025365
780116044227280896,1790942985000-632578958264631296-780116044227280896,1790942985000,1790947172000,1,51.196,14.752,3.470444685466377
1094584849307533312,1790914402000-632578958264631296-1094584849307533312,1790914402000,1790919699000,1,51.181,8.592,5.956820297951582
1050037649940676608,1790915822000-632578958264631296-1050037649940676608,1790915822000,1790922335000,1,51.176,26.107,1.9602405485118934
794226357327364096,1790919423000-632578958264631296-794226357327364096,1790919423000,1790923755000,1,51.174,15.52,3.2972938144329897
1073983957575401472,1790931939000-632578958264631296-1073983957575401472,1790931939000,1790936384000,1,51.027,10.369,4.921111003954094
1101524127430213632,1790933179000-632578958264631296-1101524127430213632,1790933179000,1790938308000,1,50.985,19.214,2.653533881544707
796706773456125952,1790942493000-632578958264631296-796706773456125952,1790942493000,1790948241000,1,50.966,32.087,1.588369121451055
906553960083488768,1790913851000-632578958264631296-906553960083488768,1790913851000,1790919493000,1,50.895,19.397,2.6238593596947983
1389243594644127744,1790984158000-632578958264631296-1389243594644127744,1790984158000,1790989611000,1,50.796,19.01,2.6720673329826403
1049341310072258560,1790906495000-632578958264631296-1049341310072258560,1790906495000,1790913329000,1,50.746,9.819,5.168143395457785
996808469547843584,1790907779000-632578958264631296-996808469547843584,1790907779000,1790911751000,1,50.743,18.132,2.798532980366203
1063488404655702016,1790942733000-632578958264631296-1063488404655702016,1790942733000,1790948287000,1,50.644,17.199,2.9445898017326586
1083726423769743360,1790914870000-632578958264631296-1083726423769743360,1790914870000,1790920569000,1,50.598,21.86,2.3146386093321136
1182027923075366912,1790920576000-632578958264631296-1182027923075366912,1790920576000,1790924759000,1,50.59,13.692,3.694858311422729
1067765247101632512,1790931957000-632578958264631296-1067765247101632512,1790931957000,1790937267000,1,50.551,16.06,3.147633872976339
883046842797916160,1790935245000-632578958264631296-883046842797916160,1790935245000,1790941862000,1,50.531,18.568,2.7214024127531236
1076924285072703488,1790905088000-632578958264631296-1076924285072703488,1790905088000,1790911227000,1,50.467,19.744,2.556067666126418
1401196266230120448,1790947861000-632578958264631296-1401196266230120448,1790947861000,1790953746000,1,50.415,14.493,3.4785758642103084
870568761881526272,1790941070000-632578958264631296-870568761881526272,1790941070000,1790945253000,1,50.347,9.161,5.495797402030346
1500491887742550016,1790942239000-632578958264631296-1500491887742550016,1790942239000,1790947244000,1,50.25,14.863,3.380878692054094
780451558935494656,1790906467000-632578958264631296-780451558935494656,1790906467000,1790910908000,1,50.114,14.112,3.5511621315192743
947105297703370752,1790943680000-632578958264631296-947105297703370752,1790943680000,1790948778000,1,50.004,19.155,2.610493343774471
1478688867300147200,1790903440000-632578958264631296-1478688867300147200,1790903440000,1790908251000,1,50.0,22.064,2.2661348803480785
1083726988146900992,1790894354000-632578958264631296-1083726988146900992,1790894354000,1790899314000,1,49.986,13.698,3.6491458607095923
1071120101278744576,1790922441000-632578958264631296-1071120101278744576,1790922441000,1790927929000,1,49.975,10.336,4.835042569659443
1050036836505747456,1790963542000-632578958264631296-1050036836505747456,1790963542000,1790968160000,1,49.844,13.842,3.6009247218610025
869905949161160704,1790957049000-632578958264631296-869905949161160704,1790957049000,1790961495000,1,49.816,13.502,3.689527477410754
1156948637754851328,1790938205000-632578958264631296-1156948637754851328,1790938205000,1790943365000,1,49.81,12.748,3.907279573266395
1464283595349688320,1790929798000-632578958264631296-1464283595349688320,1790929798000,1790933960000,1,49.809,16.301,3.0555794123059936
946024601958219776,1790930034000-632578958264631296-946024601958219776,1790930034000,1790934043000,1,49.796,12.751,3.905262332366089
1406586435233906688,1790928355000-632578958264631296-1406586435233906688,1790928355000,1790932605000,1,49.792,12.447,4.000321362577329
1545823852121030656,1790938020000-632578958264631296-1545823852121030656,1790938020000,1790942729000,1,49.768,14.094,3.5311480062437917
787000328028422144,1790901686000-632578958264631296-787000328028422144,1790901686000,1790907370000,1,49.667,18.846,2.6354133503130637
1079778539525373952,1790929708000-632578958264631296-1079778539525373952,1790929708000,1790933824000,1,49.589,13.324,3.7217802461723206
1067764685513687040,1790957806000-632578958264631296-1067764685513687040,1790957806000,1790963601000,1,49.577,20.799,2.3836242127025336
1087441747748847616,1790919118000-632578958264631296-1087441747748847616,1790919118000,1790924322000,1,49.53,26.796,1.848410210479176
1050035879038418944,1790898705000-632578958264631296-1050035879038418944,1790898705000,1790904675000,1,49.526,20.514,2.4142536804133763
870286624469024768,1790905314000-632578958264631296-870286624469024768,1790905314000,1790909045000,1,49.411,11.432,4.322165850244926
1482772108667781120,1790909193000-632578958264631296-1482772108667781120,1790909193000,1790913475000,1,49.397,13.213,3.7385150987663667
943858330336493568,1790915173000-632578958264631296-943858330336493568,1790915173000,1790920482000,1,49.383,17.513,2.8197910123907954
1536014751404916736,1790921199000-632578958264631296-1536014751404916736,1790921199000,1790925211000,1,49.341,10.582,4.662729162729162
1476549765217910784,1790918421000-632578958264631296-1476549765217910784,1790918421000,1790922802000,1,49.324,13.546,3.641222501107338
1156948637754851328,1790948368000-632578958264631296-1156948637754851328,1790948368000,1790953166000,1,49.304,13.539,3.6416278897998375
1428366867084345344,1790952592000-632578958264631296-1428366867084345344,1790952592000,1790958540000,1,49.252,23.927,2.0584277176411585
1111626569580806144,1790913843000-632578958264631296-1111626569580806144,1790913843000,1790917658000,1,49.226,15.756,3.124270119319624
869954569466019840,1790962076000-632578958264631296-869954569466019840,1790962076000,1790966600000,1,49.156,10.718,4.5863034148161965
780451764301201408,1790971230000-632578958264631296-780451764301201408,1790971230000,1790977691000,1,49.154,10.269,4.786639400136333
1105914860262129664,1790948672000-632578958264631296-1105914860262129664,1790948672000,1790953650000,1,49.134,9.528,5.156801007556675
866648789010612224,1790931758000-632578958264631296-866648789010612224,1790931758000,1790937827000,1,49.115,18.102,2.7132361065075683
1067775974323519488,1790954125000-632578958264631296-1067775974323519488,1790954125000,1790959173000,1,48.968,13.519,3.622161402470597
964172050669240320,1790910364000-632578958264631296-964172050669240320,1790910364000,1790913847000,1,48.964,12.464,3.928433889602054
1136692610564358144,1790931754000-632578958264631296-1136692610564358144,1790931754000,1790937067000,1,48.907,15.016,3.256992541289291
1071018553202704384,1790925277000-632578958264631296-1071018553202704384,1790925277000,1790929503000,1,48.858,12.41,3.936986301369863
1464628801508999168,1790901181000-632578958264631296-1464628801508999168,1790901181000,1790906615000,1,48.854,20.115,2.4287347750435
1428366867084345344,1790944584000-632578958264631296-1428366867084345344,1790944584000,1790950680000,1,48.809,18.4,2.652663043478261
1063488404655702016,1790911164000-632578958264631296-1063488404655702016,1790911164000,1790916572000,1,48.719,20.197,2.412189929197406
1120316481867874304,1790936831000-632578958264631296-1120316481867874304,1790936831000,1790942797000,1,48.654,10.508,4.630186524552722
1083040210243026944,1790917066000-632578958264631296-1083040210243026944,1790917066000,1790923991000,1,48.55,24.679,1.967259613436525
1132635709874634752,1790939141000-632578958264631296-1132635709874634752,1790939141000,1790944564000,1,48.5,11.714,4.140344886460645
1593405762816704512,1790949284000-632578958264631296-1593405762816704512,1790949284000,1790953493000,1,48.458,23.188,2.0897878212868726
873897783357079552,1790939906000-632578958264631296-873897783357079552,1790939906000,1790945597000,1,48.441,13.471,3.595946848786282
946025328671719424,1790984729000-632578958264631296-946025328671719424,1790984729000,1790989898000,1,48.35,14.414,3.3543776883585403
1050036019790872576,1790955572000-632578958264631296-1050036019790872576,1790955572000,1790960324000,1,48.337,20.399,2.369576940046081
1484590862305329152,1790907417000-632578958264631296-1484590862305329152,1790907417000,1790911726000,1,48.314,14.253,3.3897425103486984
934473019407990784,1790978387000-632578958264631296-934473019407990784,1790978387000,1790984259000,1,48.298,25.146,1.9207030939314405
1504876024033181696,1790985330000-632578958264631296-1504876024033181696,1790985330000,1790989917000,1,48.292,10.309,4.6844504801629645
780116044227280896,1790925922000-632578958264631296-780116044227280896,1790925922000,1790930122000,1,48.292,15.896,3.0379969803724207
1488156307717357568,1790905805000-632578958264631296-1488156307717357568,1790905805000,1790910933000,1,48.275,10.622,4.544812652984372
1134877765846171648,1790939627000-632578958264631296-1134877765846171648,1790939627000,1790944417000,1,48.235,9.836,4.90392435949573
869954569466019840,1790954951000-632578958264631296-869954569466019840,1790954951000,1790960037000,1,48.231,10.604,4.548377970577141
792451146961649664,1790925908000-632578958264631296-792451146961649664,1790925908000,1790929880000,1,48.228,14.409,3.347074744951072
1061350711461150720,1790944835000-632578958264631296-1061350711461150720,1790944835000,1790950977000,1,48.209,16.69,2.888496105452367
1389243594644127744,1790927217000-632578958264631296-1389243594644127744,1790927217000,1790931960000,1,48.162,20.526,2.346389944460684
1385305128772304896,1790944851000-632578958264631296-1385305128772304896,1790944851000,1790951112000,1,48.12,17.241,2.791021402470854
1488156307717357568,1790898400000-632578958264631296-1488156307717357568,1790898400000,1790903964000,1,48.108,23.398,2.056073168646893
1136252936335130624,1790938771000-632578958264631296-1136252936335130624,1790938771000,1790944302000,1,48.091,28.348,1.6964512487653451
1173302979768352768,1790946293000-632578958264631296-1173302979768352768,1790946293000,1790950304000,1,48.031,14.458,3.322105408770231
1001786725204230144,1790936781000-632578958264631296-1001786725204230144,1790936781000,1790941193000,1,48.01,11.006,4.362166091222969
1211337321434054656,1790981709000-632578958264631296-1211337321434054656,1790981709000,1790986399000,1,47.994,22.474,2.135534395301237
1076923321632686080,1790940624000-632578958264631296-1076923321632686080,1790940624000,1790946516000,1,47.976,21.511,2.230300776346985
1061350361924632576,1790903064000-632578958264631296-1061350361924632576,1790903064000,1790909107000,1,47.975,14.795,3.2426495437647853
1183367596062277632,1790947253000-632578958264631296-1183367596062277632,1790947253000,1790951588000,1,47.956,15.194,3.1562458865341583
1476549608761982976,1790915070000-632578958264631296-1476549608761982976,1790915070000,1790922766000,1,47.875,19.127,2.5030062215716007
1046752835124854784,1790923453000-632578958264631296-1046752835124854784,1790923453000,1790927839000,1,47.864,15.803,3.0287920015186987
1067775974323519488,1790910902000-632578958264631296-1067775974323519488,1790910902000,1790916406000,1,47.84,10.429,4.5872087448461025
925753337108758528,1790931804000-632578958264631296-925753337108758528,1790931804000,1790939696000,1,47.792,20.039,2.3849493487698985
1462138214197231616,1790910899000-632578958264631296-1462138214197231616,1790910899000,1790916154000,1,47.76,10.55,4.527014218009478
1477629515881512960,1790929692000-632578958264631296-1477629515881512960,1790929692000,1790937366000,1,47.625,19.766,2.409440453303653
818154714091749376,1790898352000-632578958264631296-818154714091749376,1790898352000,1790903085000,1,47.591,15.85,3.0025867507886437
1505916014645215232,1790914619000-632578958264631296-1505916014645215232,1790914619000,1790918778000,1,47.557,10.718,4.437115133420415
1535695002116554752,1790939196000-632578958264631296-1535695002116554752,1790939196000,1790944502000,1,47.524,11.002,4.319578258498455
1061978679036346368,1790927515000-632578958264631296-1061978679036346368,1790927515000,1790932813000,1,47.5,21.913,2.1676630310774425
1401196266230120448,1790939279000-632578958264631296-1401196266230120448,1790939279000,1790944652000,1,47.458,19.557,2.4266503042388914
1464283595349688320,1790954043000-632578958264631296-1464283595349688320,1790954043000,1790958248000,1,47.445,13.558,3.499409942469391
932613192947859456,1790919692000-632578958264631296-932613192947859456,1790919692000,1790923480000,1,47.269,10.308,4.585661622041133
869905949161160704,1790942639000-632578958264631296-869905949161160704,1790942639000,1790947261000,1,47.204,12.987,3.6347116347116346
1176582767303983104,1790917758000-632578958264631296-1176582767303983104,1790917758000,1790923107000,1,47.2,15.918,2.965196632742807
873897783357079552,1790924962000-632578958264631296-873897783357079552,1790924962000,1790928874000,1,47.167,13.454,3.5057975323323918
1079095062366781440,1790952974000-632578958264631296-1079095062366781440,1790952974000,1790956583000,1,47.082,13.398,3.5141065830721003
1047650330055016448,1790910450000-632578958264631296-1047650330055016448,1790910450000,1790915785000,1,47.041,17.52,2.6849885844748855
1083778254826897408,1790951620000-632578958264631296-1083778254826897408,1790951620000,1790955733000,1,47.006,16.642,2.8245403196731163
1536014681523617792,1790943731000-632578958264631296-1536014681523617792,1790943731000,1790949092000,1,46.949,14.211,3.303708394905355
1173302979768352768,1790914236000-632578958264631296-1173302979768352768,1790914236000,1790919863000,1,46.945,22.129,2.121424375254191
1101157025884143616,1790915433000-632578958264631296-1101157025884143616,1790915433000,1790920125000,1,46.944,16.268,2.885665109417261
1089954932305428480,1790945438000-632578958264631296-1089954932305428480,1790945438000,1790950376000,1,46.897,17.619,2.661728815483285
1604183215143124992,1790899513000-632578958264631296-1604183215143124992,1790899513000,1790904343000,1,46.77,17.561,2.6632879676556005
787000328028422144,1790984372000-632578958264631296-787000328028422144,1790984372000,1790989387000,1,46.715,20.5,2.278780487804878
1176134230934028288,1790934669000-632578958264631296-1176134230934028288,1790934669000,1790938945000,1,46.585,18.916,2.4627299640515967
848986467664396288,1790934995000-632578958264631296-848986467664396288,1790934995000,1790939298000,1,46.547,17.141,2.7155358497170528
860146891080335360,1790927556000-632578958264631296-860146891080335360,1790927556000,1790932817000,1,46.501,20.968,2.217712705074399
940246634145513472,1790907571000-632578958264631296-940246634145513472,1790907571000,1790912000000,1,46.483,15.508,2.9973562032499355
1083727593376579584,1790937199000-632578958264631296-1083727593376579584,1790937199000,1790941206000,1,46.446,18.041,2.5744692644531897
1046442314819436544,1790934724000-632578958264631296-1046442314819436544,1790934724000,1790940636000,1,46.412,20.615,2.2513703613873393
929711155667009536,1790919009000-632578958264631296-929711155667009536,1790919009000,1790923630000,1,46.408,19.513,2.3783118946343462
786545248472924160,1790910375000-632578958264631296-786545248472924160,1790910375000,1790914729000,1,46.323,15.268,3.0339926643961226
947093723013971968,1790913729000-632578958264631296-947093723013971968,1790913729000,1790917929000,1,46.287,19.202,2.410530153109051
1083727931903049728,1790981953000-632578958264631296-1083727931903049728,1790981953000,1790987141000,1,46.269,12.517,3.696492769833027
1050036776183267328,1790915122000-632578958264631296-1050036776183267328,1790915122000,1790922910000,1,46.255,22.409,2.0641260207952166
1126869078934290432,1790904384000-632578958264631296-1126869078934290432,1790904384000,1790908970000,1,46.191,10.24,4.51083984375
1477689128190476288,1790943708000-632578958264631296-1477689128190476288,1790943708000,1790949024000,1,46.127,11.871,3.8856878106309494
1535704124731949056,1790908627000-632578958264631296-1535704124731949056,1790908627000,1790912767000,1,46.094,10.185,4.52567501227295
1536014589357981696,1790910726000-632578958264631296-1536014589357981696,1790910726000,1790915391000,1,45.991,23.572,1.951086034277957
1152270574152581120,1790940371000-632578958264631296-1152270574152581120,1790940371000,1790944461000,1,45.913,13.429,3.418944076252885
1136716787434389504,1790926287000-632578958264631296-1136716787434389504,1790926287000,1790930808000,1,45.87,15.649,2.931177711035849
1089954932305428480,1790936650000-632578958264631296-1089954932305428480,1790936650000,1790942083000,1,45.797,20.396,2.245391253186899
1083040452048846848,1790937503000-632578958264631296-1083040452048846848,1790937503000,1790941943000,1,45.794,16.234,2.820869779475175
1067765133431799808,1790905964000-632578958264631296-1067765133431799808,1790905964000,1790911205000,1,45.778,21.551,2.1241705721312236
1083778254826897408,1790937542000-632578958264631296-1083778254826897408,1790937542000,1790941794000,1,45.764,19.673,2.3262339246683275
1604183215143124992,1790927179000-632578958264631296-1604183215143124992,1790927179000,1790933325000,1,45.655,22.256,2.0513569374550684
1545823503347875840,1790916203000-632578958264631296-1545823503347875840,1790916203000,1790920217000,1,45.56,14.851,3.0678068816914688
1536014543027699712,1790926835000-632578958264631296-1536014543027699712,1790926835000,1790930636000,1,45.445,16.044,2.832523061580653
1467925946630668288,1790946131000-632578958264631296-1467925946630668288,1790946131000,1790950645000,1,45.4,9.401,4.829273481544517
1488156307717357568,1790950319000-632578958264631296-1488156307717357568,1790950319000,1790956909000,1,45.355,11.0,4.123181818181818
1050036019790872576,1790922632000-632578958264631296-1050036019790872576,1790922632000,1790926192000,1,45.347,16.177,2.8031773505594364
931938734016823296,1790954681000-632578958264631296-931938734016823296,1790954681000,1790960765000,1,45.342,23.829,1.9028075034621679
1067764685513687040,1790946652000-632578958264631296-1067764685513687040,1790946652000,1790955172000,1,45.228,26.66,1.6964741185296324
1488156307717357568,1790913965000-632578958264631296-1488156307717357568,1790913965000,1790918689000,1,45.216,15.5,2.9171612903225808
1062738572429230080,1790914745000-632578958264631296-1062738572429230080,1790914745000,1790919091000,1,45.135,14.483,3.116412345508527
1070378226594873344,1790914833000-632578958264631296-1070378226594873344,1790914833000,1790918846000,1,45.115,18.261,2.4705656864355734
964172050669240320,1790905015000-632578958264631296-964172050669240320,1790905015000,1790908634000,1,45.059,11.165,4.035736677115987
1536004619845500928,1790902054000-632578958264631296-1536004619845500928,1790902054000,1790905605000,1,45.021,9.561,4.708817069344211
1298646515224412160,1790950201000-632578958264631296-1298646515224412160,1790950201000,1790954919000,1,45.011,12.859,3.500349949451746
946025929669345280,1790903389000-632578958264631296-946025929669345280,1790903389000,1790909483000,1,44.97,22.036,2.0407514975494645
1428064485414797312,1790959569000-632578958264631296-1428064485414797312,1790959569000,1790964897000,1,44.852,20.788,2.1575909178372137
1385305291104452608,1790951201000-632578958264631296-1385305291104452608,1790951201000,1790956298000,1,44.764,16.487,2.715108873658034
943818030159233024,1790939073000-632578958264631296-943818030159233024,1790939073000,1790944586000,1,44.739,16.398,2.7283205268935236
947094374120947712,1790928791000-632578958264631296-947094374120947712,1790928791000,1790934140000,1,44.722,24.947,1.7926804826231613
1067775974323519488,1790944615000-632578958264631296-1067775974323519488,1790944615000,1790951751000,1,44.702,11.718,3.814814814814815
1385305291104452608,1790920103000-632578958264631296-1385305291104452608,1790920103000,1790924416000,1,44.687,8.728,5.1199587534372135
780116044227280896,1790951570000-632578958264631296-780116044227280896,1790951570000,1790955387000,1,44.589,12.517,3.5622753055844054
787647951882158080,1790928443000-632578958264631296-787647951882158080,1790928443000,1790933630000,1,44.559,15.0,2.9705999999999997
1536014625517076480,1790929286000-632578958264631296-1536014625517076480,1790929286000,1790934225000,1,44.482,15.341,2.899550224887556
1079444806125486080,1790948053000-632578958264631296-1079444806125486080,1790948053000,1790952430000,1,44.471,14.941,2.976440666622046
847116116999274496,1790901491000-632578958264631296-847116116999274496,1790901491000,1790906017000,1,44.453,9.501,4.678770655720451
792451146961649664,1790951591000-632578958264631296-792451146961649664,1790951591000,1790955264000,1,44.375,11.938,3.7171217959457192
796385052366733312,1790942493000-632578958264631296-796385052366733312,1790942493000,1790947312000,1,44.312,15.5,2.858838709677419
873104331912511488,1790902291000-632578958264631296-873104331912511488,1790902291000,1790906939000,1,44.298,13.358,3.316215002245845
800026217909583872,1790944541000-632578958264631296-800026217909583872,1790944541000,1790948988000,1,44.284,8.693,5.094213735189233
1065321017443876864,1790905203000-632578958264631296-1065321017443876864,1790905203000,1790909405000,1,44.257,16.21,2.730228254164096
1181865650805538816,1790914941000-632578958264631296-1181865650805538816,1790914941000,1790919737000,1,44.201,21.065,2.098314740090197
1083726988146900992,1790919269000-632578958264631296-1083726988146900992,1790919269000,1790923153000,1,44.171,14.45,3.05681660899654
1477629723302428672,1790952783000-632578958264631296-1477629723302428672,1790952783000,1790957164000,1,44.114,10.353,4.260987153482082
1422205425331208192,1790899767000-632578958264631296-1422205425331208192,1790899767000,1790904780000,1,44.102,22.668,1.9455620257631903
800026217909583872,1790981225000-632578958264631296-800026217909583872,1790981225000,1790985667000,1,44.095,7.294,6.045379764189745
1471144582421938176,1790938189000-632578958264631296-1471144582421938176,1790938189000,1790942712000,1,44.064,16.314,2.700993012136815
1131240847388442624,1790918917000-632578958264631296-1131240847388442624,1790918917000,1790924022000,1,44.048,10.039,4.387688016734735
1286311379313098752,1790913681000-632578958264631296-1286311379313098752,1790913681000,1790919691000,1,44.035,13.409,3.28398836602282
1500491887742550016,1790915878000-632578958264631296-1500491887742550016,1790915878000,1790920472000,1,44.033,17.615,2.4997445359068977
965194336809517056,1790902196000-632578958264631296-965194336809517056,1790902196000,1790906599000,1,44.028,21.5,2.047813953488372
1120316585941139456,1790901156000-632578958264631296-1120316585941139456,1790901156000,1790905721000,1,43.993,16.56,2.656582125603865
1140670395897085952,1790929982000-632578958264631296-1140670395897085952,1790929982000,1790933797000,1,43.99,13.979,3.1468631518706633
1571542304466927616,1790927328000-632578958264631296-1571542304466927616,1790927328000,1790930660000,1,43.98,9.574,4.593691247127637
1073994678560358400,1790906687000-632578958264631296-1073994678560358400,1790906687000,1790911991000,1,43.934,23.623,1.8597976548279218
1049976772092755968,1790940383000-632578958264631296-1049976772092755968,1790940383000,1790943679000,1,43.92,14.22,3.088607594936709
1083727986517082112,1790979782000-632578958264631296-1083727986517082112,1790979782000,1790983734000,1,43.917,16.61,2.644009632751355
1477689128190476288,1790910017000-632578958264631296-1477689128190476288,1790910017000,1790914090000,1,43.916,10.142,4.330112403865115
870286624469024768,1790900665000-632578958264631296-870286624469024768,1790900665000,1790904772000,1,43.837,14.0,3.131214285714286
1176582767303983104,1790930536000-632578958264631296-1176582767303983104,1790930536000,1790938205000,1,43.827,15.999,2.7393587099193697
1089954932305428480,1790900949000-632578958264631296-1089954932305428480,1790900949000,1790907683000,1,43.741,22.63,1.9328767123287671
1488156307717357568,1790926406000-632578958264631296-1488156307717357568,1790926406000,1790933063000,1,43.729,22.756,1.9216470381437862
869905949161160704,1790947921000-632578958264631296-869905949161160704,1790947921000,1790953822000,1,43.685,15.258,2.863088216017827
929711155667009536,1790985369000-632578958264631296-929711155667009536,1790985369000,1790991315000,1,43.631,18.673,2.3365822310287583
1045646687990710272,1790953877000-632578958264631296-1045646687990710272,1790953877000,1790958271000,1,43.54,8.534,5.101945160534333
946026878085365760,1790953919000-632578958264631296-946026878085365760,1790953919000,1790958713000,1,43.518,9.799,4.441065414838249
1049976772092755968,1790907074000-632578958264631296-1049976772092755968,1790907074000,1790911144000,1,43.345,15.141,2.8627567531867113
1536014589357981696,1790905060000-632578958264631296-1536014589357981696,1790905060000,1790909306000,1,43.338,19.02,2.278548895899054
873821465244336128,1790915581000-632578958264631296-873821465244336128,1790915581000,1790918943000,1,43.316,13.016,3.327904118008605
916722872880201728,1790906480000-632578958264631296-916722872880201728,1790906480000,1790913530000,1,43.244,15.303,2.8258511402992874
1428031634325635072,1790898274000-632578958264631296-1428031634325635072,1790898274000,1790904894000,1,43.081,19.081,2.257795713012945
1094588896550846464,1790906207000-632578958264631296-1094588896550846464,1790906207000,1790909930000,1,43.054,12.946,3.3256604356558013
1120316721542987776,1790916962000-632578958264631296-1120316721542987776,1790916962000,1790922257000,1,43.042,18.974,2.268472646779804
925753337108758528,1790985592000-632578958264631296-925753337108758528,1790985592000,1790990792000,1,43.032,21.892,1.9656495523478896
931892603408875520,1790926624000-632578958264631296-931892603408875520,1790926624000,1790930293000,1,43.027,18.929,2.2730730624966986
1211337321434054656,1790921263000-632578958264631296-1211337321434054656,1790921263000,1790924655000,1,43.01,16.646,2.5838039168569025
1050036509840769024,1790898856000-632578958264631296-1050036509840769024,1790898856000,1790903604000,1,42.986,15.374,2.7960192532847663
944591832124227584,1790947267000-632578958264631296-944591832124227584,1790947267000,1790951595000,1,42.974,16.655,2.5802461723206243
1110856695237574656,1790942420000-632578958264631296-1110856695237574656,1790942420000,1790946126000,1,42.96,14.134,3.0394792698457618
1087441747748847616,1790947680000-632578958264631296-1087441747748847616,1790947680000,1790951971000,1,42.945,15.927,2.6963646637784895
1062738572429230080,1790949951000-632578958264631296-1062738572429230080,1790949951000,1790954673000,1,42.941,15.164,2.8317726193616464
940981890892955648,1790949934000-632578958264631296-940981890892955648,1790949934000,1790954860000,1,42.916,18.812,2.28130980225388
1070378226594873344,1790949923000-632578958264631296-1070378226594873344,1790949923000,1790954302000,1,42.874,19.73,2.1730359858084136
1067775256489361408,1790945504000-632578958264631296-1067775256489361408,1790945504000,1790949433000,1,42.765,9.208,4.644331016507385
1082360641819246592,1790951711000-632578958264631296-1082360641819246592,1790951711000,1790955548000,1,42.603,13.039,3.2673517907815017
873109579045535744,1790900370000-632578958264631296-873109579045535744,1790900370000,1790903847000,1,42.559,11.52,3.694357638888889
946030376206204928,1790955803000-632578958264631296-946030376206204928,1790955803000,1790960190000,1,42.375,15.958,2.6554079458578768
1083726988146900992,1790900224000-632578958264631296-1083726988146900992,1790900224000,1790903817000,1,42.331,9.95,4.254371859296483
973914141028777984,1790934423000-632578958264631296-973914141028777984,1790934423000,1790939611000,1,42.24,12.444,3.394406943105111
1482772108667781120,1790936385000-632578958264631296-1482772108667781120,1790936385000,1790940275000,1,42.109,15.673,2.6867223888215404
1103352309556969472,1790921778000-632578958264631296-1103352309556969472,1790921778000,1790925204000,1,42.1,7.731,5.445608588798344
1537822792169291776,1790907009000-632578958264631296-1537822792169291776,1790907009000,1790911815000,1,42.096,13.14,3.203652968036529
1093087738300727296,1790984465000-632578958264631296-1093087738300727296,1790984465000,1790990666000,1,42.025,27.147,1.5480531918812392
939547417898909696,1790942843000-632578958264631296-939547417898909696,1790942843000,1790947460000,1,41.995,17.568,2.39042577413479
1491416395517263872,1790910035000-632578958264631296-1491416395517263872,1790910035000,1790914843000,1,41.987,12.205,3.440147480540762
1176134230934028288,1790927633000-632578958264631296-1176134230934028288,1790927633000,1790931769000,1,41.965,15.488,2.709517045454546
1500491887742550016,1790950595000-632578958264631296-1500491887742550016,1790950595000,1790955431000,1,41.875,12.717,3.2928363607769127
1067771070980816896,1790907734000-632578958264631296-1067771070980816896,1790907734000,1790912245000,1,41.853,18.808,2.225276478094428
873900831743672320,1790906269000-632578958264631296-873900831743672320,1790906269000,1790910385000,1,41.83,12.145,3.4442157266364757
1464269416886697984,1790935229000-632578958264631296-1464269416886697984,1790935229000,1790939120000,1,41.782,8.087,5.166563620625695
1050036987500691456,1790935408000-632578958264631296-1050036987500691456,1790935408000,1790938950000,1,41.715,11.769,3.5444812643385166
848986467664396288,1790905327000-632578958264631296-848986467664396288,1790905327000,1790909014000,1,41.657,15.31,2.7209013716525146
1067764685513687040,1790917513000-632578958264631296-1067764685513687040,1790917513000,1790921720000,1,41.635,21.228,1.961324665536084
947452563299500032,1790930070000-632578958264631296-947452563299500032,1790930070000,1790934600000,1,41.609,17.371,2.3953140291290085
1101157025884143616,1790947879000-632578958264631296-1101157025884143616,1790947879000,1790951742000,1,41.6,13.471,3.088115210452082
1454186236603269120,1790932573000-632578958264631296-1454186236603269120,1790932573000,1790939156000,1,41.597,22.253,1.8692760526670562
1488156479612518400,1790915202000-632578958264631296-1488156479612518400,1790915202000,1790919658000,1,41.489,22.955,1.8074057939446744
964172050669240320,1790938471000-632578958264631296-964172050669240320,1790938471000,1790942322000,1,41.483,10.769,3.852075401615749
1061978679036346368,1790906804000-632578958264631296-1061978679036346368,1790906804000,1790910682000,1,41.45,16.893,2.453679038655064
951882940915122176,1790951339000-632578958264631296-951882940915122176,1790951339000,1790956260000,1,41.329,16.879,2.4485455299484564
1071018553202704384,1790951336000-632578958264631296-1071018553202704384,1790951336000,1790956231000,1,41.327,17.857,2.314330514644117
1428366867084345344,1790936669000-632578958264631296-1428366867084345344,1790936669000,1790942048000,1,41.297,15.415,2.679013947453779
1148896718033518592,1790914235000-632578958264631296-1148896718033518592,1790914235000,1790918660000,1,41.281,8.851,4.663992769178623
1142833661045899264,1790922352000-632578958264631296-1142833661045899264,1790922352000,1790926719000,1,41.115,14.651,2.8062930857961916
1134878026966761472,1790949171000-632578958264631296-1134878026966761472,1790949171000,1790953448000,1,40.988,25.512,1.6066164941988084
1083039951072788480,1790915339000-632578958264631296-1083039951072788480,1790915339000,1790919343000,1,40.987,22.381,1.8313301461060723
787687496786903040,1790901795000-632578958264631296-787687496786903040,1790901795000,1790905847000,1,40.966,14.5,2.825241379310345
1298646515224412160,1790925206000-632578958264631296-1298646515224412160,1790925206000,1790930232000,1,40.907,16.571,2.468589704906161
790970372676648960,1790920529000-632578958264631296-790970372676648960,1790920529000,1790924722000,1,40.9,14.486,2.8234157117216623
1094588896550846464,1790940403000-632578958264631296-1094588896550846464,1790940403000,1790945097000,1,40.89,15.574,2.625529729035572
1067764585097854976,1790921024000-632578958264631296-1067764585097854976,1790921024000,1790926951000,1,40.859,24.723,1.6526716013428793
1491416395517263872,1790946050000-632578958264631296-1491416395517263872,1790946050000,1790951035000,1,40.843,10.835,3.769543147208122
947581828959567872,1790944748000-632578958264631296-947581828959567872,1790944748000,1790949926000,1,40.82,12.029,3.393465791005071
1083727593376579584,1790922754000-632578958264631296-1083727593376579584,1790922754000,1790926726000,1,40.798,14.301,2.8528074959793024
1362453820235317248,1790950526000-632578958264631296-1362453820235317248,1790950526000,1790955112000,1,40.79,21.508,1.89650362655756
1050037109068398592,1790913904000-632578958264631296-1050037109068398592,1790913904000,1790917152000,1,40.728,10.664,3.8192048012003004
947452563299500032,1790915242000-632578958264631296-947452563299500032,1790915242000,1790919776000,1,40.666,16.057,2.532602603226007
1536014625517076480,1790920357000-632578958264631296-1536014625517076480,1790920357000,1790924175000,1,40.66,14.984,2.7135611318739987
1072872003913908224,1790923886000-632578958264631296-1072872003913908224,1790923886000,1790927535000,1,40.628,17.879,2.272386598803065
1089954932305428480,1790926926000-632578958264631296-1089954932305428480,1790926926000,1790931498000,1,40.619,16.57,2.4513578756789376
1131240144423092224,1790943476000-632578958264631296-1131240144423092224,1790943476000,1790949234000,1,40.54,21.275,1.9055229142185666
1385589008028925952,1790936830000-632578958264631296-1385589008028925952,1790936830000,1790941064000,1,40.526,16.568,2.446040560115886
947581828959567872,1790902914000-632578958264631296-947581828959567872,1790902914000,1790908454000,1,40.526,15.316,2.6459911203969706
1067771070980816896,1790916686000-632578958264631296-1067771070980816896,1790916686000,1790920694000,1,40.513,12.338,3.2835953963365214
1067763722711203840,1790944791000-632578958264631296-1067763722711203840,1790944791000,1790947992000,1,40.5,8.442,4.797441364605544
1604183215143124992,1790955339000-632578958264631296-1604183215143124992,1790955339000,1790961726000,1,40.458,25.208,1.604966677245319
1083727852433571840,1790936696000-632578958264631296-1083727852433571840,1790936696000,1790940803000,1,40.445,17.367,2.328842056774342
1067775201233600512,1790909897000-632578958264631296-1067775201233600512,1790909897000,1790912711000,1,40.424,9.679,4.17646451079657
1083726655622479872,1790926156000-632578958264631296-1083726655622479872,1790926156000,1790929704000,1,40.424,15.45,2.6164401294498383
871764433825693696,1790958493000-632578958264631296-871764433825693696,1790958493000,1790962636000,1,40.392,11.947,3.3809324516615056
1536014758619119616,1790900060000-632578958264631296-1536014758619119616,1790900060000,1790904136000,1,40.336,8.721,4.625157665405343
946025328671719424,1790924346000-632578958264631296-946025328671719424,1790924346000,1790928492000,1,40.311,15.951,2.5271769794997176
928334310946111488,1790918091000-632578958264631296-928334310946111488,1790918091000,1790921697000,1,40.258,11.659,3.4529547988678275
933392054296248320,1790949854000-632578958264631296-933392054296248320,1790949854000,1790955104000,1,40.239,15.958,2.5215565860383506
952249131684855808,1790947181000-632578958264631296-952249131684855808,1790947181000,1790951186000,1,40.21,11.955,3.3634462567963195
873821465244336128,1790909491000-632578958264631296-873821465244336128,1790909491000,1790912531000,1,40.086,11.346,3.533051295610788
870286624469024768,1790909512000-632578958264631296-870286624469024768,1790909512000,1790912841000,1,40.063,11.748,3.4101974804222
1138783468012961792,1790929891000-632578958264631296-1138783468012961792,1790929891000,1790933685000,1,40.03,14.112,2.836592970521542
1112389405491855360,1790910013000-632578958264631296-1112389405491855360,1790910013000,1790913458000,1,40.029,7.805,5.128635490070469
939548220361539584,1790897750000-632578958264631296-939548220361539584,1790897750000,1790903559000,1,39.935,19.375,2.061161290322581
996808469547843584,1790922754000-632578958264631296-996808469547843584,1790922754000,1790926067000,1,39.883,14.638,2.724620849842875
1134877765846171648,1790900114000-632578958264631296-1134877765846171648,1790900114000,1790905275000,1,39.862,16.321,2.4423748544819555
1079095062366781440,1790899947000-632578958264631296-1079095062366781440,1790899947000,1790903157000,1,39.843,10.625,3.749929411764706
1536014730089463808,1790945006000-632578958264631296-1536014730089463808,1790945006000,1790948837000,1,39.731,15.494,2.5642829482380276
946025328671719424,1790950363000-632578958264631296-946025328671719424,1790950363000,1790955153000,1,39.679,17.31,2.2922588099364534
1080818558042112000,1790932209000-632578958264631296-1080818558042112000,1790932209000,1790934138000,1,39.6,6.812,5.813270698766882
873821465244336128,1790942651000-632578958264631296-873821465244336128,1790942651000,1790946191000,1,39.598,11.38,3.479613356766256
1083727593376579584,1790953078000-632578958264631296-1083727593376579584,1790953078000,1790957616000,1,39.535,13.812,2.862366058499855
1540361934212169728,1790906403000-632578958264631296-1540361934212169728,1790906403000,1790909775000,1,39.455,7.65,5.1575163398692805
1536014681523617792,1790950510000-632578958264631296-1536014681523617792,1790950510000,1790955839000,1,39.453,15.678,2.516456180635285
862677666426257408,1790936890000-632578958264631296-862677666426257408,1790936890000,1790940332000,1,39.415,11.169,3.5289640970543465
932613192947859456,1790906412000-632578958264631296-932613192947859456,1790906412000,1790909844000,1,39.415,8.938,4.409823226672633
932612842287267840,1790919648000-632578958264631296-932612842287267840,1790919648000,1790923513000,1,39.364,10.36,3.7996138996138997
1345798361172672512,1790901644000-632578958264631296-1345798361172672512,1790901644000,1790907031000,1,39.353,15.297,2.572595933843237
1176134230934028288,1790921972000-632578958264631296-1176134230934028288,1790921972000,1790925668000,1,39.287,15.674,2.5065075921908893
1141991039255445504,1790926576000-632578958264631296-1141991039255445504,1790926576000,1790930020000,1,39.258,17.659,2.223115691715273
1462138214197231616,1790955444000-632578958264631296-1462138214197231616,1790955444000,1790959014000,1,39.256,9.595,4.091297550807712
1152270574152581120,1790912266000-632578958264631296-1152270574152581120,1790912266000,1790917914000,1,39.225,14.426,2.7190489394149453
1050036721544069120,1790901565000-632578958264631296-1050036721544069120,1790901565000,1790906289000,1,39.224,21.42,1.8311858076563956
862677666426257408,1790912143000-632578958264631296-862677666426257408,1790912143000,1790915083000,1,39.196,7.53,5.205312084993359
1389244082743672832,1790901835000-632578958264631296-1389244082743672832,1790901835000,1790905570000,1,39.19,14.547,2.6940262597099056
946027748999036928,1790899418000-632578958264631296-946027748999036928,1790899418000,1790903306000,1,39.168,12.259,3.1950403784974304
1080818558042112000,1790984409000-632578958264631296-1080818558042112000,1790984409000,1790988106000,1,39.11,12.73,3.0722702278083265
796706773456125952,1790960309000-632578958264631296-796706773456125952,1790960309000,1790964106000,1,39.095,14.776,2.6458446128857607
1065321017443876864,1790926640000-632578958264631296-1065321017443876864,1790926640000,1790930721000,1,39.012,10.801,3.611887788167762
1422205521707925504,1790937532000-632578958264631296-1422205521707925504,1790937532000,1790940748000,1,38.978,10.606,3.6750895719404113
1070370579279773696,1790926668000-632578958264631296-1070370579279773696,1790926668000,1790931887000,1,38.927,19.703,1.9756889813733949
947094374120947712,1790984279000-632578958264631296-947094374120947712,1790984279000,1790988480000,1,38.905,11.394,3.414516412146744
951556794549796864,1790903432000-632578958264631296-951556794549796864,1790903432000,1790908687000,1,38.884,15.871,2.450003150400101
1268615019327651840,1790909164000-632578958264631296-1268615019327651840,1790909164000,1790912824000,1,38.815,13.688,2.835695499707773
1067765247101632512,1790921351000-632578958264631296-1067765247101632512,1790921351000,1790925630000,1,38.809,18.969,2.0459170225104115
1071018553202704384,1790898612000-632578958264631296-1071018553202704384,1790898612000,1790902466000,1,38.785,20.146,1.9251960686985008
996808469547843584,1790938914000-632578958264631296-996808469547843584,1790938914000,1790942249000,1,38.754,12.139,3.1925199769338497
1385304935976927232,1790895927000-632578958264631296-1385304935976927232,1790895927000,1790902571000,1,38.661,17.81,2.170746771476699
1536014709264744448,1790940538000-632578958264631296-1536014709264744448,1790940538000,1790943777000,1,38.654,14.352,2.693283166109253
1097510484225032192,1790905211000-632578958264631296-1097510484225032192,1790905211000,1790911232000,1,38.634,17.336,2.2285417628057225
870286624469024768,1790942807000-632578958264631296-870286624469024768,1790942807000,1790946871000,1,38.627,10.432,3.702741564417178
790193276584984576,1790950882000-632578958264631296-790193276584984576,1790950882000,1790954561000,1,38.609,10.433,3.700661362982843
947094374120947712,1790909019000-632578958264631296-947094374120947712,1790909019000,1790913000000,1,38.609,15.845,2.4366677185231933
946030376206204928,1790949734000-632578958264631296-946030376206204928,1790949734000,1790954213000,1,38.593,16.913,2.2818541949979307
947105297703370752,1790928423000-632578958264631296-947105297703370752,1790928423000,1790933083000,1,38.459,14.535,2.6459580323357414
1072872003913908224,1790897323000-632578958264631296-1072872003913908224,1790897323000,1790902196000,1,38.362,20.347,1.8853885093625595
1593690913639497728,1790927067000-632578958264631296-1593690913639497728,1790927067000,1790930435000,1,38.343,13.596,2.8201676963812887
1093087738300727296,1790940737000-632578958264631296-1093087738300727296,1790940737000,1790944447000,1,38.245,14.376,2.6603366722314967
861290333428776960,1790910575000-632578958264631296-861290333428776960,1790910575000,1790914984000,1,38.232,9.627,3.9713306325958238
1401196266230120448,1790964574000-632578958264631296-1401196266230120448,1790964574000,1790970073000,1,38.183,21.75,1.7555402298850575
1294723291725955072,1790928409000-632578958264631296-1294723291725955072,1790928409000,1790932673000,1,38.148,7.82,4.878260869565217
1268615019327651840,1790934404000-632578958264631296-1268615019327651840,1790934404000,1790938382000,1,38.133,13.649,2.7938310498937655
1422205521707925504,1790923124000-632578958264631296-1422205521707925504,1790923124000,1790926434000,1,38.125,20.018,1.9045359176740932
1488156479612518400,1790942832000-632578958264631296-1488156479612518400,1790942832000,1790948037000,1,38.107,18.327,2.0792819337589346
938815830156640256,1790985195000-632578958264631296-938815830156640256,1790985195000,1790990142000,1,38.08,17.569,2.167454038363026
946025929669345280,1790941085000-632578958264631296-946025929669345280,1790941085000,1790944941000,1,38.069,14.974,2.5423400560972356
1188192864341852160,1790942608000-632578958264631296-1188192864341852160,1790942608000,1790945701000,1,37.995,10.671,3.5605847624402585
789852612550721536,1790961441000-632578958264631296-789852612550721536,1790961441000,1790966266000,1,37.949,13.869,2.736246304708342
1063501597117513728,1790900747000-632578958264631296-1063501597117513728,1790900747000,1790905001000,1,37.825,13.604,2.780432225815937
1072572023244324864,1790910705000-632578958264631296-1072572023244324864,1790910705000,1790915840000,1,37.803,17.838,2.119239825092499
780451558935494656,1790943401000-632578958264631296-780451558935494656,1790943401000,1790947791000,1,37.782,15.671,2.4109501627209493
1135529735623802880,1790985001000-632578958264631296-1135529735623802880,1790985001000,1790988714000,1,37.751,18.953,1.9918218751648815
1152270574152581120,1790897096000-632578958264631296-1152270574152581120,1790897096000,1790902606000,1,37.751,18.742,2.0142460783267526
1110856695237574656,1790948611000-632578958264631296-1110856695237574656,1790948611000,1790952062000,1,37.703,12.957,2.9098556764683186
1083726988146900992,1790948613000-632578958264631296-1083726988146900992,1790948613000,1790953023000,1,37.649,10.616,3.546439336850038
944571594812948480,1790918592000-632578958264631296-944571594812948480,1790918592000,1790925750000,1,37.644,14.767,2.5491975350443554
1604183215143124992,1790913239000-632578958264631296-1604183215143124992,1790913239000,1790916806000,1,37.619,11.77,3.196176720475786
1083726476706054144,1790897735000-632578958264631296-1083726476706054144,1790897735000,1790905429000,1,37.618,26.385,1.4257343187417093
1540361603277389824,1790929053000-632578958264631296-1540361603277389824,1790929053000,1790932124000,1,37.614,7.985,4.710582341891045
1471148657502846976,1790918377000-632578958264631296-1471148657502846976,1790918377000,1790923319000,1,37.591,16.783,2.2398260144193527
1046752835124854784,1790912773000-632578958264631296-1046752835124854784,1790912773000,1790917298000,1,37.59,12.109,3.104302584854241
939138676678459392,1790923458000-632578958264631296-939138676678459392,1790923458000,1790926986000,1,37.566,15.382,2.4422051748797298
1536014709264744448,1790917853000-632578958264631296-1536014709264744448,1790917853000,1790920919000,1,37.565,12.837,2.9263067694944302
1083726740557135872,1790935133000-632578958264631296-1083726740557135872,1790935133000,1790938802000,1,37.56,7.342,5.1157722691364755
940981890892955648,1790917046000-632578958264631296-940981890892955648,1790917046000,1790922345000,1,37.56,18.857,1.991833271464178
1593330894762934272,1790955357000-632578958264631296-1593330894762934272,1790955357000,1790958755000,1,37.536,13.354,2.8108431930507716
1593690913639497728,1790955364000-632578958264631296-1593690913639497728,1790955364000,1790958656000,1,37.535,13.095,2.8663612065673916
866648789010612224,1790927152000-632578958264631296-866648789010612224,1790927152000,1790931190000,1,37.511,10.911,3.437906699660893
1209168031477923840,1790945890000-632578958264631296-1209168031477923840,1790945890000,1790949372000,1,37.459,11.143,3.361662029973975
947104127047958528,1790941007000-632578958264631296-947104127047958528,1790941007000,1790944913000,1,37.423,11.269,3.3208802910639807
780451558935494656,1790939353000-632578958264631296-780451558935494656,1790939353000,1790943399000,1,37.38,16.072,2.3257839721254356
1428033112889098240,1790897760000-632578958264631296-1428033112889098240,1790897760000,1790905141000,1,37.375,23.06,1.6207718993928881
1046442314819436544,1790908413000-632578958264631296-1046442314819436544,1790908413000,1790913978000,1,37.31,24.834,1.502375775146976
943458585302532096,1790921345000-632578958264631296-943458585302532096,1790921345000,1790925053000,1,37.295,10.4,3.5860576923076923
1050036776183267328,1790933463000-632578958264631296-1050036776183267328,1790933463000,1790938148000,1,37.273,25.46,1.4639827179890024
932333591893901312,1790940277000-632578958264631296-932333591893901312,1790940277000,1790943675000,1,37.264,11.699,3.185229506795453
1083727593376579584,1790929417000-632578958264631296-1083727593376579584,1790929417000,1790933049000,1,37.253,14.981,2.4866831319671583
1066703715756408832,1790921615000-632578958264631296-1066703715756408832,1790921615000,1790925670000,1,37.215,20.306,1.8327095439771497
1101157025884143616,1790907668000-632578958264631296-1101157025884143616,1790907668000,1790911257000,1,37.071,13.322,2.782690286743732
947583451614150656,1790900745000-632578958264631296-947583451614150656,1790900745000,1790904450000,1,37.017,13.292,2.7849082154679508
1073201833905750016,1790929078000-632578958264631296-1073201833905750016,1790929078000,1790934265000,1,36.99,13.731,2.6939043041293425
1126571257152667648,1790929788000-632578958264631296-1126571257152667648,1790929788000,1790935535000,1,36.975,9.862,3.749239505171365
792451319469178880,1790912171000-632578958264631296-792451319469178880,1790912171000,1790916137000,1,36.975,13.851,2.6694823478449208
848986467664396288,1790928096000-632578958264631296-848986467664396288,1790928096000,1790931571000,1,36.958,12.512,2.953804347826087
1079795397515280384,1790938628000-632578958264631296-1079795397515280384,1790938628000,1790942241000,1,36.9,6.674,5.52891818999101
1067765309810671616,1790924097000-632578958264631296-1067765309810671616,1790924097000,1790927390000,1,36.888,11.646,3.167439464193714
1422205521707925504,1790941144000-632578958264631296-1422205521707925504,1790941144000,1790944354000,1,36.887,10.878,3.3909726052583196
1152269748554170368,1790912277000-632578958264631296-1152269748554170368,1790912277000,1790915288000,1,36.819,8.211,4.484106686152722
1079444806125486080,1790924681000-632578958264631296-1079444806125486080,1790924681000,1790928201000,1,36.79,13.327,2.760561266601636
1464286463544786944,1790924136000-632578958264631296-1464286463544786944,1790924136000,1790927198000,1,36.772,10.336,3.5576625386996903
1126869078934290432,1790985206000-632578958264631296-1126869078934290432,1790985206000,1790989392000,1,36.767,9.525,3.8600524934383205
870568761881526272,1790912848000-632578958264631296-870568761881526272,1790912848000,1790917993000,1,36.714,10.786,3.403856851474133
803716121332023296,1790905480000-632578958264631296-803716121332023296,1790905480000,1790908395000,1,36.695,6.919,5.303512068217951
1142833661045899264,1790944619000-632578958264631296-1142833661045899264,1790944619000,1790948492000,1,36.663,12.8,2.8642968749999995
1046752835124854784,1790900128000-632578958264631296-1046752835124854784,1790900128000,1790903781000,1,36.624,11.316,3.236479321314952
1079095785133441024,1790930432000-632578958264631296-1079095785133441024,1790930432000,1790934079000,1,36.567,13.77,2.6555555555555554
1071019405950844928,1790938958000-632578958264631296-1071019405950844928,1790938958000,1790944713000,1,36.558,20.653,1.7701060378637488
938442824968306688,1790917141000-632578958264631296-938442824968306688,1790917141000,1790920078000,1,36.556,7.844,4.660377358490566
951563481520275456,1790914814000-632578958264631296-951563481520275456,1790914814000,1790918366000,1,36.549,11.05,3.307601809954751
1067764779667423232,1790914370000-632578958264631296-1067764779667423232,1790914370000,1790917769000,1,36.409,12.66,2.875908372827804
1049976772092755968,1790912796000-632578958264631296-1049976772092755968,1790912796000,1790916029000,1,36.403,14.535,2.5045063639490883
1083726655622479872,1790943000000-632578958264631296-1083726655622479872,1790943000000,1790946389000,1,36.367,15.05,2.41641196013289
1486716779844599808,1790908431000-632578958264631296-1486716779844599808,1790908431000,1790912193000,1,36.342,11.92,3.0488255033557046
1094226815196594176,1790941304000-632578958264631296-1094226815196594176,1790941304000,1790944821000,1,36.34,14.241,2.551787093602978
1111626569580806144,1790982366000-632578958264631296-1111626569580806144,1790982366000,1790986685000,1,36.219,11.649,3.109193922225084
1067765446171688960,1790895796000-632578958264631296-1067765446171688960,1790895796000,1790899477000,1,36.21,15.237,2.3764520574916324
1094226778622263296,1790905268000-632578958264631296-1094226778622263296,1790905268000,1790908913000,1,36.2,12.736,2.8423366834170856
929721011920699392,1790926907000-632578958264631296-929721011920699392,1790926907000,1790930204000,1,36.179,7.438,4.864076364614144
1067775063052255232,1790923930000-632578958264631296-1067775063052255232,1790923930000,1790928096000,1,36.167,11.258,3.212559957363653
1083726655622479872,1790936663000-632578958264631296-1083726655622479872,1790936663000,1790940471000,1,36.098,16.748,2.155361834248865
1073966174624022528,1790904824000-632578958264631296-1073966174624022528,1790904824000,1790909191000,1,36.046,6.738,5.349658652419115
1209168031477923840,1790936833000-632578958264631296-1209168031477923840,1790936833000,1790939495000,1,35.972,9.386,3.8325165139569575
1064532839803912192,1790970184000-632578958264631296-1064532839803912192,1790970184000,1790973899000,1,35.967,7.05,5.101702127659574
780451764301201408,1790979850000-632578958264631296-780451764301201408,1790979850000,1790983124000,1,35.938,7.044,5.101930721181148
1073994678560358400,1790921467000-632578958264631296-1073994678560358400,1790921467000,1790926055000,1,35.935,14.252,2.5214005051922537
1211337321434054656,1790926680000-632578958264631296-1211337321434054656,1790926680000,1790929494000,1,35.92,13.935,2.5776820954431288
940246123384143872,1790912070000-632578958264631296-940246123384143872,1790912070000,1790916476000,1,35.919,17.588,2.042244712303843
1132636252537880576,1790902234000-632578958264631296-1132636252537880576,1790902234000,1790906429000,1,35.876,9.709,3.6951282315377485
1083726789898928128,1790939659000-632578958264631296-1083726789898928128,1790939659000,1790942847000,1,35.875,7.862,4.563088272704147
1209168031477923840,1790900272000-632578958264631296-1209168031477923840,1790900272000,1790904640000,1,35.84,11.162,3.210894104999104
1079026604165824512,1790944550000-632578958264631296-1079026604165824512,1790944550000,1790948520000,1,35.832,14.701,2.4373852118903474
1067763772824748032,1790984121000-632578958264631296-1067763772824748032,1790984121000,1790988023000,1,35.816,16.663,2.1494328752325513
787687496786903040,1790906788000-632578958264631296-787687496786903040,1790906788000,1790910876000,1,35.8,12.5,2.864
1070370579279773696,1790957420000-632578958264631296-1070370579279773696,1790957420000,1790962950000,1,35.749,16.574,2.1569325449499215
1464260641047969792,1790941304000-632578958264631296-1464260641047969792,1790941304000,1790944547000,1,35.732,12.213,2.925734872676656
1067775063052255232,1790983287000-632578958264631296-1067775063052255232,1790983287000,1790987171000,1,35.694,12.213,2.9226234340456894
1604183215143124992,1790920198000-632578958264631296-1604183215143124992,1790920198000,1790923963000,1,35.692,14.833,2.40625632036675
1072872003913908224,1790903483000-632578958264631296-1072872003913908224,1790903483000,1790908210000,1,35.676,19.681,1.812712768660129
946024601958219776,1790934222000-632578958264631296-946024601958219776,1790934222000,1790937255000,1,35.628,9.408,3.7869897959183674
1298646515224412160,1790940258000-632578958264631296-1298646515224412160,1790940258000,1790945186000,1,35.598,12.517,2.8439721978109773
1094588896550846464,1790947192000-632578958264631296-1094588896550846464,1790947192000,1790952155000,1,35.577,16.298,2.182905878021843
1604183215143124992,1790907744000-632578958264631296-1604183215143124992,1790907744000,1790912511000,1,35.559,16.415,2.1662503807493145
951561875261227008,1790954936000-632578958264631296-951561875261227008,1790954936000,1790958735000,1,35.538,17.809,1.9955078892694702
1152270574152581120,1790904821000-632578958264631296-1152270574152581120,1790904821000,1790908604000,1,35.499,10.526,3.3725061751852556
873897783357079552,1790914434000-632578958264631296-873897783357079552,1790914434000,1790917172000,1,35.494,9.667,3.671666494258819
973914141028777984,1790929232000-632578958264631296-973914141028777984,1790929232000,1790933014000,1,35.436,10.769,3.2905562262048473
1083728870357598208,1790906152000-632578958264631296-1083728870357598208,1790906152000,1790913948000,1,35.387,27.346,1.2940466613032984
1112389405491855360,1790916048000-632578958264631296-1112389405491855360,1790916048000,1790920944000,1,35.363,7.578,4.666534705727105
861290333428776960,1790923845000-632578958264631296-861290333428776960,1790923845000,1790926947000,1,35.319,7.157,4.934888919938522
847116116999274496,1790894663000-632578958264631296-847116116999274496,1790894663000,1790899658000,1,35.265,8.25,4.274545454545454
1050441880044568576,1790926891000-632578958264631296-1050441880044568576,1790926891000,1790931160000,1,35.254,13.496,2.6121813870776522
1067775201233600512,1790958891000-632578958264631296-1067775201233600512,1790958891000,1790962726000,1,35.254,10.277,3.430378515130875
1536014603211767808,1790942394000-632578958264631296-1536014603211767808,1790942394000,1790946268000,1,35.24,15.049,2.341683832812812
1471165285556813824,1790964380000-632578958264631296-1471165285556813824,1790964380000,1790967546000,1,35.19,11.62,3.0283993115318415
925753337108758528,1790942066000-632578958264631296-925753337108758528,1790942066000,1790946387000,1,35.153,12.173,2.8877844409759303
794226357327364096,1790903435000-632578958264631296-794226357327364096,1790903435000,1790906530000,1,35.148,11.136,3.1562500000000004
1071858322266652672,1790901277000-632578958264631296-1071858322266652672,1790901277000,1790904969000,1,35.146,6.916,5.081839213418161
915980150607183872,1790956246000-632578958264631296-915980150607183872,1790956246000,1790960050000,1,35.133,10.128,3.4688981042654032
966384365741277184,1790938303000-632578958264631296-966384365741277184,1790938303000,1790941392000,1,35.125,14.979,2.3449495961012086
780116044227280896,1790901720000-632578958264631296-780116044227280896,1790901720000,1790905400000,1,35.097,9.826,3.571850193364543
1536014730089463808,1790985309000-632578958264631296-1536014730089463808,1790985309000,1790989515000,1,35.096,10.78,3.2556586270871986
931938125880492032,1790936644000-632578958264631296-931938125880492032,1790936644000,1790940471000,1,35.09,16.209,2.1648466901104326
1182027923075366912,1790926491000-632578958264631296-1182027923075366912,1790926491000,1790929703000,1,35.028,10.227,3.4250513347022586
792451146961649664,1790902236000-632578958264631296-792451146961649664,1790902236000,1790905181000,1,35.024,9.695,3.612583806085611
1067765061260410880,1790944066000-632578958264631296-1067765061260410880,1790944066000,1790950036000,1,34.991,18.483,1.893145052210139
952162532812914688,1790926069000-632578958264631296-952162532812914688,1790926069000,1790929824000,1,34.971,15.293,2.2867324919897993
1094584849307533312,1790922704000-632578958264631296-1094584849307533312,1790922704000,1790927376000,1,34.958,9.84,3.5526422764227643
1067793936933715968,1790923258000-632578958264631296-1067793936933715968,1790923258000,1790927250000,1,34.948,13.708,2.549460169244237
1540361603277389824,1790913120000-632578958264631296-1540361603277389824,1790913120000,1790916292000,1,34.895,11.06,3.1550632911392404
946030864989421568,1790938985000-632578958264631296-946030864989421568,1790938985000,1790942632000,1,34.882,9.341,3.7342896906112837
1049976772092755968,1790903103000-632578958264631296-1049976772092755968,1790903103000,1790906565000,1,34.877,15.777,2.2106230588831846
862287863801184256,1790940615000-632578958264631296-862287863801184256,1790940615000,1790944832000,1,34.858,13.633,2.556884031394411
1389243594644127744,1790923833000-632578958264631296-1389243594644127744,1790923833000,1790927213000,1,34.73,16.346,2.1246788205065457
1081223436249858048,1790920435000-632578958264631296-1081223436249858048,1790920435000,1790923632000,1,34.726,11.46,3.0301919720767887
1023491297677148160,1790902838000-632578958264631296-1023491297677148160,1790902838000,1790907550000,1,34.665,13.567,2.5550969263654455
1422205425331208192,1790942368000-632578958264631296-1422205425331208192,1790942368000,1790947079000,1,34.637,17.854,1.9400134423658566
932335222958063616,1790926519000-632578958264631296-932335222958063616,1790926519000,1790930506000,1,34.616,11.975,2.8906889352818372
873897783357079552,1790981975000-632578958264631296-873897783357079552,1790981975000,1790985239000,1,34.556,9.903,3.4894476421286473
1477629723302428672,1790928243000-632578958264631296-1477629723302428672,1790928243000,1790931303000,1,34.555,9.262,3.730835672640898
947104127047958528,1790927616000-632578958264631296-947104127047958528,1790927616000,1790930680000,1,34.419,10.509,3.275192691978304
876044057397166080,1790903919000-632578958264631296-876044057397166080,1790903919000,1790907069000,1,34.401,8.51,4.042420681551117
1469693281720860672,1790919361000-632578958264631296-1469693281720860672,1790919361000,1790922888000,1,34.388,7.463,4.6077984724641565
1536014709264744448,1790935863000-632578958264631296-1536014709264744448,1790935863000,1790938521000,1,34.359,10.59,3.244475920679887
1526262198169501696,1790960886000-632578958264631296-1526262198169501696,1790960886000,1790963683000,1,34.284,6.339,5.408424041646947
1469693281720860672,1790910441000-632578958264631296-1469693281720860672,1790910441000,1790913828000,1,34.267,8.456,4.052388836329234
1067767656859303936,1790944662000-632578958264631296-1067767656859303936,1790944662000,1790948378000,1,34.244,9.415,3.6371747211895915
1079095062366781440,1790931076000-632578958264631296-1079095062366781440,1790931076000,1790934544000,1,34.202,11.494,2.9756394640682093
796706773456125952,1790907395000-632578958264631296-796706773456125952,1790907395000,1790911251000,1,34.164,13.48,2.534421364985163
862287863801184256,1790955619000-632578958264631296-862287863801184256,1790955619000,1790959023000,1,34.139,15.435,2.2117913832199547
1476549765217910784,1790935204000-632578958264631296-1476549765217910784,1790935204000,1790938599000,1,34.136,15.543,2.196229814064209
1079774673618599936,1790943140000-632578958264631296-1079774673618599936,1790943140000,1790946411000,1,34.133,6.235,5.474418604651163
1083016936570224640,1790930179000-632578958264631296-1083016936570224640,1790930179000,1790933572000,1,34.109,21.125,1.6146272189349113
1060533930890887168,1790905273000-632578958264631296-1060533930890887168,1790905273000,1790908507000,1,34.033,13.906,2.447360851431037
1593693995681185792,1790940210000-632578958264631296-1593693995681185792,1790940210000,1790943453000,1,34.029,7.74,4.396511627906977
1536014589357981696,1790937033000-632578958264631296-1536014589357981696,1790937033000,1790940545000,1,33.99,12.598,2.698047309096682
1079095062366781440,1790940228000-632578958264631296-1079095062366781440,1790940228000,1790943275000,1,33.964,10.252,3.3129145532579005
1488156479612518400,1790948212000-632578958264631296-1488156479612518400,1790948212000,1790954564000,1,33.94,16.311,2.080804365152351
947105297703370752,1790917708000-632578958264631296-947105297703370752,1790917708000,1790921923000,1,33.931,11.144,3.044777458722182
925753337108758528,1790956411000-632578958264631296-925753337108758528,1790956411000,1790962285000,1,33.893,13.784,2.458865351131747
1073994678560358400,1790929643000-632578958264631296-1073994678560358400,1790929643000,1790934599000,1,33.889,16.04,2.1127805486284292
942426738309201920,1790917236000-632578958264631296-942426738309201920,1790917236000,1790921346000,1,33.849,11.884,2.848283406260518
1476549765217910784,1790913982000-632578958264631296-1476549765217910784,1790913982000,1790917277000,1,33.848,10.893,3.107316625355733
947091094921805824,1790953741000-632578958264631296-947091094921805824,1790953741000,1790959787000,1,33.821,6.994,4.835716328281384
1064550465066237952,1790900661000-632578958264631296-1064550465066237952,1790900661000,1790903799000,1,33.782,11.658,2.8977526162291984
1071481767405289472,1790942794000-632578958264631296-1071481767405289472,1790942794000,1790945810000,1,33.779,9.1,3.7119780219780223
1422205425331208192,1790904784000-632578958264631296-1422205425331208192,1790904784000,1790909189000,1,33.754,22.78,1.4817383669885864
1067765446171688960,1790900753000-632578958264631296-1067765446171688960,1790900753000,1790903957000,1,33.753,10.871,3.1048661576671877
947926207788220416,1790935121000-632578958264631296-947926207788220416,1790935121000,1790939019000,1,33.715,16.186,2.0829729395774126
944571594812948480,1790906081000-632578958264631296-944571594812948480,1790906081000,1790909363000,1,33.705,8.77,3.8432155074116308
1083726740557135872,1790923439000-632578958264631296-1083726740557135872,1790923439000,1790926450000,1,33.686,6.713,5.018024728139431
944573640047853568,1790956848000-632578958264631296-944573640047853568,1790956848000,1790960907000,1,33.631,10.075,3.3380645161290325
1083726423769743360,1790954022000-632578958264631296-1083726423769743360,1790954022000,1790958438000,1,33.583,10.903,3.0801614234614325
1067776196789403648,1790936704000-632578958264631296-1067776196789403648,1790936704000,1790940128000,1,33.517,6.993,4.792935792935793
1476549608761982976,1790941580000-632578958264631296-1476549608761982976,1790941580000,1790944694000,1,33.5,12.84,2.6090342679127727
947581828959567872,1790939879000-632578958264631296-947581828959567872,1790939879000,1790942764000,1,33.492,10.155,3.29807976366322
1464253789857906688,1790901505000-632578958264631296-1464253789857906688,1790901505000,1790904838000,1,33.407,6.4,5.219843749999999
1536014609964597248,1790901625000-632578958264631296-1536014609964597248,1790901625000,1790904859000,1,33.396,7.293,4.579185520361991
1441118393376702464,1790929641000-632578958264631296-1441118393376702464,1790929641000,1790934108000,1,33.386,17.038,1.9595022890010565
1428064485414797312,1790945307000-632578958264631296-1428064485414797312,1790945307000,1790948619000,1,33.331,13.31,2.504207362885049
948575900767617024,1790944408000-632578958264631296-948575900767617024,1790944408000,1790948037000,1,33.211,8.419,3.944767787148117
873916972050415616,1790937883000-632578958264631296-873916972050415616,1790937883000,1790942283000,1,33.206,8.164,4.067368936795689
946024601958219776,1790926157000-632578958264631296-946024601958219776,1790926157000,1790929778000,1,33.194,9.965,3.3310587054691423
1071858322266652672,1790910738000-632578958264631296-1071858322266652672,1790910738000,1790914724000,1,33.16,11.386,2.91234849815563
1131239137144209408,1790911564000-632578958264631296-1131239137144209408,1790911564000,1790914858000,1,33.12,6.523,5.0774183657826155
1571542304466927616,1790937508000-632578958264631296-1571542304466927616,1790937508000,1790940354000,1,33.085,8.038,4.116073650161732
1173302979768352768,1790941318000-632578958264631296-1173302979768352768,1790941318000,1790944287000,1,33.069,11.771,2.809361991334636
873897783357079552,1790930166000-632578958264631296-873897783357079552,1790930166000,1790933237000,1,33.035,8.385,3.9397734048896837
794950170587430912,1790905443000-632578958264631296-794950170587430912,1790905443000,1790909065000,1,32.957,13.088,2.5181081907090466
1050037649940676608,1790923055000-632578958264631296-1050037649940676608,1790923055000,1790925945000,1,32.953,15.76,2.0909263959390865
1428033112889098240,1790905142000-632578958264631296-1428033112889098240,1790905142000,1790911373000,1,32.829,15.693,2.0919518256547507
1113484110199783424,1790902646000-632578958264631296-1113484110199783424,1790902646000,1790906953000,1,32.796,15.435,2.1247813411078718
1294704486559776768,1790919732000-632578958264631296-1294704486559776768,1790919732000,1790923100000,1,32.741,6.041,5.419798046681013
1067775063052255232,1790908902000-632578958264631296-1067775063052255232,1790908902000,1790912466000,1,32.727,10.718,3.0534614666915467
876044057397166080,1790944706000-632578958264631296-876044057397166080,1790944706000,1790947752000,1,32.705,8.911,3.6701829199865337
1101157025884143616,1790939180000-632578958264631296-1101157025884143616,1790939180000,1790944169000,1,32.703,12.546,2.606647537063606
1067793936933715968,1790920501000-632578958264631296-1067793936933715968,1790920501000,1790923117000,1,32.679,10.132,3.225325700750099
784445514740400128,1790925940000-632578958264631296-784445514740400128,1790925940000,1790928440000,1,32.647,9.613,3.3961302402995943
1153273602804547584,1790956107000-632578958264631296-1153273602804547584,1790956107000,1790961339000,1,32.645,18.006,1.8130067755192716
1067763772824748032,1790951235000-632578958264631296-1067763772824748032,1790951235000,1790954792000,1,32.621,9.937,3.282781523598672
1083726930487803904,1790920354000-632578958264631296-1083726930487803904,1790920354000,1790925020000,1,32.604,7.786,4.187516054456717
939547417898909696,1790981819000-632578958264631296-939547417898909696,1790981819000,1790984771000,1,32.588,12.449,2.6177202988191826
1535704124731949056,1790922861000-632578958264631296-1535704124731949056,1790922861000,1790926379000,1,32.585,8.432,3.8644449715370017
946025929669345280,1790926421000-632578958264631296-946025929669345280,1790926421000,1790930057000,1,32.584,12.102,2.6924475293339944
946033927888306176,1790941777000-632578958264631296-946033927888306176,1790941777000,1790946306000,1,32.574,20.271,1.6069261506585761
1540361603277389824,1790984856000-632578958264631296-1540361603277389824,1790984856000,1790987513000,1,32.559,9.497,3.4283457934084445
1082330521322651648,1790913166000-632578958264631296-1082330521322651648,1790913166000,1790917929000,1,32.557,7.893,4.124794121373369
1182027923075366912,1790935517000-632578958264631296-1182027923075366912,1790935517000,1790938918000,1,32.541,11.209,2.903113569453118
1088492376734826496,1790949438000-632578958264631296-1088492376734826496,1790949438000,1790953070000,1,32.527,7.822,4.158399386346203
1071019405950844928,1790928874000-632578958264631296-1071019405950844928,1790928874000,1790934023000,1,32.525,19.279,1.6870688313709217
947583451614150656,1790944172000-632578958264631296-947583451614150656,1790944172000,1790947947000,1,32.452,9.384,3.4582267689684567
946036270407090176,1790902793000-632578958264631296-946036270407090176,1790902793000,1790907687000,1,32.446,14.988,2.1647985054710435
866686265431425024,1790917490000-632578958264631296-866686265431425024,1790917490000,1790921901000,1,32.438,13.326,2.434188803842113
1083726476706054144,1790905555000-632578958264631296-1083726476706054144,1790905555000,1790911413000,1,32.436,17.593,1.8436878303870858
1501933902321680384,1790923485000-632578958264631296-1501933902321680384,1790923485000,1790926278000,1,32.399,5.907,5.484848484848485
1071858322266652672,1790895689000-632578958264631296-1071858322266652672,1790895689000,1790899741000,1,32.393,11.774,2.7512315270935965
790193276584984576,1790956982000-632578958264631296-790193276584984576,1790956982000,1790960413000,1,32.385,9.132,3.5463206307490145
1079444806125486080,1790929981000-632578958264631296-1079444806125486080,1790929981000,1790933513000,1,32.363,10.703,3.023731664019434
931892603408875520,1790943757000-632578958264631296-931892603408875520,1790943757000,1790947170000,1,32.323,8.818,3.6655704241324565
1063501597117513728,1790922545000-632578958264631296-1063501597117513728,1790922545000,1790925913000,1,32.285,12.507,2.5813544415127527
780451558935494656,1790915478000-632578958264631296-780451558935494656,1790915478000,1790918764000,1,32.242,12.004,2.68593802065978
871764433825693696,1790900661000-632578958264631296-871764433825693696,1790900661000,1790904265000,1,32.218,8.529,3.7774651190057456
1076923321632686080,1790923567000-632578958264631296-1076923321632686080,1790923567000,1790927066000,1,32.211,12.98,2.4815870570107856
1422205521707925504,1790933341000-632578958264631296-1422205521707925504,1790933341000,1790936647000,1,32.189,10.841,2.9691910340374505
951558414842986496,1790907945000-632578958264631296-951558414842986496,1790907945000,1790911044000,1,32.183,9.025,3.5659833795013847
792451319469178880,1790918509000-632578958264631296-792451319469178880,1790918509000,1790921367000,1,32.115,9.726,3.3019740900678594
1067763722711203840,1790928328000-632578958264631296-1067763722711203840,1790928328000,1790931622000,1,32.09,15.578,2.0599563486968804
1090633180173565952,1790918531000-632578958264631296-1090633180173565952,1790918531000,1790922568000,1,32.076,7.733,4.147937411095306
1093476797997121536,1790931358000-632578958264631296-1093476797997121536,1790931358000,1790936105000,1,32.033,14.033,2.2826908002565385
1067765446171688960,1790906956000-632578958264631296-1067765446171688960,1790906956000,1790911515000,1,32.023,13.18,2.4296661608497727
1120316481867874304,1790947275000-632578958264631296-1120316481867874304,1790947275000,1790951276000,1,32.023,6.784,4.7203714622641515
951561875261227008,1790917734000-632578958264631296-951561875261227008,1790917734000,1790920672000,1,32.0,16.363,1.9556316078958627
1506655599683698688,1790917957000-632578958264631296-1506655599683698688,1790917957000,1790920686000,1,31.91,10.814,2.9508045126687628
1067765247101632512,1790899675000-632578958264631296-1067765247101632512,1790899675000,1790903221000,1,31.9,12.68,2.5157728706624605
1476549765217910784,1790898199000-632578958264631296-1476549765217910784,1790898199000,1790903785000,1,31.893,14.835,2.1498483316481294
947104127047958528,1790933816000-632578958264631296-947104127047958528,1790933816000,1790936973000,1,31.807,9.831,3.2353778862781
1060533930890887168,1790953835000-632578958264631296-1060533930890887168,1790953835000,1790956617000,1,31.7,11.205,2.829094154395359
932612842287267840,1790946989000-632578958264631296-932612842287267840,1790946989000,1790950125000,1,31.681,7.36,4.3044836956521735
794950170587430912,1790935412000-632578958264631296-794950170587430912,1790935412000,1790938053000,1,31.631,5.498,5.7531829756275
1506655599683698688,1790943975000-632578958264631296-1506655599683698688,1790943975000,1790947349000,1,31.614,12.643,2.5005141184845368
1536014681523617792,1790940978000-632578958264631296-1536014681523617792,1790940978000,1790943727000,1,31.589,12.219,2.585236107701121
1536022277991170048,1790932235000-632578958264631296-1536022277991170048,1790932235000,1790936712000,1,31.571,8.894,3.5496964245558806
947583099720433664,1790921817000-632578958264631296-947583099720433664,1790921817000,1790924362000,1,31.506,6.211,5.072613105780068
1050441880044568576,1790917304000-632578958264631296-1050441880044568576,1790917304000,1790920469000,1,31.448,13.814,2.2765310554509917
1268615019327651840,1790945262000-632578958264631296-1268615019327651840,1790945262000,1790948276000,1,31.396,8.429,3.7247597579784077
1471165126924042240,1790905949000-632578958264631296-1471165126924042240,1790905949000,1790911509000,1,31.361,7.389,4.244282040871566
1599470599497842688,1790977204000-632578958264631296-1599470599497842688,1790977204000,1790980316000,1,31.342,6.788,4.617265763111373
1067763722711203840,1790982536000-632578958264631296-1067763722711203840,1790982536000,1790985891000,1,31.318,8.34,3.7551558752997605
973914141028777984,1790942844000-632578958264631296-973914141028777984,1790942844000,1790945479000,1,31.314,9.701,3.2279146479744356
1491416395517263872,1790928652000-632578958264631296-1491416395517263872,1790928652000,1790931658000,1,31.272,7.954,3.9316067387477998
1345798361172672512,1790984460000-632578958264631296-1345798361172672512,1790984460000,1790989008000,1,31.255,14.314,2.1835266172977503
946033927888306176,1790948265000-632578958264631296-946033927888306176,1790948265000,1790952955000,1,31.253,20.86,1.4982262703739215
1073983957575401472,1790904098000-632578958264631296-1073983957575401472,1790904098000,1790907197000,1,31.248,5.932,5.26770060687795
1183367596062277632,1790914404000-632578958264631296-1183367596062277632,1790914404000,1790917214000,1,31.219,12.62,2.4737717908082413
1536014695108968448,1790929995000-632578958264631296-1536014695108968448,1790929995000,1790933838000,1,31.182,14.091,2.2129018522461146
1593405762816704512,1790939915000-632578958264631296-1593405762816704512,1790939915000,1790944443000,1,31.097,18.575,1.6741318977119786
1545823852121030656,1790930400000-632578958264631296-1545823852121030656,1790930400000,1790933389000,1,31.05,9.37,3.313767342582711
947926207788220416,1790952090000-632578958264631296-947926207788220416,1790952090000,1790955067000,1,31.05,14.011,2.2161159089286993
1049976646406242304,1790919120000-632578958264631296-1049976646406242304,1790919120000,1790922047000,1,31.009,5.841,5.308851224105461
1477629723302428672,1790947552000-632578958264631296-1477629723302428672,1790947552000,1790950286000,1,30.961,6.823,4.537739997068738
944591832124227584,1790977132000-632578958264631296-944591832124227584,1790977132000,1790980686000,1,30.943,14.603,2.1189481613367116
1488156479612518400,1790911197000-632578958264631296-1488156479612518400,1790911197000,1790914019000,1,30.877,10.563,2.9231278992710403
1083039951072788480,1790911133000-632578958264631296-1083039951072788480,1790911133000,1790914225000,1,30.849,11.536,2.6741504854368934
1536004619845500928,1790898964000-632578958264631296-1536004619845500928,1790898964000,1790901409000,1,30.84,6.786,4.544650751547303
796706773456125952,1790957892000-632578958264631296-796706773456125952,1790957892000,1790960284000,1,30.828,10.412,2.960814444871302
1076924285072703488,1790954591000-632578958264631296-1076924285072703488,1790954591000,1790957947000,1,30.822,10.115,3.047157686604053
906553960083488768,1790977883000-632578958264631296-906553960083488768,1790977883000,1790983857000,1,30.719,16.384,1.87493896484375
1083039951072788480,1790956782000-632578958264631296-1083039951072788480,1790956782000,1790962299000,1,30.702,13.0,2.3616923076923078
780451558935494656,1790912742000-632578958264631296-780451558935494656,1790912742000,1790915453000,1,30.644,11.114,2.7572431167896343
946026878085365760,1790920617000-632578958264631296-946026878085365760,1790920617000,1790925693000,1,30.628,8.928,3.4305555555555554
1488156479612518400,1790956782000-632578958264631296-1488156479612518400,1790956782000,1790962362000,1,30.625,14.385,2.1289537712895377
1136252936335130624,1790930498000-632578958264631296-1136252936335130624,1790930498000,1790933511000,1,30.611,11.658,2.6257505575570423
951563481520275456,1790905232000-632578958264631296-951563481520275456,1790905232000,1790909054000,1,30.596,9.511,3.2169067395647146
1138783468012961792,1790935993000-632578958264631296-1138783468012961792,1790935993000,1790940678000,1,30.577,12.958,2.3597005710757832
1064532839803912192,1790963278000-632578958264631296-1064532839803912192,1790963278000,1790969021000,1,30.544,6.444,4.7399130974549974
1120316585941139456,1790921207000-632578958264631296-1120316585941139456,1790921207000,1790923707000,1,30.535,9.269,3.294314381270903
1593406240992526336,1790911611000-632578958264631296-1593406240992526336,1790911611000,1790915741000,1,30.476,13.58,2.244182621502209
1083726988146900992,1790914563000-632578958264631296-1083726988146900992,1790914563000,1790917428000,1,30.471,8.698,3.5032191308346743
1211337321434054656,1790904238000-632578958264631296-1211337321434054656,1790904238000,1790907107000,1,30.439,10.793,2.8202538682479386
929711155667009536,1790915191000-632578958264631296-929711155667009536,1790915191000,1790918372000,1,30.385,13.289,2.286477537813229
1363836271826305024,1790973071000-632578958264631296-1363836271826305024,1790973071000,1790976495000,1,30.379,10.452,2.9065250669728284
1079778539525373952,1790942625000-632578958264631296-1079778539525373952,1790942625000,1790946375000,1,30.376,7.902,3.8440901037711974
938815830156640256,1790942723000-632578958264631296-938815830156640256,1790942723000,1790946709000,1,30.367,11.889,2.5542097737404323
1602017244622094336,1790934527000-632578958264631296-1602017244622094336,1790934527000,1790938337000,1,30.327,11.267,2.6916659270435788
1364616390270517248,1790940057000-632578958264631296-1364616390270517248,1790940057000,1790944815000,1,30.294,12.634,2.3978154187114136
966356141711818752,1790899647000-632578958264631296-966356141711818752,1790899647000,1790903640000,1,30.287,12.892,2.3492863791498606
1138167953473142784,1790908978000-632578958264631296-1138167953473142784,1790908978000,1790911883000,1,30.269,12.817,2.361629086369665
1385305434218299392,1790922036000-632578958264631296-1385305434218299392,1790922036000,1790925551000,1,30.252,5.341,5.664107844972851
1050037109068398592,1790961750000-632578958264631296-1050037109068398592,1790961750000,1790965184000,1,30.249,8.923,3.390003362097949
1209168031477923840,1790911530000-632578958264631296-1209168031477923840,1790911530000,1790914634000,1,30.228,8.818,3.4279882059423907
784445514740400128,1790913250000-632578958264631296-784445514740400128,1790913250000,1790916262000,1,30.22,9.5,3.181052631578947
1067763903368265728,1790915126000-632578958264631296-1067763903368265728,1790915126000,1790918517000,1,30.074,10.554,2.849535721053629
1094226778622263296,1790953822000-632578958264631296-1094226778622263296,1790953822000,1790956465000,1,30.056,10.396,2.8911119661408233
1067765446171688960,1790928569000-632578958264631296-1067765446171688960,1790928569000,1790931470000,1,30.015,10.946,2.7420975698885437
1535704124731949056,1790930226000-632578958264631296-1535704124731949056,1790930226000,1790933416000,1,29.904,8.403,3.55872902534809
1486716779844599808,1790930196000-632578958264631296-1486716779844599808,1790930196000,1790933557000,1,29.894,14.5,2.061655172413793
1050037048276156416,1790943762000-632578958264631296-1050037048276156416,1790943762000,1790946645000,1,29.883,7.335,4.07402862985685
869954569466019840,1790970057000-632578958264631296-869954569466019840,1790970057000,1790972593000,1,29.827,6.537,4.562796389781245
1088492376734826496,1790911610000-632578958264631296-1088492376734826496,1790911610000,1790914399000,1,29.824,7.567,3.9413241707413773
1298646515224412160,1790913245000-632578958264631296-1298646515224412160,1790913245000,1790917696000,1,29.805,11.047,2.6980175613288675
1082007973238145024,1790960142000-632578958264631296-1082007973238145024,1790960142000,1790963346000,1,29.79,11.524,2.585039916695592
784445514740400128,1790949406000-632578958264631296-784445514740400128,1790949406000,1790952100000,1,29.789,11.572,2.5742309021776704
1593693995681185792,1790932729000-632578958264631296-1593693995681185792,1790932729000,1790936195000,1,29.762,7.682,3.874251497005988
819592403370377216,1790946836000-632578958264631296-819592403370377216,1790946836000,1790951193000,1,29.719,7.461,3.9832462136442834
1067775916656033792,1790927458000-632578958264631296-1067775916656033792,1790927458000,1790930057000,1,29.707,10.499,2.8295075721497285
1083778254826897408,1790955855000-632578958264631296-1083778254826897408,1790955855000,1790959115000,1,29.707,13.38,2.220254110612855
1071018553202704384,1790902762000-632578958264631296-1071018553202704384,1790902762000,1790905647000,1,29.549,12.22,2.4180851063829785
1083726517403385856,1790933741000-632578958264631296-1083726517403385856,1790933741000,1790936955000,1,29.528,6.359,4.643497405252398
1083727593376579584,1790910091000-632578958264631296-1083727593376579584,1790910091000,1790913076000,1,29.48,10.409,2.8321644730521665
1428367002015105024,1790908206000-632578958264631296-1428367002015105024,1790908206000,1790911958000,1,29.439,15.0,1.9626
1268615019327651840,1790938900000-632578958264631296-1268615019327651840,1790938900000,1790941511000,1,29.437,9.963,2.9546321389139822
862287863801184256,1790952450000-632578958264631296-862287863801184256,1790952450000,1790954860000,1,29.398,9.852,2.9839626471782377
1471165285556813824,1790934144000-632578958264631296-1471165285556813824,1790934144000,1790937540000,1,29.375,11.0,2.6704545454545454
1079796452147855360,1790912194000-632578958264631296-1079796452147855360,1790912194000,1790916327000,1,29.369,14.169,2.0727644858493894
883046842797916160,1790942665000-632578958264631296-883046842797916160,1790942665000,1790946702000,1,29.283,12.648,2.31522770398482
1045646687990710272,1790920737000-632578958264631296-1045646687990710272,1790920737000,1790925411000,1,29.281,7.808,3.7501280737704916
1050037048276156416,1790898194000-632578958264631296-1050037048276156416,1790898194000,1790900683000,1,29.178,7.142,4.085410249229907
947452563299500032,1790908548000-632578958264631296-947452563299500032,1790908548000,1790911016000,1,29.149,8.357,3.4879741534043323
1120316721542987776,1790926395000-632578958264631296-1120316721542987776,1790926395000,1790930032000,1,29.077,13.617,2.135345523977381
951558904641224704,1790946606000-632578958264631296-951558904641224704,1790946606000,1790950277000,1,29.004,9.371,3.095080567708889
966384365741277184,1790943461000-632578958264631296-966384365741277184,1790943461000,1790946738000,1,28.989,16.316,1.7767222358421184
848986467664396288,1790917614000-632578958264631296-848986467664396288,1790917614000,1790920085000,1,28.988,7.407,3.9135952477386255
947452563299500032,1790919870000-632578958264631296-947452563299500032,1790919870000,1790922302000,1,28.986,9.992,2.900920736589271
1475452919183572992,1790918237000-632578958264631296-1475452919183572992,1790918237000,1790921768000,1,28.963,5.869,4.9349122508093375
1045646687990710272,1790931249000-632578958264631296-1045646687990710272,1790931249000,1790934512000,1,28.927,6.013,4.810743389323133
946024601958219776,1790940563000-632578958264631296-946024601958219776,1790940563000,1790943482000,1,28.925,7.754,3.730332731493423
929711155667009536,1790909205000-632578958264631296-929711155667009536,1790909205000,1790913087000,1,28.905,19.11,1.512558869701727
946026878085365760,1790931339000-632578958264631296-946026878085365760,1790931339000,1790934579000,1,28.889,5.902,4.894781430023721
973914141028777984,1790915886000-632578958264631296-973914141028777984,1790915886000,1790918776000,1,28.888,9.054,3.190633973934173
873109579045535744,1790922771000-632578958264631296-873109579045535744,1790922771000,1790925329000,1,28.822,7.4,3.8948648648648647
1604183215143124992,1790952131000-632578958264631296-1604183215143124992,1790952131000,1790955318000,1,28.777,11.45,2.513275109170306
1268615019327651840,1790906115000-632578958264631296-1268615019327651840,1790906115000,1790908928000,1,28.774,9.53,3.019307450157398
1067764779667423232,1790955939000-632578958264631296-1067764779667423232,1790955939000,1790960715000,1,28.755,15.005,1.9163612129290235
1389243594644127744,1790911880000-632578958264631296-1389243594644127744,1790911880000,1790914591000,1,28.749,11.499,2.5001304461257496
943858330336493568,1790921807000-632578958264631296-943858330336493568,1790921807000,1790925786000,1,28.749,15.55,1.8488102893890674
946034616492359680,1790918237000-632578958264631296-946034616492359680,1790918237000,1790921807000,1,28.744,5.591,5.141119656590949
784445514740400128,1790942251000-632578958264631296-784445514740400128,1790942251000,1790945732000,1,28.737,10.028,2.8656761069006778
787000328028422144,1790939976000-632578958264631296-787000328028422144,1790939976000,1790944237000,1,28.705,12.43,2.309332260659694
1071018553202704384,1790956297000-632578958264631296-1071018553202704384,1790956297000,1790959837000,1,28.684,11.967,2.3969248767443805
780451558935494656,1790897284000-632578958264631296-780451558935494656,1790897284000,1790900919000,1,28.666,9.616,2.981073211314476
1188192864341852160,1790906333000-632578958264631296-1188192864341852160,1790906333000,1790909748000,1,28.633,12.291,2.3295907574648114
951882940915122176,1790956312000-632578958264631296-951882940915122176,1790956312000,1790959920000,1,28.623,11.737,2.4386981341058194
1126571257152667648,1790939798000-632578958264631296-1126571257152667648,1790939798000,1790943820000,1,28.617,7.321,3.908892227837727
944591832124227584,1790942982000-632578958264631296-944591832124227584,1790942982000,1790945489000,1,28.598,10.899,2.623910450500046
1067764779667423232,1790917937000-632578958264631296-1067764779667423232,1790917937000,1790921297000,1,28.578,11.141,2.565119827663585
1083727986517082112,1790922770000-632578958264631296-1083727986517082112,1790922770000,1790925296000,1,28.43,11.738,2.422048049071392
1132636490090676224,1790947293000-632578958264631296-1132636490090676224,1790947293000,1790950112000,1,28.363,9.358,3.0308826672365887
1152270574152581120,1790935560000-632578958264631296-1152270574152581120,1790935560000,1790938224000,1,28.323,10.323,2.7436791630340016
1073983957575401472,1790925280000-632578958264631296-1073983957575401472,1790925280000,1790928486000,1,28.292,5.824,4.857829670329671
1082007973238145024,1790956465000-632578958264631296-1082007973238145024,1790956465000,1790959176000,1,28.231,11.218,2.51658049563202
1083726988146900992,1790912019000-632578958264631296-1083726988146900992,1790912019000,1790914365000,1,28.203,5.684,4.961822660098522
1060630916881186816,1790910181000-632578958264631296-1060630916881186816,1790910181000,1790913166000,1,28.176,12.764,2.207458476966468
1428033112889098240,1790950605000-632578958264631296-1428033112889098240,1790950605000,1790954641000,1,28.165,9.945,2.832076420311714
932613192947859456,1790945923000-632578958264631296-932613192947859456,1790945923000,1790948544000,1,28.146,5.539,5.081422639465608
939547417898909696,1790936122000-632578958264631296-939547417898909696,1790936122000,1790940256000,1,28.123,16.445,1.710124657950745
1001786725204230144,1790931965000-632578958264631296-1001786725204230144,1790931965000,1790934992000,1,28.109,6.542,4.296698257413635
1536014543027699712,1790910116000-632578958264631296-1536014543027699712,1790910116000,1790912631000,1,28.108,11.802,2.38163023216404
1049976772092755968,1790937643000-632578958264631296-1049976772092755968,1790937643000,1790939732000,1,28.102,8.574,3.277583391649172
1061350711461150720,1790931926000-632578958264631296-1061350711461150720,1790931926000,1790935389000,1,28.065,11.15,2.517040358744395
1073983957575401472,1790920160000-632578958264631296-1073983957575401472,1790920160000,1790923236000,1,27.848,5.952,4.678763440860215
1385305128772304896,1790931532000-632578958264631296-1385305128772304896,1790931532000,1790935106000,1,27.82,10.178,2.7333464334839848
871764525957775360,1790950970000-632578958264631296-871764525957775360,1790950970000,1790954437000,1,27.766,10.649,2.6073809747394123
873109579045535744,1790932483000-632578958264631296-873109579045535744,1790932483000,1790935331000,1,27.758,7.446,3.727907601396723
1536014660929585152,1790900726000-632578958264631296-1536014660929585152,1790900726000,1790906129000,1,27.738,9.156,3.029488859764089
939138676678459392,1790939056000-632578958264631296-939138676678459392,1790939056000,1790941395000,1,27.737,12.28,2.25871335504886
1046752835124854784,1790908297000-632578958264631296-1046752835124854784,1790908297000,1790911258000,1,27.729,10.523,2.6350850517913145
1135529735623802880,1790951394000-632578958264631296-1135529735623802880,1790951394000,1790954732000,1,27.722,13.823,2.005498082905303
1464286463544786944,1790921063000-632578958264631296-1464286463544786944,1790921063000,1790923542000,1,27.647,7.636,3.6206128863279203
1397607242391355392,1790934581000-632578958264631296-1397607242391355392,1790934581000,1790938690000,1,27.579,15.876,1.7371504157218445
1067765309810671616,1790921049000-632578958264631296-1067765309810671616,1790921049000,1790923288000,1,27.566,7.437,3.706602124512572
1067765247101632512,1790903240000-632578958264631296-1067765247101632512,1790903240000,1790906462000,1,27.546,13.164,2.092525068368277
1131631502098956288,1790916095000-632578958264631296-1131631502098956288,1790916095000,1790919485000,1,27.521,10.665,2.5804969526488515
1488156307717357568,1790919508000-632578958264631296-1488156307717357568,1790919508000,1790924348000,1,27.454,15.772,1.7406796855186406
1536014723353411584,1790984667000-632578958264631296-1536014723353411584,1790984667000,1790988301000,1,27.438,6.142,4.467274503419081
1536014730089463808,1790911837000-632578958264631296-1536014730089463808,1790911837000,1790914559000,1,27.392,10.324,2.6532351801627274
800026217909583872,1790908718000-632578958264631296-800026217909583872,1790908718000,1790913250000,1,27.39,6.868,3.9880605707629586
1067771070980816896,1790957913000-632578958264631296-1067771070980816896,1790957913000,1790961764000,1,27.387,12.53,2.185714285714286
1072871041421803520,1790910792000-632578958264631296-1072871041421803520,1790910792000,1790913728000,1,27.37,12.964,2.111231101511879
1536004619845500928,1790905705000-632578958264631296-1536004619845500928,1790905705000,1790908815000,1,27.37,5.868,4.66428084526244
1067765247101632512,1790925640000-632578958264631296-1067765247101632512,1790925640000,1790928498000,1,27.318,7.965,3.4297551789077216
1536014709264744448,1790982223000-632578958264631296-1536014709264744448,1790982223000,1790985314000,1,27.312,11.409,2.393899552984486
1079444806125486080,1790953426000-632578958264631296-1079444806125486080,1790953426000,1790956187000,1,27.31,8.715,3.1336775674125072
873897783357079552,1790934742000-632578958264631296-873897783357079552,1790934742000,1790937181000,1,27.295,7.518,3.6306198457036447
790193276584984576,1790942509000-632578958264631296-790193276584984576,1790942509000,1790944801000,1,27.285,7.169,3.8059701492537314
1067764585097854976,1790927992000-632578958264631296-1067764585097854976,1790927992000,1790931673000,1,27.277,13.325,2.0470544090056286
1469693281720860672,1790906199000-632578958264631296-1469693281720860672,1790906199000,1790908619000,1,27.242,6.603,4.125700439194306
1484590862305329152,1790916017000-632578958264631296-1484590862305329152,1790916017000,1790920903000,1,27.239,12.0,2.2699166666666666
1131240847388442624,1790924388000-632578958264631296-1131240847388442624,1790924388000,1790929368000,1,27.227,7.803,3.489298987568884
794226357327364096,1790913842000-632578958264631296-794226357327364096,1790913842000,1790916499000,1,27.143,8.353,3.249491200766192
1506655599683698688,1790965018000-632578958264631296-1506655599683698688,1790965018000,1790968028000,1,27.135,14.419,1.881891948124003
1294704486559776768,1790904260000-632578958264631296-1294704486559776768,1790904260000,1790907836000,1,27.118,4.571,5.9326186830015315
946030864989421568,1790925794000-632578958264631296-946030864989421568,1790925794000,1790928417000,1,27.001,7.063,3.822879796120629
1083728919393206272,1790950654000-632578958264631296-1083728919393206272,1790950654000,1790953873000,1,26.978,5.397,4.998702983138781
800026217909583872,1790926407000-632578958264631296-800026217909583872,1790926407000,1790929366000,1,26.947,4.586,5.875926733536851
790970454885007360,1790949354000-632578958264631296-790970454885007360,1790949354000,1790952119000,1,26.916,7.966,3.3788601556615614
1064550465066237952,1790922089000-632578958264631296-1064550465066237952,1790922089000,1790925313000,1,26.911,10.481,2.5675985115924056
1385305434218299392,1790896261000-632578958264631296-1385305434218299392,1790896261000,1790900250000,1,26.835,7.657,3.5046362805276217
1083726655622479872,1790948952000-632578958264631296-1083726655622479872,1790948952000,1790951515000,1,26.798,8.333,3.2158886355454217
946033927888306176,1790937293000-632578958264631296-946033927888306176,1790937293000,1790941281000,1,26.779,13.34,2.0074212893553223
1093089257012068352,1790943925000-632578958264631296-1093089257012068352,1790943925000,1790947455000,1,26.743,5.312,5.034450301204819
1050036568242257920,1790943915000-632578958264631296-1050036568242257920,1790943915000,1790947492000,1,26.727,5.518,4.84360275462124
943458585302532096,1790949274000-632578958264631296-943458585302532096,1790949274000,1790954617000,1,26.679,8.413,3.1711636752644714
931938734016823296,1790961029000-632578958264631296-931938734016823296,1790961029000,1790963981000,1,26.661,9.35,2.85144385026738
1536014589357981696,1790953400000-632578958264631296-1536014589357981696,1790953400000,1790956513000,1,26.654,12.393,2.150730250948116
784445514740400128,1790923112000-632578958264631296-784445514740400128,1790923112000,1790925745000,1,26.612,9.056,2.9386042402826855
1134878026966761472,1790933493000-632578958264631296-1134878026966761472,1790933493000,1790936167000,1,26.511,11.27,2.352351375332742
1182027923075366912,1790940509000-632578958264631296-1182027923075366912,1790940509000,1790943030000,1,26.469,9.764,2.7108766898811965
952162532812914688,1790934811000-632578958264631296-952162532812914688,1790934811000,1790937379000,1,26.428,11.151,2.3700116581472517
1536014589357981696,1790902309000-632578958264631296-1536014589357981696,1790902309000,1790905056000,1,26.301,14.414,1.8246843346746218
874363612666265600,1790907162000-632578958264631296-874363612666265600,1790907162000,1790909791000,1,26.26,10.774,2.437349173937257
961238953837461504,1790957170000-632578958264631296-961238953837461504,1790957170000,1790959711000,1,26.249,7.14,3.676330532212885
1471165285556813824,1790940977000-632578958264631296-1471165285556813824,1790940977000,1790945061000,1,26.234,17.118,1.5325388479962614
946027748999036928,1790912893000-632578958264631296-946027748999036928,1790912893000,1790915341000,1,26.228,9.82,2.6708757637474543
1067763772824748032,1790921970000-632578958264631296-1067763772824748032,1790921970000,1790925166000,1,26.216,12.436,2.1080733354776457
1067765247101632512,1790929043000-632578958264631296-1067765247101632512,1790929043000,1790931608000,1,26.083,8.975,2.906183844011142
1602017244622094336,1790942232000-632578958264631296-1602017244622094336,1790942232000,1790945669000,1,26.079,14.447,1.8051498581020282
929721011920699392,1790953192000-632578958264631296-929721011920699392,1790953192000,1790955891000,1,26.034,5.408,4.813979289940828
1476549608761982976,1790910605000-632578958264631296-1476549608761982976,1790910605000,1790915069000,1,26.0,12.0,2.1666666666666665
1067775974323519488,1790916855000-632578958264631296-1067775974323519488,1790916855000,1790919575000,1,25.953,6.256,4.148497442455243
1462138214197231616,1790916859000-632578958264631296-1462138214197231616,1790916859000,1790919532000,1,25.945,6.856,3.7842765460910153
1355523374926790656,1790897646000-632578958264631296-1355523374926790656,1790897646000,1790900551000,1,25.927,4.341,5.9725869615296014
1101157025884143616,1790984592000-632578958264631296-1101157025884143616,1790984592000,1790987979000,1,25.901,10.157,2.5500639952741952
1536014709264744448,1790985492000-632578958264631296-1536014709264744448,1790985492000,1790989037000,1,25.869,12.648,2.045303605313093
787000328028422144,1790919707000-632578958264631296-787000328028422144,1790919707000,1790922771000,1,25.86,9.378,2.7575175943698014
1135630948969218048,1790943202000-632578958264631296-1135630948969218048,1790943202000,1790945943000,1,25.793,4.789,5.385884318229276
1181865650805538816,1790920798000-632578958264631296-1181865650805538816,1790920798000,1790923506000,1,25.783,9.945,2.592559074912016
1464283595349688320,1790941085000-632578958264631296-1464283595349688320,1790941085000,1790943747000,1,25.775,9.785,2.6341338783852835
876044057397166080,1790899139000-632578958264631296-876044057397166080,1790899139000,1790902181000,1,25.774,8.396,3.0697951405431154
1405177997576634368,1790925635000-632578958264631296-1405177997576634368,1790925635000,1790928571000,1,25.721,11.113,2.31449653558895
947105297703370752,1790956316000-632578958264631296-947105297703370752,1790956316000,1790959311000,1,25.674,9.143,2.808049874220715
1536014563953082368,1790914121000-632578958264631296-1536014563953082368,1790914121000,1790919450000,1,25.62,11.561,2.2160712741112363
1389244082743672832,1790911154000-632578958264631296-1389244082743672832,1790911154000,1790913860000,1,25.519,11.377,2.243034191790454
1397607641592627200,1790917644000-632578958264631296-1397607641592627200,1790917644000,1790920630000,1,25.432,10.287,2.4722465247399628
1535704124731949056,1790897857000-632578958264631296-1535704124731949056,1790897857000,1790900603000,1,25.395,6.417,3.9574567554932214
940246634145513472,1790916399000-632578958264631296-940246634145513472,1790916399000,1790918667000,1,25.386,7.809,3.250864387245486
1363836271826305024,1790924249000-632578958264631296-1363836271826305024,1790924249000,1790927595000,1,25.385,9.74,2.6062628336755647
1071858322266652672,1790951447000-632578958264631296-1071858322266652672,1790951447000,1790954254000,1,25.319,4.705,5.381296493092455
1545824482457812992,1790958560000-632578958264631296-1545824482457812992,1790958560000,1790961257000,1,25.285,8.632,2.9292168674698797
1428064485414797312,1790956607000-632578958264631296-1428064485414797312,1790956607000,1790959094000,1,25.271,10.562,2.3926339708388564
1536022277991170048,1790940856000-632578958264631296-1536022277991170048,1790940856000,1790943304000,1,25.247,5.947,4.245333781738692
866686329780436992,1790956175000-632578958264631296-866686329780436992,1790956175000,1790958916000,1,25.178,9.409,2.6759485598894672
1488160320575766528,1790930062000-632578958264631296-1488160320575766528,1790930062000,1790932838000,1,25.171,9.265,2.716783594171613
944591832124227584,1790908021000-632578958264631296-944591832124227584,1790908021000,1790911237000,1,25.147,15.039,1.6721191568588336
1209168031477923840,1790955986000-632578958264631296-1209168031477923840,1790955986000,1790958586000,1,25.086,5.675,4.420440528634361
943858330336493568,1790945293000-632578958264631296-943858330336493568,1790945293000,1790948308000,1,25.06,20.343,1.2318733716757606
1601556412222144512,1790962693000-632578958264631296-1601556412222144512,1790962693000,1790967237000,1,24.94,7.64,3.2643979057591626
940246123384143872,1790954267000-632578958264631296-940246123384143872,1790954267000,1790957143000,1,24.928,9.64,2.5858921161825728
784445389880164352,1790984935000-632578958264631296-784445389880164352,1790984935000,1790992325000,1,24.924,14.071,1.7713026792694193
951563481520275456,1790909060000-632578958264631296-951563481520275456,1790909060000,1790911262000,1,24.891,7.953,3.1297623538287436
1046752835124854784,1790905431000-632578958264631296-1046752835124854784,1790905431000,1790907644000,1,24.849,7.616,3.2627363445378155
1536014695108968448,1790910756000-632578958264631296-1536014695108968448,1790910756000,1790913270000,1,24.84,8.497,2.9233847240202424
1441118393376702464,1790911841000-632578958264631296-1441118393376702464,1790911841000,1790914716000,1,24.805,9.215,2.6918068366793273
1357047782162038784,1790948493000-632578958264631296-1357047782162038784,1790948493000,1790951227000,1,24.785,7.892,3.140522047643183
1362128357327634432,1790911988000-632578958264631296-1362128357327634432,1790911988000,1790914717000,1,24.777,7.981,3.104498183185065
939547417898909696,1790916147000-632578958264631296-939547417898909696,1790916147000,1790918809000,1,24.766,12.366,2.002749474365195
1083727517765861376,1790952867000-632578958264631296-1083727517765861376,1790952867000,1790955554000,1,24.764,4.998,4.954781912765106
1176134230934028288,1790914790000-632578958264631296-1176134230934028288,1790914790000,1790917419000,1,24.749,10.048,2.463077229299363
1535704124731949056,1790938582000-632578958264631296-1535704124731949056,1790938582000,1790940740000,1,24.704,7.509,3.2899187641496868
1050037109068398592,1790928381000-632578958264631296-1050037109068398592,1790928381000,1790930856000,1,24.696,6.721,3.6744532063681
1061980520671346688,1790916720000-632578958264631296-1061980520671346688,1790916720000,1790919081000,1,24.679,5.385,4.582915506035283
1050037424450699264,1790985284000-632578958264631296-1050037424450699264,1790985284000,1790988712000,1,24.658,4.711,5.2341328804924645
1428367002015105024,1790945558000-632578958264631296-1428367002015105024,1790945558000,1790948501000,1,24.635,11.499,2.1423602052352377
1484590862305329152,1790939505000-632578958264631296-1484590862305329152,1790939505000,1790943239000,1,24.627,7.428,3.315428109854604
873897783357079552,1790912019000-632578958264631296-873897783357079552,1790912019000,1790914035000,1,24.615,7.184,3.4263641425389753
1441118393376702464,1790956542000-632578958264631296-1441118393376702464,1790956542000,1790959935000,1,24.61,9.504,2.589436026936027
1536014625517076480,1790948175000-632578958264631296-1536014625517076480,1790948175000,1790951251000,1,24.61,8.655,2.8434430964760256
1067793936933715968,1790930034000-632578958264631296-1067793936933715968,1790930034000,1790932521000,1,24.572,9.965,2.4658304064224787
1464260641047969792,1790944835000-632578958264631296-1464260641047969792,1790944835000,1790948330000,1,24.569,12.51,1.963948840927258
1093087738300727296,1790944819000-632578958264631296-1093087738300727296,1790944819000,1790948412000,1,24.565,15.328,1.6026226513569939
1071019405950844928,1790946270000-632578958264631296-1071019405950844928,1790946270000,1790951343000,1,24.516,5.2,4.714615384615384
1536014709264744448,1790921712000-632578958264631296-1536014709264744448,1790921712000,1790923934000,1,24.506,8.825,2.7768838526912183
1535704124731949056,1790942483000-632578958264631296-1535704124731949056,1790942483000,1790944905000,1,24.458,6.48,3.774382716049382
1079095785133441024,1790900303000-632578958264631296-1079095785133441024,1790900303000,1790903504000,1,24.437,14.115,1.7312787814381865
1082303861131051008,1790961767000-632578958264631296-1082303861131051008,1790961767000,1790964609000,1,24.397,10.518,2.3195474424795584
1536014695108968448,1790954883000-632578958264631296-1536014695108968448,1790954883000,1790957717000,1,24.38,7.58,3.2163588390501316
873897783357079552,1790947428000-632578958264631296-873897783357079552,1790947428000,1790949746000,1,24.243,6.131,3.9541673462730382
939547417898909696,1790911001000-632578958264631296-939547417898909696,1790911001000,1790913803000,1,24.191,11.805,2.0492164337145278
1083728870357598208,1790902366000-632578958264631296-1083728870357598208,1790902366000,1790906147000,1,24.183,17.053,1.418108250747669
1486716779844599808,1790925348000-632578958264631296-1486716779844599808,1790925348000,1790928119000,1,24.102,9.68,2.4898760330578513
1050036776183267328,1790910558000-632578958264631296-1050036776183267328,1790910558000,1790915118000,1,24.1,14.42,1.6712898751733705
946025328671719424,1790958888000-632578958264631296-946025328671719424,1790958888000,1790961100000,1,24.089,9.472,2.5431798986486487
1153273602804547584,1790985119000-632578958264631296-1153273602804547584,1790985119000,1790987658000,1,24.027,10.987,2.186857194866661
942426738309201920,1790943562000-632578958264631296-942426738309201920,1790943562000,1790946345000,1,24.019,9.157,2.623020639947581
1071481767405289472,1790914966000-632578958264631296-1071481767405289472,1790914966000,1790917254000,1,24.017,6.512,3.688114250614251
1067765247101632512,1790943607000-632578958264631296-1067765247101632512,1790943607000,1790946319000,1,23.994,10.199,2.3525835866261398
947094374120947712,1790945376000-632578958264631296-947094374120947712,1790945376000,1790948062000,1,23.938,11.256,2.126687988628287
928334310946111488,1790905152000-632578958264631296-928334310946111488,1790905152000,1790908339000,1,23.934,12.028,1.9898570003325573
1063488404655702016,1790950534000-632578958264631296-1063488404655702016,1790950534000,1790953324000,1,23.844,8.919,2.6733938782374707
1464283595349688320,1790949955000-632578958264631296-1464283595349688320,1790949955000,1790952103000,1,23.815,9.361,2.54406580493537
996808469547843584,1790952561000-632578958264631296-996808469547843584,1790952561000,1790955086000,1,23.809,11.011,2.162292253201344
1462138214197231616,1790949287000-632578958264631296-1462138214197231616,1790949287000,1790951752000,1,23.75,5.805,4.09130060292851
1082303861131051008,1790958302000-632578958264631296-1082303861131051008,1790958302000,1790960982000,1,23.71,7.861,3.016155705380995
1073983957575401472,1790938292000-632578958264631296-1073983957575401472,1790938292000,1790940504000,1,23.643,4.772,4.95452640402347
947583451614150656,1790898300000-632578958264631296-947583451614150656,1790898300000,1790900644000,1,23.611,9.678,2.4396569539160984
1131240144423092224,1790918661000-632578958264631296-1131240144423092224,1790918661000,1790921951000,1,23.506,8.526,2.756978653530378
1536014633725329408,1790912505000-632578958264631296-1536014633725329408,1790912505000,1790916241000,1,23.468,6.81,3.4461086637298095
1478688867300147200,1790898426000-632578958264631296-1478688867300147200,1790898426000,1790901099000,1,23.455,12.606,1.860621926066952
931938125880492032,1790979676000-632578958264631296-931938125880492032,1790979676000,1790982223000,1,23.454,13.422,1.7474295932051855
1111626569580806144,1790907560000-632578958264631296-1111626569580806144,1790907560000,1790910439000,1,23.439,9.571,2.4489604012119948
944574738938724352,1790902544000-632578958264631296-944574738938724352,1790902544000,1790905581000,1,23.431,4.865,4.816238437821172
1173302979768352768,1790928445000-632578958264631296-1173302979768352768,1790928445000,1790930437000,1,23.429,6.849,3.420791356402394
947581828959567872,1790898820000-632578958264631296-947581828959567872,1790898820000,1790902909000,1,23.424,11.718,1.9989759344598055
1082303861131051008,1790953941000-632578958264631296-1082303861131051008,1790953941000,1790956725000,1,23.364,9.033,2.586516107605447
996808469547843584,1790899473000-632578958264631296-996808469547843584,1790899473000,1790901944000,1,23.345,13.574,1.719832031825549
780451558935494656,1790919067000-632578958264631296-780451558935494656,1790919067000,1790921608000,1,23.229,7.936,2.927041330645161
786545248472924160,1790952912000-632578958264631296-786545248472924160,1790952912000,1790956753000,1,23.167,13.324,1.7387421194836388
1063501597117513728,1790950348000-632578958264631296-1063501597117513728,1790950348000,1790953101000,1,23.15,9.814,2.358875076421439
946032744595456000,1790932032000-632578958264631296-946032744595456000,1790932032000,1790934103000,1,23.15,6.688,3.4614234449760763
947104127047958528,1790931044000-632578958264631296-947104127047958528,1790931044000,1790933805000,1,23.138,6.695,3.4560119492158328
932333591893901312,1790912040000-632578958264631296-932333591893901312,1790912040000,1790914205000,1,23.118,8.697,2.6581579855122457
1183367596062277632,1790955766000-632578958264631296-1183367596062277632,1790955766000,1790958780000,1,23.103,5.619,4.111585691404165
1049976772092755968,1790955731000-632578958264631296-1049976772092755968,1790955731000,1790958216000,1,23.087,6.171,3.741208880246313
1345798361172672512,1790922206000-632578958264631296-1345798361172672512,1790922206000,1790933365000,1,23.073,11.466,2.012297226582941
947093723013971968,1790955772000-632578958264631296-947093723013971968,1790955772000,1790958128000,1,23.048,6.476,3.5589870290302654
1471164933021368320,1790921130000-632578958264631296-1471164933021368320,1790921130000,1790923327000,1,23.038,9.049,2.5459166758757874
948575900767617024,1790958347000-632578958264631296-948575900767617024,1790958347000,1790960576000,1,23.036,6.715,3.430528667163068
1536014709264744448,1790915738000-632578958264631296-1536014709264744448,1790915738000,1790917554000,1,23.029,7.816,2.9463920163766635
1064532839803912192,1790896006000-632578958264631296-1064532839803912192,1790896006000,1790899788000,1,23.0,8.868,2.593594948128101
940246123384143872,1790930880000-632578958264631296-940246123384143872,1790930880000,1790932907000,1,22.987,9.523,2.413840176414995
1141991039255445504,1790931247000-632578958264631296-1141991039255445504,1790931247000,1790934019000,1,22.918,10.964,2.090295512586647
1061980520671346688,1790934359000-632578958264631296-1061980520671346688,1790934359000,1790936484000,1,22.875,4.511,5.0709377078253155
1499777554695847936,1790922937000-632578958264631296-1499777554695847936,1790922937000,1790925308000,1,22.873,12.49,1.8313050440352283
1506655599683698688,1790914226000-632578958264631296-1506655599683698688,1790914226000,1790916614000,1,22.868,8.347,2.7396669462082186
1073663431535493120,1790942625000-632578958264631296-1073663431535493120,1790942625000,1790947101000,1,22.86,14.367,1.59114637711422
1067764585097854976,1790917080000-632578958264631296-1067764585097854976,1790917080000,1790920749000,1,22.856,13.956,1.6377185439954143
1397607641592627200,1790912959000-632578958264631296-1397607641592627200,1790912959000,1790917375000,1,22.801,13.918,1.6382382526225032
1061979678694178816,1790908823000-632578958264631296-1061979678694178816,1790908823000,1790910780000,1,22.78,7.034,3.238555587148138
1067764685513687040,1790932917000-632578958264631296-1067764685513687040,1790932917000,1790935085000,1,22.747,10.284,2.2118825359782184
1049976772092755968,1790935995000-632578958264631296-1049976772092755968,1790935995000,1790937631000,1,22.69,6.431,3.528222671435236
1083727931903049728,1790933294000-632578958264631296-1083727931903049728,1790933294000,1790936035000,1,22.649,5.757,3.934167100920619
873900831743672320,1790955491000-632578958264631296-873900831743672320,1790955491000,1790958116000,1,22.63,8.529,2.65330050416227
1389243594644127744,1790918449000-632578958264631296-1389243594644127744,1790918449000,1790923611000,1,22.625,16.288,1.3890594302554027
870568761881526272,1790933657000-632578958264631296-870568761881526272,1790933657000,1790936029000,1,22.597,5.511,4.100344765015424
1209168031477923840,1790939569000-632578958264631296-1209168031477923840,1790939569000,1790941311000,1,22.593,6.935,3.257822638788753
787687496786903040,1790912367000-632578958264631296-787687496786903040,1790912367000,1790914427000,1,22.58,8.0,2.8225
1181865772805259264,1790947527000-632578958264631296-1181865772805259264,1790947527000,1790950497000,1,22.576,9.948,2.2694008845999196
1067765133431799808,1790919736000-632578958264631296-1067765133431799808,1790919736000,1790925242000,1,22.553,14.281,1.5792311462782718
996808469547843584,1790903573000-632578958264631296-996808469547843584,1790903573000,1790906275000,1,22.551,10.073,2.2387570733644395
1500484476822618112,1790922143000-632578958264631296-1500484476822618112,1790922143000,1790924562000,1,22.54,8.421,2.6766417290108064
1422205521707925504,1790953940000-632578958264631296-1422205521707925504,1790953940000,1790956064000,1,22.527,5.819,3.87128372572607
946025328671719424,1790906215000-632578958264631296-946025328671719424,1790906215000,1790908541000,1,22.5,7.837,2.8709965548041345
784445514740400128,1790953572000-632578958264631296-784445514740400128,1790953572000,1790955629000,1,22.474,7.606,2.9547725479884304
1536014709264744448,1790909552000-632578958264631296-1536014709264744448,1790909552000,1790911809000,1,22.454,9.722,2.3096070767331827
1067765247101632512,1790946420000-632578958264631296-1067765247101632512,1790946420000,1790949427000,1,22.449,10.097,2.2233336634643956
939545725614686208,1790916874000-632578958264631296-939545725614686208,1790916874000,1790919447000,1,22.438,9.164,2.4484941073766913
942426738309201920,1790946442000-632578958264631296-942426738309201920,1790946442000,1790949432000,1,22.418,7.95,2.819874213836478
951556794549796864,1790919765000-632578958264631296-951556794549796864,1790919765000,1790922855000,1,22.411,9.773,2.293154609638801
1140670395897085952,1790910835000-632578958264631296-1140670395897085952,1790910835000,1790912609000,1,22.4,8.657,2.5875014439182165
1101524127430213632,1790964828000-632578958264631296-1101524127430213632,1790964828000,1790967219000,1,22.395,9.238,2.42422602294869
1094584670655348736,1790964910000-632578958264631296-1094584670655348736,1790964910000,1790967338000,1,22.33,7.388,3.0224688684353005
1131240645348818944,1790944596000-632578958264631296-1131240645348818944,1790944596000,1790947454000,1,22.327,10.552,2.11590219863533
1076923642098483200,1790927835000-632578958264631296-1076923642098483200,1790927835000,1790930736000,1,22.286,9.916,2.2474788221056876
1082303861131051008,1790914737000-632578958264631296-1082303861131051008,1790914737000,1790916927000,1,22.219,7.01,3.169614835948645
973914141028777984,1790950737000-632578958264631296-973914141028777984,1790950737000,1790952868000,1,22.204,6.478,3.4276011114541527
1079778539525373952,1790896960000-632578958264631296-1079778539525373952,1790896960000,1790900774000,1,22.203,10.135,2.1907252096694623
1050037048276156416,1790902811000-632578958264631296-1050037048276156416,1790902811000,1790905714000,1,22.166,4.989,4.442974543996793
1363836271826305024,1790914679000-632578958264631296-1363836271826305024,1790914679000,1790924242000,1,22.105,13.067,1.6916660289278336
1049341310072258560,1790975185000-632578958264631296-1049341310072258560,1790975185000,1790978924000,1,22.102,11.754,1.8803811468436278
1536393085787832320,1790912194000-632578958264631296-1536393085787832320,1790912194000,1790914448000,1,22.064,4.851,4.548340548340549
1536014596580573184,1790912338000-632578958264631296-1536014596580573184,1790912338000,1790914413000,1,22.046,7.014,3.1431422868548613
925753337108758528,1790952431000-632578958264631296-925753337108758528,1790952431000,1790956409000,1,22.038,9.321,2.364338590280013
1545767666730401792,1790918419000-632578958264631296-1545767666730401792,1790918419000,1790920326000,1,21.998,5.245,4.194089609151573
931892603408875520,1790936928000-632578958264631296-931892603408875520,1790936928000,1790939951000,1,21.993,17.481,1.2581088038441735
1131631502098956288,1790903017000-632578958264631296-1131631502098956288,1790903017000,1790906496000,1,21.957,8.206,2.675725079210334
1067771070980816896,1790936775000-632578958264631296-1067771070980816896,1790936775000,1790938928000,1,21.842,8.861,2.4649588082609184
1067793936933715968,1790903387000-632578958264631296-1067793936933715968,1790903387000,1790905483000,1,21.802,8.761,2.488528706768634
1131240373310455808,1790923815000-632578958264631296-1131240373310455808,1790923815000,1790927460000,1,21.709,10.39,2.089412897016362
1079026604165824512,1790984603000-632578958264631296-1079026604165824512,1790984603000,1790988748000,1,21.704,7.362,2.9481119261070363
1385305128772304896,1790940624000-632578958264631296-1385305128772304896,1790940624000,1790944161000,1,21.702,9.664,2.245653973509934
1061350711461150720,1790940685000-632578958264631296-1061350711461150720,1790940685000,1790944327000,1,21.664,10.037,2.1584138686858623
1079796452147855360,1790950664000-632578958264631296-1079796452147855360,1790950664000,1790952830000,1,21.618,6.446,3.3537077257213777
1073663431535493120,1790933355000-632578958264631296-1073663431535493120,1790933355000,1790935295000,1,21.585,9.047,2.3858737703106003
1484590862305329152,1790934216000-632578958264631296-1484590862305329152,1790934216000,1790937671000,1,21.555,8.752,2.4628656307129795
1083727931903049728,1790900687000-632578958264631296-1083727931903049728,1790900687000,1790903962000,1,21.51,9.137,2.3541643865601403
951882940915122176,1790920091000-632578958264631296-951882940915122176,1790920091000,1790921931000,1,21.461,7.712,2.7828060165975104
1073994678560358400,1790926155000-632578958264631296-1073994678560358400,1790926155000,1790929549000,1,21.407,10.629,2.0140182519522063
787687496786903040,1790927893000-632578958264631296-787687496786903040,1790927893000,1790930987000,1,21.339,8.063,2.6465335483070813
966384365741277184,1790902757000-632578958264631296-966384365741277184,1790902757000,1790906272000,1,21.322,15.045,1.417215021601861
1089902742123577344,1790904124000-632578958264631296-1089902742123577344,1790904124000,1790906208000,1,21.307,5.623,3.7892584029877288
873570129613422592,1790905947000-632578958264631296-873570129613422592,1790905947000,1790907622000,1,21.303,5.416,3.9333456425406204
1152269748554170368,1790919655000-632578958264631296-1152269748554170368,1790919655000,1790922292000,1,21.267,5.764,3.689625260235947
928334310946111488,1790915007000-632578958264631296-928334310946111488,1790915007000,1790917706000,1,21.23,11.138,1.9060872688094812
1049976772092755968,1790900369000-632578958264631296-1049976772092755968,1790900369000,1790903095000,1,21.207,8.237,2.574602403787787
1072871041421803520,1790914004000-632578958264631296-1072871041421803520,1790914004000,1790917722000,1,21.141,11.057,1.9120014470471192
1479440816106635264,1790926928000-632578958264631296-1479440816106635264,1790926928000,1790929236000,1,21.129,7.276,2.9039307311709734
1422205425331208192,1790896708000-632578958264631296-1422205425331208192,1790896708000,1790899464000,1,21.117,8.916,2.3684387617765816
1422205318414204928,1790926706000-632578958264631296-1422205318414204928,1790926706000,1790929578000,1,21.099,6.113,3.4514968100768852
943858330336493568,1790934458000-632578958264631296-943858330336493568,1790934458000,1790936572000,1,21.096,4.999,4.220044008801761
1136692610564358144,1790938838000-632578958264631296-1136692610564358144,1790938838000,1790941293000,1,21.053,6.281,3.351854800191053
1094226778622263296,1790910403000-632578958264631296-1094226778622263296,1790910403000,1790912648000,1,21.046,7.463,2.8200455580865604
1060872975626010624,1790910676000-632578958264631296-1060872975626010624,1790910676000,1790912878000,1,21.043,7.72,2.725777202072539
1593406240992526336,1790903384000-632578958264631296-1593406240992526336,1790903384000,1790906886000,1,21.005,11.376,1.8464310829817159
1046837731746906112,1790962434000-632578958264631296-1046837731746906112,1790962434000,1790966964000,1,20.991,13.868,1.5136284972598788
1089902742123577344,1790941649000-632578958264631296-1089902742123577344,1790941649000,1790944360000,1,20.973,9.831,2.133353677143729
870575606247456768,1790899259000-632578958264631296-870575606247456768,1790899259000,1790901536000,1,20.96,5.222,4.01378782075833
939547417898909696,1790954103000-632578958264631296-939547417898909696,1790954103000,1790956656000,1,20.954,8.812,2.3778937812074448
1491416395517263872,1790906403000-632578958264631296-1491416395517263872,1790906403000,1790909955000,1,20.915,7.104,2.9441159909909906
873916972050415616,1790901300000-632578958264631296-873916972050415616,1790901300000,1790903689000,1,20.913,5.327,3.9258494462173834
1484590862305329152,1790923312000-632578958264631296-1484590862305329152,1790923312000,1790926458000,1,20.905,6.806,3.0715545107258304
973914141028777984,1790919704000-632578958264631296-973914141028777984,1790919704000,1790922053000,1,20.859,6.159,3.3867510959571363
1422205425331208192,1790938242000-632578958264631296-1422205425331208192,1790938242000,1790941144000,1,20.845,9.42,2.212845010615711
1060533930890887168,1790911255000-632578958264631296-1060533930890887168,1790911255000,1790913274000,1,20.844,8.228,2.5333009236752555
1536014730089463808,1790959910000-632578958264631296-1536014730089463808,1790959910000,1790962022000,1,20.816,7.118,2.924416971059286
1061350711461150720,1790913094000-632578958264631296-1061350711461150720,1790913094000,1790918781000,1,20.715,15.563,1.3310415729615113
1464260641047969792,1790985125000-632578958264631296-1464260641047969792,1790985125000,1790987639000,1,20.635,10.317,2.0000969274013767
940981890892955648,1790927296000-632578958264631296-940981890892955648,1790927296000,1790929600000,1,20.63,7.721,2.6719336873461987
961238953837461504,1790950394000-632578958264631296-961238953837461504,1790950394000,1790954395000,1,20.622,5.067,4.069863824748372
946036270407090176,1790920674000-632578958264631296-946036270407090176,1790920674000,1790925214000,1,20.613,10.626,1.9398644833427443
1083016936570224640,1790926511000-632578958264631296-1083016936570224640,1790926511000,1790928632000,1,20.6,11.593,1.7769343569395326
1536014625517076480,1790927570000-632578958264631296-1536014625517076480,1790927570000,1790929280000,1,20.509,9.126,2.2473153626999784
862677666426257408,1790941585000-632578958264631296-862677666426257408,1790941585000,1790944037000,1,20.493,6.551,3.12822469851931
787687496786903040,1790915031000-632578958264631296-787687496786903040,1790915031000,1790916910000,1,20.492,5.903,3.4714551922751147
1135529735623802880,1790920078000-632578958264631296-1135529735623802880,1790920078000,1790922163000,1,20.452,7.255,2.819021364576155
1362453820235317248,1790898320000-632578958264631296-1362453820235317248,1790898320000,1790901091000,1,20.449,10.266,1.991915059419443
1500484476822618112,1790918286000-632578958264631296-1500484476822618112,1790918286000,1790920690000,1,20.369,8.169,2.4934508507773288
871764525957775360,1790920211000-632578958264631296-871764525957775360,1790920211000,1790922075000,1,20.353,5.678,3.5845368087354705
1536014609964597248,1790919437000-632578958264631296-1536014609964597248,1790919437000,1790922729000,1,20.348,5.035,4.041310824230387
1101157025884143616,1790924231000-632578958264631296-1101157025884143616,1790924231000,1790926267000,1,20.326,7.205,2.8210964607911175
1050766698002513920,1790951787000-632578958264631296-1050766698002513920,1790951787000,1790953949000,1,20.325,6.631,3.065148544714221
1535704124731949056,1790934303000-632578958264631296-1535704124731949056,1790934303000,1790936159000,1,20.325,5.035,4.036742800397219
1536014589357981696,1790940582000-632578958264631296-1536014589357981696,1790940582000,1790942346000,1,20.28,6.262,3.2385819227084003
1050441880044568576,1790901661000-632578958264631296-1050441880044568576,1790901661000,1790903497000,1,20.267,8.344,2.4289309683604987
1464253789857906688,1790939012000-632578958264631296-1464253789857906688,1790939012000,1790941507000,1,20.232,4.276,4.731524789522918
1536014716214706176,1790949762000-632578958264631296-1536014716214706176,1790949762000,1790952191000,1,20.212,8.279,2.441357651890325
939545725614686208,1790920291000-632578958264631296-939545725614686208,1790920291000,1790922204000,1,20.168,6.256,3.223785166240409
1050036776183267328,1790946590000-632578958264631296-1050036776183267328,1790946590000,1790949298000,1,20.159,11.705,1.7222554463904314
1076104369969037312,1790902806000-632578958264631296-1076104369969037312,1790902806000,1790905507000,1,20.138,8.694,2.3163100989187946
780444155561115648,1790935334000-632578958264631296-780444155561115648,1790935334000,1790937479000,1,20.097,3.929,5.115041995418682
1083726740557135872,1790898987000-632578958264631296-1083726740557135872,1790898987000,1790900724000,1,20.063,3.725,5.386040268456376
1083728919393206272,1790900414000-632578958264631296-1083728919393206272,1790900414000,1790902837000,1,20.061,3.875,5.177032258064516
1479440816106635264,1790922662000-632578958264631296-1479440816106635264,1790922662000,1790925031000,1,20.035,7.697,2.602962193062232
1067776196789403648,1790940132000-632578958264631296-1067776196789403648,1790940132000,1790943733000,1,20.001,5.198,3.8478260869565215
1050036987500691456,1790953343000-632578958264631296-1050036987500691456,1790953343000,1790955693000,1,19.997,7.938,2.5191484001007813
1136716787434389504,1790910094000-632578958264631296-1136716787434389504,1790910094000,1790911831000,1,19.997,5.502,3.634496546710287
925753337108758528,1790947511000-632578958264631296-925753337108758528,1790947511000,1790950226000,1,19.966,7.946,2.512710797885729
1071858322266652672,1790905818000-632578958264631296-1071858322266652672,1790905818000,1790908948000,1,19.965,9.456,2.1113578680203045
1101157025884143616,1790932214000-632578958264631296-1101157025884143616,1790932214000,1790934070000,1,19.926,5.95,3.3489075630252096
1294704486559776768,1790926263000-632578958264631296-1294704486559776768,1790926263000,1790928922000,1,19.906,3.685,5.4018995929443685
1501933902321680384,1790899049000-632578958264631296-1501933902321680384,1790899049000,1790900604000,1,19.896,3.523,5.647459551518592
866686265431425024,1790914202000-632578958264631296-866686265431425024,1790914202000,1790915905000,1,19.881,5.427,3.6633499170812605
1462138214197231616,1790946659000-632578958264631296-1462138214197231616,1790946659000,1790948731000,1,19.86,5.361,3.7045327364297704
1089902742123577344,1790919753000-632578958264631296-1089902742123577344,1790919753000,1790921515000,1,19.84,5.346,3.7111859334081556
1385589008028925952,1790917457000-632578958264631296-1385589008028925952,1790917457000,1790919986000,1,19.835,8.03,2.470112079701121
946024601958219776,1790901255000-632578958264631296-946024601958219776,1790901255000,1790903722000,1,19.789,9.916,1.995663574021783
1536014758619119616,1790908110000-632578958264631296-1536014758619119616,1790908110000,1790910547000,1,19.782,4.55,4.3476923076923075
862693652038680576,1790954413000-632578958264631296-862693652038680576,1790954413000,1790956830000,1,19.769,7.355,2.687831407205982
1536014603211767808,1790950625000-632578958264631296-1536014603211767808,1790950625000,1790952511000,1,19.744,8.769,2.2515680237199223
1083726655622479872,1790918806000-632578958264631296-1083726655622479872,1790918806000,1790921394000,1,19.694,8.788,2.2410104688211194
1080818558042112000,1790935491000-632578958264631296-1080818558042112000,1790935491000,1790937611000,1,19.691,3.335,5.904347826086957
1464283595349688320,1790961656000-632578958264631296-1464283595349688320,1790961656000,1790963681000,1,19.69,7.536,2.6127919320594484
1138782810882965504,1790910995000-632578958264631296-1138782810882965504,1790910995000,1790913226000,1,19.665,7.962,2.469856819894499
940246123384143872,1790936700000-632578958264631296-940246123384143872,1790936700000,1790938911000,1,19.641,10.707,1.8344073970299801
1488156479612518400,1790935621000-632578958264631296-1488156479612518400,1790935621000,1790938893000,1,19.627,9.485,2.0692672641012124
1089902742123577344,1790925278000-632578958264631296-1089902742123577344,1790925278000,1790927109000,1,19.621,6.405,3.0633879781420763
642055098863718400,1790911036000-632578958264631296-642055098863718400,1790911036000,1790913304000,1,19.607,6.938,2.8260305563562986
1082303861131051008,1790939911000-632578958264631296-1082303861131051008,1790939911000,1790942005000,1,19.596,7.492,2.6155899626268018
1593405762816704512,1790974585000-632578958264631296-1593405762816704512,1790974585000,1790976720000,1,19.588,5.265,3.7204178537511874
1422205425331208192,1790911564000-632578958264631296-1422205425331208192,1790911564000,1790914425000,1,19.582,12.328,1.5884166125892278
876044057397166080,1790927033000-632578958264631296-876044057397166080,1790927033000,1790928818000,1,19.567,5.335,3.6676663542642927
1464260641047969792,1790907451000-632578958264631296-1464260641047969792,1790907451000,1790910411000,1,19.529,8.123,2.4041610242521236
1050037109068398592,1790948026000-632578958264631296-1050037109068398592,1790948026000,1790950051000,1,19.515,5.687,3.431510462458238
1389243594644127744,1790914595000-632578958264631296-1389243594644127744,1790914595000,1790916748000,1,19.508,8.429,2.3143907936884562
1505916014645215232,1790900376000-632578958264631296-1505916014645215232,1790900376000,1790902100000,1,19.456,4.974,3.911540008041817
1471148657502846976,1790951332000-632578958264631296-1471148657502846976,1790951332000,1790953554000,1,19.384,6.024,3.217795484727756
1083039951072788480,1790935576000-632578958264631296-1083039951072788480,1790935576000,1790938714000,1,19.381,9.664,2.005484271523179
1050037109068398592,1790908864000-632578958264631296-1050037109068398592,1790908864000,1790911394000,1,19.355,11.866,1.6311309624136188
1599470599497842688,1790962589000-632578958264631296-1599470599497842688,1790962589000,1790964832000,1,19.194,4.961,3.868978028623261
1500484476822618112,1790906337000-632578958264631296-1500484476822618112,1790906337000,1790910296000,1,19.158,9.658,1.9836405052805965
1385305554984894464,1790904522000-632578958264631296-1385305554984894464,1790904522000,1790906458000,1,19.127,4.009,4.771015215764529
947107003673608192,1790901333000-632578958264631296-947107003673608192,1790901333000,1790903483000,1,19.12,9.123,2.0958018195768937
939545725614686208,1790960162000-632578958264631296-939545725614686208,1790960162000,1790963105000,1,19.101,8.742,2.18496911461908
796706773456125952,1790932061000-632578958264631296-796706773456125952,1790932061000,1790934795000,1,19.08,8.963,2.1287515340845697
932612842287267840,1790901864000-632578958264631296-932612842287267840,1790901864000,1790903934000,1,19.041,5.054,3.767510882469331
1083726517403385856,1790939249000-632578958264631296-1083726517403385856,1790939249000,1790941189000,1,19.009,3.793,5.011600316372265
862287863801184256,1790948982000-632578958264631296-862287863801184256,1790948982000,1790950759000,1,18.971,8.664,2.1896352723915053
1500491887742550016,1790911973000-632578958264631296-1500491887742550016,1790911973000,1790913942000,1,18.934,5.577,3.3950152411690877
1067771070980816896,1790899643000-632578958264631296-1067771070980816896,1790899643000,1790901503000,1,18.933,9.989,1.8953849234157572
939547417898909696,1790933115000-632578958264631296-939547417898909696,1790933115000,1790935795000,1,18.891,10.545,1.791465149359886
1061350711461150720,1790909043000-632578958264631296-1061350711461150720,1790909043000,1790913090000,1,18.859,14.731,1.2802253750593986
1083726517403385856,1790945225000-632578958264631296-1083726517403385856,1790945225000,1790948889000,1,18.834,5.082,3.706021251475797
929721011920699392,1790933596000-632578958264631296-929721011920699392,1790933596000,1790935792000,1,18.828,3.626,5.192498621070049
947583099720433664,1790918473000-632578958264631296-947583099720433664,1790918473000,1790920065000,1,18.811,3.758,5.0055880787653
1087441747748847616,1790911020000-632578958264631296-1087441747748847616,1790911020000,1790913024000,1,18.769,7.417,2.530537953350411
1083726740557135872,1790972730000-632578958264631296-1083726740557135872,1790972730000,1790975449000,1,18.755,4.365,4.296678121420389
1050036836505747456,1790961039000-632578958264631296-1050036836505747456,1790961039000,1790962855000,1,18.749,5.314,3.5282273240496798
1067764585097854976,1790936738000-632578958264631296-1067764585097854976,1790936738000,1790939715000,1,18.716,11.326,1.6524810171287303
947452563299500032,1790924539000-632578958264631296-947452563299500032,1790924539000,1790926362000,1,18.656,7.784,2.396711202466598
940246634145513472,1790953878000-632578958264631296-940246634145513472,1790953878000,1790957440000,1,18.644,5.36,3.4783582089552234
1083727593376579584,1790946197000-632578958264631296-1083727593376579584,1790946197000,1790948418000,1,18.639,8.595,2.1685863874345546
1500484476822618112,1790898354000-632578958264631296-1500484476822618112,1790898354000,1790900008000,1,18.627,4.296,4.335893854748603
1061980520671346688,1790940297000-632578958264631296-1061980520671346688,1790940297000,1790942051000,1,18.625,3.653,5.098549137695045
790193276584984576,1790911508000-632578958264631296-790193276584984576,1790911508000,1790913167000,1,18.589,5.503,3.3779756496456477
1501933902321680384,1790972798000-632578958264631296-1501933902321680384,1790972798000,1790974998000,1,18.58,3.411,5.447082966871885
862287863801184256,1790944855000-632578958264631296-862287863801184256,1790944855000,1790946883000,1,18.568,7.759,2.3930918932852174
1188192864341852160,1790938371000-632578958264631296-1188192864341852160,1790938371000,1790940679000,1,18.408,5.724,3.215932914046122
1464260641047969792,1790938345000-632578958264631296-1464260641047969792,1790938345000,1790940359000,1,18.225,6.668,2.7332033593281344
951882940915122176,1790946440000-632578958264631296-951882940915122176,1790946440000,1790951062000,1,18.224,9.192,1.9825935596170583
944591832124227584,1790951833000-632578958264631296-944591832124227584,1790951833000,1790953941000,1,18.21,9.299,1.958275083342295
1071018553202704384,1790946432000-632578958264631296-1071018553202704384,1790946432000,1790951038000,1,18.19,10.323,1.7620846653104718
1061980520671346688,1790936895000-632578958264631296-1061980520671346688,1790936895000,1790939235000,1,18.125,3.833,4.728672058439864
1083726655622479872,1790956050000-632578958264631296-1083726655622479872,1790956050000,1790957800000,1,18.082,7.117,2.5406772516509766
866686265431425024,1790935166000-632578958264631296-866686265431425024,1790935166000,1790937769000,1,18.069,4.638,3.8958602846054333
1083040210243026944,1790967388000-632578958264631296-1083040210243026944,1790967388000,1790969317000,1,18.001,5.352,3.3634155455904335
787000328028422144,1790944323000-632578958264631296-787000328028422144,1790944323000,1790947008000,1,17.96,11.636,1.5434857339291854
1083040210243026944,1790923997000-632578958264631296-1083040210243026944,1790923997000,1790928969000,1,17.954,11.759,1.5268305127987074
780116044227280896,1790949098000-632578958264631296-780116044227280896,1790949098000,1790950695000,1,17.953,6.368,2.8192525125628136
800026217909583872,1790920173000-632578958264631296-800026217909583872,1790920173000,1790922199000,1,17.924,3.171,5.652475559760328
1536014517601828864,1790937635000-632578958264631296-1536014517601828864,1790937635000,1790939215000,1,17.881,9.603,1.862022284702697
796706773456125952,1790949405000-632578958264631296-796706773456125952,1790949405000,1790952691000,1,17.881,13.156,1.35915171784737
1105914860262129664,1790915283000-632578958264631296-1105914860262129664,1790915283000,1790917891000,1,17.827,3.626,4.916436845008274
1370798572273926144,1790941891000-632578958264631296-1370798572273926144,1790941891000,1790944429000,1,17.786,3.591,4.952937900306321
1184409623537385472,1790919292000-632578958264631296-1184409623537385472,1790919292000,1790921462000,1,17.784,4.165,4.269867947178871
792451146961649664,1790949102000-632578958264631296-792451146961649664,1790949102000,1790950678000,1,17.76,5.72,3.1048951048951055
1093087738300727296,1790949229000-632578958264631296-1093087738300727296,1790949229000,1790952455000,1,17.756,9.675,1.8352454780361755
1093088075828953088,1790941305000-632578958264631296-1093088075828953088,1790941305000,1790943053000,1,17.75,8.718,2.0360174351915576
1361380561528029184,1790941801000-632578958264631296-1361380561528029184,1790941801000,1790944156000,1,17.75,3.722,4.768941429339065
1593331058084937728,1790985040000-632578958264631296-1593331058084937728,1790985040000,1790986468000,1,17.669,3.613,4.890395792969831
1479447378401427456,1790938889000-632578958264631296-1479447378401427456,1790938889000,1790940724000,1,17.658,3.267,5.404958677685951
1536022277991170048,1790927759000-632578958264631296-1536022277991170048,1790927759000,1790931151000,1,17.641,7.224,2.441998892580288
1536014603211767808,1790961044000-632578958264631296-1536014603211767808,1790961044000,1790964335000,1,17.587,9.408,1.8693664965986396
1079026604165824512,1790920217000-632578958264631296-1079026604165824512,1790920217000,1790922733000,1,17.58,7.879,2.2312476202563776
1073983957575401472,1790928896000-632578958264631296-1073983957575401472,1790928896000,1790930782000,1,17.574,3.572,4.91993281075028
877447467317067776,1790911261000-632578958264631296-877447467317067776,1790911261000,1790913272000,1,17.51,3.919,4.467976524623629
1089902742123577344,1790921923000-632578958264631296-1089902742123577344,1790921923000,1790923486000,1,17.466,4.353,4.012405237767058
1525526061327056896,1790960988000-632578958264631296-1525526061327056896,1790960988000,1790964245000,1,17.466,8.984,1.9441228851291186
906553960083488768,1790909968000-632578958264631296-906553960083488768,1790909968000,1790911743000,1,17.44,5.551,3.141776256530355
1076923642098483200,1790922188000-632578958264631296-1076923642098483200,1790922188000,1790924673000,1,17.426,8.479,2.0551951881118056
973914141028777984,1790911215000-632578958264631296-973914141028777984,1790911215000,1790913285000,1,17.419,5.308,3.2816503391107763
1083726476706054144,1790952461000-632578958264631296-1083726476706054144,1790952461000,1790954734000,1,17.413,6.662,2.6137796457520266
1067763722711203840,1790919207000-632578958264631296-1067763722711203840,1790919207000,1790921414000,1,17.4,5.228,3.3282325937260904
1501933902321680384,1790917961000-632578958264631296-1501933902321680384,1790917961000,1790919959000,1,17.379,3.045,5.707389162561577
1087441747748847616,1790956983000-632578958264631296-1087441747748847616,1790956983000,1790959148000,1,17.362,6.767,2.565686419388207
1083726740557135872,1790917960000-632578958264631296-1083726740557135872,1790917960000,1790920039000,1,17.358,3.558,4.87858347386172
947452563299500032,1790905717000-632578958264631296-947452563299500032,1790905717000,1790908541000,1,17.331,6.724,2.5774836406900654
1083727333329731584,1790953339000-632578958264631296-1083727333329731584,1790953339000,1790956116000,1,17.215,5.791,2.9727162838887926
1089902742123577344,1790945335000-632578958264631296-1089902742123577344,1790945335000,1790947755000,1,17.166,10.845,1.5828492392807745
794950170587430912,1790933192000-632578958264631296-794950170587430912,1790933192000,1790934882000,1,17.154,2.932,5.8506139154160985
1136716787434389504,1790954346000-632578958264631296-1136716787434389504,1790954346000,1790956113000,1,17.088,4.744,3.6020236087689717
964172050669240320,1790898430000-632578958264631296-964172050669240320,1790898430000,1790899941000,1,17.061,4.503,3.788807461692205
1093087265762050048,1790948963000-632578958264631296-1093087265762050048,1790948963000,1790951240000,1,17.043,5.721,2.9790246460409016
1094956363722784768,1790948969000-632578958264631296-1094956363722784768,1790948969000,1790951335000,1,17.02,5.42,3.140221402214022
946025328671719424,1790948130000-632578958264631296-946025328671719424,1790948130000,1790950240000,1,16.955,10.848,1.562960914454277
1079425050643267584,1790958967000-632578958264631296-1079425050643267584,1790958967000,1790961765000,1,16.914,8.2,2.0626829268292686
873900831743672320,1790951063000-632578958264631296-873900831743672320,1790951063000,1790952847000,1,16.896,7.075,2.3881272084805656
1126571257152667648,1790936181000-632578958264631296-1126571257152667648,1790936181000,1790938574000,1,16.886,4.578,3.6885102664919174
1138167953473142784,1790917950000-632578958264631296-1138167953473142784,1790917950000,1790920467000,1,16.885,6.07,2.78171334431631
1083727931903049728,1790930963000-632578958264631296-1083727931903049728,1790930963000,1790933276000,1,16.829,4.457,3.775858200583352
866686329780436992,1790904173000-632578958264631296-866686329780436992,1790904173000,1790906273000,1,16.802,9.639,1.7431268803817823
1049976772092755968,1790949904000-632578958264631296-1049976772092755968,1790949904000,1790951859000,1,16.795,5.956,2.8198455339153794
800026217909583872,1790948990000-632578958264631296-800026217909583872,1790948990000,1790951530000,1,16.775,3.906,4.294674859190987
1593406240992526336,1790908313000-632578958264631296-1593406240992526336,1790908313000,1790911607000,1,16.751,12.536,1.3362316528398215
1050036836505747456,1790959447000-632578958264631296-1050036836505747456,1790959447000,1790960891000,1,16.737,3.859,4.337133972531744
1046443344412016640,1790964104000-632578958264631296-1046443344412016640,1790964104000,1790966213000,1,16.657,6.174,2.697926789763524
1385305434218299392,1790930476000-632578958264631296-1385305434218299392,1790930476000,1790933116000,1,16.653,4.134,4.028301886792452
1050036509840769024,1790922911000-632578958264631296-1050036509840769024,1790922911000,1790925452000,1,16.634,8.611,1.931715247938683
935951856658546688,1790922569000-632578958264631296-935951856658546688,1790922569000,1790925759000,1,16.62,9.788,1.6979975480179812
1504876024033181696,1790925036000-632578958264631296-1504876024033181696,1790925036000,1790927164000,1,16.614,4.872,3.410098522167488
1385305434218299392,1790920477000-632578958264631296-1385305434218299392,1790920477000,1790921918000,1,16.612,3.029,5.484318256850445
931855689733636096,1790905473000-632578958264631296-931855689733636096,1790905473000,1790907584000,1,16.599,5.735,2.8943330427201395
1049976772092755968,1790948638000-632578958264631296-1049976772092755968,1790948638000,1790949896000,1,16.598,5.761,2.8810970317653184
873109579045535744,1790945140000-632578958264631296-873109579045535744,1790945140000,1790947970000,1,16.535,6.379,2.5920990750901396
1385305434218299392,1790918561000-632578958264631296-1385305434218299392,1790918561000,1790920465000,1,16.521,3.62,4.563812154696133
784445514740400128,1790908649000-632578958264631296-784445514740400128,1790908649000,1790910113000,1,16.515,5.85,2.8230769230769233
1422205318414204928,1790929582000-632578958264631296-1422205318414204928,1790929582000,1790932566000,1,16.509,4.228,3.9046830652790923
1464286677953413120,1790949155000-632578958264631296-1464286677953413120,1790949155000,1790950960000,1,16.494,3.245,5.0828967642526965
1289307004661137408,1790955444000-632578958264631296-1289307004661137408,1790955444000,1790957066000,1,16.479,5.723,2.8794338633583783
1173302979768352768,1790911268000-632578958264631296-1173302979768352768,1790911268000,1790913243000,1,16.472,6.233,2.6427081662120973
932302785804763136,1790940543000-632578958264631296-932302785804763136,1790940543000,1790942174000,1,16.45,4.902,3.355773153814769
961238953837461504,1790944319000-632578958264631296-961238953837461504,1790944319000,1790946845000,1,16.374,9.253,1.7695882416513562
946033927888306176,1790913159000-632578958264631296-946033927888306176,1790913159000,1790914660000,1,16.336,6.001,2.7222129645059154
1083727986517082112,1790925508000-632578958264631296-1083727986517082112,1790925508000,1790927259000,1,16.292,7.617,2.1388998293291324
1540361293100220416,1790898901000-632578958264631296-1540361293100220416,1790898901000,1790900657000,1,16.244,5.605,2.8981266726137376
786545248472924160,1790908591000-632578958264631296-786545248472924160,1790908591000,1790910261000,1,16.203,5.579,2.904283921849794
794950170587430912,1790919001000-632578958264631296-794950170587430912,1790919001000,1790920741000,1,16.168,5.344,3.025449101796407
1050036019790872576,1790935665000-632578958264631296-1050036019790872576,1790935665000,1790937374000,1,16.148,6.941,2.3264659270998416
1268615019327651840,1790932763000-632578958264631296-1268615019327651840,1790932763000,1790934282000,1,16.14,4.182,3.859397417503587
1362128357327634432,1790931283000-632578958264631296-1362128357327634432,1790931283000,1790933834000,1,16.093,5.956,2.7019811954331763
873916972050415616,1790910597000-632578958264631296-873916972050415616,1790910597000,1790913795000,1,16.084,5.055,3.1818001978239367
1536393085787832320,1790985252000-632578958264631296-1536393085787832320,1790985252000,1790987595000,1,16.056,3.307,4.855155730269127
848986467664396288,1790909468000-632578958264631296-848986467664396288,1790909468000,1790911070000,1,16.052,6.044,2.655857048312376
939547417898909696,1790947890000-632578958264631296-939547417898909696,1790947890000,1790950076000,1,16.05,6.429,2.496500233317779
1478688867300147200,1790941588000-632578958264631296-1478688867300147200,1790941588000,1790943095000,1,16.027,4.559,3.515463917525773
1298646515224412160,1790917758000-632578958264631296-1298646515224412160,1790917758000,1790923337000,1,16.009,7.106,2.252884886011821
946025929669345280,1790919272000-632578958264631296-946025929669345280,1790919272000,1790922480000,1,16.007,12.27,1.3045639771801143
1536014596580573184,1790985221000-632578958264631296-1536014596580573184,1790985221000,1790987558000,1,16.006,7.18,2.22924791086351
1068875501654769664,1790911071000-632578958264631296-1068875501654769664,1790911071000,1790913206000,1,15.996,3.855,4.149416342412452
786246735176400896,1790910888000-632578958264631296-786246735176400896,1790910888000,1790912508000,1,15.956,2.96,5.390540540540541
1422205634715058176,1790904403000-632578958264631296-1422205634715058176,1790904403000,1790906551000,1,15.944,6.305,2.528786677240286
1209168031477923840,1790928313000-632578958264631296-1209168031477923840,1790928313000,1790929763000,1,15.92,5.778,2.7552786431291105
939545725614686208,1790913925000-632578958264631296-939545725614686208,1790913925000,1790915494000,1,15.918,8.082,1.9695619896065328
942427579615281152,1790940559000-632578958264631296-942427579615281152,1790940559000,1790943034000,1,15.909,3.141,5.06494746895893
1079787761596104704,1790928823000-632578958264631296-1079787761596104704,1790928823000,1790930855000,1,15.901,3.471,4.5811005473926825
1441118393376702464,1790952045000-632578958264631296-1441118393376702464,1790952045000,1790954015000,1,15.893,8.023,1.9809298267480995
1046837731746906112,1790959554000-632578958264631296-1046837731746906112,1790959554000,1790961476000,1,15.85,6.639,2.3874077421298385
1089954932305428480,1790933118000-632578958264631296-1089954932305428480,1790933118000,1790934900000,1,15.841,6.761,2.34299659813637
1083726517403385856,1790949499000-632578958264631296-1083726517403385856,1790949499000,1790953494000,1,15.82,5.343,2.9608833988396035
943858330336493568,1790930500000-632578958264631296-943858330336493568,1790930500000,1790933982000,1,15.803,20.697,0.7635406097502054
964171206683000832,1790897019000-632578958264631296-964171206683000832,1790897019000,1790900381000,1,15.796,6.356,2.485210824417873
1046752835124854784,1790935041000-632578958264631296-1046752835124854784,1790935041000,1790936431000,1,15.752,5.172,3.0456303170920345
1545823852121030656,1790924967000-632578958264631296-1545823852121030656,1790924967000,1790928417000,1,15.725,4.809,3.2699105843210643
1076923642098483200,1790938499000-632578958264631296-1076923642098483200,1790938499000,1790940577000,1,15.705,7.268,2.1608420473307652
1371466234314358784,1790914099000-632578958264631296-1371466234314358784,1790914099000,1790916722000,1,15.649,4.382,3.571200365130078
1050035879038418944,1790933275000-632578958264631296-1050035879038418944,1790933275000,1790934934000,1,15.635,9.392,1.66471465076661
1050036019790872576,1790932393000-632578958264631296-1050036019790872576,1790932393000,1790934056000,1,15.604,7.469,2.089168563395367
1545824186436419584,1790914051000-632578958264631296-1545824186436419584,1790914051000,1790915547000,1,15.59,3.684,4.231813246471226
1389243594644127744,1790916752000-632578958264631296-1389243594644127744,1790916752000,1790918445000,1,15.576,7.25,2.1484137931034484
1536014625517076480,1790924497000-632578958264631296-1536014625517076480,1790924497000,1790927482000,1,15.575,7.894,1.9730174816316188
1536014603211767808,1790940481000-632578958264631296-1536014603211767808,1790940481000,1790941797000,1,15.565,6.296,2.4722045743329097
1441118393376702464,1790924312000-632578958264631296-1441118393376702464,1790924312000,1790926647000,1,15.509,7.375,2.102915254237288
1152269748554170368,1790915389000-632578958264631296-1152269748554170368,1790915389000,1790916755000,1,15.498,3.548,4.368094701240135
1079425050643267584,1790923070000-632578958264631296-1079425050643267584,1790923070000,1790925613000,1,15.484,4.106,3.771066731612275
876044057397166080,1790911283000-632578958264631296-876044057397166080,1790911283000,1790913279000,1,15.462,4.88,3.1684426229508196
1389243774684626944,1790944474000-632578958264631296-1389243774684626944,1790944474000,1790946606000,1,15.406,5.525,2.7884162895927602
931892603408875520,1790932692000-632578958264631296-931892603408875520,1790932692000,1790934629000,1,15.405,11.938,1.2904171553023955
1050037109068398592,1790911941000-632578958264631296-1050037109068398592,1790911941000,1790913630000,1,15.401,4.465,3.4492721164613664
1184409623537385472,1790912154000-632578958264631296-1184409623537385472,1790912154000,1790913726000,1,15.398,3.162,4.869702719797597
1083726655622479872,1790946394000-632578958264631296-1083726655622479872,1790946394000,1790948633000,1,15.3,5.515,2.774252039891206
1046837731746906112,1790970780000-632578958264631296-1046837731746906112,1790970780000,1790975079000,1,15.267,11.139,1.3705898195529223
1491416395517263872,1790951461000-632578958264631296-1491416395517263872,1790951461000,1790954533000,1,15.222,5.014,3.0358994814519344
973914141028777984,1790925644000-632578958264631296-973914141028777984,1790925644000,1790927275000,1,15.125,4.71,3.2112526539278132
1073983957575401472,1790911701000-632578958264631296-1073983957575401472,1790911701000,1790913501000,1,15.024,2.974,5.051782111634162
1600618257994219520,1790936936000-632578958264631296-1600618257994219520,1790936936000,1790938281000,1,15.017,5.78,2.5980968858131486
1389244082743672832,1790899059000-632578958264631296-1389244082743672832,1790899059000,1790901219000,1,14.938,8.421,1.773898586866168
1087441747748847616,1790943548000-632578958264631296-1087441747748847616,1790943548000,1790944788000,1,14.918,2.884,5.172676837725382
1138782810882965504,1790970128000-632578958264631296-1138782810882965504,1790970128000,1790972645000,1,14.9,7.149,2.0842075814799275
1138782810882965504,1790915894000-632578958264631296-1138782810882965504,1790915894000,1790917756000,1,14.899,6.969,2.1378963983354855
1593405762816704512,1790932995000-632578958264631296-1593405762816704512,1790932995000,1790936165000,1,14.854,8.131,1.8268355675808632
642055098863718400,1790915933000-632578958264631296-642055098863718400,1790915933000,1790917852000,1,14.847,5.625,2.6394666666666664
642055098863718400,1790970172000-632578958264631296-642055098863718400,1790970172000,1790972422000,1,14.842,5.67,2.617636684303351
936665179544879104,1790928009000-632578958264631296-936665179544879104,1790928009000,1790931355000,1,14.838,7.455,1.9903420523138833
1079796452147855360,1790909504000-632578958264631296-1079796452147855360,1790909504000,1790911157000,1,14.826,4.217,3.515769504387005
944573640047853568,1790904655000-632578958264631296-944573640047853568,1790904655000,1790906191000,1,14.809,3.824,3.872646443514644
1094588896550846464,1790902153000-632578958264631296-1094588896550846464,1790902153000,1790905473000,1,14.744,10.235,1.4405471421592575
787000328028422144,1790917418000-632578958264631296-787000328028422144,1790917418000,1790919095000,1,14.731,4.731,3.113718030014796
1081223436249858048,1790904663000-632578958264631296-1081223436249858048,1790904663000,1790906133000,1,14.72,4.129,3.5650278517800924
929711155667009536,1790960202000-632578958264631296-929711155667009536,1790960202000,1790962991000,1,14.681,6.359,2.308696335901871
939545725614686208,1790910867000-632578958264631296-939545725614686208,1790910867000,1790913921000,1,14.667,7.603,1.929106931474418
873900831743672320,1790902448000-632578958264631296-873900831743672320,1790902448000,1790905744000,1,14.653,9.714,1.5084414247477866
951563481520275456,1790920534000-632578958264631296-951563481520275456,1790920534000,1790924234000,1,14.651,4.583,3.196814313768274
1488160320575766528,1790932886000-632578958264631296-1488160320575766528,1790932886000,1790934464000,1,14.641,7.847,1.8658085892697844
1061979678694178816,1790924526000-632578958264631296-1061979678694178816,1790924526000,1790926222000,1,14.635,6.291,2.326339214751232
1536014603211767808,1790925321000-632578958264631296-1536014603211767808,1790925321000,1790927029000,1,14.604,6.513,2.242284661446338
1120316721542987776,1790951461000-632578958264631296-1120316721542987776,1790951461000,1790952876000,1,14.56,4.02,3.621890547263682
996808469547843584,1790901946000-632578958264631296-996808469547843584,1790901946000,1790903386000,1,14.527,5.366,2.7072307118896757
1079095062366781440,1790948529000-632578958264631296-1079095062366781440,1790948529000,1790951649000,1,14.504,7.435,1.950773369199731
1486716779844599808,1790947073000-632578958264631296-1486716779844599808,1790947073000,1790949106000,1,14.488,6.061,2.3903646262992906
964172050669240320,1790935725000-632578958264631296-964172050669240320,1790935725000,1790938284000,1,14.488,6.407,2.2612767285781175
848986467664396288,1790933437000-632578958264631296-848986467664396288,1790933437000,1790934779000,1,14.486,4.709,3.076236992992143
1464260641047969792,1790949217000-632578958264631296-1464260641047969792,1790949217000,1790951430000,1,14.448,6.419,2.250817884405671
1087441747748847616,1790945412000-632578958264631296-1087441747748847616,1790945412000,1790947068000,1,14.367,4.767,3.013845185651353
1361380561528029184,1790905989000-632578958264631296-1361380561528029184,1790905989000,1790908533000,1,14.353,5.803,2.4733758400827157
873821465244336128,1790919379000-632578958264631296-873821465244336128,1790919379000,1790920413000,1,14.325,3.271,4.379394680525833
1471164933021368320,1790923752000-632578958264631296-1471164933021368320,1790923752000,1790925111000,1,14.316,4.376,3.2714808043875685
1385304935976927232,1790979875000-632578958264631296-1385304935976927232,1790979875000,1790981809000,1,14.289,4.715,3.030540827147402
1061350711461150720,1790951245000-632578958264631296-1061350711461150720,1790951245000,1790953768000,1,14.286,5.971,2.392564059621504
1049976772092755968,1790947362000-632578958264631296-1049976772092755968,1790947362000,1790948630000,1,14.25,4.655,3.061224489795918
1385305128772304896,1790951116000-632578958264631296-1385305128772304896,1790951116000,1790953581000,1,14.247,5.359,2.658518380294831
780122893064339456,1790935634000-632578958264631296-780122893064339456,1790935634000,1790937167000,1,14.239,3.095,4.60064620355412
1046837731746906112,1790913524000-632578958264631296-1046837731746906112,1790913524000,1790915629000,1,14.236,8.428,1.6891314665401043
1454186236603269120,1790954277000-632578958264631296-1454186236603269120,1790954277000,1790956970000,1,14.229,6.44,2.209472049689441
1067772524470730752,1790903059000-632578958264631296-1067772524470730752,1790903059000,1790904885000,1,14.226,3.452,4.121089223638471
876422423786815488,1790909080000-632578958264631296-876422423786815488,1790909080000,1790911171000,1,14.222,4.795,2.9660062565172054
1045646209449984000,1790903003000-632578958264631296-1045646209449984000,1790903003000,1790904596000,1,14.22,3.858,3.6858475894245726
964172050669240320,1790932222000-632578958264631296-964172050669240320,1790932222000,1790933565000,1,14.192,4.658,3.0468012022327176
1093087738300727296,1790903147000-632578958264631296-1093087738300727296,1790903147000,1790904826000,1,14.185,3.961,3.5811663721282505
973914141028777984,1790945581000-632578958264631296-973914141028777984,1790945581000,1790947149000,1,14.18,4.455,3.1829405162738493
1476549608761982976,1790936142000-632578958264631296-1476549608761982976,1790936142000,1790938028000,1,14.125,10.246,1.3785867655670505
873104331912511488,1790906945000-632578958264631296-873104331912511488,1790906945000,1790908102000,1,14.111,4.19,3.367780429594272
1083726988146900992,1790953253000-632578958264631296-1083726988146900992,1790953253000,1790954544000,1,14.1,4.341,3.2480995162404973
951556794549796864,1790898453000-632578958264631296-951556794549796864,1790898453000,1790900367000,1,14.097,5.435,2.593744250229991
1176134230934028288,1790939933000-632578958264631296-1176134230934028288,1790939933000,1790942310000,1,14.072,6.901,2.03912476452688
1396880990281924608,1790943759000-632578958264631296-1396880990281924608,1790943759000,1790945813000,1,14.066,6.703,2.0984633746083845
932613192947859456,1790951480000-632578958264631296-932613192947859456,1790951480000,1790953231000,1,14.033,3.211,4.3702896293989415
929721011920699392,1790931358000-632578958264631296-929721011920699392,1790931358000,1790932626000,1,14.018,2.911,4.81552731020268
800361869549240320,1790920263000-632578958264631296-800361869549240320,1790920263000,1790921692000,1,13.959,2.435,5.73264887063655
1142833661045899264,1790950106000-632578958264631296-1142833661045899264,1790950106000,1790951950000,1,13.948,6.24,2.2352564102564103
1067771070980816896,1790954039000-632578958264631296-1067771070980816896,1790954039000,1790956520000,1,13.94,7.016,1.9868871151653362
943858330336493568,1790907583000-632578958264631296-943858330336493568,1790907583000,1790909658000,1,13.922,6.581,2.1154839690016716
1101157025884143616,1790935138000-632578958264631296-1101157025884143616,1790935138000,1790936787000,1,13.905,4.212,3.3012820512820515
1471165285556813824,1790930075000-632578958264631296-1471165285556813824,1790930075000,1790933873000,1,13.875,7.51,1.8475366178428763
1070378226594873344,1790901954000-632578958264631296-1070378226594873344,1790901954000,1790904169000,1,13.801,7.408,1.86298596112311
784445514740400128,1790910852000-632578958264631296-784445514740400128,1790910852000,1790911985000,1,13.799,2.686,5.137379002233804
947452563299500032,1790926397000-632578958264631296-947452563299500032,1790926397000,1790928018000,1,13.713,7.112,1.9281496062992125
929721011920699392,1790921404000-632578958264631296-929721011920699392,1790921404000,1790922699000,1,13.687,2.7,5.069259259259259
1082330521322651648,1790908009000-632578958264631296-1082330521322651648,1790908009000,1790909813000,1,13.68,3.082,4.438676184295912
1138167953473142784,1790921053000-632578958264631296-1138167953473142784,1790921053000,1790923004000,1,13.667,4.789,2.8538316976404263
940246634145513472,1790941234000-632578958264631296-940246634145513472,1790941234000,1790943243000,1,13.662,7.404,1.8452188006482984
1602017244622094336,1790931832000-632578958264631296-1602017244622094336,1790931832000,1790934512000,1,13.659,6.492,2.1039741219963033
1385304935976927232,1790903415000-632578958264631296-1385304935976927232,1790903415000,1790904933000,1,13.53,5.873,2.3037629831431974
1088511709141794816,1790955244000-632578958264631296-1088511709141794816,1790955244000,1790956946000,1,13.514,2.742,4.928519328956965
871764525957775360,1790900283000-632578958264631296-871764525957775360,1790900283000,1790901968000,1,13.51,5.064,2.6678515007898893
862693652038680576,1790902907000-632578958264631296-862693652038680576,1790902907000,1790904792000,1,13.503,5.445,2.479889807162534
1135529735623802880,1790900306000-632578958264631296-1135529735623802880,1790900306000,1790902083000,1,13.444,6.552,2.051892551892552
1545824186436419584,1790922437000-632578958264631296-1545824186436419584,1790922437000,1790924459000,1,13.439,4.17,3.2227817745803358
1131631502098956288,1790920028000-632578958264631296-1131631502098956288,1790920028000,1790921937000,1,13.438,5.191,2.5887112309766906
902974583798235136,1790903896000-632578958264631296-902974583798235136,1790903896000,1790905837000,1,13.4,4.242,3.158887317303159
1082330521322651648,1790910434000-632578958264631296-1082330521322651648,1790910434000,1790912888000,1,13.348,3.869,3.4499870767640215
946030864989421568,1790902822000-632578958264631296-946030864989421568,1790902822000,1790904370000,1,13.341,4.4,3.0320454545454543
1536014730089463808,1790929140000-632578958264631296-1536014730089463808,1790929140000,1790930571000,1,13.334,4.411,3.022897302199048
973914141028777984,1790922275000-632578958264631296-973914141028777984,1790922275000,1790923640000,1,13.331,4.223,3.156760596732181
1477629723302428672,1790951185000-632578958264631296-1477629723302428672,1790951185000,1790952490000,1,13.33,2.368,5.629222972972974
796706773456125952,1790935726000-632578958264631296-796706773456125952,1790935726000,1790937165000,1,13.284,5.852,2.269993164730007
929721011920699392,1790956048000-632578958264631296-929721011920699392,1790956048000,1790957864000,1,13.256,2.548,5.202511773940345
1535704124731949056,1790921276000-632578958264631296-1535704124731949056,1790921276000,1790922636000,1,13.249,3.016,4.39290450928382
947104127047958528,1790939473000-632578958264631296-947104127047958528,1790939473000,1790940820000,1,13.249,4.2,3.1545238095238095
1536014563953082368,1790921599000-632578958264631296-1536014563953082368,1790921599000,1790923229000,1,13.232,4.847,2.729936042913142
1289307004661137408,1790957071000-632578958264631296-1289307004661137408,1790957071000,1790958742000,1,13.195,5.439,2.425997425997426
946025328671719424,1790938312000-632578958264631296-946025328671719424,1790938312000,1790939968000,1,13.159,6.766,1.9448714159030447
1535704124731949056,1790940806000-632578958264631296-1535704124731949056,1790940806000,1790942027000,1,13.147,3.38,3.8896449704142015
1101156788989853696,1790908124000-632578958264631296-1101156788989853696,1790908124000,1790910004000,1,13.076,3.147,4.155068319034001
948575900767617024,1790960991000-632578958264631296-948575900767617024,1790960991000,1790962533000,1,13.039,3.732,3.493837084673097
869905949161160704,1790954589000-632578958264631296-869905949161160704,1790954589000,1790956231000,1,12.951,5.091,2.5439010017678254
929731076446748672,1790925694000-632578958264631296-929731076446748672,1790925694000,1790926920000,1,12.934,3.057,4.230945371279032
1072872003913908224,1790927921000-632578958264631296-1072872003913908224,1790927921000,1790929772000,1,12.848,6.689,1.9207654357901032
928334310946111488,1790936988000-632578958264631296-928334310946111488,1790936988000,1790938570000,1,12.809,5.821,2.200481017007387
1067763553357791232,1790921800000-632578958264631296-1067763553357791232,1790921800000,1790924495000,1,12.741,4.499,2.8319626583685267
1491416395517263872,1790956222000-632578958264631296-1491416395517263872,1790956222000,1790958763000,1,12.732,5.089,2.5018667714678715
1094588896550846464,1790952354000-632578958264631296-1094588896550846464,1790952354000,1790954928000,1,12.724,6.463,1.968745164784156
1067776159577538560,1790923847000-632578958264631296-1067776159577538560,1790923847000,1790927116000,1,12.723,6.432,1.9780783582089552
1406586435233906688,1790904756000-632578958264631296-1406586435233906688,1790904756000,1790906222000,1,12.702,6.947,1.8284151432272924
1183367596062277632,1790912582000-632578958264631296-1183367596062277632,1790912582000,1790913942000,1,12.634,3.863,3.2705151436707225
1067763903368265728,1790911149000-632578958264631296-1067763903368265728,1790911149000,1790912988000,1,12.631,5.794,2.180013807386952
977133830013976576,1790924044000-632578958264631296-977133830013976576,1790924044000,1790927333000,1,12.63,6.818,1.852449398650631
1486716779844599808,1790945428000-632578958264631296-1486716779844599808,1790945428000,1790946989000,1,12.629,5.162,2.4465323518016273
1063488404655702016,1790916690000-632578958264631296-1063488404655702016,1790916690000,1790918758000,1,12.62,9.207,1.3706962094058865
780452749606125568,1790904353000-632578958264631296-780452749606125568,1790904353000,1790906226000,1,12.594,7.5,1.6792
873101078441230336,1790915995000-632578958264631296-873101078441230336,1790915995000,1790917828000,1,12.586,5.074,2.4804887662593615
784445514740400128,1790917076000-632578958264631296-784445514740400128,1790917076000,1790918308000,1,12.551,3.638,3.449972512369434
1488160320575766528,1790936596000-632578958264631296-1488160320575766528,1790936596000,1790938461000,1,12.5,12.685,0.9854158454867954
1083726789898928128,1790925383000-632578958264631296-1083726789898928128,1790925383000,1790927324000,1,12.497,5.539,2.256183426611302
942426738309201920,1790941429000-632578958264631296-942426738309201920,1790941429000,1790942662000,1,12.481,3.823,3.2647135757258696
1067765247101632512,1790941461000-632578958264631296-1067765247101632512,1790941461000,1790942700000,1,12.448,4.327,2.87681996764502
1067771070980816896,1790956526000-632578958264631296-1067771070980816896,1790956526000,1790957716000,1,12.382,8.307,1.4905501384374622
1060872975626010624,1790913415000-632578958264631296-1060872975626010624,1790913415000,1790914602000,1,12.37,4.57,2.706783369803063
1385305128772304896,1790921865000-632578958264631296-1385305128772304896,1790921865000,1790924301000,1,12.277,6.799,1.8057067215767022
1362128357327634432,1790933932000-632578958264631296-1362128357327634432,1790933932000,1790935500000,1,12.262,5.593,2.1923833363132488
932302785804763136,1790900410000-632578958264631296-932302785804763136,1790900410000,1790901789000,1,12.213,3.055,3.9977086743044183
931892603408875520,1790904623000-632578958264631296-931892603408875520,1790904623000,1790906008000,1,12.176,4.837,2.517262766177383
1385304935976927232,1790982231000-632578958264631296-1385304935976927232,1790982231000,1790983898000,1,12.158,4.16,2.9225961538461536
947583451614150656,1790904755000-632578958264631296-947583451614150656,1790904755000,1790906119000,1,12.108,5.228,2.3159908186687073
1148896718033518592,1790925936000-632578958264631296-1148896718033518592,1790925936000,1790927851000,1,12.1,2.966,4.079568442346594
1073994678560358400,1790914438000-632578958264631296-1073994678560358400,1790914438000,1790916421000,1,12.079,6.543,1.8460950634265627
798991075485155328,1790924983000-632578958264631296-798991075485155328,1790924983000,1790926330000,1,12.03,2.3,5.230434782608696
1061350711461150720,1790897477000-632578958264631296-1061350711461150720,1790897477000,1790899360000,1,12.026,7.219,1.6658817010666296
1183367596062277632,1790928805000-632578958264631296-1183367596062277632,1790928805000,1790930086000,1,11.99,5.448,2.200807635829662
1478819140813717504,1790949403000-632578958264631296-1478819140813717504,1790949403000,1790950696000,1,11.924,2.447,4.872905598692276
1536014723353411584,1790938702000-632578958264631296-1536014723353411584,1790938702000,1790940037000,1,11.919,2.682,4.44407158836689
1397607641592627200,1790942495000-632578958264631296-1397607641592627200,1790942495000,1790944510000,1,11.918,5.053,2.3585988521670296
1064550465066237952,1790898807000-632578958264631296-1064550465066237952,1790898807000,1790900541000,1,11.912,3.107,3.8339233987769554
1120316585941139456,1790899491000-632578958264631296-1120316585941139456,1790899491000,1790900930000,1,11.844,5.059,2.3411741450879617
940981890892955648,1790911088000-632578958264631296-940981890892955648,1790911088000,1790913070000,1,11.843,5.837,2.0289532293986636
876044057397166080,1790902187000-632578958264631296-876044057397166080,1790902187000,1790903657000,1,11.823,2.452,4.821778140293638
1478819140813717504,1790947747000-632578958264631296-1478819140813717504,1790947747000,1790948967000,1,11.794,2.208,5.341485507246377
934473019407990784,1790945432000-632578958264631296-934473019407990784,1790945432000,1790946983000,1,11.787,4.962,2.3754534461910524
1073994678560358400,1790903853000-632578958264631296-1073994678560358400,1790903853000,1790905420000,1,11.781,7.199,1.6364772885122936
961238953837461504,1790949026000-632578958264631296-961238953837461504,1790949026000,1790950389000,1,11.78,8.343,1.4119621239362339
939547417898909696,1790919299000-632578958264631296-939547417898909696,1790919299000,1790920937000,1,11.757,10.497,1.1200342955130036
1362128357327634432,1790925587000-632578958264631296-1362128357327634432,1790925587000,1790927750000,1,11.733,5.264,2.2289133738601823
1209168031477923840,1790941413000-632578958264631296-1209168031477923840,1790941413000,1790942531000,1,11.703,3.142,3.7246976448122213
1071858322266652672,1790919726000-632578958264631296-1071858322266652672,1790919726000,1790922370000,1,11.643,5.684,2.048381421534131
951561875261227008,1790959872000-632578958264631296-951561875261227008,1790959872000,1790961128000,1,11.639,6.54,1.7796636085626911
1500136074981146624,1790903050000-632578958264631296-1500136074981146624,1790903050000,1790904968000,1,11.629,7.011,1.658679218371131
1067765446171688960,1790913671000-632578958264631296-1067765446171688960,1790913671000,1790914951000,1,11.627,3.883,2.9943342776203967
1500484476822618112,1790901126000-632578958264631296-1500484476822618112,1790901126000,1790902608000,1,11.618,3.264,3.559436274509804
1428031634325635072,1790984185000-632578958264631296-1428031634325635072,1790984185000,1790985752000,1,11.577,4.652,2.4886070507308684
784445514740400128,1790930602000-632578958264631296-784445514740400128,1790930602000,1790931579000,1,11.572,3.43,3.373760932944606
862677666426257408,1790956623000-632578958264631296-862677666426257408,1790956623000,1790958330000,1,11.565,4.981,2.3218229271230677
1136716787434389504,1790899426000-632578958264631296-1136716787434389504,1790899426000,1790900811000,1,11.557,3.46,3.3401734104046246
1071019405950844928,1790935182000-632578958264631296-1071019405950844928,1790935182000,1790937682000,1,11.536,6.699,1.722048066875653
1268615019327651840,1790952916000-632578958264631296-1268615019327651840,1790952916000,1790954278000,1,11.536,4.496,2.565836298932384
1148896718033518592,1790924109000-632578958264631296-1148896718033518592,1790924109000,1790925636000,1,11.531,2.544,4.532625786163522
870575606247456768,1790911822000-632578958264631296-870575606247456768,1790911822000,1790913269000,1,11.531,2.632,4.381079027355623
818154714091749376,1790950301000-632578958264631296-818154714091749376,1790950301000,1790951841000,1,11.474,2.859,4.0132913606156
933392054296248320,1790947538000-632578958264631296-933392054296248320,1790947538000,1790949381000,1,11.464,5.093,2.2509326526605147
848986467664396288,1790914171000-632578958264631296-848986467664396288,1790914171000,1790915267000,1,11.463,2.733,4.194291986827661
1504876024033181696,1790946649000-632578958264631296-1504876024033181696,1790946649000,1790948584000,1,11.46,2.94,3.89795918367347
1138783468012961792,1790904570000-632578958264631296-1138783468012961792,1790904570000,1790905785000,1,11.406,4.088,2.790117416829746
1593331058084937728,1790898752000-632578958264631296-1593331058084937728,1790898752000,1790900767000,1,11.393,6.041,1.8859460354245985
926578486859005952,1790909480000-632578958264631296-926578486859005952,1790909480000,1790910932000,1,11.389,2.518,4.523034154090548
1088511709141794816,1790952670000-632578958264631296-1088511709141794816,1790952670000,1790953955000,1,11.383,2.85,3.994035087719298
1593331058084937728,1790973910000-632578958264631296-1593331058084937728,1790973910000,1790975726000,1,11.375,3.374,3.371369294605809
1083039951072788480,1790941067000-632578958264631296-1083039951072788480,1790941067000,1790942733000,1,11.369,5.158,2.2041488949205115
1385305434218299392,1790926676000-632578958264631296-1385305434218299392,1790926676000,1790928347000,1,11.357,2.418,4.696856906534325
1153273376152748032,1790950025000-632578958264631296-1153273376152748032,1790950025000,1790951461000,1,11.349,2.465,4.6040567951318465
1488156479612518400,1790941073000-632578958264631296-1488156479612518400,1790941073000,1790942487000,1,11.339,4.835,2.345191313340228
879404563604439040,1790909487000-632578958264631296-879404563604439040,1790909487000,1790910827000,1,11.333,2.544,4.454795597484277
1141991039255445504,1790922644000-632578958264631296-1141991039255445504,1790922644000,1790923669000,1,11.331,3.97,2.8541561712846346
1083727289243402240,1790936927000-632578958264631296-1083727289243402240,1790936927000,1790937902000,1,11.321,3.261,3.471634467954615
1428366867084345344,1790926411000-632578958264631296-1428366867084345344,1790926411000,1790928216000,1,11.297,10.758,1.0501022494887526
947452563299500032,1790904120000-632578958264631296-947452563299500032,1790904120000,1790905713000,1,11.286,5.511,2.0479041916167664
901057526324264960,1790962098000-632578958264631296-901057526324264960,1790962098000,1790963981000,1,11.277,6.852,1.6457968476357265
1428033112889098240,1790955310000-632578958264631296-1428033112889098240,1790955310000,1790957212000,1,11.226,4.281,2.622284512964261
1079095785133441024,1790952105000-632578958264631296-1079095785133441024,1790952105000,1790953560000,1,11.21,5.442,2.059904446894524
1141991039255445504,1790919849000-632578958264631296-1141991039255445504,1790919849000,1790920727000,1,11.194,3.457,3.2380676887474693
1385305434218299392,1790917141000-632578958264631296-1385305434218299392,1790917141000,1790918354000,1,11.189,2.702,4.1410066617320505
1083726476706054144,1790955892000-632578958264631296-1083726476706054144,1790955892000,1790957349000,1,11.187,4.642,2.4099526066350707
1050036721544069120,1790924642000-632578958264631296-1050036721544069120,1790924642000,1790925940000,1,11.186,5.286,2.116155883465759
1079787761596104704,1790927369000-632578958264631296-1079787761596104704,1790927369000,1790928620000,1,11.185,2.693,4.153360564426291
1600617075997409280,1790947755000-632578958264631296-1600617075997409280,1790947755000,1790949041000,1,11.18,5.254,2.1279025504377618
931856805720489984,1790947729000-632578958264631296-931856805720489984,1790947729000,1790949485000,1,11.136,5.608,1.985734664764622
1428367002015105024,1790901172000-632578958264631296-1428367002015105024,1790901172000,1790902946000,1,11.135,6.277,1.7739365939142901
1385305554984894464,1790925019000-632578958264631296-1385305554984894464,1790925019000,1790926442000,1,11.118,2.465,4.5103448275862075
951561875261227008,1790984011000-632578958264631296-951561875261227008,1790984011000,1790985947000,1,11.103,4.366,2.5430600091617044
1094588896550846464,1790956804000-632578958264631296-1094588896550846464,1790956804000,1790958736000,1,11.1,4.177,2.6574096241321525
1071019405950844928,1790925037000-632578958264631296-1071019405950844928,1790925037000,1790927026000,1,11.081,7.018,1.578939868908521
800361869549240320,1790901856000-632578958264631296-800361869549240320,1790901856000,1790902921000,1,11.062,2.243,4.9317877842175655
1001786725204230144,1790951747000-632578958264631296-1001786725204230144,1790951747000,1790953423000,1,11.054,2.678,4.127707244212099
1389243774684626944,1790984472000-632578958264631296-1389243774684626944,1790984472000,1790986957000,1,11.045,4.945,2.2335692618806875
1083726789898928128,1790923030000-632578958264631296-1083726789898928128,1790923030000,1790925154000,1,11.036,5.137,2.148335604438388
929711155667009536,1790907997000-632578958264631296-929711155667009536,1790907997000,1790909202000,1,11.017,5.227,2.1077099674765636
931892603408875520,1790930523000-632578958264631296-931892603408875520,1790930523000,1790931622000,1,10.991,5.299,2.0741649367805244
1050441880044568576,1790903868000-632578958264631296-1050441880044568576,1790903868000,1790904977000,1,10.987,4.068,2.7008357915437564
1471148657502846976,1790914464000-632578958264631296-1471148657502846976,1790914464000,1790916268000,1,10.981,5.159,2.1285132777670093
796706773456125952,1790948268000-632578958264631296-796706773456125952,1790948268000,1790949380000,1,10.965,5.972,1.8360683188211653
1152270574152581120,1790920346000-632578958264631296-1152270574152581120,1790920346000,1790922277000,1,10.96,5.03,2.1789264413518885
951558904641224704,1790934692000-632578958264631296-951558904641224704,1790934692000,1790935933000,1,10.92,4.864,2.245065789473684
943858330336493568,1790925976000-632578958264631296-943858330336493568,1790925976000,1790927676000,1,10.909,7.19,1.5172461752433937
964171206683000832,1790923994000-632578958264631296-964171206683000832,1790923994000,1790925247000,1,10.909,3.652,2.987130339539978
1371466234314358784,1790905399000-632578958264631296-1371466234314358784,1790905399000,1790907183000,1,10.871,3.078,3.53183885640026
1536014751404916736,1790936652000-632578958264631296-1536014751404916736,1790936652000,1790939734000,1,10.86,6.364,1.7064739157762412
1396881232180019200,1790951713000-632578958264631296-1396881232180019200,1790951713000,1790954271000,1,10.859,5.355,2.0278244631185807
1049976772092755968,1790943750000-632578958264631296-1049976772092755968,1790943750000,1790944522000,1,10.805,4.02,2.687810945273632
947583451614150656,1790938487000-632578958264631296-947583451614150656,1790938487000,1790940244000,1,10.743,11.272,0.953069552874379
1046752835124854784,1790948094000-632578958264631296-1046752835124854784,1790948094000,1790949105000,1,10.692,3.499,3.0557302086310374
1277220593376165888,1790922784000-632578958264631296-1277220593376165888,1790922784000,1790924640000,1,10.686,4.68,2.2833333333333337
946030376206204928,1790932283000-632578958264631296-946030376206204928,1790932283000,1790933555000,1,10.663,5.451,1.9561548339754176
1545824186436419584,1790955074000-632578958264631296-1545824186436419584,1790955074000,1790956754000,1,10.642,2.722,3.9096252755326963
1065321017443876864,1790910743000-632578958264631296-1065321017443876864,1790910743000,1790912393000,1,10.625,2.124,5.002354048964218
951563481520275456,1790911304000-632578958264631296-951563481520275456,1790911304000,1790912384000,1,10.623,3.126,3.3982725527831095
1428064485414797312,1790919030000-632578958264631296-1428064485414797312,1790919030000,1790920478000,1,10.611,5.252,2.0203731911652705
943858330336493568,1790912308000-632578958264631296-943858330336493568,1790912308000,1790913551000,1,10.578,5.669,1.8659375551243607
794219272623620096,1790983887000-632578958264631296-794219272623620096,1790983887000,1790985613000,1,10.574,3.222,3.281812538795779
796706773456125952,1790953207000-632578958264631296-796706773456125952,1790953207000,1790955273000,1,10.468,8.01,1.3068664169787765
1082360641819246592,1790907438000-632578958264631296-1082360641819246592,1790907438000,1790908992000,1,10.451,3.465,3.0161616161616163
946030376206204928,1790899415000-632578958264631296-946030376206204928,1790899415000,1790902132000,1,10.428,4.572,2.2808398950131235
1080910261382021120,1790907439000-632578958264631296-1080910261382021120,1790907439000,1790908853000,1,10.395,2.201,4.722853248523398
1067776159577538560,1790933086000-632578958264631296-1067776159577538560,1790933086000,1790934906000,1,10.381,3.194,3.250156543519098
977133830013976576,1790933601000-632578958264631296-977133830013976576,1790933601000,1790935564000,1,10.358,3.816,2.714360587002097
973914141028777984,1790933152000-632578958264631296-973914141028777984,1790933152000,1790934160000,1,10.357,3.062,3.382429784454605
932335222958063616,1790897758000-632578958264631296-932335222958063616,1790897758000,1790899317000,1,10.261,4.129,2.4851053523855655
873897783357079552,1790933506000-632578958264631296-873897783357079552,1790933506000,1790934564000,1,10.243,2.608,3.9275306748466257
1076924285072703488,1790951671000-632578958264631296-1076924285072703488,1790951671000,1790953394000,1,10.219,4.465,2.288689809630459
1073663431535493120,1790922799000-632578958264631296-1073663431535493120,1790922799000,1790924002000,1,10.2,5.43,1.878453038674033
1540361603277389824,1790919146000-632578958264631296-1540361603277389824,1790919146000,1790920394000,1,10.195,6.599,1.544931050159115
1464283595349688320,1790927688000-632578958264631296-1464283595349688320,1790927688000,1790929459000,1,10.193,4.691,2.1728842464293328
931938734016823296,1790945390000-632578958264631296-931938734016823296,1790945390000,1790947537000,1,10.183,6.695,1.5209858103061986
1536014563953082368,1790924281000-632578958264631296-1536014563953082368,1790924281000,1790926766000,1,10.178,4.622,2.202077022933795
1065321017443876864,1790909410000-632578958264631296-1065321017443876864,1790909410000,1790910738000,1,10.137,4.327,2.342731684770049
1079095062366781440,1790937336000-632578958264631296-1079095062366781440,1790937336000,1790938372000,1,10.135,3.282,3.08805606337599
1083727986517082112,1790951805000-632578958264631296-1083727986517082112,1790951805000,1790952864000,1,10.118,4.125,2.452848484848485
1050037424450699264,1790944053000-632578958264631296-1050037424450699264,1790944053000,1790945569000,1,10.011,2.552,3.9228056426332283
792451146961649664,1790922035000-632578958264631296-792451146961649664,1790922035000,1790923267000,1,10.007,4.135,2.4200725513905685
866686265431425024,1790903360000-632578958264631296-866686265431425024,1790903360000,1790904751000,1,9.959,3.353,2.970175961825231
1067775256489361408,1790943789000-632578958264631296-1067775256489361408,1790943789000,1790944937000,1,9.936,2.105,4.720190023752969
938817698895233024,1790917933000-632578958264631296-938817698895233024,1790917933000,1790918905000,1,9.933,2.037,4.876288659793815
1183367596062277632,1790953245000-632578958264631296-1183367596062277632,1790953245000,1790954989000,1,9.912,9.82,1.009368635437882
780116044227280896,1790921861000-632578958264631296-780116044227280896,1790921861000,1790923057000,1,9.899,3.925,2.5220382165605093
1501933614227521536,1790911699000-632578958264631296-1501933614227521536,1790911699000,1790912631000,1,9.898,2.129,4.649131047440113
947093723013971968,1790953275000-632578958264631296-947093723013971968,1790953275000,1790955226000,1,9.884,10.079,0.9806528425439032
1049976772092755968,1790953183000-632578958264631296-1049976772092755968,1790953183000,1790955432000,1,9.882,10.579,0.9341147556479817
794950170587430912,1790917892000-632578958264631296-794950170587430912,1790917892000,1790918999000,1,9.88,3.633,2.719515551885494
1428366867084345344,1790910458000-632578958264631296-1428366867084345344,1790910458000,1790912582000,1,9.86,4.845,2.0350877192982457
1501933614227521536,1790914205000-632578958264631296-1501933614227521536,1790914205000,1790915288000,1,9.848,1.808,5.446902654867257
1050441880044568576,1790920473000-632578958264631296-1050441880044568576,1790920473000,1790921316000,1,9.791,2.722,3.5969875091844234
1073966174624022528,1790918408000-632578958264631296-1073966174624022528,1790918408000,1790919109000,1,9.79,1.798,5.444938820912124
1362128357327634432,1790937374000-632578958264631296-1362128357327634432,1790937374000,1790938535000,1,9.745,2.515,3.8747514910536776
1471144582421938176,1790951707000-632578958264631296-1471144582421938176,1790951707000,1790952864000,1,9.739,3.604,2.702275249722531
1050037649940676608,1790974521000-632578958264631296-1050037649940676608,1790974521000,1790976465000,1,9.704,2.994,3.241148964595858
947581828959567872,1790980502000-632578958264631296-947581828959567872,1790980502000,1790982165000,1,9.693,3.457,2.803876193231125
1462138214197231616,1790954137000-632578958264631296-1462138214197231616,1790954137000,1790955439000,1,9.679,4.291,2.2556513633185737
1063501597117513728,1790982803000-632578958264631296-1063501597117513728,1790982803000,1790983915000,1,9.642,4.68,2.0602564102564105
1049976772092755968,1790916460000-632578958264631296-1049976772092755968,1790916460000,1790918150000,1,9.639,4.849,1.987832542792328
1500491887742550016,1790920476000-632578958264631296-1500491887742550016,1790920476000,1790922248000,1,9.625,7.849,1.2262708625302585
1061979678694178816,1790905615000-632578958264631296-1061979678694178816,1790905615000,1790906833000,1,9.622,2.464,3.9050324675324677
866686329780436992,1790907202000-632578958264631296-866686329780436992,1790907202000,1790908361000,1,9.561,3.704,2.5812634989200864
944591832124227584,1790912434000-632578958264631296-944591832124227584,1790912434000,1790913967000,1,9.497,3.456,2.747974537037037
1083726988146900992,1790956376000-632578958264631296-1083726988146900992,1790956376000,1790957562000,1,9.49,3.275,2.8977099236641224
1083726517403385856,1790942434000-632578958264631296-1083726517403385856,1790942434000,1790943897000,1,9.41,2.59,3.6332046332046333
1081223436249858048,1790953481000-632578958264631296-1081223436249858048,1790953481000,1790954768000,1,9.365,3.105,3.0161030595813205
932612842287267840,1790924008000-632578958264631296-932612842287267840,1790924008000,1790924905000,1,9.344,2.573,3.6315584920326467
947105297703370752,1790913168000-632578958264631296-947105297703370752,1790913168000,1790914148000,1,9.327,3.067,3.041082491033583
1428031634325635072,1790912791000-632578958264631296-1428031634325635072,1790912791000,1790914740000,1,9.324,4.46,2.0905829596412557
1593330894762934272,1790927048000-632578958264631296-1593330894762934272,1790927048000,1790927957000,1,9.314,3.339,2.7894579215333932
1484590862305329152,1790914563000-632578958264631296-1484590862305329152,1790914563000,1790915537000,1,9.295,2.736,3.3972953216374266
1471144582421938176,1790918960000-632578958264631296-1471144582421938176,1790918960000,1790920441000,1,9.274,4.726,1.9623360135421073
847126508215468032,1790916143000-632578958264631296-847126508215468032,1790916143000,1790917349000,1,9.268,5.458,1.6980578966654454
966356141711818752,1790897714000-632578958264631296-966356141711818752,1790897714000,1790899344000,1,9.264,5.681,1.6306988206301707
1488160320575766528,1790905882000-632578958264631296-1488160320575766528,1790905882000,1790907105000,1,9.25,4.412,2.096554850407978
940246123384143872,1790932911000-632578958264631296-940246123384143872,1790932911000,1790934064000,1,9.237,5.821,1.5868407490121974
1540361603277389824,1790917883000-632578958264631296-1540361603277389824,1790917883000,1790918789000,1,9.22,2.737,3.3686518085495067
939547417898909696,1790904124000-632578958264631296-939547417898909696,1790904124000,1790906039000,1,9.2,6.864,1.3403263403263403
1389243594644127744,1790908469000-632578958264631296-1389243594644127744,1790908469000,1790909561000,1,9.193,1.666,5.518007202881153
1475452919183572992,1790923231000-632578958264631296-1475452919183572992,1790923231000,1790925021000,1,9.183,2.01,4.568656716417911
1132636252537880576,1790906504000-632578958264631296-1132636252537880576,1790906504000,1790907216000,1,9.141,1.699,5.3802236609770455
1126869078934290432,1790899276000-632578958264631296-1126869078934290432,1790899276000,1790900716000,1,9.108,2.942,3.0958531611148876
939548220361539584,1790904241000-632578958264631296-939548220361539584,1790904241000,1790905323000,1,9.104,2.816,3.2329545454545454
642055098863718400,1790949646000-632578958264631296-642055098863718400,1790949646000,1790951009000,1,9.099,3.482,2.6131533601378516
1286311379313098752,1790899279000-632578958264631296-1286311379313098752,1790899279000,1790900697000,1,9.076,2.665,3.40562851782364
1138782810882965504,1790949679000-632578958264631296-1138782810882965504,1790949679000,1790951007000,1,9.072,4.953,1.8316172016959416
951558904641224704,1790932071000-632578958264631296-951558904641224704,1790932071000,1790934281000,1,9.048,3.426,2.6409807355516635
1068875501654769664,1790899767000-632578958264631296-1068875501654769664,1790899767000,1790900779000,1,9.045,1.804,5.013858093126386
1604183215143124992,1790918018000-632578958264631296-1604183215143124992,1790918018000,1790919115000,1,9.045,4.058,2.228930507639231
966356141711818752,1790904376000-632578958264631296-966356141711818752,1790904376000,1790905359000,1,9.03,2.969,3.041428090266083
1070370579279773696,1790922705000-632578958264631296-1070370579279773696,1790922705000,1790924048000,1,9.029,4.919,1.83553567798333
1397607641592627200,1790940370000-632578958264631296-1397607641592627200,1790940370000,1790941527000,1,9.027,4.222,2.13808621506395
1422205425331208192,1790934233000-632578958264631296-1422205425331208192,1790934233000,1790935410000,1,9.0,4.719,1.9071837253655435
1277220593376165888,1790917500000-632578958264631296-1277220593376165888,1790917500000,1790918774000,1,8.989,3.737,2.4054054054054057
946034616492359680,1790922002000-632578958264631296-946034616492359680,1790922002000,1790923234000,1,8.976,1.858,4.831001076426265
1428367002015105024,1790951282000-632578958264631296-1428367002015105024,1790951282000,1790952246000,1,8.963,3.961,2.262812421105781
965194336809517056,1790907627000-632578958264631296-965194336809517056,1790907627000,1790908430000,1,8.953,3.025,2.9596694214876034
1073983957575401472,1790963637000-632578958264631296-1073983957575401472,1790963637000,1790966930000,1,8.952,3.925,2.2807643312101913
1094226815196594176,1790918165000-632578958264631296-1094226815196594176,1790918165000,1790919872000,1,8.933,2.981,2.9966454209996645
1141991039255445504,1790918256000-632578958264631296-1141991039255445504,1790918256000,1790919005000,1,8.932,2.26,3.9522123893805317
1535704124731949056,1790900701000-632578958264631296-1535704124731949056,1790900701000,1790901684000,1,8.924,2.64,3.38030303030303
1063501597117513728,1790928103000-632578958264631296-1063501597117513728,1790928103000,1790929184000,1,8.912,3.665,2.4316507503410643
1536014716214706176,1790928802000-632578958264631296-1536014716214706176,1790928802000,1790929747000,1,8.911,2.005,4.444389027431422
1067765061260410880,1790927006000-632578958264631296-1067765061260410880,1790927006000,1790928255000,1,8.892,3.032,2.9327176781002637
780122893064339456,1790933327000-632578958264631296-780122893064339456,1790933327000,1790934054000,1,8.881,1.376,6.45421511627907
929731076446748672,1790931862000-632578958264631296-929731076446748672,1790931862000,1790933552000,1,8.862,1.935,4.57984496124031
1067767656859303936,1790942831000-632578958264631296-1067767656859303936,1790942831000,1790943613000,1,8.855,3.025,2.9272727272727277
1505916014645215232,1790950673000-632578958264631296-1505916014645215232,1790950673000,1790951760000,1,8.821,1.875,4.704533333333333
939138676678459392,1790953307000-632578958264631296-939138676678459392,1790953307000,1790954040000,1,8.818,3.264,2.701593137254902
869954569466019840,1790966601000-632578958264631296-869954569466019840,1790966601000,1790967615000,1,8.817,2.199,4.0095497953615284
901057526324264960,1790983585000-632578958264631296-901057526324264960,1790983585000,1790984686000,1,8.799,5.59,1.5740608228980322
798991075485155328,1790945956000-632578958264631296-798991075485155328,1790945956000,1790947878000,1,8.785,3.279,2.679170478804514
1079095062366781440,1790929926000-632578958264631296-1079095062366781440,1790929926000,1790930971000,1,8.753,2.715,3.2239410681399634
786545248472924160,1790947929000-632578958264631296-786545248472924160,1790947929000,1790949330000,1,8.735,3.78,2.310846560846561
780452749606125568,1790901870000-632578958264631296-780452749606125568,1790901870000,1790904090000,1,8.704,5.186,1.6783648283841113
1131571393566081024,1790942316000-632578958264631296-1131571393566081024,1790942316000,1790943717000,1,8.688,1.833,4.739770867430442
797458881650360320,1790942394000-632578958264631296-797458881650360320,1790942394000,1790944286000,1,8.678,2.728,3.18108504398827
1141991039255445504,1790930114000-632578958264631296-1141991039255445504,1790930114000,1790931246000,1,8.643,3.384,2.5540780141843973
1209168031477923840,1790929868000-632578958264631296-1209168031477923840,1790929868000,1790930653000,1,8.632,2.08,4.1499999999999995
1079444806125486080,1790921165000-632578958264631296-1079444806125486080,1790921165000,1790922976000,1,8.625,4.258,2.0255988727101926
1061350711461150720,1790899516000-632578958264631296-1061350711461150720,1790899516000,1790901385000,1,8.6,4.996,1.7213771016813448
944571594812948480,1790925753000-632578958264631296-944571594812948480,1790925753000,1790927407000,1,8.597,3.176,2.7068639798488663
1268615019327651840,1790949523000-632578958264631296-1268615019327651840,1790949523000,1790950404000,1,8.581,2.298,3.7341166231505656
1067764685513687040,1790910609000-632578958264631296-1067764685513687040,1790910609000,1790911684000,1,8.578,5.081,1.6882503444203893
1486716779844599808,1790934075000-632578958264631296-1486716779844599808,1790934075000,1790935125000,1,8.57,4.999,1.714342868573715
862287863801184256,1790951769000-632578958264631296-862287863801184256,1790951769000,1790952445000,1,8.541,2.06,4.146116504854369
1101157025884143616,1790926376000-632578958264631296-1101157025884143616,1790926376000,1790927350000,1,8.52,3.598,2.367982212340189
1181865772805259264,1790900736000-632578958264631296-1181865772805259264,1790900736000,1790902743000,1,8.515,5.273,1.6148302673999624
848986467664396288,1790913285000-632578958264631296-848986467664396288,1790913285000,1790914166000,1,8.498,3.431,2.4768289128533953
927179928254808064,1790924972000-632578958264631296-927179928254808064,1790924972000,1790926378000,1,8.47,2.154,3.9322191272052
1083039951072788480,1790952403000-632578958264631296-1083039951072788480,1790952403000,1790954610000,1,8.452,3.902,2.1660686827268067
1536014609964597248,1790928520000-632578958264631296-1536014609964597248,1790928520000,1790931319000,1,8.428,2.494,3.3793103448275863
1061980520671346688,1790915524000-632578958264631296-1061980520671346688,1790915524000,1790916355000,1,8.425,1.787,4.714605484051484
947581828959567872,1790926873000-632578958264631296-947581828959567872,1790926873000,1790927553000,1,8.425,3.295,2.5569044006069808
1537822792169291776,1790923022000-632578958264631296-1537822792169291776,1790923022000,1790925474000,1,8.424,3.528,2.387755102040816
1083729038846984192,1790941942000-632578958264631296-1083729038846984192,1790941942000,1790943203000,1,8.422,2.366,3.5595942519019443
932334220825591808,1790915432000-632578958264631296-932334220825591808,1790915432000,1790916695000,1,8.359,2.237,3.736700938757264
1073966174624022528,1790930200000-632578958264631296-1073966174624022528,1790930200000,1790931343000,1,8.29,1.576,5.260152284263959
1093087738300727296,1790935228000-632578958264631296-1093087738300727296,1790935228000,1790936313000,1,8.268,3.821,2.1638314577335778
873101078441230336,1790918188000-632578958264631296-873101078441230336,1790918188000,1790919046000,1,8.219,2.84,2.894014084507042
929721011920699392,1790919447000-632578958264631296-929721011920699392,1790919447000,1790920281000,1,8.197,1.744,4.700114678899082
929711155667009536,1790946553000-632578958264631296-929711155667009536,1790946553000,1790947668000,1,8.178,3.564,2.294612794612795
931892603408875520,1790939956000-632578958264631296-931892603408875520,1790939956000,1790942004000,1,8.174,11.604,0.7044122716304723
1050766698002513920,1790949775000-632578958264631296-1050766698002513920,1790949775000,1790951364000,1,8.158,3.506,2.3268682258984597
1491416395517263872,1790926838000-632578958264631296-1491416395517263872,1790926838000,1790927822000,1,8.152,3.131,2.6036410092622164
873109579045535744,1790899522000-632578958264631296-873109579045535744,1790899522000,1790900364000,1,8.134,3.283,2.4776119402985075
939545725614686208,1790915496000-632578958264631296-939545725614686208,1790915496000,1790916817000,1,8.134,3.439,2.365222448386159
1428367002015105024,1790905265000-632578958264631296-1428367002015105024,1790905265000,1790906304000,1,8.133,3.809,2.1352060908374897
1148896718033518592,1790920462000-632578958264631296-1148896718033518592,1790920462000,1790921499000,1,8.109,1.792,4.525111607142857
1136716787434389504,1790925515000-632578958264631296-1136716787434389504,1790925515000,1790926250000,1,8.105,2.219,3.6525461919783693
1049976772092755968,1790939740000-632578958264631296-1049976772092755968,1790939740000,1790940375000,1,8.093,3.003,2.6949716949716946
1079795397515280384,1790936622000-632578958264631296-1079795397515280384,1790936622000,1790937606000,1,8.085,1.696,4.767099056603774
1073663431535493120,1790921711000-632578958264631296-1073663431535493120,1790921711000,1790922700000,1,8.061,2.933,2.748380497783839
928334310946111488,1790941138000-632578958264631296-928334310946111488,1790941138000,1790943656000,1,8.051,4.614,1.744906805374946
939138676678459392,1790941421000-632578958264631296-939138676678459392,1790941421000,1790942158000,1,8.046,4.45,1.8080898876404492
1071858322266652672,1790942292000-632578958264631296-1071858322266652672,1790942292000,1790943118000,1,8.037,1.55,5.185161290322581
1536014589357981696,1790957429000-632578958264631296-1536014589357981696,1790957429000,1790958450000,1,7.994,2.348,3.4045996592844974
970288452387995648,1790937147000-632578958264631296-970288452387995648,1790937147000,1790938197000,1,7.978,3.494,2.283342873497424
947583451614150656,1790940349000-632578958264631296-947583451614150656,1790940349000,1790942420000,1,7.973,11.795,0.6759643916913947
901057526324264960,1790984789000-632578958264631296-901057526324264960,1790984789000,1790985711000,1,7.921,3.468,2.284025374855825
1050036904705130496,1790931455000-632578958264631296-1050036904705130496,1790931455000,1790933820000,1,7.899,3.252,2.428966789667897
1045646209449984000,1790930722000-632578958264631296-1045646209449984000,1790930722000,1790932758000,1,7.891,4.094,1.9274548119198827
1089902742123577344,1790947759000-632578958264631296-1089902742123577344,1790947759000,1790949570000,1,7.877,7.459,1.0560396836037003
1536014681523617792,1790926492000-632578958264631296-1536014681523617792,1790926492000,1790927496000,1,7.846,3.364,2.3323424494649228
877447351826907136,1790931683000-632578958264631296-877447351826907136,1790931683000,1790934005000,1,7.816,3.803,2.055219563502498
1141991039255445504,1790917629000-632578958264631296-1141991039255445504,1790917629000,1790918242000,1,7.8,2.456,3.175895765472313
784445514740400128,1790952101000-632578958264631296-784445514740400128,1790952101000,1790953065000,1,7.762,2.526,3.072842438638163
943857890790211584,1790902682000-632578958264631296-943857890790211584,1790902682000,1790904114000,1,7.757,3.849,2.0153286567939723
862677666426257408,1790958436000-632578958264631296-862677666426257408,1790958436000,1790959445000,1,7.716,3.148,2.4510800508259214
1501933902321680384,1790921786000-632578958264631296-1501933902321680384,1790921786000,1790922639000,1,7.712,1.451,5.314955203308063
800026217909583872,1790923584000-632578958264631296-800026217909583872,1790923584000,1790924765000,1,7.694,1.594,4.826850690087829
1083726740557135872,1790921831000-632578958264631296-1083726740557135872,1790921831000,1790922685000,1,7.669,1.536,4.992838541666666
1536014744312348672,1790948543000-632578958264631296-1536014744312348672,1790948543000,1790949813000,1,7.663,1.652,4.63861985472155
1389243594644127744,1790931964000-632578958264631296-1389243594644127744,1790931964000,1790933780000,1,7.66,2.5,3.064
1536014744312348672,1790903486000-632578958264631296-1536014744312348672,1790903486000,1790904734000,1,7.66,3.827,2.0015678076822576
1131240144423092224,1790940610000-632578958264631296-1131240144423092224,1790940610000,1790941623000,1,7.554,3.735,2.0224899598393575
873109579045535744,1790921845000-632578958264631296-873109579045535744,1790921845000,1790922692000,1,7.55,2.132,3.541275797373358
1536014660929585152,1790983227000-632578958264631296-1536014660929585152,1790983227000,1790986537000,1,7.549,6.366,1.1858309770656614
947581828959567872,1790938997000-632578958264631296-947581828959567872,1790938997000,1790939874000,1,7.52,5.664,1.3276836158192091
1464628801508999168,1790906788000-632578958264631296-1464628801508999168,1790906788000,1790907786000,1,7.483,3.406,2.197005284791544
1073994678560358400,1790985454000-632578958264631296-1073994678560358400,1790985454000,1790986289000,1,7.445,4.382,1.6989958922866273
874363612666265600,1790910181000-632578958264631296-874363612666265600,1790910181000,1790910857000,1,7.445,1.858,4.006996770721206
1093087738300727296,1790939259000-632578958264631296-1093087738300727296,1790939259000,1790940183000,1,7.442,4.233,1.758091188282542
1064550465066237952,1790907363000-632578958264631296-1064550465066237952,1790907363000,1790908571000,1,7.429,2.824,2.6306657223796037
1454186236603269120,1790930941000-632578958264631296-1454186236603269120,1790930941000,1790932092000,1,7.425,4.007,1.8530072373346644
1141991039255445504,1790919010000-632578958264631296-1141991039255445504,1790919010000,1790919699000,1,7.419,2.2,3.3722727272727266
1071858322266652672,1790941457000-632578958264631296-1071858322266652672,1790941457000,1790942287000,1,7.394,1.414,5.22913719943423
873897783357079552,1790937238000-632578958264631296-873897783357079552,1790937238000,1790938085000,1,7.384,2.474,2.98464025869038
1477629515881512960,1790927887000-632578958264631296-1477629515881512960,1790927887000,1790929688000,1,7.38,6.352,1.1618387909319898
1067765446171688960,1790899481000-632578958264631296-1067765446171688960,1790899481000,1790900654000,1,7.379,2.012,3.6674950298210733
1141991039255445504,1790920739000-632578958264631296-1141991039255445504,1790920739000,1790921306000,1,7.337,2.353,3.1181470463238417
1046837731746906112,1790958389000-632578958264631296-1046837731746906112,1790958389000,1790959154000,1,7.327,2.829,2.589961117002474
1540361293100220416,1790926636000-632578958264631296-1540361293100220416,1790926636000,1790927482000,1,7.296,2.464,2.961038961038961
1504876024033181696,1790909371000-632578958264631296-1504876024033181696,1790909371000,1790910408000,1,7.288,2.183,3.33852496564361
1464286677953413120,1790947951000-632578958264631296-1464286677953413120,1790947951000,1790948993000,1,7.254,1.843,3.935973955507325
1536014654021566464,1790910435000-632578958264631296-1536014654021566464,1790910435000,1790911375000,1,7.248,1.774,4.085682074408117
1101157025884143616,1790930634000-632578958264631296-1101157025884143616,1790930634000,1790932210000,1,7.241,2.757,2.626405513239028
1135631306680434688,1790985157000-632578958264631296-1135631306680434688,1790985157000,1790987066000,1,7.204,3.205,2.2477379095163803
866686329780436992,1790954494000-632578958264631296-866686329780436992,1790954494000,1790955658000,1,7.177,3.141,2.2849411015600127
1428064485414797312,1790931502000-632578958264631296-1428064485414797312,1790931502000,1790932293000,1,7.108,3.311,2.1467834491090305
786545248472924160,1790951924000-632578958264631296-786545248472924160,1790951924000,1790952910000,1,7.03,5.465,1.2863677950594694
1536014744312348672,1790944362000-632578958264631296-1536014744312348672,1790944362000,1790946038000,1,6.995,2.111,3.313595452392231
1593693995681185792,1790908342000-632578958264631296-1593693995681185792,1790908342000,1790910906000,1,6.992,4.932,1.4176804541768044
1536014716214706176,1790948490000-632578958264631296-1536014716214706176,1790948490000,1790949432000,1,6.963,3.248,2.14378078817734
794226357327364096,1790926411000-632578958264631296-794226357327364096,1790926411000,1790927233000,1,6.924,1.989,3.4811463046757165
1406586435233906688,1790918966000-632578958264631296-1406586435233906688,1790918966000,1790919950000,1,6.906,4.706,1.46748831279218
876044057397166080,1790952146000-632578958264631296-876044057397166080,1790952146000,1790953401000,1,6.88,1.445,4.7612456747404845
951882940915122176,1790928953000-632578958264631296-951882940915122176,1790928953000,1790929542000,1,6.818,1.54,4.427272727272727
1176134230934028288,1790957350000-632578958264631296-1176134230934028288,1790957350000,1790958859000,1,6.765,4.588,1.4744986922406276
1126869078934290432,1790903147000-632578958264631296-1126869078934290432,1790903147000,1790904167000,1,6.747,3.16,2.135126582278481
946027748999036928,1790944683000-632578958264631296-946027748999036928,1790944683000,1790945829000,1,6.722,2.654,2.532780708364733
939547417898909696,1790906989000-632578958264631296-939547417898909696,1790906989000,1790908116000,1,6.698,2.4,2.7908333333333335
1073201833905750016,1790952029000-632578958264631296-1073201833905750016,1790952029000,1790952991000,1,6.664,2.246,2.9670525378450576
1083727333329731584,1790938422000-632578958264631296-1083727333329731584,1790938422000,1790942881000,1,6.629,8.69,0.76283084004603
1061350711461150720,1790920713000-632578958264631296-1061350711461150720,1790920713000,1790922137000,1,6.605,3.797,1.7395312088490915
1083729038846984192,1790914482000-632578958264631296-1083729038846984192,1790914482000,1790915356000,1,6.595,1.955,3.3734015345268538
947583099720433664,1790904778000-632578958264631296-947583099720433664,1790904778000,1790905927000,1,6.583,1.686,3.904507710557533
1082007973238145024,1790953640000-632578958264631296-1082007973238145024,1790953640000,1790954623000,1,6.581,3.047,2.1598293403347557
1385588909638942720,1790924078000-632578958264631296-1385588909638942720,1790924078000,1790925038000,1,6.561,2.413,2.7190219643597184
951557843473924096,1790898003000-632578958264631296-951557843473924096,1790898003000,1790899976000,1,6.506,1.879,3.462480042575838
939138676678459392,1790905322000-632578958264631296-939138676678459392,1790905322000,1790906158000,1,6.503,4.381,1.4843643003880391
932302785804763136,1790960260000-632578958264631296-932302785804763136,1790960260000,1790960997000,1,6.48,1.816,3.5682819383259914
1083729116835872768,1790982389000-632578958264631296-1083729116835872768,1790982389000,1790984227000,1,6.467,3.682,1.756382400869093
946025328671719424,1790961102000-632578958264631296-946025328671719424,1790961102000,1790962163000,1,6.462,4.447,1.453114459185968
951882940915122176,1790925344000-632578958264631296-951882940915122176,1790925344000,1790925818000,1,6.443,1.378,4.6756168359941945
1131571393566081024,1790930216000-632578958264631296-1131571393566081024,1790930216000,1790931214000,1,6.439,1.406,4.579658605974395
1046752835124854784,1790904019000-632578958264631296-1046752835124854784,1790904019000,1790904680000,1,6.434,2.037,3.158566519391262
1083726561296777216,1790982537000-632578958264631296-1083726561296777216,1790982537000,1790984200000,1,6.419,3.522,1.8225440090857468
1094588896550846464,1790925787000-632578958264631296-1094588896550846464,1790925787000,1790927764000,1,6.416,3.354,1.9129397734048896
818154714091749376,1790909520000-632578958264631296-818154714091749376,1790909520000,1790910067000,1,6.408,1.877,3.4139584443260524
797458881650360320,1790930202000-632578958264631296-797458881650360320,1790930202000,1790931445000,1,6.401,1.747,3.663995420721236
1079795397515280384,1790937994000-632578958264631296-1079795397515280384,1790937994000,1790938626000,1,6.377,1.247,5.113873295910184
1500136074981146624,1790982553000-632578958264631296-1500136074981146624,1790982553000,1790984281000,1,6.369,3.898,1.6339148281169829
784445514740400128,1790912227000-632578958264631296-784445514740400128,1790912227000,1790912808000,1,6.367,1.912,3.330020920502092
1138167953473142784,1790982466000-632578958264631296-1138167953473142784,1790982466000,1790984409000,1,6.356,4.318,1.4719777674849468
1268615019327651840,1790943672000-632578958264631296-1268615019327651840,1790943672000,1790944818000,1,6.341,3.129,2.026526046660275
947582270531698688,1790903442000-632578958264631296-947582270531698688,1790903442000,1790904407000,1,6.322,1.514,4.175693527080581
1067765189559975936,1790939225000-632578958264631296-1067765189559975936,1790939225000,1790940078000,1,6.301,1.632,3.8609068627450984
931856805720489984,1790942719000-632578958264631296-931856805720489984,1790942719000,1790944008000,1,6.299,3.877,1.6247098271859688
1067764585097854976,1790935169000-632578958264631296-1067764585097854976,1790935169000,1790936160000,1,6.273,2.852,2.199509116409537
873900831743672320,1790952853000-632578958264631296-873900831743672320,1790952853000,1790954112000,1,6.249,2.431,2.5705470999588647
1067767710965825536,1790912539000-632578958264631296-1067767710965825536,1790912539000,1790913387000,1,6.247,1.837,3.4006532389765924
1087441747748847616,1790913254000-632578958264631296-1087441747748847616,1790913254000,1790913896000,1,6.242,2.611,2.3906549214860204
1536022277991170048,1790937688000-632578958264631296-1536022277991170048,1790937688000,1790938372000,1,6.203,1.412,4.393059490084986
1079095062366781440,1790936424000-632578958264631296-1079095062366781440,1790936424000,1790937272000,1,6.192,2.969,2.085550690468171
787687496786903040,1790938385000-632578958264631296-787687496786903040,1790938385000,1790939965000,1,6.149,1.529,4.0215827338129495
873916972050415616,1790926709000-632578958264631296-873916972050415616,1790926709000,1790928642000,1,6.144,3.145,1.953577106518283
876422423786815488,1790913018000-632578958264631296-876422423786815488,1790913018000,1790914507000,1,6.14,2.517,2.4394119984108067
1046443765134262272,1790982828000-632578958264631296-1046443765134262272,1790982828000,1790983787000,1,6.132,1.513,4.052875082617317
784445389880164352,1790905956000-632578958264631296-784445389880164352,1790905956000,1790906841000,1,6.121,2.896,2.1136049723756907
1600617075997409280,1790942688000-632578958264631296-1600617075997409280,1790942688000,1790943987000,1,6.099,3.539,1.7233681831025713
1536014744312348672,1790911915000-632578958264631296-1536014744312348672,1790911915000,1790912949000,1,6.073,2.712,2.239306784660767
970288452387995648,1790948920000-632578958264631296-970288452387995648,1790948920000,1790949996000,1,6.073,3.665,1.6570259208731242
901057526324264960,1790946947000-632578958264631296-901057526324264960,1790946947000,1790947639000,1,6.07,2.961,2.0499831138129014
1141991039255445504,1790923948000-632578958264631296-1141991039255445504,1790923948000,1790924638000,1,6.049,2.406,2.5141313383208646
1536014556927623168,1790935468000-632578958264631296-1536014556927623168,1790935468000,1790939034000,1,6.039,2.98,2.026510067114094
1088492376734826496,1790947363000-632578958264631296-1088492376734826496,1790947363000,1790947922000,1,6.028,1.434,4.203626220362622
1090633180173565952,1790952223000-632578958264631296-1090633180173565952,1790952223000,1790953590000,1,6.027,2.774,2.17267483777938
1536014744312348672,1790946575000-632578958264631296-1536014744312348672,1790946575000,1790948177000,1,6.016,1.752,3.4337899543378994
1073983957575401472,1790919028000-632578958264631296-1073983957575401472,1790919028000,1790919900000,1,6.007,1.454,4.131361760660248
1355523374926790656,1790921842000-632578958264631296-1355523374926790656,1790921842000,1790923089000,1,5.986,1.3,4.604615384615384
947581828959567872,1790918534000-632578958264631296-947581828959567872,1790918534000,1790919113000,1,5.985,2.331,2.5675675675675675
1464283595349688320,1790953546000-632578958264631296-1464283595349688320,1790953546000,1790954041000,1,5.979,2.675,2.235140186915888
1177288436235632640,1790919217000-632578958264631296-1177288436235632640,1790919217000,1790920014000,1,5.965,1.935,3.082687338501292
973914141028777984,1790900150000-632578958264631296-973914141028777984,1790900150000,1790901772000,1,5.96,1.714,3.477246207701284
800026217909583872,1790913251000-632578958264631296-800026217909583872,1790913251000,1790914455000,1,5.95,1.725,3.4492753623188404
1067775916656033792,1790932403000-632578958264631296-1067775916656033792,1790932403000,1790933332000,1,5.914,2.109,2.804172593646278
1141991039255445504,1790934032000-632578958264631296-1141991039255445504,1790934032000,1790935001000,1,5.914,4.514,1.310146211785556
870309644059279360,1790916649000-632578958264631296-870309644059279360,1790916649000,1790918616000,1,5.903,2.776,2.1264409221902016
1081614639520808960,1790978854000-632578958264631296-1081614639520808960,1790978854000,1790979846000,1,5.865,1.586,3.697982345523329
1526262198169501696,1790952965000-632578958264631296-1526262198169501696,1790952965000,1790953911000,1,5.858,1.304,4.492331288343558
1406228892573761536,1790982493000-632578958264631296-1406228892573761536,1790982493000,1790983868000,1,5.849,3.403,1.7187775492212753
947583451614150656,1790936958000-632578958264631296-947583451614150656,1790936958000,1790937680000,1,5.816,3.316,1.7539203860072377
1067765133431799808,1790904704000-632578958264631296-1067765133431799808,1790904704000,1790905361000,1,5.778,3.128,1.8471867007672633
1062738572429230080,1790940494000-632578958264631296-1062738572429230080,1790940494000,1790941226000,1,5.768,1.861,3.0994089199355184
951882940915122176,1790900647000-632578958264631296-951882940915122176,1790900647000,1790901214000,1,5.721,2.777,2.0601368383147283
800026217909583872,1790925192000-632578958264631296-800026217909583872,1790925192000,1790925981000,1,5.719,1.149,4.977371627502176
966356141711818752,1790955585000-632578958264631296-966356141711818752,1790955585000,1790957775000,1,5.717,3.883,1.4723152201905743
939548220361539584,1790955697000-632578958264631296-939548220361539584,1790955697000,1790957874000,1,5.678,3.915,1.4503192848020434
901057526324264960,1790930624000-632578958264631296-901057526324264960,1790930624000,1790931893000,1,5.673,2.643,2.1464245175936436
1046443765134262272,1790951455000-632578958264631296-1046443765134262272,1790951455000,1790952668000,1,5.658,1.445,3.9155709342560554
1049976772092755968,1790919512000-632578958264631296-1049976772092755968,1790919512000,1790919976000,1,5.646,1.858,3.0387513455328308
1071858322266652672,1790904974000-632578958264631296-1071858322266652672,1790904974000,1790905811000,1,5.642,2.271,2.4843681197710263
1540361293100220416,1790913249000-632578958264631296-1540361293100220416,1790913249000,1790913908000,1,5.631,2.165,2.600923787528868
1073983957575401472,1790950358000-632578958264631296-1073983957575401472,1790950358000,1790951956000,1,5.626,2.151,2.6155276615527665
1067775201233600512,1790927571000-632578958264631296-1067775201233600512,1790927571000,1790928642000,1,5.606,1.587,3.532451165721487
1488160320575766528,1790941698000-632578958264631296-1488160320575766528,1790941698000,1790945789000,1,5.589,8.109,0.6892341842397337
1131239137144209408,1790948346000-632578958264631296-1131239137144209408,1790948346000,1790949248000,1,5.559,1.465,3.7945392491467578
1536014667858575360,1790928294000-632578958264631296-1536014667858575360,1790928294000,1790930853000,1,5.535,2.069,2.6752054132431127
1526262198169501696,1790951705000-632578958264631296-1526262198169501696,1790951705000,1790952425000,1,5.487,1.268,4.327287066246057
862287863801184256,1790950961000-632578958264631296-862287863801184256,1790950961000,1790951607000,1,5.481,1.452,3.774793388429752
929721011920699392,1790948518000-632578958264631296-929721011920699392,1790948518000,1790950276000,1,5.441,1.122,4.849376114081996
1138167953473142784,1790906831000-632578958264631296-1138167953473142784,1790906831000,1790908650000,1,5.43,3.142,1.7281985996180775
946033927888306176,1790953514000-632578958264631296-946033927888306176,1790953514000,1790954483000,1,5.427,4.084,1.3288442703232126
1067765133431799808,1790916289000-632578958264631296-1067765133431799808,1790916289000,1790918035000,1,5.419,3.182,1.703016970458831
946036270407090176,1790916331000-632578958264631296-946036270407090176,1790916331000,1790917994000,1,5.389,2.433,2.214960953555282
973914141028777984,1790941807000-632578958264631296-973914141028777984,1790941807000,1790942450000,1,5.387,1.581,3.407337128399747
1173302979768352768,1790900074000-632578958264631296-1173302979768352768,1790900074000,1790900665000,1,5.37,2.314,2.320656871218669
1362128357327634432,1790927752000-632578958264631296-1362128357327634432,1790927752000,1790928422000,1,5.368,2.186,2.4556267154620315
946033927888306176,1790980754000-632578958264631296-946033927888306176,1790980754000,1790982534000,1,5.34,2.946,1.8126272912423624
1063488404655702016,1790941805000-632578958264631296-1063488404655702016,1790941805000,1790942543000,1,5.337,2.798,1.907433881343817
1268615019327651840,1790941929000-632578958264631296-1268615019327651840,1790941929000,1790942452000,1,5.335,1.862,2.8651987110633725
1176184196838719488,1790911953000-632578958264631296-1176184196838719488,1790911953000,1790912643000,1,5.325,1.52,3.5032894736842106
879404563604439040,1790924325000-632578958264631296-879404563604439040,1790924325000,1790925628000,1,5.319,1.174,4.530664395229983
951882940915122176,1790927360000-632578958264631296-951882940915122176,1790927360000,1790927873000,1,5.316,1.108,4.79783393501805
926578486859005952,1790924358000-632578958264631296-926578486859005952,1790924358000,1790925997000,1,5.312,1.6,3.32
1046442858321543168,1790925175000-632578958264631296-1046442858321543168,1790925175000,1790926337000,1,5.308,1.107,4.79494128274616
1536014640524296192,1790954490000-632578958264631296-1536014640524296192,1790954490000,1790955723000,1,5.296,1.554,3.407979407979408
943856131652976640,1790923967000-632578958264631296-943856131652976640,1790923967000,1790925148000,1,5.28,1.537,3.4352635003253096
780122893064339456,1790932933000-632578958264631296-780122893064339456,1790932933000,1790933299000,1,5.253,0.845,6.216568047337279
796706773456125952,1790928528000-632578958264631296-796706773456125952,1790928528000,1790930241000,1,5.242,3.622,1.447266703478741
1061350711461150720,1790918898000-632578958264631296-1061350711461150720,1790918898000,1790920634000,1,5.239,3.25,1.6119999999999999
915980150607183872,1790955200000-632578958264631296-915980150607183872,1790955200000,1790956157000,1,5.231,1.636,3.197432762836186
1073966174624022528,1790934156000-632578958264631296-1073966174624022528,1790934156000,1790934905000,1,5.221,1.068,4.888576779026217
1049976772092755968,1790918908000-632578958264631296-1049976772092755968,1790918908000,1790919502000,1,5.212,3.449,1.511162655842273
1385588909638942720,1790920657000-632578958264631296-1385588909638942720,1790920657000,1790923691000,1,5.21,5.812,0.8964211975223675
1050037424450699264,1790945729000-632578958264631296-1050037424450699264,1790945729000,1790946971000,1,5.204,1.593,3.266792215944758
947581828959567872,1790927557000-632578958264631296-947581828959567872,1790927557000,1790928184000,1,5.182,2.257,2.295968099246788
942426738309201920,1790984924000-632578958264631296-942426738309201920,1790984924000,1790985924000,1,5.179,3.476,1.4899309551208286
1067765247101632512,1790984990000-632578958264631296-1067765247101632512,1790984990000,1790985980000,1,5.164,3.792,1.3618143459915613
951882940915122176,1790918535000-632578958264631296-951882940915122176,1790918535000,1790918974000,1,5.148,2.508,2.052631578947368
1080910261382021120,1790922832000-632578958264631296-1080910261382021120,1790922832000,1790923496000,1,5.136,1.144,4.48951048951049
942426738309201920,1790936525000-632578958264631296-942426738309201920,1790936525000,1790937219000,1,5.136,2.514,2.0429594272076375
951558904641224704,1790926049000-632578958264631296-951558904641224704,1790926049000,1790928008000,1,5.131,4.123,1.2444821731748728
947104127047958528,1790903048000-632578958264631296-947104127047958528,1790903048000,1790904132000,1,5.105,1.514,3.371862615587847
1079796452147855360,1790944057000-632578958264631296-1079796452147855360,1790944057000,1790944752000,1,5.094,2.528,2.0150316455696204
929721011920699392,1790950877000-632578958264631296-929721011920699392,1790950877000,1790952750000,1,5.089,1.047,4.860553963705827
1362128357327634432,1790930300000-632578958264631296-1362128357327634432,1790930300000,1790931282000,1,5.078,3.655,1.3893296853625172
1141991039255445504,1790943177000-632578958264631296-1141991039255445504,1790943177000,1790944407000,1,5.052,4.872,1.0369458128078817
796706773456125952,1790934820000-632578958264631296-796706773456125952,1790934820000,1790935312000,1,5.05,1.45,3.4827586206896552
997896292355014656,1790927401000-632578958264631296-997896292355014656,1790927401000,1790928628000,1,5.048,2.581,1.9558310732274313
1067764779667423232,1790925652000-632578958264631296-1067764779667423232,1790925652000,1790926459000,1,5.027,2.631,1.9106803496769291
1081533146517733376,1790959440000-632578958264631296-1081533146517733376,1790959440000,1790960354000,1,5.02,1.744,2.8784403669724767
789513633972355072,1790960481000-632578958264631296-789513633972355072,1790960481000,1790962237000,1,5.008,3.168,1.5808080808080807
1536014744312348672,1790941820000-632578958264631296-1536014744312348672,1790941820000,1790943811000,1,5.002,1.612,3.1029776674937963
1428366867084345344,1790935046000-632578958264631296-1428366867084345344,1790935046000,1790936391000,1,5.0,7.309,0.6840881105486386
780122893064339456,1790932295000-632578958264631296-780122893064339456,1790932295000,1790932743000,1,5.0,19.349,0.25841128740503383
1046442858321543168,1790974055000-632578958264631296-1046442858321543168,1790974055000,1790975794000,1,4.975,1.893,2.62810353935552
1405177997576634368,1790983123000-632578958264631296-1405177997576634368,1790983123000,1790986365000,1,4.97,7.424,0.6694504310344827
871401551996911616,1790908964000-632578958264631296-871401551996911616,1790908964000,1790909887000,1,4.95,2.527,1.9588444796201028
866648789010612224,1790938886000-632578958264631296-866648789010612224,1790938886000,1790940397000,1,4.916,3.435,1.4311499272197963
1093087738300727296,1790930746000-632578958264631296-1093087738300727296,1790930746000,1790931723000,1,4.893,2.641,1.8527073078379401
848986467664396288,1790916999000-632578958264631296-848986467664396288,1790916999000,1790917610000,1,4.868,2.862,1.7009084556254368
1138783468012961792,1790941713000-632578958264631296-1138783468012961792,1790941713000,1790943209000,1,4.841,3.303,1.4656372994247655
1079774152119812096,1790903335000-632578958264631296-1079774152119812096,1790903335000,1790904169000,1,4.811,1.493,3.222371064969859
940246634145513472,1790912468000-632578958264631296-940246634145513472,1790912468000,1790913213000,1,4.805,2.979,1.6129573682443772
1073201833905750016,1790961371000-632578958264631296-1073201833905750016,1790961371000,1790962217000,1,4.795,1.748,2.7431350114416477
1073994678560358400,1790934991000-632578958264631296-1073994678560358400,1790934991000,1790935912000,1,4.794,2.225,2.1546067415730334
1428033112889098240,1790932268000-632578958264631296-1428033112889098240,1790932268000,1790938078000,1,4.78,9.308,0.513536742587022
1355523374926790656,1790938449000-632578958264631296-1355523374926790656,1790938449000,1790940805000,1,4.779,2.017,2.369360436291522
926578486859005952,1790911475000-632578958264631296-926578486859005952,1790911475000,1790912462000,1,4.769,1.314,3.6293759512937593
879404563604439040,1790911418000-632578958264631296-879404563604439040,1790911418000,1790912485000,1,4.764,1.039,4.585178055822907
996808469547843584,1790951151000-632578958264631296-996808469547843584,1790951151000,1790951684000,1,4.764,1.809,2.6334991708126037
1083726740557135872,1790982251000-632578958264631296-1083726740557135872,1790982251000,1790982780000,1,4.761,0.893,5.331466965285554
1083727289243402240,1790916068000-632578958264631296-1083727289243402240,1790916068000,1790917244000,1,4.738,2.288,2.0708041958041963
1536014618822967296,1790926674000-632578958264631296-1536014618822967296,1790926674000,1790928323000,1,4.723,1.321,3.575321725965178
931856805720489984,1790934971000-632578958264631296-931856805720489984,1790934971000,1790936849000,1,4.71,4.779,0.9855618330194601
966356141711818752,1790953165000-632578958264631296-966356141711818752,1790953165000,1790954190000,1,4.687,2.186,2.144098810612992
1120316481867874304,1790954648000-632578958264631296-1120316481867874304,1790954648000,1790955905000,1,4.684,1.585,2.955205047318612
939548220361539584,1790953174000-632578958264631296-939548220361539584,1790953174000,1790954281000,1,4.669,2.361,1.9775518847945783
870286624469024768,1790913261000-632578958264631296-870286624469024768,1790913261000,1790913804000,1,4.663,0.968,4.8171487603305785
1268615019327651840,1790950917000-632578958264631296-1268615019327651840,1790950917000,1790951537000,1,4.65,2.108,2.2058823529411766
1536014660929585152,1790907638000-632578958264631296-1536014660929585152,1790907638000,1790909206000,1,4.639,2.232,2.078405017921147
873821465244336128,1790913291000-632578958264631296-873821465244336128,1790913291000,1790913714000,1,4.623,0.818,5.651589242053791
796706773456125952,1790937437000-632578958264631296-796706773456125952,1790937437000,1790937994000,1,4.614,1.163,3.9673258813413583
862287863801184256,1790954873000-632578958264631296-862287863801184256,1790954873000,1790955261000,1,4.611,1.893,2.4358161648177497
935951856658546688,1790913421000-632578958264631296-935951856658546688,1790913421000,1790915107000,1,4.591,4.505,1.0190899001109879
1600617075997409280,1790927246000-632578958264631296-1600617075997409280,1790927246000,1790928928000,1,4.583,4.264,1.074812382739212
1083726789898928128,1790966260000-632578958264631296-1083726789898928128,1790966260000,1790966906000,1,4.576,1.807,2.5323741007194243
951561875261227008,1790920677000-632578958264631296-951561875261227008,1790920677000,1790921350000,1,4.569,3.008,1.5189494680851063
1536014695108968448,1790937335000-632578958264631296-1536014695108968448,1790937335000,1790937831000,1,4.558,2.137,2.1328965839962564
1277220593376165888,1790927551000-632578958264631296-1277220593376165888,1790927551000,1790928553000,1,4.549,2.296,1.9812717770034847
1138167953473142784,1790917233000-632578958264631296-1138167953473142784,1790917233000,1790917949000,1,4.544,2.456,1.8501628664495113
1141991039255445504,1790936761000-632578958264631296-1141991039255445504,1790936761000,1790937882000,1,4.535,2.816,1.610440340909091
784445514740400128,1790918310000-632578958264631296-784445514740400128,1790918310000,1790918804000,1,4.531,1.001,4.526473526473526
943858330336493568,1790909761000-632578958264631296-943858330336493568,1790909761000,1790910367000,1,4.519,1.577,2.8655675332910593
1068875501654769664,1790901304000-632578958264631296-1068875501654769664,1790901304000,1790901892000,1,4.512,0.887,5.086809470124013
1071018553202704384,1790942646000-632578958264631296-1071018553202704384,1790942646000,1790943742000,1,4.465,5.598,0.7976062879599857
1361380561528029184,1790944412000-632578958264631296-1361380561528029184,1790944412000,1790945365000,1,4.457,1.188,3.7516835016835017
1464283595349688320,1790952548000-632578958264631296-1464283595349688320,1790952548000,1790953095000,1,4.443,2.427,1.8306551297898639
946036270407090176,1790911923000-632578958264631296-946036270407090176,1790911923000,1790912897000,1,4.425,2.615,1.6921606118546844
1136692610564358144,1790944216000-632578958264631296-1136692610564358144,1790944216000,1790945435000,1,4.413,1.732,2.5479214780600463
947107003673608192,1790916967000-632578958264631296-947107003673608192,1790916967000,1790917300000,1,4.412,1.909,2.3111576741749604
1536014751404916736,1790939972000-632578958264631296-1536014751404916736,1790939972000,1790940838000,1,4.411,2.852,1.5466339410939691
1063488404655702016,1790919006000-632578958264631296-1063488404655702016,1790919006000,1790919653000,1,4.402,2.666,1.6511627906976745
1083726789898928128,1790957635000-632578958264631296-1083726789898928128,1790957635000,1790958171000,1,4.399,1.393,3.157932519741565
1428033112889098240,1790938080000-632578958264631296-1428033112889098240,1790938080000,1790942963000,1,4.395,7.537,0.5831232585909513
784445514740400128,1790907510000-632578958264631296-784445514740400128,1790907510000,1790908416000,1,4.33,2.412,1.7951907131011609
973914141028777984,1790947647000-632578958264631296-973914141028777984,1790947647000,1790948193000,1,4.323,1.319,3.277482941622442
1050766698002513920,1790930871000-632578958264631296-1050766698002513920,1790930871000,1790931885000,1,4.318,1.041,4.147934678194044
973914141028777984,1790923936000-632578958264631296-973914141028777984,1790923936000,1790924784000,1,4.285,1.309,3.2734912146676853
1079095785133441024,1790934080000-632578958264631296-1079095785133441024,1790934080000,1790934594000,1,4.27,1.716,2.488344988344988
1113484110199783424,1790909593000-632578958264631296-1113484110199783424,1790909593000,1790910800000,1,4.269,2.845,1.5005272407732864
1067771070980816896,1790983982000-632578958264631296-1067771070980816896,1790983982000,1790985244000,1,4.263,1.919,2.22146951537259
780067386190462976,1790951178000-632578958264631296-780067386190462976,1790951178000,1790952164000,1,4.259,1.102,3.864791288566243
1477629723302428672,1790934166000-632578958264631296-1477629723302428672,1790934166000,1790934671000,1,4.25,2.647,1.605591235360786
1500484476822618112,1790924770000-632578958264631296-1500484476822618112,1790924770000,1790925254000,1,4.247,1.368,3.10453216374269
1073966174624022528,1790927105000-632578958264631296-1073966174624022528,1790927105000,1790927450000,1,4.242,0.803,5.282689912826899
1181865650805538816,1790924145000-632578958264631296-1181865650805538816,1790924145000,1790925161000,1,4.21,2.204,1.91016333938294
946025328671719424,1790957003000-632578958264631296-946025328671719424,1790957003000,1790957649000,1,4.187,3.56,1.176123595505618
943858330336493568,1790954273000-632578958264631296-943858330336493568,1790954273000,1790956501000,1,4.185,7.693,0.5440010399064084
946025328671719424,1790902413000-632578958264631296-946025328671719424,1790902413000,1790906183000,1,4.185,3.175,1.3181102362204724
1471144582421938176,1790921245000-632578958264631296-1471144582421938176,1790921245000,1790921848000,1,4.184,1.977,2.116337885685382
1177288436235632640,1790918322000-632578958264631296-1177288436235632640,1790918322000,1790919098000,1,4.18,1.628,2.5675675675675675
1593406240992526336,1790937869000-632578958264631296-1593406240992526336,1790937869000,1790941097000,1,4.168,7.185,0.580097425191371
1469693281720860672,1790925118000-632578958264631296-1469693281720860672,1790925118000,1790925631000,1,4.144,0.891,4.650953984287318
1067765133431799808,1790911939000-632578958264631296-1067765133431799808,1790911939000,1790912780000,1,4.126,2.33,1.770815450643777
1268615019327651840,1790951687000-632578958264631296-1268615019327651840,1790951687000,1790952200000,1,4.111,1.526,2.6939711664482306
1504876024033181696,1790914678000-632578958264631296-1504876024033181696,1790914678000,1790915180000,1,4.107,1.175,3.4953191489361704
951882940915122176,1790942722000-632578958264631296-951882940915122176,1790942722000,1790943754000,1,4.097,5.047,0.8117693679413515
951563481520275456,1790918747000-632578958264631296-951563481520275456,1790918747000,1790919125000,1,4.082,1.257,3.247414478918059
1464253789857906688,1790950966000-632578958264631296-1464253789857906688,1790950966000,1790952772000,1,4.077,1.3,3.136153846153846
1135541524696662016,1790955635000-632578958264631296-1135541524696662016,1790955635000,1790956950000,1,4.069,1.813,2.2443463872035303
1536014618822967296,1790928624000-632578958264631296-1536014618822967296,1790928624000,1790930153000,1,4.051,1.397,2.899785254115963
1298646515224412160,1790945188000-632578958264631296-1298646515224412160,1790945188000,1790945678000,1,4.021,1.005,4.000995024875622
1182027923075366912,1790985583000-632578958264631296-1182027923075366912,1790985583000,1790986328000,1,4.02,1.767,2.2750424448217315
1464253789857906688,1790949616000-632578958264631296-1464253789857906688,1790949616000,1790950600000,1,4.018,0.902,4.454545454545454
1083726476706054144,1790938555000-632578958264631296-1083726476706054144,1790938555000,1790943009000,1,4.009,9.056,0.442689929328622
877447351826907136,1790929575000-632578958264631296-877447351826907136,1790929575000,1790930728000,1,4.008,2.184,1.835164835164835
780444155561115648,1790940148000-632578958264631296-780444155561115648,1790940148000,1790941161000,1,3.993,1.538,2.596228868660598
932335222958063616,1790909590000-632578958264631296-932335222958063616,1790909590000,1790910055000,1,3.991,1.623,2.459026494146642
1593693995681185792,1790928842000-632578958264631296-1593693995681185792,1790928842000,1790930092000,1,3.959,1.723,2.297736506094022
947094374120947712,1790922298000-632578958264631296-947094374120947712,1790922298000,1790923530000,1,3.951,2.49,1.586746987951807
1504892206538817536,1790936218000-632578958264631296-1504892206538817536,1790936218000,1790937472000,1,3.931,1.565,2.511821086261981
964172050669240320,1790913851000-632578958264631296-964172050669240320,1790913851000,1790914201000,1,3.919,1.075,3.645581395348837
1083728245179809792,1790944384000-632578958264631296-1083728245179809792,1790944384000,1790945161000,1,3.912,2.099,1.863744640304907
929711155667009536,1790898792000-632578958264631296-929711155667009536,1790898792000,1790899653000,1,3.893,2.385,1.6322851153039832
1294723291725955072,1790921611000-632578958264631296-1294723291725955072,1790921611000,1790922129000,1,3.874,0.853,4.541617819460727
947093103351693312,1790930109000-632578958264631296-947093103351693312,1790930109000,1790932008000,1,3.864,6.302,0.6131386861313869
1120316585941139456,1790923756000-632578958264631296-1120316585941139456,1790923756000,1790924062000,1,3.859,1.231,3.13484971567831
1294704486559776768,1790903265000-632578958264631296-1294704486559776768,1790903265000,1790904094000,1,3.827,1.084,3.530442804428044
1079026604165824512,1790927841000-632578958264631296-1079026604165824512,1790927841000,1790928447000,1,3.815,1.958,1.9484167517875384
848986467664396288,1790939349000-632578958264631296-848986467664396288,1790939349000,1790940700000,1,3.8,2.563,1.4826375341396798
1045646397224779776,1790939345000-632578958264631296-1045646397224779776,1790939345000,1790940576000,1,3.787,1.552,2.440077319587629
1125482414773108736,1790943273000-632578958264631296-1125482414773108736,1790943273000,1790943847000,1,3.77,2.308,1.6334488734835357
939547417898909696,1790918838000-632578958264631296-939547417898909696,1790918838000,1790919294000,1,3.768,1.979,1.9039919151086406
861290333428776960,1790955616000-632578958264631296-861290333428776960,1790955616000,1790956513000,1,3.764,1.366,2.755490483162518
1396881508228136960,1790947628000-632578958264631296-1396881508228136960,1790947628000,1790948213000,1,3.761,0.928,4.052801724137931
947093103351693312,1790914904000-632578958264631296-947093103351693312,1790914904000,1790915969000,1,3.75,4.988,0.751804330392943
944571594812948480,1790905100000-632578958264631296-944571594812948480,1790905100000,1790905972000,1,3.731,1.168,3.1943493150684934
1545767666730401792,1790921053000-632578958264631296-1545767666730401792,1790921053000,1790921551000,1,3.715,1.013,3.667324777887463
874363612666265600,1790914225000-632578958264631296-874363612666265600,1790914225000,1790915050000,1,3.711,2.529,1.4673784104389087
1604183215143124992,1790916843000-632578958264631296-1604183215143124992,1790916843000,1790917392000,1,3.664,2.243,1.6335265269728045
931938734016823296,1790932821000-632578958264631296-931938734016823296,1790932821000,1790934009000,1,3.649,2.141,1.7043437645959831
939547417898909696,1790952631000-632578958264631296-939547417898909696,1790952631000,1790953431000,1,3.635,2.173,1.6728025770823745
1079774152119812096,1790955559000-632578958264631296-1079774152119812096,1790955559000,1790956612000,1,3.612,1.38,2.6173913043478265
1082330521322651648,1790928768000-632578958264631296-1082330521322651648,1790928768000,1790929718000,1,3.557,1.369,2.5982468955441926
929721011920699392,1790915858000-632578958264631296-929721011920699392,1790915858000,1790916523000,1,3.552,0.826,4.300242130750606
944591832124227584,1790905328000-632578958264631296-944591832124227584,1790905328000,1790906163000,1,3.551,3.095,1.1473344103392569
1073966174624022528,1790933487000-632578958264631296-1073966174624022528,1790933487000,1790933831000,1,3.549,0.694,5.1138328530259365
1079795397515280384,1790942622000-632578958264631296-1079795397515280384,1790942622000,1790943646000,1,3.549,1.162,3.0542168674698797
1063501597117513728,1790929192000-632578958264631296-1063501597117513728,1790929192000,1790930057000,1,3.541,1.589,2.2284455632473255
1600618257994219520,1790916235000-632578958264631296-1600618257994219520,1790916235000,1790917131000,1,3.537,1.628,2.1726044226044228
1125482414773108736,1790914387000-632578958264631296-1125482414773108736,1790914387000,1790914659000,1,3.526,0.993,3.550855991943605
792451319469178880,1790902664000-632578958264631296-792451319469178880,1790902664000,1790903805000,1,3.514,2.266,1.5507502206531332
1083726655622479872,1790954361000-632578958264631296-1083726655622479872,1790954361000,1790955901000,1,3.501,2.56,1.3675781249999999
1268614873160351744,1790906064000-632578958264631296-1268614873160351744,1790906064000,1790906938000,1,3.497,1.444,2.4217451523545708
1134877765846171648,1790936661000-632578958264631296-1134877765846171648,1790936661000,1790938323000,1,3.474,2.094,1.6590257879656163
789852612550721536,1790958518000-632578958264631296-789852612550721536,1790958518000,1790959396000,1,3.469,1.622,2.138717632552404
1500484476822618112,1790903011000-632578958264631296-1500484476822618112,1790903011000,1790906003000,1,3.463,2.952,1.1731029810298104
1593693995681185792,1790927666000-632578958264631296-1593693995681185792,1790927666000,1790928702000,1,3.447,1.189,2.8990748528174937
1357047782162038784,1790953509000-632578958264631296-1357047782162038784,1790953509000,1790953939000,1,3.443,0.87,3.957471264367816
1083726476706054144,1790933765000-632578958264631296-1083726476706054144,1790933765000,1790937280000,1,3.427,4.722,0.7257518000847099
1120316481867874304,1790911569000-632578958264631296-1120316481867874304,1790911569000,1790912833000,1,3.42,1.937,1.7656169334021683
1141991039255445504,1790940492000-632578958264631296-1141991039255445504,1790940492000,1790941283000,1,3.409,2.55,1.3368627450980393
780122893064339456,1790931978000-632578958264631296-780122893064339456,1790931978000,1790932213000,1,3.385,0.587,5.7666098807495745
1046442314819436544,1790913982000-632578958264631296-1046442314819436544,1790913982000,1790914955000,1,3.375,4.556,0.7407813871817384
1001786725204230144,1790927083000-632578958264631296-1001786725204230144,1790927083000,1790928378000,1,3.374,1.543,2.1866493843162673
1132636252537880576,1790907218000-632578958264631296-1132636252537880576,1790907218000,1790907572000,1,3.344,0.67,4.991044776119402
1464260641047969792,1790914674000-632578958264631296-1464260641047969792,1790914674000,1790915112000,1,3.323,1.767,1.8805885681946803
1464260641047969792,1790951431000-632578958264631296-1464260641047969792,1790951431000,1790952714000,1,3.313,2.047,1.6184660478749389
1136252936335130624,1790956198000-632578958264631296-1136252936335130624,1790956198000,1790956781000,1,3.303,1.429,2.3114065780265918
1536014695108968448,1790938003000-632578958264631296-1536014695108968448,1790938003000,1790939622000,1,3.295,1.019,3.2335623159960747
1103352309556969472,1790920241000-632578958264631296-1103352309556969472,1790920241000,1790921164000,1,3.289,1.48,2.2222972972972976
939546232131420160,1790926359000-632578958264631296-939546232131420160,1790926359000,1790927243000,1,3.286,1.261,2.605868358445678
1488160320575766528,1790925719000-632578958264631296-1488160320575766528,1790925719000,1790926253000,1,3.284,2.083,1.5765722515602494
1525559056574447616,1790952388000-632578958264631296-1525559056574447616,1790952388000,1790953976000,1,3.278,1.776,1.8457207207207207
939138676678459392,1790953021000-632578958264631296-939138676678459392,1790953021000,1790953291000,1,3.275,1.181,2.7730736663844198
942469459329679360,1790913275000-632578958264631296-942469459329679360,1790913275000,1790915733000,1,3.274,1.812,1.8068432671081678
944574738938724352,1790927085000-632578958264631296-944574738938724352,1790927085000,1790928676000,1,3.258,0.866,3.7621247113163974
1471148657502846976,1790911164000-632578958264631296-1471148657502846976,1790911164000,1790912421000,1,3.257,1.916,1.6998956158663885
1067771070980816896,1790899260000-632578958264631296-1067771070980816896,1790899260000,1790899638000,1,3.232,1.308,2.470948012232416
1141991039255445504,1790921703000-632578958264631296-1141991039255445504,1790921703000,1790921942000,1,3.219,0.626,5.142172523961661
1600617075997409280,1790941807000-632578958264631296-1600617075997409280,1790941807000,1790942668000,1,3.207,1.212,2.646039603960396
1071858322266652672,1790918211000-632578958264631296-1071858322266652672,1790918211000,1790919367000,1,3.179,2.002,1.587912087912088
929711155667009536,1790962992000-632578958264631296-929711155667009536,1790962992000,1790963481000,1,3.165,1.558,2.0314505776636715
951563481520275456,1790919282000-632578958264631296-951563481520275456,1790919282000,1790919602000,1,3.161,1.008,3.1359126984126986
1422205425331208192,1790933891000-632578958264631296-1422205425331208192,1790933891000,1790934229000,1,3.155,0.749,4.212283044058744
1047649870816477184,1790944072000-632578958264631296-1047649870816477184,1790944072000,1790945146000,1,3.148,0.963,3.2689511941848393
1083726476706054144,1790931582000-632578958264631296-1083726476706054144,1790931582000,1790933639000,1,3.139,6.857,0.4577803704243838
873916972050415616,1790935961000-632578958264631296-873916972050415616,1790935961000,1790937641000,1,3.138,2.032,1.544291338582677
787737136659955712,1790904936000-632578958264631296-787737136659955712,1790904936000,1790905150000,1,3.135,0.713,4.396914446002805
1471165285556813824,1790919875000-632578958264631296-1471165285556813824,1790919875000,1790921680000,1,3.125,4.238,0.7373761208117036
1141991039255445504,1790922189000-632578958264631296-1141991039255445504,1790922189000,1790922450000,1,3.119,1.091,2.8588450962419802
1428366867084345344,1790933831000-632578958264631296-1428366867084345344,1790933831000,1790935045000,1,3.095,7.07,0.4377652050919378
1089954932305428480,1790984115000-632578958264631296-1089954932305428480,1790984115000,1790985159000,1,3.093,2.038,1.5176643768400393
873104331912511488,1790925546000-632578958264631296-873104331912511488,1790925546000,1790926703000,1,3.082,1.713,1.7991827203736133
935951856658546688,1790909405000-632578958264631296-935951856658546688,1790909405000,1790910729000,1,3.08,2.401,1.2827988338192422
1067775256489361408,1790904255000-632578958264631296-1067775256489361408,1790904255000,1790905179000,1,3.077,1.138,2.7038664323374344
943858330336493568,1790948312000-632578958264631296-943858330336493568,1790948312000,1790949620000,1,3.073,5.174,0.5939311944337069
1141991039255445504,1790923680000-632578958264631296-1141991039255445504,1790923680000,1790923935000,1,3.054,1.31,2.331297709923664
933392054296248320,1790914432000-632578958264631296-933392054296248320,1790914432000,1790915385000,1,3.05,1.1,2.7727272727272725
1083727986517082112,1790978704000-632578958264631296-1083727986517082112,1790978704000,1790979315000,1,3.047,1.579,1.929702343255225
931856805720489984,1790941722000-632578958264631296-931856805720489984,1790941722000,1790942712000,1,3.047,1.397,2.1811023622047245
1050441880044568576,1790935030000-632578958264631296-1050441880044568576,1790935030000,1790936798000,1,3.041,1.791,1.6979341150195422
1061350580632420352,1790925461000-632578958264631296-1061350580632420352,1790925461000,1790929634000,1,3.038,4.521,0.6719752267197523
1141991039255445504,1790921956000-632578958264631296-1141991039255445504,1790921956000,1790922176000,1,3.038,0.805,3.7739130434782604
1050036904705130496,1790929399000-632578958264631296-1050036904705130496,1790929399000,1790931254000,1,2.985,1.832,1.6293668122270741
1073664045493518336,1790904083000-632578958264631296-1073664045493518336,1790904083000,1790904706000,1,2.981,1.442,2.0672676837725383
1464269416886697984,1790933205000-632578958264631296-1464269416886697984,1790933205000,1790934109000,1,2.98,0.8,3.7249999999999996
951882940915122176,1790921936000-632578958264631296-951882940915122176,1790921936000,1790922197000,1,2.977,1.33,2.238345864661654
1536014667858575360,1790926677000-632578958264631296-1536014667858575360,1790926677000,1790927655000,1,2.973,1.007,2.9523336643495535
860146891080335360,1790932821000-632578958264631296-860146891080335360,1790932821000,1790933303000,1,2.954,0.982,3.0081466395112018
1476549608761982976,1790934715000-632578958264631296-1476549608761982976,1790934715000,1790935050000,1,2.945,2.073,1.420646406174626
946025328671719424,1790920162000-632578958264631296-946025328671719424,1790920162000,1790920860000,1,2.932,1.641,1.7867154174283972
787737136659955712,1790909575000-632578958264631296-787737136659955712,1790909575000,1790909892000,1,2.93,1.337,2.191473448017951
1046443344412016640,1790966219000-632578958264631296-1046443344412016640,1790966219000,1790966517000,1,2.923,0.9,3.247777777777778
1070370579279773696,1790914858000-632578958264631296-1070370579279773696,1790914858000,1790915783000,1,2.919,1.453,2.0089470061940813
1067763553357791232,1790925203000-632578958264631296-1067763553357791232,1790925203000,1790925692000,1,2.915,0.836,3.486842105263158
1090633180173565952,1790923137000-632578958264631296-1090633180173565952,1790923137000,1790923770000,1,2.895,0.899,3.220244716351502
1061978679036346368,1790932817000-632578958264631296-1061978679036346368,1790932817000,1790933150000,1,2.873,0.759,3.785243741765481
1001786725204230144,1790907989000-632578958264631296-1001786725204230144,1790907989000,1790909534000,1,2.861,2.701,1.059237319511292
925753337108758528,1790983630000-632578958264631296-925753337108758528,1790983630000,1790984333000,1,2.853,1.139,2.5048287971905183
1188144161019133952,1790920958000-632578958264631296-1188144161019133952,1790920958000,1790921647000,1,2.841,0.751,3.7829560585885487
1501933614227521536,1790906027000-632578958264631296-1501933614227521536,1790906027000,1790906738000,1,2.835,0.836,3.3911483253588517
787737136659955712,1790906699000-632578958264631296-787737136659955712,1790906699000,1790906965000,1,2.834,1.306,2.1699846860643186
1294723291725955072,1790920526000-632578958264631296-1294723291725955072,1790920526000,1790921530000,1,2.829,0.974,2.904517453798768
1371466234314358784,1790917563000-632578958264631296-1371466234314358784,1790917563000,1790918250000,1,2.822,0.913,3.090909090909091
1046443344412016640,1790966601000-632578958264631296-1046443344412016640,1790966601000,1790966984000,1,2.818,0.545,5.170642201834862
1268615019327651840,1790949137000-632578958264631296-1268615019327651840,1790949137000,1790949497000,1,2.803,1.588,1.7651133501259444
1067763722711203840,1790948841000-632578958264631296-1067763722711203840,1790948841000,1790949805000,1,2.802,1.658,1.689987937273824
1422205521707925504,1790913078000-632578958264631296-1422205521707925504,1790913078000,1790913492000,1,2.8,0.919,3.046789989118607
870575606247456768,1790910939000-632578958264631296-870575606247456768,1790910939000,1790911339000,1,2.789,0.917,3.0414394765539803
780122893064339456,1790931756000-632578958264631296-780122893064339456,1790931756000,1790931951000,1,2.767,0.44,6.288636363636363
848986467664396288,1790911870000-632578958264631296-848986467664396288,1790911870000,1790912413000,1,2.766,1.305,2.1195402298850574
874363612666265600,1790912490000-632578958264631296-874363612666265600,1790912490000,1790913150000,1,2.761,1.563,1.7664747280870123
1536004619845500928,1790912775000-632578958264631296-1536004619845500928,1790912775000,1790913380000,1,2.758,0.699,3.945636623748212
877447467317067776,1790938636000-632578958264631296-877447467317067776,1790938636000,1790939380000,1,2.756,0.927,2.973031283710895
1188144161019133952,1790916019000-632578958264631296-1188144161019133952,1790916019000,1790916650000,1,2.753,0.559,4.924865831842576
1050037048276156416,1790943036000-632578958264631296-1050037048276156416,1790943036000,1790943758000,1,2.745,0.863,3.180764774044033
873104331912511488,1790923869000-632578958264631296-873104331912511488,1790923869000,1790924612000,1,2.745,1.25,2.196
1385588816730914816,1790953459000-632578958264631296-1385588816730914816,1790953459000,1790954270000,1,2.738,0.973,2.8139773895169578
933392054296248320,1790939922000-632578958264631296-933392054296248320,1790939922000,1790940571000,1,2.73,1.328,2.055722891566265
1131240847388442624,1790929372000-632578958264631296-1131240847388442624,1790929372000,1790930226000,1,2.715,1.05,2.5857142857142854
787737136659955712,1790904701000-632578958264631296-787737136659955712,1790904701000,1790904911000,1,2.681,1.073,2.4986020503261885
1268615116379652096,1790983455000-632578958264631296-1268615116379652096,1790983455000,1790985210000,1,2.666,2.614,1.019892884468248
1071019405950844928,1790952894000-632578958264631296-1071019405950844928,1790952894000,1790953742000,1,2.661,1.145,2.3240174672489085
1082330521322651648,1790905563000-632578958264631296-1082330521322651648,1790905563000,1790906571000,1,2.661,1.392,1.9116379310344829
1475452919183572992,1790922417000-632578958264631296-1475452919183572992,1790922417000,1790922855000,1,2.659,0.789,3.3700887198986056
1068875501654769664,1790902267000-632578958264631296-1068875501654769664,1790902267000,1790902811000,1,2.658,0.532,4.996240601503759
1067763722711203840,1790917750000-632578958264631296-1067763722711203840,1790917750000,1790918106000,1,2.657,0.677,3.9246676514032495
946034616492359680,1790924147000-632578958264631296-946034616492359680,1790924147000,1790925014000,1,2.641,0.626,4.218849840255591
1050036509840769024,1790926701000-632578958264631296-1050036509840769024,1790926701000,1790927666000,1,2.629,1.213,2.167353668590272
931856805720489984,1790930733000-632578958264631296-931856805720489984,1790930733000,1790931907000,1,2.628,2.301,1.1421121251629727
780085706063085568,1790941709000-632578958264631296-780085706063085568,1790941709000,1790943162000,1,2.616,1.412,1.852691218130312
970288452387995648,1790936196000-632578958264631296-970288452387995648,1790936196000,1790936889000,1,2.605,1.399,1.8620443173695496
1268615019327651840,1790952486000-632578958264631296-1268615019327651840,1790952486000,1790952798000,1,2.598,1.195,2.1740585774058574
1600617075997409280,1790922523000-632578958264631296-1600617075997409280,1790922523000,1790923414000,1,2.588,1.712,1.5116822429906542
1071120101278744576,1790970532000-632578958264631296-1071120101278744576,1790970532000,1790971350000,1,2.587,1.584,1.6332070707070707
1067771070980816896,1790957721000-632578958264631296-1067771070980816896,1790957721000,1790957908000,1,2.579,0.511,5.046966731898239
866245317551456256,1790924267000-632578958264631296-866245317551456256,1790924267000,1790927163000,1,2.576,3.108,0.8288288288288288
866245373776101376,1790914598000-632578958264631296-866245373776101376,1790914598000,1790914999000,1,2.555,0.357,7.1568627450980395
947582270531698688,1790946779000-632578958264631296-947582270531698688,1790946779000,1790947450000,1,2.547,0.836,3.0466507177033497
1138783468012961792,1790985129000-632578958264631296-1138783468012961792,1790985129000,1790987170000,1,2.539,2.398,1.0587989991659716
1046442514266980352,1790907962000-632578958264631296-1046442514266980352,1790907962000,1790910898000,1,2.535,1.86,1.3629032258064515
876044057397166080,1790924489000-632578958264631296-876044057397166080,1790924489000,1790925014000,1,2.532,1.224,2.0686274509803924
1397607641592627200,1790907000000-632578958264631296-1397607641592627200,1790907000000,1790907566000,1,2.517,1.346,1.8699851411589894
1536014603211767808,1790939405000-632578958264631296-1536014603211767808,1790939405000,1790939898000,1,2.517,1.406,1.7901849217638692
1112389405491855360,1790913903000-632578958264631296-1112389405491855360,1790913903000,1790914762000,1,2.515,0.683,3.6822840409956075
1536014660929585152,1790906673000-632578958264631296-1536014660929585152,1790906673000,1790907329000,1,2.514,1.299,1.9353348729792148
1090633180173565952,1790954280000-632578958264631296-1090633180173565952,1790954280000,1790955114000,1,2.513,1.559,1.6119307248236048
1050036721544069120,1790926541000-632578958264631296-1050036721544069120,1790926541000,1790926995000,1,2.511,1.552,1.6179123711340206
951561875261227008,1790958739000-632578958264631296-951561875261227008,1790958739000,1790959742000,1,2.509,1.182,2.122673434856176
1477629515881512960,1790983879000-632578958264631296-1477629515881512960,1790983879000,1790984301000,1,2.5,0.769,3.250975292587776
1083727772540469248,1790939733000-632578958264631296-1083727772540469248,1790939733000,1790940599000,1,2.495,1.432,1.74231843575419
1536014744312348672,1790922310000-632578958264631296-1536014744312348672,1790922310000,1790923430000,1,2.482,1.818,1.3652365236523654
780444155561115648,1790938648000-632578958264631296-780444155561115648,1790938648000,1790939009000,1,2.473,0.422,5.860189573459715
946036270407090176,1790939204000-632578958264631296-946036270407090176,1790939204000,1790942020000,1,2.465,2.798,0.8809864188706218
1602017244622094336,1790920873000-632578958264631296-1602017244622094336,1790920873000,1790921724000,1,2.456,3.178,0.7728130899937068
1073966174624022528,1790926589000-632578958264631296-1073966174624022528,1790926589000,1790926881000,1,2.45,0.45,5.444444444444445
931938125880492032,1790925224000-632578958264631296-931938125880492032,1790925224000,1790926376000,1,2.394,2.021,1.1845620979713014
1067765133431799808,1790939579000-632578958264631296-1067765133431799808,1790939579000,1790941626000,1,2.391,2.778,0.8606911447084233
1047649870816477184,1790930408000-632578958264631296-1047649870816477184,1790930408000,1790931935000,1,2.389,1.956,1.2213701431492843
1049976646406242304,1790916694000-632578958264631296-1049976646406242304,1790916694000,1790917246000,1,2.386,1.125,2.120888888888889
970288452387995648,1790935130000-632578958264631296-970288452387995648,1790935130000,1790935569000,1,2.386,1.107,2.1553748870822043
1079026604165824512,1790915970000-632578958264631296-1079026604165824512,1790915970000,1790917962000,1,2.384,1.173,2.032395566922421
939547417898909696,1790951116000-632578958264631296-939547417898909696,1790951116000,1790952401000,1,2.381,2.31,1.0307359307359307
952162532812914688,1790910229000-632578958264631296-952162532812914688,1790910229000,1790910701000,1,2.379,1.336,1.780688622754491
1471165285556813824,1790926448000-632578958264631296-1471165285556813824,1790926448000,1790928163000,1,2.375,4.029,0.5894762968478531
1070370579279773696,1790924337000-632578958264631296-1070370579279773696,1790924337000,1790924856000,1,2.369,1.539,1.5393112410656273
1113484110199783424,1790925312000-632578958264631296-1113484110199783424,1790925312000,1790926313000,1,2.369,1.572,1.506997455470738
1536014505966829568,1790900950000-632578958264631296-1536014505966829568,1790900950000,1790901774000,1,2.363,1.444,1.636426592797784
1501933614227521536,1790913436000-632578958264631296-1501933614227521536,1790913436000,1790913765000,1,2.351,0.625,3.7616
1083726517403385856,1790932663000-632578958264631296-1083726517403385856,1790932663000,1790933535000,1,2.348,1.264,1.8575949367088607
940981890892955648,1790913184000-632578958264631296-940981890892955648,1790913184000,1790913676000,1,2.34,1.035,2.260869565217391
1061978679036346368,1790944856000-632578958264631296-1061978679036346368,1790944856000,1790945420000,1,2.337,1.082,2.1598890942698707
946024601958219776,1790899909000-632578958264631296-946024601958219776,1790899909000,1790900591000,1,2.337,1.119,2.088471849865952
1535704124731949056,1790926713000-632578958264631296-1535704124731949056,1790926713000,1790927260000,1,2.332,0.896,2.602678571428571
1536014695108968448,1790926613000-632578958264631296-1536014695108968448,1790926613000,1790927161000,1,2.326,1.328,1.7515060240963856
866686329780436992,1790934959000-632578958264631296-866686329780436992,1790934959000,1790935270000,1,2.323,0.695,3.342446043165468
1047649870816477184,1790942737000-632578958264631296-1047649870816477184,1790942737000,1790943414000,1,2.292,0.758,3.0237467018469655
1505944797024616448,1790931879000-632578958264631296-1505944797024616448,1790931879000,1790933434000,1,2.291,2.524,0.9076862123613312
1536014577374855168,1790931725000-632578958264631296-1536014577374855168,1790931725000,1790933221000,1,2.291,2.149,1.0660772452303398
1135598313102376960,1790947115000-632578958264631296-1135598313102376960,1790947115000,1790949367000,1,2.287,2.633,0.8685909608811242
1536014695108968448,1790929664000-632578958264631296-1536014695108968448,1790929664000,1790929992000,1,2.279,1.57,1.4515923566878979
1125482414773108736,1790914666000-632578958264631296-1125482414773108736,1790914666000,1790914832000,1,2.278,0.907,2.5115766262403527
784445514740400128,1790920158000-632578958264631296-784445514740400128,1790920158000,1790920561000,1,2.274,1.284,1.7710280373831775
1071018553202704384,1790925088000-632578958264631296-1071018553202704384,1790925088000,1790925273000,1,2.264,1.04,2.1769230769230767
947107003673608192,1790917624000-632578958264631296-947107003673608192,1790917624000,1790917788000,1,2.254,0.918,2.4553376906318083
1065321017443876864,1790949802000-632578958264631296-1065321017443876864,1790949802000,1790950243000,1,2.25,0.68,3.3088235294117645
1176582451024101376,1790937756000-632578958264631296-1176582451024101376,1790937756000,1790938155000,1,2.234,0.805,2.7751552795031054
780444155561115648,1790939674000-632578958264631296-780444155561115648,1790939674000,1790939999000,1,2.223,0.369,6.024390243902439
1259200800735887360,1790912761000-632578958264631296-1259200800735887360,1790912761000,1790913615000,1,2.219,0.901,2.4628190899001106
1097510484225032192,1790911335000-632578958264631296-1097510484225032192,1790911335000,1790911722000,1,2.215,1.172,1.8899317406143346
951563481520275456,1790919794000-632578958264631296-951563481520275456,1790919794000,1790920058000,1,2.215,0.673,3.2912332838038627
1080454515951403008,1790918702000-632578958264631296-1080454515951403008,1790918702000,1790919505000,1,2.208,1.535,1.4384364820846907
1101157025884143616,1790930014000-632578958264631296-1101157025884143616,1790930014000,1790930193000,1,2.201,0.645,3.412403100775194
946026878085365760,1790913489000-632578958264631296-946026878085365760,1790913489000,1790914708000,1,2.2,1.907,1.1536444677503934
1080454515951403008,1790955698000-632578958264631296-1080454515951403008,1790955698000,1790956282000,1,2.198,0.722,3.044321329639889
1120316585941139456,1790924087000-632578958264631296-1120316585941139456,1790924087000,1790924274000,1,2.194,0.479,4.580375782881002
1536004619845500928,1790908922000-632578958264631296-1536004619845500928,1790908922000,1790909278000,1,2.194,0.392,5.596938775510203
871401551996911616,1790910694000-632578958264631296-871401551996911616,1790910694000,1790911458000,1,2.172,0.857,2.5344224037339558
1079774152119812096,1790953463000-632578958264631296-1079774152119812096,1790953463000,1790954770000,1,2.171,1.363,1.5928099779897285
1047649870816477184,1790942069000-632578958264631296-1047649870816477184,1790942069000,1790942729000,1,2.163,0.975,2.2184615384615385
1471165285556813824,1790896074000-632578958264631296-1471165285556813824,1790896074000,1790907463000,1,2.162,1.208,1.7897350993377483
1083726789898928128,1790928601000-632578958264631296-1083726789898928128,1790928601000,1790929128000,1,2.154,0.918,2.3464052287581696
1067776196789403648,1790975157000-632578958264631296-1067776196789403648,1790975157000,1790976594000,1,2.142,1.59,1.3471698113207546
947102733284933632,1790905923000-632578958264631296-947102733284933632,1790905923000,1790906522000,1,2.14,1.302,1.6436251920122888
1126869078934290432,1790982955000-632578958264631296-1126869078934290432,1790982955000,1790984316000,1,2.139,2.087,1.0249161475802586
951558904641224704,1790909388000-632578958264631296-951558904641224704,1790909388000,1790910181000,1,2.137,1.11,1.925225225225225
1141991039255445504,1790921467000-632578958264631296-1141991039255445504,1790921467000,1790921621000,1,2.13,0.519,4.104046242774566
792451319469178880,1790921823000-632578958264631296-792451319469178880,1790921823000,1790922107000,1,2.129,0.81,2.628395061728395
1083728582527680512,1790929463000-632578958264631296-1083728582527680512,1790929463000,1790929770000,1,2.125,1.007,2.1102284011916588
1428367002015105024,1790948504000-632578958264631296-1428367002015105024,1790948504000,1790948802000,1,2.123,0.978,2.1707566462167693
1073966174624022528,1790919704000-632578958264631296-1073966174624022528,1790919704000,1790919885000,1,2.111,0.4,5.2775
1067763722711203840,1790914033000-632578958264631296-1067763722711203840,1790914033000,1790914446000,1,2.1,1.267,1.6574585635359118
869903761768710144,1790928758000-632578958264631296-869903761768710144,1790928758000,1790929659000,1,2.1,1.908,1.1006289308176103
951882940915122176,1790941817000-632578958264631296-951882940915122176,1790941817000,1790942460000,1,2.081,1.682,1.237217598097503
787737136659955712,1790908259000-632578958264631296-787737136659955712,1790908259000,1790908399000,1,2.079,0.545,3.814678899082569
1093087738300727296,1790923654000-632578958264631296-1093087738300727296,1790923654000,1790925021000,1,2.071,1.55,1.3361290322580646
1045646209449984000,1790923710000-632578958264631296-1045646209449984000,1790923710000,1790925002000,1,2.06,1.258,1.6375198728139906
1134877765846171648,1790919154000-632578958264631296-1134877765846171648,1790919154000,1790920625000,1,2.053,2.434,0.843467543138866
1047649870816477184,1790929455000-632578958264631296-1047649870816477184,1790929455000,1790930333000,1,2.044,1.68,1.2166666666666668
947583099720433664,1790927323000-632578958264631296-947583099720433664,1790927323000,1790927860000,1,2.044,0.485,4.214432989690722
1083728245179809792,1790924166000-632578958264631296-1083728245179809792,1790924166000,1790924555000,1,2.043,1.317,1.5512528473804101
879404563604439040,1790907025000-632578958264631296-879404563604439040,1790907025000,1790907686000,1,2.041,0.542,3.7656826568265678
1083727289243402240,1790950577000-632578958264631296-1083727289243402240,1790950577000,1790951554000,1,2.039,0.971,2.0998970133882597
951882940915122176,1790925153000-632578958264631296-951882940915122176,1790925153000,1790925342000,1,2.039,0.974,2.093429158110883
939138676678459392,1790942182000-632578958264631296-939138676678459392,1790942182000,1790942331000,1,2.038,0.435,4.685057471264368
1079796452147855360,1790952832000-632578958264631296-1079796452147855360,1790952832000,1790953115000,1,1.999,0.646,3.0944272445820435
1120316585941139456,1790898421000-632578958264631296-1120316585941139456,1790898421000,1790899268000,1,1.999,1.714,1.1662777129521589
1441118393376702464,1790926650000-632578958264631296-1441118393376702464,1790926650000,1790927447000,1,1.995,1.491,1.3380281690140845
932334786138079232,1790944600000-632578958264631296-932334786138079232,1790944600000,1790945498000,1,1.995,1.168,1.7080479452054798
780067386190462976,1790950049000-632578958264631296-780067386190462976,1790950049000,1790950772000,1,1.991,0.686,2.902332361516035
943858330336493568,1790911178000-632578958264631296-943858330336493568,1790911178000,1790911987000,1,1.989,1.641,1.2120658135283364
1211337321434054656,1790947647000-632578958264631296-1211337321434054656,1790947647000,1790948268000,1,1.987,1.413,1.4062278839348903
1050037649940676608,1790901240000-632578958264631296-1050037649940676608,1790901240000,1790901920000,1,1.986,1.7,1.168235294117647
1471165126924042240,1790905175000-632578958264631296-1471165126924042240,1790905175000,1790905547000,1,1.984,0.52,3.815384615384615
1131239834900234240,1790947424000-632578958264631296-1131239834900234240,1790947424000,1790948777000,1,1.976,1.105,1.7882352941176471
1083727772540469248,1790936883000-632578958264631296-1083727772540469248,1790936883000,1790938149000,1,1.974,1.914,1.031347962382445
796706773456125952,1790930395000-632578958264631296-796706773456125952,1790930395000,1790931174000,1,1.973,4.847,0.40705591087270476
861290333428776960,1790929664000-632578958264631296-861290333428776960,1790929664000,1790930469000,1,1.965,0.584,3.3647260273972606
1499777554695847936,1790931426000-632578958264631296-1499777554695847936,1790931426000,1790932278000,1,1.958,3.675,0.5327891156462585
874363612666265600,1790915177000-632578958264631296-874363612666265600,1790915177000,1790915490000,1,1.954,1.215,1.608230452674897
1389243774684626944,1790917432000-632578958264631296-1389243774684626944,1790917432000,1790917877000,1,1.952,1.242,1.5716586151368759
1050036776183267328,1790946170000-632578958264631296-1050036776183267328,1790946170000,1790946354000,1,1.939,0.814,2.3820638820638824
1428033112889098240,1790931680000-632578958264631296-1428033112889098240,1790931680000,1790932266000,1,1.928,2.742,0.7031363967906638
1486716779844599808,1790906400000-632578958264631296-1486716779844599808,1790906400000,1790908011000,1,1.926,1.821,1.057660626029654
1422205318414204928,1790913574000-632578958264631296-1422205318414204928,1790913574000,1790914348000,1,1.919,0.756,2.5383597883597884
1050037649940676608,1790908047000-632578958264631296-1050037649940676608,1790908047000,1790908372000,1,1.913,1.325,1.4437735849056605
926578486859005952,1790908298000-632578958264631296-926578486859005952,1790908298000,1790908778000,1,1.909,0.621,3.074074074074074
947105297703370752,1790916446000-632578958264631296-947105297703370752,1790916446000,1790917690000,1,1.907,0.905,2.107182320441989
1396880990281924608,1790946151000-632578958264631296-1396880990281924608,1790946151000,1790946655000,1,1.903,1.255,1.5163346613545818
862287863801184256,1790955363000-632578958264631296-862287863801184256,1790955363000,1790955525000,1,1.903,0.771,2.46822308690013
932334786138079232,1790945594000-632578958264631296-932334786138079232,1790945594000,1790946535000,1,1.903,1.074,1.7718808193668527
1486725792942522368,1790937800000-632578958264631296-1486725792942522368,1790937800000,1790938743000,1,1.892,1.156,1.6366782006920415
1120316662394912768,1790939778000-632578958264631296-1120316662394912768,1790939778000,1790940757000,1,1.884,0.96,1.9625
947107003673608192,1790918175000-632578958264631296-947107003673608192,1790918175000,1790918309000,1,1.881,0.675,2.7866666666666666
873916972050415616,1790909055000-632578958264631296-873916972050415616,1790909055000,1790910536000,1,1.872,1.368,1.368421052631579
1071019405950844928,1790969838000-632578958264631296-1071019405950844928,1790969838000,1790970824000,1,1.862,0.82,2.2707317073170734
1073966174624022528,1790919454000-632578958264631296-1073966174624022528,1790919454000,1790919649000,1,1.852,0.359,5.158774373259053
1073664045493518336,1790904959000-632578958264631296-1073664045493518336,1790904959000,1790905352000,1,1.845,0.852,2.165492957746479
1138783468012961792,1790917371000-632578958264631296-1138783468012961792,1790917371000,1790917787000,1,1.839,1.065,1.7267605633802818
1536014744312348672,1790921809000-632578958264631296-1536014744312348672,1790921809000,1790922222000,1,1.832,1.292,1.4179566563467492
929721011920699392,1790912232000-632578958264631296-929721011920699392,1790912232000,1790912940000,1,1.826,0.386,4.730569948186528
1141991039255445504,1790939394000-632578958264631296-1141991039255445504,1790939394000,1790939880000,1,1.822,1.382,1.3183791606367585
1049976772092755968,1790933568000-632578958264631296-1049976772092755968,1790933568000,1790933706000,1,1.812,0.353,5.13314447592068
951559578305167360,1790915197000-632578958264631296-951559578305167360,1790915197000,1790916057000,1,1.812,1.455,1.245360824742268
796706773456125952,1790937189000-632578958264631296-796706773456125952,1790937189000,1790937412000,1,1.804,1.011,1.7843719090009893
951559578305167360,1790933699000-632578958264631296-951559578305167360,1790933699000,1790934265000,1,1.8,0.616,2.9220779220779223
1071120101278744576,1790931878000-632578958264631296-1071120101278744576,1790931878000,1790932535000,1,1.788,0.512,3.4921875
1422205425331208192,1790935415000-632578958264631296-1422205425331208192,1790935415000,1790935984000,1,1.784,1.566,1.1392081736909323
1049976772092755968,1790927124000-632578958264631296-1049976772092755968,1790927124000,1790927697000,1,1.768,0.526,3.3612167300380227
1488160320575766528,1790924887000-632578958264631296-1488160320575766528,1790924887000,1790925181000,1,1.75,0.401,4.364089775561097
1067763903368265728,1790910082000-632578958264631296-1067763903368265728,1790910082000,1790910660000,1,1.748,0.705,2.479432624113475
1080454515951403008,1790954512000-632578958264631296-1080454515951403008,1790954512000,1790954970000,1,1.748,0.568,3.0774647887323945
780116044227280896,1790924505000-632578958264631296-780116044227280896,1790924505000,1790924861000,1,1.744,0.761,2.2917214191852824
947925198747729920,1790908264000-632578958264631296-947925198747729920,1790908264000,1790909498000,1,1.739,1.365,1.2739926739926741
1501933614227521536,1790907681000-632578958264631296-1501933614227521536,1790907681000,1790907987000,1,1.727,0.728,2.3722527472527473
922469481249243136,1790909485000-632578958264631296-922469481249243136,1790909485000,1790911443000,1,1.726,1.342,1.2861400894187778
946036270407090176,1790919719000-632578958264631296-946036270407090176,1790919719000,1790920669000,1,1.724,1.572,1.0966921119592874
1141991039255445504,1790921319000-632578958264631296-1141991039255445504,1790921319000,1790921454000,1,1.718,0.472,3.6398305084745766
1126571257152667648,1790944696000-632578958264631296-1126571257152667648,1790944696000,1790945141000,1,1.717,0.437,3.9290617848970255
1141991039255445504,1790939885000-632578958264631296-1141991039255445504,1790939885000,1790940340000,1,1.714,1.231,1.3923639317627943
935627425390264320,1790947849000-632578958264631296-935627425390264320,1790947849000,1790948678000,1,1.71,0.892,1.9170403587443945
1073994678560358400,1790920101000-632578958264631296-1073994678560358400,1790920101000,1790920472000,1,1.708,0.349,4.893982808022923
1177288436235632640,1790920270000-632578958264631296-1177288436235632640,1790920270000,1790920554000,1,1.708,0.665,2.568421052631579
869903761768710144,1790939244000-632578958264631296-869903761768710144,1790939244000,1790939876000,1,1.699,0.754,2.253315649867374
1071858322266652672,1790917555000-632578958264631296-1071858322266652672,1790917555000,1790917921000,1,1.654,0.755,2.190728476821192
1073664045493518336,1790905558000-632578958264631296-1073664045493518336,1790905558000,1790905854000,1,1.647,0.809,2.0358467243510505
1499777554695847936,1790932282000-632578958264631296-1499777554695847936,1790932282000,1790934035000,1,1.642,4.687,0.35033070194154037
780085706063085568,1790925485000-632578958264631296-780085706063085568,1790925485000,1790926624000,1,1.639,1.257,1.303898170246619
1125482414773108736,1790915352000-632578958264631296-1125482414773108736,1790915352000,1790915477000,1,1.631,0.357,4.568627450980393
1524760784293330944,1790899076000-632578958264631296-1524760784293330944,1790899076000,1790899557000,1,1.627,1.346,1.2087667161961366
1061980520671346688,1790942452000-632578958264631296-1061980520671346688,1790942452000,1790942924000,1,1.625,0.333,4.87987987987988
792451146961649664,1790924457000-632578958264631296-792451146961649664,1790924457000,1790924748000,1,1.62,0.78,2.076923076923077
1389243940330274816,1790914415000-632578958264631296-1389243940330274816,1790914415000,1790914754000,1,1.613,0.384,4.200520833333333
931855689733636096,1790908635000-632578958264631296-931855689733636096,1790908635000,1790909571000,1,1.613,1.258,1.2821939586645468
1601556412222144512,1790910313000-632578958264631296-1601556412222144512,1790910313000,1790911990000,1,1.608,0.945,1.7015873015873018
973914141028777984,1790952874000-632578958264631296-973914141028777984,1790952874000,1790953159000,1,1.604,0.511,3.1389432485322897
932334220825591808,1790916796000-632578958264631296-932334220825591808,1790916796000,1790917179000,1,1.603,0.645,2.4852713178294574
1593406240992526336,1790932215000-632578958264631296-1593406240992526336,1790932215000,1790933576000,1,1.6,1.418,1.1283497884344147
1176582451024101376,1790916390000-632578958264631296-1176582451024101376,1790916390000,1790916771000,1,1.587,0.491,3.2321792260692463
818154714091749376,1790949348000-632578958264631296-818154714091749376,1790949348000,1790949791000,1,1.586,0.45,3.5244444444444447
1602017244622094336,1790929183000-632578958264631296-1602017244622094336,1790929183000,1790930233000,1,1.582,2.102,0.752616555661275
1478688867300147200,1790916650000-632578958264631296-1478688867300147200,1790916650000,1790917231000,1,1.581,1.548,1.0213178294573644
1045646687990710272,1790917136000-632578958264631296-1045646687990710272,1790917136000,1790917998000,1,1.575,1.077,1.4623955431754876
1535704124731949056,1790945071000-632578958264631296-1535704124731949056,1790945071000,1790945342000,1,1.564,0.473,3.306553911205074
946025653910634496,1790928136000-632578958264631296-946025653910634496,1790928136000,1790928633000,1,1.562,0.462,3.380952380952381
1120316662394912768,1790967011000-632578958264631296-1120316662394912768,1790967011000,1790967959000,1,1.561,1.433,1.0893230983949755
780122893064339456,1790932770000-632578958264631296-780122893064339456,1790932770000,1790932905000,1,1.559,0.242,6.4421487603305785
871764525957775360,1790948130000-632578958264631296-871764525957775360,1790948130000,1790948439000,1,1.553,0.748,2.0762032085561497
933392054296248320,1790916151000-632578958264631296-933392054296248320,1790916151000,1790916864000,1,1.55,0.388,3.9948453608247423
967085947369816064,1790951463000-632578958264631296-967085947369816064,1790951463000,1790951924000,1,1.544,0.79,1.9544303797468354
1050037649940676608,1790953186000-632578958264631296-1050037649940676608,1790953186000,1790954495000,1,1.537,1.951,0.7878011276268579
1067764779667423232,1790921428000-632578958264631296-1067764779667423232,1790921428000,1790921777000,1,1.535,0.774,1.9832041343669249
1536397466075660288,1790929204000-632578958264631296-1536397466075660288,1790929204000,1790930148000,1,1.531,1.352,1.1323964497041419
1570836903035404288,1790962389000-632578958264631296-1570836903035404288,1790962389000,1790962730000,1,1.52,0.794,1.9143576826196473
1083726655622479872,1790915651000-632578958264631296-1083726655622479872,1790915651000,1790916256000,1,1.51,0.932,1.6201716738197425
861290333428776960,1790960309000-632578958264631296-861290333428776960,1790960309000,1790960982000,1,1.501,0.448,3.3504464285714284
1536397466075660288,1790923682000-632578958264631296-1536397466075660288,1790923682000,1790925152000,1,1.5,1.117,1.3428827215756491
1083727289243402240,1790921399000-632578958264631296-1083727289243402240,1790921399000,1790921889000,1,1.491,0.735,2.028571428571429
1046442858321543168,1790923708000-632578958264631296-1046442858321543168,1790923708000,1790924235000,1,1.489,0.292,5.099315068493151
1050036509840769024,1790945782000-632578958264631296-1050036509840769024,1790945782000,1790946548000,1,1.483,1.559,0.9512508017960232
996809766619578368,1790941041000-632578958264631296-996809766619578368,1790941041000,1790941418000,1,1.481,0.686,2.1588921282798834
1600618257994219520,1790921356000-632578958264631296-1600618257994219520,1790921356000,1790921851000,1,1.48,0.548,2.700729927007299
1141991039255445504,1790922463000-632578958264631296-1141991039255445504,1790922463000,1790922585000,1,1.474,0.301,4.897009966777409
879404563604439040,1790935450000-632578958264631296-879404563604439040,1790935450000,1790936074000,1,1.471,0.37,3.975675675675676
1593405762816704512,1790925422000-632578958264631296-1593405762816704512,1790925422000,1790926743000,1,1.467,1.83,0.8016393442622951
862287863801184256,1790951623000-632578958264631296-862287863801184256,1790951623000,1790951760000,1,1.466,0.455,3.2219780219780216
1073966174624022528,1790932824000-632578958264631296-1073966174624022528,1790932824000,1790933000000,1,1.465,0.295,4.966101694915254
860146891080335360,1790945793000-632578958264631296-860146891080335360,1790945793000,1790946058000,1,1.463,0.71,2.0605633802816903
1134877765846171648,1790917967000-632578958264631296-1134877765846171648,1790917967000,1790918759000,1,1.46,1.21,1.2066115702479339
1464269416886697984,1790909296000-632578958264631296-1464269416886697984,1790909296000,1790909901000,1,1.46,0.53,2.7547169811320753
1141991039255445504,1790938809000-632578958264631296-1141991039255445504,1790938809000,1790939101000,1,1.458,0.356,4.095505617977528
1428366867084345344,1790933415000-632578958264631296-1428366867084345344,1790933415000,1790933830000,1,1.455,1.949,0.7465366854797332
1132636490090676224,1790900090000-632578958264631296-1132636490090676224,1790900090000,1790900480000,1,1.454,0.79,1.8405063291139239
946027748999036928,1790917083000-632578958264631296-946027748999036928,1790917083000,1790917488000,1,1.453,0.648,2.242283950617284
794950170587430912,1790926458000-632578958264631296-794950170587430912,1790926458000,1790927493000,1,1.436,0.844,1.7014218009478672
943858330336493568,1790950058000-632578958264631296-943858330336493568,1790950058000,1790951630000,1,1.435,1.563,0.9181062060140756
1120316585941139456,1790934063000-632578958264631296-1120316585941139456,1790934063000,1790934256000,1,1.434,0.542,2.6457564575645756
1067774958987378688,1790956772000-632578958264631296-1067774958987378688,1790956772000,1790957920000,1,1.429,1.286,1.1111975116640747
1385588816730914816,1790976845000-632578958264631296-1385588816730914816,1790976845000,1790977475000,1,1.426,0.41,3.478048780487805
1464260641047969792,1790984302000-632578958264631296-1464260641047969792,1790984302000,1790984960000,1,1.425,1.944,0.7330246913580247
1491416395517263872,1790955181000-632578958264631296-1491416395517263872,1790955181000,1790955721000,1,1.42,0.731,1.9425444596443229
1072872003913908224,1790922803000-632578958264631296-1072872003913908224,1790922803000,1790923043000,1,1.417,1.047,1.3533906399235913
1475453376262045696,1790922326000-632578958264631296-1475453376262045696,1790922326000,1790923365000,1,1.413,0.753,1.8764940239043826
1079795397515280384,1790926456000-632578958264631296-1079795397515280384,1790926456000,1790926735000,1,1.408,0.279,5.046594982078853
818154714091749376,1790947186000-632578958264631296-818154714091749376,1790947186000,1790947657000,1,1.403,0.388,3.615979381443299
1068875501654769664,1790904142000-632578958264631296-1068875501654769664,1790904142000,1790904512000,1,1.398,0.297,4.707070707070707
1504876024033181696,1790934623000-632578958264631296-1504876024033181696,1790934623000,1790935052000,1,1.398,0.549,2.5464480874316937
1050036509840769024,1790940596000-632578958264631296-1050036509840769024,1790940596000,1790941586000,1,1.397,1.448,0.964779005524862
1083039951072788480,1790934686000-632578958264631296-1083039951072788480,1790934686000,1790935052000,1,1.38,1.057,1.3055818353831599
931938734016823296,1790920641000-632578958264631296-931938734016823296,1790920641000,1790922206000,1,1.379,2.253,0.6120727918331114
1045646209449984000,1790908410000-632578958264631296-1045646209449984000,1790908410000,1790909117000,1,1.377,0.365,3.7726027397260276
961238953837461504,1790934378000-632578958264631296-961238953837461504,1790934378000,1790934569000,1,1.376,0.541,2.543438077634011
1488156479612518400,1790934648000-632578958264631296-1488156479612518400,1790934648000,1790935066000,1,1.372,1.121,1.223907225691347
1135529735623802880,1790948846000-632578958264631296-1135529735623802880,1790948846000,1790949181000,1,1.367,0.976,1.4006147540983607
1049976772092755968,1790906609000-632578958264631296-1049976772092755968,1790906609000,1790906721000,1,1.366,0.474,2.8818565400843887
1536014640524296192,1790944077000-632578958264631296-1536014640524296192,1790944077000,1790944741000,1,1.365,0.58,2.353448275862069
939138676678459392,1790951156000-632578958264631296-939138676678459392,1790951156000,1790951281000,1,1.36,0.462,2.943722943722944
1601556412222144512,1790908597000-632578958264631296-1601556412222144512,1790908597000,1790909206000,1,1.359,0.521,2.6084452975047983
1050037649940676608,1790972752000-632578958264631296-1050037649940676608,1790972752000,1790973537000,1,1.354,0.867,1.5617070357554788
1135630948969218048,1790959878000-632578958264631296-1135630948969218048,1790959878000,1790961011000,1,1.354,1.33,1.018045112781955
1464283595349688320,1790960633000-632578958264631296-1464283595349688320,1790960633000,1790961470000,1,1.352,1.065,1.2694835680751175
1073994678560358400,1790984682000-632578958264631296-1073994678560358400,1790984682000,1790985314000,1,1.341,1.093,1.2268984446477584
1488160320575766528,1790939686000-632578958264631296-1488160320575766528,1790939686000,1790941021000,1,1.335,1.459,0.9150102810143933
1090633180173565952,1790950471000-632578958264631296-1090633180173565952,1790950471000,1790951202000,1,1.328,1.28,1.0375
939547417898909696,1790914025000-632578958264631296-939547417898909696,1790914025000,1790914668000,1,1.328,1.236,1.074433656957929
946025653910634496,1790927255000-632578958264631296-946025653910634496,1790927255000,1790927946000,1,1.325,0.61,2.1721311475409837
1385588586753032192,1790957171000-632578958264631296-1385588586753032192,1790957171000,1790958632000,1,1.324,1.48,0.8945945945945947
1120316481867874304,1790936121000-632578958264631296-1120316481867874304,1790936121000,1790936719000,1,1.322,0.827,1.5985489721886337
1073201833905750016,1790924207000-632578958264631296-1073201833905750016,1790924207000,1790924866000,1,1.313,0.864,1.5196759259259258
951882940915122176,1790942462000-632578958264631296-951882940915122176,1790942462000,1790942717000,1,1.312,1.054,1.2447817836812145
796706773456125952,1790925722000-632578958264631296-796706773456125952,1790925722000,1790926346000,1,1.309,1.697,0.7713612256923983
1385588586753032192,1790935224000-632578958264631296-1385588586753032192,1790935224000,1790936059000,1,1.305,0.629,2.0747217806041336
874363612666265600,1790906708000-632578958264631296-874363612666265600,1790906708000,1790906984000,1,1.298,0.321,4.043613707165109
929721011920699392,1790904187000-632578958264631296-929721011920699392,1790904187000,1790904918000,1,1.28,0.264,4.848484848484849
1176582451024101376,1790919219000-632578958264631296-1176582451024101376,1790919219000,1790919491000,1,1.274,0.43,2.9627906976744187
1067765247101632512,1790917790000-632578958264631296-1067765247101632512,1790917790000,1790918029000,1,1.269,0.55,2.3072727272727267
940245549137788928,1790984046000-632578958264631296-940245549137788928,1790984046000,1790984914000,1,1.269,0.787,1.6124523506988562
1277220593376165888,1790948342000-632578958264631296-1277220593376165888,1790948342000,1790949863000,1,1.265,1.389,0.9107271418286537
1406586435233906688,1790906226000-632578958264631296-1406586435233906688,1790906226000,1790906453000,1,1.262,0.508,2.484251968503937
1082303861131051008,1790965367000-632578958264631296-1082303861131051008,1790965367000,1790966170000,1,1.26,1.027,1.2268743914313536
1045646687990710272,1790925412000-632578958264631296-1045646687990710272,1790925412000,1790925626000,1,1.258,0.305,4.1245901639344265
1049341310072258560,1790966894000-632578958264631296-1049341310072258560,1790966894000,1790967621000,1,1.254,0.92,1.3630434782608696
947107003673608192,1790917308000-632578958264631296-947107003673608192,1790917308000,1790917422000,1,1.254,0.599,2.0934891485809684
1076923642098483200,1790909385000-632578958264631296-1076923642098483200,1790909385000,1790910566000,1,1.253,1.4,0.895
1083727448777949184,1790978913000-632578958264631296-1083727448777949184,1790978913000,1790979538000,1,1.247,0.773,1.6131953428201813
925753337108758528,1790930409000-632578958264631296-925753337108758528,1790930409000,1790931006000,1,1.236,0.748,1.6524064171122994
1138167953473142784,1790911988000-632578958264631296-1138167953473142784,1790911988000,1790912280000,1,1.234,0.251,4.916334661354582
942469459329679360,1790916165000-632578958264631296-942469459329679360,1790916165000,1790916662000,1,1.226,0.326,3.760736196319018
1068875501654769664,1790937732000-632578958264631296-1068875501654769664,1790937732000,1790938102000,1,1.224,0.282,4.340425531914894
1131240847388442624,1790953155000-632578958264631296-1131240847388442624,1790953155000,1790953697000,1,1.224,0.673,1.8187221396731053
1471148657502846976,1790903769000-632578958264631296-1471148657502846976,1790903769000,1790904702000,1,1.224,1.017,1.2035398230088497
1536014744312348672,1790923849000-632578958264631296-1536014744312348672,1790923849000,1790925607000,1,1.216,1.137,1.06948109058927
784445514740400128,1790910138000-632578958264631296-784445514740400128,1790910138000,1790910796000,1,1.216,0.57,2.1333333333333333
871401551996911616,1790911695000-632578958264631296-871401551996911616,1790911695000,1790912074000,1,1.211,0.601,2.0149750415973378
1176582451024101376,1790935134000-632578958264631296-1176582451024101376,1790935134000,1790935624000,1,1.21,0.739,1.6373477672530445
1046752835124854784,1790917604000-632578958264631296-1046752835124854784,1790917604000,1790918051000,1,1.2,0.858,1.3986013986013985
1097510484225032192,1790911823000-632578958264631296-1097510484225032192,1790911823000,1790912193000,1,1.2,0.943,1.2725344644750796
932335222958063616,1790937186000-632578958264631296-932335222958063616,1790937186000,1790937928000,1,1.199,0.856,1.4007009345794394
952162532812914688,1790934716000-632578958264631296-952162532812914688,1790934716000,1790934806000,1,1.185,0.44,2.6931818181818183
879404563604439040,1790903712000-632578958264631296-879404563604439040,1790903712000,1790904128000,1,1.183,0.345,3.4289855072463773
869905949161160704,1790964714000-632578958264631296-869905949161160704,1790964714000,1790965125000,1,1.181,0.722,1.6357340720221607
946025328671719424,1790921409000-632578958264631296-946025328671719424,1790921409000,1790921866000,1,1.179,0.883,1.3352208380520951
1593331058084937728,1790931056000-632578958264631296-1593331058084937728,1790931056000,1790931931000,1,1.177,1.614,0.7292441140024783
1389243940330274816,1790911877000-632578958264631296-1389243940330274816,1790911877000,1790912146000,1,1.173,0.824,1.4235436893203886
951882940915122176,1790922202000-632578958264631296-951882940915122176,1790922202000,1790922330000,1,1.167,0.757,1.5416116248348746
1370798572273926144,1790912655000-632578958264631296-1370798572273926144,1790912655000,1790914462000,1,1.166,1.64,0.7109756097560975
1083727772540469248,1790952404000-632578958264631296-1083727772540469248,1790952404000,1790952814000,1,1.16,0.526,2.2053231939163496
1073966174624022528,1790947599000-632578958264631296-1073966174624022528,1790947599000,1790947829000,1,1.159,0.216,5.365740740740741
1103352309556969472,1790921175000-632578958264631296-1103352309556969472,1790921175000,1790921516000,1,1.159,0.412,2.813106796116505
1101157025884143616,1790937537000-632578958264631296-1101157025884143616,1790937537000,1790939143000,1,1.158,1.836,0.630718954248366
1422205318414204928,1790925532000-632578958264631296-1422205318414204928,1790925532000,1790925808000,1,1.154,0.474,2.4345991561181433
1135631306680434688,1790922716000-632578958264631296-1135631306680434688,1790922716000,1790923596000,1,1.142,1.136,1.005281690140845
1046443765134262272,1790902848000-632578958264631296-1046443765134262272,1790902848000,1790903667000,1,1.141,0.7,1.6300000000000001
1593331058084937728,1790932317000-632578958264631296-1593331058084937728,1790932317000,1790933086000,1,1.132,0.862,1.3132250580046403
1050024168621342720,1790942505000-632578958264631296-1050024168621342720,1790942505000,1790943425000,1,1.131,1.159,0.9758412424503883
1536014577374855168,1790935856000-632578958264631296-1536014577374855168,1790935856000,1790938247000,1,1.127,2.257,0.4993354009747452
926578486859005952,1790903820000-632578958264631296-926578486859005952,1790903820000,1790904148000,1,1.127,0.311,3.6237942122186495
1593406240992526336,1790930578000-632578958264631296-1593406240992526336,1790930578000,1790932090000,1,1.124,2.95,0.38101694915254236
1153273602804547584,1790984043000-632578958264631296-1153273602804547584,1790984043000,1790985017000,1,1.122,1.329,0.8442437923250565
1071120101278744576,1790940519000-632578958264631296-1071120101278744576,1790940519000,1790941123000,1,1.116,0.291,3.835051546391753
1370798572273926144,1790920076000-632578958264631296-1370798572273926144,1790920076000,1790921456000,1,1.116,1.14,0.9789473684210528
1067763553357791232,1790971256000-632578958264631296-1067763553357791232,1790971256000,1790971860000,1,1.115,1.171,0.9521776259607173
973914141028777984,1790925053000-632578958264631296-973914141028777984,1790925053000,1790925276000,1,1.113,0.338,3.2928994082840233
944574738938724352,1790922394000-632578958264631296-944574738938724352,1790922394000,1790922767000,1,1.112,0.259,4.293436293436294
1083726887294861312,1790903599000-632578958264631296-1083726887294861312,1790903599000,1790904234000,1,1.093,1.004,1.0886454183266931
943856131652976640,1790951653000-632578958264631296-943856131652976640,1790951653000,1790952363000,1,1.091,0.47,2.321276595744681
1083727048683290624,1790903268000-632578958264631296-1083727048683290624,1790903268000,1790904328000,1,1.09,1.381,0.7892831281679943
870568761881526272,1790921938000-632578958264631296-870568761881526272,1790921938000,1790922144000,1,1.089,0.568,1.9172535211267607
1505944797024616448,1790935898000-632578958264631296-1505944797024616448,1790935898000,1790937789000,1,1.086,2.19,0.4958904109589042
876044057397166080,1790909514000-632578958264631296-876044057397166080,1790909514000,1790910141000,1,1.086,0.875,1.2411428571428573
1152270574152581120,1790911534000-632578958264631296-1152270574152581120,1790911534000,1790912166000,1,1.084,0.701,1.5463623395149788
848986467664396288,1790904648000-632578958264631296-848986467664396288,1790904648000,1790905109000,1,1.084,0.832,1.3028846153846156
1110856695237574656,1790923181000-632578958264631296-1110856695237574656,1790923181000,1790925493000,1,1.083,2.675,0.4048598130841122
1101156788989853696,1790918734000-632578958264631296-1101156788989853696,1790918734000,1790919165000,1,1.082,0.252,4.2936507936507935
1501933902321680384,1790926282000-632578958264631296-1501933902321680384,1790926282000,1790926425000,1,1.082,0.213,5.07981220657277
1593331058084937728,1790945875000-632578958264631296-1593331058084937728,1790945875000,1790946424000,1,1.078,0.393,2.7430025445292623
1067776159577538560,1790934952000-632578958264631296-1067776159577538560,1790934952000,1790935225000,1,1.069,0.456,2.344298245614035
1067763553357791232,1790966265000-632578958264631296-1067763553357791232,1790966265000,1790967324000,1,1.062,1.683,0.6310160427807486
1110856695237574656,1790938362000-632578958264631296-1110856695237574656,1790938362000,1790939170000,1,1.061,1.117,0.9498657117278424
1083727448777949184,1790979573000-632578958264631296-1083727448777949184,1790979573000,1790980613000,1,1.056,1.093,0.9661482159194877
1101156788989853696,1790935617000-632578958264631296-1101156788989853696,1790935617000,1790936132000,1,1.053,0.302,3.486754966887417
1593331058084937728,1790945227000-632578958264631296-1593331058084937728,1790945227000,1790945818000,1,1.048,0.568,1.8450704225352115
926578486859005952,1790930727000-632578958264631296-926578486859005952,1790930727000,1790931247000,1,1.035,0.315,3.2857142857142856
939139369715892224,1790943848000-632578958264631296-939139369715892224,1790943848000,1790944449000,1,1.027,0.946,1.0856236786469344
929717117048061952,1790941164000-632578958264631296-929717117048061952,1790941164000,1790941726000,1,1.025,0.671,1.5275707898658717
780451764301201408,1790906201000-632578958264631296-780451764301201408,1790906201000,1790907300000,1,1.023,1.034,0.9893617021276595
939546232131420160,1790913331000-632578958264631296-939546232131420160,1790913331000,1790914519000,1,1.009,1.317,0.7661351556567957
870575606247456768,1790963918000-632578958264631296-870575606247456768,1790963918000,1790964431000,1,1.008,0.837,1.2043010752688172
1083726740557135872,1790921227000-632578958264631296-1083726740557135872,1790921227000,1790921441000,1,1.007,0.321,3.1370716510903423
977133830013976576,1790935664000-632578958264631296-977133830013976576,1790935664000,1790935940000,1,1.005,0.412,2.4393203883495143
1083726423769743360,1790912498000-632578958264631296-1083726423769743360,1790912498000,1790912807000,1,1.003,0.943,1.063626723223754
1134877765846171648,1790915722000-632578958264631296-1134877765846171648,1790915722000,1790916170000,1,0.992,0.711,1.3952180028129395
940246123384143872,1790917943000-632578958264631296-940246123384143872,1790917943000,1790918190000,1,0.992,0.724,1.3701657458563536
1422205425331208192,1790925263000-632578958264631296-1422205425331208192,1790925263000,1790925488000,1,0.985,0.685,1.437956204379562
1113484110199783424,1790943858000-632578958264631296-1113484110199783424,1790943858000,1790944545000,1,0.981,0.765,1.2823529411764705
932302785804763136,1790939573000-632578958264631296-932302785804763136,1790939573000,1790940393000,1,0.981,0.667,1.4707646176911544
1082303861131051008,1790906728000-632578958264631296-1082303861131051008,1790906728000,1790907248000,1,0.976,1.049,0.9304099142040039
933392054296248320,1790935809000-632578958264631296-933392054296248320,1790935809000,1790936496000,1,0.975,0.677,1.4401772525849335
1083727772540469248,1790915326000-632578958264631296-1083727772540469248,1790915326000,1790915730000,1,0.968,0.765,1.265359477124183
873916972050415616,1790903696000-632578958264631296-873916972050415616,1790903696000,1790904019000,1,0.968,0.194,4.989690721649485
915980150607183872,1790911320000-632578958264631296-915980150607183872,1790911320000,1790911472000,1,0.968,0.518,1.8687258687258685
866648852977942528,1790944855000-632578958264631296-866648852977942528,1790944855000,1790945078000,1,0.955,0.539,1.771799628942486
1397607641592627200,1790902978000-632578958264631296-1397607641592627200,1790902978000,1790903564000,1,0.95,0.673,1.4115898959881128
1501933902321680384,1790921063000-632578958264631296-1501933902321680384,1790921063000,1790921234000,1,0.949,0.159,5.968553459119496
877447467317067776,1790937919000-632578958264631296-877447467317067776,1790937919000,1790938550000,1,0.947,0.917,1.0327153762268264
1046442858321543168,1790984914000-632578958264631296-1046442858321543168,1790984914000,1790985601000,1,0.943,0.461,2.0455531453362252
947105297703370752,1790923508000-632578958264631296-947105297703370752,1790923508000,1790924476000,1,0.943,0.977,0.9651995905834186
1501933902321680384,1790983702000-632578958264631296-1501933902321680384,1790983702000,1790983925000,1,0.942,0.313,3.009584664536741
780085706063085568,1790910779000-632578958264631296-780085706063085568,1790910779000,1790911254000,1,0.936,0.678,1.3805309734513274
818154714091749376,1790938943000-632578958264631296-818154714091749376,1790938943000,1790939180000,1,0.934,0.27,3.4592592592592593
1083726740557135872,1790983733000-632578958264631296-1083726740557135872,1790983733000,1790984000000,1,0.933,0.277,3.368231046931408
1536014640524296192,1790947029000-632578958264631296-1536014640524296192,1790947029000,1790947676000,1,0.924,0.501,1.844311377245509
1286311379313098752,1790910300000-632578958264631296-1286311379313098752,1790910300000,1790911162000,1,0.922,0.401,2.2992518703241895
1602017244622094336,1790930305000-632578958264631296-1602017244622094336,1790930305000,1790930694000,1,0.921,0.947,0.972544878563886
1486725792942522368,1790913544000-632578958264631296-1486725792942522368,1790913544000,1790914119000,1,0.92,0.242,3.8016528925619837
952583803866447872,1790919465000-632578958264631296-952583803866447872,1790919465000,1790920820000,1,0.919,0.854,1.076112412177986
1153273602804547584,1790936506000-632578958264631296-1153273602804547584,1790936506000,1790937005000,1,0.912,0.851,1.071680376028202
780085706063085568,1790943311000-632578958264631296-780085706063085568,1790943311000,1790943886000,1,0.912,0.553,1.6491862567811935
1362453820235317248,1790956454000-632578958264631296-1362453820235317248,1790956454000,1790956747000,1,0.911,0.662,1.3761329305135952
1385588816730914816,1790944825000-632578958264631296-1385588816730914816,1790944825000,1790946996000,1,0.904,1.086,0.8324125230202578
1067776196789403648,1790983242000-632578958264631296-1067776196789403648,1790983242000,1790984226000,1,0.897,1.187,0.7556866048862679
1067775201233600512,1790929535000-632578958264631296-1067775201233600512,1790929535000,1790929874000,1,0.896,0.325,2.756923076923077
922469481249243136,1790907999000-632578958264631296-922469481249243136,1790907999000,1790909315000,1,0.896,0.966,0.927536231884058
877447467317067776,1790982157000-632578958264631296-877447467317067776,1790982157000,1790982789000,1,0.888,1.323,0.671201814058957
939546232131420160,1790923589000-632578958264631296-939546232131420160,1790923589000,1790923956000,1,0.888,0.429,2.06993006993007
942469459329679360,1790945884000-632578958264631296-942469459329679360,1790945884000,1790946554000,1,0.882,0.377,2.339522546419098
1362128357327634432,1790924507000-632578958264631296-1362128357327634432,1790924507000,1790925586000,1,0.881,1.05,0.839047619047619
1056588446363025408,1790911929000-632578958264631296-1056588446363025408,1790911929000,1790912059000,1,0.878,0.189,4.645502645502646
1067763553357791232,1790927107000-632578958264631296-1067763553357791232,1790927107000,1790927315000,1,0.876,0.394,2.2233502538071064
1101156788989853696,1790939160000-632578958264631296-1101156788989853696,1790939160000,1790939394000,1,0.875,0.21,4.166666666666667
1361380561528029184,1790971674000-632578958264631296-1361380561528029184,1790971674000,1790972321000,1,0.875,0.518,1.689189189189189
1526262198169501696,1790965513000-632578958264631296-1526262198169501696,1790965513000,1790966599000,1,0.875,0.558,1.568100358422939
947582270531698688,1790948325000-632578958264631296-947582270531698688,1790948325000,1790948765000,1,0.875,0.336,2.6041666666666665
1089902742123577344,1790906632000-632578958264631296-1089902742123577344,1790906632000,1790906935000,1,0.874,0.528,1.6553030303030303
1428366867084345344,1790926245000-632578958264631296-1428366867084345344,1790926245000,1790926410000,1,0.873,1.083,0.8060941828254848
1593330774109585408,1790899111000-632578958264631296-1593330774109585408,1790899111000,1790900771000,1,0.872,0.814,1.0712530712530712
879404563604439040,1790961300000-632578958264631296-879404563604439040,1790961300000,1790962514000,1,0.867,0.621,1.396135265700483
874363612666265600,1790915926000-632578958264631296-874363612666265600,1790915926000,1790916143000,1,0.864,0.562,1.5373665480427046
1070370579279773696,1790910017000-632578958264631296-1070370579279773696,1790910017000,1790910587000,1,0.863,0.671,1.2861400894187778
1082330521322651648,1790907191000-632578958264631296-1082330521322651648,1790907191000,1790908006000,1,0.86,0.891,0.9652076318742985
1593406240992526336,1790933585000-632578958264631296-1593406240992526336,1790933585000,1790934305000,1,0.857,1.32,0.6492424242424242
939546232131420160,1790920639000-632578958264631296-939546232131420160,1790920639000,1790921381000,1,0.857,0.885,0.9683615819209039
1477629515881512960,1790921860000-632578958264631296-1477629515881512960,1790921860000,1790922372000,1,0.854,0.572,1.4930069930069931
1067763553357791232,1790929815000-632578958264631296-1067763553357791232,1790929815000,1790930006000,1,0.852,0.2,4.26
1101156788989853696,1790936989000-632578958264631296-1101156788989853696,1790936989000,1790937216000,1,0.85,0.243,3.4979423868312756
1606317556983922688,1790926836000-632578958264631296-1606317556983922688,1790926836000,1790927120000,1,0.848,0.309,2.744336569579288
952583803866447872,1790940396000-632578958264631296-952583803866447872,1790940396000,1790941948000,1,0.841,0.666,1.2627627627627627
1088492376734826496,1790945631000-632578958264631296-1088492376734826496,1790945631000,1790945892000,1,0.84,0.568,1.4788732394366197
1428366867084345344,1790913232000-632578958264631296-1428366867084345344,1790913232000,1790913594000,1,0.84,0.556,1.5107913669064745
1536014517601828864,1790950782000-632578958264631296-1536014517601828864,1790950782000,1790952196000,1,0.837,2.332,0.3589193825042882
1298646515224412160,1790930234000-632578958264631296-1298646515224412160,1790930234000,1790930367000,1,0.835,0.208,4.014423076923077
1484590862305329152,1790951538000-632578958264631296-1484590862305329152,1790951538000,1790951793000,1,0.834,0.324,2.574074074074074
1371466234314358784,1790918794000-632578958264631296-1371466234314358784,1790918794000,1790919493000,1,0.833,0.711,1.1715893108298172
1371466234314358784,1790931744000-632578958264631296-1371466234314358784,1790931744000,1790932603000,1,0.832,0.999,0.8328328328328328
1536014744312348672,1790926561000-632578958264631296-1536014744312348672,1790926561000,1790926819000,1,0.828,0.542,1.5276752767527673
1046442858321543168,1790922943000-632578958264631296-1046442858321543168,1790922943000,1790923317000,1,0.827,0.262,3.15648854961832
1093087738300727296,1790907164000-632578958264631296-1093087738300727296,1790907164000,1790907937000,1,0.827,0.445,1.8584269662921347
874363612666265600,1790910992000-632578958264631296-874363612666265600,1790910992000,1790911201000,1,0.823,0.361,2.2797783933518003
873900831743672320,1790913085000-632578958264631296-873900831743672320,1790913085000,1790913677000,1,0.821,0.203,4.044334975369457
1067775201233600512,1790940656000-632578958264631296-1067775201233600512,1790940656000,1790941330000,1,0.82,0.787,1.0419313850063532
1083727593376579584,1790928589000-632578958264631296-1083727593376579584,1790928589000,1790928872000,1,0.818,0.66,1.2393939393939393
929721011920699392,1790942318000-632578958264631296-929721011920699392,1790942318000,1790942798000,1,0.818,0.163,5.01840490797546
1046752835124854784,1790904737000-632578958264631296-1046752835124854784,1790904737000,1790904999000,1,0.815,0.414,1.968599033816425
879404563604439040,1790967553000-632578958264631296-879404563604439040,1790967553000,1790968109000,1,0.814,0.403,2.01985111662531
946030376206204928,1790915131000-632578958264631296-946030376206204928,1790915131000,1790915539000,1,0.814,0.547,1.4881170018281533
1083727207982956544,1790919041000-632578958264631296-1083727207982956544,1790919041000,1790919578000,1,0.812,0.593,1.3693086003372683
873104331912511488,1790924838000-632578958264631296-873104331912511488,1790924838000,1790925270000,1,0.804,0.495,1.6242424242424243
1536014716214706176,1790940953000-632578958264631296-1536014716214706176,1790940953000,1790941505000,1,0.801,0.877,0.9133409350057013
947452563299500032,1790912375000-632578958264631296-947452563299500032,1790912375000,1790913234000,1,0.796,0.606,1.3135313531353137
1001786725204230144,1790930361000-632578958264631296-1001786725204230144,1790930361000,1790930938000,1,0.795,0.62,1.282258064516129
1477629515881512960,1790903691000-632578958264631296-1477629515881512960,1790903691000,1790904288000,1,0.794,0.689,1.1523947750362846
870575606247456768,1790953143000-632578958264631296-870575606247456768,1790953143000,1790953498000,1,0.792,0.512,1.546875
1486725792942522368,1790912529000-632578958264631296-1486725792942522368,1790912529000,1790913532000,1,0.788,0.465,1.6946236559139785
1045646209449984000,1790907402000-632578958264631296-1045646209449984000,1790907402000,1790907934000,1,0.787,0.245,3.212244897959184
1385588816730914816,1790959254000-632578958264631296-1385588816730914816,1790959254000,1790959642000,1,0.787,0.431,1.825986078886311
932335222958063616,1790938388000-632578958264631296-932335222958063616,1790938388000,1790939120000,1,0.787,0.962,0.8180873180873182
947093103351693312,1790929247000-632578958264631296-947093103351693312,1790929247000,1790930036000,1,0.785,0.613,1.2805872756933117
1540361603277389824,1790902558000-632578958264631296-1540361603277389824,1790902558000,1790903221000,1,0.784,0.492,1.5934959349593496
1148896718033518592,1790975629000-632578958264631296-1148896718033518592,1790975629000,1790976038000,1,0.782,0.534,1.4644194756554307
1505944797024616448,1790972434000-632578958264631296-1505944797024616448,1790972434000,1790972898000,1,0.779,0.614,1.2687296416938112
943856131652976640,1790959944000-632578958264631296-943856131652976640,1790959944000,1790960426000,1,0.778,0.426,1.8262910798122067
1090633180173565952,1790925583000-632578958264631296-1090633180173565952,1790925583000,1790925903000,1,0.776,0.377,2.0583554376657824
939138676678459392,1790954199000-632578958264631296-939138676678459392,1790954199000,1790954897000,1,0.775,0.427,1.8149882903981265
1093087738300727296,1790908428000-632578958264631296-1093087738300727296,1790908428000,1790908629000,1,0.771,0.222,3.472972972972973
1131571393566081024,1790927398000-632578958264631296-1131571393566081024,1790927398000,1790927758000,1,0.768,0.293,2.6211604095563144
1606317556983922688,1790944454000-632578958264631296-1606317556983922688,1790944454000,1790944781000,1,0.764,0.64,1.19375
1049341310072258560,1790938228000-632578958264631296-1049341310072258560,1790938228000,1790938597000,1,0.761,0.553,1.376130198915009
1536014517601828864,1790948911000-632578958264631296-1536014517601828864,1790948911000,1790950738000,1,0.761,2.023,0.3761739990113692
873916972050415616,1790907890000-632578958264631296-873916972050415616,1790907890000,1790908397000,1,0.758,0.524,1.4465648854961832
939546576563470336,1790949015000-632578958264631296-939546576563470336,1790949015000,1790949857000,1,0.753,0.758,0.9934036939313984
1536014577374855168,1790972429000-632578958264631296-1536014577374855168,1790972429000,1790972925000,1,0.752,0.542,1.3874538745387452
1071120101278744576,1790945963000-632578958264631296-1071120101278744576,1790945963000,1790946603000,1,0.751,0.258,2.9108527131782944
1361380561528029184,1790961834000-632578958264631296-1361380561528029184,1790961834000,1790962525000,1,0.75,0.325,2.3076923076923075
1606317556983922688,1790943404000-632578958264631296-1606317556983922688,1790943404000,1790944199000,1,0.75,0.754,0.9946949602122016
939546232131420160,1790907995000-632578958264631296-939546232131420160,1790907995000,1790908614000,1,0.749,1.004,0.7460159362549801
1067772524470730752,1790908418000-632578958264631296-1067772524470730752,1790908418000,1790908710000,1,0.748,0.315,2.3746031746031746
1083727772540469248,1790920662000-632578958264631296-1083727772540469248,1790920662000,1790920962000,1,0.748,0.43,1.7395348837209303
1049341310072258560,1790949936000-632578958264631296-1049341310072258560,1790949936000,1790950335000,1,0.74,0.535,1.3831775700934579
1101156788989853696,1790919668000-632578958264631296-1101156788989853696,1790919668000,1790919999000,1,0.739,0.164,4.5060975609756095
1083727207982956544,1790960503000-632578958264631296-1083727207982956544,1790960503000,1790961170000,1,0.738,1.1,0.6709090909090909
1138167953473142784,1790915432000-632578958264631296-1138167953473142784,1790915432000,1790916608000,1,0.738,1.278,0.5774647887323944
1153273602804547584,1790932509000-632578958264631296-1153273602804547584,1790932509000,1790932997000,1,0.738,0.541,1.3641404805914972
938817698895233024,1790919051000-632578958264631296-938817698895233024,1790919051000,1790919206000,1,0.736,0.208,3.5384615384615388
1505916014645215232,1790902197000-632578958264631296-1505916014645215232,1790902197000,1790902420000,1,0.732,0.153,4.784313725490196
925753337108758528,1790914025000-632578958264631296-925753337108758528,1790914025000,1790914322000,1,0.732,0.417,1.7553956834532374
1504892206538817536,1790960352000-632578958264631296-1504892206538817536,1790960352000,1790961240000,1,0.731,0.682,1.0718475073313782
1361380561528029184,1790968960000-632578958264631296-1361380561528029184,1790968960000,1790971027000,1,0.73,1.442,0.5062413314840499
1479447378401427456,1790902457000-632578958264631296-1479447378401427456,1790902457000,1790903103000,1,0.73,0.771,0.9468223086900129
1504892206538817536,1790972680000-632578958264631296-1504892206538817536,1790972680000,1790973220000,1,0.728,0.753,0.9667994687915006
877906550297985024,1790942340000-632578958264631296-877906550297985024,1790942340000,1790943233000,1,0.724,0.366,1.9781420765027322
1073994678560358400,1790921031000-632578958264631296-1073994678560358400,1790921031000,1790921366000,1,0.723,0.435,1.6620689655172414
862287863801184256,1790919315000-632578958264631296-862287863801184256,1790919315000,1790919928000,1,0.723,0.897,0.806020066889632
1083727772540469248,1790920214000-632578958264631296-1083727772540469248,1790920214000,1790920561000,1,0.722,0.537,1.344506517690875
1067765133431799808,1790941654000-632578958264631296-1067765133431799808,1790941654000,1790943298000,1,0.72,1.713,0.42031523642732044
946025328671719424,1790899641000-632578958264631296-946025328671719424,1790899641000,1790899963000,1,0.718,0.487,1.4743326488706365
1536014654021566464,1790906921000-632578958264631296-1536014654021566464,1790906921000,1790907368000,1,0.716,0.38,1.8842105263157893
939546232131420160,1790937857000-632578958264631296-939546232131420160,1790937857000,1790938250000,1,0.716,0.534,1.3408239700374531
877447467317067776,1790939911000-632578958264631296-877447467317067776,1790939911000,1790940233000,1,0.714,0.456,1.5657894736842104
1083729038846984192,1790915360000-632578958264631296-1083729038846984192,1790915360000,1790915557000,1,0.713,0.141,5.056737588652482
1073983957575401472,1790948661000-632578958264631296-1073983957575401472,1790948661000,1790949032000,1,0.709,0.364,1.9478021978021978
1604183215143124992,1790926417000-632578958264631296-1604183215143124992,1790926417000,1790927066000,1,0.708,0.777,0.9111969111969112
1175796663680237568,1790943968000-632578958264631296-1175796663680237568,1790943968000,1790944236000,1,0.707,0.438,1.6141552511415524
1397607641592627200,1790908131000-632578958264631296-1397607641592627200,1790908131000,1790908541000,1,0.707,0.353,2.002832861189802
938499921487593472,1790929871000-632578958264631296-938499921487593472,1790929871000,1790931087000,1,0.705,1.492,0.4725201072386059
1083727772540469248,1790921579000-632578958264631296-1083727772540469248,1790921579000,1790921939000,1,0.703,0.534,1.3164794007490634
1536014688339361792,1790944899000-632578958264631296-1536014688339361792,1790944899000,1790945398000,1,0.7,1.123,0.6233303650934995
973914141028777984,1790947250000-632578958264631296-973914141028777984,1790947250000,1790947394000,1,0.699,0.204,3.426470588235294
952583803866447872,1790936420000-632578958264631296-952583803866447872,1790936420000,1790938381000,1,0.698,1.044,0.6685823754789272
1082007973238145024,1790901214000-632578958264631296-1082007973238145024,1790901214000,1790902436000,1,0.697,1.564,0.44565217391304346
1049341310072258560,1790917699000-632578958264631296-1049341310072258560,1790917699000,1790918124000,1,0.694,0.281,2.4697508896797147
1049341310072258560,1790928045000-632578958264631296-1049341310072258560,1790928045000,1790928638000,1,0.693,0.379,1.8284960422163588
1176582451024101376,1790916872000-632578958264631296-1176582451024101376,1790916872000,1790917138000,1,0.693,0.507,1.3668639053254437
1599470599497842688,1790960548000-632578958264631296-1599470599497842688,1790960548000,1790961853000,1,0.691,0.774,0.8927648578811369
1135630948969218048,1790981110000-632578958264631296-1135630948969218048,1790981110000,1790981593000,1,0.69,0.63,1.0952380952380951
927179928254808064,1790923438000-632578958264631296-927179928254808064,1790923438000,1790924122000,1,0.69,0.702,0.9829059829059829
1601556412222144512,1790947830000-632578958264631296-1601556412222144512,1790947830000,1790949376000,1,0.685,0.874,0.7837528604118994
946036270407090176,1790942251000-632578958264631296-946036270407090176,1790942251000,1790943344000,1,0.684,1.002,0.6826347305389222
1067776196789403648,1790961421000-632578958264631296-1067776196789403648,1790961421000,1790962063000,1,0.682,0.668,1.0209580838323353
1071457116943810560,1790899062000-632578958264631296-1071457116943810560,1790899062000,1790899751000,1,0.682,0.77,0.8857142857142858
939546232131420160,1790924528000-632578958264631296-939546232131420160,1790924528000,1790924991000,1,0.682,0.593,1.1500843170320405
1536014667858575360,1790930950000-632578958264631296-1536014667858575360,1790930950000,1790932540000,1,0.68,0.999,0.6806806806806808
1045646397224779776,1790938002000-632578958264631296-1045646397224779776,1790938002000,1790938536000,1,0.679,0.573,1.1849912739965098
1505944797024616448,1790933779000-632578958264631296-1505944797024616448,1790933779000,1790934607000,1,0.678,0.766,0.885117493472585
1067775256489361408,1790942907000-632578958264631296-1067775256489361408,1790942907000,1790943053000,1,0.675,0.335,2.014925373134328
1067775201233600512,1790941545000-632578958264631296-1067775201233600512,1790941545000,1790941781000,1,0.673,0.289,2.3287197231833914
1050036721544069120,1790901083000-632578958264631296-1050036721544069120,1790901083000,1790901506000,1,0.671,0.738,0.9092140921409215
1063488404655702016,1790910282000-632578958264631296-1063488404655702016,1790910282000,1790911049000,1,0.671,1.165,0.5759656652360515
1049341310072258560,1790943352000-632578958264631296-1049341310072258560,1790943352000,1790944033000,1,0.67,0.534,1.2546816479400749
1067776196789403648,1790944795000-632578958264631296-1067776196789403648,1790944795000,1790945160000,1,0.67,0.534,1.2546816479400749
1182027923075366912,1790933491000-632578958264631296-1182027923075366912,1790933491000,1790935501000,1,0.667,1.848,0.36093073593073594
787687496786903040,1790937323000-632578958264631296-787687496786903040,1790937323000,1790938305000,1,0.666,0.728,0.9148351648351649
932334220825591808,1790917341000-632578958264631296-932334220825591808,1790917341000,1790917531000,1,0.666,0.28,2.3785714285714286
1079425050643267584,1790949876000-632578958264631296-1079425050643267584,1790949876000,1790950151000,1,0.664,0.273,2.432234432234432
942471450843938816,1790950616000-632578958264631296-942471450843938816,1790950616000,1790950895000,1,0.661,0.397,1.6649874055415617
1083727772540469248,1790914256000-632578958264631296-1083727772540469248,1790914256000,1790915228000,1,0.66,1.853,0.35617916891527257
1079796452147855360,1790911520000-632578958264631296-1079796452147855360,1790911520000,1790911771000,1,0.659,0.843,0.7817319098457889
1067771070980816896,1790950826000-632578958264631296-1067771070980816896,1790950826000,1790951301000,1,0.658,0.405,1.6246913580246913
1050036019790872576,1790927057000-632578958264631296-1050036019790872576,1790927057000,1790927349000,1,0.657,0.688,0.9549418604651164
1488160320575766528,1790941025000-632578958264631296-1488160320575766528,1790941025000,1790941694000,1,0.656,0.671,0.977645305514158
1050037649940676608,1790951625000-632578958264631296-1050037649940676608,1790951625000,1790951839000,1,0.654,0.665,0.9834586466165414
1097510484225032192,1790915133000-632578958264631296-1097510484225032192,1790915133000,1790916608000,1,0.654,1.306,0.5007656967840735
1120316481867874304,1790935270000-632578958264631296-1120316481867874304,1790935270000,1790935974000,1,0.652,0.789,0.826362484157161
848986467664396288,1790926634000-632578958264631296-848986467664396288,1790926634000,1790927405000,1,0.65,0.883,0.7361268403171009
1093087738300727296,1790908862000-632578958264631296-1093087738300727296,1790908862000,1790909080000,1,0.649,0.261,2.4865900383141764
1079425050643267584,1790947724000-632578958264631296-1079425050643267584,1790947724000,1790948077000,1,0.647,0.195,3.317948717948718
1083726930487803904,1790905606000-632578958264631296-1083726930487803904,1790905606000,1790905793000,1,0.647,0.263,2.4600760456273765
1067765389137543168,1790920942000-632578958264631296-1067765389137543168,1790920942000,1790922506000,1,0.646,1.624,0.3977832512315271
1536014660929585152,1790943331000-632578958264631296-1536014660929585152,1790943331000,1790944339000,1,0.645,1.025,0.6292682926829269
1593330693851578368,1790922995000-632578958264631296-1593330693851578368,1790922995000,1790923325000,1,0.643,0.457,1.4070021881838075
942427579615281152,1790904197000-632578958264631296-942427579615281152,1790904197000,1790904750000,1,0.643,0.473,1.3594080338266386
1076923642098483200,1790907416000-632578958264631296-1076923642098483200,1790907416000,1790908556000,1,0.642,0.705,0.9106382978723405
1050036836505747456,1790958460000-632578958264631296-1050036836505747456,1790958460000,1790958776000,1,0.641,0.349,1.836676217765043
1536014609964597248,1790945957000-632578958264631296-1536014609964597248,1790945957000,1790947018000,1,0.638,0.943,0.6765641569459173
939546232131420160,1790910135000-632578958264631296-939546232131420160,1790910135000,1790910973000,1,0.638,0.971,0.6570545829042225
1067763553357791232,1790943168000-632578958264631296-1067763553357791232,1790943168000,1790943568000,1,0.635,0.452,1.404867256637168
1079444806125486080,1790910461000-632578958264631296-1079444806125486080,1790910461000,1790910835000,1,0.634,0.55,1.1527272727272726
1536014577374855168,1790933773000-632578958264631296-1536014577374855168,1790933773000,1790934625000,1,0.629,0.701,0.8972895863052782
862287863801184256,1790920573000-632578958264631296-862287863801184256,1790920573000,1790921354000,1,0.628,0.777,0.8082368082368082
946025328671719424,1790900846000-632578958264631296-946025328671719424,1790900846000,1790901044000,1,0.627,0.615,1.0195121951219512
939547417898909696,1790941618000-632578958264631296-939547417898909696,1790941618000,1790942004000,1,0.626,0.544,1.150735294117647
946029060134273024,1790939475000-632578958264631296-946029060134273024,1790939475000,1790940036000,1,0.626,0.47,1.3319148936170213
1385305434218299392,1790955428000-632578958264631296-1385305434218299392,1790955428000,1790957706000,1,0.625,1.329,0.47027840481565086
873916972050415616,1790929029000-632578958264631296-873916972050415616,1790929029000,1790930079000,1,0.624,0.757,0.8243064729194187
1050036509840769024,1790928572000-632578958264631296-1050036509840769024,1790928572000,1790929532000,1,0.621,1.356,0.4579646017699115
1385588816730914816,1790954395000-632578958264631296-1385588816730914816,1790954395000,1790954670000,1,0.616,0.608,1.013157894736842
1101156788989853696,1790937628000-632578958264631296-1101156788989853696,1790937628000,1790937918000,1,0.615,0.242,2.541322314049587
1153273602804547584,1790929288000-632578958264631296-1153273602804547584,1790929288000,1790929653000,1,0.613,0.382,1.6047120418848166
1067775201233600512,1790950852000-632578958264631296-1067775201233600512,1790950852000,1790951169000,1,0.612,0.376,1.627659574468085
942471450843938816,1790940673000-632578958264631296-942471450843938816,1790940673000,1790940921000,1,0.609,0.435,1.4
873916972050415616,1790905817000-632578958264631296-873916972050415616,1790905817000,1790906604000,1,0.608,0.767,0.7926988265971316
784445514740400128,1790945949000-632578958264631296-784445514740400128,1790945949000,1790946678000,1,0.604,0.594,1.0168350168350169
1593406240992526336,1790936439000-632578958264631296-1593406240992526336,1790936439000,1790937345000,1,0.603,0.881,0.684449489216799
1135630948969218048,1790982416000-632578958264631296-1135630948969218048,1790982416000,1790982811000,1,0.602,0.492,1.2235772357723578
1148896718033518592,1790973698000-632578958264631296-1148896718033518592,1790973698000,1790974817000,1,0.6,1.153,0.5203816131830008
929721011920699392,1790946779000-632578958264631296-929721011920699392,1790946779000,1790947259000,1,0.6,0.191,3.1413612565445024
947107003673608192,1790903488000-632578958264631296-947107003673608192,1790903488000,1790903719000,1,0.599,0.302,1.9834437086092715
943856131652976640,1790970748000-632578958264631296-943856131652976640,1790970748000,1790971092000,1,0.598,0.414,1.4444444444444444
1067765446171688960,1790904252000-632578958264631296-1067765446171688960,1790904252000,1790904653000,1,0.596,0.611,0.9754500818330606
1071120101278744576,1790943420000-632578958264631296-1071120101278744576,1790943420000,1790943768000,1,0.596,0.189,3.1534391534391535
862677666426257408,1790955096000-632578958264631296-862677666426257408,1790955096000,1790956384000,1,0.596,1.476,0.4037940379403794
925753337108758528,1790912248000-632578958264631296-925753337108758528,1790912248000,1790912546000,1,0.592,0.392,1.510204081632653
1355523374926790656,1790923601000-632578958264631296-1355523374926790656,1790923601000,1790923832000,1,0.589,0.208,2.831730769230769
1067765061260410880,1790952498000-632578958264631296-1067765061260410880,1790952498000,1790952789000,1,0.584,0.493,1.1845841784989857
1422205318414204928,1790906393000-632578958264631296-1422205318414204928,1790906393000,1790907419000,1,0.584,0.535,1.0915887850467287
943819597830684672,1790958875000-632578958264631296-943819597830684672,1790958875000,1790964044000,1,0.584,2.887,0.20228611014894352
1046442858321543168,1790921801000-632578958264631296-1046442858321543168,1790921801000,1790922140000,1,0.581,0.169,3.4378698224852067
784445514740400128,1790947302000-632578958264631296-784445514740400128,1790947302000,1790948294000,1,0.581,1.044,0.5565134099616857
1535704124731949056,1790926432000-632578958264631296-1535704124731949056,1790926432000,1790926632000,1,0.58,0.233,2.489270386266094
1364616390270517248,1790915472000-632578958264631296-1364616390270517248,1790915472000,1790916157000,1,0.577,0.764,0.7552356020942408
1536014758619119616,1790924695000-632578958264631296-1536014758619119616,1790924695000,1790925171000,1,0.574,0.288,1.9930555555555556
1176582767303983104,1790924535000-632578958264631296-1176582767303983104,1790924535000,1790926174000,1,0.571,1.745,0.32722063037249277
951882940915122176,1790941346000-632578958264631296-951882940915122176,1790941346000,1790941517000,1,0.569,0.337,1.6884272997032639
1454186236603269120,1790968184000-632578958264631296-1454186236603269120,1790968184000,1790968662000,1,0.567,0.469,1.208955223880597
798991075485155328,1790936269000-632578958264631296-798991075485155328,1790936269000,1790936870000,1,0.566,0.547,1.0347349177330893
951556794549796864,1790900927000-632578958264631296-951556794549796864,1790900927000,1790901112000,1,0.566,0.346,1.6358381502890174
1479447378401427456,1790906897000-632578958264631296-1479447378401427456,1790906897000,1790907192000,1,0.564,0.24,2.3499999999999996
1134877765846171648,1790938373000-632578958264631296-1134877765846171648,1790938373000,1790938568000,1,0.558,0.278,2.0071942446043165
893133531117518848,1790912239000-632578958264631296-893133531117518848,1790912239000,1790912996000,1,0.558,0.589,0.9473684210526317
1049341310072258560,1790932623000-632578958264631296-1049341310072258560,1790932623000,1790933222000,1,0.557,0.485,1.1484536082474228
870575606247456768,1790968680000-632578958264631296-870575606247456768,1790968680000,1790968882000,1,0.557,0.35,1.5914285714285716
1536014716214706176,1790932216000-632578958264631296-1536014716214706176,1790932216000,1790932633000,1,0.555,0.296,1.8750000000000002
1536014744312348672,1790925674000-632578958264631296-1536014744312348672,1790925674000,1790925995000,1,0.554,0.416,1.3317307692307694
931856805720489984,1790922987000-632578958264631296-931856805720489984,1790922987000,1790923551000,1,0.554,0.684,0.8099415204678363
1050035879038418944,1790933156000-632578958264631296-1050035879038418944,1790933156000,1790933270000,1,0.552,0.507,1.0887573964497042
1525559056574447616,1790973105000-632578958264631296-1525559056574447616,1790973105000,1790973682000,1,0.551,0.53,1.039622641509434
879404563604439040,1790904793000-632578958264631296-879404563604439040,1790904793000,1790905157000,1,0.551,0.158,3.487341772151899
1105915143314735104,1790913017000-632578958264631296-1105915143314735104,1790913017000,1790914033000,1,0.549,1.39,0.3949640287769785
1064550465066237952,1790905183000-632578958264631296-1064550465066237952,1790905183000,1790905812000,1,0.548,0.291,1.8831615120274916
1101156788989853696,1790934600000-632578958264631296-1101156788989853696,1790934600000,1790934911000,1,0.548,0.166,3.3012048192771086
1397607641592627200,1790906227000-632578958264631296-1397607641592627200,1790906227000,1790906686000,1,0.548,0.411,1.3333333333333335
1536014667858575360,1790938274000-632578958264631296-1536014667858575360,1790938274000,1790938521000,1,0.547,0.148,3.6959459459459465
1268615019327651840,1790909061000-632578958264631296-1268615019327651840,1790909061000,1790909160000,1,0.546,0.38,1.436842105263158
1406228892573761536,1790983958000-632578958264631296-1406228892573761536,1790983958000,1790984212000,1,0.546,0.355,1.5380281690140847
1501933614227521536,1790940960000-632578958264631296-1501933614227521536,1790940960000,1790941458000,1,0.546,0.53,1.030188679245283
1067765446171688960,1790905156000-632578958264631296-1067765446171688960,1790905156000,1790905749000,1,0.543,0.644,0.8431677018633541
1076923642098483200,1790905225000-632578958264631296-1076923642098483200,1790905225000,1790906177000,1,0.54,0.838,0.6443914081145585
1536014618822967296,1790934426000-632578958264631296-1536014618822967296,1790934426000,1790934673000,1,0.538,0.146,3.6849315068493156
926578486859005952,1790922832000-632578958264631296-926578486859005952,1790922832000,1790923507000,1,0.537,0.251,2.1394422310756975
1364616390270517248,1790921393000-632578958264631296-1364616390270517248,1790921393000,1790921778000,1,0.534,0.551,0.969147005444646
798991075485155328,1790928062000-632578958264631296-798991075485155328,1790928062000,1790928363000,1,0.534,0.145,3.6827586206896554
879404563604439040,1790922848000-632578958264631296-879404563604439040,1790922848000,1790923510000,1,0.534,0.293,1.8225255972696248
796706773456125952,1790923943000-632578958264631296-796706773456125952,1790923943000,1790924873000,1,0.531,1.464,0.3627049180327869
943856131652976640,1790922593000-632578958264631296-943856131652976640,1790922593000,1790923285000,1,0.531,0.445,1.1932584269662923
876422423786815488,1790911482000-632578958264631296-876422423786815488,1790911482000,1790911791000,1,0.53,0.388,1.365979381443299
951556794549796864,1790902504000-632578958264631296-951556794549796864,1790902504000,1790902798000,1,0.528,0.299,1.7658862876254182
1175796663680237568,1790944777000-632578958264631296-1175796663680237568,1790944777000,1790945222000,1,0.526,0.512,1.02734375
1536014609964597248,1790938277000-632578958264631296-1536014609964597248,1790938277000,1790938564000,1,0.526,0.181,2.9060773480662987
848986467664396288,1790923727000-632578958264631296-848986467664396288,1790923727000,1790923971000,1,0.526,0.373,1.4101876675603218
870575606247456768,1790963506000-632578958264631296-870575606247456768,1790963506000,1790963870000,1,0.526,0.405,1.2987654320987654
951561875261227008,1790952980000-632578958264631296-951561875261227008,1790952980000,1790953487000,1,0.525,0.485,1.0824742268041239
1073983957575401472,1790953051000-632578958264631296-1073983957575401472,1790953051000,1790953516000,1,0.523,0.444,1.177927927927928
1083726655622479872,1790952993000-632578958264631296-1083726655622479872,1790952993000,1790953303000,1,0.522,0.416,1.2548076923076925
1076923968528580608,1790951350000-632578958264631296-1076923968528580608,1790951350000,1790952116000,1,0.521,0.42,1.2404761904761905
932302785804763136,1790936888000-632578958264631296-932302785804763136,1790936888000,1790937702000,1,0.521,0.64,0.8140625
946026878085365760,1790915195000-632578958264631296-946026878085365760,1790915195000,1790915560000,1,0.516,0.541,0.9537892791127541
1135631306680434688,1790934804000-632578958264631296-1135631306680434688,1790934804000,1790935109000,1,0.515,0.409,1.2591687041564794
1464283595349688320,1790916397000-632578958264631296-1464283595349688320,1790916397000,1790916623000,1,0.511,0.306,1.6699346405228759
818154714091749376,1790933552000-632578958264631296-818154714091749376,1790933552000,1790933703000,1,0.511,0.288,1.7743055555555558
1536014660929585152,1790941858000-632578958264631296-1536014660929585152,1790941858000,1790942105000,1,0.509,0.368,1.3831521739130435
870575606247456768,1790969928000-632578958264631296-870575606247456768,1790969928000,1790970141000,1,0.508,0.208,2.4423076923076925
876422423786815488,1790914618000-632578958264631296-876422423786815488,1790914618000,1790914934000,1,0.507,0.361,1.404432132963989
946025653910634496,1790926392000-632578958264631296-946025653910634496,1790926392000,1790926641000,1,0.507,0.304,1.667763157894737
944574738938724352,1790921691000-632578958264631296-944574738938724352,1790921691000,1790921894000,1,0.502,0.107,4.691588785046729
1083727207982956544,1790920883000-632578958264631296-1083727207982956544,1790920883000,1790921728000,1,0.501,0.854,0.5866510538641686
1500484476822618112,1790984964000-632578958264631296-1500484476822618112,1790984964000,1790985637000,1,0.501,0.478,1.0481171548117156
1046443765134262272,1790910617000-632578958264631296-1046443765134262272,1790910617000,1790910924000,1,0.5,0.315,1.5873015873015872
1061980520671346688,1790936665000-632578958264631296-1061980520671346688,1790936665000,1790936818000,1,0.5,0.138,3.623188405797101
1067771070980816896,1790952892000-632578958264631296-1067771070980816896,1790952892000,1790953466000,1,0.5,0.395,1.2658227848101264
1362128357327634432,1790938537000-632578958264631296-1362128357327634432,1790938537000,1790938874000,1,0.5,0.412,1.2135922330097089
1477629515881512960,1790982644000-632578958264631296-1477629515881512960,1790982644000,1790983123000,1,0.5,0.733,0.6821282401091405
1049976772092755968,1790944527000-632578958264631296-1049976772092755968,1790944527000,1790945151000,1,0.499,0.19,2.626315789473684
1080818558042112000,1790983057000-632578958264631296-1080818558042112000,1790983057000,1790983976000,1,0.497,1.146,0.4336823734729494
1153273602804547584,1790940461000-632578958264631296-1153273602804547584,1790940461000,1790941157000,1,0.492,0.795,0.6188679245283019
946025929669345280,1790914845000-632578958264631296-946025929669345280,1790914845000,1790916007000,1,0.492,0.673,0.7310549777117384
1067772524470730752,1790907673000-632578958264631296-1067772524470730752,1790907673000,1790907978000,1,0.491,0.292,1.6815068493150687
1469693281720860672,1790914895000-632578958264631296-1469693281720860672,1790914895000,1790915288000,1,0.49,0.246,1.991869918699187
929721011920699392,1790958289000-632578958264631296-929721011920699392,1790958289000,1790958583000,1,0.49,0.164,2.9878048780487805
943856131652976640,1790953009000-632578958264631296-943856131652976640,1790953009000,1790953443000,1,0.487,0.188,2.5904255319148937
1525559056574447616,1790960712000-632578958264631296-1525559056574447616,1790960712000,1790961445000,1,0.486,0.441,1.1020408163265305
794219272623620096,1790917757000-632578958264631296-794219272623620096,1790917757000,1790918046000,1,0.485,0.297,1.632996632996633
1064550465066237952,1790907038000-632578958264631296-1064550465066237952,1790907038000,1790907352000,1,0.483,0.434,1.1129032258064515
944573988506435584,1790937509000-632578958264631296-944573988506435584,1790937509000,1790937964000,1,0.483,0.214,2.2570093457943927
1067774958987378688,1790960927000-632578958264631296-1067774958987378688,1790960927000,1790961206000,1,0.481,0.293,1.6416382252559727
943856131652976640,1790952427000-632578958264631296-943856131652976640,1790952427000,1790952681000,1,0.481,0.191,2.5183246073298426
926578486859005952,1790904816000-632578958264631296-926578486859005952,1790904816000,1790905134000,1,0.48,0.182,2.6373626373626373
947105297703370752,1790926037000-632578958264631296-947105297703370752,1790926037000,1790927022000,1,0.478,0.385,1.2415584415584415
1120316481867874304,1790953619000-632578958264631296-1120316481867874304,1790953619000,1790953833000,1,0.477,0.146,3.267123287671233
1071120101278744576,1790967458000-632578958264631296-1071120101278744576,1790967458000,1790968009000,1,0.476,0.375,1.2693333333333332
1536014660929585152,1790942303000-632578958264631296-1536014660929585152,1790942303000,1790942717000,1,0.476,0.373,1.2761394101876675
1501933614227521536,1790927360000-632578958264631296-1501933614227521536,1790927360000,1790927691000,1,0.475,0.213,2.2300469483568075
926578486859005952,1790901105000-632578958264631296-926578486859005952,1790901105000,1790901820000,1,0.475,0.326,1.4570552147239262
870575606247456768,1790928279000-632578958264631296-870575606247456768,1790928279000,1790928485000,1,0.473,0.254,1.8622047244094486
1134877765846171648,1790916977000-632578958264631296-1134877765846171648,1790916977000,1790917270000,1,0.472,0.414,1.1400966183574879
818154714091749376,1790949084000-632578958264631296-818154714091749376,1790949084000,1790949240000,1,0.471,0.117,4.0256410256410255
932302785804763136,1790901876000-632578958264631296-932302785804763136,1790901876000,1790902250000,1,0.47,0.319,1.4733542319749215
1067764585097854976,1790939772000-632578958264631296-1067764585097854976,1790939772000,1790940135000,1,0.468,0.385,1.2155844155844155
1131239137144209408,1790919189000-632578958264631296-1131239137144209408,1790919189000,1790919943000,1,0.467,0.935,0.4994652406417112
796706773456125952,1790916438000-632578958264631296-796706773456125952,1790916438000,1790917226000,1,0.466,0.974,0.47843942505133474
1536014660929585152,1790941441000-632578958264631296-1536014660929585152,1790941441000,1790941672000,1,0.464,0.299,1.5518394648829432
1462138214197231616,1790944594000-632578958264631296-1462138214197231616,1790944594000,1790946529000,1,0.462,1.422,0.3248945147679325
780122893064339456,1790954822000-632578958264631296-780122893064339456,1790954822000,1790955534000,1,0.462,0.695,0.664748201438849
1071858322266652672,1790937298000-632578958264631296-1071858322266652672,1790937298000,1790937719000,1,0.461,0.406,1.1354679802955665
1120316662394912768,1790969154000-632578958264631296-1120316662394912768,1790969154000,1790969555000,1,0.46,0.337,1.3649851632047478
1079425050643267584,1790956182000-632578958264631296-1079425050643267584,1790956182000,1790956516000,1,0.456,0.66,0.6909090909090909
1126869078934290432,1790910338000-632578958264631296-1126869078934290432,1790910338000,1790910576000,1,0.455,0.111,4.099099099099099
1602017244622094336,1790926074000-632578958264631296-1602017244622094336,1790926074000,1790926471000,1,0.455,0.438,1.038812785388128
796706773456125952,1790926923000-632578958264631296-796706773456125952,1790926923000,1790927642000,1,0.455,0.756,0.6018518518518519
1089902742123577344,1790939775000-632578958264631296-1089902742123577344,1790939775000,1790940926000,1,0.454,0.592,0.766891891891892
1385588586753032192,1790920823000-632578958264631296-1385588586753032192,1790920823000,1790921240000,1,0.454,0.266,1.7067669172932332
1602017244622094336,1790924179000-632578958264631296-1602017244622094336,1790924179000,1790924362000,1,0.453,0.097,4.670103092783505
800361869549240320,1790928751000-632578958264631296-800361869549240320,1790928751000,1790929199000,1,0.45,0.287,1.5679442508710804
929721011920699392,1790948012000-632578958264631296-929721011920699392,1790948012000,1790948160000,1,0.45,0.118,3.813559322033899
946025328671719424,1790920939000-632578958264631296-946025328671719424,1790920939000,1790921075000,1,0.45,0.343,1.3119533527696792
1422205727123963904,1790950377000-632578958264631296-1422205727123963904,1790950377000,1790950694000,1,0.449,0.383,1.1723237597911227
1462138214197231616,1790948877000-632578958264631296-1462138214197231616,1790948877000,1790949079000,1,0.448,0.167,2.682634730538922
1120316662394912768,1790967972000-632578958264631296-1120316662394912768,1790967972000,1790968167000,1,0.446,0.31,1.4387096774193548
947093103351693312,1790926484000-632578958264631296-947093103351693312,1790926484000,1790926721000,1,0.445,0.716,0.6215083798882682
1071120101278744576,1790942917000-632578958264631296-1071120101278744576,1790942917000,1790943346000,1,0.442,0.2,2.21
942471450843938816,1790949816000-632578958264631296-942471450843938816,1790949816000,1790950034000,1,0.442,0.377,1.1724137931034482
1045646209449984000,1790904967000-632578958264631296-1045646209449984000,1790904967000,1790905933000,1,0.44,0.43,1.0232558139534884
1536014660929585152,1790910356000-632578958264631296-1536014660929585152,1790910356000,1790910617000,1,0.44,0.239,1.8410041841004186
1184409623537385472,1790929006000-632578958264631296-1184409623537385472,1790929006000,1790929317000,1,0.439,0.324,1.3549382716049383
1299087047838924800,1790901306000-632578958264631296-1299087047838924800,1790901306000,1790901782000,1,0.439,0.373,1.1769436997319036
1153273602804547584,1790952268000-632578958264631296-1153273602804547584,1790952268000,1790952662000,1,0.438,0.514,0.8521400778210116
1536393085787832320,1790914666000-632578958264631296-1536393085787832320,1790914666000,1790915137000,1,0.438,0.093,4.709677419354839
996809766619578368,1790915117000-632578958264631296-996809766619578368,1790915117000,1790915496000,1,0.438,0.277,1.5812274368231045
1082360641819246592,1790911604000-632578958264631296-1082360641819246592,1790911604000,1790912200000,1,0.435,0.493,0.8823529411764706
1536014688339361792,1790945990000-632578958264631296-1536014688339361792,1790945990000,1790946413000,1,0.435,0.632,0.6882911392405063
971379691866816512,1790910393000-632578958264631296-971379691866816512,1790910393000,1790911957000,1,0.435,2.068,0.21034816247582205
1364616390270517248,1790914365000-632578958264631296-1364616390270517248,1790914365000,1790914591000,1,0.432,0.278,1.553956834532374
1486725792942522368,1790939941000-632578958264631296-1486725792942522368,1790939941000,1790940396000,1,0.428,0.286,1.4965034965034967
1071858322266652672,1790938270000-632578958264631296-1071858322266652672,1790938270000,1790938750000,1,0.427,0.235,1.8170212765957447
1464260641047969792,1790906755000-632578958264631296-1464260641047969792,1790906755000,1790907080000,1,0.427,0.134,3.1865671641791042
1536014660929585152,1790938882000-632578958264631296-1536014660929585152,1790938882000,1790939457000,1,0.426,0.506,0.841897233201581
943856131652976640,1790957515000-632578958264631296-943856131652976640,1790957515000,1790957850000,1,0.426,0.355,1.2
947582270531698688,1790910450000-632578958264631296-947582270531698688,1790910450000,1790910761000,1,0.426,0.265,1.6075471698113206
929721011920699392,1790950566000-632578958264631296-929721011920699392,1790950566000,1790950838000,1,0.425,0.103,4.12621359223301
1364616390270517248,1790913438000-632578958264631296-1364616390270517248,1790913438000,1790913737000,1,0.423,0.464,0.9116379310344827
848986467664396288,1790981128000-632578958264631296-848986467664396288,1790981128000,1790981696000,1,0.423,0.595,0.7109243697478992
902974583798235136,1790912809000-632578958264631296-902974583798235136,1790912809000,1790913162000,1,0.423,0.468,0.9038461538461537
947091094921805824,1790927115000-632578958264631296-947091094921805824,1790927115000,1790927838000,1,0.423,0.443,0.9548532731376975
1138167953473142784,1790914297000-632578958264631296-1138167953473142784,1790914297000,1790914671000,1,0.422,0.361,1.1689750692520775
1462138501628690432,1790929903000-632578958264631296-1462138501628690432,1790929903000,1790930814000,1,0.422,0.211,2.0
1083726887294861312,1790912118000-632578958264631296-1083726887294861312,1790912118000,1790912522000,1,0.42,0.386,1.088082901554404
997896292355014656,1790944151000-632578958264631296-997896292355014656,1790944151000,1790944668000,1,0.42,0.621,0.6763285024154589
1131239834900234240,1790945289000-632578958264631296-1131239834900234240,1790945289000,1790946189000,1,0.418,1.277,0.3273296789350039
1083727772540469248,1790932831000-632578958264631296-1083727772540469248,1790932831000,1790933121000,1,0.417,0.518,0.805019305019305
860946857210150912,1790985458000-632578958264631296-860946857210150912,1790985458000,1790986113000,1,0.417,0.435,0.9586206896551723
1045646687990710272,1790918910000-632578958264631296-1045646687990710272,1790918910000,1790919101000,1,0.416,0.216,1.9259259259259258
1050441880044568576,1790933268000-632578958264631296-1050441880044568576,1790933268000,1790933831000,1,0.416,0.202,2.059405940594059
1079095522620342272,1790982559000-632578958264631296-1079095522620342272,1790982559000,1790983829000,1,0.416,0.66,0.6303030303030303
929721011920699392,1790916926000-632578958264631296-929721011920699392,1790916926000,1790917082000,1,0.416,0.081,5.135802469135802
1049341310072258560,1790959522000-632578958264631296-1049341310072258560,1790959522000,1790959869000,1,0.415,0.343,1.2099125364431484
796706773456125952,1790912100000-632578958264631296-796706773456125952,1790912100000,1790912256000,1,0.414,0.072,5.75
879404563604439040,1790954345000-632578958264631296-879404563604439040,1790954345000,1790954749000,1,0.414,0.283,1.4628975265017667
932335222958063616,1790936638000-632578958264631296-932335222958063616,1790936638000,1790936913000,1,0.414,0.475,0.871578947368421
1050441880044568576,1790934668000-632578958264631296-1050441880044568576,1790934668000,1790935020000,1,0.412,0.3,1.3733333333333333
1071019405950844928,1790916630000-632578958264631296-1071019405950844928,1790916630000,1790917324000,1,0.412,0.283,1.4558303886925796
1464253789857906688,1790948687000-632578958264631296-1464253789857906688,1790948687000,1790949134000,1,0.41,0.309,1.3268608414239482
1570836903035404288,1790955875000-632578958264631296-1570836903035404288,1790955875000,1790956156000,1,0.41,0.41,1.0
938499921487593472,1790915309000-632578958264631296-938499921487593472,1790915309000,1790916131000,1,0.41,0.91,0.4505494505494505
1079425050643267584,1790955634000-632578958264631296-1079425050643267584,1790955634000,1790956060000,1,0.409,0.508,0.8051181102362204
1268615019327651840,1790942899000-632578958264631296-1268615019327651840,1790942899000,1790943108000,1,0.409,0.105,3.895238095238095
1385588909638942720,1790957168000-632578958264631296-1385588909638942720,1790957168000,1790958205000,1,0.408,0.821,0.49695493300852617
1079787761596104704,1790930872000-632578958264631296-1079787761596104704,1790930872000,1790931408000,1,0.407,0.201,2.024875621890547
1090633180173565952,1790925274000-632578958264631296-1090633180173565952,1790925274000,1790925425000,1,0.407,0.209,1.9473684210526316
1486725792942522368,1790908347000-632578958264631296-1486725792942522368,1790908347000,1790909256000,1,0.405,0.933,0.4340836012861736
1135630948969218048,1790948761000-632578958264631296-1135630948969218048,1790948761000,1790949053000,1,0.403,0.401,1.0049875311720697
1050036019790872576,1790928345000-632578958264631296-1050036019790872576,1790928345000,1790928530000,1,0.402,0.331,1.2145015105740182
1067765389137543168,1790919556000-632578958264631296-1067765389137543168,1790919556000,1790920830000,1,0.402,1.442,0.2787794729542303
942471450843938816,1790941516000-632578958264631296-942471450843938816,1790941516000,1790941752000,1,0.402,0.287,1.4006968641114985
947105297703370752,1790927030000-632578958264631296-947105297703370752,1790927030000,1790927611000,1,0.402,0.28,1.4357142857142857
1072871041421803520,1790918171000-632578958264631296-1072871041421803520,1790918171000,1790918259000,1,0.4,0.102,3.9215686274509807
1148896718033518592,1790954747000-632578958264631296-1148896718033518592,1790954747000,1790955500000,1,0.4,0.734,0.5449591280653951
1079425050643267584,1790948541000-632578958264631296-1079425050643267584,1790948541000,1790948765000,1,0.398,0.447,0.8903803131991052
1536014660929585152,1790947042000-632578958264631296-1536014660929585152,1790947042000,1790947359000,1,0.396,0.493,0.8032454361054767
1135541524696662016,1790903575000-632578958264631296-1135541524696662016,1790903575000,1790904108000,1,0.395,0.624,0.6330128205128206
1067765446171688960,1790905976000-632578958264631296-1067765446171688960,1790905976000,1790906182000,1,0.394,0.372,1.0591397849462365
1101157025884143616,1790899088000-632578958264631296-1101157025884143616,1790899088000,1790899284000,1,0.394,0.202,1.9504950495049505
1602017244622094336,1790931081000-632578958264631296-1602017244622094336,1790931081000,1790931479000,1,0.394,0.265,1.4867924528301886
926578486859005952,1790929544000-632578958264631296-926578486859005952,1790929544000,1790930007000,1,0.393,0.145,2.710344827586207
1602017244622094336,1790924862000-632578958264631296-1602017244622094336,1790924862000,1790925051000,1,0.392,0.08,4.9
1083727048683290624,1790912180000-632578958264631296-1083727048683290624,1790912180000,1790912578000,1,0.391,0.523,0.7476099426386233
1486725792942522368,1790911746000-632578958264631296-1486725792942522368,1790911746000,1790912404000,1,0.391,0.377,1.0371352785145889
1602017244622094336,1790920226000-632578958264631296-1602017244622094336,1790920226000,1790920596000,1,0.391,0.717,0.5453277545327755
946025929669345280,1790909494000-632578958264631296-946025929669345280,1790909494000,1790910018000,1,0.39,0.212,1.839622641509434
1422205727123963904,1790950936000-632578958264631296-1422205727123963904,1790950936000,1790951329000,1,0.388,0.426,0.9107981220657277
946025929669345280,1790913520000-632578958264631296-946025929669345280,1790913520000,1790913714000,1,0.388,0.532,0.7293233082706767
1081223436249858048,1790900242000-632578958264631296-1081223436249858048,1790900242000,1790903247000,1,0.387,1.003,0.3858424725822533
1113484110199783424,1790942849000-632578958264631296-1113484110199783424,1790942849000,1790943119000,1,0.387,0.414,0.9347826086956522
1153273602804547584,1790929729000-632578958264631296-1153273602804547584,1790929729000,1790930022000,1,0.385,0.323,1.1919504643962848
1093089257012068352,1790906102000-632578958264631296-1093089257012068352,1790906102000,1790906705000,1,0.384,0.38,1.0105263157894737
1536014667858575360,1790904979000-632578958264631296-1536014667858575360,1790904979000,1790905570000,1,0.384,0.364,1.054945054945055
932335222958063616,1790935196000-632578958264631296-932335222958063616,1790935196000,1790935653000,1,0.384,0.468,0.8205128205128205
1064550465066237952,1790905992000-632578958264631296-1064550465066237952,1790905992000,1790906202000,1,0.383,0.259,1.4787644787644787
1385304935976927232,1790905187000-632578958264631296-1385304935976927232,1790905187000,1790905363000,1,0.383,0.321,1.1931464174454829
1593405762816704512,1790976869000-632578958264631296-1593405762816704512,1790976869000,1790977804000,1,0.383,0.823,0.4653705953827461
1101524127430213632,1790920829000-632578958264631296-1101524127430213632,1790920829000,1790921034000,1,0.382,0.292,1.308219178082192
1464283595349688320,1790958372000-632578958264631296-1464283595349688320,1790958372000,1790958677000,1,0.382,0.348,1.0977011494252875
932334220825591808,1790918458000-632578958264631296-932334220825591808,1790918458000,1790918926000,1,0.382,0.56,0.682142857142857
1126571257152667648,1790935799000-632578958264631296-1126571257152667648,1790935799000,1790935973000,1,0.381,0.155,2.458064516129032
877447467317067776,1790939514000-632578958264631296-877447467317067776,1790939514000,1790939840000,1,0.381,0.328,1.1615853658536586
939546232131420160,1790907186000-632578958264631296-939546232131420160,1790907186000,1790907651000,1,0.38,0.779,0.4878048780487805
1120316662394912768,1790938480000-632578958264631296-1120316662394912768,1790938480000,1790938844000,1,0.378,0.524,0.7213740458015266
1046442858321543168,1790922387000-632578958264631296-1046442858321543168,1790922387000,1790922864000,1,0.377,0.177,2.129943502824859
1071858322266652672,1790917164000-632578958264631296-1071858322266652672,1790917164000,1790917437000,1,0.376,0.523,0.7189292543021032
1537822792169291776,1790914495000-632578958264631296-1537822792169291776,1790914495000,1790914809000,1,0.376,0.352,1.0681818181818183
1046442858321543168,1790936609000-632578958264631296-1046442858321543168,1790936609000,1790936818000,1,0.375,0.216,1.7361111111111112
1046442858321543168,1790944798000-632578958264631296-1046442858321543168,1790944798000,1790945132000,1,0.375,0.191,1.963350785340314
1046442858321543168,1790971664000-632578958264631296-1046442858321543168,1790971664000,1790971893000,1,0.375,0.232,1.6163793103448274
1477629723302428672,1790908791000-632578958264631296-1477629723302428672,1790908791000,1790909298000,1,0.375,0.454,0.8259911894273128
1536014596580573184,1790914666000-632578958264631296-1536014596580573184,1790914666000,1790915154000,1,0.375,0.519,0.7225433526011561
942471450843938816,1790951177000-632578958264631296-942471450843938816,1790951177000,1790951413000,1,0.375,0.223,1.6816143497757847
942471450843938816,1790951673000-632578958264631296-942471450843938816,1790951673000,1790952062000,1,0.375,0.258,1.4534883720930232
860946857210150912,1790941283000-632578958264631296-860946857210150912,1790941283000,1790941939000,1,0.374,0.509,0.7347740667976425
1536014688339361792,1790933529000-632578958264631296-1536014688339361792,1790933529000,1790934012000,1,0.37,0.359,1.0306406685236769
1464260641047969792,1790984961000-632578958264631296-1464260641047969792,1790984961000,1790985124000,1,0.368,0.906,0.4061810154525386
1536014618822967296,1790904881000-632578958264631296-1536014618822967296,1790904881000,1790905191000,1,0.367,0.201,1.825870646766169
1536014667858575360,1790922082000-632578958264631296-1536014667858575360,1790922082000,1790922759000,1,0.367,0.379,0.9683377308707124
1593330693851578368,1790923511000-632578958264631296-1593330693851578368,1790923511000,1790923765000,1,0.366,0.354,1.033898305084746
1067776196789403648,1790944007000-632578958264631296-1067776196789403648,1790944007000,1790944466000,1,0.365,0.374,0.9759358288770054
870575606247456768,1790915559000-632578958264631296-870575606247456768,1790915559000,1790915752000,1,0.365,0.187,1.9518716577540107
1477629515881512960,1790902595000-632578958264631296-1477629515881512960,1790902595000,1790902940000,1,0.364,0.38,0.9578947368421052
946025929669345280,1790910660000-632578958264631296-946025929669345280,1790910660000,1790911611000,1,0.363,0.514,0.7062256809338521
1079778539525373952,1790917284000-632578958264631296-1079778539525373952,1790917284000,1790917836000,1,0.362,0.706,0.5127478753541077
1536014660929585152,1790945788000-632578958264631296-1536014660929585152,1790945788000,1790946025000,1,0.362,0.396,0.914141414141414
1083726655622479872,1790951912000-632578958264631296-1083726655622479872,1790951912000,1790952296000,1,0.361,0.598,0.6036789297658863
862677666426257408,1790954539000-632578958264631296-862677666426257408,1790954539000,1790955094000,1,0.361,0.512,0.705078125
935627425390264320,1790945310000-632578958264631296-935627425390264320,1790945310000,1790945934000,1,0.36,1.214,0.29654036243822074
946024601958219776,1790937303000-632578958264631296-946024601958219776,1790937303000,1790937434000,1,0.36,0.12,3.0
1045646687990710272,1790958906000-632578958264631296-1045646687990710272,1790958906000,1790959016000,1,0.359,0.098,3.6632653061224487
947093103351693312,1790927119000-632578958264631296-947093103351693312,1790927119000,1790927374000,1,0.359,0.123,2.9186991869918697
1060630916881186816,1790900596000-632578958264631296-1060630916881186816,1790900596000,1790901120000,1,0.358,0.803,0.4458281444582814
1094956363722784768,1790936814000-632578958264631296-1094956363722784768,1790936814000,1790936991000,1,0.358,0.396,0.904040404040404
1479447378401427456,1790907284000-632578958264631296-1479447378401427456,1790907284000,1790907556000,1,0.358,0.15,2.3866666666666667
879404563604439040,1790958796000-632578958264631296-879404563604439040,1790958796000,1790959229000,1,0.358,0.284,1.2605633802816902
946025929669345280,1790912197000-632578958264631296-946025929669345280,1790912197000,1790912929000,1,0.358,0.605,0.5917355371900826
1361380561528029184,1790977618000-632578958264631296-1361380561528029184,1790977618000,1790978115000,1,0.357,0.346,1.0317919075144508
1364616390270517248,1790916839000-632578958264631296-1364616390270517248,1790916839000,1790917041000,1,0.357,0.201,1.7761194029850744
943858330336493568,1790937121000-632578958264631296-943858330336493568,1790937121000,1790937308000,1,0.357,0.256,1.39453125
1570836903035404288,1790961321000-632578958264631296-1570836903035404288,1790961321000,1790961632000,1,0.355,0.413,0.8595641646489104
1602017244622094336,1790913126000-632578958264631296-1602017244622094336,1790913126000,1790913336000,1,0.355,0.542,0.654981549815498
819592403370377216,1790954437000-632578958264631296-819592403370377216,1790954437000,1790954825000,1,0.355,0.24,1.4791666666666667
929726540265029632,1790944150000-632578958264631296-929726540265029632,1790944150000,1790944548000,1,0.354,0.473,0.7484143763213531
942471450843938816,1790905802000-632578958264631296-942471450843938816,1790905802000,1790906488000,1,0.354,0.436,0.8119266055045871
944574738938724352,1790921168000-632578958264631296-944574738938724352,1790921168000,1790921440000,1,0.354,0.228,1.5526315789473684
947091094921805824,1790943669000-632578958264631296-947091094921805824,1790943669000,1790946031000,1,0.354,0.631,0.5610142630744849
1083039951072788480,1790915249000-632578958264631296-1083039951072788480,1790915249000,1790915334000,1,0.353,0.465,0.7591397849462365
1071858322266652672,1790916430000-632578958264631296-1071858322266652672,1790916430000,1790916701000,1,0.352,0.373,0.9436997319034852
1056588446363025408,1790910446000-632578958264631296-1056588446363025408,1790910446000,1790910640000,1,0.351,0.212,1.6556603773584906
1464253789857906688,1790968689000-632578958264631296-1464253789857906688,1790968689000,1790969022000,1,0.351,0.45,0.7799999999999999
1535700301011484672,1790921515000-632578958264631296-1535700301011484672,1790921515000,1790922021000,1,0.349,0.285,1.224561403508772
996809766619578368,1790906037000-632578958264631296-996809766619578368,1790906037000,1790906286000,1,0.349,0.095,3.6736842105263157
1064550465066237952,1790904508000-632578958264631296-1064550465066237952,1790904508000,1790904761000,1,0.348,0.264,1.3181818181818181
1093087738300727296,1790905086000-632578958264631296-1093087738300727296,1790905086000,1790905648000,1,0.348,0.328,1.0609756097560974
1464253789857906688,1790954698000-632578958264631296-1464253789857906688,1790954698000,1790955146000,1,0.347,0.318,1.091194968553459
1050781532765028352,1790915837000-632578958264631296-1050781532765028352,1790915837000,1790916480000,1,0.346,0.45,0.7688888888888888
1067764901566480384,1790957444000-632578958264631296-1067764901566480384,1790957444000,1790958960000,1,0.346,1.626,0.21279212792127922
1259200800735887360,1790931709000-632578958264631296-1259200800735887360,1790931709000,1790932331000,1,0.346,0.382,0.9057591623036648
939546576563470336,1790955116000-632578958264631296-939546576563470336,1790955116000,1790955399000,1,0.345,0.197,1.7512690355329947
1067772524470730752,1790905082000-632578958264631296-1067772524470730752,1790905082000,1790905676000,1,0.344,0.671,0.5126676602086437
787737136659955712,1790902513000-632578958264631296-787737136659955712,1790902513000,1790903182000,1,0.343,0.583,0.5883361921097771
947091094921805824,1790946156000-632578958264631296-947091094921805824,1790946156000,1790946685000,1,0.343,0.196,1.75
1097510484225032192,1790911726000-632578958264631296-1097510484225032192,1790911726000,1790911819000,1,0.341,0.311,1.0964630225080387
931856805720489984,1790933150000-632578958264631296-931856805720489984,1790933150000,1790933861000,1,0.341,0.939,0.3631522896698616
1593330693851578368,1790925436000-632578958264631296-1593330693851578368,1790925436000,1790925665000,1,0.339,0.272,1.2463235294117647
873916972050415616,1790943880000-632578958264631296-873916972050415616,1790943880000,1790944222000,1,0.339,0.327,1.036697247706422
947105297703370752,1790925267000-632578958264631296-947105297703370752,1790925267000,1790925848000,1,0.338,0.251,1.3466135458167332
1050441880044568576,1790931329000-632578958264631296-1050441880044568576,1790931329000,1790931966000,1,0.337,0.318,1.059748427672956
1093088075828953088,1790930434000-632578958264631296-1093088075828953088,1790930434000,1790930609000,1,0.337,0.18,1.8722222222222225
1113484110199783424,1790924368000-632578958264631296-1113484110199783424,1790924368000,1790924769000,1,0.336,0.368,0.9130434782608696
1136252936335130624,1790938278000-632578958264631296-1136252936335130624,1790938278000,1790938738000,1,0.336,0.483,0.6956521739130436
787687496786903040,1790906002000-632578958264631296-787687496786903040,1790906002000,1790906435000,1,0.335,0.359,0.9331476323119778
1050036568242257920,1790906113000-632578958264631296-1050036568242257920,1790906113000,1790906629000,1,0.334,0.571,0.5849387040280211
1082330521322651648,1790930071000-632578958264631296-1082330521322651648,1790930071000,1790930709000,1,0.334,0.731,0.45690834473324216
951561875261227008,1790951204000-632578958264631296-951561875261227008,1790951204000,1790951327000,1,0.331,0.211,1.5687203791469195
1138783468012961792,1790935890000-632578958264631296-1138783468012961792,1790935890000,1790935987000,1,0.329,0.343,0.9591836734693877
1501933614227521536,1790928217000-632578958264631296-1501933614227521536,1790928217000,1790928430000,1,0.329,0.199,1.6532663316582914
1385588816730914816,1790956038000-632578958264631296-1385588816730914816,1790956038000,1790956298000,1,0.328,0.281,1.1672597864768683
1536014618822967296,1790921912000-632578958264631296-1536014618822967296,1790921912000,1790922745000,1,0.326,0.502,0.649402390438247
848986467664396288,1790923222000-632578958264631296-848986467664396288,1790923222000,1790923469000,1,0.326,0.308,1.0584415584415585
1079425050643267584,1790950219000-632578958264631296-1079425050643267584,1790950219000,1790950395000,1,0.325,0.396,0.8207070707070707
1088168906306093056,1790945591000-632578958264631296-1088168906306093056,1790945591000,1790945954000,1,0.324,0.446,0.726457399103139
1067772524470730752,1790909380000-632578958264631296-1067772524470730752,1790909380000,1790909737000,1,0.321,0.309,1.0388349514563107
1079425050643267584,1790932796000-632578958264631296-1079425050643267584,1790932796000,1790932979000,1,0.321,0.158,2.0316455696202533
1067765133431799808,1790913192000-632578958264631296-1067765133431799808,1790913192000,1790913378000,1,0.32,0.25,1.28
929726540265029632,1790943798000-632578958264631296-929726540265029632,1790943798000,1790944033000,1,0.317,0.516,0.6143410852713178
951556794549796864,1790902814000-632578958264631296-951556794549796864,1790902814000,1790903202000,1,0.317,0.271,1.169741697416974
1176582767303983104,1790926372000-632578958264631296-1176582767303983104,1790926372000,1790927240000,1,0.316,0.868,0.36405529953917054
1570836903035404288,1790962789000-632578958264631296-1570836903035404288,1790962789000,1790963357000,1,0.316,0.628,0.5031847133757962
1131240847388442624,1790964356000-632578958264631296-1131240847388442624,1790964356000,1790964816000,1,0.315,0.709,0.4442877291960508
946024601958219776,1790904776000-632578958264631296-946024601958219776,1790904776000,1790905014000,1,0.314,0.296,1.060810810810811
1050441880044568576,1790932569000-632578958264631296-1050441880044568576,1790932569000,1790932823000,1,0.313,0.264,1.1856060606060606
1073983957575401472,1790962974000-632578958264631296-1073983957575401472,1790962974000,1790963239000,1,0.312,0.31,1.0064516129032257
784445514740400128,1790947057000-632578958264631296-784445514740400128,1790947057000,1790947300000,1,0.311,0.161,1.9316770186335404
947107003673608192,1790920417000-632578958264631296-947107003673608192,1790920417000,1790920527000,1,0.311,0.114,2.7280701754385963
1268614873160351744,1790923581000-632578958264631296-1268614873160351744,1790923581000,1790924241000,1,0.309,0.686,0.4504373177842565
1471165285556813824,1790953370000-632578958264631296-1471165285556813824,1790953370000,1790953957000,1,0.309,0.387,0.7984496124031008
1046442858321543168,1790965654000-632578958264631296-1046442858321543168,1790965654000,1790965827000,1,0.308,0.139,2.2158273381294964
1067775916656033792,1790921368000-632578958264631296-1067775916656033792,1790921368000,1790921907000,1,0.308,0.665,0.4631578947368421
1602017244622094336,1790922357000-632578958264631296-1602017244622094336,1790922357000,1790922509000,1,0.307,0.346,0.8872832369942197
869903761768710144,1790938859000-632578958264631296-869903761768710144,1790938859000,1790939211000,1,0.307,0.378,0.8121693121693121
1094584670655348736,1790921518000-632578958264631296-1094584670655348736,1790921518000,1790921683000,1,0.305,0.082,3.719512195121951
1536014654021566464,1790909304000-632578958264631296-1536014654021566464,1790909304000,1790909546000,1,0.304,0.161,1.8881987577639752
1593331058084937728,1790944692000-632578958264631296-1593331058084937728,1790944692000,1790944903000,1,0.304,0.152,2.0
1079444806125486080,1790910957000-632578958264631296-1079444806125486080,1790910957000,1790911209000,1,0.303,0.383,0.7911227154046997
1600617075997409280,1790926068000-632578958264631296-1600617075997409280,1790926068000,1790926366000,1,0.303,0.451,0.671840354767184
1462138501628690432,1790948855000-632578958264631296-1462138501628690432,1790948855000,1790949120000,1,0.302,0.147,2.054421768707483
812260483275948032,1790930148000-632578958264631296-812260483275948032,1790930148000,1790930306000,1,0.302,0.189,1.597883597883598
947091094921805824,1790929749000-632578958264631296-947091094921805824,1790929749000,1790931548000,1,0.302,1.103,0.27379873073436084
1385588816730914816,1790956853000-632578958264631296-1385588816730914816,1790956853000,1790957366000,1,0.301,0.427,0.7049180327868853
938815830156640256,1790914292000-632578958264631296-938815830156640256,1790914292000,1790914856000,1,0.301,0.97,0.31030927835051547
1131571393566081024,1790929645000-632578958264631296-1131571393566081024,1790929645000,1790929809000,1,0.3,0.067,4.477611940298507
932302785804763136,1790923359000-632578958264631296-932302785804763136,1790923359000,1790923891000,1,0.3,0.611,0.4909983633387889
942471450843938816,1790944650000-632578958264631296-942471450843938816,1790944650000,1790944812000,1,0.298,0.174,1.7126436781609196
1101156788989853696,1790933018000-632578958264631296-1101156788989853696,1790933018000,1790933203000,1,0.296,0.077,3.844155844155844
1525559056574447616,1790941004000-632578958264631296-1525559056574447616,1790941004000,1790941572000,1,0.296,0.318,0.930817610062893
1593330693851578368,1790922071000-632578958264631296-1593330693851578368,1790922071000,1790922387000,1,0.296,0.353,0.8385269121813032
926578486859005952,1790951954000-632578958264631296-926578486859005952,1790951954000,1790952337000,1,0.295,0.274,1.0766423357664232
951558904641224704,1790925042000-632578958264631296-951558904641224704,1790925042000,1790925279000,1,0.295,0.291,1.013745704467354
1060630916881186816,1790909616000-632578958264631296-1060630916881186816,1790909616000,1790909979000,1,0.294,0.423,0.6950354609929078
1093087265762050048,1790936937000-632578958264631296-1093087265762050048,1790936937000,1790937070000,1,0.294,0.148,1.9864864864864864
1537822792169291776,1790913801000-632578958264631296-1537822792169291776,1790913801000,1790914180000,1,0.293,0.376,0.7792553191489361
1602017244622094336,1790925536000-632578958264631296-1602017244622094336,1790925536000,1790925804000,1,0.293,0.374,0.783422459893048
796706773456125952,1790931176000-632578958264631296-796706773456125952,1790931176000,1790931326000,1,0.293,0.343,0.8542274052478133
1536014609964597248,1790931813000-632578958264631296-1536014609964597248,1790931813000,1790932158000,1,0.292,0.228,1.280701754385965
1602017244622094336,1790953380000-632578958264631296-1602017244622094336,1790953380000,1790953941000,1,0.292,0.439,0.6651480637813212
869905949161160704,1790933975000-632578958264631296-869905949161160704,1790933975000,1790934545000,1,0.292,0.787,0.37102922490470136
1064550465066237952,1790904247000-632578958264631296-1064550465066237952,1790904247000,1790904481000,1,0.291,0.332,0.8765060240963854
1083726655622479872,1790953379000-632578958264631296-1083726655622479872,1790953379000,1790953676000,1,0.291,0.422,0.6895734597156398
1153273602804547584,1790928857000-632578958264631296-1153273602804547584,1790928857000,1790929212000,1,0.291,0.445,0.6539325842696628
1536014609964597248,1790924064000-632578958264631296-1536014609964597248,1790924064000,1790924397000,1,0.291,0.22,1.3227272727272725
1602017244622094336,1790927022000-632578958264631296-1602017244622094336,1790927022000,1790927294000,1,0.291,0.582,0.5
1138167953473142784,1790906167000-632578958264631296-1138167953473142784,1790906167000,1790906449000,1,0.288,0.291,0.9896907216494846
1067764685513687040,1790909882000-632578958264631296-1067764685513687040,1790909882000,1790910078000,1,0.287,0.466,0.6158798283261802
1364616390270517248,1790926498000-632578958264631296-1364616390270517248,1790926498000,1790927249000,1,0.287,0.561,0.5115864527629232
1361380561528029184,1790957531000-632578958264631296-1361380561528029184,1790957531000,1790958114000,1,0.286,0.347,0.8242074927953891
866245373776101376,1790926235000-632578958264631296-866245373776101376,1790926235000,1790926614000,1,0.286,0.352,0.8125
1073663863301341184,1790913551000-632578958264631296-1073663863301341184,1790913551000,1790914461000,1,0.284,0.439,0.6469248291571753
1067764977248501760,1790930262000-632578958264631296-1067764977248501760,1790930262000,1790931521000,1,0.283,1.594,0.17754077791718945
1094588896550846464,1790947019000-632578958264631296-1094588896550846464,1790947019000,1790947166000,1,0.283,0.177,1.5988700564971752
1101157025884143616,1790936792000-632578958264631296-1101157025884143616,1790936792000,1790937480000,1,0.283,0.719,0.3936022253129346
926578486859005952,1790930195000-632578958264631296-926578486859005952,1790930195000,1790930560000,1,0.283,0.075,3.773333333333333
996809766619578368,1790939076000-632578958264631296-996809766619578368,1790939076000,1790939657000,1,0.281,0.235,1.1957446808510641
996809766619578368,1790908411000-632578958264631296-996809766619578368,1790908411000,1790908605000,1,0.28,0.097,2.8865979381443303
1289306380670337024,1790918978000-632578958264631296-1289306380670337024,1790918978000,1790919561000,1,0.279,0.816,0.3419117647058824
866245317551456256,1790923439000-632578958264631296-866245317551456256,1790923439000,1790923748000,1,0.279,0.372,0.7500000000000001
876044057397166080,1790907594000-632578958264631296-876044057397166080,1790907594000,1790907798000,1,0.279,0.206,1.3543689320388352
877447467317067776,1790983112000-632578958264631296-877447467317067776,1790983112000,1790983333000,1,0.278,0.297,0.9360269360269362
951557843473924096,1790922198000-632578958264631296-951557843473924096,1790922198000,1790922606000,1,0.278,0.269,1.033457249070632
931856805720489984,1790934211000-632578958264631296-931856805720489984,1790934211000,1790934497000,1,0.277,0.409,0.6772616136919316
931938734016823296,1790907348000-632578958264631296-931938734016823296,1790907348000,1790907803000,1,0.277,0.483,0.5734989648033127
1148896718033518592,1790957417000-632578958264631296-1148896718033518592,1790957417000,1790957921000,1,0.276,0.508,0.5433070866141733
1079795397515280384,1790944152000-632578958264631296-1079795397515280384,1790944152000,1790944460000,1,0.275,0.102,2.696078431372549
1083727772540469248,1790936258000-632578958264631296-1083727772540469248,1790936258000,1790936750000,1,0.275,0.657,0.4185692541856926
1083727772540469248,1790940639000-632578958264631296-1083727772540469248,1790940639000,1790940837000,1,0.274,0.137,2.0
848986467664396288,1790924609000-632578958264631296-848986467664396288,1790924609000,1790924831000,1,0.274,0.275,0.9963636363636363
1471165285556813824,1790953959000-632578958264631296-1471165285556813824,1790953959000,1790954791000,1,0.273,0.41,0.6658536585365854
1094588896550846464,1790945844000-632578958264631296-1094588896550846464,1790945844000,1790946121000,1,0.271,0.266,1.018796992481203
947105297703370752,1790924777000-632578958264631296-947105297703370752,1790924777000,1790924937000,1,0.271,0.13,2.0846153846153848
1135631306680434688,1790932582000-632578958264631296-1135631306680434688,1790932582000,1790932849000,1,0.27,0.291,0.9278350515463919
818154714091749376,1790937680000-632578958264631296-818154714091749376,1790937680000,1790938169000,1,0.27,0.422,0.6398104265402844
931938734016823296,1790922472000-632578958264631296-931938734016823296,1790922472000,1790922934000,1,0.27,0.521,0.5182341650671786
947452563299500032,1790935157000-632578958264631296-947452563299500032,1790935157000,1790935443000,1,0.27,0.192,1.40625
1083726655622479872,1790916316000-632578958264631296-1083726655622479872,1790916316000,1790916506000,1,0.269,0.228,1.1798245614035088
1176134230934028288,1790913441000-632578958264631296-1176134230934028288,1790913441000,1790913825000,1,0.269,0.638,0.4216300940438872
1536014618822967296,1790930610000-632578958264631296-1536014618822967296,1790930610000,1790930793000,1,0.269,0.143,1.8811188811188815
1090633180173565952,1790929078000-632578958264631296-1090633180173565952,1790929078000,1790929391000,1,0.268,0.417,0.642685851318945
1188144161019133952,1790972986000-632578958264631296-1188144161019133952,1790972986000,1790973869000,1,0.268,0.051,5.254901960784315
1540361830973571072,1790933283000-632578958264631296-1540361830973571072,1790933283000,1790933796000,1,0.268,0.33,0.8121212121212121
1045646209449984000,1790925621000-632578958264631296-1045646209449984000,1790925621000,1790926028000,1,0.266,0.235,1.1319148936170214
1072872003913908224,1790902201000-632578958264631296-1072872003913908224,1790902201000,1790902386000,1,0.266,0.189,1.4074074074074074
1464286677953413120,1790920140000-632578958264631296-1464286677953413120,1790920140000,1790920579000,1,0.266,0.181,1.4696132596685083
794226357327364096,1790937899000-632578958264631296-794226357327364096,1790937899000,1790938191000,1,0.266,0.233,1.1416309012875536
947093103351693312,1790916149000-632578958264631296-947093103351693312,1790916149000,1790916382000,1,0.266,0.86,0.30930232558139537
1071120101278744576,1790969831000-632578958264631296-1071120101278744576,1790969831000,1790970091000,1,0.265,0.168,1.5773809523809523
1064532839803912192,1790900236000-632578958264631296-1064532839803912192,1790900236000,1790900856000,1,0.264,0.349,0.7564469914040115
1536427445069021184,1790936052000-632578958264631296-1536427445069021184,1790936052000,1790937620000,1,0.264,0.74,0.3567567567567568
787687496786903040,1790911998000-632578958264631296-787687496786903040,1790911998000,1790912281000,1,0.264,0.27,0.9777777777777777
1071019405950844928,1790910310000-632578958264631296-1071019405950844928,1790910310000,1790910907000,1,0.263,0.346,0.7601156069364162
938817698895233024,1790927847000-632578958264631296-938817698895233024,1790927847000,1790927981000,1,0.261,0.059,4.423728813559323
947583451614150656,1790940251000-632578958264631296-947583451614150656,1790940251000,1790940345000,1,0.261,0.337,0.7744807121661721
1083039951072788480,1790938868000-632578958264631296-1083039951072788480,1790938868000,1790939141000,1,0.259,0.345,0.7507246376811595
942471450843938816,1790920268000-632578958264631296-942471450843938816,1790920268000,1790920503000,1,0.259,0.17,1.5235294117647058
1072871041421803520,1790908291000-632578958264631296-1072871041421803520,1790908291000,1790908568000,1,0.258,0.139,1.8561151079136688
1090633180173565952,1790930578000-632578958264631296-1090633180173565952,1790930578000,1790930793000,1,0.258,0.246,1.048780487804878
1093087738300727296,1790925635000-632578958264631296-1093087738300727296,1790925635000,1790925952000,1,0.258,0.333,0.7747747747747747
1131240847388442624,1790952750000-632578958264631296-1131240847388442624,1790952750000,1790953147000,1,0.258,0.049,5.26530612244898
1422205727123963904,1790940691000-632578958264631296-1422205727123963904,1790940691000,1790941038000,1,0.258,0.193,1.3367875647668395
1536014716214706176,1790939574000-632578958264631296-1536014716214706176,1790939574000,1790940265000,1,0.258,0.482,0.5352697095435685
947093103351693312,1790921657000-632578958264631296-947093103351693312,1790921657000,1790921880000,1,0.258,0.695,0.37122302158273385
1299087047838924800,1790906499000-632578958264631296-1299087047838924800,1790906499000,1790906691000,1,0.257,0.174,1.4770114942528736
1462138501628690432,1790916533000-632578958264631296-1462138501628690432,1790916533000,1790917577000,1,0.257,0.74,0.3472972972972973
1486725792942522368,1790938798000-632578958264631296-1486725792942522368,1790938798000,1790939033000,1,0.255,0.046,5.543478260869565
862287863801184256,1790922671000-632578958264631296-862287863801184256,1790922671000,1790923271000,1,0.255,0.359,0.7103064066852368
946025929669345280,1790916560000-632578958264631296-946025929669345280,1790916560000,1790917494000,1,0.255,0.363,0.7024793388429752
929721011920699392,1790945812000-632578958264631296-929721011920699392,1790945812000,1790946221000,1,0.254,0.114,2.2280701754385963
1050766698002513920,1790939171000-632578958264631296-1050766698002513920,1790939171000,1790939841000,1,0.253,0.54,0.4685185185185185
1067776196789403648,1790957469000-632578958264631296-1067776196789403648,1790957469000,1790957831000,1,0.253,0.345,0.7333333333333334
1110856695237574656,1790931335000-632578958264631296-1110856695237574656,1790931335000,1790931936000,1,0.253,0.655,0.38625954198473283
780067386190462976,1790947302000-632578958264631296-780067386190462976,1790947302000,1790947579000,1,0.253,0.233,1.0858369098712446
926578486859005952,1790936733000-632578958264631296-926578486859005952,1790936733000,1790937230000,1,0.253,0.197,1.284263959390863
929731076446748672,1790949159000-632578958264631296-929731076446748672,1790949159000,1790949533000,1,0.253,0.361,0.700831024930748
1101156788989853696,1790936456000-632578958264631296-1101156788989853696,1790936456000,1790936610000,1,0.252,0.069,3.652173913043478
877906550297985024,1790936607000-632578958264631296-877906550297985024,1790936607000,1790937044000,1,0.252,0.228,1.1052631578947367
1593693995681185792,1790926960000-632578958264631296-1593693995681185792,1790926960000,1790927124000,1,0.251,0.149,1.6845637583892619
1045646687990710272,1790909402000-632578958264631296-1045646687990710272,1790909402000,1790909977000,1,0.25,0.473,0.5285412262156448
1046442858321543168,1790934755000-632578958264631296-1046442858321543168,1790934755000,1790935248000,1,0.25,0.157,1.5923566878980893
1046442858321543168,1790942449000-632578958264631296-1046442858321543168,1790942449000,1790943002000,1,0.25,0.238,1.050420168067227
1361380561528029184,1790976121000-632578958264631296-1361380561528029184,1790976121000,1790977237000,1,0.25,0.377,0.6631299734748011
1422205727123963904,1790906313000-632578958264631296-1422205727123963904,1790906313000,1790906710000,1,0.25,0.226,1.1061946902654867
1471144582421938176,1790918273000-632578958264631296-1471144582421938176,1790918273000,1790918765000,1,0.25,0.672,0.3720238095238095
942471450843938816,1790926088000-632578958264631296-942471450843938816,1790926088000,1790926576000,1,0.25,0.302,0.8278145695364238
996809766619578368,1790905906000-632578958264631296-996809766619578368,1790905906000,1790906003000,1,0.25,0.069,3.623188405797101
1067763553357791232,1790930304000-632578958264631296-1067763553357791232,1790930304000,1790930615000,1,0.248,0.239,1.0376569037656904
1600617075997409280,1790925072000-632578958264631296-1600617075997409280,1790925072000,1790925318000,1,0.248,0.286,0.8671328671328672
1064550465066237952,1790904866000-632578958264631296-1064550465066237952,1790904866000,1790905126000,1,0.247,0.105,2.3523809523809525
1536014667858575360,1790926270000-632578958264631296-1536014667858575360,1790926270000,1790926501000,1,0.247,0.249,0.9919678714859438
1067764901566480384,1790933846000-632578958264631296-1067764901566480384,1790933846000,1790934102000,1,0.246,0.328,0.75
1067765446171688960,1790904866000-632578958264631296-1067765446171688960,1790904866000,1790905056000,1,0.245,0.284,0.8626760563380282
1188144161019133952,1790973870000-632578958264631296-1188144161019133952,1790973870000,1790974619000,1,0.245,0.047,5.212765957446808
1488156307717357568,1790935467000-632578958264631296-1488156307717357568,1790935467000,1790936409000,1,0.245,0.529,0.46313799621928164
1536014618822967296,1790924121000-632578958264631296-1536014618822967296,1790924121000,1790924470000,1,0.245,0.262,0.9351145038167938
946025328671719424,1790919661000-632578958264631296-946025328671719424,1790919661000,1790919877000,1,0.245,0.244,1.0040983606557377
1120316662394912768,1790968239000-632578958264631296-1120316662394912768,1790968239000,1790968422000,1,0.244,0.23,1.0608695652173912
922469481249243136,1790929720000-632578958264631296-922469481249243136,1790929720000,1790930614000,1,0.243,0.774,0.313953488372093
1536014609964597248,1790927080000-632578958264631296-1536014609964597248,1790927080000,1790927532000,1,0.241,0.28,0.8607142857142857
1067772524470730752,1790907002000-632578958264631296-1067772524470730752,1790907002000,1790907254000,1,0.24,0.252,0.9523809523809523
1076923642098483200,1790906181000-632578958264631296-1076923642098483200,1790906181000,1790906732000,1,0.24,0.306,0.7843137254901961
1126869078934290432,1790910669000-632578958264631296-1126869078934290432,1790910669000,1790910945000,1,0.24,0.294,0.8163265306122449
1046442858321543168,1790923350000-632578958264631296-1046442858321543168,1790923350000,1790923697000,1,0.239,0.097,2.4639175257731956
1364616390270517248,1790927531000-632578958264631296-1364616390270517248,1790927531000,1790928107000,1,0.239,0.516,0.4631782945736434
1501933614227521536,1790927884000-632578958264631296-1501933614227521536,1790927884000,1790928022000,1,0.238,0.045,5.288888888888889
939139369715892224,1790911805000-632578958264631296-939139369715892224,1790911805000,1790912138000,1,0.238,0.304,0.7828947368421052
1067775256489361408,1790903162000-632578958264631296-1067775256489361408,1790903162000,1790903759000,1,0.237,0.542,0.4372693726937269
1090633180173565952,1790930299000-632578958264631296-1090633180173565952,1790930299000,1790930490000,1,0.237,0.195,1.2153846153846153
1536014618822967296,1790941096000-632578958264631296-1536014618822967296,1790941096000,1790941243000,1,0.237,0.24,0.9874999999999999
939545725614686208,1790919625000-632578958264631296-939545725614686208,1790919625000,1790920004000,1,0.236,0.396,0.5959595959595959
870575606247456768,1790927598000-632578958264631296-870575606247456768,1790927598000,1790927802000,1,0.235,0.245,0.9591836734693877
942471450843938816,1790935222000-632578958264631296-942471450843938816,1790935222000,1790935432000,1,0.234,0.085,2.7529411764705882
1132636843020386304,1790981146000-632578958264631296-1132636843020386304,1790981146000,1790981428000,1,0.233,0.172,1.3546511627906979
1094588896550846464,1790946130000-632578958264631296-1094588896550846464,1790946130000,1790946314000,1,0.232,0.285,0.8140350877192983
929717117048061952,1790937921000-632578958264631296-929717117048061952,1790937921000,1790938366000,1,0.232,0.546,0.4249084249084249
939139369715892224,1790912891000-632578958264631296-939139369715892224,1790912891000,1790913429000,1,0.232,0.584,0.3972602739726028
951559578305167360,1790933457000-632578958264631296-951559578305167360,1790933457000,1790933652000,1,0.232,0.11,2.1090909090909093
1071858322266652672,1790922559000-632578958264631296-1071858322266652672,1790922559000,1790922810000,1,0.231,0.15,1.54
873109579045535744,1790943574000-632578958264631296-873109579045535744,1790943574000,1790943984000,1,0.231,0.372,0.6209677419354839
1176582767303983104,1790929568000-632578958264631296-1176582767303983104,1790929568000,1790930434000,1,0.23,0.894,0.25727069351230425
1602017244622094336,1790925112000-632578958264631296-1602017244622094336,1790925112000,1790925420000,1,0.23,0.384,0.5989583333333334
1471165285556813824,1790924942000-632578958264631296-1471165285556813824,1790924942000,1790925276000,1,0.229,0.299,0.7658862876254181
1536014667858575360,1790943952000-632578958264631296-1536014667858575360,1790943952000,1790944144000,1,0.229,0.151,1.5165562913907287
866648789010612224,1790938250000-632578958264631296-866648789010612224,1790938250000,1790938578000,1,0.229,0.238,0.96218487394958
879404563604439040,1790951712000-632578958264631296-879404563604439040,1790951712000,1790951918000,1,0.229,0.111,2.0630630630630633
929721011920699392,1790913813000-632578958264631296-929721011920699392,1790913813000,1790913989000,1,0.229,0.056,4.089285714285714
932302785804763136,1790909156000-632578958264631296-932302785804763136,1790909156000,1790909489000,1,0.229,0.211,1.085308056872038
1067763553357791232,1790949315000-632578958264631296-1067763553357791232,1790949315000,1790949611000,1,0.228,0.28,0.8142857142857143
1141991039255445504,1790938605000-632578958264631296-1141991039255445504,1790938605000,1790938746000,1,0.228,0.222,1.027027027027027
1153273376152748032,1790953734000-632578958264631296-1153273376152748032,1790953734000,1790953908000,1,0.228,0.151,1.5099337748344372
1536014609964597248,1790926433000-632578958264631296-1536014609964597248,1790926433000,1790926618000,1,0.228,0.092,2.4782608695652177
1361380561528029184,1790974849000-632578958264631296-1361380561528029184,1790974849000,1790975256000,1,0.227,0.221,1.0271493212669685
935627425390264320,1790947300000-632578958264631296-935627425390264320,1790947300000,1790947825000,1,0.227,0.558,0.40681003584229386
1364616390270517248,1790918985000-632578958264631296-1364616390270517248,1790918985000,1790919424000,1,0.226,0.449,0.5033407572383074
901057526324264960,1790942422000-632578958264631296-901057526324264960,1790942422000,1790942656000,1,0.226,0.339,0.6666666666666666
931938125880492032,1790908023000-632578958264631296-931938125880492032,1790908023000,1790908413000,1,0.226,0.511,0.4422700587084149
1094650284191252480,1790923834000-632578958264631296-1094650284191252480,1790923834000,1790924219000,1,0.225,0.255,0.8823529411764706
931939397496995840,1790912965000-632578958264631296-931939397496995840,1790912965000,1790913157000,1,0.225,0.325,0.6923076923076923
946025653910634496,1790928781000-632578958264631296-946025653910634496,1790928781000,1790928967000,1,0.225,0.081,2.7777777777777777
1071858322266652672,1790939111000-632578958264631296-1071858322266652672,1790939111000,1790939293000,1,0.224,0.04,5.6
1073663863301341184,1790923258000-632578958264631296-1073663863301341184,1790923258000,1790923686000,1,0.223,0.251,0.8884462151394422
1080818558042112000,1790942341000-632578958264631296-1080818558042112000,1790942341000,1790942728000,1,0.223,0.351,0.6353276353276354
1602017244622094336,1790954415000-632578958264631296-1602017244622094336,1790954415000,1790954693000,1,0.223,0.155,1.4387096774193548
947452563299500032,1790914786000-632578958264631296-947452563299500032,1790914786000,1790915163000,1,0.222,0.244,0.9098360655737705
1041007225465733120,1790923634000-632578958264631296-1041007225465733120,1790923634000,1790925011000,1,0.221,1.025,0.215609756097561
1073983957575401472,1790962553000-632578958264631296-1073983957575401472,1790962553000,1790962747000,1,0.221,0.144,1.5347222222222223
1188144161019133952,1790940185000-632578958264631296-1188144161019133952,1790940185000,1790940410000,1,0.221,0.043,5.1395348837209305
1593331058084937728,1790922652000-632578958264631296-1593331058084937728,1790922652000,1790923122000,1,0.221,0.492,0.44918699186991873
926578486859005952,1790937811000-632578958264631296-926578486859005952,1790937811000,1790938103000,1,0.221,0.116,1.9051724137931034
1602017244622094336,1790919888000-632578958264631296-1602017244622094336,1790919888000,1790920136000,1,0.22,0.331,0.6646525679758308
870309644059279360,1790921637000-632578958264631296-870309644059279360,1790921637000,1790921835000,1,0.22,0.224,0.9821428571428571
931938734016823296,1790918771000-632578958264631296-931938734016823296,1790918771000,1790918973000,1,0.22,0.15,1.4666666666666668
1067764901566480384,1790944966000-632578958264631296-1067764901566480384,1790944966000,1790945346000,1,0.219,0.422,0.518957345971564
947093103351693312,1790921289000-632578958264631296-947093103351693312,1790921289000,1790921529000,1,0.219,0.675,0.3244444444444444
947452563299500032,1790912092000-632578958264631296-947452563299500032,1790912092000,1790912321000,1,0.219,0.183,1.1967213114754098
1475453057469775872,1790938291000-632578958264631296-1475453057469775872,1790938291000,1790939036000,1,0.218,0.347,0.6282420749279539
932334220825591808,1790919005000-632578958264631296-932334220825591808,1790919005000,1790919195000,1,0.218,0.138,1.5797101449275361
1070334753032372224,1790942031000-632578958264631296-1070334753032372224,1790942031000,1790942243000,1,0.217,0.224,0.96875
947093103351693312,1790919933000-632578958264631296-947093103351693312,1790919933000,1790920267000,1,0.217,0.807,0.2688971499380421
1131972366507704320,1790931552000-632578958264631296-1131972366507704320,1790931552000,1790931876000,1,0.216,0.33,0.6545454545454545
1135541524696662016,1790915084000-632578958264631296-1135541524696662016,1790915084000,1790915338000,1,0.216,0.28,0.7714285714285714
1536397466075660288,1790940413000-632578958264631296-1536397466075660288,1790940413000,1790941045000,1,0.216,0.629,0.34340222575516693
1385588816730914816,1790978668000-632578958264631296-1385588816730914816,1790978668000,1790978850000,1,0.215,0.079,2.721518987341772
1599470599497842688,1790928870000-632578958264631296-1599470599497842688,1790928870000,1790929761000,1,0.215,0.702,0.3062678062678063
1135630948969218048,1790979912000-632578958264631296-1135630948969218048,1790979912000,1790980490000,1,0.214,0.857,0.24970828471411902
1593330774109585408,1790901050000-632578958264631296-1593330774109585408,1790901050000,1790901288000,1,0.214,0.113,1.893805309734513
1083727207982956544,1790951689000-632578958264631296-1083727207982956544,1790951689000,1790952026000,1,0.213,0.505,0.42178217821782177
1182027923075366912,1790929795000-632578958264631296-1182027923075366912,1790929795000,1790930860000,1,0.213,1.029,0.20699708454810498
951556794549796864,1790903297000-632578958264631296-951556794549796864,1790903297000,1790903403000,1,0.213,0.29,0.7344827586206897
1209168031477923840,1790916019000-632578958264631296-1209168031477923840,1790916019000,1790916230000,1,0.212,0.128,1.65625
1475453057469775872,1790934405000-632578958264631296-1475453057469775872,1790934405000,1790934684000,1,0.212,0.127,1.669291338582677
966356141711818752,1790903829000-632578958264631296-966356141711818752,1790903829000,1790904029000,1,0.212,0.146,1.452054794520548
1050037649940676608,1790973601000-632578958264631296-1050037649940676608,1790973601000,1790973893000,1,0.211,0.323,0.653250773993808
1082303861131051008,1790961076000-632578958264631296-1082303861131051008,1790961076000,1790961605000,1,0.211,0.464,0.4547413793103448
1602017244622094336,1790924460000-632578958264631296-1602017244622094336,1790924460000,1790924650000,1,0.211,0.045,4.688888888888889
866686265431425024,1790922394000-632578958264631296-866686265431425024,1790922394000,1790922703000,1,0.211,0.423,0.4988179669030733
876422423786815488,1790944036000-632578958264631296-876422423786815488,1790944036000,1790944878000,1,0.211,0.906,0.23289183222958057
943858330336493568,1790952238000-632578958264631296-943858330336493568,1790952238000,1790952850000,1,0.211,0.353,0.5977337110481586
1046442514266980352,1790929745000-632578958264631296-1046442514266980352,1790929745000,1790930294000,1,0.21,0.388,0.5412371134020618
1050035879038418944,1790917485000-632578958264631296-1050035879038418944,1790917485000,1790918313000,1,0.21,0.983,0.2136317395727365
1067767656859303936,1790949604000-632578958264631296-1067767656859303936,1790949604000,1790949845000,1,0.21,0.534,0.3932584269662921
1176582767303983104,1790927923000-632578958264631296-1176582767303983104,1790927923000,1790928306000,1,0.21,0.385,0.5454545454545454
1083727207982956544,1790920296000-632578958264631296-1083727207982956544,1790920296000,1790920870000,1,0.209,0.681,0.30690161527165927
1103352309556969472,1790919398000-632578958264631296-1103352309556969472,1790919398000,1790919595000,1,0.209,0.226,0.9247787610619468
947093103351693312,1790927439000-632578958264631296-947093103351693312,1790927439000,1790927679000,1,0.209,0.12,1.7416666666666667
1083729038846984192,1790940092000-632578958264631296-1083729038846984192,1790940092000,1790940287000,1,0.208,0.243,0.8559670781893004
1602017244622094336,1790955356000-632578958264631296-1602017244622094336,1790955356000,1790955732000,1,0.208,0.317,0.6561514195583595
1050024168621342720,1790938424000-632578958264631296-1050024168621342720,1790938424000,1790939345000,1,0.207,1.109,0.1866546438232642
1090633180173565952,1790929457000-632578958264631296-1090633180173565952,1790929457000,1790929622000,1,0.207,0.166,1.2469879518072289
1602017244622094336,1790930718000-632578958264631296-1602017244622094336,1790930718000,1790930889000,1,0.207,0.187,1.106951871657754
1071018553202704384,1790902478000-632578958264631296-1071018553202704384,1790902478000,1790902687000,1,0.206,0.192,1.0729166666666665
1371466234314358784,1790909368000-632578958264631296-1371466234314358784,1790909368000,1790909660000,1,0.206,0.275,0.749090909090909
940246634145513472,1790949674000-632578958264631296-940246634145513472,1790949674000,1790950394000,1,0.206,0.907,0.227122381477398
1175796809117728768,1790956944000-632578958264631296-1175796809117728768,1790956944000,1790958197000,1,0.203,1.352,0.15014792899408283
927179928254808064,1790926643000-632578958264631296-927179928254808064,1790926643000,1790927081000,1,0.203,0.202,1.004950495049505
1112389405491855360,1790921598000-632578958264631296-1112389405491855360,1790921598000,1790921743000,1,0.202,0.087,2.3218390804597706
947452563299500032,1790913839000-632578958264631296-947452563299500032,1790913839000,1790914361000,1,0.202,0.341,0.592375366568915
1105914860262129664,1790936214000-632578958264631296-1105914860262129664,1790936214000,1790936403000,1,0.201,0.036,5.583333333333334
848986467664396288,1790926039000-632578958264631296-848986467664396288,1790926039000,1790926523000,1,0.201,0.339,0.5929203539823009
877447467317067776,1790983351000-632578958264631296-877447467317067776,1790983351000,1790983770000,1,0.201,0.5,0.402
1047649870816477184,1790945805000-632578958264631296-1047649870816477184,1790945805000,1790945982000,1,0.2,0.117,1.7094017094017093
1082330521322651648,1790953758000-632578958264631296-1082330521322651648,1790953758000,1790954937000,1,0.2,1.37,0.145985401459854
1188192864341852160,1790904498000-632578958264631296-1188192864341852160,1790904498000,1790905295000,1,0.2,0.798,0.2506265664160401
796706773456125952,1790931351000-632578958264631296-796706773456125952,1790931351000,1790931504000,1,0.2,0.058,3.4482758620689657
848986467664396288,1790925887000-632578958264631296-848986467664396288,1790925887000,1790926029000,1,0.2,0.254,0.7874015748031497
857602255610707968,1790951408000-632578958264631296-857602255610707968,1790951408000,1790951926000,1,0.2,0.351,0.5698005698005698
931856805720489984,1790903676000-632578958264631296-931856805720489984,1790903676000,1790904656000,1,0.2,1.147,0.17436791630340018
932302785804763136,1790932537000-632578958264631296-932302785804763136,1790932537000,1790932993000,1,0.2,0.322,0.6211180124223603
939546576563470336,1790946067000-632578958264631296-939546576563470336,1790946067000,1790946354000,1,0.2,0.274,0.7299270072992701
943856131652976640,1790963280000-632578958264631296-943856131652976640,1790963280000,1790963768000,1,0.2,0.237,0.8438818565400845
876044057397166080,1790908139000-632578958264631296-876044057397166080,1790908139000,1790908355000,1,0.199,0.17,1.1705882352941177
1156948637754851328,1790937177000-632578958264631296-1156948637754851328,1790937177000,1790937577000,1,0.198,0.357,0.5546218487394958
1536397466075660288,1790946207000-632578958264631296-1536397466075660288,1790946207000,1790946432000,1,0.198,0.275,0.72
1536432469593554944,1790939067000-632578958264631296-1536432469593554944,1790939067000,1790939324000,1,0.198,0.205,0.9658536585365854
926578486859005952,1790907743000-632578958264631296-926578486859005952,1790907743000,1790908203000,1,0.198,0.136,1.4558823529411764
1176180359524515840,1790919547000-632578958264631296-1176180359524515840,1790919547000,1790920250000,1,0.197,0.878,0.224373576309795
1050037109068398592,1790985392000-632578958264631296-1050037109068398592,1790985392000,1790985927000,1,0.196,0.403,0.48635235732009924
1536014654021566464,1790905543000-632578958264631296-1536014654021566464,1790905543000,1790905732000,1,0.196,0.115,1.7043478260869565
946025328671719424,1790900081000-632578958264631296-946025328671719424,1790900081000,1790900191000,1,0.196,0.254,0.7716535433070867
951561875261227008,1790954404000-632578958264631296-951561875261227008,1790954404000,1790954888000,1,0.196,0.261,0.7509578544061303
1067765189559975936,1790930837000-632578958264631296-1067765189559975936,1790930837000,1790931008000,1,0.195,0.132,1.4772727272727273
1537822792169291776,1790917269000-632578958264631296-1537822792169291776,1790917269000,1790917728000,1,0.195,0.315,0.6190476190476191
1593405762816704512,1790927256000-632578958264631296-1593405762816704512,1790927256000,1790927586000,1,0.195,0.462,0.42207792207792205
1080818558042112000,1790937794000-632578958264631296-1080818558042112000,1790937794000,1790938242000,1,0.194,0.444,0.43693693693693697
929721011920699392,1790947350000-632578958264631296-929721011920699392,1790947350000,1790947500000,1,0.194,0.042,4.619047619047619
936665179544879104,1790945877000-632578958264631296-936665179544879104,1790945877000,1790946309000,1,0.194,0.431,0.45011600928074247
1064550465066237952,1790903818000-632578958264631296-1064550465066237952,1790903818000,1790904164000,1,0.193,0.178,1.0842696629213484
879404563604439040,1790935148000-632578958264631296-879404563604439040,1790935148000,1790935353000,1,0.193,0.106,1.8207547169811322
1080454515951403008,1790924558000-632578958264631296-1080454515951403008,1790924558000,1790924914000,1,0.192,0.191,1.0052356020942408
1090633180173565952,1790945464000-632578958264631296-1090633180173565952,1790945464000,1790946133000,1,0.192,0.807,0.2379182156133829
1361380561528029184,1790978166000-632578958264631296-1361380561528029184,1790978166000,1790978585000,1,0.192,0.239,0.8033472803347281
1536014758619119616,1790925261000-632578958264631296-1536014758619119616,1790925261000,1790926258000,1,0.192,0.532,0.3609022556390977
939548220361539584,1790903751000-632578958264631296-939548220361539584,1790903751000,1790903992000,1,0.192,0.242,0.7933884297520661
1536432469593554944,1790917940000-632578958264631296-1536432469593554944,1790917940000,1790919032000,1,0.191,0.906,0.2108167770419426
947452563299500032,1790911919000-632578958264631296-947452563299500032,1790911919000,1790912040000,1,0.191,0.185,1.0324324324324325
946025929669345280,1790914505000-632578958264631296-946025929669345280,1790914505000,1790914833000,1,0.19,0.228,0.8333333333333333
1105915143314735104,1790917632000-632578958264631296-1105915143314735104,1790917632000,1790918104000,1,0.189,0.441,0.42857142857142855
1135529735623802880,1790948592000-632578958264631296-1135529735623802880,1790948592000,1790948769000,1,0.189,0.1,1.89
786246735176400896,1790907958000-632578958264631296-786246735176400896,1790907958000,1790908362000,1,0.189,0.402,0.47014925373134325
943856131652976640,1790969389000-632578958264631296-943856131652976640,1790969389000,1790969535000,1,0.189,0.106,1.7830188679245285
996809766619578368,1790941838000-632578958264631296-996809766619578368,1790941838000,1790941993000,1,0.189,0.199,0.949748743718593
1371466234314358784,1790953976000-632578958264631296-1371466234314358784,1790953976000,1790954701000,1,0.188,0.58,0.3241379310344828
1536432469593554944,1790912301000-632578958264631296-1536432469593554944,1790912301000,1790912885000,1,0.188,0.349,0.5386819484240688
1135541524696662016,1790915428000-632578958264631296-1135541524696662016,1790915428000,1790915783000,1,0.187,0.359,0.520891364902507
1135598313102376960,1790944769000-632578958264631296-1135598313102376960,1790944769000,1790945348000,1,0.187,0.792,0.2361111111111111
1536014744312348672,1790941540000-632578958264631296-1536014744312348672,1790941540000,1790941658000,1,0.187,0.047,3.978723404255319
1593406240992526336,1790927853000-632578958264631296-1593406240992526336,1790927853000,1790928260000,1,0.187,0.889,0.21034870641169853
946025328671719424,1790901635000-632578958264631296-946025328671719424,1790901635000,1790901814000,1,0.187,0.088,2.125
1120316662394912768,1790951145000-632578958264631296-1120316662394912768,1790951145000,1790951749000,1,0.185,0.701,0.2639087018544936
818154714091749376,1790948150000-632578958264631296-818154714091749376,1790948150000,1790948310000,1,0.184,0.128,1.4375
946025929669345280,1790914086000-632578958264631296-946025929669345280,1790914086000,1790914361000,1,0.184,0.184,1.0
1371466234314358784,1790977000000-632578958264631296-1371466234314358784,1790977000000,1790977570000,1,0.183,0.49,0.373469387755102
796385052366733312,1790937079000-632578958264631296-796385052366733312,1790937079000,1790937675000,1,0.183,0.528,0.34659090909090906
873916972050415616,1790935184000-632578958264631296-873916972050415616,1790935184000,1790935518000,1,0.183,0.32,0.571875
1049341310072258560,1790948195000-632578958264631296-1049341310072258560,1790948195000,1790948423000,1,0.182,0.252,0.7222222222222222
1060533930890887168,1790909888000-632578958264631296-1060533930890887168,1790909888000,1790910069000,1,0.182,0.246,0.7398373983739838
1602017244622094336,1790926552000-632578958264631296-1602017244622094336,1790926552000,1790926877000,1,0.182,0.132,1.3787878787878787
1131972366507704320,1790938504000-632578958264631296-1131972366507704320,1790938504000,1790938785000,1,0.181,0.275,0.6581818181818181
1176582767303983104,1790928408000-632578958264631296-1176582767303983104,1790928408000,1790929563000,1,0.181,1.111,0.1629162916291629
1422205727123963904,1790943801000-632578958264631296-1422205727123963904,1790943801000,1790944041000,1,0.18,0.153,1.1764705882352942
1083727772540469248,1790921952000-632578958264631296-1083727772540469248,1790921952000,1790922920000,1,0.179,1.196,0.1496655518394649
1593330693851578368,1790921058000-632578958264631296-1593330693851578368,1790921058000,1790921546000,1,0.178,0.383,0.46475195822454307
1536014609964597248,1790941542000-632578958264631296-1536014609964597248,1790941542000,1790941951000,1,0.177,0.242,0.731404958677686
1045015172411817984,1790913965000-632578958264631296-1045015172411817984,1790913965000,1790914329000,1,0.176,0.154,1.1428571428571428
1105914860262129664,1790947324000-632578958264631296-1105914860262129664,1790947324000,1790948567000,1,0.176,0.408,0.43137254901960786
1134877765846171648,1790936060000-632578958264631296-1134877765846171648,1790936060000,1790936544000,1,0.176,0.622,0.2829581993569132
1471165126924042240,1790904607000-632578958264631296-1471165126924042240,1790904607000,1790904782000,1,0.176,0.079,2.2278481012658227
1536014609964597248,1790945334000-632578958264631296-1536014609964597248,1790945334000,1790945526000,1,0.176,0.353,0.4985835694050991
1571542304466927616,1790952522000-632578958264631296-1571542304466927616,1790952522000,1790953303000,1,0.176,0.385,0.45714285714285713
938817698895233024,1790920088000-632578958264631296-938817698895233024,1790920088000,1790920194000,1,0.176,0.064,2.75
946025653910634496,1790931810000-632578958264631296-946025653910634496,1790931810000,1790931958000,1,0.176,0.106,1.660377358490566
1113484110199783424,1790924042000-632578958264631296-1113484110199783424,1790924042000,1790924280000,1,0.175,0.238,0.7352941176470588
1525559056574447616,1790959763000-632578958264631296-1525559056574447616,1790959763000,1790960561000,1,0.175,0.462,0.37878787878787873
1080818558042112000,1790953084000-632578958264631296-1080818558042112000,1790953084000,1790954002000,1,0.174,0.946,0.1839323467230444
818154714091749376,1790947870000-632578958264631296-818154714091749376,1790947870000,1790948095000,1,0.174,0.169,1.029585798816568
1064532839803912192,1790900903000-632578958264631296-1064532839803912192,1790900903000,1790901167000,1,0.173,0.157,1.1019108280254777
1067765061260410880,1790958429000-632578958264631296-1067765061260410880,1790958429000,1790958734000,1,0.173,0.376,0.46010638297872336
1067765446171688960,1790903960000-632578958264631296-1067765446171688960,1790903960000,1790904151000,1,0.173,0.223,0.7757847533632286
1536014654021566464,1790908073000-632578958264631296-1536014654021566464,1790908073000,1790908236000,1,0.173,0.058,2.982758620689655
933392054296248320,1790911261000-632578958264631296-933392054296248320,1790911261000,1790911644000,1,0.173,0.171,1.0116959064327484
1041007225465733120,1790925134000-632578958264631296-1041007225465733120,1790925134000,1790925740000,1,0.171,0.437,0.391304347826087
1065671842468986880,1790921826000-632578958264631296-1065671842468986880,1790921826000,1790922019000,1,0.171,0.144,1.1875000000000002
1079425050643267584,1790956655000-632578958264631296-1079425050643267584,1790956655000,1790956841000,1,0.171,0.126,1.3571428571428572
1535700301011484672,1790923407000-632578958264631296-1535700301011484672,1790923407000,1790923643000,1,0.171,0.145,1.1793103448275863
860946857210150912,1790985177000-632578958264631296-860946857210150912,1790985177000,1790985350000,1,0.171,0.21,0.8142857142857144
1593406240992526336,1790937385000-632578958264631296-1593406240992526336,1790937385000,1790937846000,1,0.17,0.457,0.37199124726477023
1067764901566480384,1790913659000-632578958264631296-1067764901566480384,1790913659000,1790914031000,1,0.169,0.411,0.4111922141119222
935951856658546688,1790912679000-632578958264631296-935951856658546688,1790912679000,1790912948000,1,0.169,0.283,0.5971731448763252
1364616390270517248,1790916397000-632578958264631296-1364616390270517248,1790916397000,1790916549000,1,0.168,0.16,1.05
780085706063085568,1790926826000-632578958264631296-780085706063085568,1790926826000,1790926981000,1,0.168,0.147,1.142857142857143
860946857210150912,1790942059000-632578958264631296-860946857210150912,1790942059000,1790942335000,1,0.168,0.175,0.9600000000000001
1060579746913452032,1790972009000-632578958264631296-1060579746913452032,1790972009000,1790972321000,1,0.167,0.209,0.799043062200957
1067776196789403648,1790971513000-632578958264631296-1067776196789403648,1790971513000,1790972022000,1,0.167,0.477,0.35010482180293506
1131972366507704320,1790921995000-632578958264631296-1131972366507704320,1790921995000,1790922240000,1,0.167,0.215,0.7767441860465116
860146891080335360,1790946381000-632578958264631296-860146891080335360,1790946381000,1790946570000,1,0.167,0.299,0.5585284280936456
939546576563470336,1790936326000-632578958264631296-939546576563470336,1790936326000,1790936585000,1,0.167,0.221,0.7556561085972852
939546576563470336,1790951524000-632578958264631296-939546576563470336,1790951524000,1790951989000,1,0.167,0.32,0.521875
996809766619578368,1790905326000-632578958264631296-996809766619578368,1790905326000,1790905685000,1,0.167,0.116,1.4396551724137931
1385588909638942720,1790952490000-632578958264631296-1385588909638942720,1790952490000,1790952847000,1,0.166,0.265,0.6264150943396226
1599470599497842688,1790980486000-632578958264631296-1599470599497842688,1790980486000,1790981988000,1,0.166,0.811,0.20468557336621454
1385305434218299392,1790933765000-632578958264631296-1385305434218299392,1790933765000,1790934007000,1,0.165,0.129,1.2790697674418605
1535704124731949056,1790945954000-632578958264631296-1535704124731949056,1790945954000,1790946372000,1,0.165,0.364,0.45329670329670335
873104331912511488,1790948686000-632578958264631296-873104331912511488,1790948686000,1790949103000,1,0.165,0.392,0.42091836734693877
1046442858321543168,1790927266000-632578958264631296-1046442858321543168,1790927266000,1790927401000,1,0.164,0.039,4.205128205128205
784445389880164352,1790945381000-632578958264631296-784445389880164352,1790945381000,1790945572000,1,0.164,0.168,0.9761904761904762
1536014517601828864,1790948281000-632578958264631296-1536014517601828864,1790948281000,1790948900000,1,0.163,0.735,0.2217687074829932
1537822792169291776,1790918595000-632578958264631296-1537822792169291776,1790918595000,1790918788000,1,0.163,0.208,0.7836538461538463
943856131652976640,1790958878000-632578958264631296-943856131652976640,1790958878000,1790959119000,1,0.163,0.178,0.9157303370786518
1050037424450699264,1790939428000-632578958264631296-1050037424450699264,1790939428000,1790939722000,1,0.162,0.231,0.7012987012987013
1050441880044568576,1790932877000-632578958264631296-1050441880044568576,1790932877000,1790933117000,1,0.162,0.127,1.2755905511811023
1083728582527680512,1790958778000-632578958264631296-1083728582527680512,1790958778000,1790959068000,1,0.162,0.379,0.4274406332453826
1536397466075660288,1790918600000-632578958264631296-1536397466075660288,1790918600000,1790918850000,1,0.161,0.178,0.904494382022472
951556794549796864,1790901750000-632578958264631296-951556794549796864,1790901750000,1790901874000,1,0.161,0.055,2.9272727272727272
996809766619578368,1790908609000-632578958264631296-996809766619578368,1790908609000,1790908870000,1,0.161,0.092,1.75
1088168906306093056,1790942612000-632578958264631296-1088168906306093056,1790942612000,1790942805000,1,0.16,0.22,0.7272727272727273
946025929669345280,1790916051000-632578958264631296-946025929669345280,1790916051000,1790916505000,1,0.16,0.275,0.5818181818181818
951556794549796864,1790901372000-632578958264631296-951556794549796864,1790901372000,1790901512000,1,0.16,0.184,0.8695652173913044
1464283595349688320,1790910456000-632578958264631296-1464283595349688320,1790910456000,1790910688000,1,0.159,0.282,0.5638297872340426
1475453057469775872,1790918675000-632578958264631296-1475453057469775872,1790918675000,1790918973000,1,0.159,0.193,0.8238341968911918
1536014618822967296,1790935441000-632578958264631296-1536014618822967296,1790935441000,1790935724000,1,0.159,0.139,1.143884892086331
1570836903035404288,1790961855000-632578958264631296-1570836903035404288,1790961855000,1790962055000,1,0.159,0.231,0.6883116883116883
870568761881526272,1790900389000-632578958264631296-870568761881526272,1790900389000,1790900704000,1,0.159,0.397,0.4005037783375315
1067764901566480384,1790946231000-632578958264631296-1067764901566480384,1790946231000,1790946438000,1,0.158,0.219,0.7214611872146118
1138783468012961792,1790984115000-632578958264631296-1138783468012961792,1790984115000,1790984797000,1,0.158,0.873,0.18098510882016036
1364616390270517248,1790917840000-632578958264631296-1364616390270517248,1790917840000,1790918041000,1,0.158,0.216,0.7314814814814815
1464253789857906688,1790969167000-632578958264631296-1464253789857906688,1790969167000,1790969424000,1,0.158,0.348,0.4540229885057472
1602017244622094336,1790925813000-632578958264631296-1602017244622094336,1790925813000,1790926002000,1,0.158,0.069,2.289855072463768
871401551996911616,1790912166000-632578958264631296-871401551996911616,1790912166000,1790912332000,1,0.158,0.04,3.95
946025653910634496,1790938060000-632578958264631296-946025653910634496,1790938060000,1790938245000,1,0.158,0.081,1.9506172839506173
1079026604165824512,1790935774000-632578958264631296-1079026604165824512,1790935774000,1790935952000,1,0.157,0.067,2.343283582089552
1132636252537880576,1790940555000-632578958264631296-1132636252537880576,1790940555000,1790940909000,1,0.157,0.163,0.9631901840490797
1294723291725955072,1790924881000-632578958264631296-1294723291725955072,1790924881000,1790925212000,1,0.157,0.177,0.8870056497175142
926578486859005952,1790906976000-632578958264631296-926578486859005952,1790906976000,1790907124000,1,0.157,0.06,2.6166666666666667
1079425050643267584,1790930133000-632578958264631296-1079425050643267584,1790930133000,1790930359000,1,0.156,0.156,1.0
1371466234314358784,1790904646000-632578958264631296-1371466234314358784,1790904646000,1790905034000,1,0.156,0.44,0.35454545454545455
942471450843938816,1790937819000-632578958264631296-942471450843938816,1790937819000,1790937982000,1,0.156,0.074,2.1081081081081083
951556794549796864,1790901215000-632578958264631296-951556794549796864,1790901215000,1790901350000,1,0.156,0.115,1.3565217391304347
1067764843953520640,1790926658000-632578958264631296-1067764843953520640,1790926658000,1790927181000,1,0.155,0.528,0.293560606060606
1071858322266652672,1790930121000-632578958264631296-1071858322266652672,1790930121000,1790930557000,1,0.155,0.566,0.27385159010600707
1083729116835872768,1790904802000-632578958264631296-1083729116835872768,1790904802000,1790905596000,1,0.155,0.809,0.19159456118665016
1131972366507704320,1790926434000-632578958264631296-1131972366507704320,1790926434000,1790926724000,1,0.155,0.276,0.5615942028985507
1464283595349688320,1790915519000-632578958264631296-1464283595349688320,1790915519000,1790915634000,1,0.155,0.192,0.8072916666666666
1525559056574447616,1790951057000-632578958264631296-1525559056574447616,1790951057000,1790951889000,1,0.155,0.59,0.2627118644067797
947093103351693312,1790918473000-632578958264631296-947093103351693312,1790918473000,1790918619000,1,0.155,0.591,0.2622673434856176
1175796663680237568,1790933976000-632578958264631296-1175796663680237568,1790933976000,1790934322000,1,0.154,0.535,0.2878504672897196
1501933614227521536,1790935546000-632578958264631296-1501933614227521536,1790935546000,1790935712000,1,0.154,0.106,1.4528301886792454
780085706063085568,1790936616000-632578958264631296-780085706063085568,1790936616000,1790937053000,1,0.154,0.371,0.41509433962264153
877906550297985024,1790934863000-632578958264631296-877906550297985024,1790934863000,1790936195000,1,0.154,0.698,0.22063037249283668
939139369715892224,1790914607000-632578958264631296-939139369715892224,1790914607000,1790914867000,1,0.154,0.298,0.5167785234899329
1046442858321543168,1790975804000-632578958264631296-1046442858321543168,1790975804000,1790976015000,1,0.152,0.085,1.788235294117647
1061350580632420352,1790931721000-632578958264631296-1061350580632420352,1790931721000,1790932136000,1,0.152,0.43,0.35348837209302325
1067771070980816896,1790952418000-632578958264631296-1067771070980816896,1790952418000,1790952602000,1,0.152,0.082,1.8536585365853657
1083039951072788480,1790914229000-632578958264631296-1083039951072788480,1790914229000,1790914594000,1,0.152,0.373,0.4075067024128686
1601556412222144512,1790967522000-632578958264631296-1601556412222144512,1790967522000,1790969350000,1,0.152,0.772,0.19689119170984454
1067764901566480384,1790934213000-632578958264631296-1067764901566480384,1790934213000,1790934530000,1,0.151,0.304,0.4967105263157895
1088511709141794816,1790951662000-632578958264631296-1088511709141794816,1790951662000,1790952664000,1,0.151,1.019,0.14818449460255154
1045646209449984000,1790933038000-632578958264631296-1045646209449984000,1790933038000,1790933523000,1,0.15,0.195,0.7692307692307692
1536432469593554944,1790925309000-632578958264631296-1536432469593554944,1790925309000,1790925663000,1,0.15,0.381,0.39370078740157477
1599470599497842688,1790931383000-632578958264631296-1599470599497842688,1790931383000,1790931652000,1,0.15,0.215,0.6976744186046512
944587945103327232,1790953749000-632578958264631296-944587945103327232,1790953749000,1790954574000,1,0.15,0.695,0.21582733812949642
1486725792942522368,1790937193000-632578958264631296-1486725792942522368,1790937193000,1790937463000,1,0.149,0.104,1.4326923076923077
946025929669345280,1790911952000-632578958264631296-946025929669345280,1790911952000,1790912155000,1,0.149,0.155,0.9612903225806452
1050766698002513920,1790940842000-632578958264631296-1050766698002513920,1790940842000,1790941035000,1,0.148,0.138,1.072463768115942
1536014618822967296,1790944611000-632578958264631296-1536014618822967296,1790944611000,1790944865000,1,0.148,0.175,0.8457142857142858
873101078441230336,1790955320000-632578958264631296-873101078441230336,1790955320000,1790955639000,1,0.148,0.241,0.6141078838174274
951559578305167360,1790916210000-632578958264631296-951559578305167360,1790916210000,1790916376000,1,0.148,0.219,0.6757990867579908
961238953837461504,1790955024000-632578958264631296-961238953837461504,1790955024000,1790956435000,1,0.148,0.387,0.38242894056847543
1105915143314735104,1790922224000-632578958264631296-1105915143314735104,1790922224000,1790923290000,1,0.147,1.283,0.11457521434138737
780122893064339456,1790940269000-632578958264631296-780122893064339456,1790940269000,1790940461000,1,0.147,0.079,1.860759493670886
1385305554984894464,1790926716000-632578958264631296-1385305554984894464,1790926716000,1790926879000,1,0.146,0.038,3.8421052631578947
877447467317067776,1790942748000-632578958264631296-877447467317067776,1790942748000,1790943061000,1,0.146,0.441,0.3310657596371882
944574738938724352,1790925114000-632578958264631296-944574738938724352,1790925114000,1790925290000,1,0.146,0.102,1.4313725490196079
1050766698002513920,1790933455000-632578958264631296-1050766698002513920,1790933455000,1790933655000,1,0.145,0.078,1.8589743589743588
1505916014645215232,1790902561000-632578958264631296-1505916014645215232,1790902561000,1790902810000,1,0.145,0.183,0.7923497267759563
848986467664396288,1790920909000-632578958264631296-848986467664396288,1790920909000,1790921084000,1,0.145,0.189,0.7671957671957671
1079425050643267584,1790921798000-632578958264631296-1079425050643267584,1790921798000,1790922556000,1,0.144,0.424,0.33962264150943394
1153273602804547584,1790951434000-632578958264631296-1153273602804547584,1790951434000,1790951876000,1,0.144,0.518,0.27799227799227794
1537822792169291776,1790920372000-632578958264631296-1537822792169291776,1790920372000,1790920638000,1,0.144,0.195,0.7384615384615384
1135630948969218048,1790961088000-632578958264631296-1135630948969218048,1790961088000,1790961380000,1,0.143,0.281,0.5088967971530248
1361380561528029184,1790959735000-632578958264631296-1361380561528029184,1790959735000,1790961447000,1,0.143,0.876,0.16324200913242007
1602017244622094336,1790941698000-632578958264631296-1602017244622094336,1790941698000,1790941895000,1,0.143,0.226,0.6327433628318584
1045646397224779776,1790913229000-632578958264631296-1045646397224779776,1790913229000,1790913607000,1,0.142,0.383,0.37075718015665793
1079425050643267584,1790932590000-632578958264631296-1079425050643267584,1790932590000,1790932709000,1,0.142,0.085,1.6705882352941175
1537822792169291776,1790916901000-632578958264631296-1537822792169291776,1790916901000,1790917189000,1,0.142,0.26,0.5461538461538461
780122893064339456,1790948935000-632578958264631296-780122893064339456,1790948935000,1790949175000,1,0.142,0.162,0.8765432098765431
873104331912511488,1790942010000-632578958264631296-873104331912511488,1790942010000,1790942282000,1,0.142,0.403,0.3523573200992555
1105914860262129664,1790918309000-632578958264631296-1105914860262129664,1790918309000,1790919157000,1,0.141,0.058,2.4310344827586206
1536014618822967296,1790945308000-632578958264631296-1536014618822967296,1790945308000,1790945467000,1,0.141,0.234,0.6025641025641024
1536014709264744448,1790908619000-632578958264631296-1536014709264744448,1790908619000,1790908846000,1,0.141,0.239,0.5899581589958158
787737136659955712,1790982703000-632578958264631296-787737136659955712,1790982703000,1790983119000,1,0.141,0.41,0.3439024390243902
946024601958219776,1790945767000-632578958264631296-946024601958219776,1790945767000,1790945994000,1,0.141,0.13,1.0846153846153845
1046442858321543168,1790919674000-632578958264631296-1046442858321543168,1790919674000,1790920353000,1,0.14,0.186,0.7526881720430109
1049341310072258560,1790980138000-632578958264631296-1049341310072258560,1790980138000,1790980339000,1,0.14,0.215,0.6511627906976745
942471450843938816,1790908666000-632578958264631296-942471450843938816,1790908666000,1790908785000,1,0.14,0.05,2.8000000000000003
1385304935976927232,1790984183000-632578958264631296-1385304935976927232,1790984183000,1790984379000,1,0.139,0.101,1.3762376237623763
1385588586753032192,1790933843000-632578958264631296-1385588586753032192,1790933843000,1790934027000,1,0.139,0.091,1.5274725274725276
951556794549796864,1790900494000-632578958264631296-951556794549796864,1790900494000,1790900619000,1,0.138,0.112,1.2321428571428572
1067764843953520640,1790924033000-632578958264631296-1067764843953520640,1790924033000,1790925022000,1,0.137,1.088,0.12591911764705882
1082360641819246592,1790947639000-632578958264631296-1082360641819246592,1790947639000,1790948007000,1,0.137,0.135,1.0148148148148148
780116044227280896,1790955679000-632578958264631296-780116044227280896,1790955679000,1790955903000,1,0.137,0.294,0.4659863945578232
780122893064339456,1790939517000-632578958264631296-780122893064339456,1790939517000,1790939988000,1,0.137,0.309,0.4433656957928803
931856805720489984,1790924256000-632578958264631296-931856805720489984,1790924256000,1790924465000,1,0.137,0.214,0.6401869158878505
1083727207982956544,1790944543000-632578958264631296-1083727207982956544,1790944543000,1790944835000,1,0.136,0.319,0.4263322884012539
1088472759995990016,1790913202000-632578958264631296-1088472759995990016,1790913202000,1790913558000,1,0.136,0.434,0.3133640552995392
946025328671719424,1790901093000-632578958264631296-946025328671719424,1790901093000,1790901200000,1,0.136,0.158,0.8607594936708861
951561875261227008,1790952523000-632578958264631296-951561875261227008,1790952523000,1790952670000,1,0.136,0.061,2.2295081967213117
1067764901566480384,1790920227000-632578958264631296-1067764901566480384,1790920227000,1790920773000,1,0.135,0.727,0.18569463548830814
1067765247101632512,1790938576000-632578958264631296-1067765247101632512,1790938576000,1790938779000,1,0.135,0.124,1.088709677419355
1504892206538817536,1790977292000-632578958264631296-1504892206538817536,1790977292000,1790977787000,1,0.135,0.339,0.39823008849557523
1126571257152667648,1790928895000-632578958264631296-1126571257152667648,1790928895000,1790929131000,1,0.134,0.137,0.9781021897810219
794219272623620096,1790938433000-632578958264631296-794219272623620096,1790938433000,1790938635000,1,0.134,0.162,0.8271604938271605
1175796546902425600,1790933051000-632578958264631296-1175796546902425600,1790933051000,1790933401000,1,0.133,0.447,0.2975391498881432
1175796663680237568,1790943663000-632578958264631296-1175796663680237568,1790943663000,1790943812000,1,0.133,0.153,0.869281045751634
1500136074981146624,1790907365000-632578958264631296-1500136074981146624,1790907365000,1790907698000,1,0.133,0.469,0.28358208955223885
873916972050415616,1790908404000-632578958264631296-873916972050415616,1790908404000,1790908852000,1,0.133,0.254,0.5236220472440946
1070378226594873344,1790919265000-632578958264631296-1070378226594873344,1790919265000,1790919540000,1,0.132,0.227,0.5814977973568282
1464286677953413120,1790946097000-632578958264631296-1464286677953413120,1790946097000,1790946352000,1,0.132,0.134,0.9850746268656716
946029060134273024,1790947027000-632578958264631296-946029060134273024,1790947027000,1790947143000,1,0.132,0.074,1.783783783783784
1070334753032372224,1790919038000-632578958264631296-1070334753032372224,1790919038000,1790919906000,1,0.131,0.537,0.24394785847299813
1135630948969218048,1790973921000-632578958264631296-1135630948969218048,1790973921000,1790974213000,1,0.131,0.38,0.3447368421052632
932334786138079232,1790935887000-632578958264631296-932334786138079232,1790935887000,1790936343000,1,0.131,0.632,0.20727848101265822
942469459329679360,1790916960000-632578958264631296-942469459329679360,1790916960000,1790917145000,1,0.131,0.061,2.1475409836065573
946025929669345280,1790910238000-632578958264631296-946025929669345280,1790910238000,1790910625000,1,0.131,0.17,0.7705882352941176
1050036019790872576,1790960570000-632578958264631296-1050036019790872576,1790960570000,1790960730000,1,0.13,0.146,0.8904109589041097
1093087738300727296,1790910341000-632578958264631296-1093087738300727296,1790910341000,1790910447000,1,0.13,0.081,1.6049382716049383
1536014618822967296,1790940633000-632578958264631296-1536014618822967296,1790940633000,1790940817000,1,0.13,0.222,0.5855855855855856
1536014667858575360,1790945136000-632578958264631296-1536014667858575360,1790945136000,1790945342000,1,0.13,0.199,0.6532663316582914
1593331058084937728,1790926025000-632578958264631296-1593331058084937728,1790926025000,1790926204000,1,0.13,0.052,2.5
1067774958987378688,1790945368000-632578958264631296-1067774958987378688,1790945368000,1790946621000,1,0.129,1.389,0.09287257019438445
1079425050643267584,1790933294000-632578958264631296-1079425050643267584,1790933294000,1790933400000,1,0.129,0.155,0.832258064516129
1083726655622479872,1790914373000-632578958264631296-1083726655622479872,1790914373000,1790914533000,1,0.129,0.188,0.6861702127659575
1101156788989853696,1790931692000-632578958264631296-1101156788989853696,1790931692000,1790931969000,1,0.129,0.125,1.032
1138783468012961792,1790940683000-632578958264631296-1138783468012961792,1790940683000,1790941047000,1,0.129,0.366,0.3524590163934426
1371466234314358784,1790927319000-632578958264631296-1371466234314358784,1790927319000,1790928366000,1,0.128,0.976,0.13114754098360656
1536014744312348672,1790931414000-632578958264631296-1536014744312348672,1790931414000,1790931554000,1,0.128,0.176,0.7272727272727273
780059706918961152,1790918043000-632578958264631296-780059706918961152,1790918043000,1790918717000,1,0.128,0.574,0.22299651567944254
1093089257012068352,1790947773000-632578958264631296-1093089257012068352,1790947773000,1790948175000,1,0.127,0.194,0.654639175257732
943858330336493568,1790953776000-632578958264631296-943858330336493568,1790953776000,1790953930000,1,0.127,0.171,0.7426900584795321
1105914860262129664,1790944541000-632578958264631296-1105914860262129664,1790944541000,1790944827000,1,0.126,0.048,2.625
1138783468012961792,1790943758000-632578958264631296-1138783468012961792,1790943758000,1790943969000,1,0.126,0.271,0.46494464944649444
1422205318414204928,1790909898000-632578958264631296-1422205318414204928,1790909898000,1790910631000,1,0.126,0.378,0.3333333333333333
943856131652976640,1790963882000-632578958264631296-943856131652976640,1790963882000,1790963993000,1,0.126,0.04,3.15
946032744595456000,1790985539000-632578958264631296-946032744595456000,1790985539000,1790986115000,1,0.126,0.37,0.34054054054054056
951557843473924096,1790921489000-632578958264631296-951557843473924096,1790921489000,1790922021000,1,0.126,0.286,0.4405594405594406
1045646209449984000,1790904692000-632578958264631296-1045646209449984000,1790904692000,1790904851000,1,0.125,0.055,2.272727272727273
1045646209449984000,1790906267000-632578958264631296-1045646209449984000,1790906267000,1790906616000,1,0.125,0.129,0.9689922480620154
1046442858321543168,1790967290000-632578958264631296-1046442858321543168,1790967290000,1790967521000,1,0.125,0.144,0.8680555555555556
1046442858321543168,1790984383000-632578958264631296-1046442858321543168,1790984383000,1790984839000,1,0.125,0.125,1.0
1049341310072258560,1790934851000-632578958264631296-1049341310072258560,1790934851000,1790935037000,1,0.125,0.118,1.0593220338983051
1068875501654769664,1790937031000-632578958264631296-1068875501654769664,1790937031000,1790937664000,1,0.125,0.167,0.748502994011976
1071858322266652672,1790936854000-632578958264631296-1071858322266652672,1790936854000,1790937225000,1,0.125,0.288,0.4340277777777778
1079796452147855360,1790953280000-632578958264631296-1079796452147855360,1790953280000,1790953507000,1,0.125,0.047,2.6595744680851063
1083726476706054144,1790937815000-632578958264631296-1083726476706054144,1790937815000,1790938108000,1,0.125,0.29,0.4310344827586207
1101122257968693248,1790946230000-632578958264631296-1101122257968693248,1790946230000,1790946676000,1,0.125,0.207,0.6038647342995169
1101122257968693248,1790953906000-632578958264631296-1101122257968693248,1790953906000,1790954225000,1,0.125,0.149,0.8389261744966443
1105914860262129664,1790914537000-632578958264631296-1105914860262129664,1790914537000,1790915265000,1,0.125,0.295,0.42372881355932207
1168836102002311168,1790908244000-632578958264631296-1168836102002311168,1790908244000,1790908726000,1,0.125,0.176,0.7102272727272728
1294723291725955072,1790955913000-632578958264631296-1294723291725955072,1790955913000,1790956507000,1,0.125,0.258,0.4844961240310077
1361380561528029184,1790961530000-632578958264631296-1361380561528029184,1790961530000,1790961766000,1,0.125,0.09,1.3888888888888888
1361380561528029184,1790973420000-632578958264631296-1361380561528029184,1790973420000,1790974133000,1,0.125,0.423,0.29550827423167847
1385305128772304896,1790955654000-632578958264631296-1385305128772304896,1790955654000,1790956352000,1,0.125,0.464,0.2693965517241379
1385305291104452608,1790932026000-632578958264631296-1385305291104452608,1790932026000,1790932267000,1,0.125,0.127,0.984251968503937
1385305434218299392,1790915594000-632578958264631296-1385305434218299392,1790915594000,1790916637000,1,0.125,0.608,0.2055921052631579
1385305554984894464,1790958397000-632578958264631296-1385305554984894464,1790958397000,1790958682000,1,0.125,0.11,1.1363636363636365
1397607641592627200,1790944855000-632578958264631296-1397607641592627200,1790944855000,1790945099000,1,0.125,0.139,0.8992805755395683
1428064485414797312,1790917586000-632578958264631296-1428064485414797312,1790917586000,1790917861000,1,0.125,0.216,0.5787037037037037
1428064485414797312,1790926946000-632578958264631296-1428064485414797312,1790926946000,1790927256000,1,0.125,0.231,0.5411255411255411
1464286463544786944,1790947030000-632578958264631296-1464286463544786944,1790947030000,1790947467000,1,0.125,0.243,0.51440329218107
1464286677953413120,1790921293000-632578958264631296-1464286677953413120,1790921293000,1790921786000,1,0.125,0.257,0.48638132295719844
1464286677953413120,1790941566000-632578958264631296-1464286677953413120,1790941566000,1790942024000,1,0.125,0.333,0.37537537537537535
1477629515881512960,1790901485000-632578958264631296-1477629515881512960,1790901485000,1790901629000,1,0.125,0.122,1.0245901639344261
1600617075997409280,1790924724000-632578958264631296-1600617075997409280,1790924724000,1790924881000,1,0.125,0.15,0.8333333333333334
862287863801184256,1790909861000-632578958264631296-862287863801184256,1790909861000,1790910094000,1,0.125,0.083,1.506024096385542
925753337108758528,1790909085000-632578958264631296-925753337108758528,1790909085000,1790909266000,1,0.125,0.097,1.2886597938144329
926866983197081600,1790951472000-632578958264631296-926866983197081600,1790951472000,1790951627000,1,0.125,0.043,2.906976744186047
929717117048061952,1790964440000-632578958264631296-929717117048061952,1790964440000,1790964618000,1,0.125,0.34,0.3676470588235294
943858330336493568,1790952875000-632578958264631296-943858330336493568,1790952875000,1790953060000,1,0.125,0.185,0.6756756756756757
947107003673608192,1790951486000-632578958264631296-947107003673608192,1790951486000,1790951777000,1,0.125,0.522,0.23946360153256704
951557843473924096,1790938716000-632578958264631296-951557843473924096,1790938716000,1790939027000,1,0.125,0.251,0.49800796812749004
951558904641224704,1790924709000-632578958264631296-951558904641224704,1790924709000,1790924990000,1,0.125,0.156,0.8012820512820513
1536014654021566464,1790907412000-632578958264631296-1536014654021566464,1790907412000,1790907563000,1,0.124,0.077,1.6103896103896105
819592403370377216,1790910971000-632578958264631296-819592403370377216,1790910971000,1790911636000,1,0.124,0.563,0.2202486678507993
947452563299500032,1790914364000-632578958264631296-947452563299500032,1790914364000,1790914775000,1,0.124,0.141,0.8794326241134752
1045646687990710272,1790916634000-632578958264631296-1045646687990710272,1790916634000,1790916840000,1,0.123,0.163,0.754601226993865
1083727448777949184,1790973953000-632578958264631296-1083727448777949184,1790973953000,1790974384000,1,0.123,0.352,0.3494318181818182
1570836903035404288,1790956503000-632578958264631296-1570836903035404288,1790956503000,1790956635000,1,0.123,0.166,0.7409638554216867
879404563604439040,1790966659000-632578958264631296-879404563604439040,1790966659000,1790967137000,1,0.123,0.145,0.8482758620689655
1068875501654769664,1790939718000-632578958264631296-1068875501654769664,1790939718000,1790940119000,1,0.122,0.094,1.297872340425532
1136716787434389504,1790922673000-632578958264631296-1136716787434389504,1790922673000,1790922852000,1,0.122,0.147,0.8299319727891157
1536014609964597248,1790923102000-632578958264631296-1536014609964597248,1790923102000,1790923583000,1,0.122,0.24,0.5083333333333333
798991075485155328,1790927799000-632578958264631296-798991075485155328,1790927799000,1790927944000,1,0.122,0.052,2.3461538461538463
879404563604439040,1790936560000-632578958264631296-879404563604439040,1790936560000,1790936766000,1,0.122,0.068,1.7941176470588234
932302785804763136,1790908822000-632578958264631296-932302785804763136,1790908822000,1790909124000,1,0.122,0.087,1.4022988505747127
1079095522620342272,1790984155000-632578958264631296-1079095522620342272,1790984155000,1790984349000,1,0.121,0.14,0.8642857142857142
1138783468012961792,1790943238000-632578958264631296-1138783468012961792,1790943238000,1790943434000,1,0.121,0.202,0.599009900990099
1175796546902425600,1790936303000-632578958264631296-1175796546902425600,1790936303000,1790936661000,1,0.121,0.322,0.37577639751552794
1176582767303983104,1790923276000-632578958264631296-1176582767303983104,1790923276000,1790923466000,1,0.121,0.293,0.41296928327645055
1536014609964597248,1790927813000-632578958264631296-1536014609964597248,1790927813000,1790927922000,1,0.121,0.054,2.240740740740741
952583803866447872,1790934534000-632578958264631296-952583803866447872,1790934534000,1790934755000,1,0.121,0.188,0.6436170212765957
848986467664396288,1790925092000-632578958264631296-848986467664396288,1790925092000,1790925268000,1,0.12,0.147,0.8163265306122449
780067386190462976,1790946558000-632578958264631296-780067386190462976,1790946558000,1790946842000,1,0.119,0.254,0.46850393700787396
789513633972355072,1790973392000-632578958264631296-789513633972355072,1790973392000,1790973681000,1,0.119,0.297,0.4006734006734007
873104331912511488,1790924619000-632578958264631296-873104331912511488,1790924619000,1790924832000,1,0.119,0.174,0.6839080459770115
1060630916881186816,1790944191000-632578958264631296-1060630916881186816,1790944191000,1790944364000,1,0.118,0.147,0.8027210884353742
1067763553357791232,1790950296000-632578958264631296-1067763553357791232,1790950296000,1790950769000,1,0.118,0.448,0.26339285714285715
1071120101278744576,1790940067000-632578958264631296-1071120101278744576,1790940067000,1790940425000,1,0.118,0.164,0.7195121951219512
1135631306680434688,1790931925000-632578958264631296-1135631306680434688,1790931925000,1790932479000,1,0.118,0.676,0.17455621301775145
1385305554984894464,1790956862000-632578958264631296-1385305554984894464,1790956862000,1790957196000,1,0.118,0.284,0.4154929577464789
1464283595349688320,1790958853000-632578958264631296-1464283595349688320,1790958853000,1790959101000,1,0.118,0.127,0.9291338582677164
1067765247101632512,1790940767000-632578958264631296-1067765247101632512,1790940767000,1790940945000,1,0.117,0.147,0.7959183673469389
1082330521322651648,1790940324000-632578958264631296-1082330521322651648,1790940324000,1790940605000,1,0.117,0.271,0.4317343173431734
1488156479612518400,1790914094000-632578958264631296-1488156479612518400,1790914094000,1790914316000,1,0.117,0.174,0.6724137931034484
780059706918961152,1790945539000-632578958264631296-780059706918961152,1790945539000,1790946381000,1,0.117,0.828,0.14130434782608697
787687496786903040,1790911350000-632578958264631296-787687496786903040,1790911350000,1790911799000,1,0.117,0.204,0.573529411764706
1060872975626010624,1790915674000-632578958264631296-1060872975626010624,1790915674000,1790916167000,1,0.116,0.375,0.30933333333333335
1083726561296777216,1790904908000-632578958264631296-1083726561296777216,1790904908000,1790905446000,1,0.116,0.743,0.15612382234185734
1090633180173565952,1790949875000-632578958264631296-1090633180173565952,1790949875000,1790950130000,1,0.116,0.303,0.38283828382838286
1175796546902425600,1790917750000-632578958264631296-1175796546902425600,1790917750000,1790918142000,1,0.116,0.386,0.3005181347150259
1428367002015105024,1790949792000-632578958264631296-1428367002015105024,1790949792000,1790949959000,1,0.116,0.174,0.6666666666666667
925753337108758528,1790931576000-632578958264631296-925753337108758528,1790931576000,1790931722000,1,0.116,0.055,2.1090909090909093
951557843473924096,1790954928000-632578958264631296-951557843473924096,1790954928000,1790955159000,1,0.116,0.257,0.45136186770428016
1050441880044568576,1790900590000-632578958264631296-1050441880044568576,1790900590000,1790901128000,1,0.115,0.385,0.2987012987012987
1067774958987378688,1790956023000-632578958264631296-1067774958987378688,1790956023000,1790956696000,1,0.115,0.69,0.16666666666666669
870575606247456768,1790927810000-632578958264631296-870575606247456768,1790927810000,1790928196000,1,0.115,0.332,0.3463855421686747
929721011920699392,1790950303000-632578958264631296-929721011920699392,1790950303000,1790950425000,1,0.115,0.024,4.791666666666667
1082303861131051008,1790973160000-632578958264631296-1082303861131051008,1790973160000,1790973344000,1,0.114,0.227,0.5022026431718062
787647951882158080,1790949148000-632578958264631296-787647951882158080,1790949148000,1790949421000,1,0.114,0.071,1.6056338028169017
879404563604439040,1790968453000-632578958264631296-879404563604439040,1790968453000,1790969025000,1,0.114,0.388,0.29381443298969073
951557843473924096,1790922686000-632578958264631296-951557843473924096,1790922686000,1790922876000,1,0.114,0.171,0.6666666666666666
1113484110199783424,1790928420000-632578958264631296-1113484110199783424,1790928420000,1790928872000,1,0.113,0.199,0.5678391959798995
1142833661045899264,1790926753000-632578958264631296-1142833661045899264,1790926753000,1790926973000,1,0.113,0.109,1.036697247706422
1153273602804547584,1790948357000-632578958264631296-1153273602804547584,1790948357000,1790948730000,1,0.113,0.4,0.2825
1406586595699589120,1790947955000-632578958264631296-1406586595699589120,1790947955000,1790948301000,1,0.113,0.106,1.0660377358490567
1593406240992526336,1790929207000-632578958264631296-1593406240992526336,1790929207000,1790929485000,1,0.113,0.546,0.20695970695970695
936665179544879104,1790908850000-632578958264631296-936665179544879104,1790908850000,1790909281000,1,0.113,0.443,0.255079006772009
946025328671719424,1790900395000-632578958264631296-946025328671719424,1790900395000,1790900531000,1,0.113,0.098,1.153061224489796
947581828959567872,1790943087000-632578958264631296-947581828959567872,1790943087000,1790943240000,1,0.113,0.079,1.4303797468354431
1148896718033518592,1790977034000-632578958264631296-1148896718033518592,1790977034000,1790977329000,1,0.112,0.239,0.4686192468619247
1389244082743672832,1790942697000-632578958264631296-1389244082743672832,1790942697000,1790943117000,1,0.112,0.336,0.3333333333333333
1599470599497842688,1790936383000-632578958264631296-1599470599497842688,1790936383000,1790936637000,1,0.112,0.142,0.7887323943661972
1602017244622094336,1790923442000-632578958264631296-1602017244622094336,1790923442000,1790923572000,1,0.112,0.025,4.4799999999999995
812260483275948032,1790903590000-632578958264631296-812260483275948032,1790903590000,1790903714000,1,0.112,0.147,0.761904761904762
870575606247456768,1790915346000-632578958264631296-870575606247456768,1790915346000,1790915513000,1,0.112,0.155,0.7225806451612904
1083726476706054144,1790938133000-632578958264631296-1083726476706054144,1790938133000,1790938541000,1,0.111,0.424,0.2617924528301887
1138783468012961792,1790941095000-632578958264631296-1138783468012961792,1790941095000,1790941679000,1,0.111,0.514,0.21595330739299612
932302785804763136,1790908575000-632578958264631296-932302785804763136,1790908575000,1790908746000,1,0.111,0.135,0.8222222222222222
1045646687990710272,1790936888000-632578958264631296-1045646687990710272,1790936888000,1790936999000,1,0.11,0.07,1.5714285714285714
1061980520671346688,1790950822000-632578958264631296-1061980520671346688,1790950822000,1790951442000,1,0.11,0.183,0.6010928961748634
1105915143314735104,1790920705000-632578958264631296-1105915143314735104,1790920705000,1790921162000,1,0.11,0.363,0.30303030303030304
1537822792169291776,1790915860000-632578958264631296-1537822792169291776,1790915860000,1790916045000,1,0.11,0.153,0.7189542483660131
1593693995681185792,1790937906000-632578958264631296-1593693995681185792,1790937906000,1790938093000,1,0.11,0.101,1.089108910891089
870575606247456768,1790953773000-632578958264631296-870575606247456768,1790953773000,1790953929000,1,0.11,0.159,0.6918238993710691
871764525957775360,1790906666000-632578958264631296-871764525957775360,1790906666000,1790906839000,1,0.11,0.241,0.4564315352697096
933416236518211584,1790935231000-632578958264631296-933416236518211584,1790935231000,1790935411000,1,0.11,0.181,0.6077348066298343
1045646209449984000,1790905984000-632578958264631296-1045646209449984000,1790905984000,1790906099000,1,0.109,0.055,1.9818181818181817
1060630916881186816,1790907121000-632578958264631296-1060630916881186816,1790907121000,1790907817000,1,0.109,0.833,0.13085234093637454
1422205727123963904,1790969346000-632578958264631296-1422205727123963904,1790969346000,1790969891000,1,0.109,0.368,0.296195652173913
926578486859005952,1790952342000-632578958264631296-926578486859005952,1790952342000,1790952519000,1,0.109,0.079,1.379746835443038
1066703715756408832,1790939203000-632578958264631296-1066703715756408832,1790939203000,1790939313000,1,0.108,0.098,1.1020408163265305
784445514740400128,1790948661000-632578958264631296-784445514740400128,1790948661000,1790949304000,1,0.108,0.466,0.2317596566523605
794219272623620096,1790937319000-632578958264631296-794219272623620096,1790937319000,1790937465000,1,0.108,0.129,0.8372093023255813
926578486859005952,1790906500000-632578958264631296-926578486859005952,1790906500000,1790906827000,1,0.108,0.1,1.0799999999999998
932334220825591808,1790919280000-632578958264631296-932334220825591808,1790919280000,1790919466000,1,0.108,0.252,0.42857142857142855
947582270531698688,1790911223000-632578958264631296-947582270531698688,1790911223000,1790911383000,1,0.108,0.168,0.6428571428571428
1422205727123963904,1790942546000-632578958264631296-1422205727123963904,1790942546000,1790942856000,1,0.107,0.217,0.4930875576036866
1537822792169291776,1790915383000-632578958264631296-1537822792169291776,1790915383000,1790915566000,1,0.107,0.191,0.5602094240837696
1593406240992526336,1790928332000-632578958264631296-1593406240992526336,1790928332000,1790929043000,1,0.107,0.821,0.13032886723507917
1602017244622094336,1790930925000-632578958264631296-1602017244622094336,1790930925000,1790931072000,1,0.107,0.17,0.6294117647058823
942471450843938816,1790941944000-632578958264631296-942471450843938816,1790941944000,1790942060000,1,0.107,0.037,2.891891891891892
1094650284191252480,1790923286000-632578958264631296-1094650284191252480,1790923286000,1790923636000,1,0.106,0.273,0.38827838827838823
1173302979768352768,1790944333000-632578958264631296-1173302979768352768,1790944333000,1790944627000,1,0.106,0.181,0.585635359116022
943858330336493568,1790921383000-632578958264631296-943858330336493568,1790921383000,1790921579000,1,0.106,0.11,0.9636363636363636
1537822792169291776,1790912377000-632578958264631296-1537822792169291776,1790912377000,1790912561000,1,0.105,0.051,2.058823529411765
794219272623620096,1790918422000-632578958264631296-794219272623620096,1790918422000,1790918567000,1,0.105,0.127,0.8267716535433071
1067763772824748032,1790938320000-632578958264631296-1067763772824748032,1790938320000,1790938489000,1,0.104,0.118,0.8813559322033898
1067764977248501760,1790919029000-632578958264631296-1067764977248501760,1790919029000,1790919313000,1,0.104,0.388,0.26804123711340205
1486725792942522368,1790930529000-632578958264631296-1486725792942522368,1790930529000,1790931371000,1,0.104,0.514,0.20233463035019453
1526262198169501696,1790947141000-632578958264631296-1526262198169501696,1790947141000,1790947794000,1,0.104,0.369,0.28184281842818426
1536014618822967296,1790930200000-632578958264631296-1536014618822967296,1790930200000,1790930517000,1,0.104,0.207,0.5024154589371981
787687496786903040,1790914480000-632578958264631296-787687496786903040,1790914480000,1790914849000,1,0.104,0.197,0.5279187817258882
848986467664396288,1790925593000-632578958264631296-848986467664396288,1790925593000,1790925763000,1,0.104,0.207,0.5024154589371981
933392054296248320,1790929121000-632578958264631296-933392054296248320,1790929121000,1790929303000,1,0.104,0.234,0.4444444444444444
1073994678560358400,1790919291000-632578958264631296-1073994678560358400,1790919291000,1790919848000,1,0.103,0.541,0.19038817005545283
1083727448777949184,1790913929000-632578958264631296-1083727448777949184,1790913929000,1790914233000,1,0.103,0.38,0.2710526315789473
1181865650805538816,1790903731000-632578958264631296-1181865650805538816,1790903731000,1790904241000,1,0.103,0.666,0.15465465465465464
1182027923075366912,1790985099000-632578958264631296-1182027923075366912,1790985099000,1790985481000,1,0.103,0.381,0.27034120734908135
1277220593376165888,1790961947000-632578958264631296-1277220593376165888,1790961947000,1790962334000,1,0.103,0.331,0.31117824773413894
1389244082743672832,1790916121000-632578958264631296-1389244082743672832,1790916121000,1790916367000,1,0.103,0.122,0.8442622950819672
940246634145513472,1790912191000-632578958264631296-940246634145513472,1790912191000,1790912394000,1,0.103,0.189,0.5449735449735449
1041007225465733120,1790951389000-632578958264631296-1041007225465733120,1790951389000,1790951925000,1,0.102,0.294,0.3469387755102041
1045646397224779776,1790933822000-632578958264631296-1045646397224779776,1790933822000,1790933995000,1,0.102,0.142,0.7183098591549296
1083726517403385856,1790914945000-632578958264631296-1083726517403385856,1790914945000,1790915737000,1,0.102,1.044,0.09770114942528735
1182027923075366912,1790939513000-632578958264631296-1182027923075366912,1790939513000,1790939727000,1,0.102,0.112,0.9107142857142856
780122893064339456,1790948203000-632578958264631296-780122893064339456,1790948203000,1790948432000,1,0.102,0.197,0.5177664974619289
798991075485155328,1790945504000-632578958264631296-798991075485155328,1790945504000,1790945803000,1,0.102,0.218,0.4678899082568807
931938125880492032,1790948632000-632578958264631296-931938125880492032,1790948632000,1790949430000,1,0.102,1.011,0.10089020771513353
1071019405950844928,1790911054000-632578958264631296-1071019405950844928,1790911054000,1790911360000,1,0.101,0.251,0.402390438247012
1471165285556813824,1790954908000-632578958264631296-1471165285556813824,1790954908000,1790955265000,1,0.101,0.19,0.531578947368421
1501933902321680384,1790975246000-632578958264631296-1501933902321680384,1790975246000,1790975359000,1,0.101,0.086,1.1744186046511629
877906550297985024,1790941504000-632578958264631296-877906550297985024,1790941504000,1790941820000,1,0.101,0.107,0.9439252336448599
936665179544879104,1790913737000-632578958264631296-936665179544879104,1790913737000,1790914372000,1,0.101,0.768,0.13151041666666669
1050024168621342720,1790941113000-632578958264631296-1050024168621342720,1790941113000,1790941682000,1,0.1,0.277,0.3610108303249097
1062738572429230080,1790919184000-632578958264631296-1062738572429230080,1790919184000,1790919362000,1,0.1,0.063,1.5873015873015874
1067776196789403648,1790959716000-632578958264631296-1067776196789403648,1790959716000,1790959913000,1,0.1,0.143,0.6993006993006994
1067776196789403648,1790974269000-632578958264631296-1067776196789403648,1790974269000,1790974518000,1,0.1,0.285,0.3508771929824562
1067776270814674944,1790951610000-632578958264631296-1067776270814674944,1790951610000,1790952688000,1,0.1,1.237,0.08084074373484236
1071120101278744576,1790944411000-632578958264631296-1071120101278744576,1790944411000,1790944686000,1,0.1,0.097,1.0309278350515465
1073201833905750016,1790937629000-632578958264631296-1073201833905750016,1790937629000,1790937863000,1,0.1,0.307,0.32573289902280134
1082330521322651648,1790946803000-632578958264631296-1082330521322651648,1790946803000,1790946985000,1,0.1,0.166,0.6024096385542169
1083727048683290624,1790914659000-632578958264631296-1083727048683290624,1790914659000,1790914951000,1,0.1,0.292,0.34246575342465757
1083727593376579584,1790958171000-632578958264631296-1083727593376579584,1790958171000,1790958344000,1,0.1,0.157,0.6369426751592357
1371466234314358784,1790982056000-632578958264631296-1371466234314358784,1790982056000,1790982476000,1,0.1,0.29,0.3448275862068966
1536014640524296192,1790967334000-632578958264631296-1536014640524296192,1790967334000,1790967525000,1,0.1,0.045,2.2222222222222223
789852612550721536,1790966369000-632578958264631296-789852612550721536,1790966369000,1790966514000,1,0.1,0.144,0.6944444444444445
798991075485155328,1790928975000-632578958264631296-798991075485155328,1790928975000,1790929551000,1,0.1,0.289,0.34602076124567477
798991075485155328,1790929576000-632578958264631296-798991075485155328,1790929576000,1790929721000,1,0.1,0.063,1.5873015873015874
800361869549240320,1790929842000-632578958264631296-800361869549240320,1790929842000,1790930111000,1,0.1,0.147,0.6802721088435375
877447351826907136,1790947513159-632578958264631296-877447351826907136,1790947513000,1790948036000,1,0.1,0.511,0.19569471624266147
877447467317067776,1790978819000-632578958264631296-877447467317067776,1790978819000,1790978988000,1,0.1,0.178,0.5617977528089888
879404563604439040,1790956800000-632578958264631296-879404563604439040,1790956800000,1790957197000,1,0.1,0.18,0.5555555555555556
931856805720489984,1790905117000-632578958264631296-931856805720489984,1790905117000,1790905321000,1,0.1,0.226,0.4424778761061947
931938734016823296,1790917897000-632578958264631296-931938734016823296,1790917897000,1790918172000,1,0.1,0.259,0.3861003861003861
932302785804763136,1790913381000-632578958264631296-932302785804763136,1790913381000,1790913533000,1,0.1,0.071,1.4084507042253522
932335222958063616,1790939492000-632578958264631296-932335222958063616,1790939492000,1790939768000,1,0.1,0.323,0.30959752321981426
938815830156640256,1790913223000-632578958264631296-938815830156640256,1790913223000,1790913602000,1,0.1,0.483,0.2070393374741201
939546576563470336,1790931806000-632578958264631296-939546576563470336,1790931806000,1790932352000,1,0.1,0.651,0.15360983102918588
940245549137788928,1790936677000-632578958264631296-940245549137788928,1790936677000,1790936978000,1,0.1,0.112,0.8928571428571429
940246634145513472,1790953418000-632578958264631296-940246634145513472,1790953418000,1790953690000,1,0.1,0.357,0.2801120448179272
946026878085365760,1790900216000-632578958264631296-946026878085365760,1790900216000,1790900494000,1,0.1,0.39,0.25641025641025644
946026878085365760,1790909331000-632578958264631296-946026878085365760,1790909331000,1790909512000,1,0.1,0.294,0.34013605442176875
977133830013976576,1790923085000-632578958264631296-977133830013976576,1790923085000,1790923273000,1,0.1,0.122,0.819672131147541
996809766619578368,1790940049000-632578958264631296-996809766619578368,1790940049000,1790940184000,1,0.1,0.123,0.8130081300813009
1504892206538817536,1790959787000-632578958264631296-1504892206538817536,1790959787000,1790960297000,1,0.099,0.285,0.3473684210526316
860946857210150912,1790983939000-632578958264631296-860946857210150912,1790983939000,1790984756000,1,0.099,0.468,0.21153846153846154
1045646209449984000,1790907012000-632578958264631296-1045646209449984000,1790907012000,1790907325000,1,0.098,0.095,1.0315789473684212
1083726517403385856,1790923505000-632578958264631296-1083726517403385856,1790923505000,1790923693000,1,0.098,0.16,0.6125
819592403370377216,1790953278000-632578958264631296-819592403370377216,1790953278000,1790953507000,1,0.098,0.12,0.8166666666666668
819592403370377216,1790957329000-632578958264631296-819592403370377216,1790957329000,1790957599000,1,0.098,0.196,0.5
861290333428776960,1790946711000-632578958264631296-861290333428776960,1790946711000,1790946977000,1,0.098,0.151,0.6490066225165564
931939397496995840,1790953549000-632578958264631296-931939397496995840,1790953549000,1790954318000,1,0.098,0.631,0.15530903328050713
1045646397224779776,1790941448000-632578958264631296-1045646397224779776,1790941448000,1790941642000,1,0.097,0.13,0.7461538461538462
1087441747748847616,1790952096000-632578958264631296-1087441747748847616,1790952096000,1790952266000,1,0.097,0.163,0.5950920245398773
1161991673035620352,1790914456000-632578958264631296-1161991673035620352,1790914456000,1790914797000,1,0.097,0.397,0.24433249370277077
929721011920699392,1790905034000-632578958264631296-929721011920699392,1790905034000,1790905139000,1,0.097,0.028,3.4642857142857144
936665179544879104,1790914551000-632578958264631296-936665179544879104,1790914551000,1790915838000,1,0.097,1.33,0.07293233082706767
1071120101278744576,1790968104000-632578958264631296-1071120101278744576,1790968104000,1790968278000,1,0.096,0.079,1.2151898734177216
1073663863301341184,1790924430000-632578958264631296-1073663863301341184,1790924430000,1790924520000,1,0.096,0.077,1.2467532467532467
1120316481867874304,1790915305000-632578958264631296-1120316481867874304,1790915305000,1790915505000,1,0.096,0.173,0.5549132947976879
1406228892573761536,1790908132000-632578958264631296-1406228892573761536,1790908132000,1790908645000,1,0.096,0.413,0.2324455205811138
1464283595349688320,1790952110000-632578958264631296-1464283595349688320,1790952110000,1790952381000,1,0.096,0.158,0.6075949367088608
1083729038846984192,1790949870000-632578958264631296-1083729038846984192,1790949870000,1790950060000,1,0.095,0.196,0.4846938775510204
787737136659955712,1790982131000-632578958264631296-787737136659955712,1790982131000,1790982523000,1,0.095,0.26,0.36538461538461536
947093103351693312,1790917163000-632578958264631296-947093103351693312,1790917163000,1790917258000,1,0.095,0.48,0.19791666666666669
1500484476822618112,1790938228000-632578958264631296-1500484476822618112,1790938228000,1790938401000,1,0.094,0.11,0.8545454545454545
1593331058084937728,1790937767000-632578958264631296-1593331058084937728,1790937767000,1790937934000,1,0.094,0.112,0.8392857142857143
1049341310072258560,1790962567000-632578958264631296-1049341310072258560,1790962567000,1790962777000,1,0.093,0.165,0.5636363636363636
1050036019790872576,1790960821000-632578958264631296-1050036019790872576,1790960821000,1790961404000,1,0.093,0.699,0.13304721030042918
1135631306680434688,1790922249000-632578958264631296-1135631306680434688,1790922249000,1790922540000,1,0.093,0.439,0.21184510250569477
866686265431425024,1790953785000-632578958264631296-866686265431425024,1790953785000,1790954431000,1,0.093,0.667,0.1394302848575712
931856805720489984,1790932653000-632578958264631296-931856805720489984,1790932653000,1790932908000,1,0.093,0.333,0.27927927927927926
943858330336493568,1790914545000-632578958264631296-943858330336493568,1790914545000,1790914669000,1,0.093,0.105,0.8857142857142858
1067764685513687040,1790907604000-632578958264631296-1067764685513687040,1790907604000,1790907897000,1,0.092,0.262,0.3511450381679389
1073663863301341184,1790918246000-632578958264631296-1073663863301341184,1790918246000,1790918430000,1,0.092,0.041,2.24390243902439
1083726655622479872,1790913029000-632578958264631296-1083726655622479872,1790913029000,1790914185000,1,0.092,0.802,0.11471321695760597
1161991673035620352,1790930132000-632578958264631296-1161991673035620352,1790930132000,1790930370000,1,0.092,0.273,0.33699633699633696
1175796663680237568,1790937579000-632578958264631296-1175796663680237568,1790937579000,1790937817000,1,0.092,0.297,0.3097643097643098
1477629515881512960,1790906752000-632578958264631296-1477629515881512960,1790906752000,1790907081000,1,0.092,0.255,0.3607843137254902
1536014618822967296,1790903824000-632578958264631296-1536014618822967296,1790903824000,1790904483000,1,0.092,0.31,0.2967741935483871
1536014751404916736,1790945824000-632578958264631296-1536014751404916736,1790945824000,1790946105000,1,0.092,0.154,0.5974025974025974
1593406240992526336,1790929583000-632578958264631296-1593406240992526336,1790929583000,1790930171000,1,0.092,0.821,0.11205846528623631
1083727448777949184,1790923171000-632578958264631296-1083727448777949184,1790923171000,1790923475000,1,0.091,0.364,0.25
1134877765846171648,1790947045000-632578958264631296-1134877765846171648,1790947045000,1790947240000,1,0.091,0.212,0.42924528301886794
1135631306680434688,1790934227000-632578958264631296-1135631306680434688,1790934227000,1790934445000,1,0.091,0.026,3.5
1138782810882965504,1790972650000-632578958264631296-1138782810882965504,1790972650000,1790972843000,1,0.091,0.174,0.5229885057471264
1536014633725329408,1790934269000-632578958264631296-1536014633725329408,1790934269000,1790934748000,1,0.091,0.371,0.24528301886792453
800361869549240320,1790935402000-632578958264631296-800361869549240320,1790935402000,1790935633000,1,0.091,0.136,0.6691176470588235
906553960083488768,1790983995000-632578958264631296-906553960083488768,1790983995000,1790984163000,1,0.091,0.229,0.39737991266375544
926578486859005952,1790936273000-632578958264631296-926578486859005952,1790936273000,1790936396000,1,0.091,0.063,1.4444444444444444
932302785804763136,1790933053000-632578958264631296-932302785804763136,1790933053000,1790933384000,1,0.091,0.305,0.2983606557377049
944571594812948480,1790904072000-632578958264631296-944571594812948480,1790904072000,1790904404000,1,0.091,0.25,0.364
946036270407090176,1790919399000-632578958264631296-946036270407090176,1790919399000,1790919644000,1,0.091,0.069,1.3188405797101448
1045646209449984000,1790910323000-632578958264631296-1045646209449984000,1790910323000,1790910608000,1,0.09,0.07,1.2857142857142856
1073201833905750016,1790913549000-632578958264631296-1073201833905750016,1790913549000,1790913791000,1,0.09,0.191,0.4712041884816754
1105915143314735104,1790918383000-632578958264631296-1105915143314735104,1790918383000,1790918736000,1,0.09,0.311,0.28938906752411575
1112389405491855360,1790954172000-632578958264631296-1112389405491855360,1790954172000,1790954353000,1,0.09,0.085,1.0588235294117645
796385052366733312,1790911643000-632578958264631296-796385052366733312,1790911643000,1790912384000,1,0.09,0.445,0.20224719101123595
877906550297985024,1790936303000-632578958264631296-877906550297985024,1790936303000,1790936599000,1,0.09,0.14,0.6428571428571428
1067772524470730752,1790906060000-632578958264631296-1067772524470730752,1790906060000,1790906326000,1,0.089,0.222,0.40090090090090086
1068875501654769664,1790943573000-632578958264631296-1068875501654769664,1790943573000,1790943932000,1,0.089,0.091,0.978021978021978
1131972366507704320,1790928249000-632578958264631296-1131972366507704320,1790928249000,1790928537000,1,0.089,0.235,0.37872340425531914
1385305291104452608,1790924573000-632578958264631296-1385305291104452608,1790924573000,1790924803000,1,0.089,0.147,0.6054421768707483
1389244082743672832,1790916713000-632578958264631296-1389244082743672832,1790916713000,1790916914000,1,0.089,0.165,0.5393939393939393
1464628801508999168,1790908787000-632578958264631296-1464628801508999168,1790908787000,1790908917000,1,0.089,0.123,0.7235772357723577
1536014681523617792,1790949830000-632578958264631296-1536014681523617792,1790949830000,1790950304000,1,0.089,0.273,0.32600732600732596
1536014716214706176,1790928039000-632578958264631296-1536014716214706176,1790928039000,1790928291000,1,0.089,0.113,0.7876106194690264
997896292355014656,1790944824000-632578958264631296-997896292355014656,1790944824000,1790945399000,1,0.089,0.487,0.18275154004106775
1152270574152581120,1790918097000-632578958264631296-1152270574152581120,1790918097000,1790918277000,1,0.088,0.104,0.8461538461538461
796385052366733312,1790916152000-632578958264631296-796385052366733312,1790916152000,1790916304000,1,0.088,0.097,0.9072164948453607
870286624469024768,1790934716000-632578958264631296-870286624469024768,1790934716000,1790935053000,1,0.088,0.328,0.26829268292682923
932335222958063616,1790934674000-632578958264631296-932335222958063616,1790934674000,1790934938000,1,0.088,0.249,0.35341365461847385
1067776159577538560,1790952002000-632578958264631296-1067776159577538560,1790952002000,1790952410000,1,0.087,0.116,0.7499999999999999
1067776196789403648,1790956746000-632578958264631296-1067776196789403648,1790956746000,1790957375000,1,0.087,0.606,0.14356435643564355
939546232131420160,1790919414000-632578958264631296-939546232131420160,1790919414000,1790919690000,1,0.087,0.322,0.27018633540372666
943858330336493568,1790951638000-632578958264631296-943858330336493568,1790951638000,1790952059000,1,0.087,0.181,0.48066298342541436
946026878085365760,1790935549000-632578958264631296-946026878085365760,1790935549000,1790935739000,1,0.087,0.219,0.3972602739726027
1047649870816477184,1790937391000-632578958264631296-1047649870816477184,1790937391000,1790937681000,1,0.086,0.212,0.40566037735849053
1061980520671346688,1790960129000-632578958264631296-1061980520671346688,1790960129000,1790960667000,1,0.086,0.18,0.47777777777777775
1067767710965825536,1790916047000-632578958264631296-1067767710965825536,1790916047000,1790916398000,1,0.086,0.314,0.27388535031847133
1070334753032372224,1790913328000-632578958264631296-1070334753032372224,1790913328000,1790913563000,1,0.086,0.158,0.5443037974683543
1148896718033518592,1790984228000-632578958264631296-1148896718033518592,1790984228000,1790984384000,1,0.086,0.13,0.6615384615384614
1181865772805259264,1790905545000-632578958264631296-1181865772805259264,1790905545000,1790905900000,1,0.086,0.36,0.23888888888888887
1537822792169291776,1790912007000-632578958264631296-1537822792169291776,1790912007000,1790912270000,1,0.086,0.114,0.7543859649122806
931938125880492032,1790906790000-632578958264631296-931938125880492032,1790906790000,1790907374000,1,0.086,0.76,0.1131578947368421
1041007225465733120,1790927829000-632578958264631296-1041007225465733120,1790927829000,1790928069000,1,0.085,0.194,0.4381443298969072
1175796663680237568,1790942370000-632578958264631296-1175796663680237568,1790942370000,1790942699000,1,0.085,0.425,0.2
1475453057469775872,1790946077000-632578958264631296-1475453057469775872,1790946077000,1790946398000,1,0.085,0.134,0.6343283582089553
873109579045535744,1790944096000-632578958264631296-873109579045535744,1790944096000,1790945134000,1,0.085,0.827,0.10278113663845224
929721011920699392,1790947810000-632578958264631296-929721011920699392,1790947810000,1790947924000,1,0.085,0.029,2.9310344827586206
942469459329679360,1790947485000-632578958264631296-942469459329679360,1790947485000,1790947595000,1,0.085,0.074,1.1486486486486487
1101156788989853696,1790935254000-632578958264631296-1101156788989853696,1790935254000,1790935389000,1,0.084,0.056,1.5
1103352309556969472,1790918676000-632578958264631296-1103352309556969472,1790918676000,1790918949000,1,0.084,0.327,0.25688073394495414
1188144161019133952,1790939452000-632578958264631296-1188144161019133952,1790939452000,1790939915000,1,0.084,0.015,5.6000000000000005
1385588586753032192,1790945685000-632578958264631296-1385588586753032192,1790945685000,1790945932000,1,0.084,0.323,0.26006191950464397
796706773456125952,1790920746000-632578958264631296-796706773456125952,1790920746000,1790920918000,1,0.084,0.293,0.2866894197952219
996809766619578368,1790907695000-632578958264631296-996809766619578368,1790907695000,1790907809000,1,0.084,0.024,3.5
1067764585097854976,1790907379000-632578958264631296-1067764585097854976,1790907379000,1790907598000,1,0.083,0.199,0.41708542713567837
1067767710965825536,1790908089000-632578958264631296-1067767710965825536,1790908089000,1790908282000,1,0.083,0.22,0.3772727272727273
1364616390270517248,1790935524000-632578958264631296-1364616390270517248,1790935524000,1790935714000,1,0.083,0.153,0.542483660130719
1385305554984894464,1790926548000-632578958264631296-1385305554984894464,1790926548000,1790926704000,1,0.083,0.052,1.5961538461538463
1475453057469775872,1790947927000-632578958264631296-1475453057469775872,1790947927000,1790948207000,1,0.083,0.161,0.515527950310559
1486716779844599808,1790961551000-632578958264631296-1486716779844599808,1790961551000,1790961739000,1,0.083,0.125,0.664
1536014744312348672,1790936446000-632578958264631296-1536014744312348672,1790936446000,1790936675000,1,0.083,0.295,0.28135593220338984
1602017244622094336,1790954885000-632578958264631296-1602017244622094336,1790954885000,1790955164000,1,0.083,0.114,0.7280701754385965
866686265431425024,1790931634000-632578958264631296-866686265431425024,1790931634000,1790931836000,1,0.083,0.168,0.49404761904761907
876422423786815488,1790906401000-632578958264631296-876422423786815488,1790906401000,1790906842000,1,0.083,0.483,0.17184265010351968
940981890892955648,1790908632000-632578958264631296-940981890892955648,1790908632000,1790908746000,1,0.083,0.115,0.7217391304347827
951561875261227008,1790954184000-632578958264631296-951561875261227008,1790954184000,1790954372000,1,0.083,0.107,0.7757009345794393
1083726887294861312,1790913807000-632578958264631296-1083726887294861312,1790913807000,1790914110000,1,0.082,0.193,0.42487046632124353
1289306380670337024,1790928276000-632578958264631296-1289306380670337024,1790928276000,1790928588000,1,0.082,0.245,0.3346938775510204
1361380561528029184,1790974140000-632578958264631296-1361380561528029184,1790974140000,1790974715000,1,0.082,0.224,0.3660714285714286
1397607641592627200,1790907683000-632578958264631296-1397607641592627200,1790907683000,1790907887000,1,0.082,0.134,0.6119402985074627
1536014723353411584,1790924872000-632578958264631296-1536014723353411584,1790924872000,1790926370000,1,0.082,0.911,0.09001097694840834
848986467664396288,1790915470000-632578958264631296-848986467664396288,1790915470000,1790916044000,1,0.082,0.389,0.21079691516709512
925753337108758528,1790919607000-632578958264631296-925753337108758528,1790919607000,1790919824000,1,0.082,0.121,0.6776859504132232
929721011920699392,1790948286000-632578958264631296-929721011920699392,1790948286000,1790948513000,1,0.082,0.041,2.0
944573988506435584,1790936268000-632578958264631296-944573988506435584,1790936268000,1790936614000,1,0.082,0.15,0.5466666666666667
951558904641224704,1790902534000-632578958264631296-951558904641224704,1790902534000,1790902830000,1,0.082,0.193,0.42487046632124353
1001786725204230144,1790922713000-632578958264631296-1001786725204230144,1790922713000,1790923271000,1,0.081,0.642,0.12616822429906543
1045646209449984000,1790914695000-632578958264631296-1045646209449984000,1790914695000,1790915004000,1,0.081,0.102,0.7941176470588236
1046442514266980352,1790930321000-632578958264631296-1046442514266980352,1790930321000,1790931186000,1,0.081,0.268,0.30223880597014924
1067765133431799808,1790919397000-632578958264631296-1067765133431799808,1790919397000,1790919654000,1,0.081,0.233,0.34763948497854075
1176582767303983104,1790903070000-632578958264631296-1176582767303983104,1790903070000,1790903482000,1,0.081,0.303,0.26732673267326734
1182027923075366912,1790932898000-632578958264631296-1182027923075366912,1790932898000,1790933381000,1,0.081,0.443,0.18284424379232506
1593331058084937728,1790943868000-632578958264631296-1593331058084937728,1790943868000,1790944609000,1,0.081,0.349,0.23209169054441264
1602017244622094336,1790920667000-632578958264631296-1602017244622094336,1790920667000,1790920864000,1,0.081,0.272,0.2977941176470588
940981890892955648,1790906282000-632578958264631296-940981890892955648,1790906282000,1790906414000,1,0.081,0.081,1.0
1079425050643267584,1790949375000-632578958264631296-1079425050643267584,1790949375000,1790949630000,1,0.08,0.206,0.38834951456310685
1126868873732161536,1790955995000-632578958264631296-1126868873732161536,1790955995000,1790956552000,1,0.08,0.225,0.35555555555555557
1364616390270517248,1790922059000-632578958264631296-1364616390270517248,1790922059000,1790922174000,1,0.08,0.018,4.444444444444445
787737136659955712,1790944916000-632578958264631296-787737136659955712,1790944916000,1790945079000,1,0.08,0.205,0.3902439024390244
848986467664396288,1790916125000-632578958264631296-848986467664396288,1790916125000,1790916795000,1,0.08,0.559,0.14311270125223613
935951856658546688,1790940277000-632578958264631296-935951856658546688,1790940277000,1790940808000,1,0.08,0.687,0.11644832605531295
1079787761596104704,1790926872000-632578958264631296-1079787761596104704,1790926872000,1790927365000,1,0.079,0.324,0.24382716049382716
1082360641819246592,1790913353000-632578958264631296-1082360641819246592,1790913353000,1790913539000,1,0.079,0.127,0.6220472440944882
1083726930487803904,1790945181000-632578958264631296-1083726930487803904,1790945181000,1790945719000,1,0.079,0.575,0.1373913043478261
1536014640524296192,1790945372000-632578958264631296-1536014640524296192,1790945372000,1790946146000,1,0.079,0.326,0.24233128834355827
1536014654021566464,1790908830000-632578958264631296-1536014654021566464,1790908830000,1790908947000,1,0.079,0.056,1.4107142857142858
1536014744312348672,1790928058000-632578958264631296-1536014744312348672,1790928058000,1790928192000,1,0.079,0.132,0.5984848484848485
1131240373310455808,1790943635000-632578958264631296-1131240373310455808,1790943635000,1790943775000,1,0.078,0.179,0.4357541899441341
784445514740400128,1790957590000-632578958264631296-784445514740400128,1790957590000,1790957833000,1,0.078,0.146,0.5342465753424658
931856805720489984,1790931913000-632578958264631296-931856805720489984,1790931913000,1790932101000,1,0.078,0.187,0.41711229946524064
947093103351693312,1790927803000-632578958264631296-947093103351693312,1790927803000,1790927997000,1,0.078,0.173,0.45086705202312144
1067774958987378688,1790933828000-632578958264631296-1067774958987378688,1790933828000,1790935677000,1,0.077,1.804,0.04268292682926829
1070370579279773696,1790900597000-632578958264631296-1070370579279773696,1790900597000,1790900752000,1,0.077,0.104,0.7403846153846154
1405177997576634368,1790954083000-632578958264631296-1405177997576634368,1790954083000,1790954221000,1,0.077,0.132,0.5833333333333333
1405177997576634368,1790954923000-632578958264631296-1405177997576634368,1790954923000,1790955271000,1,0.077,0.256,0.30078125
1536014654021566464,1790906716000-632578958264631296-1536014654021566464,1790906716000,1790906849000,1,0.077,0.081,0.9506172839506173
1536014744312348672,1790905070000-632578958264631296-1536014744312348672,1790905070000,1790905197000,1,0.077,0.078,0.9871794871794871
1537822792169291776,1790913318000-632578958264631296-1537822792169291776,1790913318000,1790913510000,1,0.077,0.116,0.6637931034482758
1593331058084937728,1790937506000-632578958264631296-1593331058084937728,1790937506000,1790937748000,1,0.077,0.237,0.3248945147679325
939545725614686208,1790965612000-632578958264631296-939545725614686208,1790965612000,1790965844000,1,0.077,0.23,0.33478260869565213
946025328671719424,1790908721000-632578958264631296-946025328671719424,1790908721000,1790908947000,1,0.077,0.083,0.927710843373494
1067765189559975936,1790945230000-632578958264631296-1067765189559975936,1790945230000,1790945424000,1,0.076,0.166,0.4578313253012048
1094650284191252480,1790961087000-632578958264631296-1094650284191252480,1790961087000,1790961316000,1,0.076,0.347,0.21902017291066284
1105915143314735104,1790916659000-632578958264631296-1105915143314735104,1790916659000,1790916814000,1,0.076,0.126,0.6031746031746031
1268615353760481280,1790915951000-632578958264631296-1268615353760481280,1790915951000,1790917010000,1,0.076,1.23,0.061788617886178863
1385305291104452608,1790946564000-632578958264631296-1385305291104452608,1790946564000,1790946755000,1,0.076,0.119,0.638655462184874
1471144582421938176,1790951080000-632578958264631296-1471144582421938176,1790951080000,1790951186000,1,0.076,0.089,0.8539325842696629
1536014716214706176,1790947601000-632578958264631296-1536014716214706176,1790947601000,1790948136000,1,0.076,0.21,0.3619047619047619
1600618257994219520,1790921919000-632578958264631296-1600618257994219520,1790921919000,1790922708000,1,0.076,0.267,0.2846441947565543
1050036568242257920,1790948178000-632578958264631296-1050036568242257920,1790948178000,1790948431000,1,0.075,0.189,0.3968253968253968
1422205727123963904,1790938919000-632578958264631296-1422205727123963904,1790938919000,1790940211000,1,0.075,0.706,0.10623229461756374
1504876024033181696,1790935390000-632578958264631296-1504876024033181696,1790935390000,1790935653000,1,0.075,0.124,0.6048387096774194
1536004619845500928,1790916342000-632578958264631296-1536004619845500928,1790916342000,1790916847000,1,0.075,0.309,0.24271844660194175
1536014556927623168,1790911457000-632578958264631296-1536014556927623168,1790911457000,1790912545000,1,0.075,0.555,0.13513513513513511
1600617075997409280,1790926413000-632578958264631296-1600617075997409280,1790926413000,1790926571000,1,0.075,0.199,0.37688442211055273
794219272623620096,1790951572000-632578958264631296-794219272623620096,1790951572000,1790951791000,1,0.075,0.182,0.41208791208791207
939545725614686208,1790922362000-632578958264631296-939545725614686208,1790922362000,1790922605000,1,0.075,0.19,0.39473684210526316
1067765061260410880,1790960351000-632578958264631296-1067765061260410880,1790960351000,1790960518000,1,0.074,0.14,0.5285714285714285
1076923642098483200,1790908641000-632578958264631296-1076923642098483200,1790908641000,1790909080000,1,0.074,0.207,0.357487922705314
1081614639520808960,1790920246000-632578958264631296-1081614639520808960,1790920246000,1790920611000,1,0.074,0.402,0.18407960199004972
1094650284191252480,1790958923000-632578958264631296-1094650284191252480,1790958923000,1790959756000,1,0.074,0.885,0.08361581920903954
1477629515881512960,1790903321000-632578958264631296-1477629515881512960,1790903321000,1790903438000,1,0.074,0.118,0.6271186440677966
1536014577374855168,1790961900000-632578958264631296-1536014577374855168,1790961900000,1790962162000,1,0.074,0.157,0.47133757961783435
1536014603211767808,1790928050000-632578958264631296-1536014603211767808,1790928050000,1790928183000,1,0.074,0.092,0.8043478260869565
947452563299500032,1790928311000-632578958264631296-947452563299500032,1790928311000,1790928415000,1,0.074,0.137,0.5401459854014597
1046442858321543168,1790982734000-632578958264631296-1046442858321543168,1790982734000,1790983013000,1,0.073,0.134,0.544776119402985
1049341310072258560,1790951270000-632578958264631296-1049341310072258560,1790951270000,1790951384000,1,0.073,0.084,0.869047619047619
1050766698002513920,1790932665000-632578958264631296-1050766698002513920,1790932665000,1790932791000,1,0.073,0.061,1.1967213114754098
1080454515951403008,1790921871000-632578958264631296-1080454515951403008,1790921871000,1790922045000,1,0.073,0.093,0.7849462365591398
1093087265762050048,1790934756000-632578958264631296-1093087265762050048,1790934756000,1790934985000,1,0.073,0.174,0.41954022988505746
1153273376152748032,1790926577000-632578958264631296-1153273376152748032,1790926577000,1790930359000,1,0.073,6.47,0.011282843894899535
1464253789857906688,1790959977000-632578958264631296-1464253789857906688,1790959977000,1790960082000,1,0.073,0.04,1.825
1504892206538817536,1790963749000-632578958264631296-1504892206538817536,1790963749000,1790963913000,1,0.073,0.094,0.776595744680851
1537822792169291776,1790914818000-632578958264631296-1537822792169291776,1790914818000,1790915096000,1,0.073,0.161,0.45341614906832295
870575606247456768,1790959863000-632578958264631296-870575606247456768,1790959863000,1790960033000,1,0.073,0.223,0.3273542600896861
931938734016823296,1790928054000-632578958264631296-931938734016823296,1790928054000,1790928251000,1,0.073,0.258,0.2829457364341085
939545725614686208,1790910229000-632578958264631296-939545725614686208,1790910229000,1790910420000,1,0.073,0.203,0.3596059113300492
1045646397224779776,1790940954000-632578958264631296-1045646397224779776,1790940954000,1790941211000,1,0.072,0.202,0.35643564356435636
1112389405491855360,1790908963000-632578958264631296-1112389405491855360,1790908963000,1790909443000,1,0.072,0.218,0.33027522935779813
1405141042860130304,1790903954000-632578958264631296-1405141042860130304,1790903954000,1790904143000,1,0.072,0.1,0.7199999999999999
1536014751404916736,1790935966000-632578958264631296-1536014751404916736,1790935966000,1790936156000,1,0.072,0.142,0.5070422535211268
931856805720489984,1790927136000-632578958264631296-931856805720489984,1790927136000,1790927329000,1,0.072,0.16,0.44999999999999996
1046442514266980352,1790931384000-632578958264631296-1046442514266980352,1790931384000,1790931598000,1,0.071,0.216,0.32870370370370366
1061350361924632576,1790910827000-632578958264631296-1061350361924632576,1790910827000,1790911011000,1,0.071,0.112,0.6339285714285714
1083727931903049728,1790912212000-632578958264631296-1083727931903049728,1790912212000,1790912483000,1,0.071,0.232,0.30603448275862066
1110856695237574656,1790909062000-632578958264631296-1110856695237574656,1790909062000,1790909393000,1,0.071,0.377,0.1883289124668435
1600618257994219520,1790951126000-632578958264631296-1600618257994219520,1790951126000,1790951677000,1,0.071,0.244,0.29098360655737704
947091862986948608,1790905937000-632578958264631296-947091862986948608,1790905937000,1790906095000,1,0.071,0.133,0.5338345864661653
967085947369816064,1790950593000-632578958264631296-967085947369816064,1790950593000,1790951051000,1,0.071,0.51,0.13921568627450978
1067764901566480384,1790945619000-632578958264631296-1067764901566480384,1790945619000,1790945884000,1,0.07,0.256,0.2734375
1083727289243402240,1790921894000-632578958264631296-1083727289243402240,1790921894000,1790922559000,1,0.07,0.449,0.155902004454343
1536014609964597248,1790955011000-632578958264631296-1536014609964597248,1790955011000,1790955599000,1,0.07,0.322,0.2173913043478261
787687496786903040,1790948864000-632578958264631296-787687496786903040,1790948864000,1790949286000,1,0.07,0.256,0.2734375
947583451614150656,1790943662000-632578958264631296-947583451614150656,1790943662000,1790943790000,1,0.07,0.143,0.4895104895104896
996809766619578368,1790917226000-632578958264631296-996809766619578368,1790917226000,1790917321000,1,0.07,0.088,0.7954545454545455
1046443765134262272,1790911770000-632578958264631296-1046443765134262272,1790911770000,1790912195000,1,0.069,0.139,0.49640287769784175
1049341310072258560,1790921467000-632578958264631296-1049341310072258560,1790921467000,1790921578000,1,0.069,0.046,1.5000000000000002
1050036509840769024,1790941917000-632578958264631296-1050036509840769024,1790941917000,1790942174000,1,0.069,0.195,0.35384615384615387
1064532839803912192,1790962584000-632578958264631296-1064532839803912192,1790962584000,1790963197000,1,0.069,0.207,0.33333333333333337
1067764977248501760,1790918468000-632578958264631296-1067764977248501760,1790918468000,1790919017000,1,0.069,0.602,0.11461794019933556
1080818558042112000,1790946434000-632578958264631296-1080818558042112000,1790946434000,1790946600000,1,0.069,0.13,0.5307692307692308
1113484110199783424,1790943284000-632578958264631296-1113484110199783424,1790943284000,1790943421000,1,0.069,0.126,0.5476190476190477
1181865772805259264,1790935669000-632578958264631296-1181865772805259264,1790935669000,1790935942000,1,0.069,0.305,0.22622950819672133
1268615019327651840,1790903891000-632578958264631296-1268615019327651840,1790903891000,1790904309000,1,0.069,0.315,0.21904761904761907
1469693281720860672,1790917611000-632578958264631296-1469693281720860672,1790917611000,1790917883000,1,0.069,0.128,0.5390625
1471165285556813824,1790938576000-632578958264631296-1471165285556813824,1790938576000,1790938733000,1,0.069,0.103,0.6699029126213594
1585283247909109760,1790907960000-632578958264631296-1585283247909109760,1790907960000,1790908519000,1,0.069,0.396,0.17424242424242425
1600617075997409280,1790925850000-632578958264631296-1600617075997409280,1790925850000,1790926059000,1,0.069,0.202,0.3415841584158416
1600617075997409280,1790950271000-632578958264631296-1600617075997409280,1790950271000,1790950476000,1,0.069,0.146,0.47260273972602745
929721011920699392,1790946326000-632578958264631296-929721011920699392,1790946326000,1790946483000,1,0.069,0.043,1.6046511627906979
929721011920699392,1790965365000-632578958264631296-929721011920699392,1790965365000,1790965548000,1,0.069,0.035,1.9714285714285713
943856131652976640,1790960551000-632578958264631296-943856131652976640,1790960551000,1790960667000,1,0.069,0.155,0.44516129032258067
947093103351693312,1790918931000-632578958264631296-947093103351693312,1790918931000,1790919086000,1,0.069,0.309,0.22330097087378642
1067765189559975936,1790940405000-632578958264631296-1067765189559975936,1790940405000,1790940549000,1,0.068,0.11,0.6181818181818183
1070334753032372224,1790920524000-632578958264631296-1070334753032372224,1790920524000,1790920747000,1,0.068,0.118,0.576271186440678
1131239834900234240,1790978551000-632578958264631296-1131239834900234240,1790978551000,1790978896000,1,0.068,0.403,0.1687344913151365
789513633972355072,1790965310000-632578958264631296-789513633972355072,1790965310000,1790965481000,1,0.068,0.163,0.4171779141104295
947452563299500032,1790913271000-632578958264631296-947452563299500032,1790913271000,1790913558000,1,0.068,0.158,0.43037974683544306
977133830013976576,1790954271000-632578958264631296-977133830013976576,1790954271000,1790954458000,1,0.068,0.118,0.576271186440678
1064532839803912192,1790918324000-632578958264631296-1064532839803912192,1790918324000,1790918934000,1,0.067,0.383,0.17493472584856398
1064550465066237952,1790906278000-632578958264631296-1064550465066237952,1790906278000,1790906462000,1,0.067,0.08,0.8375
1073201833905750016,1790912501000-632578958264631296-1073201833905750016,1790912501000,1790913061000,1,0.067,0.552,0.1213768115942029
1131240847388442624,1790950038000-632578958264631296-1131240847388442624,1790950038000,1790950348000,1,0.067,0.267,0.250936329588015
1135598313102376960,1790914762000-632578958264631296-1135598313102376960,1790914762000,1790915350000,1,0.067,0.705,0.09503546099290781
1135631306680434688,1790933433000-632578958264631296-1135631306680434688,1790933433000,1790933628000,1,0.067,0.237,0.2827004219409283
1294723291725955072,1790932854000-632578958264631296-1294723291725955072,1790932854000,1790933103000,1,0.067,0.079,0.8481012658227849
1606317556983922688,1790918649000-632578958264631296-1606317556983922688,1790918649000,1790918954000,1,0.067,0.145,0.4620689655172414
862287863801184256,1790908837000-632578958264631296-862287863801184256,1790908837000,1790909859000,1,0.067,0.584,0.11472602739726029
902974583798235136,1790914926000-632578958264631296-902974583798235136,1790914926000,1790915179000,1,0.067,0.114,0.5877192982456141
1071481767405289472,1790913279000-632578958264631296-1071481767405289472,1790913279000,1790913449000,1,0.066,0.06,1.1
1131239137144209408,1790947013000-632578958264631296-1131239137144209408,1790947013000,1790947653000,1,0.066,0.717,0.09205020920502092
1488156307717357568,1790949384000-632578958264631296-1488156307717357568,1790949384000,1790949661000,1,0.066,0.135,0.4888888888888889
1536014716214706176,1790941606000-632578958264631296-1536014716214706176,1790941606000,1790942548000,1,0.066,0.649,0.1016949152542373
1537822792169291776,1790920810000-632578958264631296-1537822792169291776,1790920810000,1790921003000,1,0.066,0.155,0.42580645161290326
796385052366733312,1790915044000-632578958264631296-796385052366733312,1790915044000,1790915207000,1,0.066,0.115,0.5739130434782609
1050441880044568576,1790934313000-632578958264631296-1050441880044568576,1790934313000,1790934622000,1,0.065,0.071,0.915492957746479
1073201833905750016,1790938858000-632578958264631296-1073201833905750016,1790938858000,1790939167000,1,0.065,0.226,0.28761061946902655
1131240847388442624,1790968768000-632578958264631296-1131240847388442624,1790968768000,1790969132000,1,0.065,0.274,0.23722627737226276
1175796663680237568,1790921569000-632578958264631296-1175796663680237568,1790921569000,1790921822000,1,0.065,0.372,0.17473118279569894
1361380561528029184,1790964909000-632578958264631296-1361380561528029184,1790964909000,1790965304000,1,0.065,0.175,0.37142857142857144
1536014543027699712,1790923623000-632578958264631296-1536014543027699712,1790923623000,1790923912000,1,0.065,0.259,0.25096525096525096
861290333428776960,1790940786000-632578958264631296-861290333428776960,1790940786000,1790940988000,1,0.065,0.126,0.5158730158730159
933392054296248320,1790917271000-632578958264631296-933392054296248320,1790917271000,1790917544000,1,0.065,0.249,0.26104417670682734
1061350711461150720,1790907657000-632578958264631296-1061350711461150720,1790907657000,1790907911000,1,0.064,0.125,0.512
1067763553357791232,1790967643000-632578958264631296-1067763553357791232,1790967643000,1790967856000,1,0.064,0.13,0.4923076923076923
1067764779667423232,1790913118000-632578958264631296-1067764779667423232,1790913118000,1790913340000,1,0.064,0.143,0.4475524475524476
1067765446171688960,1790906277000-632578958264631296-1067765446171688960,1790906277000,1790906467000,1,0.064,0.142,0.45070422535211274
1080454515951403008,1790924033000-632578958264631296-1080454515951403008,1790924033000,1790924265000,1,0.064,0.091,0.7032967032967034
1132636490090676224,1790915829000-632578958264631296-1132636490090676224,1790915829000,1790916139000,1,0.064,0.119,0.5378151260504203
1148896718033518592,1790971305000-632578958264631296-1148896718033518592,1790971305000,1790971713000,1,0.064,0.435,0.1471264367816092
1364616390270517248,1790903785000-632578958264631296-1364616390270517248,1790903785000,1790904032000,1,0.064,0.134,0.47761194029850745
1601553356642320384,1790958730000-632578958264631296-1601553356642320384,1790958730000,1790960409000,1,0.064,0.878,0.07289293849658314
933392054296248320,1790939187000-632578958264631296-933392054296248320,1790939187000,1790939375000,1,0.064,0.215,0.29767441860465116
952583803866447872,1790934983000-632578958264631296-952583803866447872,1790934983000,1790935523000,1,0.064,0.266,0.24060150375939848
1049341310072258560,1790931675000-632578958264631296-1049341310072258560,1790931675000,1790931811000,1,0.063,0.066,0.9545454545454545
1049976646406242304,1790927640000-632578958264631296-1049976646406242304,1790927640000,1790927789000,1,0.063,0.116,0.5431034482758621
1067772524470730752,1790906375000-632578958264631296-1067772524470730752,1790906375000,1790906536000,1,0.063,0.147,0.4285714285714286
1148896718033518592,1790959487000-632578958264631296-1148896718033518592,1790959487000,1790959892000,1,0.063,0.427,0.14754098360655737
1175796546902425600,1790910327000-632578958264631296-1175796546902425600,1790910327000,1790911316000,1,0.063,1.09,0.057798165137614675
1175796546902425600,1790914954000-632578958264631296-1175796546902425600,1790914954000,1790915125000,1,0.063,0.229,0.27510917030567683
1371466234314358784,1790980986000-632578958264631296-1371466234314358784,1790980986000,1790981280000,1,0.063,0.337,0.18694362017804153
1475453057469775872,1790910383000-632578958264631296-1475453057469775872,1790910383000,1790910765000,1,0.063,0.223,0.2825112107623318
929721011920699392,1790948173000-632578958264631296-929721011920699392,1790948173000,1790948281000,1,0.063,0.026,2.4230769230769234
939545725614686208,1790910494000-632578958264631296-939545725614686208,1790910494000,1790910677000,1,0.063,0.06,1.05
940981890892955648,1790905621000-632578958264631296-940981890892955648,1790905621000,1790906144000,1,0.063,0.205,0.3073170731707317
942471450843938816,1790950516000-632578958264631296-942471450843938816,1790950516000,1790950611000,1,0.063,0.066,0.9545454545454545
943856131652976640,1790934222000-632578958264631296-943856131652976640,1790934222000,1790934346000,1,0.063,0.044,1.4318181818181819
1067776196789403648,1790979078000-632578958264631296-1067776196789403648,1790979078000,1790979372000,1,0.062,0.198,0.3131313131313131
1083726517403385856,1790923214000-632578958264631296-1083726517403385856,1790923214000,1790923432000,1,0.062,0.102,0.607843137254902
1176582767303983104,1790927438000-632578958264631296-1176582767303983104,1790927438000,1790927822000,1,0.062,0.313,0.19808306709265175
1471148657502846976,1790909775000-632578958264631296-1471148657502846976,1790909775000,1790909889000,1,0.062,0.097,0.6391752577319587
1505944797024616448,1790961771000-632578958264631296-1505944797024616448,1790961771000,1790962037000,1,0.062,0.21,0.29523809523809524
926866983197081600,1790935017000-632578958264631296-926866983197081600,1790935017000,1790935496000,1,0.062,0.263,0.23574144486692014
928334310946111488,1790917710000-632578958264631296-928334310946111488,1790917710000,1790917937000,1,0.062,0.091,0.6813186813186813
996809766619578368,1790950034000-632578958264631296-996809766619578368,1790950034000,1790950249000,1,0.062,0.229,0.2707423580786026
1071120101278744576,1790928419000-632578958264631296-1071120101278744576,1790928419000,1790928658000,1,0.061,0.086,0.7093023255813954
866686265431425024,1790930968000-632578958264631296-866686265431425024,1790930968000,1790931223000,1,0.061,0.254,0.24015748031496062
1068875501654769664,1790931521000-632578958264631296-1068875501654769664,1790931521000,1790931886000,1,0.06,0.11,0.5454545454545454
1071457116943810560,1790956653000-632578958264631296-1071457116943810560,1790956653000,1790956838000,1,0.06,0.222,0.27027027027027023
1286311379313098752,1790945417000-632578958264631296-1286311379313098752,1790945417000,1790945835000,1,0.06,0.088,0.6818181818181819
1422205727123963904,1790923512000-632578958264631296-1422205727123963904,1790923512000,1790923851000,1,0.06,0.156,0.3846153846153846
1505944797024616448,1790904705000-632578958264631296-1505944797024616448,1790904705000,1790905287000,1,0.06,0.33,0.1818181818181818
1593330774109585408,1790984556000-632578958264631296-1593330774109585408,1790984556000,1790985107000,1,0.06,0.51,0.11764705882352941
1593405762816704512,1790928029000-632578958264631296-1593405762816704512,1790928029000,1790928266000,1,0.06,0.177,0.3389830508474576
866245373776101376,1790948219000-632578958264631296-866245373776101376,1790948219000,1790948464000,1,0.06,0.28,0.21428571428571425
940983317312831488,1790956486000-632578958264631296-940983317312831488,1790956486000,1790957054000,1,0.06,0.218,0.27522935779816515
947582270531698688,1790910315000-632578958264631296-947582270531698688,1790910315000,1790910431000,1,0.059,0.101,0.5841584158415841
951557843473924096,1790955231000-632578958264631296-951557843473924096,1790955231000,1790955489000,1,0.059,0.186,0.3172043010752688
1101156788989853696,1790918432000-632578958264631296-1101156788989853696,1790918432000,1790918594000,1,0.058,0.057,1.0175438596491229
1132636899983228928,1790906931000-632578958264631296-1132636899983228928,1790906931000,1790907244000,1,0.058,0.29,0.2
1350071704793120768,1790945629000-632578958264631296-1350071704793120768,1790945629000,1790946049000,1,0.058,0.304,0.19078947368421054
1536014625517076480,1790947831000-632578958264631296-1536014625517076480,1790947831000,1790948066000,1,0.058,0.151,0.3841059602649007
873101078441230336,1790920069000-632578958264631296-873101078441230336,1790920069000,1790920292000,1,0.058,0.168,0.34523809523809523
929731076446748672,1790946299000-632578958264631296-929731076446748672,1790946299000,1790946695000,1,0.058,0.052,1.1153846153846154
970285003134992384,1790932061000-632578958264631296-970285003134992384,1790932061000,1790932662000,1,0.058,0.431,0.13457076566125292
1067763722711203840,1790921419000-632578958264631296-1067763722711203840,1790921419000,1790921569000,1,0.057,0.089,0.6404494382022472
1089902742123577344,1790957208000-632578958264631296-1089902742123577344,1790957208000,1790957613000,1,0.057,0.202,0.28217821782178215
1385305291104452608,1790941560000-632578958264631296-1385305291104452608,1790941560000,1790942060000,1,0.057,0.326,0.17484662576687116
1501933902321680384,1790901320000-632578958264631296-1501933902321680384,1790901320000,1790901476000,1,0.057,0.089,0.6404494382022472
1536014688339361792,1790937707000-632578958264631296-1536014688339361792,1790937707000,1790937966000,1,0.057,0.216,0.2638888888888889
996808469547843584,1790906746000-632578958264631296-996808469547843584,1790906746000,1790907074000,1,0.057,0.15,0.38
1060872975626010624,1790915003000-632578958264631296-1060872975626010624,1790915003000,1790915184000,1,0.056,0.1,0.5599999999999999
1072572023244324864,1790909315000-632578958264631296-1072572023244324864,1790909315000,1790910049000,1,0.056,0.701,0.07988587731811699
1537822792169291776,1790919206000-632578958264631296-1537822792169291776,1790919206000,1790919381000,1,0.056,0.159,0.3522012578616352
946026878085365760,1790902037000-632578958264631296-946026878085365760,1790902037000,1790902494000,1,0.056,0.569,0.09841827768014061
952583803866447872,1790935830000-632578958264631296-952583803866447872,1790935830000,1790935971000,1,0.056,0.062,0.9032258064516129
1067764585097854976,1790932855000-632578958264631296-1067764585097854976,1790932855000,1790933116000,1,0.055,0.206,0.2669902912621359
1067775201233600512,1790929177000-632578958264631296-1067775201233600512,1790929177000,1790929307000,1,0.055,0.025,2.1999999999999997
1070370579279773696,1790964486000-632578958264631296-1070370579279773696,1790964486000,1790965079000,1,0.055,0.096,0.5729166666666666
1071019405950844928,1790934342000-632578958264631296-1071019405950844928,1790934342000,1790934487000,1,0.055,0.081,0.6790123456790124
1071120101278744576,1790946621000-632578958264631296-1071120101278744576,1790946621000,1790946815000,1,0.055,0.05,1.0999999999999999
1526262198169501696,1790948464000-632578958264631296-1526262198169501696,1790948464000,1790948694000,1,0.055,0.128,0.4296875
1535695002116554752,1790923907000-632578958264631296-1535695002116554752,1790923907000,1790924257000,1,0.055,0.198,0.2777777777777778
1536014667858575360,1790904124000-632578958264631296-1536014667858575360,1790904124000,1790904572000,1,0.055,0.256,0.21484375
1537822792169291776,1790918811000-632578958264631296-1537822792169291776,1790918811000,1790919087000,1,0.055,0.114,0.4824561403508772
938499921487593472,1790931491000-632578958264631296-938499921487593472,1790931491000,1790931690000,1,0.055,0.161,0.3416149068322981
951559578305167360,1790932034000-632578958264631296-951559578305167360,1790932034000,1790932284000,1,0.055,0.145,0.37931034482758624
1050766698002513920,1790937873000-632578958264631296-1050766698002513920,1790937873000,1790938099000,1,0.054,0.229,0.23580786026200873
1093087738300727296,1790930546000-632578958264631296-1093087738300727296,1790930546000,1790930712000,1,0.054,0.13,0.41538461538461535
1184409623537385472,1790932976000-632578958264631296-1184409623537385472,1790932976000,1790933185000,1,0.054,0.104,0.5192307692307693
1184409623537385472,1790935721000-632578958264631296-1184409623537385472,1790935721000,1790936109000,1,0.054,0.204,0.2647058823529412
1422205318414204928,1790910696000-632578958264631296-1422205318414204928,1790910696000,1790910850000,1,0.054,0.077,0.7012987012987013
1050036509840769024,1790956926000-632578958264631296-1050036509840769024,1790956926000,1790957121000,1,0.053,0.299,0.17725752508361203
1080818558042112000,1790954275000-632578958264631296-1080818558042112000,1790954275000,1790955173000,1,0.053,0.872,0.060779816513761464
1148896718033518592,1790974820000-632578958264631296-1148896718033518592,1790974820000,1790975233000,1,0.053,0.244,0.21721311475409835
1188144161019133952,1790962649000-632578958264631296-1188144161019133952,1790962649000,1790963555000,1,0.053,0.011,4.818181818181818
1350071704793120768,1790917903000-632578958264631296-1350071704793120768,1790917903000,1790918150000,1,0.053,0.296,0.17905405405405406
1545823503347875840,1790910583000-632578958264631296-1545823503347875840,1790910583000,1790910798000,1,0.053,0.159,0.3333333333333333
869954569466019840,1790951567000-632578958264631296-869954569466019840,1790951567000,1790952381000,1,0.053,0.284,0.18661971830985916
938499921487593472,1790924671000-632578958264631296-938499921487593472,1790924671000,1790924945000,1,0.053,0.285,0.18596491228070178
942427579615281152,1790947807000-632578958264631296-942427579615281152,1790947807000,1790947948000,1,0.053,0.065,0.8153846153846154
947091094921805824,1790927875000-632578958264631296-947091094921805824,1790927875000,1790928051000,1,0.053,0.103,0.5145631067961165
1049341310072258560,1790935314000-632578958264631296-1049341310072258560,1790935314000,1790935450000,1,0.052,0.079,0.6582278481012658
1061978679036346368,1790945595000-632578958264631296-1061978679036346368,1790945595000,1790945714000,1,0.052,0.183,0.28415300546448086
1082360641819246592,1790950437000-632578958264631296-1082360641819246592,1790950437000,1790950690000,1,0.052,0.11,0.4727272727272727
1083729038846984192,1790900970000-632578958264631296-1083729038846984192,1790900970000,1790901175000,1,0.052,0.179,0.2905027932960894
1428367002015105024,1790904803000-632578958264631296-1428367002015105024,1790904803000,1790905088000,1,0.052,0.193,0.26943005181347146
946034616492359680,1790907892000-632578958264631296-946034616492359680,1790907892000,1790908649000,1,0.052,0.439,0.1184510250569476
1050036836505747456,1790981571000-632578958264631296-1050036836505747456,1790981571000,1790981809000,1,0.051,0.126,0.4047619047619047
1050766698002513920,1790912590000-632578958264631296-1050766698002513920,1790912590000,1790912795000,1,0.051,0.148,0.34459459459459457
1067764843953520640,1790940258000-632578958264631296-1067764843953520640,1790940258000,1790940795000,1,0.051,0.56,0.09107142857142855
1088168906306093056,1790913857000-632578958264631296-1088168906306093056,1790913857000,1790914053000,1,0.051,0.148,0.34459459459459457
1536014695108968448,1790952932000-632578958264631296-1536014695108968448,1790952932000,1790953084000,1,0.051,0.121,0.4214876033057851
847116116999274496,1790900405000-632578958264631296-847116116999274496,1790900405000,1790900516000,1,0.051,0.043,1.186046511627907
926578486859005952,1790937332000-632578958264631296-926578486859005952,1790937332000,1790937720000,1,0.051,0.107,0.4766355140186916
939546576563470336,1790948726000-632578958264631296-939546576563470336,1790948726000,1790949010000,1,0.051,0.348,0.14655172413793102
1045646209449984000,1790930537000-632578958264631296-1045646209449984000,1790930537000,1790930715000,1,0.05,0.106,0.47169811320754723
1050037424450699264,1790948324000-632578958264631296-1050037424450699264,1790948324000,1790948508000,1,0.05,0.082,0.6097560975609756
1050037537222950912,1790948670000-632578958264631296-1050037537222950912,1790948670000,1790948869000,1,0.05,0.084,0.5952380952380952
1071019405950844928,1790974717000-632578958264631296-1071019405950844928,1790974717000,1790974893000,1,0.05,0.11,0.4545454545454546
1079796452147855360,1790953185000-632578958264631296-1079796452147855360,1790953185000,1790953278000,1,0.05,0.056,0.8928571428571429
1362128357327634432,1790955562000-632578958264631296-1362128357327634432,1790955562000,1790955754000,1,0.05,0.097,0.5154639175257733
1370798572273926144,1790919384000-632578958264631296-1370798572273926144,1790919384000,1790920072000,1,0.05,0.608,0.08223684210526316
1428031634325635072,1790959223000-632578958264631296-1428031634325635072,1790959223000,1790959360000,1,0.05,0.05,1.0
1535704124731949056,1790928880000-632578958264631296-1535704124731949056,1790928880000,1790929051000,1,0.05,0.093,0.5376344086021506
1536014633725329408,1790935436000-632578958264631296-1536014633725329408,1790935436000,1790935575000,1,0.05,0.092,0.5434782608695653
1537822792169291776,1790921288000-632578958264631296-1537822792169291776,1790921288000,1790921409000,1,0.05,0.087,0.574712643678161
796385052366733312,1790910681000-632578958264631296-796385052366733312,1790910681000,1790911484000,1,0.05,0.51,0.09803921568627451
929711155667009536,1790949476000-632578958264631296-929711155667009536,1790949476000,1790949609000,1,0.05,0.071,0.7042253521126761
967085947369816064,1790938613000-632578958264631296-967085947369816064,1790938613000,1790942581000,1,0.05,7.331,0.006820351930159597
1049341310072258560,1790942522000-632578958264631296-1049341310072258560,1790942522000,1790942672000,1,0.049,0.062,0.7903225806451614
1090633180173565952,1790907201000-632578958264631296-1090633180173565952,1790907201000,1790907403000,1,0.049,0.218,0.22477064220183487
1131239137144209408,1790920431000-632578958264631296-1131239137144209408,1790920431000,1790920715000,1,0.049,0.203,0.24137931034482757
1131239476161413120,1790907284000-632578958264631296-1131239476161413120,1790907284000,1790907477000,1,0.049,0.125,0.392
1385305291104452608,1790912549000-632578958264631296-1385305291104452608,1790912549000,1790912748000,1,0.049,0.107,0.4579439252336449
1396880990281924608,1790939179000-632578958264631296-1396880990281924608,1790939179000,1790939513000,1,0.049,0.185,0.2648648648648649
1405141042860130304,1790953105000-632578958264631296-1405141042860130304,1790953105000,1790954192000,1,0.049,0.57,0.08596491228070177
870575606247456768,1790941887000-632578958264631296-870575606247456768,1790941887000,1790942041000,1,0.049,0.098,0.5
925753337108758528,1790962432000-632578958264631296-925753337108758528,1790962432000,1790962569000,1,0.049,0.065,0.7538461538461538
938499921487593472,1790922320000-632578958264631296-938499921487593472,1790922320000,1790922491000,1,0.049,0.121,0.40495867768595045
951559578305167360,1790918903000-632578958264631296-951559578305167360,1790918903000,1790919089000,1,0.049,0.102,0.48039215686274517
1067775201233600512,1790930344000-632578958264631296-1067775201233600512,1790930344000,1790930704000,1,0.048,0.159,0.3018867924528302
1181865772805259264,1790945085000-632578958264631296-1181865772805259264,1790945085000,1790945686000,1,0.048,0.685,0.07007299270072992
1536014618822967296,1790938966000-632578958264631296-1536014618822967296,1790938966000,1790939136000,1,0.048,0.072,0.6666666666666667
1536014667858575360,1790932904000-632578958264631296-1536014667858575360,1790932904000,1790933036000,1,0.048,0.098,0.4897959183673469
1536014667858575360,1790939499000-632578958264631296-1536014667858575360,1790939499000,1790939642000,1,0.048,0.056,0.8571428571428571
1536014723353411584,1790928010000-632578958264631296-1536014723353411584,1790928010000,1790928267000,1,0.048,0.126,0.38095238095238093
1593405762816704512,1790948477000-632578958264631296-1593405762816704512,1790948477000,1790948628000,1,0.048,0.093,0.5161290322580645
1606317556983922688,1790926657000-632578958264631296-1606317556983922688,1790926657000,1790926812000,1,0.048,0.058,0.8275862068965517
862693652038680576,1790906682000-632578958264631296-862693652038680576,1790906682000,1790906887000,1,0.048,0.174,0.2758620689655173
946025328671719424,1790908594000-632578958264631296-946025328671719424,1790908594000,1790908716000,1,0.048,0.121,0.39669421487603307
1071858322266652672,1790938080000-632578958264631296-1071858322266652672,1790938080000,1790938266000,1,0.047,0.058,0.8103448275862069
1082330521322651648,1790959828000-632578958264631296-1082330521322651648,1790959828000,1790960354000,1,0.047,0.611,0.07692307692307693
1083726988146900992,1790954842000-632578958264631296-1083726988146900992,1790954842000,1790955032000,1,0.047,0.154,0.3051948051948052
1083729038846984192,1790915605000-632578958264631296-1083729038846984192,1790915605000,1790915740000,1,0.047,0.082,0.573170731707317
1090633180173565952,1790939299000-632578958264631296-1090633180173565952,1790939299000,1790939723000,1,0.047,0.45,0.10444444444444444
1113484110199783424,1790924802000-632578958264631296-1113484110199783424,1790924802000,1790925269000,1,0.047,0.46,0.10217391304347825
1136716787434389504,1790956491000-632578958264631296-1136716787434389504,1790956491000,1790956735000,1,0.047,0.146,0.3219178082191781
1176582451024101376,1790934919000-632578958264631296-1176582451024101376,1790934919000,1790935086000,1,0.047,0.141,0.33333333333333337
1177288436235632640,1790917721000-632578958264631296-1177288436235632640,1790917721000,1790917882000,1,0.047,0.119,0.39495798319327735
873104331912511488,1790928711000-632578958264631296-873104331912511488,1790928711000,1790928927000,1,0.047,0.169,0.2781065088757396
938499921487593472,1790918921000-632578958264631296-938499921487593472,1790918921000,1790919128000,1,0.047,0.139,0.33812949640287765
951561875261227008,1790951975000-632578958264631296-951561875261227008,1790951975000,1790952141000,1,0.047,0.103,0.4563106796116505
965194336809517056,1790901715000-632578958264631296-965194336809517056,1790901715000,1790902071000,1,0.047,0.315,0.1492063492063492
1050037424450699264,1790933475000-632578958264631296-1050037424450699264,1790933475000,1790933749000,1,0.046,0.279,0.16487455197132614
1067765061260410880,1790953590000-632578958264631296-1067765061260410880,1790953590000,1790953779000,1,0.046,0.121,0.38016528925619836
1072871041421803520,1790919733000-632578958264631296-1072871041421803520,1790919733000,1790920187000,1,0.046,0.68,0.06764705882352941
1093087738300727296,1790913092000-632578958264631296-1093087738300727296,1790913092000,1790913457000,1,0.046,0.197,0.23350253807106597
1298646515224412160,1790908908000-632578958264631296-1298646515224412160,1790908908000,1790909015000,1,0.046,0.075,0.6133333333333334
1536014633725329408,1790929044000-632578958264631296-1536014633725329408,1790929044000,1790929480000,1,0.046,0.255,0.1803921568627451
1046442514266980352,1790961518000-632578958264631296-1046442514266980352,1790961518000,1790961902000,1,0.045,0.117,0.3846153846153846
1132636252537880576,1790952200000-632578958264631296-1132636252537880576,1790952200000,1790952443000,1,0.045,0.067,0.6716417910447761
1153273602804547584,1790907624000-632578958264631296-1153273602804547584,1790907624000,1790908113000,1,0.045,0.522,0.08620689655172413
1176134230934028288,1790914216000-632578958264631296-1176134230934028288,1790914216000,1790914424000,1,0.045,0.081,0.5555555555555555
1536014695108968448,1790958845000-632578958264631296-1536014695108968448,1790958845000,1790959181000,1,0.045,0.231,0.1948051948051948
1536432469593554944,1790948781000-632578958264631296-1536432469593554944,1790948781000,1790949138000,1,0.045,0.278,0.1618705035971223
1537822792169291776,1790918213000-632578958264631296-1537822792169291776,1790918213000,1790918509000,1,0.045,0.177,0.2542372881355932
1540361729291059200,1790946425000-632578958264631296-1540361729291059200,1790946425000,1790947424000,1,0.045,0.45,0.09999999999999999
1593673426705317888,1790948091000-632578958264631296-1593673426705317888,1790948091000,1790948613000,1,0.045,0.326,0.1380368098159509
798991075485155328,1790937819000-632578958264631296-798991075485155328,1790937819000,1790938011000,1,0.045,0.094,0.4787234042553191
861290333428776960,1790904431000-632578958264631296-861290333428776960,1790904431000,1790904904000,1,0.045,0.258,0.17441860465116277
929717117048061952,1790936781000-632578958264631296-929717117048061952,1790936781000,1790937255000,1,0.045,0.204,0.22058823529411764
931938125880492032,1790978870000-632578958264631296-931938125880492032,1790978870000,1790979445000,1,0.045,0.692,0.06502890173410406
996808469547843584,1790955900000-632578958264631296-996808469547843584,1790955900000,1790956010000,1,0.045,0.104,0.4326923076923077
1064532839803912192,1790932016000-632578958264631296-1064532839803912192,1790932016000,1790932494000,1,0.044,0.099,0.4444444444444444
1067763553357791232,1790932576000-632578958264631296-1067763553357791232,1790932576000,1790932794000,1,0.044,0.101,0.4356435643564356
1094650284191252480,1790927974000-632578958264631296-1094650284191252480,1790927974000,1790928084000,1,0.044,0.064,0.6875
1126868873732161536,1790953522000-632578958264631296-1126868873732161536,1790953522000,1790954756000,1,0.044,0.852,0.05164319248826291
1183367596062277632,1790952522000-632578958264631296-1183367596062277632,1790952522000,1790952812000,1,0.044,0.328,0.13414634146341461
1361380561528029184,1790956563000-632578958264631296-1361380561528029184,1790956563000,1790957423000,1,0.044,0.443,0.09932279909706546
1385588586753032192,1790948192000-632578958264631296-1385588586753032192,1790948192000,1790948426000,1,0.044,0.145,0.30344827586206896
938499921487593472,1790923153000-632578958264631296-938499921487593472,1790923153000,1790923299000,1,0.044,0.125,0.352
1046442858321543168,1790959432000-632578958264631296-1046442858321543168,1790959432000,1790959560000,1,0.043,0.043,1.0
1079778539525373952,1790915771000-632578958264631296-1079778539525373952,1790915771000,1790916359000,1,0.043,0.369,0.11653116531165311
1083726476706054144,1790937519000-632578958264631296-1083726476706054144,1790937519000,1790937803000,1,0.043,0.177,0.24293785310734461
1083727048683290624,1790914278000-632578958264631296-1083727048683290624,1790914278000,1790914570000,1,0.043,0.3,0.14333333333333334
1385588909638942720,1790958307000-632578958264631296-1385588909638942720,1790958307000,1790958718000,1,0.043,0.17,0.25294117647058817
1464260641047969792,1790937507000-632578958264631296-1464260641047969792,1790937507000,1790937610000,1,0.043,0.053,0.8113207547169811
1488160320575766528,1790938920000-632578958264631296-1488160320575766528,1790938920000,1790939582000,1,0.043,0.332,0.1295180722891566
1525559056574447616,1790976764000-632578958264631296-1525559056574447616,1790976764000,1790977064000,1,0.043,0.128,0.33593749999999994
1570836903035404288,1790947691000-632578958264631296-1570836903035404288,1790947691000,1790947902000,1,0.043,0.145,0.296551724137931
1593693995681185792,1790911812000-632578958264631296-1593693995681185792,1790911812000,1790911951000,1,0.043,0.183,0.2349726775956284
818154714091749376,1790946600000-632578958264631296-818154714091749376,1790946600000,1790946804000,1,0.043,0.172,0.25
860946857210150912,1790949518000-632578958264631296-860946857210150912,1790949518000,1790949798000,1,0.043,0.14,0.3071428571428571
939547018001383424,1790918409000-632578958264631296-939547018001383424,1790918409000,1790919255000,1,0.043,1.074,0.040037243947858465
939547018001383424,1790931562000-632578958264631296-939547018001383424,1790931562000,1790931742000,1,0.043,0.15,0.2866666666666667
947102733284933632,1790908479000-632578958264631296-947102733284933632,1790908479000,1790908610000,1,0.043,0.088,0.48863636363636365
1045646397224779776,1790936673000-632578958264631296-1045646397224779776,1790936673000,1790936882000,1,0.042,0.128,0.328125
1067763553357791232,1790947915000-632578958264631296-1067763553357791232,1790947915000,1790948212000,1,0.042,0.317,0.13249211356466878
1083726476706054144,1790959533000-632578958264631296-1083726476706054144,1790959533000,1790959768000,1,0.042,0.298,0.14093959731543626
1389244197004902400,1790953461000-632578958264631296-1389244197004902400,1790953461000,1790953661000,1,0.042,0.08,0.525
1406228892573761536,1790906835000-632578958264631296-1406228892573761536,1790906835000,1790907551000,1,0.042,0.437,0.09610983981693365
1428367002015105024,1790903165000-632578958264631296-1428367002015105024,1790903165000,1790903452000,1,0.042,0.12,0.35000000000000003
1475453057469775872,1790916546000-632578958264631296-1475453057469775872,1790916546000,1790917380000,1,0.042,0.413,0.1016949152542373
1504892206538817536,1790949667000-632578958264631296-1504892206538817536,1790949667000,1790950528000,1,0.042,0.467,0.08993576017130621
870568761881526272,1790929856000-632578958264631296-870568761881526272,1790929856000,1790929997000,1,0.042,0.156,0.2692307692307693
943857890790211584,1790955191000-632578958264631296-943857890790211584,1790955191000,1790955512000,1,0.042,0.206,0.2038834951456311
971379691866816512,1790925172000-632578958264631296-971379691866816512,1790925172000,1790925438000,1,0.042,0.311,0.13504823151125403
1049341310072258560,1790955217000-632578958264631296-1049341310072258560,1790955217000,1790955426000,1,0.041,0.125,0.328
1050037649940676608,1790971514000-632578958264631296-1050037649940676608,1790971514000,1790972292000,1,0.041,1.021,0.04015670910871695
1083726887294861312,1790914348000-632578958264631296-1083726887294861312,1790914348000,1790914550000,1,0.041,0.107,0.383177570093458
1094650284191252480,1790924429000-632578958264631296-1094650284191252480,1790924429000,1790924586000,1,0.041,0.107,0.383177570093458
1131240847388442624,1790964865000-632578958264631296-1131240847388442624,1790964865000,1790965100000,1,0.041,0.183,0.22404371584699456
1152269748554170368,1790901580000-632578958264631296-1152269748554170368,1790901580000,1790901867000,1,0.041,0.136,0.3014705882352941
1176184196838719488,1790948373000-632578958264631296-1176184196838719488,1790948373000,1790948954000,1,0.041,0.45,0.09111111111111111
1294704486559776768,1790933023000-632578958264631296-1294704486559776768,1790933023000,1790933131000,1,0.041,0.043,0.9534883720930234
1536014667858575360,1790941500000-632578958264631296-1536014667858575360,1790941500000,1790941674000,1,0.041,0.095,0.43157894736842106
818154714091749376,1790938426000-632578958264631296-818154714091749376,1790938426000,1790938863000,1,0.041,0.259,0.1583011583011583
866648789010612224,1790944342000-632578958264631296-866648789010612224,1790944342000,1790944500000,1,0.041,0.175,0.23428571428571432
929721011920699392,1790939279000-632578958264631296-929721011920699392,1790939279000,1790939404000,1,0.041,0.017,2.411764705882353
935951856658546688,1790911002000-632578958264631296-935951856658546688,1790911002000,1790911274000,1,0.041,0.222,0.18468468468468469
946024601958219776,1790899443000-632578958264631296-946024601958219776,1790899443000,1790899786000,1,0.041,0.186,0.22043010752688172
1067765189559975936,1790947434000-632578958264631296-1067765189559975936,1790947434000,1790947601000,1,0.04,0.059,0.6779661016949153
1067774958987378688,1790948737000-632578958264631296-1067774958987378688,1790948737000,1790948945000,1,0.04,0.165,0.24242424242424243
1076923642098483200,1790926072000-632578958264631296-1076923642098483200,1790926072000,1790926695000,1,0.04,0.373,0.10723860589812333
1079778539525373952,1790911394000-632578958264631296-1079778539525373952,1790911394000,1790912009000,1,0.04,0.305,0.13114754098360656
1079796452147855360,1790946201000-632578958264631296-1079796452147855360,1790946201000,1790946336000,1,0.04,0.093,0.43010752688172044
1083727207982956544,1790917346000-632578958264631296-1083727207982956544,1790917346000,1790917557000,1,0.04,0.132,0.30303030303030304
1090633180173565952,1790933432000-632578958264631296-1090633180173565952,1790933432000,1790933605000,1,0.04,0.13,0.3076923076923077
1138783468012961792,1790949505000-632578958264631296-1138783468012961792,1790949505000,1790949933000,1,0.04,0.352,0.11363636363636365
1141991039255445504,1790949679000-632578958264631296-1141991039255445504,1790949679000,1790950033000,1,0.04,0.369,0.10840108401084012
1156948637754851328,1790947593000-632578958264631296-1156948637754851328,1790947593000,1790947977000,1,0.04,0.155,0.25806451612903225
1176180359524515840,1790956825000-632578958264631296-1176180359524515840,1790956825000,1790957201000,1,0.04,0.332,0.12048192771084337
1385588816730914816,1790947865000-632578958264631296-1385588816730914816,1790947865000,1790948153000,1,0.04,0.224,0.17857142857142858
1478688867300147200,1790901794000-632578958264631296-1478688867300147200,1790901794000,1790901924000,1,0.04,0.078,0.5128205128205129
1486725792942522368,1790909614000-632578958264631296-1486725792942522368,1790909614000,1790909804000,1,0.04,0.1,0.39999999999999997
1505944797024616448,1790938340000-632578958264631296-1505944797024616448,1790938340000,1790938656000,1,0.04,0.168,0.23809523809523808
1570836903035404288,1790921934000-632578958264631296-1570836903035404288,1790921934000,1790923323000,1,0.04,0.716,0.0558659217877095
1602017244622094336,1790922937000-632578958264631296-1602017244622094336,1790922937000,1790923210000,1,0.04,0.081,0.49382716049382713
939547417898909696,1790956899000-632578958264631296-939547417898909696,1790956899000,1790957175000,1,0.04,0.191,0.2094240837696335
947091862986948608,1790954351000-632578958264631296-947091862986948608,1790954351000,1790955226000,1,0.04,0.422,0.09478672985781991
967085947369816064,1790943455000-632578958264631296-967085947369816064,1790943455000,1790943721000,1,0.04,0.25,0.16
1046442858321543168,1790941394000-632578958264631296-1046442858321543168,1790941394000,1790941501000,1,0.039,0.027,1.4444444444444444
1050036904705130496,1790948043000-632578958264631296-1050036904705130496,1790948043000,1790948238000,1,0.039,0.088,0.44318181818181823
1070334753032372224,1790913760000-632578958264631296-1070334753032372224,1790913760000,1790913875000,1,0.039,0.089,0.43820224719101125
1083040452048846848,1790959273000-632578958264631296-1083040452048846848,1790959273000,1790959425000,1,0.039,0.136,0.2867647058823529
1083727448777949184,1790917342000-632578958264631296-1083727448777949184,1790917342000,1790917649000,1,0.039,0.373,0.10455764075067024
1090633180173565952,1790932057000-632578958264631296-1090633180173565952,1790932057000,1790932351000,1,0.039,0.355,0.10985915492957747
1094650284191252480,1790960904000-632578958264631296-1094650284191252480,1790960904000,1790961024000,1,0.039,0.232,0.16810344827586207
1184409623537385472,1790934960000-632578958264631296-1184409623537385472,1790934960000,1790935285000,1,0.039,0.171,0.22807017543859648
1371466234314358784,1790940089000-632578958264631296-1371466234314358784,1790940089000,1790940440000,1,0.039,0.28,0.13928571428571426
1471148657502846976,1790905074000-632578958264631296-1471148657502846976,1790905074000,1790905209000,1,0.039,0.076,0.5131578947368421
1545823503347875840,1790911068000-632578958264631296-1545823503347875840,1790911068000,1790911219000,1,0.039,0.076,0.5131578947368421
931856805720489984,1790964092000-632578958264631296-931856805720489984,1790964092000,1790964367000,1,0.039,0.205,0.1902439024390244
931938734016823296,1790929377000-632578958264631296-931938734016823296,1790929377000,1790929650000,1,0.039,0.191,0.20418848167539266
944587945103327232,1790911175000-632578958264631296-944587945103327232,1790911175000,1790911587000,1,0.039,0.222,0.17567567567567569
967085947369816064,1790953325000-632578958264631296-967085947369816064,1790953325000,1790953512000,1,0.039,0.178,0.21910112359550563
996808469547843584,1790906305000-632578958264631296-996808469547843584,1790906305000,1790906644000,1,0.039,0.072,0.5416666666666667
1049341310072258560,1790930274000-632578958264631296-1049341310072258560,1790930274000,1790930575000,1,0.038,0.141,0.2695035460992908
1050036019790872576,1790947473000-632578958264631296-1050036019790872576,1790947473000,1790947765000,1,0.038,0.274,0.1386861313868613
1067765309810671616,1790947020000-632578958264631296-1067765309810671616,1790947020000,1790947452000,1,0.038,0.487,0.07802874743326489
1083726613264203776,1790947978000-632578958264631296-1083726613264203776,1790947978000,1790948835000,1,0.038,1.145,0.03318777292576419
1397607641592627200,1790960493000-632578958264631296-1397607641592627200,1790960493000,1790960724000,1,0.038,0.021,1.8095238095238093
1488156307717357568,1790948467000-632578958264631296-1488156307717357568,1790948467000,1790948637000,1,0.038,0.084,0.45238095238095233
869905949161160704,1790918449000-632578958264631296-869905949161160704,1790918449000,1790918737000,1,0.038,0.383,0.09921671018276762
946036270407090176,1790918814000-632578958264631296-946036270407090176,1790918814000,1790918948000,1,0.038,0.074,0.5135135135135135
951557843473924096,1790959288000-632578958264631296-951557843473924096,1790959288000,1790959629000,1,0.038,0.296,0.12837837837837837
1063501597117513728,1790932534000-632578958264631296-1063501597117513728,1790932534000,1790932660000,1,0.037,0.164,0.22560975609756095
1083727517765861376,1790960209000-632578958264631296-1083727517765861376,1790960209000,1790960410000,1,0.037,0.076,0.4868421052631579
1094588896550846464,1790946376000-632578958264631296-1094588896550846464,1790946376000,1790946819000,1,0.037,0.221,0.167420814479638
1126868873732161536,1790960150000-632578958264631296-1126868873732161536,1790960150000,1790960337000,1,0.037,0.073,0.5068493150684932
1131972366507704320,1790914408000-632578958264631296-1131972366507704320,1790914408000,1790914568000,1,0.037,0.122,0.30327868852459017
1177288436235632640,1790917210000-632578958264631296-1177288436235632640,1790917210000,1790917423000,1,0.037,0.127,0.29133858267716534
1182027923075366912,1790932509000-632578958264631296-1182027923075366912,1790932509000,1790932796000,1,0.037,0.261,0.14176245210727967
1396881382210273280,1790956798000-632578958264631296-1396881382210273280,1790956798000,1790957369000,1,0.037,0.354,0.10451977401129943
1536014609964597248,1790939544000-632578958264631296-1536014609964597248,1790939544000,1790939693000,1,0.037,0.065,0.5692307692307692
1536014660929585152,1790940837000-632578958264631296-1536014660929585152,1790940837000,1790941195000,1,0.037,0.157,0.23566878980891717
1593405762816704512,1790954600000-632578958264631296-1593405762816704512,1790954600000,1790954779000,1,0.037,0.072,0.513888888888889
1602017244622094336,1790916394000-632578958264631296-1602017244622094336,1790916394000,1790916528000,1,0.037,0.048,0.7708333333333333
642055098863718400,1790972572000-632578958264631296-642055098863718400,1790972572000,1790972816000,1,0.037,0.177,0.20903954802259886
848986467664396288,1790922031000-632578958264631296-848986467664396288,1790922031000,1790922184000,1,0.037,0.095,0.3894736842105263
939547018001383424,1790931265000-632578958264631296-939547018001383424,1790931265000,1790931535000,1,0.037,0.271,0.13653136531365312
940245549137788928,1790921973000-632578958264631296-940245549137788928,1790921973000,1790922567000,1,0.037,0.25,0.148
947926207788220416,1790934220000-632578958264631296-947926207788220416,1790934220000,1790934367000,1,0.037,0.167,0.22155688622754488
1050037109068398592,1790942881000-632578958264631296-1050037109068398592,1790942881000,1790943060000,1,0.036,0.049,0.7346938775510203
1064532839803912192,1790933955000-632578958264631296-1064532839803912192,1790933955000,1790934063000,1,0.036,0.025,1.4399999999999997
1073277847704961024,1790937191000-632578958264631296-1073277847704961024,1790937191000,1790938034000,1,0.036,0.296,0.12162162162162161
1298646515224412160,1790900344000-632578958264631296-1298646515224412160,1790900344000,1790900757000,1,0.036,0.123,0.2926829268292683
1500491887742550016,1790911102000-632578958264631296-1500491887742550016,1790911102000,1790911262000,1,0.036,0.059,0.6101694915254238
796385052366733312,1790904568000-632578958264631296-796385052366733312,1790904568000,1790904702000,1,0.036,0.087,0.41379310344827586
796706773456125952,1790965994000-632578958264631296-796706773456125952,1790965994000,1790966208000,1,0.036,0.223,0.16143497757847533
1049341310072258560,1790965599000-632578958264631296-1049341310072258560,1790965599000,1790965735000,1,0.035,0.06,0.5833333333333334
1083726930487803904,1790928675000-632578958264631296-1083726930487803904,1790928675000,1790928841000,1,0.035,0.098,0.35714285714285715
1355523374926790656,1790923841000-632578958264631296-1355523374926790656,1790923841000,1790924105000,1,0.035,0.103,0.3398058252427185
1464283595349688320,1790959514000-632578958264631296-1464283595349688320,1790959514000,1790959657000,1,0.035,0.019,1.842105263157895
1536014609964597248,1790936299000-632578958264631296-1536014609964597248,1790936299000,1790936457000,1,0.035,0.052,0.6730769230769231
1537822792169291776,1790916237000-632578958264631296-1537822792169291776,1790916237000,1790916587000,1,0.035,0.159,0.22012578616352202
1593331058084937728,1790939129000-632578958264631296-1593331058084937728,1790939129000,1790939875000,1,0.035,0.49,0.07142857142857144
866686265431425024,1790922829000-632578958264631296-866686265431425024,1790922829000,1790922998000,1,0.035,0.133,0.2631578947368421
870568761881526272,1790930279000-632578958264631296-870568761881526272,1790930279000,1790930462000,1,0.035,0.169,0.20710059171597633
942723675356921856,1790934079000-632578958264631296-942723675356921856,1790934079000,1790934648000,1,0.035,0.721,0.048543689320388356
947582270531698688,1790944858000-632578958264631296-947582270531698688,1790944858000,1790945298000,1,0.035,0.378,0.0925925925925926
1050781532765028352,1790920938000-632578958264631296-1050781532765028352,1790920938000,1790921182000,1,0.034,0.111,0.30630630630630634
1073201833905750016,1790923502000-632578958264631296-1073201833905750016,1790923502000,1790924154000,1,0.034,0.67,0.05074626865671642
1083726476706054144,1790983811000-632578958264631296-1083726476706054144,1790983811000,1790984112000,1,0.034,0.275,0.12363636363636364
1083726789898928128,1790911121000-632578958264631296-1083726789898928128,1790911121000,1790911656000,1,0.034,0.563,0.06039076376554175
1083726988146900992,1790983525000-632578958264631296-1083726988146900992,1790983525000,1790983916000,1,0.034,0.388,0.08762886597938145
1120316721542987776,1790949384000-632578958264631296-1120316721542987776,1790949384000,1790949572000,1,0.034,0.122,0.27868852459016397
1131240847388442624,1790966524000-632578958264631296-1131240847388442624,1790966524000,1790966759000,1,0.034,0.04,0.8500000000000001
1153273376152748032,1790952394000-632578958264631296-1153273376152748032,1790952394000,1790952587000,1,0.034,0.216,0.1574074074074074
1475453057469775872,1790933120000-632578958264631296-1475453057469775872,1790933120000,1790934040000,1,0.034,0.463,0.0734341252699784
1536014667858575360,1790938672000-632578958264631296-1536014667858575360,1790938672000,1790938801000,1,0.034,0.037,0.9189189189189191
1536014723353411584,1790946543000-632578958264631296-1536014723353411584,1790946543000,1790946831000,1,0.034,0.087,0.3908045977011495
1536014744312348672,1790921269000-632578958264631296-1536014744312348672,1790921269000,1790921367000,1,0.034,0.11,0.30909090909090914
902974583798235136,1790923322000-632578958264631296-902974583798235136,1790923322000,1790923668000,1,0.034,0.151,0.2251655629139073
1061979678694178816,1790904402000-632578958264631296-1061979678694178816,1790904402000,1790904878000,1,0.033,0.094,0.35106382978723405
1083726423769743360,1790911911000-632578958264631296-1083726423769743360,1790911911000,1790912072000,1,0.033,0.107,0.30841121495327106
1094584849307533312,1790933335000-632578958264631296-1094584849307533312,1790933335000,1790933506000,1,0.033,0.07,0.4714285714285714
1101156788989853696,1790919305000-632578958264631296-1101156788989853696,1790919305000,1790919661000,1,0.033,0.07,0.4714285714285714
1294704486559776768,1790900504000-632578958264631296-1294704486559776768,1790900504000,1790901009000,1,0.033,0.249,0.13253012048192772
1475453057469775872,1790935342000-632578958264631296-1475453057469775872,1790935342000,1790935888000,1,0.033,0.263,0.12547528517110265
1593331058084937728,1790948972000-632578958264631296-1593331058084937728,1790948972000,1790949169000,1,0.033,0.034,0.9705882352941176
1593402895116533760,1790948676000-632578958264631296-1593402895116533760,1790948676000,1790948816000,1,0.033,0.055,0.6
1602017244622094336,1790953945000-632578958264631296-1602017244622094336,1790953945000,1790954317000,1,0.033,0.14,0.2357142857142857
1606317556983922688,1790905534000-632578958264631296-1606317556983922688,1790905534000,1790905940000,1,0.033,0.193,0.17098445595854922
938817698895233024,1790950584000-632578958264631296-938817698895233024,1790950584000,1790950707000,1,0.033,0.09,0.3666666666666667
951563481520275456,1790948449000-632578958264631296-951563481520275456,1790948449000,1790949092000,1,0.033,0.001,33.0
1045646687990710272,1790952643000-632578958264631296-1045646687990710272,1790952643000,1790952740000,1,0.032,0.038,0.8421052631578948
1046443765134262272,1790948241000-632578958264631296-1046443765134262272,1790948241000,1790948634000,1,0.032,0.175,0.18285714285714288
1067793936933715968,1790929386000-632578958264631296-1067793936933715968,1790929386000,1790929497000,1,0.032,0.077,0.4155844155844156
1079778539525373952,1790914851000-632578958264631296-1079778539525373952,1790914851000,1790915731000,1,0.032,0.22,0.14545454545454545
1080910261382021120,1790923638000-632578958264631296-1080910261382021120,1790923638000,1790923991000,1,0.032,0.116,0.27586206896551724
1083727448777949184,1790980642000-632578958264631296-1083727448777949184,1790980642000,1790980960000,1,0.032,0.283,0.11307420494699648
1083729038846984192,1790950064000-632578958264631296-1083729038846984192,1790950064000,1790950205000,1,0.032,0.106,0.3018867924528302
1088486141482500096,1790926699000-632578958264631296-1088486141482500096,1790926699000,1790927783000,1,0.032,0.393,0.08142493638676844
1110856695237574656,1790915996000-632578958264631296-1110856695237574656,1790915996000,1790916184000,1,0.032,0.197,0.16243654822335024
1177288436235632640,1790904043000-632578958264631296-1177288436235632640,1790904043000,1790904357000,1,0.032,0.128,0.25
1363836271826305024,1790971404000-632578958264631296-1363836271826305024,1790971404000,1790971817000,1,0.032,0.322,0.09937888198757763
1385305291104452608,1790947065000-632578958264631296-1385305291104452608,1790947065000,1790947565000,1,0.032,0.323,0.09907120743034056
1385305434218299392,1790900828000-632578958264631296-1385305434218299392,1790900828000,1790901066000,1,0.032,0.091,0.3516483516483517
1471148657502846976,1790906037000-632578958264631296-1471148657502846976,1790906037000,1790906168000,1,0.032,0.034,0.9411764705882353
1477629723302428672,1790983910000-632578958264631296-1477629723302428672,1790983910000,1790984157000,1,0.032,0.145,0.22068965517241382
1500491887742550016,1790948732000-632578958264631296-1500491887742550016,1790948732000,1790948899000,1,0.032,0.085,0.3764705882352941
1536014723353411584,1790913486000-632578958264631296-1536014723353411584,1790913486000,1790914178000,1,0.032,0.401,0.0798004987531172
1540361934212169728,1790933587000-632578958264631296-1540361934212169728,1790933587000,1790933705000,1,0.032,0.038,0.8421052631578948
931856805720489984,1790923971000-632578958264631296-931856805720489984,1790923971000,1790924227000,1,0.032,0.232,0.13793103448275862
935627425390264320,1790932818000-632578958264631296-935627425390264320,1790932818000,1790933608000,1,0.032,1.061,0.030160226201696515
947104748366987264,1790914249000-632578958264631296-947104748366987264,1790914249000,1790914543000,1,0.032,0.226,0.1415929203539823
961238953837461504,1790956512000-632578958264631296-961238953837461504,1790956512000,1790957094000,1,0.032,0.125,0.256
964169792938311680,1790961959000-632578958264631296-964169792938311680,1790961959000,1790962987000,1,0.032,0.59,0.054237288135593226
1045646397224779776,1790911217000-632578958264631296-1045646397224779776,1790911217000,1790912563000,1,0.031,1.476,0.02100271002710027
1049341310072258560,1790949109000-632578958264631296-1049341310072258560,1790949109000,1790949436000,1,0.031,0.222,0.13963963963963963
1067763903368265728,1790919868000-632578958264631296-1067763903368265728,1790919868000,1790920063000,1,0.031,0.156,0.1987179487179487
1082330521322651648,1790909848000-632578958264631296-1082330521322651648,1790909848000,1790909997000,1,0.031,0.105,0.29523809523809524
1094226815196594176,1790917640000-632578958264631296-1094226815196594176,1790917640000,1790917878000,1,0.031,0.242,0.128099173553719
1161991673035620352,1790935223000-632578958264631296-1161991673035620352,1790935223000,1790935375000,1,0.031,0.178,0.17415730337078653
1385588816730914816,1790940640000-632578958264631296-1385588816730914816,1790940640000,1790942053000,1,0.031,0.717,0.043235704323570434
1396880990281924608,1790942728000-632578958264631296-1396880990281924608,1790942728000,1790943066000,1,0.031,0.43,0.07209302325581396
1428033112889098240,1790959479000-632578958264631296-1428033112889098240,1790959479000,1790959706000,1,0.031,0.1,0.31
1464260641047969792,1790910567000-632578958264631296-1464260641047969792,1790910567000,1790910705000,1,0.031,0.07,0.44285714285714284
1536014667858575360,1790944834000-632578958264631296-1536014667858575360,1790944834000,1790944947000,1,0.031,0.039,0.7948717948717948
1536014730089463808,1790927202000-632578958264631296-1536014730089463808,1790927202000,1790927414000,1,0.031,0.169,0.1834319526627219
1060579746913452032,1790972394000-632578958264631296-1060579746913452032,1790972394000,1790972903000,1,0.03,0.19,0.15789473684210525
1063501597117513728,1790933157000-632578958264631296-1063501597117513728,1790933157000,1790933272000,1,0.03,0.037,0.8108108108108109
1067776196789403648,1790976951000-632578958264631296-1067776196789403648,1790976951000,1790977563000,1,0.03,0.612,0.049019607843137254
1079425050643267584,1790940437000-632578958264631296-1079425050643267584,1790940437000,1790940773000,1,0.03,0.176,0.17045454545454547
1083726517403385856,1790918956000-632578958264631296-1083726517403385856,1790918956000,1790919253000,1,0.03,0.348,0.08620689655172414
1093087738300727296,1790906282000-632578958264631296-1093087738300727296,1790906282000,1790906557000,1,0.03,0.144,0.20833333333333334
1093087738300727296,1790914390000-632578958264631296-1093087738300727296,1790914390000,1790914548000,1,0.03,0.08,0.375
1094584670655348736,1790906980000-632578958264631296-1094584670655348736,1790906980000,1790907732000,1,0.03,0.409,0.07334963325183375
1094584849307533312,1790927688000-632578958264631296-1094584849307533312,1790927688000,1790927944000,1,0.03,0.122,0.2459016393442623
1094650284191252480,1790933329000-632578958264631296-1094650284191252480,1790933329000,1790933605000,1,0.03,0.19,0.15789473684210525
1105915143314735104,1790917005000-632578958264631296-1105915143314735104,1790917005000,1790917625000,1,0.03,0.684,0.043859649122807015
1182027923075366912,1790931951000-632578958264631296-1182027923075366912,1790931951000,1790932242000,1,0.03,0.302,0.09933774834437085
1385305554984894464,1790959976000-632578958264631296-1385305554984894464,1790959976000,1790960385000,1,0.03,0.258,0.11627906976744186
1482772108667781120,1790942201000-632578958264631296-1482772108667781120,1790942201000,1790942309000,1,0.03,0.063,0.47619047619047616
1536014654021566464,1790903617000-632578958264631296-1536014654021566464,1790903617000,1790903777000,1,0.03,0.118,0.2542372881355932
1537822792169291776,1790913035000-632578958264631296-1537822792169291776,1790913035000,1790913186000,1,0.03,0.058,0.5172413793103448
1537822792169291776,1790922411000-632578958264631296-1537822792169291776,1790922411000,1790923012000,1,0.03,0.335,0.08955223880597014
1593690913639497728,1790939287000-632578958264631296-1593690913639497728,1790939287000,1790939461000,1,0.03,0.047,0.6382978723404255
1601276183436066816,1790932768000-632578958264631296-1601276183436066816,1790932768000,1790933394000,1,0.03,0.622,0.04823151125401929
1602017244622094336,1790928871000-632578958264631296-1602017244622094336,1790928871000,1790929002000,1,0.03,0.053,0.5660377358490566
1602024532497924096,1790948710000-632578958264631296-1602024532497924096,1790948710000,1790949004000,1,0.03,0.114,0.2631578947368421
931856805720489984,1790932357000-632578958264631296-931856805720489984,1790932357000,1790932502000,1,0.03,0.145,0.20689655172413793
944590362620461056,1790934137000-632578958264631296-944590362620461056,1790934137000,1790934329000,1,0.03,0.282,0.10638297872340426
946025328671719424,1790918207000-632578958264631296-946025328671719424,1790918207000,1790918316000,1,0.03,0.101,0.297029702970297
967085947369816064,1790943052000-632578958264631296-967085947369816064,1790943052000,1790943322000,1,0.03,0.257,0.11673151750972761
997896292355014656,1790945486000-632578958264631296-997896292355014656,1790945486000,1790945696000,1,0.03,0.141,0.2127659574468085
1068875501654769664,1790936359000-632578958264631296-1068875501654769664,1790936359000,1790936482000,1,0.029,0.083,0.3493975903614458
1073664045493518336,1790954581000-632578958264631296-1073664045493518336,1790954581000,1790954991000,1,0.029,0.286,0.1013986013986014
1079444806125486080,1790928695000-632578958264631296-1079444806125486080,1790928695000,1790928890000,1,0.029,0.269,0.10780669144981413
1176582451024101376,1790910938000-632578958264631296-1176582451024101376,1790910938000,1790911240000,1,0.029,0.31,0.0935483870967742
1396881508228136960,1790921461000-632578958264631296-1396881508228136960,1790921461000,1790922031000,1,0.029,0.311,0.09324758842443731
1471148657502846976,1790916575000-632578958264631296-1471148657502846976,1790916575000,1790916683000,1,0.029,0.066,0.4393939393939394
1475453057469775872,1790939981000-632578958264631296-1475453057469775872,1790939981000,1790940385000,1,0.029,0.192,0.15104166666666666
1536014543027699712,1790930645000-632578958264631296-1536014543027699712,1790930645000,1790930784000,1,0.029,0.082,0.35365853658536583
1537822792169291776,1790921418000-632578958264631296-1537822792169291776,1790921418000,1790921546000,1,0.029,0.078,0.3717948717948718
1537822792169291776,1790922268000-632578958264631296-1537822792169291776,1790922268000,1790922402000,1,0.029,0.105,0.2761904761904762
929721011920699392,1790947612000-632578958264631296-929721011920699392,1790947612000,1790947737000,1,0.029,0.025,1.16
935627425390264320,1790952193000-632578958264631296-935627425390264320,1790952193000,1790952282000,1,0.029,0.154,0.18831168831168832
938499921487593472,1790917782000-632578958264631296-938499921487593472,1790917782000,1790917968000,1,0.029,0.167,0.17365269461077845
940246634145513472,1790913677000-632578958264631296-940246634145513472,1790913677000,1790913821000,1,0.029,0.074,0.39189189189189194
1067763772824748032,1790937493000-632578958264631296-1067763772824748032,1790937493000,1790937647000,1,0.028,0.11,0.2545454545454546
1067767656859303936,1790948479000-632578958264631296-1067767656859303936,1790948479000,1790948675000,1,0.028,0.199,0.1407035175879397
1067775916656033792,1790926101000-632578958264631296-1067775916656033792,1790926101000,1790926581000,1,0.028,0.363,0.07713498622589532
1385588586753032192,1790939125000-632578958264631296-1385588586753032192,1790939125000,1790939464000,1,0.028,0.219,0.1278538812785388
1475453376262045696,1790925502000-632578958264631296-1475453376262045696,1790925502000,1790925716000,1,0.028,0.138,0.20289855072463767
1536014517601828864,1790947356000-632578958264631296-1536014517601828864,1790947356000,1790947524000,1,0.028,0.112,0.25
1536014667858575360,1790942786000-632578958264631296-1536014667858575360,1790942786000,1790942932000,1,0.028,0.159,0.1761006289308176
926578486859005952,1790943677000-632578958264631296-926578486859005952,1790943677000,1790943884000,1,0.028,0.068,0.4117647058823529
946024601958219776,1790943518000-632578958264631296-946024601958219776,1790943518000,1790943762000,1,0.028,0.046,0.6086956521739131
961238953837461504,1790954551000-632578958264631296-961238953837461504,1790954551000,1790955007000,1,0.028,0.096,0.2916666666666667
971379691866816512,1790923048000-632578958264631296-971379691866816512,1790923048000,1790923328000,1,0.028,0.351,0.07977207977207978
1061350711461150720,1790955236000-632578958264631296-1061350711461150720,1790955236000,1790955689000,1,0.027,0.287,0.09407665505226481
1064532839803912192,1790937392000-632578958264631296-1064532839803912192,1790937392000,1790937546000,1,0.027,0.033,0.8181818181818181
1067775916656033792,1790933337000-632578958264631296-1067775916656033792,1790933337000,1790933754000,1,0.027,0.223,0.1210762331838565
1080454515951403008,1790920053000-632578958264631296-1080454515951403008,1790920053000,1790920210000,1,0.027,0.034,0.7941176470588235
1088486141482500096,1790924371000-632578958264631296-1088486141482500096,1790924371000,1790925205000,1,0.027,0.593,0.045531197301854974
1142833661045899264,1790933271000-632578958264631296-1142833661045899264,1790933271000,1790933439000,1,0.027,0.098,0.2755102040816326
1389244302743306240,1790912827000-632578958264631296-1389244302743306240,1790912827000,1790913354000,1,0.027,0.194,0.13917525773195877
1396881508228136960,1790940909000-632578958264631296-1396881508228136960,1790940909000,1790941079000,1,0.027,0.073,0.36986301369863017
873897783357079552,1790929155000-632578958264631296-873897783357079552,1790929155000,1790929362000,1,0.027,0.042,0.6428571428571428
922469481249243136,1790959217000-632578958264631296-922469481249243136,1790959217000,1790959941000,1,0.027,0.297,0.09090909090909091
964172050669240320,1790957968000-632578958264631296-964172050669240320,1790957968000,1790958859000,1,0.027,0.258,0.10465116279069767
1050036657417355264,1790943484000-632578958264631296-1050036657417355264,1790943484000,1790944225000,1,0.026,0.886,0.02934537246049661
1073201833905750016,1790911077000-632578958264631296-1073201833905750016,1790911077000,1790911510000,1,0.026,0.209,0.12440191387559808
1082303861131051008,1790974138000-632578958264631296-1082303861131051008,1790974138000,1790974302000,1,0.026,0.155,0.16774193548387095
1082330521322651648,1790938634000-632578958264631296-1082330521322651648,1790938634000,1790939259000,1,0.026,0.652,0.03987730061349693
1083727448777949184,1790914736000-632578958264631296-1083727448777949184,1790914736000,1790915151000,1,0.026,0.462,0.05627705627705627
1131240373310455808,1790942596000-632578958264631296-1131240373310455808,1790942596000,1790942787000,1,0.026,0.161,0.16149068322981366
1135630948969218048,1790912186000-632578958264631296-1135630948969218048,1790912186000,1790912577000,1,0.026,0.448,0.05803571428571428
1135630948969218048,1790980688000-632578958264631296-1135630948969218048,1790980688000,1790980870000,1,0.026,0.159,0.16352201257861634
1478819140813717504,1790936797000-632578958264631296-1478819140813717504,1790936797000,1790937140000,1,0.026,0.21,0.12380952380952381
1525559056574447616,1790951901000-632578958264631296-1525559056574447616,1790951901000,1790952065000,1,0.026,0.088,0.29545454545454547
780451764301201408,1790907422000-632578958264631296-780451764301201408,1790907422000,1790907578000,1,0.026,0.107,0.24299065420560748
876044057397166080,1790908779000-632578958264631296-876044057397166080,1790908779000,1790908984000,1,0.026,0.05,0.5199999999999999
944591832124227584,1790906607000-632578958264631296-944591832124227584,1790906607000,1790906770000,1,0.026,0.163,0.15950920245398773
947452563299500032,1790928029000-632578958264631296-947452563299500032,1790928029000,1790928207000,1,0.026,0.038,0.6842105263157895
1046442858321543168,1790964979000-632578958264631296-1046442858321543168,1790964979000,1790965500000,1,0.025,0.122,0.20491803278688525
1049341310072258560,1790955590000-632578958264631296-1049341310072258560,1790955590000,1790955791000,1,0.025,0.142,0.17605633802816903
1060579746913452032,1790961677000-632578958264631296-1060579746913452032,1790961677000,1790962407000,1,0.025,0.238,0.1050420168067227
1067771070980816896,1790951881000-632578958264631296-1067771070980816896,1790951881000,1790952153000,1,0.025,0.152,0.16447368421052633
1094588896550846464,1790936839000-632578958264631296-1094588896550846464,1790936839000,1790937009000,1,0.025,0.164,0.1524390243902439
1135598313102376960,1790949371000-632578958264631296-1135598313102376960,1790949371000,1790949542000,1,0.025,0.16,0.15625
1397607242391355392,1790945033000-632578958264631296-1397607242391355392,1790945033000,1790945261000,1,0.025,0.158,0.15822784810126583
1535695002116554752,1790925554000-632578958264631296-1535695002116554752,1790925554000,1790925731000,1,0.025,0.047,0.5319148936170213
1536014688339361792,1790933098000-632578958264631296-1536014688339361792,1790933098000,1790933277000,1,0.025,0.11,0.2272727272727273
1536014695108968448,1790959484000-632578958264631296-1536014695108968448,1790959484000,1790959903000,1,0.025,0.26,0.09615384615384616
1537822792169291776,1790915194000-632578958264631296-1537822792169291776,1790915194000,1790915379000,1,0.025,0.069,0.36231884057971014
1585283247909109760,1790949614000-632578958264631296-1585283247909109760,1790949614000,1790950317000,1,0.025,0.608,0.04111842105263158
1593330774109585408,1790966239000-632578958264631296-1593330774109585408,1790966239000,1790966843000,1,0.025,0.542,0.046125461254612546
1601553356642320384,1790924594000-632578958264631296-1601553356642320384,1790924594000,1790924809000,1,0.025,0.13,0.19230769230769232
780067386190462976,1790932439000-632578958264631296-780067386190462976,1790932439000,1790933045000,1,0.025,0.486,0.051440329218107
787737136659955712,1790921104000-632578958264631296-787737136659955712,1790921104000,1790921244000,1,0.025,0.067,0.373134328358209
942721856836730880,1790915320000-632578958264631296-942721856836730880,1790915320000,1790915753000,1,0.025,0.305,0.0819672131147541
947093103351693312,1790925584000-632578958264631296-947093103351693312,1790925584000,1790925769000,1,0.025,0.111,0.22522522522522523
1063501597117513728,1790918948000-632578958264631296-1063501597117513728,1790918948000,1790919065000,1,0.024,0.119,0.20168067226890757
1071858322266652672,1790917973000-632578958264631296-1071858322266652672,1790917973000,1790918134000,1,0.024,0.12,0.2
1071858322266652672,1790934577000-632578958264631296-1071858322266652672,1790934577000,1790934756000,1,0.024,0.154,0.15584415584415584
1073663431535493120,1790932981000-632578958264631296-1073663431535493120,1790932981000,1790933350000,1,0.024,0.337,0.0712166172106825
1076923321632686080,1790955487000-632578958264631296-1076923321632686080,1790955487000,1790955663000,1,0.024,0.113,0.21238938053097345
1131239137144209408,1790921970000-632578958264631296-1131239137144209408,1790921970000,1790922417000,1,0.024,0.504,0.047619047619047616
1140670395897085952,1790909522000-632578958264631296-1140670395897085952,1790909522000,1790909720000,1,0.024,0.106,0.22641509433962265
1536014577374855168,1790939042000-632578958264631296-1536014577374855168,1790939042000,1790939556000,1,0.024,0.342,0.07017543859649122
1536014618822967296,1790935752000-632578958264631296-1536014618822967296,1790935752000,1790935873000,1,0.024,0.042,0.5714285714285714
862287863801184256,1790915471000-632578958264631296-862287863801184256,1790915471000,1790916112000,1,0.024,0.344,0.06976744186046513
925753337108758528,1790982225000-632578958264631296-925753337108758528,1790982225000,1790982433000,1,0.024,0.137,0.1751824817518248
931855689733636096,1790914558000-632578958264631296-931855689733636096,1790914558000,1790914754000,1,0.024,0.151,0.15894039735099338
947091094921805824,1790953063000-632578958264631296-947091094921805824,1790953063000,1790953193000,1,0.024,0.035,0.6857142857142856
1001786725204230144,1790923480000-632578958264631296-1001786725204230144,1790923480000,1790923651000,1,0.023,0.114,0.20175438596491227
1103352309556969472,1790918982000-632578958264631296-1103352309556969472,1790918982000,1790919358000,1,0.023,0.444,0.0518018018018018
1131631502098956288,1790915286000-632578958264631296-1131631502098956288,1790915286000,1790915732000,1,0.023,0.391,0.058823529411764705
1294723291725955072,1790908353000-632578958264631296-1294723291725955072,1790908353000,1790908520000,1,0.023,0.076,0.3026315789473684
1464286808345935872,1790956708000-632578958264631296-1464286808345935872,1790956708000,1790956965000,1,0.023,0.176,0.13068181818181818
1471165126924042240,1790903109000-632578958264631296-1471165126924042240,1790903109000,1790903500000,1,0.023,0.207,0.11111111111111112
796706773456125952,1790921405000-632578958264631296-796706773456125952,1790921405000,1790921652000,1,0.023,0.069,0.3333333333333333
871764525957775360,1790905556000-632578958264631296-871764525957775360,1790905556000,1790905692000,1,0.023,0.03,0.7666666666666667
883046842797916160,1790914751000-632578958264631296-883046842797916160,1790914751000,1790914860000,1,0.023,0.099,0.23232323232323232
946030864989421568,1790904752000-632578958264631296-946030864989421568,1790904752000,1790904869000,1,0.023,0.037,0.6216216216216216
948575900767617024,1790964122000-632578958264631296-948575900767617024,1790964122000,1790964686000,1,0.023,0.371,0.06199460916442048
1081223436249858048,1790919807000-632578958264631296-1081223436249858048,1790919807000,1790920074000,1,0.022,0.069,0.3188405797101449
1089954932305428480,1790924231000-632578958264631296-1089954932305428480,1790924231000,1790924809000,1,0.022,0.306,0.0718954248366013
1268615353760481280,1790939556000-632578958264631296-1268615353760481280,1790939556000,1790940558000,1,0.022,1.141,0.019281332164767746
1286311379313098752,1790938738000-632578958264631296-1286311379313098752,1790938738000,1790939305000,1,0.022,0.23,0.09565217391304347
1385588705250508800,1790927165000-632578958264631296-1385588705250508800,1790927165000,1790927400000,1,0.022,0.228,0.09649122807017543
1476549608761982976,1790909702000-632578958264631296-1476549608761982976,1790909702000,1790909859000,1,0.022,0.098,0.22448979591836732
1536014716214706176,1790935838000-632578958264631296-1536014716214706176,1790935838000,1790936191000,1,0.022,0.135,0.16296296296296295
1536014716214706176,1790936430000-632578958264631296-1536014716214706176,1790936430000,1790936659000,1,0.022,0.105,0.20952380952380953
1600617075997409280,1790964368000-632578958264631296-1600617075997409280,1790964368000,1790964739000,1,0.022,0.413,0.053268765133171914
902974583798235136,1790913505000-632578958264631296-902974583798235136,1790913505000,1790913756000,1,0.022,0.107,0.205607476635514
926578486859005952,1790952555000-632578958264631296-926578486859005952,1790952555000,1790952696000,1,0.022,0.046,0.47826086956521735
926578486859005952,1790959623000-632578958264631296-926578486859005952,1790959623000,1790959772000,1,0.022,0.084,0.26190476190476186
932334786138079232,1790957484000-632578958264631296-932334786138079232,1790957484000,1790957793000,1,0.022,0.297,0.07407407407407407
940981890892955648,1790899539000-632578958264631296-940981890892955648,1790899539000,1790899645000,1,0.022,0.09,0.24444444444444444
952249131684855808,1790904288000-632578958264631296-952249131684855808,1790904288000,1790904473000,1,0.022,0.001,22.0
1050024168621342720,1790969629000-632578958264631296-1050024168621342720,1790969629000,1790970440000,1,0.021,0.852,0.024647887323943664
1067774958987378688,1790957924000-632578958264631296-1067774958987378688,1790957924000,1790958220000,1,0.021,0.225,0.09333333333333334
1083727931903049728,1790938099000-632578958264631296-1083727931903049728,1790938099000,1790938401000,1,0.021,0.048,0.4375
1083728677599969280,1790947832000-632578958264631296-1083728677599969280,1790947832000,1790948330000,1,0.021,0.521,0.04030710172744722
1101524127430213632,1790904118000-632578958264631296-1101524127430213632,1790904118000,1790904324000,1,0.021,0.159,0.1320754716981132
1131631502098956288,1790902378000-632578958264631296-1131631502098956288,1790902378000,1790902830000,1,0.021,0.423,0.04964539007092199
1176582767303983104,1790967830000-632578958264631296-1176582767303983104,1790967830000,1790968212000,1,0.021,0.372,0.05645161290322581
1268615116379652096,1790985303000-632578958264631296-1268615116379652096,1790985303000,1790985698000,1,0.021,0.292,0.07191780821917809
1385305554984894464,1790950866000-632578958264631296-1385305554984894464,1790950866000,1790951381000,1,0.021,0.213,0.09859154929577466
1428064485414797312,1790955523000-632578958264631296-1428064485414797312,1790955523000,1790955656000,1,0.021,0.041,0.5121951219512195
1525559056574447616,1790967775000-632578958264631296-1525559056574447616,1790967775000,1790967976000,1,0.021,0.087,0.24137931034482762
1536014660929585152,1790940693000-632578958264631296-1536014660929585152,1790940693000,1790940828000,1,0.021,0.051,0.411764705882353
1540361830973571072,1790921189000-632578958264631296-1540361830973571072,1790921189000,1790921553000,1,0.021,0.176,0.11931818181818184
1570836903035404288,1790926216000-632578958264631296-1570836903035404288,1790926216000,1790926757000,1,0.021,0.241,0.08713692946058092
1601556412222144512,1790967241000-632578958264631296-1601556412222144512,1790967241000,1790967424000,1,0.021,0.036,0.5833333333333334
847126508215468032,1790915029000-632578958264631296-847126508215468032,1790915029000,1790915138000,1,0.021,0.092,0.2282608695652174
860146891080335360,1790946651000-632578958264631296-860146891080335360,1790946651000,1790946759000,1,0.021,0.058,0.3620689655172414
929717117048061952,1790955520000-632578958264631296-929717117048061952,1790955520000,1790956323000,1,0.021,0.935,0.022459893048128343
938499921487593472,1790912554000-632578958264631296-938499921487593472,1790912554000,1790912708000,1,0.021,0.147,0.14285714285714288
939545096838184960,1790918923000-632578958264631296-939545096838184960,1790918923000,1790920044000,1,0.021,1.38,0.015217391304347828
940245549137788928,1790932313000-632578958264631296-940245549137788928,1790932313000,1790932727000,1,0.021,0.263,0.07984790874524715
943858330336493568,1790900323000-632578958264631296-943858330336493568,1790900323000,1790900706000,1,0.021,0.139,0.1510791366906475
1046443765134262272,1790940906000-632578958264631296-1046443765134262272,1790940906000,1790941874000,1,0.02,0.496,0.04032258064516129
1046752835124854784,1790952513000-632578958264631296-1046752835124854784,1790952513000,1790953391000,1,0.02,1.077,0.018570102135561747
1049341310072258560,1790927726000-632578958264631296-1049341310072258560,1790927726000,1790927912000,1,0.02,0.073,0.27397260273972607
1063488404655702016,1790949458000-632578958264631296-1063488404655702016,1790949458000,1790949611000,1,0.02,0.093,0.21505376344086022
1067775201233600512,1790930727000-632578958264631296-1067775201233600512,1790930727000,1790931334000,1,0.02,0.303,0.06600660066006601
1094956363722784768,1790935362000-632578958264631296-1094956363722784768,1790935362000,1790935572000,1,0.02,0.127,0.15748031496062992
1131631502098956288,1790913309000-632578958264631296-1131631502098956288,1790913309000,1790913506000,1,0.02,0.062,0.3225806451612903
1140670395897085952,1790908884000-632578958264631296-1140670395897085952,1790908884000,1790909375000,1,0.02,0.564,0.03546099290780142
1175796809117728768,1790928178000-632578958264631296-1175796809117728768,1790928178000,1790929141000,1,0.02,1.109,0.018034265103697024
1209168031477923840,1790905349000-632578958264631296-1209168031477923840,1790905349000,1790905556000,1,0.02,0.028,0.7142857142857143
1286311379313098752,1790942774000-632578958264631296-1286311379313098752,1790942774000,1790943469000,1,0.02,0.272,0.07352941176470588
1289307004661137408,1790899692000-632578958264631296-1289307004661137408,1790899692000,1790900219000,1,0.02,0.351,0.05698005698005699
1406586595699589120,1790947066000-632578958264631296-1406586595699589120,1790947066000,1790947239000,1,0.02,0.08,0.25
1422205727123963904,1790925254000-632578958264631296-1422205727123963904,1790925254000,1790925487000,1,0.02,0.13,0.15384615384615385
1488156307717357568,1790947372000-632578958264631296-1488156307717357568,1790947372000,1790947805000,1,0.02,0.256,0.078125
1500136074981146624,1790954911000-632578958264631296-1500136074981146624,1790954911000,1790955196000,1,0.02,0.168,0.11904761904761904
1535695002116554752,1790928663000-632578958264631296-1535695002116554752,1790928663000,1790928964000,1,0.02,0.082,0.24390243902439024
1536004619845500928,1790942338000-632578958264631296-1536004619845500928,1790942338000,1790942845000,1,0.02,0.254,0.07874015748031496
1536014618822967296,1790932892000-632578958264631296-1536014618822967296,1790932892000,1790933112000,1,0.02,0.098,0.20408163265306123
1536014702105067520,1790944156000-632578958264631296-1536014702105067520,1790944156000,1790944364000,1,0.02,0.105,0.1904761904761905
1536014744312348672,1790939938000-632578958264631296-1536014744312348672,1790939938000,1790940211000,1,0.02,0.134,0.14925373134328357
1593402895116533760,1790905911000-632578958264631296-1593402895116533760,1790905911000,1790906082000,1,0.02,0.105,0.1904761904761905
1602024532497924096,1790948280000-632578958264631296-1602024532497924096,1790948280000,1790948610000,1,0.02,0.147,0.1360544217687075
809467481230934016,1790940247000-632578958264631296-809467481230934016,1790940247000,1790940856000,1,0.02,1.277,0.015661707126076743
870286624469024768,1790985379000-632578958264631296-870286624469024768,1790985379000,1790985743000,1,0.02,0.377,0.05305039787798409
935627425390264320,1790977304000-632578958264631296-935627425390264320,1790977304000,1790978500000,1,0.02,1.837,0.010887316276537834
1001786725204230144,1790926329000-632578958264631296-1001786725204230144,1790926329000,1790926707000,1,0.019,0.338,0.056213017751479286
1046442858321543168,1790941781000-632578958264631296-1046442858321543168,1790941781000,1790941962000,1,0.019,0.121,0.15702479338842976
1046442858321543168,1790945390000-632578958264631296-1046442858321543168,1790945390000,1790945567000,1,0.019,0.072,0.2638888888888889
1067765133431799808,1790939191000-632578958264631296-1067765133431799808,1790939191000,1790939575000,1,0.019,0.355,0.05352112676056338
1080454515951403008,1790920513000-632578958264631296-1080454515951403008,1790920513000,1790920656000,1,0.019,0.118,0.1610169491525424
1088511709141794816,1790954152000-632578958264631296-1088511709141794816,1790954152000,1790954328000,1,0.019,0.022,0.8636363636363636
1089954932305428480,1790918139000-632578958264631296-1089954932305428480,1790918139000,1790918563000,1,0.019,0.177,0.10734463276836158
1131240847388442624,1790957468000-632578958264631296-1131240847388442624,1790957468000,1790957775000,1,0.019,0.194,0.0979381443298969
1184409623537385472,1790932121000-632578958264631296-1184409623537385472,1790932121000,1790932501000,1,0.019,0.172,0.11046511627906977
1385305554984894464,1790902730000-632578958264631296-1385305554984894464,1790902730000,1790903139000,1,0.019,0.005,3.8
1385588816730914816,1790972648000-632578958264631296-1385588816730914816,1790972648000,1790973472000,1,0.019,0.358,0.05307262569832402
1422205727123963904,1790940220000-632578958264631296-1422205727123963904,1790940220000,1790940509000,1,0.019,0.121,0.15702479338842976
1471148657502846976,1790917452000-632578958264631296-1471148657502846976,1790917452000,1790917564000,1,0.019,0.045,0.4222222222222222
1475453057469775872,1790939510000-632578958264631296-1475453057469775872,1790939510000,1790939756000,1,0.019,0.118,0.1610169491525424
1537822792169291776,1790921802000-632578958264631296-1537822792169291776,1790921802000,1790922126000,1,0.019,0.191,0.09947643979057591
1540361729291059200,1790914495000-632578958264631296-1540361729291059200,1790914495000,1790914827000,1,0.019,0.238,0.07983193277310925
784445514740400128,1790941294000-632578958264631296-784445514740400128,1790941294000,1790942035000,1,0.019,0.956,0.0198744769874477
866245317551456256,1790928246000-632578958264631296-866245317551456256,1790928246000,1790928553000,1,0.019,0.228,0.08333333333333333
931856805720489984,1790950223000-632578958264631296-931856805720489984,1790950223000,1790950403000,1,0.019,0.056,0.33928571428571425
939546576563470336,1790985218000-632578958264631296-939546576563470336,1790985218000,1790985601000,1,0.019,0.474,0.04008438818565401
946027472992862208,1790957138000-632578958264631296-946027472992862208,1790957138000,1790957318000,1,0.019,0.037,0.5135135135135135
947093103351693312,1790922033000-632578958264631296-947093103351693312,1790922033000,1790922128000,1,0.019,0.077,0.24675324675324675
1047649870816477184,1790950488000-632578958264631296-1047649870816477184,1790950488000,1790950876000,1,0.018,0.152,0.11842105263157894
1050024168621342720,1790945251000-632578958264631296-1050024168621342720,1790945251000,1790945602000,1,0.018,0.202,0.08910891089108909
1050766698002513920,1790912269000-632578958264631296-1050766698002513920,1790912269000,1790912510000,1,0.018,0.224,0.08035714285714285
1055830624704659456,1790946727000-632578958264631296-1055830624704659456,1790946727000,1790946926000,1,0.018,0.127,0.14173228346456693
1062738807117316096,1790936445000-632578958264631296-1062738807117316096,1790936445000,1790936613000,1,0.018,0.272,0.06617647058823528
1067764901566480384,1790946880000-632578958264631296-1067764901566480384,1790946880000,1790947329000,1,0.018,0.456,0.039473684210526314
1067765133431799808,1790918665000-632578958264631296-1067765133431799808,1790918665000,1790918970000,1,0.018,0.263,0.06844106463878326
1083039951072788480,1790910987000-632578958264631296-1083039951072788480,1790910987000,1790911125000,1,0.018,0.12,0.15
1126868873732161536,1790974504000-632578958264631296-1126868873732161536,1790974504000,1790975269000,1,0.018,0.369,0.048780487804878044
1134877765846171648,1790917719000-632578958264631296-1134877765846171648,1790917719000,1790917861000,1,0.018,0.146,0.1232876712328767
1153273376152748032,1790947702000-632578958264631296-1153273376152748032,1790947702000,1790947961000,1,0.018,0.14,0.12857142857142856
1389244197004902400,1790952887000-632578958264631296-1389244197004902400,1790952887000,1790953052000,1,0.018,0.054,0.3333333333333333
1422205318414204928,1790924802000-632578958264631296-1422205318414204928,1790924802000,1790925205000,1,0.018,0.209,0.08612440191387559
1476549608761982976,1790959552000-632578958264631296-1476549608761982976,1790959552000,1790959754000,1,0.018,0.121,0.1487603305785124
1593673426705317888,1790948800000-632578958264631296-1593673426705317888,1790948800000,1790949000000,1,0.018,0.069,0.26086956521739124
780067386190462976,1790946089000-632578958264631296-780067386190462976,1790946089000,1790946381000,1,0.018,0.258,0.06976744186046512
796706773456125952,1790928181000-632578958264631296-796706773456125952,1790928181000,1790928438000,1,0.018,0.053,0.33962264150943394
862287863801184256,1790918570000-632578958264631296-862287863801184256,1790918570000,1790918940000,1,0.018,0.112,0.1607142857142857
931856805720489984,1790950704000-632578958264631296-931856805720489984,1790950704000,1790950992000,1,0.018,0.3,0.06
939547417898909696,1790957195000-632578958264631296-939547417898909696,1790957195000,1790957355000,1,0.018,0.108,0.16666666666666666
947582270531698688,1790955162000-632578958264631296-947582270531698688,1790955162000,1790956394000,1,0.018,0.504,0.03571428571428571
971379691866816512,1790947992000-632578958264631296-971379691866816512,1790947992000,1790948786000,1,0.018,0.971,0.018537590113285273
1045015172411817984,1790946536000-632578958264631296-1045015172411817984,1790946536000,1790947148000,1,0.017,0.64,0.026562500000000003
1049341310072258560,1790919254000-632578958264631296-1049341310072258560,1790919254000,1790919368000,1,0.017,0.029,0.5862068965517242
1050024168621342720,1790955017000-632578958264631296-1050024168621342720,1790955017000,1790955367000,1,0.017,0.223,0.07623318385650224
1050037424450699264,1790924250000-632578958264631296-1050037424450699264,1790924250000,1790925123000,1,0.017,0.499,0.03406813627254509
1050467664377413632,1790953464000-632578958264631296-1050467664377413632,1790953464000,1790953826000,1,0.017,0.075,0.22666666666666668
1083729116835872768,1790954432000-632578958264631296-1083729116835872768,1790954432000,1790955038000,1,0.017,0.699,0.02432045779685265
1111626569580806144,1790946764000-632578958264631296-1111626569580806144,1790946764000,1790946943000,1,0.017,0.13,0.13076923076923078
1396881508228136960,1790924923000-632578958264631296-1396881508228136960,1790924923000,1790925355000,1,0.017,0.226,0.0752212389380531
1422205727123963904,1790921289000-632578958264631296-1422205727123963904,1790921289000,1790921687000,1,0.017,0.229,0.07423580786026202
1454186236603269120,1790967956000-632578958264631296-1454186236603269120,1790967956000,1790968166000,1,0.017,0.064,0.265625
1477629515881512960,1790982004000-632578958264631296-1477629515881512960,1790982004000,1790982176000,1,0.017,0.118,0.1440677966101695
1478819140813717504,1790922042000-632578958264631296-1478819140813717504,1790922042000,1790922320000,1,0.017,0.163,0.10429447852760737
1486716779844599808,1790912194000-632578958264631296-1486716779844599808,1790912194000,1790912298000,1,0.017,0.045,0.3777777777777778
1602017244622094336,1790938768000-632578958264631296-1602017244622094336,1790938768000,1790938937000,1,0.017,0.054,0.3148148148148148
862287863801184256,1790920108000-632578958264631296-862287863801184256,1790920108000,1790920571000,1,0.017,0.203,0.08374384236453201
932612842287267840,1790900966000-632578958264631296-932612842287267840,1790900966000,1790901679000,1,0.017,0.546,0.031135531135531136
942471450843938816,1790912235000-632578958264631296-942471450843938816,1790912235000,1790912426000,1,0.017,0.091,0.18681318681318684
943819597830684672,1790966808000-632578958264631296-943819597830684672,1790966808000,1790967376000,1,0.017,0.232,0.07327586206896552
943856131652976640,1790955383000-632578958264631296-943856131652976640,1790955383000,1790955692000,1,0.017,0.13,0.13076923076923078
946030376206204928,1790919464000-632578958264631296-946030376206204928,1790919464000,1790919579000,1,0.017,0.031,0.5483870967741936
971379691866816512,1790961687000-632578958264631296-971379691866816512,1790961687000,1790962322000,1,0.017,0.749,0.022696929238985315
1062738807117316096,1790901779000-632578958264631296-1062738807117316096,1790901779000,1790902180000,1,0.016,0.369,0.04336043360433604
1071457116943810560,1790900498000-632578958264631296-1071457116943810560,1790900498000,1790900682000,1,0.016,0.182,0.08791208791208792
1071858322266652672,1790933228000-632578958264631296-1071858322266652672,1790933228000,1790933419000,1,0.016,0.103,0.15533980582524273
1076923642098483200,1790925064000-632578958264631296-1076923642098483200,1790925064000,1790925728000,1,0.016,0.249,0.06425702811244981
1083727986517082112,1790920352000-632578958264631296-1083727986517082112,1790920352000,1790920520000,1,0.016,0.116,0.13793103448275862
1101156788989853696,1790939490000-632578958264631296-1101156788989853696,1790939490000,1790939771000,1,0.016,0.078,0.20512820512820512
1132636252537880576,1790940911000-632578958264631296-1132636252537880576,1790940911000,1790941180000,1,0.016,0.083,0.19277108433734938
1152269748554170368,1790924468000-632578958264631296-1152269748554170368,1790924468000,1790924633000,1,0.016,0.042,0.38095238095238093
1176184196838719488,1790953392000-632578958264631296-1176184196838719488,1790953392000,1790953612000,1,0.016,0.06,0.26666666666666666
1385305554984894464,1790941881000-632578958264631296-1385305554984894464,1790941881000,1790942165000,1,0.016,0.122,0.13114754098360656
1428064485414797312,1790918397000-632578958264631296-1428064485414797312,1790918397000,1790918588000,1,0.016,0.119,0.13445378151260506
1504876024033181696,1790903277000-632578958264631296-1504876024033181696,1790903277000,1790903591000,1,0.016,0.162,0.09876543209876543
869903934959910912,1790909679000-632578958264631296-869903934959910912,1790909679000,1790910820000,1,0.016,1.115,0.014349775784753363
929726540265029632,1790953376000-632578958264631296-929726540265029632,1790953376000,1790953904000,1,0.016,0.242,0.06611570247933884
940981890892955648,1790904502000-632578958264631296-940981890892955648,1790904502000,1790904671000,1,0.016,0.059,0.2711864406779661
1050037649940676608,1790960087000-632578958264631296-1050037649940676608,1790960087000,1790960471000,1,0.015,0.379,0.039577836411609495
1060533930890887168,1790909171000-632578958264631296-1060533930890887168,1790909171000,1790909324000,1,0.015,0.097,0.15463917525773194
1061350711461150720,1790955799000-632578958264631296-1061350711461150720,1790955799000,1790955956000,1,0.015,0.051,0.29411764705882354
1083728919393206272,1790955883000-632578958264631296-1083728919393206272,1790955883000,1790956151000,1,0.015,0.172,0.0872093023255814
1093087265762050048,1790903640000-632578958264631296-1093087265762050048,1790903640000,1790904376000,1,0.015,0.416,0.03605769230769231
1097510484225032192,1790938893000-632578958264631296-1097510484225032192,1790938893000,1790939222000,1,0.015,0.099,0.1515151515151515
1132636899983228928,1790958615000-632578958264631296-1132636899983228928,1790958615000,1790959001000,1,0.015,0.514,0.029182879377431904
1294704486559776768,1790936607000-632578958264631296-1294704486559776768,1790936607000,1790936774000,1,0.015,0.072,0.20833333333333334
1294704486559776768,1790953581000-632578958264631296-1294704486559776768,1790953581000,1790954306000,1,0.015,0.377,0.03978779840848806
1477629515881512960,1790905420000-632578958264631296-1477629515881512960,1790905420000,1790905536000,1,0.015,0.071,0.21126760563380284
1479447378401427456,1790938190000-632578958264631296-1479447378401427456,1790938190000,1790938371000,1,0.015,0.085,0.1764705882352941
1500848886552461312,1790918499000-632578958264631296-1500848886552461312,1790918499000,1790920038000,1,0.015,0.0,0.0
1525559056574447616,1790942459000-632578958264631296-1525559056574447616,1790942459000,1790942713000,1,0.015,0.09,0.16666666666666666
1525559056574447616,1790977656000-632578958264631296-1525559056574447616,1790977656000,1790978155000,1,0.015,0.311,0.04823151125401929
1536014618822967296,1790940414000-632578958264631296-1536014618822967296,1790940414000,1790940582000,1,0.015,0.075,0.2
1537822792169291776,1790921556000-632578958264631296-1537822792169291776,1790921556000,1790921782000,1,0.015,0.078,0.1923076923076923
1545823503347875840,1790910027000-632578958264631296-1545823503347875840,1790910027000,1790910189000,1,0.015,0.028,0.5357142857142857
1593330774109585408,1790901618000-632578958264631296-1593330774109585408,1790901618000,1790901774000,1,0.015,0.041,0.36585365853658536
1601553356642320384,1790952703000-632578958264631296-1601553356642320384,1790952703000,1790954002000,1,0.015,0.72,0.020833333333333332
877906550297985024,1790946804000-632578958264631296-877906550297985024,1790946804000,1790947032000,1,0.015,0.081,0.18518518518518517
893821287409909760,1790945798000-632578958264631296-893821287409909760,1790945798000,1790945983000,1,0.015,0.001,15.0
940246634145513472,1790915448000-632578958264631296-940246634145513472,1790915448000,1790915884000,1,0.015,0.411,0.03649635036496351
944587945103327232,1790906421000-632578958264631296-944587945103327232,1790906421000,1790906892000,1,0.015,0.404,0.03712871287128713
947104127047958528,1790910178000-632578958264631296-947104127047958528,1790910178000,1790910337000,1,0.015,0.001,15.0
967085947369816064,1790942585000-632578958264631296-967085947369816064,1790942585000,1790942858000,1,0.015,0.23,0.06521739130434782
1061350711461150720,1790907290000-632578958264631296-1061350711461150720,1790907290000,1790907581000,1,0.014,0.226,0.061946902654867256
1064532839803912192,1790936023000-632578958264631296-1064532839803912192,1790936023000,1790936200000,1,0.014,0.039,0.358974358974359
1067764977248501760,1790920544000-632578958264631296-1067764977248501760,1790920544000,1790920723000,1,0.014,0.191,0.07329842931937172
1067767710965825536,1790913580000-632578958264631296-1067767710965825536,1790913580000,1790913783000,1,0.014,0.169,0.08284023668639053
1079774673618599936,1790948646000-632578958264631296-1079774673618599936,1790948646000,1790948932000,1,0.014,0.095,0.1473684210526316
1079778539525373952,1790914441000-632578958264631296-1079778539525373952,1790914441000,1790914846000,1,0.014,0.192,0.07291666666666667
1081223436249858048,1790916753000-632578958264631296-1081223436249858048,1790916753000,1790917045000,1,0.014,0.081,0.1728395061728395
1083726423769743360,1790947435000-632578958264631296-1083726423769743360,1790947435000,1790949297000,1,0.014,1.852,0.007559395248380129
1083726561296777216,1790982276000-632578958264631296-1083726561296777216,1790982276000,1790982535000,1,0.014,0.305,0.0459016393442623
1083729116835872768,1790906691000-632578958264631296-1083729116835872768,1790906691000,1790906939000,1,0.014,0.252,0.05555555555555556
1087441747748847616,1790954548000-632578958264631296-1087441747748847616,1790954548000,1790954732000,1,0.014,0.169,0.08284023668639053
1406586435233906688,1790903424000-632578958264631296-1406586435233906688,1790903424000,1790904353000,1,0.014,0.46,0.03043478260869565
1441118393376702464,1790962986000-632578958264631296-1441118393376702464,1790962986000,1790963349000,1,0.014,0.168,0.08333333333333333
798991075485155328,1790911181000-632578958264631296-798991075485155328,1790911181000,1790911932000,1,0.014,0.606,0.023102310231023104
869954569466019840,1790972598000-632578958264631296-869954569466019840,1790972598000,1790972705000,1,0.014,0.037,0.3783783783783784
878252193440858112,1790944977000-632578958264631296-878252193440858112,1790944977000,1790945412000,1,0.014,0.299,0.04682274247491639
883046842797916160,1790911542000-632578958264631296-883046842797916160,1790911542000,1790911910000,1,0.014,0.147,0.09523809523809525
935627425390264320,1790938685000-632578958264631296-935627425390264320,1790938685000,1790939231000,1,0.014,0.711,0.01969057665260197
935951856658546688,1790908110000-632578958264631296-935951856658546688,1790908110000,1790908350000,1,0.014,0.288,0.04861111111111112
944571594812948480,1790951410000-632578958264631296-944571594812948480,1790951410000,1790951517000,1,0.014,0.054,0.25925925925925924
946027748999036928,1790910934000-632578958264631296-946027748999036928,1790910934000,1790911092000,1,0.014,0.062,0.22580645161290322
1083726613264203776,1790953020000-632578958264631296-1083726613264203776,1790953020000,1790953906000,1,0.013,0.954,0.013626834381551363
1083727931903049728,1790981416000-632578958264631296-1083727931903049728,1790981416000,1790981790000,1,0.013,0.404,0.03217821782178217
1088486141482500096,1790922821000-632578958264631296-1088486141482500096,1790922821000,1790923608000,1,0.013,0.224,0.05803571428571428
1126571257152667648,1790952399000-632578958264631296-1126571257152667648,1790952399000,1790952631000,1,0.013,0.064,0.203125
1184409623537385472,1790930391000-632578958264631296-1184409623537385472,1790930391000,1790930552000,1,0.013,0.072,0.18055555555555555
1289306380670337024,1790923468000-632578958264631296-1289306380670337024,1790923468000,1790923666000,1,0.013,0.209,0.06220095693779904
1505916014645215232,1790903268000-632578958264631296-1505916014645215232,1790903268000,1790903432000,1,0.013,0.038,0.34210526315789475
1540361293100220416,1790928096000-632578958264631296-1540361293100220416,1790928096000,1790928252000,1,0.013,0.062,0.2096774193548387
916722872880201728,1790929926000-632578958264631296-916722872880201728,1790929926000,1790930399000,1,0.013,0.147,0.08843537414965986
922469481249243136,1790960328000-632578958264631296-922469481249243136,1790960328000,1790960659000,1,0.013,0.109,0.11926605504587155
944574738938724352,1790956945000-632578958264631296-944574738938724352,1790956945000,1790957558000,1,0.013,0.176,0.07386363636363637
952583803866447872,1790939030000-632578958264631296-952583803866447872,1790939030000,1790939185000,1,0.013,0.051,0.2549019607843137
1067764779667423232,1790912179000-632578958264631296-1067764779667423232,1790912179000,1790912546000,1,0.012,0.365,0.03287671232876713
1067764843953520640,1790925197000-632578958264631296-1067764843953520640,1790925197000,1790926274000,1,0.012,0.985,0.012182741116751269
1083727772540469248,1790916386000-632578958264631296-1083727772540469248,1790916386000,1790916773000,1,0.012,0.548,0.0218978102189781
1083727931903049728,1790939281000-632578958264631296-1083727931903049728,1790939281000,1790939450000,1,0.012,0.127,0.09448818897637795
1094226778622263296,1790909202000-632578958264631296-1094226778622263296,1790909202000,1790909599000,1,0.012,0.273,0.04395604395604395
1101157025884143616,1790958830000-632578958264631296-1101157025884143616,1790958830000,1790959013000,1,0.012,0.173,0.06936416184971099
1109445504082640896,1790953467000-632578958264631296-1109445504082640896,1790953467000,1790953933000,1,0.012,0.502,0.02390438247011952
1148896718033518592,1790975236000-632578958264631296-1148896718033518592,1790975236000,1790975436000,1,0.012,0.228,0.05263157894736842
1153273376152748032,1790948050000-632578958264631296-1153273376152748032,1790948050000,1790948258000,1,0.012,0.108,0.11111111111111112
1153273602804547584,1790933244000-632578958264631296-1153273602804547584,1790933244000,1790933442000,1,0.012,0.108,0.11111111111111112
1259200800735887360,1790932569000-632578958264631296-1259200800735887360,1790932569000,1790932733000,1,0.012,0.095,0.12631578947368421
1536014517601828864,1790947151000-632578958264631296-1536014517601828864,1790947151000,1790947299000,1,0.012,0.055,0.2181818181818182
1536014618822967296,1790944874000-632578958264631296-1536014618822967296,1790944874000,1790945266000,1,0.012,0.232,0.05172413793103448
1536432469593554944,1790919646000-632578958264631296-1536432469593554944,1790919646000,1790920110000,1,0.012,0.305,0.03934426229508197
1593405762816704512,1790911889000-632578958264631296-1593405762816704512,1790911889000,1790912975000,1,0.012,0.671,0.01788375558867362
780451764301201408,1790907927000-632578958264631296-780451764301201408,1790907927000,1790908195000,1,0.012,0.019,0.6315789473684211
798991075485155328,1790937405000-632578958264631296-798991075485155328,1790937405000,1790937649000,1,0.012,0.126,0.09523809523809523
857602255610707968,1790924947000-632578958264631296-857602255610707968,1790924947000,1790925167000,1,0.012,0.177,0.06779661016949153
866686265431425024,1790950285000-632578958264631296-866686265431425024,1790950285000,1790950774000,1,0.012,0.453,0.026490066225165563
869903761768710144,1790932074000-632578958264631296-869903761768710144,1790932074000,1790932502000,1,0.012,0.454,0.02643171806167401
926866983197081600,1790918234000-632578958264631296-926866983197081600,1790918234000,1790918701000,1,0.012,0.326,0.03680981595092025
944574738938724352,1790984323000-632578958264631296-944574738938724352,1790984323000,1790984969000,1,0.012,0.239,0.05020920502092051
947105297703370752,1790972769000-632578958264631296-947105297703370752,1790972769000,1790975931000,1,0.012,0.718,0.016713091922005572
951558414842986496,1790900161000-632578958264631296-951558414842986496,1790900161000,1790900537000,1,0.012,0.172,0.06976744186046513
964169792938311680,1790918859000-632578958264631296-964169792938311680,1790918859000,1790919500000,1,0.012,0.548,0.0218978102189781
1045646209449984000,1790933527000-632578958264631296-1045646209449984000,1790933527000,1790933839000,1,0.011,0.33,0.03333333333333333
1049976646406242304,1790955490000-632578958264631296-1049976646406242304,1790955490000,1790956210000,1,0.011,0.746,0.014745308310991957
1055830624704659456,1790924892000-632578958264631296-1055830624704659456,1790924892000,1790925416000,1,0.011,0.287,0.03832752613240418
1064494636166283264,1790960064000-632578958264631296-1064494636166283264,1790960064000,1790960416000,1,0.011,0.239,0.04602510460251046
1067764685513687040,1790909040000-632578958264631296-1067764685513687040,1790909040000,1790909196000,1,0.011,0.114,0.09649122807017543
1070370579279773696,1790983216000-632578958264631296-1070370579279773696,1790983216000,1790983599000,1,0.011,0.118,0.09322033898305085
1079095062366781440,1790899470000-632578958264631296-1079095062366781440,1790899470000,1790899943000,1,0.011,0.214,0.0514018691588785
1083726423769743360,1790942808000-632578958264631296-1083726423769743360,1790942808000,1790943164000,1,0.011,0.404,0.027227722772277224
1083729116835872768,1790944524000-632578958264631296-1083729116835872768,1790944524000,1790944928000,1,0.011,0.39,0.028205128205128202
1088486141482500096,1790931349000-632578958264631296-1088486141482500096,1790931349000,1790932305000,1,0.011,0.345,0.03188405797101449
1088486141482500096,1790937168000-632578958264631296-1088486141482500096,1790937168000,1790937782000,1,0.011,0.174,0.06321839080459771
1094588896550846464,1790939076000-632578958264631296-1094588896550846464,1790939076000,1790939555000,1,0.011,0.459,0.023965141612200435
1120316721542987776,1790959073000-632578958264631296-1120316721542987776,1790959073000,1790959286000,1,0.011,0.172,0.06395348837209303
1131240645348818944,1790932895000-632578958264631296-1131240645348818944,1790932895000,1790933347000,1,0.011,0.621,0.017713365539452495
1132636348465807360,1790965615000-632578958264631296-1132636348465807360,1790965615000,1790965855000,1,0.011,0.09,0.12222222222222222
1153273376152748032,1790946856000-632578958264631296-1153273376152748032,1790946856000,1790947337000,1,0.011,0.414,0.026570048309178744
1176134230934028288,1790959112000-632578958264631296-1176134230934028288,1790959112000,1790959593000,1,0.011,0.4,0.027499999999999997
1184409623537385472,1790929816000-632578958264631296-1184409623537385472,1790929816000,1790929978000,1,0.011,0.062,0.17741935483870966
1299087047838924800,1790956082000-632578958264631296-1299087047838924800,1790956082000,1790956295000,1,0.011,0.164,0.06707317073170731
1364616390270517248,1790902134000-632578958264631296-1364616390270517248,1790902134000,1790902563000,1,0.011,0.229,0.04803493449781659
1489984398731247616,1790959777000-632578958264631296-1489984398731247616,1790959777000,1790960150000,1,0.011,0.2,0.05499999999999999
787687496786903040,1790931383000-632578958264631296-787687496786903040,1790931383000,1790931542000,1,0.011,0.079,0.13924050632911392
871764525957775360,1790905243000-632578958264631296-871764525957775360,1790905243000,1790905552000,1,0.011,0.215,0.05116279069767442
873104331912511488,1790947738000-632578958264631296-873104331912511488,1790947738000,1790948155000,1,0.011,0.461,0.023861171366594356
877906550297985024,1790945596000-632578958264631296-877906550297985024,1790945596000,1790945770000,1,0.011,0.052,0.21153846153846154
943857890790211584,1790938459000-632578958264631296-943857890790211584,1790938459000,1790938627000,1,0.011,0.088,0.125
947582270531698688,1790946595000-632578958264631296-947582270531698688,1790946595000,1790946728000,1,0.011,0.037,0.2972972972972973
964171206683000832,1790954342000-632578958264631296-964171206683000832,1790954342000,1790954722000,1,0.011,0.102,0.10784313725490197
1046442514266980352,1790907517000-632578958264631296-1046442514266980352,1790907517000,1790907934000,1,0.01,0.184,0.05434782608695653
1050024168621342720,1790922285000-632578958264631296-1050024168621342720,1790922285000,1790922623000,1,0.01,0.236,0.04237288135593221
1050467664377413632,1790900761000-632578958264631296-1050467664377413632,1790900761000,1790901114000,1,0.01,0.143,0.06993006993006994
1060533930890887168,1790904746000-632578958264631296-1060533930890887168,1790904746000,1790905037000,1,0.01,0.269,0.03717472118959108
1060533930890887168,1790960166000-632578958264631296-1060533930890887168,1790960166000,1790960537000,1,0.01,0.366,0.027322404371584702
1064532839803912192,1790929686000-632578958264631296-1064532839803912192,1790929686000,1790930279000,1,0.01,0.181,0.05524861878453039
1067764977248501760,1790909821000-632578958264631296-1067764977248501760,1790909821000,1790910002000,1,0.01,0.163,0.06134969325153374
1067776270814674944,1790959287000-632578958264631296-1067776270814674944,1790959287000,1790959798000,1,0.01,0.579,0.017271157167530225
1082360641819246592,1790917338000-632578958264631296-1082360641819246592,1790917338000,1790917812000,1,0.01,1.043,0.009587727708533078
1083727048683290624,1790912625000-632578958264631296-1083727048683290624,1790912625000,1790912818000,1,0.01,0.111,0.09009009009009009
1097510484225032192,1790937133000-632578958264631296-1097510484225032192,1790937133000,1790937714000,1,0.01,0.232,0.043103448275862065
1105915143314735104,1790919096000-632578958264631296-1105915143314735104,1790919096000,1790919283000,1,0.01,0.203,0.04926108374384236
1105915143314735104,1790920131000-632578958264631296-1105915143314735104,1790920131000,1790920534000,1,0.01,0.43,0.023255813953488372
1120316662394912768,1790933920000-632578958264631296-1120316662394912768,1790933920000,1790934617000,1,0.01,0.736,0.013586956521739132
1126571257152667648,1790925391000-632578958264631296-1126571257152667648,1790925391000,1790926526000,1,0.01,0.496,0.020161290322580645
1131239476161413120,1790948945000-632578958264631296-1131239476161413120,1790948945000,1790949689000,1,0.01,0.96,0.010416666666666668
1138783076164304896,1790916057000-632578958264631296-1138783076164304896,1790916057000,1790916838000,1,0.01,0.864,0.011574074074074075
1138783076164304896,1790946930000-632578958264631296-1138783076164304896,1790946930000,1790947507000,1,0.01,0.73,0.013698630136986302
1142833661045899264,1790919051000-632578958264631296-1142833661045899264,1790919051000,1790919429000,1,0.01,0.37,0.02702702702702703
1168836102002311168,1790906391000-632578958264631296-1168836102002311168,1790906391000,1790907003000,1,0.01,0.25,0.04
1187402009754468352,1790909682000-632578958264631296-1187402009754468352,1790909682000,1790910560000,1,0.01,0.613,0.016313213703099513
1187402009754468352,1790954191000-632578958264631296-1187402009754468352,1790954191000,1790955164000,1,0.01,0.674,0.014836795252225518
1289306380670337024,1790920393000-632578958264631296-1289306380670337024,1790920393000,1790920549000,1,0.01,0.14,0.07142857142857142
1371466234314358784,1790922407000-632578958264631296-1371466234314358784,1790922407000,1790922853000,1,0.01,0.164,0.06097560975609756
1389244082743672832,1790930478000-632578958264631296-1389244082743672832,1790930478000,1790930656000,1,0.01,0.068,0.14705882352941177
1406228892573761536,1790966877000-632578958264631296-1406228892573761536,1790966877000,1790968474000,1,0.01,0.84,0.011904761904761906
1422205318414204928,1790917161000-632578958264631296-1422205318414204928,1790917161000,1790917266000,1,0.01,0.051,0.19607843137254904
1441118393376702464,1790955092000-632578958264631296-1441118393376702464,1790955092000,1790955372000,1,0.01,0.113,0.08849557522123894
1467925946630668288,1790955444000-632578958264631296-1467925946630668288,1790955444000,1790956511000,1,0.01,0.366,0.027322404371584702
1475452919183572992,1790961217000-632578958264631296-1475452919183572992,1790961217000,1790961734000,1,0.01,0.248,0.04032258064516129
1475453057469775872,1790911176000-632578958264631296-1475453057469775872,1790911176000,1790911645000,1,0.01,0.231,0.04329004329004329
1488156307717357568,1790946573000-632578958264631296-1488156307717357568,1790946573000,1790946820000,1,0.01,0.131,0.07633587786259542
1536014744312348672,1790940381000-632578958264631296-1536014744312348672,1790940381000,1790940499000,1,0.01,0.046,0.2173913043478261
1536397466075660288,1790956030000-632578958264631296-1536397466075660288,1790956030000,1790956502000,1,0.01,0.231,0.04329004329004329
1604183215143124992,1790904857000-632578958264631296-1604183215143124992,1790904857000,1790905005000,1,0.01,0.056,0.17857142857142858
780451764301201408,1790908333000-632578958264631296-780451764301201408,1790908333000,1790908694000,1,0.01,0.289,0.03460207612456748
786329086610898944,1790955916000-632578958264631296-786329086610898944,1790955916000,1790957936000,1,0.01,1.353,0.007390983000739098
938815406225752064,1790934897000-632578958264631296-938815406225752064,1790934897000,1790935454000,1,0.01,0.212,0.04716981132075472
940245549137788928,1790934062000-632578958264631296-940245549137788928,1790934062000,1790934586000,1,0.01,0.398,0.025125628140703515
942436996423352320,1790947691000-632578958264631296-942436996423352320,1790947691000,1790949227000,1,0.01,0.001,10.0
942721856836730880,1790949212000-632578958264631296-942721856836730880,1790949212000,1790950241000,1,0.01,0.662,0.015105740181268881
944573640047853568,1790900125000-632578958264631296-944573640047853568,1790900125000,1790900717000,1,0.01,0.411,0.024330900243309004
947093103351693312,1790928001000-632578958264631296-947093103351693312,1790928001000,1790928195000,1,0.01,0.065,0.15384615384615385
964172050669240320,1790963735000-632578958264631296-964172050669240320,1790963735000,1790964080000,1,0.01,0.149,0.06711409395973154
996808469547843584,1790922040000-632578958264631296-996808469547843584,1790922040000,1790922165000,1,0.01,0.041,0.24390243902439024
1071826388769570816,1790945966000-632578958264631296-1071826388769570816,1790945966000,1790946284000,1,0.009,0.338,0.02662721893491124
1073983957575401472,1790942990000-632578958264631296-1073983957575401472,1790942990000,1790943371000,1,0.009,0.337,0.02670623145400593
1076104369969037312,1790967202000-632578958264631296-1076104369969037312,1790967202000,1790967815000,1,0.009,0.285,0.031578947368421054
1083726887294861312,1790914139000-632578958264631296-1083726887294861312,1790914139000,1790914320000,1,0.009,0.136,0.06617647058823528
1362128357327634432,1790954851000-632578958264631296-1362128357327634432,1790954851000,1790955519000,1,0.009,0.266,0.03383458646616541
1396881382210273280,1790954177000-632578958264631296-1396881382210273280,1790954177000,1790954887000,1,0.009,0.036,0.25
1428033112889098240,1790960438000-632578958264631296-1428033112889098240,1790960438000,1790961015000,1,0.009,0.236,0.038135593220338986
1601553356642320384,1790944006000-632578958264631296-1601553356642320384,1790944006000,1790945039000,1,0.009,0.605,0.01487603305785124
847116116999274496,1790945804000-632578958264631296-847116116999274496,1790945804000,1790946168000,1,0.009,0.258,0.03488372093023256
938817698895233024,1790916771000-632578958264631296-938817698895233024,1790916771000,1790917128000,1,0.009,0.081,0.1111111111111111
942723675356921856,1790960486000-632578958264631296-942723675356921856,1790960486000,1790961862000,1,0.009,1.602,0.005617977528089887
1049341310072258560,1790973904000-632578958264631296-1049341310072258560,1790973904000,1790974227000,1,0.008,0.176,0.045454545454545456
1067764977248501760,1790910355000-632578958264631296-1067764977248501760,1790910355000,1790910522000,1,0.008,0.089,0.08988764044943821
1067774958987378688,1790944984000-632578958264631296-1067774958987378688,1790944984000,1790945364000,1,0.008,0.37,0.021621621621621623
1073663863301341184,1790923947000-632578958264631296-1073663863301341184,1790923947000,1790924284000,1,0.008,0.175,0.04571428571428572
1079425050643267584,1790941868000-632578958264631296-1079425050643267584,1790941868000,1790942032000,1,0.008,0.051,0.15686274509803924
1083726517403385856,1790918243000-632578958264631296-1083726517403385856,1790918243000,1790918404000,1,0.008,0.118,0.06779661016949153
1083726613264203776,1790962034000-632578958264631296-1083726613264203776,1790962034000,1790962411000,1,0.008,0.347,0.023054755043227668
1083726887294861312,1790912573000-632578958264631296-1083726887294861312,1790912573000,1790912725000,1,0.008,0.145,0.055172413793103454
1083727593376579584,1790957974000-632578958264631296-1083727593376579584,1790957974000,1790958148000,1,0.008,0.136,0.058823529411764705
1088486141482500096,1790920576000-632578958264631296-1088486141482500096,1790920576000,1790921568000,1,0.008,0.288,0.02777777777777778
1126571257152667648,1790913555000-632578958264631296-1126571257152667648,1790913555000,1790913670000,1,0.008,0.056,0.14285714285714285
1131239476161413120,1790946449000-632578958264631296-1131239476161413120,1790946449000,1790946741000,1,0.008,0.373,0.021447721179624665
1131631502098956288,1790985596000-632578958264631296-1131631502098956288,1790985596000,1790986314000,1,0.008,0.731,0.01094391244870041
1135631306680434688,1790926699000-632578958264631296-1135631306680434688,1790926699000,1790927063000,1,0.008,0.465,0.017204301075268817
1184409623537385472,1790931382000-632578958264631296-1184409623537385472,1790931382000,1790931693000,1,0.008,0.143,0.05594405594405595
1385305035948163072,1790908365000-632578958264631296-1385305035948163072,1790908365000,1790908837000,1,0.008,0.271,0.02952029520295203
1385305434218299392,1790940745000-632578958264631296-1385305434218299392,1790940745000,1790940951000,1,0.008,0.081,0.09876543209876543
1504876024033181696,1790949677000-632578958264631296-1504876024033181696,1790949677000,1790949809000,1,0.008,0.088,0.09090909090909091
1606317556983922688,1790927124000-632578958264631296-1606317556983922688,1790927124000,1790927378000,1,0.008,0.118,0.06779661016949153
780085706063085568,1790908806000-632578958264631296-780085706063085568,1790908806000,1790910615000,1,0.008,1.236,0.006472491909385114
792451319469178880,1790900210000-632578958264631296-792451319469178880,1790900210000,1790901030000,1,0.008,0.442,0.01809954751131222
798605218047590400,1790945703000-632578958264631296-798605218047590400,1790945703000,1790946068000,1,0.008,0.441,0.018140589569160998
800734942576246784,1790917508000-632578958264631296-800734942576246784,1790917508000,1790918051000,1,0.008,0.372,0.021505376344086023
857602255610707968,1790915480000-632578958264631296-857602255610707968,1790915480000,1790915662000,1,0.008,0.184,0.043478260869565216
947452563299500032,1790928823000-632578958264631296-947452563299500032,1790928823000,1790928980000,1,0.008,0.036,0.22222222222222224
947582270531698688,1790942515000-632578958264631296-947582270531698688,1790942515000,1790942937000,1,0.008,0.202,0.039603960396039604
951557397191589888,1790941643000-632578958264631296-951557397191589888,1790941643000,1790941908000,1,0.008,0.12,0.06666666666666667
951557843473924096,1790959059000-632578958264631296-951557843473924096,1790959059000,1790959219000,1,0.008,0.128,0.0625
964170762879500288,1790922347000-632578958264631296-964170762879500288,1790922347000,1790922801000,1,0.008,0.494,0.016194331983805668
996808469547843584,1790907309000-632578958264631296-996808469547843584,1790907309000,1790907459000,1,0.008,0.025,0.32
1045015172411817984,1790957770000-632578958264631296-1045015172411817984,1790957770000,1790958153000,1,0.007,0.111,0.06306306306306306
1050036987500691456,1790899692000-632578958264631296-1050036987500691456,1790899692000,1790900076000,1,0.007,0.377,0.01856763925729443
1055830624704659456,1790964003000-632578958264631296-1055830624704659456,1790964003000,1790965093000,1,0.007,0.553,0.012658227848101266
1060533930890887168,1790985285000-632578958264631296-1060533930890887168,1790985285000,1790985466000,1,0.007,0.212,0.0330188679245283
1061350580632420352,1790959356000-632578958264631296-1061350580632420352,1790959356000,1790959589000,1,0.007,0.428,0.01635514018691589
1068875501654769664,1790940323000-632578958264631296-1068875501654769664,1790940323000,1790940431000,1,0.007,0.018,0.38888888888888895
1071858322266652672,1790931722000-632578958264631296-1071858322266652672,1790931722000,1790931991000,1,0.007,0.209,0.03349282296650718
1083726613264203776,1790957416000-632578958264631296-1083726613264203776,1790957416000,1790957800000,1,0.007,0.37,0.01891891891891892
1083727593376579584,1790984482000-632578958264631296-1083727593376579584,1790984482000,1790985116000,1,0.007,0.525,0.013333333333333332
1170761528379441152,1790953739000-632578958264631296-1170761528379441152,1790953739000,1790954969000,1,0.007,0.884,0.007918552036199095
1175796809117728768,1790958298000-632578958264631296-1175796809117728768,1790958298000,1790958777000,1,0.007,0.319,0.0219435736677116
1176184196838719488,1790910640000-632578958264631296-1176184196838719488,1790910640000,1790910930000,1,0.007,0.253,0.02766798418972332
1462138501628690432,1790960895000-632578958264631296-1462138501628690432,1790960895000,1790961853000,1,0.007,0.258,0.027131782945736434
1464269416886697984,1790939127000-632578958264631296-1464269416886697984,1790939127000,1790939281000,1,0.007,0.039,0.1794871794871795
857602255610707968,1790906450000-632578958264631296-857602255610707968,1790906450000,1790906669000,1,0.007,0.208,0.03365384615384616
929726540265029632,1790930002000-632578958264631296-929726540265029632,1790930002000,1790935078000,1,0.007,2.117,0.0033065658951346244
1049341310072258560,1790926107000-632578958264631296-1049341310072258560,1790926107000,1790926473000,1,0.006,0.104,0.057692307692307696
1064532839803912192,1790920033000-632578958264631296-1064532839803912192,1790920033000,1790920167000,1,0.006,0.061,0.09836065573770492
1065321017443876864,1790904250000-632578958264631296-1065321017443876864,1790904250000,1790904628000,1,0.006,0.106,0.05660377358490566
1070334753032372224,1790919911000-632578958264631296-1070334753032372224,1790919911000,1790920481000,1,0.006,0.161,0.037267080745341616
1072871041421803520,1790959009000-632578958264631296-1072871041421803520,1790959009000,1790959431000,1,0.006,0.37,0.016216216216216217
1083726613264203776,1790967044000-632578958264631296-1083726613264203776,1790967044000,1790967456000,1,0.006,0.358,0.01675977653631285
1083727048683290624,1790945565000-632578958264631296-1083727048683290624,1790945565000,1790946122000,1,0.006,0.611,0.009819967266775777
1120316481867874304,1790905617000-632578958264631296-1120316481867874304,1790905617000,1790905776000,1,0.006,0.121,0.049586776859504134
1161991673035620352,1790912722000-632578958264631296-1161991673035620352,1790912722000,1790912891000,1,0.006,0.132,0.045454545454545456
1188144161019133952,1790955817000-632578958264631296-1188144161019133952,1790955817000,1790956213000,1,0.006,0.02,0.3
1298646515224412160,1790912417000-632578958264631296-1298646515224412160,1790912417000,1790912560000,1,0.006,0.071,0.08450704225352114
1299087047838924800,1790902025000-632578958264631296-1299087047838924800,1790902025000,1790902180000,1,0.006,0.103,0.05825242718446602
1479440816106635264,1790950912000-632578958264631296-1479440816106635264,1790950912000,1790951050000,1,0.006,0.08,0.075
1488160320575766528,1790938466000-632578958264631296-1488160320575766528,1790938466000,1790938690000,1,0.006,0.054,0.11111111111111112
1545823852121030656,1790946605000-632578958264631296-1545823852121030656,1790946605000,1790946859000,1,0.006,0.26,0.023076923076923078
1601553356642320384,1790963578000-632578958264631296-1601553356642320384,1790963578000,1790964350000,1,0.006,0.341,0.01759530791788856
800026217909583872,1790907685000-632578958264631296-800026217909583872,1790907685000,1790908442000,1,0.006,0.487,0.012320328542094456
866245317551456256,1790945312000-632578958264631296-866245317551456256,1790945312000,1790946391000,1,0.006,0.838,0.007159904534606206
876044057397166080,1790910968000-632578958264631296-876044057397166080,1790910968000,1790911172000,1,0.006,0.12,0.05
893133531117518848,1790945063000-632578958264631296-893133531117518848,1790945063000,1790945409000,1,0.006,0.147,0.04081632653061225
931939397496995840,1790955737000-632578958264631296-931939397496995840,1790955737000,1790956124000,1,0.006,0.118,0.05084745762711865
932334786138079232,1790944232000-632578958264631296-932334786138079232,1790944232000,1790944596000,1,0.006,0.378,0.015873015873015872
933392054296248320,1790920525000-632578958264631296-933392054296248320,1790920525000,1790920808000,1,0.006,0.183,0.03278688524590164
946025653910634496,1790937608000-632578958264631296-946025653910634496,1790937608000,1790937995000,1,0.006,0.142,0.04225352112676057
946027472992862208,1790933515000-632578958264631296-946027472992862208,1790933515000,1790933761000,1,0.006,0.087,0.06896551724137932
951557397191589888,1790954652000-632578958264631296-951557397191589888,1790954652000,1790955379000,1,0.006,0.258,0.023255813953488372
1067765189559975936,1790930453000-632578958264631296-1067765189559975936,1790930453000,1790930833000,1,0.005,0.379,0.013192612137203167
1073201833905750016,1790927900000-632578958264631296-1073201833905750016,1790927900000,1790928126000,1,0.005,0.244,0.020491803278688527
1083726423769743360,1790951434000-632578958264631296-1083726423769743360,1790951434000,1790953478000,1,0.005,1.991,0.0025113008538422904
1088486141482500096,1790932970000-632578958264631296-1088486141482500096,1790932970000,1790933512000,1,0.005,0.149,0.03355704697986577
1089954932305428480,1790899662000-632578958264631296-1089954932305428480,1790899662000,1790900081000,1,0.005,0.177,0.028248587570621472
1093087738300727296,1790934564000-632578958264631296-1093087738300727296,1790934564000,1790934692000,1,0.005,0.101,0.0495049504950495
1405177997576634368,1790956879000-632578958264631296-1405177997576634368,1790956879000,1790957147000,1,0.005,0.115,0.043478260869565216
1536014744312348672,1790938703000-632578958264631296-1536014744312348672,1790938703000,1790939208000,1,0.005,0.123,0.04065040650406504
1540361830973571072,1790919732000-632578958264631296-1540361830973571072,1790919732000,1790919992000,1,0.005,0.063,0.07936507936507936
780059706918961152,1790961926000-632578958264631296-780059706918961152,1790961926000,1790962867000,1,0.005,0.607,0.008237232289950576
780067386190462976,1790937336000-632578958264631296-780067386190462976,1790937336000,1790937578000,1,0.005,0.178,0.02808988764044944
869918310366445568,1790915339000-632578958264631296-869918310366445568,1790915339000,1790915649000,1,0.005,0.38,0.013157894736842105
932613192947859456,1790905147000-632578958264631296-932613192947859456,1790905147000,1790905581000,1,0.005,0.216,0.02314814814814815
942470042409238528,1790921745000-632578958264631296-942470042409238528,1790921745000,1790922280000,1,0.005,0.314,0.01592356687898089
943818030159233024,1790956438000-632578958264631296-943818030159233024,1790956438000,1790957279000,1,0.005,0.269,0.01858736059479554
944574346884546560,1790957021000-632578958264631296-944574346884546560,1790957021000,1790957825000,1,0.005,0.263,0.019011406844106463
946025328671719424,1790930290000-632578958264631296-946025328671719424,1790930290000,1790930455000,1,0.005,0.072,0.06944444444444445
1049976772092755968,1790985263000-632578958264631296-1049976772092755968,1790985263000,1790985552000,1,0.004,0.091,0.04395604395604396
1061979678694178816,1790928465000-632578958264631296-1061979678694178816,1790928465000,1790928576000,1,0.004,0.039,0.10256410256410256
1064532839803912192,1790934258000-632578958264631296-1064532839803912192,1790934258000,1790934736000,1,0.004,0.093,0.043010752688172046
1067772524470730752,1790955325000-632578958264631296-1067772524470730752,1790955325000,1790955583000,1,0.004,0.269,0.01486988847583643
1070370579279773696,1790965083000-632578958264631296-1070370579279773696,1790965083000,1790965231000,1,0.004,0.023,0.17391304347826086
1083727448777949184,1790978102000-632578958264631296-1083727448777949184,1790978102000,1790978274000,1,0.004,0.056,0.07142857142857142
1156948637754851328,1790922359000-632578958264631296-1156948637754851328,1790922359000,1790922521000,1,0.004,0.098,0.04081632653061224
1176582767303983104,1790965992000-632578958264631296-1176582767303983104,1790965992000,1790966374000,1,0.004,0.352,0.011363636363636364
1188144161019133952,1790903615000-632578958264631296-1188144161019133952,1790903615000,1790904342000,1,0.004,0.001,4.0
1593402895116533760,1790948995000-632578958264631296-1593402895116533760,1790948995000,1790949121000,1,0.004,0.059,0.06779661016949153
1601556412222144512,1790944315000-632578958264631296-1601556412222144512,1790944315000,1790945173000,1,0.004,0.378,0.010582010582010581
869216733288726528,1790961538000-632578958264631296-869216733288726528,1790961538000,1790961953000,1,0.004,0.512,0.0078125
869903761768710144,1790940077000-632578958264631296-869903761768710144,1790940077000,1790940287000,1,0.004,0.165,0.024242424242424242
869918310366445568,1790947338000-632578958264631296-869918310366445568,1790947338000,1790947495000,1,0.004,0.129,0.031007751937984496
871730443827806208,1790913550000-632578958264631296-871730443827806208,1790913550000,1790914285000,1,0.004,0.893,0.004479283314669653
871730443827806208,1790957912000-632578958264631296-871730443827806208,1790957912000,1790958796000,1,0.004,0.961,0.004162330905306972
926866983197081600,1790947943000-632578958264631296-926866983197081600,1790947943000,1790948386000,1,0.004,0.223,0.017937219730941704
943819597830684672,1790966066000-632578958264631296-943819597830684672,1790966066000,1790966423000,1,0.004,0.129,0.031007751937984496
946025929669345280,1790910049000-632578958264631296-946025929669345280,1790910049000,1790910201000,1,0.004,0.037,0.10810810810810811
947105297703370752,1790961437000-632578958264631296-947105297703370752,1790961437000,1790961938000,1,0.004,0.118,0.03389830508474576
947582270531698688,1790943021000-632578958264631296-947582270531698688,1790943021000,1790943409000,1,0.004,0.159,0.025157232704402517
964172050669240320,1790934531000-632578958264631296-964172050669240320,1790934531000,1790934876000,1,0.004,0.152,0.026315789473684213
1063501597117513728,1790981020000-632578958264631296-1063501597117513728,1790981020000,1790981466000,1,0.003,0.221,0.013574660633484163
1067771070980816896,1790983411000-632578958264631296-1067771070980816896,1790983411000,1790983785000,1,0.003,0.105,0.028571428571428574
1067774958987378688,1790932293000-632578958264631296-1067774958987378688,1790932293000,1790932673000,1,0.003,0.481,0.006237006237006237
1083726613264203776,1790951614000-632578958264631296-1083726613264203776,1790951614000,1790952896000,1,0.003,1.327,0.002260738507912585
1087441747748847616,1790955696000-632578958264631296-1087441747748847616,1790955696000,1790955878000,1,0.003,0.118,0.025423728813559324
1088512574191828992,1790945273000-632578958264631296-1088512574191828992,1790945273000,1790945456000,1,0.003,0.122,0.02459016393442623
1148896718033518592,1790927974000-632578958264631296-1148896718033518592,1790927974000,1790928280000,1,0.003,0.218,0.013761467889908258
1462138501628690432,1790965654000-632578958264631296-1462138501628690432,1790965654000,1790966281000,1,0.003,0.166,0.018072289156626505
1462138501628690432,1790967895000-632578958264631296-1462138501628690432,1790967895000,1790968261000,1,0.003,0.083,0.03614457831325301
1500491887742550016,1790909185000-632578958264631296-1500491887742550016,1790909185000,1790909356000,1,0.003,0.054,0.05555555555555556
1536393085787832320,1790952446000-632578958264631296-1536393085787832320,1790952446000,1790953022000,1,0.003,0.001,3.0
787737136659955712,1790921331000-632578958264631296-787737136659955712,1790921331000,1790921530000,1,0.003,0.077,0.03896103896103896
869903934959910912,1790956329000-632578958264631296-869903934959910912,1790956329000,1790956603000,1,0.003,0.258,0.011627906976744186
873900831743672320,1790928347000-632578958264631296-873900831743672320,1790928347000,1790928560000,1,0.003,0.087,0.03448275862068966
929721011920699392,1790963268000-632578958264631296-929721011920699392,1790963268000,1790963751000,1,0.003,0.094,0.031914893617021274
936665179544879104,1790949024000-632578958264631296-936665179544879104,1790949024000,1790949202000,1,0.003,0.089,0.033707865168539325
943818030159233024,1790951254000-632578958264631296-943818030159233024,1790951254000,1790952095000,1,0.003,0.258,0.011627906976744186
946027472992862208,1790933783000-632578958264631296-946027472992862208,1790933783000,1790934010000,1,0.003,0.051,0.05882352941176471
947105297703370752,1790963545000-632578958264631296-947105297703370752,1790963545000,1790964418000,1,0.003,0.185,0.016216216216216217
951556794549796864,1790982540000-632578958264631296-951556794549796864,1790982540000,1790982806000,1,0.003,0.108,0.02777777777777778
952583803866447872,1790954479000-632578958264631296-952583803866447872,1790954479000,1790954750000,1,0.003,0.086,0.034883720930232565
1067776196789403648,1790960852000-632578958264631296-1067776196789403648,1790960852000,1790961413000,1,0.002,0.538,0.0037174721189591076
1071858322266652672,1790935258000-632578958264631296-1071858322266652672,1790935258000,1790935345000,1,0.002,0.027,0.07407407407407407
1079444806125486080,1790947075000-632578958264631296-1079444806125486080,1790947075000,1790947461000,1,0.002,0.303,0.006600660066006601
1083726476706054144,1790921143000-632578958264631296-1083726476706054144,1790921143000,1790922351000,1,0.002,1.135,0.001762114537444934
1088486141482500096,1790918916000-632578958264631296-1088486141482500096,1790918916000,1790919928000,1,0.002,0.436,0.0045871559633027525
1088486141482500096,1790938371000-632578958264631296-1088486141482500096,1790938371000,1790939093000,1,0.002,0.262,0.007633587786259542
1135631306680434688,1790909473000-632578958264631296-1135631306680434688,1790909473000,1790910056000,1,0.002,0.871,0.002296211251435132
1175796809117728768,1790914080000-632578958264631296-1175796809117728768,1790914080000,1790916087000,1,0.002,2.053,0.000974184120798831
1181865772805259264,1790933799000-632578958264631296-1181865772805259264,1790933799000,1790934151000,1,0.002,0.406,0.0049261083743842365
1428033112889098240,1790983743000-632578958264631296-1428033112889098240,1790983743000,1790984033000,1,0.002,0.126,0.015873015873015872
1441118393376702464,1790982238000-632578958264631296-1441118393376702464,1790982238000,1790982694000,1,0.002,0.219,0.0091324200913242
1500491887742550016,1790957474000-632578958264631296-1500491887742550016,1790957474000,1790957702000,1,0.002,0.091,0.02197802197802198
1536014667858575360,1790936130000-632578958264631296-1536014667858575360,1790936130000,1790936380000,1,0.002,0.131,0.015267175572519083
800734942576246784,1790948553000-632578958264631296-800734942576246784,1790948553000,1790949817000,1,0.002,0.864,0.0023148148148148147
819592403370377216,1790913761000-632578958264631296-819592403370377216,1790913761000,1790913908000,1,0.002,0.069,0.02898550724637681
857602255610707968,1790905071000-632578958264631296-857602255610707968,1790905071000,1790905428000,1,0.002,0.379,0.005277044854881266
878252193440858112,1790915628000-632578958264631296-878252193440858112,1790915628000,1790917522000,1,0.002,0.629,0.003179650238473768
944573640047853568,1790903037000-632578958264631296-944573640047853568,1790903037000,1790903392000,1,0.002,0.289,0.006920415224913496
1050037109068398592,1790900941000-632578958264631296-1050037109068398592,1790900941000,1790901301000,1,0.001,0.168,0.005952380952380952
1065321017443876864,1790899396000-632578958264631296-1065321017443876864,1790899396000,1790899524000,1,0.001,0.054,0.018518518518518517
1065321017443876864,1790983633000-632578958264631296-1065321017443876864,1790983633000,1790984008000,1,0.001,0.113,0.008849557522123894
1071858322266652672,1790932427000-632578958264631296-1071858322266652672,1790932427000,1790932616000,1,0.001,0.15,0.006666666666666667
1080818558042112000,1790920913000-632578958264631296-1080818558042112000,1790920913000,1790921489000,1,0.001,0.656,0.001524390243902439
1088486141482500096,1790899136000-632578958264631296-1088486141482500096,1790899136000,1790899291000,1,0.001,0.325,0.003076923076923077
1088511709141794816,1790942832000-632578958264631296-1088511709141794816,1790942832000,1790944617000,1,0.001,1.737,0.0005757052389176741
1153273376152748032,1790948592000-632578958264631296-1153273376152748032,1790948592000,1790948874000,1,0.001,0.216,0.004629629629629629
1181865772805259264,1790904612000-632578958264631296-1181865772805259264,1790904612000,1790904912000,1,0.001,0.267,0.003745318352059925
1209168031477923840,1790910904000-632578958264631296-1209168031477923840,1790910904000,1790911075000,1,0.001,0.022,0.045454545454545456
1357047782162038784,1790956717000-632578958264631296-1357047782162038784,1790956717000,1790956874000,1,0.001,0.095,0.010526315789473684
1361380561528029184,1790940745000-632578958264631296-1361380561528029184,1790940745000,1790940874000,1,0.001,0.115,0.008695652173913044
1462138214197231616,1790919559000-632578958264631296-1462138214197231616,1790919559000,1790919714000,1,0.001,0.055,0.01818181818181818
1464260641047969792,1790926255000-632578958264631296-1464260641047969792,1790926255000,1790926825000,1,0.001,0.357,0.0028011204481792717
1500145408670695424,1790956389000-632578958264631296-1500145408670695424,1790956389000,1790957077000,1,0.001,0.355,0.0028169014084507044
1500145408670695424,1790973023000-632578958264631296-1500145408670695424,1790973023000,1790973237000,1,0.001,0.099,0.0101010101010101
1537822792169291776,1790921049000-632578958264631296-1537822792169291776,1790921049000,1790921236000,1,0.001,0.075,0.013333333333333334
1601556412222144512,1790946930000-632578958264631296-1601556412222144512,1790946930000,1790947409000,1,0.001,0.244,0.004098360655737705
1606317556983922688,1790929889000-632578958264631296-1606317556983922688,1790929889000,1790930030000,1,0.001,0.059,0.01694915254237288
787647951882158080,1790958263000-632578958264631296-787647951882158080,1790958263000,1790958876000,1,0.001,0.358,0.002793296089385475
787737136659955712,1790925684000-632578958264631296-787737136659955712,1790925684000,1790925925000,1,0.001,0.159,0.006289308176100629
798991075485155328,1790914523000-632578958264631296-798991075485155328,1790914523000,1790914820000,1,0.001,0.176,0.005681818181818182
857602255610707968,1790924654000-632578958264631296-857602255610707968,1790924654000,1790924841000,1,0.001,0.103,0.00970873786407767
866648789010612224,1790946646000-632578958264631296-866648789010612224,1790946646000,1790946822000,1,0.001,0.149,0.006711409395973155
929707161364201472,1790925984000-632578958264631296-929707161364201472,1790925984000,1790926535000,1,0.001,0.477,0.0020964360587002098
929731076446748672,1790914499000-632578958264631296-929731076446748672,1790914499000,1790915178000,1,0.001,0.245,0.004081632653061225
939138676678459392,1790958031000-632578958264631296-939138676678459392,1790958031000,1790958164000,1,0.001,0.056,0.017857142857142856
939545096838184960,1790947671000-632578958264631296-939545096838184960,1790947671000,1790950349000,1,0.001,2.739,0.0003650967506389193
942721856836730880,1790950657000-632578958264631296-942721856836730880,1790950657000,1790951306000,1,0.001,0.381,0.0026246719160104987
943819597830684672,1790981951000-632578958264631296-943819597830684672,1790981951000,1790982267000,1,0.001,0.149,0.006711409395973155
966383863687282688,1790944054000-632578958264631296-966383863687282688,1790944054000,1790944562000,1,0.001,0.251,0.00398406374501992
970285003134992384,1790931582000-632578958264631296-970285003134992384,1790931582000,1790931826000,1,0.001,0.254,0.003937007874015748
1041007225465733120,1790926899000-632578958264631296-1041007225465733120,1790926899000,1790927201000,1,0.0,0.112,0.0
1045015172411817984,1790955689000-632578958264631296-1045015172411817984,1790955689000,1790956279000,1,0.0,0.188,0.0
1046442858321543168,1790935322000-632578958264631296-1046442858321543168,1790935322000,1790935419000,1,0.0,0.02,0.0
1046443765134262272,1790956951000-632578958264631296-1046443765134262272,1790956951000,1790957157000,1,0.0,0.06,0.0
1046837731746906112,1790898850000-632578958264631296-1046837731746906112,1790898850000,1790899233000,1,0.0,0.136,0.0
1047649870816477184,1790926414000-632578958264631296-1047649870816477184,1790926414000,1790926802000,1,0.0,0.119,0.0
1049341310072258560,1790964990000-632578958264631296-1049341310072258560,1790964990000,1790965191000,1,0.0,0.058,0.0
1049976646406242304,1790957123000-632578958264631296-1049976646406242304,1790957123000,1790957484000,1,0.0,0.373,0.0
1049976646406242304,1790977377000-632578958264631296-1049976646406242304,1790977377000,1790977639000,1,0.0,0.176,0.0
1049976772092755968,1790984799000-632578958264631296-1049976772092755968,1790984799000,1790985186000,1,0.0,0.114,0.0
1050024168621342720,1790900277000-632578958264631296-1050024168621342720,1790900277000,1790900610000,1,0.0,0.194,0.0
1050024168621342720,1790908804000-632578958264631296-1050024168621342720,1790908804000,1790909133000,1,0.0,0.235,0.0
1050024168621342720,1790910855000-632578958264631296-1050024168621342720,1790910855000,1790911304000,1,0.0,0.226,0.0
1050024168621342720,1790936674000-632578958264631296-1050024168621342720,1790936674000,1790937263000,1,0.0,0.537,0.0
1050036721544069120,1790900272000-632578958264631296-1050036721544069120,1790900272000,1790900633000,1,0.0,0.396,0.0
1050036776183267328,1790984533000-632578958264631296-1050036776183267328,1790984533000,1790985174000,1,0.0,0.795,0.0
1050036904705130496,1790985464000-632578958264631296-1050036904705130496,1790985464000,1790985848000,1,0.0,0.18,0.0
1050037048276156416,1790948908000-632578958264631296-1050037048276156416,1790948908000,1790949284000,1,0.0,0.134,0.0
1050037048276156416,1790984724000-632578958264631296-1050037048276156416,1790984724000,1790984939000,1,0.0,0.096,0.0
1050467664377413632,1790981232000-632578958264631296-1050467664377413632,1790981232000,1790981585000,1,0.0,0.124,0.0
1050467664377413632,1790981588000-632578958264631296-1050467664377413632,1790981588000,1790982120000,1,0.0,0.09,0.0
1050781444223270912,1790909398000-632578958264631296-1050781444223270912,1790909398000,1790909857000,1,0.0,0.595,0.0
1050781444223270912,1790938198000-632578958264631296-1050781444223270912,1790938198000,1790938570000,1,0.0,0.396,0.0
1050781444223270912,1790944190000-632578958264631296-1050781444223270912,1790944190000,1790944606000,1,0.0,0.495,0.0
1050781444223270912,1790950043000-632578958264631296-1050781444223270912,1790950043000,1790950201000,1,0.0,0.099,0.0
1061350580632420352,1790947356000-632578958264631296-1061350580632420352,1790947356000,1790947471000,1,0.0,0.258,0.0
1061980520671346688,1790944588000-632578958264631296-1061980520671346688,1790944588000,1790944862000,1,0.0,0.065,0.0
1061980520671346688,1790945601000-632578958264631296-1061980520671346688,1790945601000,1790945823000,1,0.0,0.074,0.0
1062738572429230080,1790901077000-632578958264631296-1062738572429230080,1790901077000,1790901623000,1,0.0,0.225,0.0
1062738807117316096,1790931584000-632578958264631296-1062738807117316096,1790931584000,1790931938000,1,0.0,0.381,0.0
1067763903368265728,1790934344000-632578958264631296-1067763903368265728,1790934344000,1790934641000,1,0.0,0.337,0.0
1067764685513687040,1790905265000-632578958264631296-1067764685513687040,1790905265000,1790905648000,1,0.0,0.377,0.0
1067764843953520640,1790958493000-632578958264631296-1067764843953520640,1790958493000,1790958753000,1,0.0,0.222,0.0
1067764977248501760,1790940018000-632578958264631296-1067764977248501760,1790940018000,1790940186000,1,0.0,0.076,0.0
1067765247101632512,1790953084000-632578958264631296-1067765247101632512,1790953084000,1790953466000,1,0.0,0.313,0.0
1067765247101632512,1790983996000-632578958264631296-1067765247101632512,1790983996000,1790984451000,1,0.0,0.561,0.0
1067765446171688960,1790957748000-632578958264631296-1067765446171688960,1790957748000,1790958132000,1,0.0,0.355,0.0
1067765446171688960,1790958330000-632578958264631296-1067765446171688960,1790958330000,1790958713000,1,0.0,0.342,0.0
1067765446171688960,1790981676000-632578958264631296-1067765446171688960,1790981676000,1790982265000,1,0.0,0.589,0.0
1067767656859303936,1790906727000-632578958264631296-1067767656859303936,1790906727000,1790907887000,1,0.0,1.446,0.0
1067767656859303936,1790908085000-632578958264631296-1067767656859303936,1790908085000,1790908551000,1,0.0,0.357,0.0
1067772524470730752,1790944086000-632578958264631296-1067772524470730752,1790944086000,1790944572000,1,0.0,0.603,0.0
1067775063052255232,1790908142000-632578958264631296-1067775063052255232,1790908142000,1790908425000,1,0.0,0.13,0.0
1067775063052255232,1790982528000-632578958264631296-1067775063052255232,1790982528000,1790982811000,1,0.0,0.133,0.0
1067775916656033792,1790908969000-632578958264631296-1067775916656033792,1790908969000,1790909256000,1,0.0,0.182,0.0
1067775916656033792,1790909260000-632578958264631296-1067775916656033792,1790909260000,1790909547000,1,0.0,0.132,0.0
1067775916656033792,1790924590000-632578958264631296-1067775916656033792,1790924590000,1790925100000,1,0.0,0.195,0.0
1067776270814674944,1790911001000-632578958264631296-1067776270814674944,1790911001000,1790911427000,1,0.0,0.395,0.0
1067776270814674944,1790941795000-632578958264631296-1067776270814674944,1790941795000,1790942588000,1,0.0,0.859,0.0
1067776270814674944,1790964608000-632578958264631296-1067776270814674944,1790964608000,1790965220000,1,0.0,0.791,0.0
1070334753032372224,1790908416000-632578958264631296-1070334753032372224,1790908416000,1790909051000,1,0.0,0.281,0.0
1071826388769570816,1790933374000-632578958264631296-1071826388769570816,1790933374000,1790933760000,1,0.0,0.444,0.0
1071826388769570816,1790960256000-632578958264631296-1071826388769570816,1790960256000,1790960650000,1,0.0,0.409,0.0
1071858322266652672,1790932717000-632578958264631296-1071858322266652672,1790932717000,1790932870000,1,0.0,0.049,0.0
1072572023244324864,1790910054000-632578958264631296-1072572023244324864,1790910054000,1790910434000,1,0.0,0.221,0.0
1073663863301341184,1790912736000-632578958264631296-1073663863301341184,1790912736000,1790913349000,1,0.0,0.264,0.0
1073664045493518336,1790949207000-632578958264631296-1073664045493518336,1790949207000,1790949837000,1,0.0,0.369,0.0
1076923642098483200,1790931514000-632578958264631296-1076923642098483200,1790931514000,1790932248000,1,0.0,0.287,0.0
1076923642098483200,1790932515000-632578958264631296-1076923642098483200,1790932515000,1790933228000,1,0.0,0.272,0.0
1076923642098483200,1790934504000-632578958264631296-1076923642098483200,1790934504000,1790935461000,1,0.0,0.414,0.0
1076923642098483200,1790935466000-632578958264631296-1076923642098483200,1790935466000,1790935821000,1,0.0,0.104,0.0
1076923642098483200,1790936401000-632578958264631296-1076923642098483200,1790936401000,1790936736000,1,0.0,0.124,0.0
1076923642098483200,1790937955000-632578958264631296-1076923642098483200,1790937955000,1790938241000,1,0.0,0.074,0.0
1076923968528580608,1790902910000-632578958264631296-1076923968528580608,1790902910000,1790903509000,1,0.0,0.227,0.0
1076923968528580608,1790935735000-632578958264631296-1076923968528580608,1790935735000,1790935906000,1,0.0,0.07,0.0
1076924285072703488,1790959488000-632578958264631296-1076924285072703488,1790959488000,1790960128000,1,0.0,0.173,0.0
1079095522620342272,1790950021000-632578958264631296-1079095522620342272,1790950021000,1790950504000,1,0.0,0.17,0.0
1079425050643267584,1790921274000-632578958264631296-1079425050643267584,1790921274000,1790921639000,1,0.0,0.173,0.0
1079444806125486080,1790908687000-632578958264631296-1079444806125486080,1790908687000,1790908981000,1,0.0,0.52,0.0
1079774152119812096,1790901770000-632578958264631296-1079774152119812096,1790901770000,1790902140000,1,0.0,0.119,0.0
1079774152119812096,1790939832000-632578958264631296-1079774152119812096,1790939832000,1790940379000,1,0.0,0.375,0.0
1079774152119812096,1790967110000-632578958264631296-1079774152119812096,1790967110000,1790967658000,1,0.0,0.558,0.0
1080818558042112000,1790955177000-632578958264631296-1080818558042112000,1790955177000,1790955535000,1,0.0,0.278,0.0
1082303861131051008,1790906084000-632578958264631296-1082303861131051008,1790906084000,1790906631000,1,0.0,0.691,0.0
1082330521322651648,1790928405000-632578958264631296-1082330521322651648,1790928405000,1790928763000,1,0.0,0.38,0.0
1082360641819246592,1790948127000-632578958264631296-1082360641819246592,1790948127000,1790948893000,1,0.0,0.218,0.0
1082360641819246592,1790949754000-632578958264631296-1082360641819246592,1790949754000,1790949951000,1,0.0,0.032,0.0
1082360641819246592,1790955702000-632578958264631296-1082360641819246592,1790955702000,1790955797000,1,0.0,0.089,0.0
1083039951072788480,1790981156000-632578958264631296-1083039951072788480,1790981156000,1790981697000,1,0.0,0.496,0.0
1083726423769743360,1790944125000-632578958264631296-1083726423769743360,1790944125000,1790944918000,1,0.0,0.904,0.0
1083726561296777216,1790921699000-632578958264631296-1083726561296777216,1790921699000,1790924247000,1,0.0,2.571,0.0
1083726561296777216,1790954424000-632578958264631296-1083726561296777216,1790954424000,1790955399000,1,0.0,1.181,0.0
1083726789898928128,1790928115000-632578958264631296-1083726789898928128,1790928115000,1790928290000,1,0.0,0.526,0.0
1083726930487803904,1790930743000-632578958264631296-1083726930487803904,1790930743000,1790931105000,1,0.0,0.374,0.0
1083727289243402240,1790983344000-632578958264631296-1083727289243402240,1790983344000,1790983728000,1,0.0,0.388,0.0
1083727517765861376,1790945965000-632578958264631296-1083727517765861376,1790945965000,1790946343000,1,0.0,0.345,0.0
1083727593376579584,1790909479000-632578958264631296-1083727593376579584,1790909479000,1790909828000,1,0.0,0.385,0.0
1083727772540469248,1790923229000-632578958264631296-1083727772540469248,1790923229000,1790923431000,1,0.0,0.197,0.0
1083727852433571840,1790922913000-632578958264631296-1083727852433571840,1790922913000,1790923491000,1,0.0,0.635,0.0
1083727986517082112,1790906582000-632578958264631296-1083727986517082112,1790906582000,1790906966000,1,0.0,0.377,0.0
1083728582527680512,1790906976000-632578958264631296-1083728582527680512,1790906976000,1790907369000,1,0.0,0.429,0.0
1083728870357598208,1790901979000-632578958264631296-1083728870357598208,1790901979000,1790902361000,1,0.0,0.385,0.0
1083729116835872768,1790904393000-632578958264631296-1083729116835872768,1790904393000,1790904696000,1,0.0,0.374,0.0
1083778254826897408,1790901058000-632578958264631296-1083778254826897408,1790901058000,1790901241000,1,0.0,0.091,0.0
1088472759995990016,1790953613000-632578958264631296-1088472759995990016,1790953613000,1790954502000,1,0.0,0.601,0.0
1088472759995990016,1790958338000-632578958264631296-1088472759995990016,1790958338000,1790958792000,1,0.0,0.154,0.0
1088486141482500096,1790905119000-632578958264631296-1088486141482500096,1790905119000,1790905393000,1,0.0,0.079,0.0
1088486141482500096,1790928734000-632578958264631296-1088486141482500096,1790928734000,1790930117000,1,0.0,1.082,0.0
1088486141482500096,1790935915000-632578958264631296-1088486141482500096,1790935915000,1790936738000,1,0.0,0.31,0.0
1088486141482500096,1790953749000-632578958264631296-1088486141482500096,1790953749000,1790954027000,1,0.0,0.225,0.0
1088486141482500096,1790955404000-632578958264631296-1088486141482500096,1790955404000,1790955937000,1,0.0,0.185,0.0
1088486141482500096,1790961205000-632578958264631296-1088486141482500096,1790961205000,1790961486000,1,0.0,0.084,0.0
1088492376734826496,1790957656000-632578958264631296-1088492376734826496,1790957656000,1790958606000,1,0.0,0.276,0.0
1088511709141794816,1790945339000-632578958264631296-1088511709141794816,1790945339000,1790945599000,1,0.0,0.215,0.0
1088511709141794816,1790947252000-632578958264631296-1088511709141794816,1790947252000,1790947617000,1,0.0,0.351,0.0
1088512574191828992,1790945552000-632578958264631296-1088512574191828992,1790945552000,1790946202000,1,0.0,0.311,0.0
1088512574191828992,1790952667000-632578958264631296-1088512574191828992,1790952667000,1790952948000,1,0.0,0.129,0.0
1088512574191828992,1790959594000-632578958264631296-1088512574191828992,1790959594000,1790959978000,1,0.0,0.176,0.0
1088512574191828992,1790962828000-632578958264631296-1088512574191828992,1790962828000,1790963109000,1,0.0,0.129,0.0
1088512574191828992,1790973093000-632578958264631296-1088512574191828992,1790973093000,1790973376000,1,0.0,0.141,0.0
1093088075828953088,1790962678000-632578958264631296-1093088075828953088,1790962678000,1790963266000,1,0.0,0.254,0.0
1094584670655348736,1790942377000-632578958264631296-1094584670655348736,1790942377000,1790942556000,1,0.0,0.036,0.0
1094584849307533312,1790958578000-632578958264631296-1094584849307533312,1790958578000,1790960222000,1,0.0,0.819,0.0
1094650284191252480,1790904724000-632578958264631296-1094650284191252480,1790904724000,1790905049000,1,0.0,0.203,0.0
1094650284191252480,1790922063000-632578958264631296-1094650284191252480,1790922063000,1790922366000,1,0.0,0.18,0.0
1094955908762435584,1790954288000-632578958264631296-1094955908762435584,1790954288000,1790955170000,1,0.0,0.409,0.0
1097510484225032192,1790912198000-632578958264631296-1097510484225032192,1790912198000,1790912487000,1,0.0,0.038,0.0
1105914860262129664,1790912091000-632578958264631296-1105914860262129664,1790912091000,1790912206000,1,0.0,0.037,0.0
1105915143314735104,1790924374000-632578958264631296-1105915143314735104,1790924374000,1790925022000,1,0.0,1.838,0.0
1110856695237574656,1790917211000-632578958264631296-1110856695237574656,1790917211000,1790917360000,1,0.0,0.098,0.0
1113484110199783424,1790951231000-632578958264631296-1113484110199783424,1790951231000,1790951434000,1,0.0,0.072,0.0
1120316268595904512,1790927198000-632578958264631296-1120316268595904512,1790927198000,1790927804000,1,0.0,0.628,0.0
1120316268595904512,1790956417000-632578958264631296-1120316268595904512,1790956417000,1790956844000,1,0.0,0.383,0.0
1120316481867874304,1790903867000-632578958264631296-1120316481867874304,1790903867000,1790904227000,1,0.0,0.373,0.0
1120316662394912768,1790908439000-632578958264631296-1120316662394912768,1790908439000,1790909194000,1,0.0,0.903,0.0
1120316662394912768,1790915619000-632578958264631296-1120316662394912768,1790915619000,1790915822000,1,0.0,0.123,0.0
1120316721542987776,1790932115000-632578958264631296-1120316721542987776,1790932115000,1790936063000,1,0.0,6.488,0.0
1120316721542987776,1790936996000-632578958264631296-1120316721542987776,1790936996000,1790937359000,1,0.0,0.283,0.0
1126869078934290432,1790940696000-632578958264631296-1126869078934290432,1790940696000,1790940856000,1,0.0,0.114,0.0
1126869078934290432,1790941161000-632578958264631296-1126869078934290432,1790941161000,1790941316000,1,0.0,0.107,0.0
1126869078934290432,1790952403000-632578958264631296-1126869078934290432,1790952403000,1790952793000,1,0.0,0.334,0.0
1131239137144209408,1790940375000-632578958264631296-1131239137144209408,1790940375000,1790940559000,1,0.0,0.23,0.0
1131239137144209408,1790959309000-632578958264631296-1131239137144209408,1790959309000,1790959941000,1,0.0,0.749,0.0
1131240373310455808,1790899352000-632578958264631296-1131240373310455808,1790899352000,1790900494000,1,0.0,1.054,0.0
1131631502098956288,1790901927000-632578958264631296-1131631502098956288,1790901927000,1790902282000,1,0.0,0.384,0.0
1131972366507704320,1790927233000-632578958264631296-1131972366507704320,1790927233000,1790927620000,1,0.0,0.274,0.0
1132636252537880576,1790944174000-632578958264631296-1132636252537880576,1790944174000,1790944446000,1,0.0,0.062,0.0
1132636348465807360,1790946077000-632578958264631296-1132636348465807360,1790946077000,1790947731000,1,0.0,1.084,0.0
1132636348465807360,1790951236000-632578958264631296-1132636348465807360,1790951236000,1790951691000,1,0.0,0.099,0.0
1132636348465807360,1790985529000-632578958264631296-1132636348465807360,1790985529000,1790985815000,1,0.0,0.127,0.0
1132636843020386304,1790958722000-632578958264631296-1132636843020386304,1790958722000,1790960587000,1,0.0,0.984,0.0
1135566388677574656,1790933088000-632578958264631296-1135566388677574656,1790933088000,1790934080000,1,0.0,1.128,0.0
1135566388677574656,1790954922000-632578958264631296-1135566388677574656,1790954922000,1790955701000,1,0.0,0.912,0.0
1135630948969218048,1790910148000-632578958264631296-1135630948969218048,1790910148000,1790910289000,1,0.0,0.117,0.0
1135630948969218048,1790958932000-632578958264631296-1135630948969218048,1790958932000,1790959321000,1,0.0,0.428,0.0
1136692610564358144,1790941385000-632578958264631296-1136692610564358144,1790941385000,1790941652000,1,0.0,0.056,0.0
1138782810882965504,1790944953000-632578958264631296-1138782810882965504,1790944953000,1790945148000,1,0.0,0.229,0.0
1138783468012961792,1790903754000-632578958264631296-1138783468012961792,1790903754000,1790904362000,1,0.0,0.615,0.0
1138783468012961792,1790961267000-632578958264631296-1138783468012961792,1790961267000,1790961510000,1,0.0,0.251,0.0
1144224275478085632,1790907003000-632578958264631296-1144224275478085632,1790907003000,1790907547000,1,0.0,0.346,0.0
1153273376152748032,1790940291000-632578958264631296-1153273376152748032,1790940291000,1790940641000,1,0.0,0.356,0.0
1153273376152748032,1790946022000-632578958264631296-1153273376152748032,1790946022000,1790946227000,1,0.0,0.227,0.0
1153273376152748032,1790983715000-632578958264631296-1153273376152748032,1790983715000,1790984095000,1,0.0,0.415,0.0
1172939590688833536,1790947569000-632578958264631296-1172939590688833536,1790947569000,1790947932000,1,0.0,0.418,0.0
1173302979768352768,1790899160000-632578958264631296-1173302979768352768,1790899160000,1790899557000,1,0.0,0.345,0.0
1175796663680237568,1790911609000-632578958264631296-1175796663680237568,1790911609000,1790911969000,1,0.0,0.421,0.0
1175796809117728768,1790946718000-632578958264631296-1175796809117728768,1790946718000,1790947776000,1,0.0,0.986,0.0
1176134230934028288,1790900532000-632578958264631296-1176134230934028288,1790900532000,1790900733000,1,0.0,0.186,0.0
1176134230934028288,1790960634000-632578958264631296-1176134230934028288,1790960634000,1790961124000,1,0.0,0.59,0.0
1176134230934028288,1790974564000-632578958264631296-1176134230934028288,1790974564000,1790974946000,1,0.0,0.377,0.0
1181865772805259264,1790984389000-632578958264631296-1181865772805259264,1790984389000,1790984570000,1,0.0,0.173,0.0
1181865772805259264,1790985209000-632578958264631296-1181865772805259264,1790985209000,1790985390000,1,0.0,0.212,0.0
1184409623537385472,1790935437000-632578958264631296-1184409623537385472,1790935437000,1790935706000,1,0.0,0.108,0.0
1188144161019133952,1790902804000-632578958264631296-1188144161019133952,1790902804000,1790903108000,1,0.0,0.001,0.0
1209168031477923840,1790984360000-632578958264631296-1209168031477923840,1790984360000,1790984744000,1,0.0,0.155,0.0
1211337321434054656,1790949895000-632578958264631296-1211337321434054656,1790949895000,1790950114000,1,0.0,0.123,0.0
1268615353760481280,1790955137000-632578958264631296-1268615353760481280,1790955137000,1790956227000,1,0.0,1.174,0.0
1289307004661137408,1790963615000-632578958264631296-1289307004661137408,1790963615000,1790964310000,1,0.0,0.554,0.0
1299087047838924800,1790947158000-632578958264631296-1299087047838924800,1790947158000,1790947353000,1,0.0,0.154,0.0
1312806942439112704,1790930566000-632578958264631296-1312806942439112704,1790930566000,1790931734000,1,0.0,0.658,0.0
1312806942439112704,1790960649000-632578958264631296-1312806942439112704,1790960649000,1790962104000,1,0.0,0.65,0.0
1332765289414131712,1790918412000-632578958264631296-1332765289414131712,1790918412000,1790918868000,1,0.0,0.577,0.0
1345798361172672512,1790956114000-632578958264631296-1345798361172672512,1790956114000,1790956641000,1,0.0,0.12,0.0
1355523374926790656,1790956234000-632578958264631296-1355523374926790656,1790956234000,1790956785000,1,0.0,0.279,0.0
1361380561528029184,1790909012000-632578958264631296-1361380561528029184,1790909012000,1790909294000,1,0.0,0.083,0.0
1361380561528029184,1790940117000-632578958264631296-1361380561528029184,1790940117000,1790940587000,1,0.0,0.473,0.0
1363836271826305024,1790929189000-632578958264631296-1363836271826305024,1790929189000,1790929716000,1,0.0,0.237,0.0
1370798572273926144,1790911212000-632578958264631296-1370798572273926144,1790911212000,1790911484000,1,0.0,0.271,0.0
1371466234314358784,1790912827000-632578958264631296-1371466234314358784,1790912827000,1790913959000,1,0.0,1.349,0.0
1385588816730914816,1790964415000-632578958264631296-1385588816730914816,1790964415000,1790964702000,1,0.0,0.148,0.0
1389244302743306240,1790962457000-632578958264631296-1389244302743306240,1790962457000,1790962824000,1,0.0,0.168,0.0
1396881382210273280,1790914176000-632578958264631296-1396881382210273280,1790914176000,1790914680000,1,0.0,0.323,0.0
1396881382210273280,1790927245000-632578958264631296-1396881382210273280,1790927245000,1790927539000,1,0.0,0.183,0.0
1396881382210273280,1790927551000-632578958264631296-1396881382210273280,1790927551000,1790927842000,1,0.0,0.322,0.0
1396881382210273280,1790941266000-632578958264631296-1396881382210273280,1790941266000,1790941511000,1,0.0,0.086,0.0
1396881508228136960,1790942068000-632578958264631296-1396881508228136960,1790942068000,1790942313000,1,0.0,0.115,0.0
1397607641592627200,1790945933000-632578958264631296-1397607641592627200,1790945933000,1790946810000,1,0.0,0.316,0.0
1397607641592627200,1790953725000-632578958264631296-1397607641592627200,1790953725000,1790954024000,1,0.0,0.185,0.0
1401196266230120448,1790971081000-632578958264631296-1401196266230120448,1790971081000,1790971515000,1,0.0,0.242,0.0
1401196266230120448,1790976351000-632578958264631296-1401196266230120448,1790976351000,1790976528000,1,0.0,0.094,0.0
1405141042860130304,1790959742000-632578958264631296-1405141042860130304,1790959742000,1790959992000,1,0.0,0.132,0.0
1405141042860130304,1790961078000-632578958264631296-1405141042860130304,1790961078000,1790961518000,1,0.0,0.222,0.0
1405177997576634368,1790955766000-632578958264631296-1405177997576634368,1790955766000,1790956136000,1,0.0,0.188,0.0
1406228892573761536,1790920230000-632578958264631296-1406228892573761536,1790920230000,1790921121000,1,0.0,0.542,0.0
1406228892573761536,1790944469000-632578958264631296-1406228892573761536,1790944469000,1790945157000,1,0.0,0.417,0.0
1406228892573761536,1790949953000-632578958264631296-1406228892573761536,1790949953000,1790950680000,1,0.0,0.392,0.0
1406228892573761536,1790954451000-632578958264631296-1406228892573761536,1790954451000,1790954811000,1,0.0,0.192,0.0
1406229042385911808,1790914946000-632578958264631296-1406229042385911808,1790914946000,1790915614000,1,0.0,0.414,0.0
1406229042385911808,1790915917000-632578958264631296-1406229042385911808,1790915917000,1790916156000,1,0.0,0.098,0.0
1406229042385911808,1790916605000-632578958264631296-1406229042385911808,1790916605000,1790916796000,1,0.0,0.094,0.0
1406229042385911808,1790917117000-632578958264631296-1406229042385911808,1790917117000,1790917378000,1,0.0,0.13,0.0
1406229042385911808,1790917541000-632578958264631296-1406229042385911808,1790917541000,1790917789000,1,0.0,0.113,0.0
1406229042385911808,1790918016000-632578958264631296-1406229042385911808,1790918016000,1790918667000,1,0.0,0.301,0.0
1406229042385911808,1790919214000-632578958264631296-1406229042385911808,1790919214000,1790919426000,1,0.0,0.091,0.0
1406229042385911808,1790919478000-632578958264631296-1406229042385911808,1790919478000,1790919762000,1,0.0,0.083,0.0
1406229042385911808,1790920830000-632578958264631296-1406229042385911808,1790920830000,1790923074000,1,0.0,1.006,0.0
1406229042385911808,1790927885000-632578958264631296-1406229042385911808,1790927885000,1790928230000,1,0.0,0.133,0.0
1406229042385911808,1790929127000-632578958264631296-1406229042385911808,1790929127000,1790929418000,1,0.0,0.133,0.0
1406229042385911808,1790929901000-632578958264631296-1406229042385911808,1790929901000,1790930035000,1,0.0,0.048,0.0
1406229042385911808,1790930653000-632578958264631296-1406229042385911808,1790930653000,1790931050000,1,0.0,0.163,0.0
1406229042385911808,1790932201000-632578958264631296-1406229042385911808,1790932201000,1790932554000,1,0.0,0.168,0.0
1406229042385911808,1790933540000-632578958264631296-1406229042385911808,1790933540000,1790933954000,1,0.0,0.164,0.0
1406229042385911808,1790934407000-632578958264631296-1406229042385911808,1790934407000,1790934672000,1,0.0,0.088,0.0
1406229042385911808,1790935174000-632578958264631296-1406229042385911808,1790935174000,1790935499000,1,0.0,0.129,0.0
1406229042385911808,1790935841000-632578958264631296-1406229042385911808,1790935841000,1790936018000,1,0.0,0.076,0.0
1406229042385911808,1790950891000-632578958264631296-1406229042385911808,1790950891000,1790951149000,1,0.0,0.104,0.0
1422205318414204928,1790939994000-632578958264631296-1422205318414204928,1790939994000,1790940608000,1,0.0,0.324,0.0
1422205318414204928,1790940855000-632578958264631296-1422205318414204928,1790940855000,1790941100000,1,0.0,0.115,0.0
1422205318414204928,1790942808000-632578958264631296-1422205318414204928,1790942808000,1790943122000,1,0.0,0.147,0.0
1422205318414204928,1790943198000-632578958264631296-1422205318414204928,1790943198000,1790943410000,1,0.0,0.092,0.0
1422205425331208192,1790938127000-632578958264631296-1422205425331208192,1790938127000,1790938238000,1,0.0,0.045,0.0
1422205521707925504,1790958026000-632578958264631296-1422205521707925504,1790958026000,1790958156000,1,0.0,0.032,0.0
1422205727123963904,1790943391000-632578958264631296-1422205727123963904,1790943391000,1790943472000,1,0.0,0.043,0.0
1428033112889098240,1790911963000-632578958264631296-1428033112889098240,1790911963000,1790912389000,1,0.0,0.355,0.0
1428033112889098240,1790912412000-632578958264631296-1428033112889098240,1790912412000,1790912522000,1,0.0,0.055,0.0
1428064485414797312,1790907758000-632578958264631296-1428064485414797312,1790907758000,1790907973000,1,0.0,0.11,0.0
1462138501628690432,1790920489000-632578958264631296-1462138501628690432,1790920489000,1790921571000,1,0.0,0.267,0.0
1462138501628690432,1790927077000-632578958264631296-1462138501628690432,1790927077000,1790927286000,1,0.0,0.036,0.0
1462138501628690432,1790949416000-632578958264631296-1462138501628690432,1790949416000,1790949595000,1,0.0,0.063,0.0
1462138501628690432,1790956335000-632578958264631296-1462138501628690432,1790956335000,1790957200000,1,0.0,0.291,0.0
1464253789857906688,1790926120000-632578958264631296-1464253789857906688,1790926120000,1790928000000,1,0.0,0.85,0.0
1464260641047969792,1790983223000-632578958264631296-1464260641047969792,1790983223000,1790983631000,1,0.0,0.196,0.0
1464269416886697984,1790929705000-632578958264631296-1464269416886697984,1790929705000,1790929870000,1,0.0,0.041,0.0
1464269416886697984,1790929872000-632578958264631296-1464269416886697984,1790929872000,1790929983000,1,0.0,0.028,0.0
1464286677953413120,1790919281000-632578958264631296-1464286677953413120,1790919281000,1790919427000,1,0.0,0.048,0.0
1465365829724930048,1790919292000-632578958264631296-1465365829724930048,1790919292000,1790919600000,1,0.0,0.142,0.0
1465365829724930048,1790926620000-632578958264631296-1465365829724930048,1790926620000,1790927344000,1,0.0,0.572,0.0
1465365829724930048,1790957788000-632578958264631296-1465365829724930048,1790957788000,1790958117000,1,0.0,0.168,0.0
1467925946630668288,1790959716000-632578958264631296-1467925946630668288,1790959716000,1790960079000,1,0.0,0.12,0.0
1471144582421938176,1790957561000-632578958264631296-1471144582421938176,1790957561000,1790957955000,1,0.0,0.199,0.0
1475453057469775872,1790912268000-632578958264631296-1475453057469775872,1790912268000,1790912679000,1,0.0,0.159,0.0
1475453057469775872,1790948287000-632578958264631296-1475453057469775872,1790948287000,1790948742000,1,0.0,0.199,0.0
1475453057469775872,1790953311000-632578958264631296-1475453057469775872,1790953311000,1790953934000,1,0.0,0.293,0.0
1476549765217910784,1790955540000-632578958264631296-1476549765217910784,1790955540000,1790956140000,1,0.0,0.248,0.0
1476549765217910784,1790958988000-632578958264631296-1476549765217910784,1790958988000,1790959205000,1,0.0,0.088,0.0
1486725792942522368,1790953347000-632578958264631296-1486725792942522368,1790953347000,1790954376000,1,0.0,0.431,0.0
1488156307717357568,1790959113000-632578958264631296-1488156307717357568,1790959113000,1790959326000,1,0.0,0.096,0.0
1488156479612518400,1790902664000-632578958264631296-1488156479612518400,1790902664000,1790903202000,1,0.0,0.253,0.0
1488160320575766528,1790908723000-632578958264631296-1488160320575766528,1790908723000,1790908947000,1,0.0,0.056,0.0
1488160320575766528,1790947930000-632578958264631296-1488160320575766528,1790947930000,1790948097000,1,0.0,0.044,0.0
1489984398731247616,1790945694000-632578958264631296-1489984398731247616,1790945694000,1790945946000,1,0.0,0.09,0.0
1500136074981146624,1790902794000-632578958264631296-1500136074981146624,1790902794000,1790902878000,1,0.0,0.083,0.0
1500848886552461312,1790913735000-632578958264631296-1500848886552461312,1790913735000,1790916249000,1,0.0,0.0,0.0
1500848886552461312,1790917632000-632578958264631296-1500848886552461312,1790917632000,1790917807000,1,0.0,0.0,0.0
1500848886552461312,1790920956000-632578958264631296-1500848886552461312,1790920956000,1790922071000,1,0.0,0.0,0.0
1504892206538817536,1790948794000-632578958264631296-1504892206538817536,1790948794000,1790949369000,1,0.0,0.272,0.0
1525559056574447616,1790922902000-632578958264631296-1525559056574447616,1790922902000,1790923130000,1,0.0,0.107,0.0
1526262198169501696,1790948986000-632578958264631296-1526262198169501696,1790948986000,1790949279000,1,0.0,0.104,0.0
1535700301011484672,1790916348000-632578958264631296-1535700301011484672,1790916348000,1790916588000,1,0.0,0.094,0.0
1536014505966829568,1790956868000-632578958264631296-1536014505966829568,1790956868000,1790957722000,1,0.0,0.528,0.0
1536014517601828864,1790900762000-632578958264631296-1536014517601828864,1790900762000,1790900926000,1,0.0,0.053,0.0
1536014535985463296,1790953200000-632578958264631296-1536014535985463296,1790953200000,1790953598000,1,0.0,0.248,0.0
1536014556927623168,1790939950000-632578958264631296-1536014556927623168,1790939950000,1790941729000,1,0.0,0.763,0.0
1536014563953082368,1790959251000-632578958264631296-1536014563953082368,1790959251000,1790959901000,1,0.0,0.368,0.0
1536014570613637120,1790912545000-632578958264631296-1536014570613637120,1790912545000,1790912820000,1,0.0,0.142,0.0
1536014570613637120,1790954846000-632578958264631296-1536014570613637120,1790954846000,1790955395000,1,0.0,0.359,0.0
1536014596580573184,1790952341000-632578958264631296-1536014596580573184,1790952341000,1790953125000,1,0.0,0.354,0.0
1536014603211767808,1790964949000-632578958264631296-1536014603211767808,1790964949000,1790965116000,1,0.0,0.089,0.0
1536014609964597248,1790923019000-632578958264631296-1536014609964597248,1790923019000,1790923097000,1,0.0,0.037,0.0
1536014618822967296,1790954970000-632578958264631296-1536014618822967296,1790954970000,1790955313000,1,0.0,0.175,0.0
1536014633725329408,1790951111000-632578958264631296-1536014633725329408,1790951111000,1790952189000,1,0.0,0.486,0.0
1536014633725329408,1790954796000-632578958264631296-1536014633725329408,1790954796000,1790955462000,1,0.0,0.262,0.0
1536014640524296192,1790942915000-632578958264631296-1536014640524296192,1790942915000,1790943406000,1,0.0,0.311,0.0
1536014660929585152,1790939631000-632578958264631296-1536014660929585152,1790939631000,1790939968000,1,0.0,0.164,0.0
1536014667858575360,1790955609000-632578958264631296-1536014667858575360,1790955609000,1790956598000,1,0.0,0.523,0.0
1536014688339361792,1790941456000-632578958264631296-1536014688339361792,1790941456000,1790941632000,1,0.0,0.095,0.0
1536014702105067520,1790953494000-632578958264631296-1536014702105067520,1790953494000,1790953805000,1,0.0,0.14,0.0
1536014716214706176,1790911867000-632578958264631296-1536014716214706176,1790911867000,1790912119000,1,0.0,0.115,0.0
1536014723353411584,1790914668000-632578958264631296-1536014723353411584,1790914668000,1790915053000,1,0.0,0.187,0.0
1536014737035231232,1790921802000-632578958264631296-1536014737035231232,1790921802000,1790922340000,1,0.0,0.247,0.0
1536014737035231232,1790951126000-632578958264631296-1536014737035231232,1790951126000,1790951393000,1,0.0,0.123,0.0
1536014758619119616,1790950629000-632578958264631296-1536014758619119616,1790950629000,1790951108000,1,0.0,0.249,0.0
1536393085787832320,1790946832000-632578958264631296-1536393085787832320,1790946832000,1790947151000,1,0.0,0.001,0.0
1537822792169291776,1790958353000-632578958264631296-1537822792169291776,1790958353000,1790958490000,1,0.0,0.056,0.0
1540361293100220416,1790970853000-632578958264631296-1540361293100220416,1790970853000,1790972374000,1,0.0,0.601,0.0
1540361293100220416,1790975766000-632578958264631296-1540361293100220416,1790975766000,1790976342000,1,0.0,0.238,0.0
1540361293100220416,1790977700000-632578958264631296-1540361293100220416,1790977700000,1790978512000,1,0.0,0.367,0.0
1545767666730401792,1790923809000-632578958264631296-1545767666730401792,1790923809000,1790924131000,1,0.0,0.114,0.0
1545824482457812992,1790964869000-632578958264631296-1545824482457812992,1790964869000,1790964989000,1,0.0,0.053,0.0
1570836903035404288,1790942361000-632578958264631296-1570836903035404288,1790942361000,1790943029000,1,0.0,0.336,0.0
1593330693851578368,1790955306000-632578958264631296-1593330693851578368,1790955306000,1790955823000,1,0.0,0.351,0.0
1593331058084937728,1790925629000-632578958264631296-1593331058084937728,1790925629000,1790925799000,1,0.0,0.055,0.0
1593402895116533760,1790900718000-632578958264631296-1593402895116533760,1790900718000,1790900834000,1,0.0,0.061,0.0
1593690913639497728,1790973057000-632578958264631296-1593690913639497728,1790973057000,1790973340000,1,0.0,0.137,0.0
1596928437719662592,1790906774000-632578958264631296-1596928437719662592,1790906774000,1790907191000,1,0.0,0.0,0.0
1596928437719662592,1790954023000-632578958264631296-1596928437719662592,1790954023000,1790954386000,1,0.0,0.0,0.0
1599428157243392000,1790895896000-632578958264631296-1599428157243392000,1790895896000,1790905690000,1,0.0,0.0,0.0
1599428157243392000,1790906650000-632578958264631296-1599428157243392000,1790906650000,1790906902000,1,0.0,0.0,0.0
1599428157243392000,1790906955000-632578958264631296-1599428157243392000,1790906955000,1790907353000,1,0.0,0.0,0.0
1599428157243392000,1790908288000-632578958264631296-1599428157243392000,1790908288000,1790908760000,1,0.0,0.0,0.0
1599428157243392000,1790918496000-632578958264631296-1599428157243392000,1790918496000,1790919187000,1,0.0,0.0,0.0
1599428157243392000,1790922398000-632578958264631296-1599428157243392000,1790922398000,1790922826000,1,0.0,0.0,0.0
1599428157243392000,1790926095000-632578958264631296-1599428157243392000,1790926095000,1790926293000,1,0.0,0.0,0.0
1599428157243392000,1790926487000-632578958264631296-1599428157243392000,1790926487000,1790927151000,1,0.0,0.0,0.0
1599428157243392000,1790939442000-632578958264631296-1599428157243392000,1790939442000,1790945959000,1,0.0,0.0,0.0
1599428157243392000,1790948246000-632578958264631296-1599428157243392000,1790948246000,1790957436000,1,0.0,0.0,0.0
1599428157243392000,1790957558000-632578958264631296-1599428157243392000,1790957558000,1790957803000,1,0.0,0.0,0.0
1599428157243392000,1790957812000-632578958264631296-1599428157243392000,1790957812000,1790957988000,1,0.0,0.0,0.0
1599428157243392000,1790957997000-632578958264631296-1599428157243392000,1790957997000,1790958193000,1,0.0,0.0,0.0
1599428157243392000,1790958202000-632578958264631296-1599428157243392000,1790958202000,1790958780000,1,0.0,0.0,0.0
1599428157243392000,1790958789000-632578958264631296-1599428157243392000,1790958789000,1790959103000,1,0.0,0.0,0.0
1599428157243392000,1790959115000-632578958264631296-1599428157243392000,1790959115000,1790959279000,1,0.0,0.0,0.0
1599428157243392000,1790959288000-632578958264631296-1599428157243392000,1790959288000,1790962992000,1,0.0,0.0,0.0
1599428157243392000,1790983759000-632578958264631296-1599428157243392000,1790983759000,1790985112000,1,0.0,0.0,0.0
1599428157243392000,1790985553000-632578958264631296-1599428157243392000,1790985553000,1790985683000,1,0.0,0.0,0.0
1599446545567055872,1790896685000-632578958264631296-1599446545567055872,1790896685000,1790905602000,1,0.0,0.0,0.0
1599446545567055872,1790906679000-632578958264631296-1599446545567055872,1790906679000,1790907075000,1,0.0,0.0,0.0
1599446545567055872,1790907136000-632578958264631296-1599446545567055872,1790907136000,1790907548000,1,0.0,0.0,0.0
1599446545567055872,1790908804000-632578958264631296-1599446545567055872,1790908804000,1790909072000,1,0.0,0.0,0.0
1599446545567055872,1790923023000-632578958264631296-1599446545567055872,1790923023000,1790923534000,1,0.0,0.0,0.0
1599446545567055872,1790928681000-632578958264631296-1599446545567055872,1790928681000,1790928873000,1,0.0,0.0,0.0
1599446545567055872,1790929042000-632578958264631296-1599446545567055872,1790929042000,1790929275000,1,0.0,0.0,0.0
1599446545567055872,1790929356000-632578958264631296-1599446545567055872,1790929356000,1790929812000,1,0.0,0.0,0.0
1599446545567055872,1790934236000-632578958264631296-1599446545567055872,1790934236000,1790934408000,1,0.0,0.0,0.0
1599446545567055872,1790939431000-632578958264631296-1599446545567055872,1790939431000,1790939669000,1,0.0,0.0,0.0
1599446545567055872,1790939774000-632578958264631296-1599446545567055872,1790939774000,1790945880000,1,0.0,0.0,0.0
1599446545567055872,1790948290000-632578958264631296-1599446545567055872,1790948290000,1790954879000,1,0.0,0.0,0.0
1599446545567055872,1790959492000-632578958264631296-1599446545567055872,1790959492000,1790963110000,1,0.0,0.0,0.0
1599446545567055872,1790983839000-632578958264631296-1599446545567055872,1790983839000,1790985087000,1,0.0,0.0,0.0
1599450925318012928,1790937843000-632578958264631296-1599450925318012928,1790937843000,1790938560000,1,0.0,0.0,0.0
1599470599497842688,1790947005000-632578958264631296-1599470599497842688,1790947005000,1790947168000,1,0.0,0.069,0.0
1599483307278467072,1790894241000-632578958264631296-1599483307278467072,1790894241000,1790902859000,1,0.0,0.0,0.0
1599483307278467072,1790906651000-632578958264631296-1599483307278467072,1790906651000,1790909722000,1,0.0,0.0,0.0
1599483307278467072,1790909920000-632578958264631296-1599483307278467072,1790909920000,1790910225000,1,0.0,0.0,0.0
1599483307278467072,1790911298000-632578958264631296-1599483307278467072,1790911298000,1790921002000,1,0.0,0.0,0.0
1599483307278467072,1790923208000-632578958264631296-1599483307278467072,1790923208000,1790937809000,1,0.0,0.0,0.0
1599483307278467072,1790939933000-632578958264631296-1599483307278467072,1790939933000,1790954343000,1,0.0,0.0,0.0
1599483307278467072,1790983989000-632578958264631296-1599483307278467072,1790983989000,1790986459000,1,0.0,0.0,0.0
1600618257994219520,1790982708000-632578958264631296-1600618257994219520,1790982708000,1790983573000,1,0.0,0.37,0.0
1600910667924111360,1790919308000-632578958264631296-1600910667924111360,1790919308000,1790920278000,1,0.0,0.0,0.0
1600910667924111360,1790920482000-632578958264631296-1600910667924111360,1790920482000,1790920751000,1,0.0,0.0,0.0
1600910667924111360,1790920764000-632578958264631296-1600910667924111360,1790920764000,1790921166000,1,0.0,0.0,0.0
1600910667924111360,1790921478000-632578958264631296-1600910667924111360,1790921478000,1790921757000,1,0.0,0.0,0.0
1600910667924111360,1790948900000-632578958264631296-1600910667924111360,1790948900000,1790949796000,1,0.0,0.0,0.0
1600910667924111360,1790950316000-632578958264631296-1600910667924111360,1790950316000,1790950726000,1,0.0,0.0,0.0
1600910667924111360,1790951902000-632578958264631296-1600910667924111360,1790951902000,1790952103000,1,0.0,0.0,0.0
1600910667924111360,1790952173000-632578958264631296-1600910667924111360,1790952173000,1790952456000,1,0.0,0.0,0.0
1600910667924111360,1790956567000-632578958264631296-1600910667924111360,1790956567000,1790957269000,1,0.0,0.0,0.0
1600910667924111360,1790957679000-632578958264631296-1600910667924111360,1790957679000,1790958275000,1,0.0,0.0,0.0
1600910667924111360,1790961480000-632578958264631296-1600910667924111360,1790961480000,1790962048000,1,0.0,0.0,0.0
1600910667924111360,1790963243000-632578958264631296-1600910667924111360,1790963243000,1790963721000,1,0.0,0.0,0.0
1600910667924111360,1790963733000-632578958264631296-1600910667924111360,1790963733000,1790964125000,1,0.0,0.0,0.0
1600910667924111360,1790964148000-632578958264631296-1600910667924111360,1790964148000,1790964845000,1,0.0,0.0,0.0
1600910667924111360,1790964883000-632578958264631296-1600910667924111360,1790964883000,1790965285000,1,0.0,0.0,0.0
1600910667924111360,1790965534000-632578958264631296-1600910667924111360,1790965534000,1790966137000,1,0.0,0.0,0.0
1600910667924111360,1790967214000-632578958264631296-1600910667924111360,1790967214000,1790967616000,1,0.0,0.0,0.0
1600910667924111360,1790967620000-632578958264631296-1600910667924111360,1790967620000,1790967926000,1,0.0,0.0,0.0
1600910667924111360,1790971972000-632578958264631296-1600910667924111360,1790971972000,1790972159000,1,0.0,0.0,0.0
1600910667924111360,1790977298000-632578958264631296-1600910667924111360,1790977298000,1790978110000,1,0.0,0.0,0.0
1602024532497924096,1790932769000-632578958264631296-1602024532497924096,1790932769000,1790933266000,1,0.0,0.246,0.0
1604183215143124992,1790906486000-632578958264631296-1604183215143124992,1790906486000,1790906663000,1,0.0,0.063,0.0
1606317556983922688,1790935142000-632578958264631296-1606317556983922688,1790935142000,1790935521000,1,0.0,0.197,0.0
642055098863718400,1790945716000-632578958264631296-642055098863718400,1790945716000,1790946268000,1,0.0,0.349,0.0
780067386190462976,1790917045000-632578958264631296-780067386190462976,1790917045000,1790917899000,1,0.0,0.597,0.0
780085706063085568,1790920209000-632578958264631296-780085706063085568,1790920209000,1790920511000,1,0.0,0.194,0.0
780451764301201408,1790963775000-632578958264631296-780451764301201408,1790963775000,1790964200000,1,0.0,0.35,0.0
784445514740400128,1790905948000-632578958264631296-784445514740400128,1790905948000,1790906960000,1,0.0,0.737,0.0
786329086610898944,1790920726000-632578958264631296-786329086610898944,1790920726000,1790921478000,1,0.0,0.557,0.0
786329086610898944,1790921485000-632578958264631296-786329086610898944,1790921485000,1790921888000,1,0.0,0.319,0.0
786329294770012160,1790964577000-632578958264631296-786329294770012160,1790964577000,1790965653000,1,0.0,0.784,0.0
787647951882158080,1790905307000-632578958264631296-787647951882158080,1790905307000,1790905431000,1,0.0,0.074,0.0
789852692640956416,1790957823000-632578958264631296-789852692640956416,1790957823000,1790958269000,1,0.0,0.342,0.0
790970372676648960,1790955250000-632578958264631296-790970372676648960,1790955250000,1790955414000,1,0.0,0.092,0.0
791672232936996864,1790922107000-632578958264631296-791672232936996864,1790922107000,1790923941000,1,0.0,0.576,0.0
794219272623620096,1790918117000-632578958264631296-794219272623620096,1790918117000,1790918305000,1,0.0,0.091,0.0
796706773456125952,1790957725000-632578958264631296-796706773456125952,1790957725000,1790957868000,1,0.0,0.066,0.0
800026217909583872,1790980129000-632578958264631296-800026217909583872,1790980129000,1790980869000,1,0.0,0.435,0.0
803716121332023296,1790963278000-632578958264631296-803716121332023296,1790963278000,1790963634000,1,0.0,0.25,0.0
803716121332023296,1790963781000-632578958264631296-803716121332023296,1790963781000,1790963995000,1,0.0,0.137,0.0
847126508215468032,1790911648000-632578958264631296-847126508215468032,1790911648000,1790912834000,1,0.0,0.502,0.0
860147487929794560,1790943191000-632578958264631296-860147487929794560,1790943191000,1790943532000,1,0.0,0.222,0.0
860946857210150912,1790918124000-632578958264631296-860946857210150912,1790918124000,1790918260000,1,0.0,0.058,0.0
860946857210150912,1790939560000-632578958264631296-860946857210150912,1790939560000,1790940075000,1,0.0,0.275,0.0
860946857210150912,1790940789000-632578958264631296-860946857210150912,1790940789000,1790941231000,1,0.0,0.211,0.0
861290333428776960,1790923462000-632578958264631296-861290333428776960,1790923462000,1790923841000,1,0.0,0.099,0.0
861290333428776960,1790929280000-632578958264631296-861290333428776960,1790929280000,1790929659000,1,0.0,0.129,0.0
861290333428776960,1790963784000-632578958264631296-861290333428776960,1790963784000,1790964167000,1,0.0,0.128,0.0
862287863801184256,1790939027000-632578958264631296-862287863801184256,1790939027000,1790939398000,1,0.0,0.131,0.0
862287863801184256,1790939587000-632578958264631296-862287863801184256,1790939587000,1790939958000,1,0.0,0.114,0.0
862677558196436992,1790945852000-632578958264631296-862677558196436992,1790945852000,1790946379000,1,0.0,0.699,0.0
862677844923252736,1790911903000-632578958264631296-862677844923252736,1790911903000,1790912435000,1,0.0,0.533,0.0
866686329780436992,1790903375000-632578958264631296-866686329780436992,1790903375000,1790903838000,1,0.0,0.492,0.0
869918310366445568,1790944662000-632578958264631296-869918310366445568,1790944662000,1790945176000,1,0.0,0.618,0.0
869954569466019840,1790960510000-632578958264631296-869954569466019840,1790960510000,1790960889000,1,0.0,0.131,0.0
870275474985582592,1790984581000-632578958264631296-870275474985582592,1790984581000,1790985206000,1,0.0,0.687,0.0
871764525957775360,1790898712000-632578958264631296-871764525957775360,1790898712000,1790899505000,1,0.0,0.851,0.0
873101078441230336,1790915517000-632578958264631296-873101078441230336,1790915517000,1790915721000,1,0.0,0.17,0.0
873104331912511488,1790931567000-632578958264631296-873104331912511488,1790931567000,1790931859000,1,0.0,0.24,0.0
873104331912511488,1790940042000-632578958264631296-873104331912511488,1790940042000,1790940193000,1,0.0,0.111,0.0
873822835015942144,1790920305000-632578958264631296-873822835015942144,1790920305000,1790920769000,1,0.0,0.529,0.0
873822835015942144,1790957154000-632578958264631296-873822835015942144,1790957154000,1790957567000,1,0.0,0.415,0.0
873900831743672320,1790927975000-632578958264631296-873900831743672320,1790927975000,1790928180000,1,0.0,0.137,0.0
873900831743672320,1790939001000-632578958264631296-873900831743672320,1790939001000,1790939208000,1,0.0,0.235,0.0
873900831743672320,1790964387000-632578958264631296-873900831743672320,1790964387000,1790964910000,1,0.0,0.62,0.0
873916972050415616,1790904369000-632578958264631296-873916972050415616,1790904369000,1790904703000,1,0.0,0.243,0.0
873916972050415616,1790926026000-632578958264631296-873916972050415616,1790926026000,1790926705000,1,0.0,0.681,0.0
873916972050415616,1790928766000-632578958264631296-873916972050415616,1790928766000,1790928995000,1,0.0,0.101,0.0
873916972050415616,1790934070000-632578958264631296-873916972050415616,1790934070000,1790934287000,1,0.0,0.163,0.0
893133531117518848,1790904218000-632578958264631296-893133531117518848,1790904218000,1790905355000,1,0.0,0.421,0.0
916722872880201728,1790914902000-632578958264631296-916722872880201728,1790914902000,1790915010000,1,0.0,0.017,0.0
925753337108758528,1790930215000-632578958264631296-925753337108758528,1790930215000,1790930387000,1,0.0,0.066,0.0
926578486859005952,1790929170000-632578958264631296-926578486859005952,1790929170000,1790929420000,1,0.0,0.017,0.0
926866983197081600,1790923470000-632578958264631296-926866983197081600,1790923470000,1790923731000,1,0.0,0.106,0.0
926866983197081600,1790950525000-632578958264631296-926866983197081600,1790950525000,1790950904000,1,0.0,0.232,0.0
929731076446748672,1790944962000-632578958264631296-929731076446748672,1790944962000,1790945059000,1,0.0,0.024,0.0
931855689733636096,1790960240000-632578958264631296-931855689733636096,1790960240000,1790962126000,1,0.0,1.759,0.0
931892603408875520,1790949712000-632578958264631296-931892603408875520,1790949712000,1790949979000,1,0.0,0.243,0.0
931938125880492032,1790907672000-632578958264631296-931938125880492032,1790907672000,1790907884000,1,0.0,0.086,0.0
933392054296248320,1790899290000-632578958264631296-933392054296248320,1790899290000,1790899476000,1,0.0,0.078,0.0
933392054296248320,1790904423000-632578958264631296-933392054296248320,1790904423000,1790905097000,1,0.0,0.263,0.0
933392054296248320,1790957273000-632578958264631296-933392054296248320,1790957273000,1790957478000,1,0.0,0.036,0.0
935951856658546688,1790911735000-632578958264631296-935951856658546688,1790911735000,1790911914000,1,0.0,0.333,0.0
938817698895233024,1790915445000-632578958264631296-938817698895233024,1790915445000,1790915795000,1,0.0,0.142,0.0
938817698895233024,1790916533000-632578958264631296-938817698895233024,1790916533000,1790916664000,1,0.0,0.069,0.0
939139369715892224,1790909413000-632578958264631296-939139369715892224,1790909413000,1790911727000,1,0.0,0.226,0.0
939139369715892224,1790983307000-632578958264631296-939139369715892224,1790983307000,1790983677000,1,0.0,0.124,0.0
939141093658722304,1790942057000-632578958264631296-939141093658722304,1790942057000,1790942992000,1,0.0,0.33,0.0
939545096838184960,1790958967000-632578958264631296-939545096838184960,1790958967000,1790959717000,1,0.0,0.888,0.0
939547417898909696,1790932697000-632578958264631296-939547417898909696,1790932697000,1790932898000,1,0.0,0.12,0.0
940245549137788928,1790933037000-632578958264631296-940245549137788928,1790933037000,1790933221000,1,0.0,0.029,0.0
942426738309201920,1790983957000-632578958264631296-942426738309201920,1790983957000,1790984385000,1,0.0,0.192,0.0
942427579615281152,1790913346000-632578958264631296-942427579615281152,1790913346000,1790913479000,1,0.0,0.056,0.0
942427579615281152,1790937989000-632578958264631296-942427579615281152,1790937989000,1790938419000,1,0.0,0.201,0.0
942436996423352320,1790949528000-632578958264631296-942436996423352320,1790949528000,1790949783000,1,0.0,0.001,0.0
942721856836730880,1790951642000-632578958264631296-942721856836730880,1790951642000,1790951923000,1,0.0,0.073,0.0
943458585302532096,1790901847000-632578958264631296-943458585302532096,1790901847000,1790902134000,1,0.0,0.308,0.0
943458585302532096,1790919910000-632578958264631296-943458585302532096,1790919910000,1790920202000,1,0.0,0.392,0.0
943458585302532096,1790920611000-632578958264631296-943458585302532096,1790920611000,1790920799000,1,0.0,0.116,0.0
943458585302532096,1790948854000-632578958264631296-943458585302532096,1790948854000,1790949018000,1,0.0,0.129,0.0
943819597830684672,1790970658000-632578958264631296-943819597830684672,1790970658000,1790970980000,1,0.0,0.135,0.0
943858330336493568,1790960671000-632578958264631296-943858330336493568,1790960671000,1790960912000,1,0.0,0.062,0.0
944590866851299328,1790922335000-632578958264631296-944590866851299328,1790922335000,1790922979000,1,0.0,0.291,0.0
946024601958219776,1790905911000-632578958264631296-946024601958219776,1790905911000,1790906181000,1,0.0,0.068,0.0
946024601958219776,1790909564000-632578958264631296-946024601958219776,1790909564000,1790909673000,1,0.0,0.025,0.0
946032945880104960,1790955995000-632578958264631296-946032945880104960,1790955995000,1790956165000,1,0.0,0.068,0.0
947091094921805824,1790926415000-632578958264631296-947091094921805824,1790926415000,1790926953000,1,0.0,0.223,0.0
947091094921805824,1790941147000-632578958264631296-947091094921805824,1790941147000,1790941362000,1,0.0,0.105,0.0
947091094921805824,1790943223000-632578958264631296-947091094921805824,1790943223000,1790943364000,1,0.0,0.062,0.0
947091862986948608,1790905094000-632578958264631296-947091862986948608,1790905094000,1790905586000,1,0.0,0.247,0.0
947093103351693312,1790917262000-632578958264631296-947093103351693312,1790917262000,1790917399000,1,0.0,0.028,0.0
947093723013971968,1790984889000-632578958264631296-947093723013971968,1790984889000,1790985259000,1,0.0,0.168,0.0
947093723013971968,1790985261000-632578958264631296-947093723013971968,1790985261000,1790985724000,1,0.0,0.137,0.0
947105297703370752,1790959784000-632578958264631296-947105297703370752,1790959784000,1790960812000,1,0.0,0.256,0.0
947105297703370752,1790966503000-632578958264631296-947105297703370752,1790966503000,1790966925000,1,0.0,0.106,0.0
951557397191589888,1790978784000-632578958264631296-951557397191589888,1790978784000,1790978958000,1,0.0,0.049,0.0
964172050669240320,1790908637000-632578958264631296-964172050669240320,1790908637000,1790908971000,1,0.0,0.05,0.0
964172050669240320,1790962598000-632578958264631296-964172050669240320,1790962598000,1790962771000,1,0.0,0.097,0.0
966383863687282688,1790961533000-632578958264631296-966383863687282688,1790961533000,1790962928000,1,0.0,0.417,0.0
966384365741277184,1790901981000-632578958264631296-966384365741277184,1790901981000,1790902341000,1,0.0,0.376,0.0
970288452387995648,1790955774000-632578958264631296-970288452387995648,1790955774000,1790955889000,1,0.0,0.042,0.0
996808469547843584,1790983347000-632578958264631296-996808469547843584,1790983347000,1790983664000,1,0.0,0.098,0.0
