tags,id,start_time,end_time,account_id,vehicle_id,driver_id,driver_type,trip_id,driver_session_id,distance,mileage,loss,idling_alert_fuel_consumed,ready,alert_breath_test_duration,alert_breath_test_count,alert_camera_tampered_duration,alert_camera_tampered_count,alert_distracted_driving_duration,alert_distracted_driving_count,alert_drowsiness_duration,alert_drowsiness_count,alert_emergency_recording_duration,alert_emergency_recording_count,alert_eyes_closed_duration,alert_eyes_closed_count,alert_fcw_duration,alert_fcw_count,alert_lane_departure_warning_duration,alert_lane_departure_warning_count,alert_mobile_phone_duration,alert_mobile_phone_count,alert_pcw_duration,alert_pcw_count,alert_sd_card_tampered_duration,alert_sd_card_tampered_count,alert_seatbelt_violation_duration,alert_seatbelt_violation_count,alert_tailgating_duration,alert_tailgating_count,alert_smoking_duration,alert_smoking_count,alert_idling_duration,alert_idling_count,alert_over_speed_duration,alert_over_speed_count,alert_speeding_duration,alert_speeding_count,alert_freerun_duration,alert_freerun_count,alert_over_acc_duration,alert_over_acc_count,alert_hard_brake_duration,alert_hard_brake_count,alert_unscheduled_driving_duration,alert_unscheduled_driving_count,alert_slow_running_duration,alert_slow_running_count,alert_continuous_driving_duration,alert_continuous_driving_count,alert_fuel_chori_amount,alert_fuel_chori_count,alert_def_chori_amount,alert_def_chori_count,accident_count,unresolved_alerts_count,day_driving_duration,night_driving_duration,driver_idle_duration_before_trip,vehicle_idle_duration_before_trip,total_alerts_count,gear_utilization,peak_torque_range,fuel_smart_mode,terrain,uphill_slope,engine_load,engine_hours,fuel_consumed,adblue_consumed,avg_speed,last_gear_utilization,last_two_gear_utilization,below_ptr_duration,between_ptr_duration,above_ptr_duration,alert_stoppage_duration,alert_stoppage_count,last_gear_utilization_duration,last_two_gear_utilization_duration,total_gear_utilization_duration,first_gear_pickup_count,second_gear_pickup_count,third_and_higher_gear_pickup_count
[],1268893877926887424-1784246325000,1784246325000,1784259559000,649034868264558592,1268893877926887424,1436038016010289152,verified_drivers,1784223945000-649034868264558592-1268893877926887424,,163.88,3.32,,0.0,True,0,0,0,0,0.0,0,0.0,0,0,0,0.0,0,1.825,1,0,0,0.0,0,0,0,0,0,0,0,0.0,0,0.0,0,0.0,0,2060,5,0,0,0,0,0,0,8,2,0,0,0,0,0,0,0,0,0,0,0,21,7759,5475,0.0,0,21,,,,,,36.07,3.6522222,49.355,,44.57972,,,,,,2740,13,,,,,,
[],1552709327888842752-1784246282000,1784246282000,1784247383000,649034868264558592,1552709327888842752,1409895611272003584,verified_drivers,1784217436000-649034868264558592-1552709327888842752,,20.535,3.416,,0.0,True,0,0,0,0,99.954,1,0.0,0,0,0,0.0,0,0.0,0,0,0,0.0,0,0,0,0,0,0,0,0.0,0,0.0,0,0.0,0,140,4,0,0,0,0,0,0,19,3,0,0,0,0,0,0,0,0,0,0,0,8,0,1101,0.0,1,8,,,"{'MODE_HEAVY': 0, 'MODE_LIGHT': 0, 'MODE_TURBO': 100}",,,,0.25,6.012,,67.14442,,,,,,0,0,,,,,,
[],1518565483060658176-1784246056000,1784246056000,1784264226000,649034868264558592,1518565483060658176,1409587184771530752,verified_drivers,1784213302000-649034868264558592-1518565483060658176,,192.57,2.543,,0.0,True,0,0,0,0,0.0,0,0.0,0,0,0,810.745,3,0.0,0,0,0,0.0,0,0,0,0,0,0,0,0.0,0,0.0,0,0.0,0,1940,31,0,0,0,0,0,0,13,3,0,0,0,0,0,0,0,0,0,0,0,54,12426,5744,0.0,1,54,,,,,,41.33,4.9805555,75.74,,38.15366,,,,,,17718,17,,,,,,
[],1474016264899788800-1784245759000,1784245759000,1784270787000,649034868264558592,1474016264899788800,1410721476771840000,verified_drivers,1784233174000-649034868264558592-1474016264899788800,,236.62,3.128,,2.11,True,0,0,0,0,0.0,0,0.0,0,0,0,890.681,4,68.852,33,0,0,23.111,1,0,0,0,0,0,0,0.0,0,0.0,0,3075.132,2,1280,23,0,0,0,0,0,0,4,1,0,0,0,0,0,0,0,0,0,0,0,82,18987,6041,0.0,0,82,,,,,,32.85,6.8780556,75.646,,34.03516,,,,,,6610,18,,,,,,
[],1334833501215653888-1784245275000,1784245275000,1784255443000,649034868264558592,1334833501215653888,1409886863967125504,verified_drivers,1784213206000-649034868264558592-1334833501215653888,,199.415,3.286,,0.0,True,0,0,0,0,11.134,1,0.0,0,0,0,637.427,2,0.0,0,0,0,0.0,0,0,0,0,0,0,0,0.0,0,0.0,0,0.0,0,0,0,0,0,0,0,0,0,8,2,0,0,0,0,0,0,0,0,0,0,0,8,3643,6525,0.0,1,8,,,"{'MODE_HEAVY': 0, 'MODE_LIGHT': 0, 'MODE_TURBO': 100}",,,67.79,2.8,60.695,,70.603264,,,,,,2131,3,,,,,,
[],1561408897250492416-1784245155000,1784245155000,1784257940000,649034868264558592,1561408897250492416,1409863792073900032,verified_drivers,1784245155000-649034868264558592-1561408897250492416,,178.858,3.305,,0.93,True,0,0,0,0,0.0,0,0.0,0,0,0,8.575,1,0.0,0,0,0,0.0,0,0,0,0,0,0,0,0.0,0,0.0,0,1230.922,1,4642,12,0,0,0,0,30,7,160,26,0,0,0,0,0,0,0,0,0,0,0,56,6140,6645,0.0,0,56,"{'fifth_gear_duration': 2.5301502705969616, 'first_gear_duration': 1.9559902200488997, 'ninth_gear_duration': 6.076756133073268, 'sixth_gear_duration': 1.9971978791791436, 'tenth_gear_duration': 8.065712480426363, 'third_gear_duration': 1.5521551605725117, 'eighth_gear_duration': 3.862531249141507, 'fourth_gear_duration': 1.9450015109475014, 'second_gear_duration': 1.6922612016153402, 'seventh_gear_duration': 2.060382956512184, 'twelfth_gear_duration': 60.295046839372546, 'eleventh_gear_duration': 7.966814098513778}",,,"{'up': 8.454429271294345, 'down': 8.417745485527664, 'plane': 83.127825243178}",0.4159738,43.25,3.5016668,54.124,,50.36283,60.295048,68.26186,1935750.0,5014250.0,230500.0,1735,9,5487.0,6212.0,9100.25,,,
[],1146410747421523968-1784244793000,1784244793000,1784257168000,649034868264558592,1146410747421523968,1411795285746647040,verified_drivers,1784218428000-649034868264558592-1146410747421523968,,180.56,2.712,,0.0,True,0,0,0,0,127.592,4,0.0,0,0,0,1287.404,8,22.696,11,0,0,8.405,1,0,0,0,0,0,0,0.0,0,0.0,0,0.0,0,690,17,0,0,0,0,0,0,17,3,0,0,0,0,0,0,0,0,0,0,0,46,5368,7007,0.0,0,46,,,,,,47.92,3.3805556,66.588,,52.526546,,,,,,1460,2,,,,,,
[],1268893955106275328-1784244702000,1784244702000,1784248879000,649034868264558592,1268893955106275328,1416470165637300224,verified_drivers,1784191272000-649034868264558592-1268893955106275328,,62.84,2.851,,0.0,True,0,0,0,0,0.0,0,0.0,0,0,0,63.087,2,0.0,0,0,0,0.0,0,0,0,0,0,0,0,0.0,0,0.0,0,0.0,0,440,9,0,0,0,0,0,0,13,2,0,0,0,0,0,0,0,0,0,0,0,14,0,4177,22568.0,1,14,,,,,,47.08,1.1283333,22.043,,54.159443,,,,,,1030,1,,,,,,
[],1474013287929610240-1784244618000,1784244618000,1784265004000,649034868264558592,1474013287929610240,1527010017260077056,verified_drivers,1784221535000-649034868264558592-1474013287929610240,,192.35,3.105,,0.0,True,0,0,0,0,0.0,0,0.0,0,0,0,8.86,1,1.823,1,0,0,30.673,3,0,0,0,0,0,0,0.0,0,0.0,0,0.0,0,1839,6,0,0,0,0,0,0,0,0,0,0,0,0,0,0,0,0,0,0,0,25,13204,7182,0.0,1,25,,,"{'MODE_HEAVY': 0, 'MODE_LIGHT': 0, 'MODE_TURBO': 100}",,,46.22,5.55,61.948,,33.96743,,,,,,3414,14,,,,,,
[],1494313280225673216-1784244121000,1784244121000,1784260548000,649034868264558592,1494313280225673216,1510269675487887360,verified_drivers,1784202913000-649034868264558592-1494313280225673216,,226.28,2.853,,0.77,True,0,0,0,0,0.0,0,0.0,0,0,0,1815.259,4,22.506,11,0,0,252.292,1,0,0,0,0,0,0,0.0,0,0.0,0,1510.75,1,1900,32,0,0,0,0,12,3,419,62,0,0,0,0,0,0,0,0,0,0,0,117,8748,7679,0.0,1,117,,,,,,44.47,4.523889,79.309,,49.589577,,,,,,2050,3,,,,,,
[],1334833282986016768-1784243967000,1784243967000,1784256883000,649034868264558592,1334833282986016768,,,1784243967000-649034868264558592-1334833282986016768,,140.088,4.751,,0.0,True,0,0,0,0,0.0,0,0.0,0,0,0,0.0,0,0.0,0,0,0,0.0,0,0,0,0,0,0,0,0.0,0,0.0,0,0.0,0,0,0,0,0,0,0,0,0,0,0,0,0,0,0,0,0,0,0,0,0,0,8,5083,7833,,0,8,"{'fifth_gear_duration': 14.287580280563919, 'first_gear_duration': 3.4495399108142797, 'sixth_gear_duration': 60.04390498177563, 'third_gear_duration': 6.226504612926972, 'fourth_gear_duration': 8.671962632404204, 'second_gear_duration': 7.320507581514992}",,"{'MODE_HEAVY': 0, 'MODE_LIGHT': 0, 'MODE_TURBO': 100}","{'up': 7.645538223664607, 'down': 38.11736472937821, 'plane': 54.23709704695718}",0.5959339,32.81,3.55,29.489,,39.0459,60.043903,74.33148,2335664.0,2174335.0,1879086.0,2140,8,5438.075,6732.077,9056.831,14.0,9.0,0.0
[],1476550907393998848-1784243530000,1784243530000,1784256802000,649034868264558592,1476550907393998848,1510967363699212288,verified_drivers,1784216557000-649034868264558592-1476550907393998848,,177.78,3.322,,1.09,True,0,0,0,0,0.0,0,0.0,0,0,0,0.0,0,0.0,0,0,0,7.351,1,0,0,0,0,0,0,0.0,0,0.0,0,1591.1,1,4564,12,0,0,0,0,0,0,4,1,0,0,0,0,0,0,0,0,0,0,0,24,5002,8270,0.0,0,24,,,,,,40.48,3.6358333,53.511,,48.222424,,,,,,2140,9,,,,,,
[],1186996301657538560-1784243119000,1784243119000,1784280790000,649034868264558592,1186996301657538560,,,1784243119000-649034868264558592-1186996301657538560,,489.215,2.656,,0.0,True,0,0,0,0,0.0,0,0.0,0,0,0,0.0,0,0.0,0,0,0,0.0,0,0,0,0,0,0,0,0.0,0,0.0,0,0.0,0,209,5,0,0,0,0,0,0,202,38,0,0,0,0,0,0,0,0,0,0,0,57,28990,8681,,0,57,"{'fifth_gear_duration': 2.378587588344265, 'first_gear_duration': 1.4345167789369448, 'ninth_gear_duration': 8.954576533501005, 'sixth_gear_duration': 2.8724906163333705, 'tenth_gear_duration': 12.720415997524192, 'third_gear_duration': 1.358886711018883, 'eighth_gear_duration': 6.812531256129797, 'fourth_gear_duration': 1.639164268562831, 'second_gear_duration': 1.4268524803322757, 'seventh_gear_duration': 5.115115552524714, 'twelfth_gear_duration': 39.03556573344296, 'eleventh_gear_duration': 16.251296483348767}",,,"{'up': 27.942791663063193, 'down': 32.93176511285997, 'plane': 39.12544322407685}",0.90114385,45.19,10.399722,184.191,,46.751453,39.035564,55.28686,6197136.0,13993933.0,1144085.0,11578,14,11291.555,15992.458,28926.326,,,
[],1186996301657538560-1784242665000,1784242665000,1784243116000,649034868264558592,1186996301657538560,,,1784242665000-649034868264558592-1186996301657538560,,6.14,4.522,,0.0,True,0,0,0,0,0.0,0,0.0,0,0,0,0.0,0,0.0,0,0,0,0.0,0,0,0,0,0,0,0,0.0,0,0.0,0,0.0,0,20,1,0,0,0,0,0,0,0,0,0,0,0,0,0,0,0,0,0,0,0,2,0,451,,0,2,,,,"{'up': 0, 'down': 100, 'plane': 0}",,34.63,0.11807445,1.358,,49.011086,,,,,,150,1,,,,,,
[],1552709318082560000-1784241952000,1784241952000,1784253578000,649034868264558592,1552709318082560000,1506979370760142848,verified_drivers,1784215096000-649034868264558592-1552709318082560000,,216.315,3.843,,0.0,True,0,0,0,0,0.0,0,0.0,0,0,0,6.14,1,4.217,2,0,0,0.0,0,0,0,0,0,0,0,0.0,0,0.0,0,0.0,0,4227,26,0,0,38,1,25,5,310,52,0,0,0,0,0,0,0,0,0,0,0,91,1778,9848,0.0,1,91,,,"{'MODE_HEAVY': 2.985740669784538, 'MODE_LIGHT': 0.407292873348115, 'MODE_TURBO': 96.60696645686735}",,,53.14,3.2,56.287,,66.98211,,,,,,1370,4,,,,,,
[],1537489451758911488-1784241875000,1784241875000,1784260430000,649034868264558592,1537489451758911488,1416112945288445952,verified_drivers,1784214231000-649034868264558592-1537489451758911488,,218.05,3.231,,0.0,True,0,0,0,0,0.0,0,480.578,2,0,0,1584.139,5,33.429,16,0,0,213.034,4,0,0,0,0,0,0,0.0,0,0.0,0,0.0,0,90,3,0,0,0,0,31,7,382,62,0,0,0,0,0,0,0,0,0,0,0,105,8630,9925,0.0,0,105,,,,,,49.19,5.134481,67.492,,42.305576,,,,,,2960,6,,,,,,
[],1140330319757443072-1784241813000,1784241813000,1784261207000,649034868264558592,1140330319757443072,1569113218528313344,unverified_drivers,1784203496000-649034868264558592-1140330319757443072,,252.72,2.691,,1.61,True,0,0,0,0,32.907,2,0.0,0,0,0,3155.915,3,19.169,9,0,0,60.255,1,0,0,0,0,0,0,0.0,0,0.0,0,1487.216,1,450,11,0,0,0,0,0,0,84,15,0,0,0,0,0,0,0,0,0,0,0,52,9407,9987,0.0,1,52,,,,,,44.18,5.329167,93.896,,46.911003,,,,,,3301,10,,,,,,
[],1268893773056704512-1784241448000,1784241448000,1784256217000,649034868264558592,1268893773056704512,1437134280533737472,verified_drivers,1784198610000-649034868264558592-1268893773056704512,,203.48,2.43,,1.54,True,0,0,0,0,59.005,2,0.0,0,0,0,71.698,4,17.222,8,0,0,71.551,1,0,0,0,0,0,0,0.0,0,0.0,0,1527.5,1,2370,35,0,0,0,0,0,0,28,6,0,0,0,0,0,0,0,0,0,0,0,64,4417,10352,18021.0,1,64,,,,,,51.54,4.0677776,83.732,,49.599026,,,,,,2920,7,,,,,,
[],1406272050288394240-1784241235000,1784241235000,1784269577000,649034868264558592,1406272050288394240,1510985330570821632,verified_drivers,1784241235000-649034868264558592-1406272050288394240,,389.736,2.899,,1.3,True,0,0,0,0,0.0,0,4.0,1,0,0,353.901,6,32.886,16,0,0,0.0,0,0,0,0,0,0,0,0.0,0,0.0,0,2162.2,1,3505,22,0,0,0,0,0,0,49,11,0,0,0,0,0,0,0,0,0,0,0,71,17777,10565,0.0,0,71,"{'fifth_gear_duration': 1.1231165791478137, 'first_gear_duration': 0.851732469746725, 'ninth_gear_duration': 7.1397224618271515, 'sixth_gear_duration': 1.898427687232336, 'tenth_gear_duration': 12.99919795402612, 'third_gear_duration': 0.8371039582734321, 'eighth_gear_duration': 3.688907048420373, 'fourth_gear_duration': 1.4388906543988942, 'second_gear_duration': 0.9748137386944306, 'seventh_gear_duration': 2.14358136226752, 'twelfth_gear_duration': 49.936189424090635, 'eleventh_gear_duration': 16.968316661874567}",,,"{'up': 14.064567595464824, 'down': 20.275809655224425, 'plane': 65.65962274931076}",0.49157453,44.96,7.8230557,134.425,,49.504253,49.936188,66.9045,3092800.0,10506050.0,1065300.0,5695,14,9899.5,13263.35,19824.3,,,
[],1406271868830220288-1784240831000,1784240831000,1784254230000,649034868264558592,1406271868830220288,1533468195703226368,verified_drivers,1784213688000-649034868264558592-1406271868830220288,,226.16,3.104,,0.0,True,0,0,0,0,0.0,0,0.0,0,0,0,0.0,0,29.67,14,0,0,0.0,0,0,0,0,0,0,0,0.0,0,0.0,0,0.0,0,914,22,0,0,0,0,0,0,44,9,0,0,0,0,0,0,0,0,0,0,0,46,2430,10969,0.0,0,46,,,,,,48.29,3.6894445,72.862,,60.76394,,,,,,1171,1,,,,,,
[],1494312254978392064-1784240660000,1784240660000,1784250563000,649034868264558592,1494312254978392064,1576012424828420096,unverified_drivers,1784240660000-649034868264558592-1494312254978392064,,152.08,2.766,,0.76,True,0,0,0,0,0.0,0,0.0,0,0,0,0.0,0,4.06,2,0,0,0.0,0,0,0,0,0,0,0,0.0,0,0.0,0,1303.0,1,1330,13,0,0,0,0,0,0,18,4,0,0,0,0,0,0,0,0,0,0,0,23,0,9903,0.0,0,23,,,,,,51.66,2.7280555,54.974,,55.285065,,,,,,2050,3,,,,,,
[],1536322320262496256-1784239114000,1784239114000,1784252608000,649034868264558592,1536322320262496256,1422614962454396928,verified_drivers,1784217506000-649034868264558592-1536322320262496256,,217.96,2.844,,0.0,True,0,0,0,0,0.0,0,0.0,0,0,0,16.397,1,29.042,14,0,0,0.0,0,0,0,0,0,0,0,7.722,1,0.0,0,0.0,0,1510,31,0,0,0,0,5,1,423,65,0,0,0,0,0,0,0,0,0,0,0,114,808,12686,0.0,1,114,,,,,,50.08,3.7280555,76.646,,58.14851,,,,,,210,1,,,,,,
[],1334832669606805504-1784238384000,1784238384000,1784250392000,649034868264558592,1334832669606805504,1506657089034911744,verified_drivers,1784226142000-649034868264558592-1334832669606805504,,193.52,2.727,,0.0,True,0,0,0,0,102.496,6,0.0,0,0,0,19.635,3,16.388,8,0,0,0.0,0,0,0,0,0,0,0,0.0,0,0.0,0,0.0,0,1350,21,0,0,0,0,0,0,0,0,0,0,0,0,0,0,0,0,0,0,0,40,0,12008,0.0,0,40,,,,,,52.73,3.2838888,70.954,,58.017323,,,,,,350,2,,,,,,
[],1334832578175172608-1784236256000,1784236256000,1784247870000,649034868264558592,1334832578175172608,1436711409210621952,verified_drivers,1784195675000-649034868264558592-1334832578175172608,,211.68,2.766,,0.0,True,0,0,0,0,12.613,1,0.0,0,0,0,50.112,2,8.504,4,0,0,23.616,3,0,0,0,0,0,0,0.0,0,0.0,0,0.0,0,3750,42,0,0,0,0,0,0,71,14,0,0,0,0,0,0,0,0,0,0,0,68,0,11614,0.0,0,68,,,,,,55.64,3.2125,76.533,,65.6146,,,,,,290,2,,,,,,
[],1066488795177680896-1784235754000,1784235754000,1784251275000,649034868264558592,1066488795177680896,1506931767146184704,verified_drivers,1784215846000-649034868264558592-1066488795177680896,,182.16,2.932,,1.03,True,0,0,0,0,55.091,3,0.0,0,0,0,391.934,4,10.714,5,0,0,499.246,8,0,0,0,0,0,0,0.0,0,0.0,0,1259.498,1,1180,12,0,0,0,0,0,0,29,6,0,0,0,0,0,0,0,0,0,0,0,47,0,15521,80.0,0,47,,,,,,28.19,4.2605557,62.124,,42.250885,,,,,,2900,8,,,,,,
[],687681844035977216-1784235675000,1784235675000,1784252001000,649034868264558592,687681844035977216,1574906232664227840,unverified_drivers,1784218201000-649034868264558592-687681844035977216,,229.65349,2.842,,0.0,True,0,0,0,0,31.478,2,0.0,0,0,0,189.56,5,0.0,0,0,0,321.166,9,0,0,0,0,0,0,0.0,0,0.0,0,0.0,0,61,2,0,0,0,0,0,0,37,8,0,0,0,0,0,0,0,0,0,0,0,37,201,16125,0.0,1,37,,,,,,36.91,4.522685,80.816,,50.64024,,,,,,2137,11,,,,,,
[],1494312585351135232-1784234915000,1784234915000,1784250504000,649034868264558592,1494312585351135232,1506661086542168064,verified_drivers,1784209408000-649034868264558592-1494312585351135232,,253.68,3.309,,0.0,True,0,0,0,0,0.0,0,0.0,0,0,0,13.874,2,24.817,12,0,0,7.308,1,0,0,0,0,0,0,0.0,0,0.0,0,0.0,0,4103,24,0,0,0,0,0,0,91,16,0,0,0,0,0,0,0,0,0,0,0,60,0,15589,0.0,0,60,,,,,,46.28,4.305278,76.66,,58.582848,,,,,,2311,5,,,,,,
[],1186996301657538560-1784234430000,1784234430000,1784242662000,649034868264558592,1186996301657538560,,,1784234430000-649034868264558592-1186996301657538560,,125.358,3.075,,0.0,True,0,0,0,0,0.0,0,0.0,0,0,0,0.0,0,0.0,0,0,0,0.0,0,0,0,0,0,0,0,0.0,0,0.0,0,0.0,0,90,3,0,0,0,0,0,0,61,12,0,0,0,0,0,0,0,0,0,0,0,17,0,8232,,0,17,"{'fifth_gear_duration': 1.609107037509665, 'first_gear_duration': 0.5334814654501421, 'ninth_gear_duration': 8.865870151583355, 'sixth_gear_duration': 3.771808306329288, 'tenth_gear_duration': 11.866174487606921, 'third_gear_duration': 0.8949108698563959, 'eighth_gear_duration': 6.095111511492223, 'fourth_gear_duration': 1.6406699280700592, 'second_gear_duration': 0.07457590582136633, 'seventh_gear_duration': 5.039598705292516, 'twelfth_gear_duration': 47.46153880241416, 'eleventh_gear_duration': 12.147152828573908}",,,"{'up': 35.751494306608336, 'down': 40.2160483520887, 'plane': 24.032457341302973}",0.70244986,44.69,2.253611,40.768,,54.82128,47.46154,59.608692,1082322.0,3967103.0,159519.0,430,2,3320.199,4169.96,6995.557,,,
[],1140330395766620160-1784233969000,1784233969000,1784247231000,649034868264558592,1140330395766620160,1572826992527540224,unverified_drivers,1784233969000-649034868264558592-1140330395766620160,,216.12,2.901,,0.67,True,0,0,0,0,0.0,0,0.0,0,0,0,0.0,0,2.209,1,0,0,0.0,0,0,0,0,0,0,0,0.0,0,0.0,0,1386.25,1,120,2,0,0,0,0,0,0,58,11,0,0,0,0,0,0,0,0,0,0,0,17,0,13262,0.0,0,17,,,,,,51.3,3.6555555,74.491,,58.666264,,,,,,1694,2,,,,,,
[],1474016264899788800-1784233174000,1784233174000,1784245758000,649034868264558592,1474016264899788800,1410616788265205760,verified_drivers,1784233174000-649034868264558592-1474016264899788800,,201.19,2.888,,0.0,True,0,0,0,0,0.0,0,0.0,0,0,0,0.0,0,2.299,1,0,0,0.0,0,0,0,0,0,0,0,0.0,0,0.0,0,0.0,0,2890,45,0,0,0,0,0,0,38,8,0,0,0,0,0,0,0,0,0,0,0,56,0,12584,0.0,0,56,,,,,,48.92,3.4847221,69.661,,57.555943,,,,,,1940,2,,,,,,
[],1561408916011614208-1784231310000,1784231310000,1784252810000,649034868264558592,1561408916011614208,1578946613492056064,unverified_drivers,1784231310000-649034868264558592-1561408916011614208,,396.06,3.061,,0.74,True,0,0,0,0,0.0,0,0.0,0,0,0,6.976,1,0.0,0,0,0,0.0,0,0,0,0,0,0,0,0.0,0,0.0,0,1335.25,1,8691,34,0,0,0,0,21,5,444,70,0,0,0,0,0,0,0,0,0,0,0,112,1010,20490,0.0,0,112,,,,,,52.93,5.9583335,129.376,,66.317024,,,,,,1561,1,,,,,,
[],1268894298644938752-1784229793000,1784229793000,1784247491000,649034868264558592,1268894298644938752,1532763931041333248,verified_drivers,1784229793000-649034868264558592-1268894298644938752,,291.545,3.354,,1.54,True,0,0,0,0,0.0,0,0.0,0,0,0,10.509,1,0.0,0,0,0,844.818,5,0,0,0,0,0,0,0.0,0,0.0,0,1944.413,1,40,1,0,0,0,0,0,0,29,6,0,0,0,0,0,0,0,0,0,0,0,17,0,17698,0.0,0,17,,,"{'MODE_HEAVY': 0, 'MODE_LIGHT': 0, 'MODE_TURBO': 100}",,,51.98,4.95,86.937,,59.30399,,,,,,3270,3,,,,,,
[],1494312366358134784-1784229379000,1784229379000,1784251352000,649034868264558592,1494312366358134784,1526580819693404160,verified_drivers,1784229379000-649034868264558592-1494312366358134784,,376.423,3.332,,1.3,True,0,0,0,0,0.0,0,4.017,1,0,0,8.258,1,0.0,0,0,0,0.0,0,0,0,0,0,0,0,0.0,0,0.0,0,1490.25,1,2380,47,0,0,0,0,0,0,5,1,0,0,0,0,0,0,0,0,0,0,0,57,0,21973,0.0,0,57,"{'fifth_gear_duration': 1.663758119693633, 'first_gear_duration': 0.21814102297752108, 'ninth_gear_duration': 4.831996786748106, 'sixth_gear_duration': 2.7613883464217945, 'tenth_gear_duration': 6.85457957646016, 'third_gear_duration': 1.0093350507610697, 'eighth_gear_duration': 4.243362280300826, 'fourth_gear_duration': 0.7998504175842439, 'second_gear_duration': 0.5817093946067229, 'seventh_gear_duration': 2.711181285577762, 'twelfth_gear_duration': 62.02524895777067, 'eleventh_gear_duration': 12.299448761097493}",,,"{'up': 20.92244129676874, 'down': 26.707528574726364, 'plane': 52.370030128504894}",0.5034675,49.66,6.0747223,112.96,,61.67218,62.02525,74.3247,4270000.0,7250000.0,275000.0,3024,6,8956.57,10732.635,14440.2,,,
[],1494312472553717760-1784229228000,1784229228000,1784250318000,649034868264558592,1494312472553717760,1411785459557728256,verified_drivers,1784229228000-649034868264558592-1494312472553717760,,342.46,2.735,,0.0,True,0,0,0,0,11.428,1,0.0,0,0,0,18.037,2,2.099,1,0,0,12.298,1,0,0,0,0,0,0,0.0,0,0.0,0,0.0,0,4871,50,0,0,0,0,0,0,0,0,0,0,0,0,0,0,0,0,0,0,0,61,0,21090,0.0,0,61,,,,,,52.33,5.8494444,125.2,,58.456898,,,,,,1680,6,,,,,,
[],1474013221449891840-1784229185000,1784229185000,1784249566000,649034868264558592,1474013221449891840,1568080582145998848,unverified_drivers,1784224134000-649034868264558592-1474013221449891840,,0.57,0.917,,0.59,True,0,0,0,0,0.0,0,0.0,0,0,0,0.0,0,12.45,6,0,0,0.0,0,0,0,0,0,0,0,0.0,0,0.0,0,1205.75,1,75,1,0,0,0,0,0,0,0,0,0,0,0,0,0,0,0,0,0,0,0,17,0,20381,0.0,1,17,,,"{'MODE_HEAVY': 0, 'MODE_LIGHT': 0, 'MODE_TURBO': 100}",,,17.72,0.2,0.622,,0.100682005,,,,,,3702,9,,,,,,
[],1192134868188790784-1784228688000,1784228688000,1784255052000,649034868264558592,1192134868188790784,,,1784228688000-649034868264558592-1192134868188790784,,407.052,2.782,,0.0,True,0,0,0,0,0.0,0,0.0,0,0,0,0.0,0,0.0,0,0,0,0.0,0,0,0,0,0,0,0,0.0,0,0.0,0,0.0,0,2120,33,0,0,106,2,0,0,88,17,0,0,0,0,0,0,0,0,0,0,0,60,3252,23112,,0,60,"{'fifth_gear_duration': 21.651620691660113, 'first_gear_duration': 1.549732032101398, 'sixth_gear_duration': 57.05922397111933, 'third_gear_duration': 6.037927938139222, 'fourth_gear_duration': 10.90024951816908, 'second_gear_duration': 2.801245848810858}",,"{'MODE_HEAVY': 0, 'MODE_LIGHT': 0, 'MODE_TURBO': 100}","{'up': 34.65763787277148, 'down': 38.97345021555502, 'plane': 26.368911911673486}",0.9271796,58.38,7.3,146.308,,55.582886,57.059223,78.710846,962428.0,1966838.0,12086401.0,3795,8,12610.428,17395.564,22100.596,11.0,0.0,0.0
[],1192134718468915200-1784228615000,1784228615000,1784253575000,649034868264558592,1192134718468915200,1409864666556923904,verified_drivers,1784203539000-649034868264558592-1192134718468915200,,391.475,3.326,,0.0,True,0,0,0,0,0.0,0,0.0,0,0,0,6.852,1,0.0,0,0,0,8.47,1,0,0,0,0,0,0,0.0,0,0.0,0,0.0,0,0,0,0,0,0,0,0,0,0,0,0,0,0,0,0,0,0,0,0,0,0,11,1775,23185,0.0,1,11,,,"{'MODE_HEAVY': 0, 'MODE_LIGHT': 0, 'MODE_TURBO': 100}",,,49.82,6.9,117.703,,56.46274,,,,,,6861,9,,,,,,
[],1552709337468633088-1784228351000,1784228351000,1784257389000,649034868264558592,1552709337468633088,,,1784228351000-649034868264558592-1552709337468633088,,458.2,3.086,,0.0,True,0,0,0,0,13.343,1,0.0,0,0,0,9.119,1,1.841,1,0,0,0.0,0,0,0,0,0,0,0,6.59,1,0.0,0,0.0,0,240,6,0,0,0,0,52,11,1085,165,0,0,0,0,0,0,0,0,0,0,0,195,5589,23449,,0,195,"{'fifth_gear_duration': 5.079893051858285, 'first_gear_duration': 0.707143188974357, 'sixth_gear_duration': 71.30183791920216, 'third_gear_duration': 6.480442787494317, 'fourth_gear_duration': 13.74462306239871, 'second_gear_duration': 2.6860599900721738}",,"{'MODE_HEAVY': 0.7100379312854854, 'MODE_LIGHT': 0, 'MODE_TURBO': 99.28996206871452}","{'up': 30.776469826559673, 'down': 38.771466161675704, 'plane': 30.452064011764623}",0.94906193,58.91,8.05,148.46,,56.805565,71.301834,76.38173,1337751.0,6978892.0,9215613.0,4092,9,16376.44,17543.178,22967.768,12.0,1.0,0.0
[],1146409880471470080-1784228223000,1784228223000,1784260174000,649034868264558592,1146409880471470080,1573096180949188608,unverified_drivers,1784228223000-649034868264558592-1146409880471470080,,373.037,2.488,,1.08,True,0,0,0,0,40.602,3,0.0,0,0,0,47.429,2,39.297,19,0,0,22.033,3,0,0,0,0,0,0,0.0,0,0.0,0,1525.457,1,2830,43,0,0,0,0,0,0,131,21,0,0,0,0,0,0,0,0,0,0,0,112,8374,23577,0.0,0,112,"{'fifth_gear_duration': 2.658506180961945, 'first_gear_duration': 1.577487101353925, 'ninth_gear_duration': 10.900005194085667, 'sixth_gear_duration': 3.6137851033623045, 'tenth_gear_duration': 13.225873472073133, 'third_gear_duration': 1.86900515945843, 'eighth_gear_duration': 6.8756709027320895, 'fourth_gear_duration': 2.1057688978150213, 'second_gear_duration': 1.6831001765989129, 'seventh_gear_duration': 5.202742477232592, 'twelfth_gear_duration': 33.923222757020675, 'eleventh_gear_duration': 16.364832577305307}",,,"{'up': 40.39757819815918, 'down': 39.233077336242935, 'plane': 20.369344465597887}",1.0074674,43.32,8.834444,149.942,,42.03102,33.92322,50.288055,4907100.0,10320550.0,1417600.0,6269,20,7837.35,11618.15,23103.2,,,
[],1552709347677569024-1784227663000,1784227663000,1784251888000,649034868264558592,1552709347677569024,1504479458726248448,verified_drivers,1784227663000-649034868264558592-1552709347677569024,,389.61,3.511,,0.0,True,0,0,0,0,0.0,0,0.0,0,0,0,0.0,0,4.182,2,0,0,59.687,1,0,0,0,0,0,0,0.0,0,0.0,0,0.0,0,150,5,0,0,0,0,27,6,739,117,0,0,0,0,0,0,0,0,0,0,0,136,88,24137,0.0,0,136,,,"{'MODE_HEAVY': 3.273933213635158, 'MODE_LIGHT': 1.4965926314111264, 'MODE_TURBO': 95.22947415495372}",,,52.15,6.7,110.962,,57.8987,,,,,,1640,5,,,,,,
[],1268894231850647552-1784226960000,1784226960000,1784234614000,649034868264558592,1268894231850647552,1436706812437987328,verified_drivers,1784226960000-649034868264558592-1268894231850647552,,133.143,3.08,,0.0,True,0,0,0,0,104.049,3,0.0,0,0,0,163.157,4,4.081,2,0,0,6.297,1,0,0,0,0,0,0,0.0,0,0.0,0,0.0,0,0,0,0,0,0,0,0,0,29,5,0,0,0,0,0,0,0,0,0,0,0,16,0,7654,0.0,0,16,"{'fifth_gear_duration': 13.198680427351167, 'first_gear_duration': 0.23356727156468227, 'sixth_gear_duration': 73.35846517175369, 'third_gear_duration': 3.2527814770711814, 'fourth_gear_duration': 8.162324307606998, 'second_gear_duration': 1.794181344652278}",,"{'MODE_HEAVY': 0, 'MODE_LIGHT': 0, 'MODE_TURBO': 100}","{'up': 31.003071198890197, 'down': 26.842117924414843, 'plane': 42.15481087669496}",0.5967549,54.78,2.1,43.231,,62.622784,73.35847,86.557144,186500.0,782669.0,3689911.0,1207,1,5339.335,6299.99,7278.417,1.0,1.0,0.0
[],1192134642870779904-1784226176000,1784226176000,1784254390000,649034868264558592,1192134642870779904,,,1784226176000-649034868264558592-1192134642870779904,,411.446,3.163,,0.0,True,0,0,0,0,0.0,0,0.0,0,0,0,0.0,0,0.0,0,0,0,0.0,0,0,0,0,0,0,0,0.0,0,0.0,0,0.0,0,0,0,0,0,0,0,0,0,33,7,0,0,0,0,0,0,0,0,0,0,0,17,2590,25624,,0,17,"{'fifth_gear_duration': 10.890203855815477, 'first_gear_duration': 0.4310973029038895, 'sixth_gear_duration': 79.32417609126712, 'third_gear_duration': 2.8593958640519235, 'fourth_gear_duration': 5.386056291984858, 'second_gear_duration': 1.1090705939767302}",,"{'MODE_HEAVY': 0, 'MODE_LIGHT': 0, 'MODE_TURBO': 100}","{'up': 12.102547704426705, 'down': 23.172207968206347, 'plane': 64.72524432736695}",0.5251861,49.42,7.8,130.093,,52.49896,79.32417,90.21438,1109651.0,3184825.0,10551077.0,5932,10,17803.246,20247.406,22443.656,1.0,6.0,0.0
[],1334832669606805504-1784226142000,1784226142000,1784238383000,649034868264558592,1334832669606805504,1533074527536283648,verified_drivers,1784226142000-649034868264558592-1334832669606805504,,176.92,2.71,,0.0,True,0,0,0,0,24.838,2,0.0,0,0,0,27.131,3,6.263,3,0,0,6.617,1,0,0,0,0,0,0,0.0,0,0.0,0,0.0,0,880,20,0,0,0,0,0,0,47,8,0,0,0,0,0,0,0,0,0,0,0,42,0,12241,0.0,0,42,,,,,,50.15,3.3927777,65.282,,52.031044,,,,,,1510,5,,,,,,
[],1186996414987632640-1784226082000,1784226082000,1784249068000,649034868264558592,1186996414987632640,1409579979687067648,verified_drivers,1784207936000-649034868264558592-1186996414987632640,,363.6,2.944,,0.0,True,0,0,0,0,29.367,2,0.0,0,0,0,2747.713,11,12.303,6,0,0,6.429,1,0,0,0,0,0,0,0.0,0,0.0,0,0.0,0,539,14,0,0,0,0,0,0,93,19,0,0,0,0,0,0,0,0,0,0,0,57,0,22986,0.0,0,57,,,,,,47.62,6.3630557,123.512,,56.94597,,,,,,1561,4,,,,,,
[],1140330395766620160-1784225718000,1784225718000,1784233966000,649034868264558592,1140330395766620160,1572826992527540224,unverified_drivers,1784225718000-649034868264558592-1140330395766620160,,176.896,3.719,,0.0,True,0,0,0,0,0.0,0,0.0,0,0,0,0.0,0,0.0,0,0,0,0.0,0,0,0,0,0,0,0,0.0,0,0.0,0,0.0,0,460,3,0,0,0,0,0,0,5,1,0,0,0,0,0,0,0,0,0,0,0,6,0,8248,0.0,0,6,"{'fifth_gear_duration': 0.43938294756149304, 'first_gear_duration': 0.6590744213422396, 'ninth_gear_duration': 0.8602871730292785, 'sixth_gear_duration': 0.36615245630124427, 'tenth_gear_duration': 1.5789041433401318, 'third_gear_duration': 0.2929219650409954, 'eighth_gear_duration': 0.951996386383235, 'fourth_gear_duration': 0.43938294756149304, 'second_gear_duration': 0.18752480939540359, 'seventh_gear_duration': 0.2929219650409954, 'twelfth_gear_duration': 91.57917790218596, 'eleventh_gear_duration': 2.352272882817526}",,,"{'up': 8.605828183982101, 'down': 17.149142843403617, 'plane': 74.24502897261428}",0.4668142,52.95,2.2622223,47.561,,77.2097,91.57918,93.93145,328750.0,5505450.0,42800.0,350,2,6690.5,6862.35,7305.7,,,
[],1220369221305761792-1784225712000,1784225712000,1784249310000,649034868264558592,1220369221305761792,1573863311894642688,unverified_drivers,1784225712000-649034868264558592-1220369221305761792,,346.0,2.613,,0.0,True,0,0,0,0,11.209,1,0.0,0,0,0,2097.221,11,35.133,17,0,0,239.447,6,0,0,0,0,0,0,0.0,0,0.0,0,0.0,0,259,5,0,0,0,0,4,1,5,1,0,0,0,0,0,0,0,0,0,0,0,48,0,23598,0.0,0,48,,,,,,52.26,6.541389,132.413,,52.784134,,,,,,2100,6,,,,,,
[],1474013221449891840-1784224134000,1784224134000,1784229184000,649034868264558592,1474013221449891840,1509939651622731776,verified_drivers,1784224134000-649034868264558592-1474013221449891840,,73.79,2.404,,0.0,True,0,0,0,0,0.0,0,0.0,0,0,0,6.288,1,12.923,6,0,0,44.681,1,0,0,0,0,0,0,0.0,0,0.0,0,0.0,0,0,0,0,0,0,0,0,0,0,0,0,0,0,0,0,0,0,0,0,0,0,11,0,5050,0.0,0,11,,,"{'MODE_HEAVY': 0, 'MODE_LIGHT': 0, 'MODE_TURBO': 100}",,,73.28,1.4,30.689,,52.60277,,,,,,376,3,,,,,,
[],1268893877926887424-1784223945000,1784223945000,1784246324000,649034868264558592,1268893877926887424,1571221037805207552,unverified_drivers,1784223945000-649034868264558592-1268893877926887424,,356.0,2.577,,0.0,True,0,0,0,0,0.0,0,0.0,0,0,0,603.112,1,6.704,3,0,0,6.171,1,0,0,0,0,0,0,0.0,0,0.0,0,0.0,0,1490,26,0,0,0,0,0,0,199,37,0,0,0,0,0,0,0,0,0,0,0,72,0,22379,0.0,0,72,,,,,,53.97,6.205278,138.12,,57.267975,,,,,,1970,4,,,,,,
[],1334833384924381184-1784223751000,1784223751000,1784251657000,649034868264558592,1334833384924381184,,,1784223751000-649034868264558592-1334833384924381184,,406.94,3.448,,0.0,True,0,0,0,0,0.0,0,0.0,0,0,0,0.0,0,0.0,0,0,0,0.0,0,0,0,0,0,0,0,0.0,0,0.0,0,0.0,0,0,0,0,0,86,1,0,0,35,8,0,0,0,0,0,0,0,0,0,0,0,21,0,27906,,0,21,"{'fifth_gear_duration': 13.751519583779393, 'first_gear_duration': 1.540177117570869, 'sixth_gear_duration': 66.42270853760198, 'third_gear_duration': 5.214577687942079, 'fourth_gear_duration': 9.514555000736568, 'second_gear_duration': 3.5564620723691256}",,"{'MODE_HEAVY': 0, 'MODE_LIGHT': 0, 'MODE_TURBO': 100}","{'up': 32.201766938832094, 'down': 41.37158823052349, 'plane': 26.426644830644406}",0.9829971,52.85,7.7,118.033,,52.497097,66.42271,80.174225,2240506.0,6607419.0,7117476.0,4548,12,15195.078,18340.922,22876.33,10.0,6.0,0.0
[],1268893773056704512-1784223428000,1784223428000,1784241447000,649034868264558592,1268893773056704512,1409885433533300736,verified_drivers,1784198610000-649034868264558592-1268893773056704512,,293.08,2.774,,0.0,True,0,0,0,0,158.796,2,0.0,0,0,0,234.562,2,2.095,1,0,0,19.7,3,0,0,0,0,0,0,0.0,0,0.0,0,0.0,0,4342,38,0,0,0,0,0,0,85,17,0,0,0,0,0,0,0,0,0,0,0,69,0,18019,0.0,1,69,,,,,,52.46,4.958889,105.656,,58.55419,,,,,,1876,6,,,,,,
[],1066488845387694080-1784223272000,1784223272000,1784246783000,649034868264558592,1066488845387694080,1577959835465416704,unverified_drivers,1784210482000-649034868264558592-1066488845387694080,,307.12,2.554,,2.55,True,0,0,0,0,14.801,1,0.0,0,0,0,0.0,0,6.487,3,0,0,0.0,0,0,0,0,0,0,0,0.0,0,0.0,0,2301.334,1,160,4,0,0,0,0,0,0,0,0,0,0,0,0,0,0,0,0,0,0,0,16,0,23511,0.0,0,16,,,,,,34.7,6.4688888,120.254,,47.026157,,,,,,4810,7,,,,,,
[],1186996301657538560-1784222433000,1784222433000,1784234020000,649034868264558592,1186996301657538560,,,1784222433000-649034868264558592-1186996301657538560,,171.076,3.041,,0.0,True,0,0,0,0,0.0,0,0.0,0,0,0,0.0,0,0.0,0,0,0,0.0,0,0,0,0,0,0,0,0.0,0,0.0,0,0.0,0,410,10,0,0,0,0,0,0,52,10,0,0,0,0,0,0,0,0,0,0,0,24,0,11587,,0,24,"{'fifth_gear_duration': 1.4838635253635308, 'first_gear_duration': 0.712953202436966, 'ninth_gear_duration': 10.179342601230626, 'sixth_gear_duration': 2.2247850445746296, 'tenth_gear_duration': 14.183599359137371, 'third_gear_duration': 0.8907062875861581, 'eighth_gear_duration': 5.564003004653192, 'fourth_gear_duration': 1.1423614197274972, 'second_gear_duration': 0.7569062582642146, 'seventh_gear_duration': 4.865014054328007, 'twelfth_gear_duration': 41.83771548418581, 'eleventh_gear_duration': 16.158749758512}",,,"{'up': 35.26874219839931, 'down': 41.23467214920331, 'plane': 23.496585652397386}",0.9090428,43.89,3.1761112,56.259,,53.15212,41.837715,57.996464,2157821.0,4608582.0,435414.0,1261,4,4203.47,5826.953,10047.083,,,
[],1494312254978392064-1784222211000,1784222211000,1784240656000,649034868264558592,1494312254978392064,1576012424828420096,unverified_drivers,1784222211000-649034868264558592-1494312254978392064,,315.706,2.915,,0.0,True,0,0,0,0,0.0,0,0.0,0,0,0,0.0,0,25.401,12,0,0,0.0,0,0,0,0,0,0,0,0.0,0,0.0,0,0.0,0,2579,36,0,0,0,0,0,0,18,4,0,0,0,0,0,0,0,0,0,0,0,57,0,18445,0.0,0,57,"{'fifth_gear_duration': 1.4044004348544585, 'first_gear_duration': 0.811017999465621, 'ninth_gear_duration': 6.175641647307022, 'sixth_gear_duration': 2.6395287643158625, 'tenth_gear_duration': 7.859062036106075, 'third_gear_duration': 0.7570741417029994, 'eighth_gear_duration': 3.4040434381240514, 'fourth_gear_duration': 1.1867648707776746, 'second_gear_duration': 0.7812558710448644, 'seventh_gear_duration': 2.911108186155268, 'twelfth_gear_duration': 60.93599364102364, 'eleventh_gear_duration': 11.134108969122462}",,,"{'up': 27.697896892881595, 'down': 30.607348435535048, 'plane': 41.69475467158336}",0.8670529,54.93,5.0852776,108.29,,61.61787,60.935993,72.0701,2699338.0,7325701.0,406318.0,1770,5,8189.736,9686.149,13439.899,,,
[],1268893955106275328-1784222135000,1784222135000,1784244701000,649034868264558592,1268893955106275328,1510678199879598080,verified_drivers,1784191272000-649034868264558592-1268893955106275328,,335.48,2.604,,0.0,True,0,0,0,0,182.805,3,0.0,0,0,0,11414.924,10,46.518,22,0,0,6.302,1,0,0,0,0,0,0,0.0,0,0.0,0,0.0,0,3256,55,0,0,0,0,0,0,163,30,0,0,0,0,0,0,0,0,0,0,0,126,0,22566,0.0,0,126,,,,,,51.42,6.2355556,128.854,,53.51981,,,,,,2620,5,,,,,,
[],1192134793974775808-1784221641000,1784221641000,1784273404000,649034868264558592,1192134793974775808,,,1784221641000-649034868264558592-1192134793974775808,,845.456,2.898,,0.0,True,0,0,0,0,0.0,0,0.0,0,0,0,0.0,0,0.0,0,0,0,0.0,0,0,0,0,0,0,0,0.0,0,0.0,0,0.0,0,0,0,0,0,0,0,0,0,33,8,0,0,0,0,0,0,0,0,0,0,0,22,21604,30159,,0,22,"{'fifth_gear_duration': 15.109668571998139, 'first_gear_duration': 0.6619770327102719, 'sixth_gear_duration': 73.32240220185649, 'third_gear_duration': 2.6836103600170684, 'fourth_gear_duration': 5.982641391104177, 'second_gear_duration': 2.2397004423138553}",,"{'MODE_HEAVY': 0, 'MODE_LIGHT': 0, 'MODE_TURBO': 100}","{'up': 16.021683871971792, 'down': 15.897924247252465, 'plane': 68.08039188077575}",0.49557218,55.45,14.35,291.777,,58.79956,73.3224,88.43207,2281743.0,3705706.0,23593888.0,9989,14,32249.574,38895.297,43983.246,14.0,7.0,0.0
[],1474013287929610240-1784221535000,1784221535000,1784244617000,649034868264558592,1474013287929610240,1578905091161718784,unverified_drivers,1784221535000-649034868264558592-1474013287929610240,,324.91,2.668,,0.0,True,0,0,0,0,12.496,1,0.0,0,0,0,0.0,0,17.401,8,0,0,0.0,0,0,0,0,0,0,0,0.0,0,0.0,0,0.0,0,1488,23,0,0,0,0,0,0,0,0,0,0,0,0,0,0,0,0,0,0,0,38,0,23082,0.0,0,38,,,"{'MODE_HEAVY': 0, 'MODE_LIGHT': 0, 'MODE_TURBO': 100}",,,59.48,6.4,121.772,,50.674812,,,,,,2929,6,,,,,,
[],1561408897250492416-1784221346000,1784221346000,1784244445000,649034868264558592,1561408897250492416,1409863792073900032,verified_drivers,1784221346000-649034868264558592-1561408897250492416,,504.227,4.042,,0.0,True,0,0,0,0,0.0,0,0.0,0,0,0,29.553,4,0.0,0,0,0,0.0,0,0,0,0,0,0,0,0.0,0,0.0,0,0.0,0,15720,50,0,0,0,0,30,6,203,30,0,0,0,0,0,0,0,0,0,0,0,92,0,23099,0.0,0,92,"{'fifth_gear_duration': 0.6418848296299939, 'first_gear_duration': 0.32709073693788965, 'ninth_gear_duration': 3.1504002557702004, 'sixth_gear_duration': 0.5607269776078109, 'tenth_gear_duration': 2.58106562719034, 'third_gear_duration': 0.5607269776078109, 'eighth_gear_duration': 2.3117691182076414, 'fourth_gear_duration': 0.4316122130270649, 'second_gear_duration': 0.4611241592169497, 'seventh_gear_duration': 0.9111813386126926, 'twelfth_gear_duration': 84.30948194237793, 'eleventh_gear_duration': 3.7529358238136816}",,,"{'up': 9.973780431166235, 'down': 19.681354128843214, 'plane': 70.34486543999056}",0.3913638,48.1,6.382222,124.739,,78.584236,84.30948,88.062416,1758000.0,12948750.0,223250.0,1969,2,17140.75,17903.75,20330.75,,,
[],1284477133422329856-1784221152000,1784221152000,1784252721000,649034868264558592,1284477133422329856,1510627464483700736,verified_drivers,1784212651000-649034868264558592-1284477133422329856,,588.94,3.592,,0.0,True,0,0,0,0,0.0,0,0.0,0,0,0,5993.258,7,0.0,0,0,0,0.0,0,0,0,0,0,0,0,0.0,0,0.0,0,0.0,0,0,0,0,0,0,0,0,0,11,2,0,0,0,0,0,0,0,0,0,0,0,18,921,30648,0.0,0,18,,,"{'MODE_HEAVY': 0, 'MODE_LIGHT': 0, 'MODE_TURBO': 100}",,,49.89,8.8,163.957,,67.16032,,,,,,3000,9,,,,,,
[],1494312585351135232-1784220714000,1784220714000,1784234914000,649034868264558592,1494312585351135232,1416490829605765120,verified_drivers,1784209408000-649034868264558592-1494312585351135232,,204.42,2.529,,0.0,True,0,0,0,0,33.989,2,0.0,0,0,0,446.433,3,21.43,10,0,0,273.108,2,0,0,0,0,0,0,0.0,0,0.0,0,0.0,0,1511,32,0,0,0,0,0,0,68,12,0,0,0,0,0,0,0,0,0,0,0,64,0,14200,0.0,0,64,,,,,,54.15,3.8966668,80.815,,51.824787,,,,,,1712,3,,,,,,
[],1474016042442293248-1784220576000,1784220576000,1784247672000,649034868264558592,1474016042442293248,1532724467057295360,verified_drivers,1784220576000-649034868264558592-1474016042442293248,,355.26,2.638,,0.0,True,0,0,0,0,0.0,0,0.0,0,0,0,0.0,0,14.074,7,0,0,7.299,1,0,0,0,0,0,0,0.0,0,0.0,0,0.0,0,370,10,0,0,0,0,0,0,0,0,0,0,0,0,0,0,0,0,0,0,0,24,0,27096,0.0,0,24,,,"{'MODE_HEAVY': 0, 'MODE_LIGHT': 0, 'MODE_TURBO': 100}",,,55.55,7.5,134.689,,47.200176,,,,,,2126,6,,,,,,
[],930508235230674944-1784220501000,1784220501000,1784248597000,649034868264558592,930508235230674944,1436710005964275712,verified_drivers,1784220501000-649034868264558592-930508235230674944,,0.0,0.0,,0.0,True,0,0,0,0,0.0,0,0.0,0,0,0,6.145,1,42.267,21,0,0,39.047,2,0,0,0,0,0,0,0.0,0,0.0,0,0.0,0,9177,69,0,0,0,0,0,0,0,17,0,0,0,0,0,0,0,0,0,0,0,119,0,28096,0.0,0,119,,,,,,71.64,7.819486,5.262,,0.0,,,,,,3110,9,,,,,,
[],1334833384924381184-1784219559000,1784219559000,1784222251000,649034868264558592,1334833384924381184,,,1784219559000-649034868264558592-1334833384924381184,,17.992,3.614,,0.0,True,0,0,0,0,0.0,0,0.0,0,0,0,0.0,0,0.0,0,0,0,0.0,0,0,0,0,0,0,0,0.0,0,0.0,0,0.0,0,0,0,0,0,0,0,0,0,0,0,0,0,0,0,0,0,0,0,0,0,0,2,0,2692,,0,2,"{'fifth_gear_duration': 23.14831531742214, 'first_gear_duration': 1.5853234442722488, 'sixth_gear_duration': 42.24247506025162, 'third_gear_duration': 8.113582030052504, 'fourth_gear_duration': 18.11480584377109, 'second_gear_duration': 6.795498304230396}",,"{'MODE_HEAVY': 0, 'MODE_LIGHT': 0, 'MODE_TURBO': 100}","{'up': 33.04341917510363, 'down': 0, 'plane': 66.95658082489638}",0.35220906,33.08,0.7,4.978,,24.060623,42.242474,65.39079,512665.0,394248.0,38833.0,2742,2,697.245,1079.326,1650.578,2.0,0.0,0.0
[],1561408897250492416-1784218818000,1784218818000,1784220165000,649034868264558592,1561408897250492416,,,1784218818000-649034868264558592-1561408897250492416,,12.909,2.127,,0.0,True,0,0,0,0,0.0,0,0.0,0,0,0,0.0,0,0.0,0,0,0,0.0,0,0,0,0,0,0,0,0.0,0,0.0,0,0.0,0,0,0,0,0,0,0,14,3,55,11,0,0,0,0,0,0,0,0,0,0,0,15,0,1347,,0,15,"{'fifth_gear_duration': 4.204385435526051, 'first_gear_duration': 0, 'ninth_gear_duration': 19.875276604304972, 'sixth_gear_duration': 7.362703681351841, 'tenth_gear_duration': 18.88955944477972, 'third_gear_duration': 0.38221685777509556, 'eighth_gear_duration': 16.23415811707906, 'fourth_gear_duration': 1.5288674311003823, 'second_gear_duration': 0.38221685777509556, 'seventh_gear_duration': 13.759806879903442, 'twelfth_gear_duration': 7.9259706296519825, 'eleventh_gear_duration': 9.454838060752364}",,,"{'up': 0, 'down': 50.61025223759154, 'plane': 49.38974776240846}",,38.77,0.33888888,6.07,,34.500668,7.9259706,17.380808,280000.0,402500.0,75750.0,1676,1,98.5,216.0,1242.75,,,
[],1146410747421523968-1784218428000,1784218428000,1784244792000,649034868264558592,1146410747421523968,1578329258244177920,unverified_drivers,1784218428000-649034868264558592-1146410747421523968,,389.36,2.824,,0.0,True,0,0,0,0,23.572,2,0.0,0,0,0,16.663,2,45.502,22,0,0,0.0,0,0,0,0,0,0,0,0.0,0,0.0,0,0.0,0,1899,27,0,0,0,0,0,0,136,25,0,0,0,0,0,0,0,0,0,0,0,84,0,26364,0.0,0,84,,,,,,47.13,7.318611,137.856,,53.167046,,,,,,3310,6,,,,,,
[],1268893877926887424-1784218257000,1784218257000,1784223007000,649034868264558592,1268893877926887424,1571221037805207552,unverified_drivers,1784211588000-649034868264558592-1268893877926887424,,18.68,1.417,,0.0,True,0,0,0,0,0.0,0,0.0,0,0,0,0.0,0,1.895,1,0,0,21.393,2,0,0,0,0,0,0,0.0,0,0.0,0,0.0,0,160,3,0,0,0,0,0,0,10,2,0,0,0,0,0,0,0,0,0,0,0,11,0,4750,0.0,0,11,,,,,,31.94,1.8408333,13.187,,14.157474,,,,,,2416,3,,,,,,
[],687681844035977216-1784218201000,1784218201000,1784235674000,649034868264558592,687681844035977216,1506931767146184704,verified_drivers,1784218201000-649034868264558592-687681844035977216,,182.33876,2.381,,0.0,True,0,0,0,0,0.0,0,0.0,0,0,0,247.584,4,16.855,8,0,0,64.883,2,0,0,0,0,0,0,0.0,0,0.0,0,0.0,0,0,0,0,0,0,0,0,0,21,5,0,0,0,0,0,0,0,0,0,0,0,34,0,17473,0.0,0,34,,,,,,36.5,4.847639,76.587,,37.56765,,,,,,4497,15,,,,,,
[],1537489451758911488-1784218113000,1784218113000,1784241874000,649034868264558592,1537489451758911488,1568846051606003712,unverified_drivers,1784214231000-649034868264558592-1537489451758911488,,308.275,3.139,,0.0,True,0,0,0,0,0.0,0,0.0,0,0,0,15.501,2,2.18,1,0,0,14.324,2,0,0,0,0,0,0,0.0,0,0.0,0,0.0,0,0,0,0,0,0,0,14,3,545,94,0,0,0,0,0,0,0,0,0,0,0,115,0,23761,0.0,0,115,,,,,,57.65,6.610728,98.215,,46.706367,,,,,,3860,13,,,,,,
[],1147228695027515392-1784217584000,1784217584000,1784257774000,649034868264558592,1147228695027515392,,,1784217584000-649034868264558592-1147228695027515392,,535.734,2.937,,0.0,True,0,0,0,0,0.0,0,0.0,0,0,0,0.0,0,0.0,0,0,0,0.0,0,0,0,0,0,0,0,0.0,0,0.0,0,0.0,0,150,1,0,0,0,0,0,0,130,25,0,0,0,0,0,0,0,0,0,0,0,49,5974,34216,,0,49,"{'fifth_gear_duration': 18.83098162384769, 'first_gear_duration': 1.4559064726154114, 'sixth_gear_duration': 60.421976621461305, 'third_gear_duration': 4.984471042168317, 'fourth_gear_duration': 10.394756643278141, 'second_gear_duration': 3.9119075966291392}",,"{'MODE_HEAVY': 0, 'MODE_LIGHT': 0, 'MODE_TURBO': 100}","{'up': 35.065602836879414, 'down': 31.030535855003937, 'plane': 33.90386130811665}",0.70762455,49.43,11.1,182.381,,47.988117,60.421978,79.25296,2857416.0,4451573.0,15491078.0,6210,23,18633.824,24441.201,30839.48,32.0,20.0,0.0
[],1536322320262496256-1784217506000,1784217506000,1784239113000,649034868264558592,1536322320262496256,1575246543445819392,unverified_drivers,1784217506000-649034868264558592-1536322320262496256,,307.03,2.414,,0.0,True,0,0,0,0,0.0,0,0.0,0,0,0,15.166,2,79.274,37,0,0,0.0,0,0,0,0,0,0,0,0.0,0,0.0,0,0.0,0,2880,42,0,0,0,0,44,10,791,118,0,0,0,0,0,0,0,0,0,0,0,217,0,21607,0.0,0,217,,,,,,52.77,5.987222,127.184,,51.15509,,,,,,2680,8,,,,,,
[],1552709327888842752-1784217436000,1784217436000,1784246281000,649034868264558592,1552709327888842752,1410689519094595584,verified_drivers,1784217436000-649034868264558592-1552709327888842752,,433.2,2.905,,0.0,True,0,0,0,0,23.689,2,0.0,0,0,0,36.235,3,0.0,0,0,0,434.878,8,0,0,0,0,0,0,0.0,0,0.0,0,0.0,0,230,5,0,0,44,1,42,9,1028,148,0,0,0,0,0,0,0,0,0,0,0,187,0,28845,0.0,0,187,,,"{'MODE_HEAVY': 2.242066848308067, 'MODE_LIGHT': 0.7664054350804689, 'MODE_TURBO': 96.99152771661147}",,,57.94,8.0,149.1,,54.06552,,,,,,3290,11,,,,,,
[],1494312366358134784-1784217067000,1784217067000,1784229375000,649034868264558592,1494312366358134784,1416471560167882752,verified_drivers,1784217067000-649034868264558592-1494312366358134784,,177.502,2.799,,0.0,True,0,0,0,0,0.0,0,0.0,0,0,0,0.0,0,0.0,0,0,0,0.0,0,0,0,0,0,0,0,0.0,0,0.0,0,0.0,0,270,7,0,0,0,0,0,0,5,1,0,0,0,0,0,0,0,0,0,0,0,11,0,12308,0.0,0,11,"{'fifth_gear_duration': 1.186327242774036, 'first_gear_duration': 0.5064274314672182, 'ninth_gear_duration': 8.12522243635802, 'sixth_gear_duration': 2.3838462519893366, 'tenth_gear_duration': 11.720577405614238, 'third_gear_duration': 0.7050812857996629, 'eighth_gear_duration': 4.485100401336744, 'fourth_gear_duration': 0.9988651548828559, 'second_gear_duration': 0.8337865998742046, 'seventh_gear_duration': 2.0788706164648794, 'twelfth_gear_duration': 46.206774600062225, 'eleventh_gear_duration': 20.76912057337658}",,,"{'up': 14.675795210590096, 'down': 23.059415502531266, 'plane': 62.26478928687864}",0.44334927,48.6,3.389722,63.424,,51.918037,46.206776,66.9759,1832000.0,4220500.0,389250.0,1267,3,4128.64,5984.39,8935.14,,,
[],1537489451758911488-1784217024000,1784217024000,1784218112000,649034868264558592,1537489451758911488,1578884709587353600,unverified_drivers,1784214231000-649034868264558592-1537489451758911488,,15.1,2.693,,0.0,True,0,0,0,0,0.0,0,0.0,0,0,0,0.0,0,0.0,0,0,0,0.0,0,0,0,0,0,0,0,0.0,0,0.0,0,0.0,0,0,0,0,0,0,0,0,0,16,2,0,0,0,0,0,0,0,0,0,0,0,3,0,1088,0.0,0,3,,,,,,65.53,0.30183887,5.608,,49.963234,,,,,,170,1,,,,,,
[],1334832234422599680-1784216902000,1784216902000,1784249137000,649034868264558592,1334832234422599680,1510636327136133120,verified_drivers,1784216902000-649034868264558592-1334832234422599680,,356.177,2.644,,2.01,True,0,0,0,0,0.0,0,0.0,0,0,0,2290.251,10,8.696,4,0,0,99.206,2,0,0,0,0,0,0,0.0,0,0.0,0,3531.7,2,1560,31,0,0,0,0,0,0,46,9,0,0,0,0,0,0,0,0,0,0,0,69,0,32235,0.0,0,69,"{'fifth_gear_duration': 2.5893882416879235, 'first_gear_duration': 0.9848265705945776, 'ninth_gear_duration': 11.031197131862449, 'sixth_gear_duration': 4.636398699169888, 'tenth_gear_duration': 15.772345964709286, 'third_gear_duration': 1.1621128847047273, 'eighth_gear_duration': 7.87510628413145, 'fourth_gear_duration': 2.393036526678413, 'second_gear_duration': 0.8807338645348481, 'seventh_gear_duration': 4.8548838106257834, 'twelfth_gear_duration': 29.047343554141356, 'eleventh_gear_duration': 18.7726264671593}",,,"{'up': 41.03141633509201, 'down': 36.439326216893654, 'plane': 22.529257448014338}",0.7853403,40.24,8.925834,134.725,,39.777794,29.047344,47.81997,4678200.0,9666400.0,1097400.0,6930,11,6627.5,10910.7,22816.2,,,
[],1268894298644938752-1784216754000,1784216754000,1784227722000,649034868264558592,1268894298644938752,1506937351476084736,verified_drivers,1784213888000-649034868264558592-1268894298644938752,,146.965,3.183,,0.0,True,0,0,0,0,185.693,7,0.0,0,0,0,484.839,5,0.0,0,0,0,0.0,0,0,0,0,0,0,0,0.0,0,0.0,0,0.0,0,0,0,0,0,0,0,0,0,10,2,0,0,0,0,0,0,0,0,0,0,0,20,0,10968,0.0,0,20,,,"{'MODE_HEAVY': 0, 'MODE_LIGHT': 0, 'MODE_TURBO': 100}",,,51.07,3.0,46.167,,48.237965,,,,,,3949,6,,,,,,
[],1552709347677569024-1784216657000,1784216657000,1784226055000,649034868264558592,1552709347677569024,,,1784216657000-649034868264558592-1552709347677569024,,61.757,2.444,,0.0,True,0,0,0,0,0.0,0,0.0,0,0,0,0.0,0,2.035,1,0,0,0.0,0,0,0,0,0,0,0,0.0,0,0.0,0,0.0,0,0,0,0,0,0,0,15,3,110,23,0,0,0,0,0,0,0,0,0,0,0,36,0,9398,,0,36,"{'fifth_gear_duration': 10.356770610394728, 'first_gear_duration': 2.0264380133382587, 'sixth_gear_duration': 24.08206616765061, 'third_gear_duration': 19.213211944806883, 'fourth_gear_duration': 38.07279780655894, 'second_gear_duration': 6.248715457250584}",,"{'MODE_HEAVY': 3.971259592423965, 'MODE_LIGHT': 0.41560102414584016, 'MODE_TURBO': 95.6131393834302}","{'up': 58.3144709746592, 'down': 24.913630252386863, 'plane': 16.771898772953932}",0.84206253,40.51,2.6,25.269,,23.65665,24.082066,34.438835,743152.0,1889469.0,1516283.0,4785,9,1445.907,2067.736,6004.082,8.0,0.0,0.0
[],1476550907393998848-1784216557000,1784216557000,1784243529000,649034868264558592,1476550907393998848,1410696905196830720,verified_drivers,1784216557000-649034868264558592-1476550907393998848,,496.66,3.572,,0.0,True,0,0,0,0,0.0,0,0.0,0,0,0,9.014,1,0.0,0,0,0,0.0,0,0,0,0,0,0,0,0.0,0,0.0,0,0.0,0,15191,43,0,0,0,0,0,0,36,8,0,0,0,0,0,0,0,0,0,0,0,61,0,26972,0.0,0,61,,,,,,47.18,7.4227777,139.051,,66.29008,,,2129400.0,13802100.0,239200.0,3858,9,,,,,,
[],1334833282986016768-1784216327000,1784216327000,1784243616000,649034868264558592,1334833282986016768,,,1784216327000-649034868264558592-1334833282986016768,,376.924,3.316,,0.0,True,0,0,0,0,0.0,0,0.0,0,0,0,0.0,0,0.0,0,0,0,0.0,0,0,0,0,0,0,0,0.0,0,0.0,0,0.0,0,0,0,0,0,0,0,0,0,24,5,0,0,0,0,0,0,0,0,0,0,0,21,0,27289,,0,21,"{'fifth_gear_duration': 13.983088298993435, 'first_gear_duration': 2.192086306478798, 'sixth_gear_duration': 63.4256952143461, 'third_gear_duration': 5.932947550917686, 'fourth_gear_duration': 10.424130372085934, 'second_gear_duration': 4.042052257178042}",,"{'MODE_HEAVY': 0, 'MODE_LIGHT': 0, 'MODE_TURBO': 100}","{'up': 45.29489251477782, 'down': 26.706369412650293, 'plane': 27.998738072571882}",0.7421449,51.56,7.55,113.678,,49.7243,63.425694,77.40878,2777585.0,7045259.0,6348922.0,3804,16,14459.679,17647.52,22797.824,15.0,10.0,0.0
[],682178685842751488-1784216147000,1784216147000,1784253053000,649034868264558592,682178685842751488,1570194586066747392,unverified_drivers,1784216147000-649034868264558592-682178685842751488,,514.646,3.133,,4.27,True,0,0,0,0,0.0,0,0.0,0,0,0,143.533,6,6.493,3,0,0,187.943,12,0,0,0,0,0,0,0.0,0,0.0,0,3812.142,2,315,10,0,0,0,0,0,0,52,11,0,0,0,0,0,0,0,0,0,0,0,60,1253,35653,0.0,0,60,"{'fifth_gear_duration': 2.1694281051101054, 'first_gear_duration': 1.3680092253739908, 'ninth_gear_duration': 6.824775816040145, 'sixth_gear_duration': 2.4627554371578633, 'tenth_gear_duration': 6.343612213776109, 'third_gear_duration': 1.6360752965977425, 'eighth_gear_duration': 3.90755120304637, 'fourth_gear_duration': 1.8749514932967455, 'second_gear_duration': 0.9637786853475758, 'seventh_gear_duration': 3.5347037845874256, 'twelfth_gear_duration': 54.466547602503965, 'eleventh_gear_duration': 14.447811137161962}",,,"{'up': 19.240310590336655, 'down': 25.390305215370763, 'plane': 55.36938419429258}",0.5460202,34.71,,164.288,,50.201202,54.46655,68.91436,1731128.0,15581239.0,550399.0,8226,16,11895.366,15050.734,21839.766,,,
[],1066488795177680896-1784215846000,1784215846000,1784235753000,649034868264558592,1066488795177680896,1574906232664227840,unverified_drivers,1784215846000-649034868264558592-1066488795177680896,,182.16,2.932,,3.86,True,0,0,0,0,24.888,2,0.0,0,0,0,14.169,2,6.475,3,0,0,682.744,12,0,0,0,0,0,0,0.0,0,0.0,0,3288.17,2,810,13,0,0,0,0,0,0,12,3,0,0,0,0,0,0,0,0,0,0,0,47,0,19907,0.0,0,47,,,,,,28.19,4.2605557,62.124,,32.94198,,,,,,5541,10,,,,,,
[],1146409880471470080-1784215792000,1784215792000,1784228220000,649034868264558592,1146409880471470080,1416450480665526272,verified_drivers,1784215792000-649034868264558592-1146409880471470080,,185.698,2.549,,0.0,True,0,0,0,0,0.0,0,0.0,0,0,0,18.549,2,23.616,11,0,0,0.0,0,0,0,0,0,0,0,0.0,0,0.0,0,0.0,0,2110,34,0,0,0,0,0,0,50,9,0,0,0,0,0,0,0,0,0,0,0,61,0,12428,0.0,0,61,"{'fifth_gear_duration': 1.683006367854167, 'first_gear_duration': 0.7154834528377586, 'ninth_gear_duration': 7.170779882107256, 'sixth_gear_duration': 2.2951022045737446, 'tenth_gear_duration': 11.709547666320328, 'third_gear_duration': 1.1727550485047373, 'eighth_gear_duration': 4.471900171798327, 'fourth_gear_duration': 1.6336272079171252, 'second_gear_duration': 1.0215313711975476, 'seventh_gear_duration': 3.6890347402964805, 'twelfth_gear_duration': 44.813645107862605, 'eleventh_gear_duration': 19.623586778729926}",,,"{'up': 45.9921726969232, 'down': 18.70206622755571, 'plane': 35.3057610755211}",0.67899245,53.12,3.423889,72.863,,53.79086,44.813644,64.43723,1835800.0,5467100.0,510300.0,880,5,4356.2,6263.75,9720.7,,,
[],1537489444636983296-1784215570000,1784215570000,1784253642000,649034868264558592,1537489444636983296,1568754963046203392,unverified_drivers,1784215570000-649034868264558592-1537489444636983296,,512.226,3.523,,3.33,True,0,0,0,0,0.0,0,8.052,2,0,0,13.657,2,62.089,30,0,0,246.883,5,0,0,0,0,0,0,0.0,0,0.0,0,4366.857,2,0,0,0,0,48,1,0,0,425,62,0,0,0,0,0,0,0,0,0,0,0,116,1842,36230,0.0,0,116,"{'fifth_gear_duration': 15.13672285674406, 'first_gear_duration': 1.656395168908027, 'sixth_gear_duration': 65.9998592610234, 'third_gear_duration': 5.444146177276797, 'fourth_gear_duration': 7.819546774823715, 'second_gear_duration': 3.9433297612239944}",,,"{'up': 14.778105662413232, 'down': 25.432630606622908, 'plane': 59.78926373096386}",0.51880443,54.28,,145.409,,48.434902,65.99986,81.13658,4784001.0,9678606.0,7333994.0,7490,12,18786.227,23094.75,28464.041,24.0,8.0,0.0
[],682178375686553600-1784215556000,1784215556000,1784251611000,649034868264558592,682178375686553600,1411793915907932160,verified_drivers,1784215556000-649034868264558592-682178375686553600,,511.737,2.847,,4.51,True,0,0,0,0,40.733,3,7.321,2,0,0,35.368,4,32.822,16,0,0,290.17,7,0,0,0,0,0,0,0.0,0,0.0,0,3754.0,2,334,7,0,0,0,0,0,1,0,11,0,0,0,0,0,0,0,0,0,0,0,70,0,36055,0.0,0,70,"{'fifth_gear_duration': 1.1803955907869534, 'first_gear_duration': 0.9981031419455156, 'ninth_gear_duration': 4.561701026521357, 'sixth_gear_duration': 1.6417872515427856, 'tenth_gear_duration': 7.305329454901679, 'third_gear_duration': 1.635549106905626, 'eighth_gear_duration': 4.090374542824863, 'fourth_gear_duration': 1.4373147328803362, 'second_gear_duration': 0.6392943041118615, 'seventh_gear_duration': 3.1361694557334325, 'twelfth_gear_duration': 61.35862169349454, 'eleventh_gear_duration': 12.015359698351052}",,,"{'up': 25.629512658819614, 'down': 15.758022793147516, 'plane': 58.612464548032875}",0.5660421,39.88,,179.74,,51.09564,61.358624,73.37398,2586250.0,15245150.0,211850.0,10079,17,13278.65,15878.9,21641.05,,,
[],1537489465788858368-1784215516000,1784215516000,1784254863000,649034868264558592,1537489465788858368,1578582817724432384,unverified_drivers,1784215516000-649034868264558592-1537489465788858368,,571.034,3.534,,0.0,True,0,0,0,0,59.678,2,0.0,0,0,0,96.868,1,389.257,188,0,0,0.0,0,0,0,0,0,0,0,39.843,3,0.0,0,0.0,0,30,1,0,0,0,0,59,13,1025,155,0,0,0,0,0,0,0,0,0,0,0,375,3063,36284,0.0,0,375,"{'fifth_gear_duration': 20.69701564474172, 'first_gear_duration': 1.1873589334397017, 'sixth_gear_duration': 56.06068194251296, 'third_gear_duration': 7.103467018509152, 'fourth_gear_duration': 11.217535074672409, 'second_gear_duration': 3.733941386124063}",,,"{'up': 33.38361067847091, 'down': 42.947600440837604, 'plane': 23.668788880691487}",0.87580276,56.06,,161.561,,52.245975,56.06068,76.7577,4632677.0,13870892.0,5536518.0,3350,12,18951.045,25947.572,33804.52,22.0,4.0,0.0
[],1334833185816576000-1784215378000,1784215378000,1784254286000,649034868264558592,1334833185816576000,,,1784215378000-649034868264558592-1334833185816576000,,644.991,3.621,,0.0,True,0,0,0,0,0.0,0,0.0,0,0,0,0.0,0,0.0,0,0,0,0.0,0,0,0,0,0,0,0,0.0,0,0.0,0,0.0,0,20,1,0,0,0,0,0,0,40,8,0,0,0,0,0,0,0,0,0,0,0,22,2486,36422,,0,22,"{'fifth_gear_duration': 9.396973595394966, 'first_gear_duration': 0.9817629602935016, 'sixth_gear_duration': 80.85824308792773, 'third_gear_duration': 2.499269563818909, 'fourth_gear_duration': 4.852353225493943, 'second_gear_duration': 1.411397567070938}",,"{'MODE_HEAVY': 0, 'MODE_LIGHT': 0, 'MODE_TURBO': 100}","{'up': 8.669713782588717, 'down': 15.51860316062747, 'plane': 75.81168305678382}",0.45996752,54.79,10.75,178.104,,59.67841,80.858246,90.25522,1468422.0,7562663.0,13225605.0,6417,13,26224.492,29272.182,32432.676,24.0,6.0,0.0
[],1268894298644938752-1784215214000,1784215214000,1784216753000,649034868264558592,1268894298644938752,1532763931041333248,verified_drivers,1784213888000-649034868264558592-1268894298644938752,,2.055,1.114,,0.0,True,0,0,0,0,0.0,0,0.0,0,0,0,7.92,1,0.0,0,0,0,0.0,0,0,0,0,0,0,0,0.0,0,0.0,0,0.0,0,0,0,0,0,0,0,0,0,0,0,0,0,0,0,0,0,0,0,0,0,0,2,0,1539,0.0,0,2,,,"{'MODE_HEAVY': 0, 'MODE_LIGHT': 0, 'MODE_TURBO': 100}",,,38.84,0.4,1.844,,4.8070173,,,,,,1020,1,,,,,,
[],1561408916011614208-1784215181000,1784215181000,1784230388000,649034868264558592,1561408916011614208,1409860718357905408,verified_drivers,1784215181000-649034868264558592-1561408916011614208,,181.932,3.087,,0.72,True,0,0,0,0,0.0,0,0.0,0,0,0,0.0,0,0.0,0,0,0,0.0,0,0,0,0,0,0,0,0.0,0,0.0,0,1509.75,1,4537,4,0,0,0,0,4,1,133,22,0,0,0,0,0,0,0,0,0,0,0,35,0,15207,0.0,0,35,"{'fifth_gear_duration': 1.7409988791626394, 'first_gear_duration': 3.050087700299144, 'ninth_gear_duration': 7.443442046810341, 'sixth_gear_duration': 2.747369821058579, 'tenth_gear_duration': 9.910084977791248, 'third_gear_duration': 1.598467583504727, 'eighth_gear_duration': 5.173057952506103, 'fourth_gear_duration': 2.190193151584123, 'second_gear_duration': 2.180056985176003, 'seventh_gear_duration': 2.7830514704374507, 'twelfth_gear_duration': 53.463883511035235, 'eleventh_gear_duration': 7.719305920634404}",,,"{'up': 11.220640777836365, 'down': 8.286768581971529, 'plane': 80.49259064019209}",0.38769048,41.5,4.196944,58.93,,43.069324,53.463882,61.18319,2344078.0,5729788.0,121096.0,4570,7,5475.0,6265.5,10240.558,,,
[],1552709318082560000-1784215096000,1784215096000,1784241951000,649034868264558592,1552709318082560000,1410601487549071360,verified_drivers,1784215096000-649034868264558592-1552709318082560000,,353.25,3.017,,1.24,True,0,0,0,0,37.855,1,0.0,0,0,0,6.108,1,33.616,16,0,0,9.288,1,0,0,0,0,0,0,0.0,0,0.0,0,1523.5,1,3090,43,0,0,50,1,56,13,621,94,0,0,0,0,0,0,0,0,0,0,0,182,0,26855,0.0,0,182,,,"{'MODE_HEAVY': 0.9712261104181796, 'MODE_LIGHT': 0.35331377463980346, 'MODE_TURBO': 98.67546011494201}",,,53.57,7.45,117.088,,47.35431,,,,,,5630,11,,,,,,
[],1494312472553717760-1784214840000,1784214840000,1784227759000,649034868264558592,1494312472553717760,1532715824047980544,verified_drivers,1784214840000-649034868264558592-1494312472553717760,,79.775,1.816,,1.41,True,0,0,0,0,12.751,1,0.0,0,0,0,40.347,1,0.0,0,0,0,0.0,0,0,0,0,0,0,0,0.0,0,0.0,0,1718.5,1,20,1,0,0,0,0,0,0,0,0,0,0,0,0,0,0,0,0,0,0,0,15,0,12919,0.0,0,15,"{'fifth_gear_duration': 4.344419020154844, 'first_gear_duration': 3.1815189794063254, 'ninth_gear_duration': 22.248691345641475, 'sixth_gear_duration': 4.099927906466476, 'tenth_gear_duration': 20.668902611039712, 'third_gear_duration': 2.48565965583174, 'eighth_gear_duration': 12.117982634861924, 'fourth_gear_duration': 3.5513901513964203, 'second_gear_duration': 3.049869918189512, 'seventh_gear_duration': 7.6889320753534145, 'twelfth_gear_duration': 3.9588753408770336, 'eleventh_gear_duration': 12.603830360781117}",,,"{'up': 18.636690462739445, 'down': 6.057726875866679, 'plane': 75.30558266139387}",0.50558686,37.72,3.5227778,43.923,,22.23005,3.9588754,16.562706,2448750.0,2638750.0,510000.0,4939,11,315.75,1321.0,7975.75,,,
[],1474013563159838720-1784214632000,1784214632000,1784266416000,649034868264558592,1474013563159838720,,,1784214632000-649034868264558592-1474013563159838720,,616.292,2.547,,0.96,True,0,0,0,0,0.0,0,0.0,0,0,0,0.0,0,0.0,0,0,0,0.0,0,0,0,0,0,0,0,0.0,0,0.0,0,1668.419,1,4221,48,0,0,0,0,0,0,0,0,0,0,0,0,0,0,0,0,0,0,0,75,14616,37168,,0,75,"{'fifth_gear_duration': 11.762009342426495, 'first_gear_duration': 3.2118124489733786, 'sixth_gear_duration': 48.37906566675751, 'third_gear_duration': 9.564078198686506, 'fourth_gear_duration': 21.201697115549184, 'second_gear_duration': 5.881337227606928}",,"{'MODE_HEAVY': 0, 'MODE_LIGHT': 0, 'MODE_TURBO': 100}","{'up': 31.38802419058999, 'down': 37.2498052245246, 'plane': 31.362170584885423}",0.91887665,53.66,14.35,241.984,,42.844337,48.379066,60.141075,4960591.0,7618837.0,15753177.0,10324,26,16875.248,20977.99,34881.3,53.0,13.0,0.0
[],1406272050288394240-1784214528000,1784214528000,1784241122000,649034868264558592,1406272050288394240,1410708308137869312,verified_drivers,1784197066000-649034868264558592-1406272050288394240,,589.92,4.227,,0.0,True,0,0,0,0,0.0,0,0.0,0,0,0,0.0,0,14.388,7,0,0,0.0,0,0,0,0,0,0,0,0.0,0,0.0,0,0.0,0,15990,27,0,0,0,0,0,0,19,4,0,0,0,0,0,0,0,0,0,0,0,39,0,26594,0.0,0,39,,,,,,46.29,7.3319445,139.576,,79.85681,,,,,,180,1,,,,,,
[],1268894095296692224-1784214363000,1784214363000,1784214560000,649034868264558592,1268894095296692224,,,1784214363000-649034868264558592-1268894095296692224,,0.016,0.168,,0.0,True,0,0,0,0,0.0,0,0.0,0,0,0,0.0,0,0.0,0,0,0,0.0,0,0,0,0,0,0,0,0.0,0,0.0,0,0.0,0,0,0,0,0,0,0,0,0,0,0,0,0,0,0,0,0,0,0,0,0,0,0,0,197,,2529,0,,,,,,,0.046319444,0.095,,0.2923858,,,,,,0,0,,,,,,
[],1537489451758911488-1784214231000,1784214231000,1784217023000,649034868264558592,1537489451758911488,1568846051606003712,unverified_drivers,1784214231000-649034868264558592-1537489451758911488,,29.61,2.953,,0.0,True,0,0,0,0,0.0,0,0.0,0,0,0,8.401,1,1.948,1,0,0,0.0,0,0,0,0,0,0,0,0.0,0,0.0,0,0.0,0,0,0,0,0,0,0,13,3,71,10,0,0,0,0,0,0,0,0,0,0,0,16,0,2792,0.0,0,16,,,,,,54.64,0.7740611,10.029,,38.179085,,,,,,100,1,,,,,,
[],1334832578175172608-1784214125000,1784214125000,1784236255000,649034868264558592,1334832578175172608,1416163404732694528,verified_drivers,1784195675000-649034868264558592-1334832578175172608,,316.06,2.895,,0.0,True,0,0,0,0,178.578,4,0.0,0,0,0,21.561,3,0.0,0,0,0,6.286,1,0,0,0,0,0,0,0.0,0,0.0,0,0.0,0,690,14,0,0,0,0,0,0,39,8,0,0,0,0,0,0,0,0,0,0,0,37,0,22130,0.0,0,37,,,,,,45.39,6.113333,109.168,,51.415092,,,,,,1820,7,,,,,,
[],1474013221449891840-1784214095000,1784214095000,1784222309000,649034868264558592,1474013221449891840,1509939651622731776,verified_drivers,1784214095000-649034868264558592-1474013221449891840,,84.036,2.986,,1.51,True,0,0,0,0,0.0,0,0.0,0,0,0,0.0,0,10.549,5,0,0,0.0,0,0,0,0,0,0,0,0.0,0,0.0,0,1580.081,1,50,1,0,0,0,0,0,0,0,0,0,0,0,0,0,0,0,0,0,0,0,11,0,8214,0.0,0,11,"{'fifth_gear_duration': 15.404011770866244, 'first_gear_duration': 2.0489353810735293, 'sixth_gear_duration': 54.93375919176924, 'third_gear_duration': 5.539217478139171, 'fourth_gear_duration': 18.191687984035433, 'second_gear_duration': 3.882388194116383}",,"{'MODE_HEAVY': 0, 'MODE_LIGHT': 0, 'MODE_TURBO': 100}","{'up': 30.386594371548263, 'down': 58.24579501566254, 'plane': 11.367610612789186}",0.36025953,51.81,2.25,28.144,,36.83097,54.933758,70.33777,570503.0,1662006.0,1295578.0,2876,4,2359.411,3021.015,4295.011,2.0,2.0,0.0
[],1268894298644938752-1784213888000,1784213888000,1784215213000,649034868264558592,1268894298644938752,1506937351476084736,verified_drivers,1784213888000-649034868264558592-1268894298644938752,,2.965,1.607,,0.0,True,0,0,0,0,0.0,0,0.0,0,0,0,0.0,0,0.0,0,0,0,0.0,0,0,0,0,0,0,0,0.0,0,0.0,0,0.0,0,0,0,0,0,0,0,0,0,0,0,0,0,0,0,0,0,0,0,0,0,0,0,0,1325,0.0,0,0,,,"{'MODE_HEAVY': 0, 'MODE_LIGHT': 0, 'MODE_TURBO': 100}",,,39.35,0.3,1.845,,8.055849,,,,,,0,0,,,,,,
[],1406271868830220288-1784213688000,1784213688000,1784240830000,649034868264558592,1406271868830220288,1571808056218484736,unverified_drivers,1784213688000-649034868264558592-1406271868830220288,,530.52,3.69,,0.0,True,0,0,0,0,66.657,3,0.0,0,0,0,44.124,2,0.0,0,0,0,26.854,1,0,0,0,0,0,0,0.0,0,5.342,1,0.0,0,9112,26,0,0,0,0,0,0,8,2,0,0,0,0,0,0,0,0,0,0,0,42,0,27142,0.0,0,42,,,,,,48.74,7.519722,143.789,,70.36593,,,,,,2381,7,,,,,,
[],1289228109731594240-1784213683000,1784213683000,1784214053000,649034868264558592,1289228109731594240,,,1784213683000-649034868264558592-1289228109731594240,,0.036,0.101,,0.0,True,0,0,0,0,0.0,0,0.0,0,0,0,0.0,0,0.0,0,0,0,0.0,0,0,0,0,0,0,0,0.0,0,0.0,0,0.0,0,0,0,0,0,0,0,0,0,0,0,0,0,0,0,0,0,0,0,0,0,0,0,0,370,,2211,0,,,,,,25.5,,0.356,,0.35027027,,,,,,0,0,,,,,,
[],1552709347677569024-1784213517000,1784213517000,1784216649000,649034868264558592,1552709347677569024,1504473550948401152,verified_drivers,1784213517000-649034868264558592-1552709347677569024,,11.308,2.892,,0.0,True,0,0,0,0,0.0,0,0.0,0,0,0,0.0,0,0.0,0,0,0,0.0,0,0,0,0,0,0,0,0.0,0,0.0,0,0.0,0,0,0,0,0,0,0,4,1,6,1,0,0,0,0,0,0,0,0,0,0,0,6,0,3132,0.0,0,6,"{'fifth_gear_duration': 15.109350220704403, 'first_gear_duration': 7.231386844335552, 'sixth_gear_duration': 5.208874458228985, 'third_gear_duration': 21.595691954979998, 'fourth_gear_duration': 39.10025604215958, 'second_gear_duration': 11.754440479591477}",,"{'MODE_HEAVY': 2.8092044988883154, 'MODE_LIGHT': 0, 'MODE_TURBO': 97.19079550111168}","{'up': 0, 'down': 0, 'plane': 100}",,27.73,0.85,3.911,,12.997701,5.208874,20.318224,495415.0,510511.0,154665.0,1250,4,87.336,340.671,1676.677,8.0,0.0,0.0
[],1518565483060658176-1784213302000,1784213302000,1784246055000,649034868264558592,1518565483060658176,1577418488006311936,unverified_drivers,1784213302000-649034868264558592-1518565483060658176,,598.95,3.354,,0.0,True,0,0,0,0,0.0,0,0.0,0,0,0,0.0,0,12.871,6,0,0,7.392,1,0,0,0,0,0,0,0.0,0,0.0,0,0.0,0,12199,117,0,0,0,0,0,0,63,13,0,0,0,0,0,0,0,0,0,0,0,143,0,32753,0.0,0,143,,,,,,49.79,9.078611,178.583,,65.83275,,,,,,2640,6,,,,,,
[],1334833501215653888-1784213206000,1784213206000,1784245274000,649034868264558592,1334833501215653888,1410636289497104384,verified_drivers,1784213206000-649034868264558592-1334833501215653888,,522.365,3.394,,0.0,True,0,0,0,0,11.222,1,0.0,0,0,0,3181.803,11,0.0,0,0,0,12.758,2,0,0,0,0,0,0,0.0,0,0.0,0,0.0,0,0,0,0,0,0,0,0,0,25,4,0,0,0,0,0,0,0,0,0,0,0,27,0,32068,0.0,0,27,,,"{'MODE_HEAVY': 0, 'MODE_LIGHT': 0, 'MODE_TURBO': 100}",,,56.72,8.9,153.918,,58.64145,,,,,,3932,9,,,,,,
[],1192134642870779904-1784212935000,1784212935000,1784224698000,649034868264558592,1192134642870779904,,,1784212935000-649034868264558592-1192134642870779904,,112.574,3.018,,0.84,True,0,0,0,0,0.0,0,0.0,0,0,0,0.0,0,0.0,0,0,0,0.0,0,0,0,0,0,0,0,0.0,0,0.0,0,1640.504,1,0,0,0,0,0,0,0,0,4,1,0,0,0,0,0,0,0,0,0,0,0,9,0,11763,,0,9,"{'fifth_gear_duration': 13.476041909615349, 'first_gear_duration': 2.340972347424898, 'sixth_gear_duration': 62.93879965579738, 'third_gear_duration': 7.201073860228366, 'fourth_gear_duration': 11.247364917203088, 'second_gear_duration': 2.7957473097309156}",,"{'MODE_HEAVY': 0, 'MODE_LIGHT': 0, 'MODE_TURBO': 100}","{'up': 27.433611710612755, 'down': 27.077976916580642, 'plane': 45.48841137280661}",0.37824073,43.0,3.2,37.296,,34.45264,62.9388,76.41484,1110675.0,2442098.0,1957665.0,3512,7,5040.917,6120.245,8009.236,11.0,1.0,0.0
[],1474016264899788800-1784212899000,1784212899000,1784233060000,649034868264558592,1474016264899788800,1410616788265205760,verified_drivers,1784190593000-649034868264558592-1474016264899788800,,412.54,3.522,,0.0,True,0,0,0,0,0.0,0,0.0,0,0,0,15.548,2,61.085,29,0,0,98.848,4,0,0,0,0,0,0,0.0,0,0.0,0,0.0,0,8356,76,0,0,0,0,0,0,24,5,0,0,0,0,0,0,0,0,0,0,0,119,0,20161,13676.0,0,119,,,,,,49.99,5.5938888,117.146,,73.6642,,,,,,1020,3,,,,,,
[],1284477133422329856-1784212651000,1784212651000,1784221151000,649034868264558592,1284477133422329856,1532807465639346176,verified_drivers,1784212651000-649034868264558592-1284477133422329856,,87.745,2.925,,0.74,True,0,0,0,0,33.566,1,0.0,0,0,0,28.57,4,6.218,3,0,0,180.584,1,0,0,0,0,0,0,0.0,0,0.0,0,1688.587,1,0,0,0,0,0,0,0,0,20,4,0,0,0,0,0,0,0,0,0,0,0,17,0,8500,0.0,0,17,,,"{'MODE_HEAVY': 0, 'MODE_LIGHT': 0, 'MODE_TURBO': 100}",,,41.95,2.35,30.0,,37.16259,,,,,,2161,3,,,,,,
[],1561408916011614208-1784212495000,1784212495000,1784212621000,649034868264558592,1561408916011614208,,,1784212495000-649034868264558592-1561408916011614208,,0.0,,,0.0,True,0,0,0,0,0.0,0,0.0,0,0,0,0.0,0,0.0,0,0,0,0.0,0,0,0,0,0,0,0,0.0,0,0.0,0,0.0,0,0,0,0,0,0,0,0,0,0,0,0,0,0,0,0,0,0,0,0,0,0,0,0,126,,0,0,,,,,,,0.024541667,0.126,,0.0,,,,,,0,0,,,,,,
[],1334832234422599680-1784212403000,1784212403000,1784216873000,649034868264558592,1334832234422599680,1436049627328544768,verified_drivers,1784212403000-649034868264558592-1334832234422599680,,19.402,2.153,,0.0,True,0,0,0,0,0.0,0,0.0,0,0,0,0.0,0,0.0,0,0,0,7.664,1,0,0,0,0,0,0,0.0,0,0.0,0,0.0,0,0,0,0,0,0,0,0,0,0,0,0,0,0,0,0,0,0,0,0,0,0,2,0,4470,0.0,0,2,"{'fifth_gear_duration': 9.327578765645232, 'first_gear_duration': 4.605955977557186, 'ninth_gear_duration': 18.332326283987914, 'sixth_gear_duration': 7.613293051359517, 'tenth_gear_duration': 9.524384980578333, 'third_gear_duration': 6.955545964609408, 'eighth_gear_duration': 14.239102287440655, 'fourth_gear_duration': 8.224428139835995, 'second_gear_duration': 4.675010789814415, 'seventh_gear_duration': 11.019421665947347, 'twelfth_gear_duration': 1.7660768234786361, 'eleventh_gear_duration': 3.71687526974536}",,,"{'up': 50.814690627128414, 'down': 49.1853093728716, 'plane': 0}",0.65598106,25.38,1.1861111,9.012,,15.6257715,1.7660768,5.482952,1252300.0,653300.0,32100.0,1499,1,51.15,158.8,2896.25,,,
[],1494312254978392064-1784212123000,1784212123000,1784220474000,649034868264558592,1494312254978392064,1510953271609524224,verified_drivers,1784212123000-649034868264558592-1494312254978392064,,137.499,3.214,,0.0,True,0,0,0,0,0.0,0,3.705,1,0,0,279.788,5,18.913,9,0,0,17.25,1,0,0,0,0,0,0,0.0,0,0.0,0,0.0,0,359,9,0,0,0,0,0,0,8,2,0,0,0,0,0,0,0,0,0,0,0,30,0,8351,0.0,0,30,"{'fifth_gear_duration': 1.0678244543534383, 'first_gear_duration': 0.6492998513650943, 'ninth_gear_duration': 5.957130564030353, 'sixth_gear_duration': 2.4133614957365253, 'tenth_gear_duration': 8.14362825627787, 'third_gear_duration': 0.6532112962528358, 'eighth_gear_duration': 2.561996401470703, 'fourth_gear_duration': 1.83837909723852, 'second_gear_duration': 0.4380818274270516, 'seventh_gear_duration': 2.691074082766174, 'twelfth_gear_duration': 57.59602597199406, 'eleventh_gear_duration': 15.98998670108738}",,,"{'up': 12.003124894996802, 'down': 19.627196666778673, 'plane': 68.36967843822453}",0.46493226,48.47,2.2652779,42.78,,59.273907,57.596027,73.58601,1172500.0,3221500.0,164750.0,3491,3,3681.25,4703.25,6391.5,,,
[],1552709318082560000-1784211900000,1784211900000,1784214299000,649034868264558592,1552709318082560000,,,1784211900000-649034868264558592-1552709318082560000,,2.054,1.031,,0.0,True,0,0,0,0,0.0,0,0.0,0,0,0,0.0,0,0.0,0,0,0,0.0,0,0,0,0,0,0,0,0.0,0,0.0,0,0.0,0,0,0,0,0,0,0,5,1,4,1,0,0,0,0,0,0,0,0,0,0,0,3,0,2399,,0,3,"{'fifth_gear_duration': 10.856139251465653, 'first_gear_duration': 11.26979284338058, 'sixth_gear_duration': 0, 'third_gear_duration': 25.85788456728536, 'fourth_gear_duration': 42.900137701295385, 'second_gear_duration': 9.116045636573023}",,"{'MODE_HEAVY': 0, 'MODE_LIGHT': 0, 'MODE_TURBO': 100}",,,28.81,0.65,1.993,,3.0822842,0.0,10.856139,128331.0,60912.0,26500.0,3661,1,0.0,39.498,363.831,2.0,0.0,0.0
[],1268894298644938752-1784211812000,1784211812000,1784212866000,649034868264558592,1268894298644938752,,,1784211812000-649034868264558592-1268894298644938752,,0.024,0.028,,0.0,True,0,0,0,0,0.0,0,0.0,0,0,0,0.0,0,0.0,0,0,0,0.0,0,0,0,0,0,0,0,0.0,0,0.0,0,0.0,0,0,0,0,0,0,0,0,0,0,0,0,0,0,0,0,0,0,0,0,0,0,0,0,1054,,0,0,,,"{'MODE_HEAVY': 0, 'MODE_LIGHT': 0, 'MODE_TURBO': 100}",,,,0.25,0.867,,0.08197343,,,,,,0,0,,,,,,
[],1268893877926887424-1784211588000,1784211588000,1784218256000,649034868264558592,1268893877926887424,1436038016010289152,verified_drivers,1784211588000-649034868264558592-1268893877926887424,,18.68,1.417,,2.65,True,0,0,0,0,11.841,1,0.0,0,0,0,0.0,0,0.0,0,0,0,0.0,0,0,0,0,0,0,0,0.0,0,0.0,0,2960.5,1,0,0,0,0,0,0,0,0,0,0,0,0,0,0,0,0,0,0,0,0,0,6,0,6668,0.0,0,6,,,,,,31.94,1.8408333,13.187,,10.085183,,,,,,4270,4,,,,,,
[],672903687655391232-1784211484000,1784211484000,1784211690000,649034868264558592,672903687655391232,,,1784211484000-649034868264558592-672903687655391232,,0.004,0.013,,0.0,True,0,0,0,0,0.0,0,0.0,0,0,0,0.0,0,0.0,0,0,0,0.0,0,0,0,0,0,0,0,0.0,0,0.0,0,0.0,0,0,0,0,0,0,0,0,0,0,0,0,0,0,0,0,0,0,0,0,0,0,0,0,206,,0,0,,,,,,,,0.31,,0.06990291,,,,,,0,0,,,,,,
[],1474013287929610240-1784211368000,1784211368000,1784220064000,649034868264558592,1474013287929610240,1527010017260077056,verified_drivers,1784211368000-649034868264558592-1474013287929610240,,85.755,2.767,,1.12,True,0,0,0,0,0.0,0,0.0,0,0,0,0.0,0,1.994,1,0,0,20.586,1,0,0,0,0,0,0,0.0,0,0.0,0,1268.753,1,20,1,0,0,0,0,0,0,0,0,0,0,0,0,0,0,0,0,0,0,0,10,0,8696,0.0,0,10,"{'fifth_gear_duration': 14.181724896646308, 'first_gear_duration': 2.2623161093625126, 'sixth_gear_duration': 49.19037799331038, 'third_gear_duration': 9.371826622332291, 'fourth_gear_duration': 18.25819182839834, 'second_gear_duration': 6.735562549950173}",,"{'MODE_HEAVY': 0, 'MODE_LIGHT': 0, 'MODE_TURBO': 100}","{'up': 23.791775682480125, 'down': 58.093498543713295, 'plane': 18.11472577380658}",0.4974388,53.61,2.35,30.989,,35.50115,49.190376,63.372105,917945.0,2275328.0,981273.0,4383,6,2492.747,3211.413,5067.55,1.0,4.0,0.0
[],687681844035977216-1784211307000,1784211307000,1784211530000,649034868264558592,687681844035977216,,,1784211307000-649034868264558592-687681844035977216,,0.033,0.299,,0.0,True,0,0,0,0,0.0,0,0.0,0,0,0,0.0,0,0.0,0,0,0,0.0,0,0,0,0,0,0,0,0.0,0,0.0,0,0.0,0,0,0,0,0,0,0,0,0,0,0,0,0,0,0,0,0,0,0,0,0,0,0,0,223,,0,0,,,,,,,,0.11,,0.5327354,,,,,,0,0,,,,,,
[],1289228109731594240-1784211118000,1784211118000,1784211472000,649034868264558592,1289228109731594240,,,1784211118000-649034868264558592-1289228109731594240,,0.0,,,0.0,True,0,0,0,0,0.0,0,0.0,0,0,0,0.0,0,0.0,0,0,0,0.0,0,0,0,0,0,0,0,0.0,0,0.0,0,0.0,0,0,0,0,0,0,0,0,0,0,0,0,0,0,0,0,0,0,0,0,0,0,0,0,354,,0,0,,,,,,,,0.294,,0.0,,,,,,0,0,,,,,,
[],1552709347677569024-1784210991000,1784210991000,1784212774000,649034868264558592,1552709347677569024,,,1784210991000-649034868264558592-1552709347677569024,,0.232,0.16,,1.45,True,0,0,0,0,0.0,0,0.0,0,0,0,0.0,0,0.0,0,0,0,0.0,0,0,0,0,0,0,0,0.0,0,0.0,0,1735.0,1,0,0,0,0,0,0,0,0,0,0,0,0,0,0,0,0,0,0,0,0,0,1,0,1783,,0,1,,,"{'MODE_HEAVY': 0, 'MODE_LIGHT': 0, 'MODE_TURBO': 100}",,,,0.5,1.448,,0.468424,,,,,,0,0,,,,,,
[],1474013563159838720-1784210924000,1784210924000,1784212558000,649034868264558592,1474013563159838720,,,1784210924000-649034868264558592-1474013563159838720,,6.016,2.014,,0.0,True,0,0,0,0,0.0,0,0.0,0,0,0,0.0,0,0.0,0,0,0,0.0,0,0,0,0,0,0,0,0.0,0,0.0,0,0.0,0,0,0,0,0,0,0,0,0,0,0,0,0,0,0,0,0,0,0,0,0,0,4,0,1634,,1098,4,"{'fifth_gear_duration': 14.084847107614085, 'first_gear_duration': 8.575220884726772, 'sixth_gear_duration': 12.298014587494626, 'third_gear_duration': 18.37833231547103, 'fourth_gear_duration': 33.64497565523003, 'second_gear_duration': 13.018609449463458}",,"{'MODE_HEAVY': 0, 'MODE_LIGHT': 0, 'MODE_TURBO': 100}","{'up': 100, 'down': 0, 'plane': 0}",0.45415318,40.59,0.4,2.987,,13.254345,12.298015,26.382862,468833.0,233252.0,62667.0,2906,4,95.248,204.335,774.499,6.0,0.0,0.0
[],1066488845387694080-1784210482000,1784210482000,1784223271000,649034868264558592,1066488845387694080,1410602669126451200,verified_drivers,1784210482000-649034868264558592-1066488845387694080,,45.36,1.575,,1.75,True,0,0,0,0,15.817,1,0.0,0,0,0,0.0,0,0.0,0,0,0,42.564,1,0,0,0,0,0,0,0.0,0,0.0,0,1416.332,1,0,0,0,0,0,0,0,0,6,1,0,0,0,0,0,0,0,0,0,0,0,15,0,12789,0.0,0,15,,,,,,25.38,3.5447223,28.803,,12.768473,,,,,,3950,11,,,,,,
[],1494312472553717760-1784210420000,1784210420000,1784213012000,649034868264558592,1494312472553717760,1532715824047980544,verified_drivers,1784210420000-649034868264558592-1494312472553717760,,9.58,1.883,,0.0,True,0,0,0,0,0.0,0,0.0,0,0,0,0.0,0,0.0,0,0,0,0.0,0,0,0,0,0,0,0,0.0,0,0.0,0,0.0,0,0,0,0,0,0,0,0,0,0,0,0,0,0,0,0,0,0,0,0,0,0,5,0,2592,0.0,0,5,"{'fifth_gear_duration': 7.276798208788134, 'first_gear_duration': 7.752588860901204, 'ninth_gear_duration': 13.97984886649874, 'sixth_gear_duration': 8.746151693254967, 'tenth_gear_duration': 7.402742793171005, 'third_gear_duration': 5.989364679541001, 'eighth_gear_duration': 17.968094038623008, 'fourth_gear_duration': 5.807444724321298, 'second_gear_duration': 7.9205149734116995, 'seventh_gear_duration': 14.217744192555276, 'twelfth_gear_duration': 0.2938706968933669, 'eleventh_gear_duration': 2.644836272040302}",,,"{'up': 46.67022411953041, 'down': 0, 'plane': 53.329775880469576}",0.43172643,29.45,0.6830556,5.088,,13.305555,0.2938707,2.9387069,1063000.0,353750.0,23000.0,4320,5,5.25,52.5,1786.5,,,
[],1474013221449891840-1784210294000,1784210294000,1784210997000,649034868264558592,1474013221449891840,,,1784210294000-649034868264558592-1474013221449891840,,2.128,1.964,,0.0,True,0,0,0,0,0.0,0,0.0,0,0,0,0.0,0,0.0,0,0,0,0.0,0,0,0,0,0,0,0,0.0,0,0.0,0,0.0,0,0,0,0,0,0,0,0,0,0,0,0,0,0,0,0,0,0,0,0,0,0,1,0,703,,0,1,"{'fifth_gear_duration': 7.081555250703716, 'first_gear_duration': 10.956390891786564, 'sixth_gear_duration': 0, 'third_gear_duration': 45.03529266567617, 'fourth_gear_duration': 25.060166044041072, 'second_gear_duration': 11.866595147792488}",,"{'MODE_HEAVY': 0, 'MODE_LIGHT': 0, 'MODE_TURBO': 100}",,,32.51,0.2,1.083,,10.897297,0.0,7.0815554,,,,5282,1,0.0,29.837,421.334,1.0,0.0,0.0
[],1192134642870779904-1784210272000,1784210272000,1784211912000,649034868264558592,1192134642870779904,,,1784210272000-649034868264558592-1192134642870779904,,2.321,1.584,,0.0,True,0,0,0,0,0.0,0,0.0,0,0,0,0.0,0,0.0,0,0,0,0.0,0,0,0,0,0,0,0,0.0,0,0.0,0,0.0,0,0,0,0,0,0,0,0,0,0,0,0,0,0,0,0,0,0,0,0,0,0,1,0,1640,,0,1,"{'fifth_gear_duration': 9.21673017422414, 'first_gear_duration': 3.8059758298146713, 'sixth_gear_duration': 0, 'third_gear_duration': 18.43256482472362, 'fourth_gear_duration': 55.35433634975575, 'second_gear_duration': 13.190392821481822}",,"{'MODE_HEAVY': 0, 'MODE_LIGHT': 0, 'MODE_TURBO': 100}",,,27.64,0.4,1.465,,5.094878,0.0,9.21673,241753.0,87499.0,8417.0,3773,1,0.0,41.168,446.666,1.0,1.0,0.0
[],1536322320262496256-1784209967000,1784209967000,1784216756000,649034868264558592,1536322320262496256,1422614962454396928,verified_drivers,1784206754000-649034868264558592-1536322320262496256,,0.0,0.0,,0.0,True,0,0,0,0,0.0,0,0.0,0,0,0,0.0,0,28.101,13,0,0,0.0,0,0,0,0,0,0,0,0.0,0,0.0,0,0.0,0,130,4,0,0,0,0,15,3,162,26,0,0,0,0,0,0,0,0,0,0,0,52,0,6789,0.0,0,52,,,,,,45.19,1.84,31.279,,0.0,,,,,,2932,6,,,,,,
[],682178685842751488-1784209939000,1784209939000,1784210838000,649034868264558592,682178685842751488,1578794490099924992,unverified_drivers,1784209939000-649034868264558592-682178685842751488,,2.284,1.302,,0.0,True,0,0,0,0,0.0,0,0.0,0,0,0,0.0,0,0.0,0,0,0,0.0,0,0,0,0,0,0,0,0.0,0,0.0,0,0.0,0,0,0,0,0,0,0,0,0,0,0,0,0,0,0,0,0,0,0,0,0,0,1,0,899,0.0,0,1,"{'fifth_gear_duration': 8.468677494199536, 'first_gear_duration': 10.167633410672854, 'ninth_gear_duration': 1.6986658932714616, 'sixth_gear_duration': 1.6986658932714616, 'tenth_gear_duration': 8.468677494199536, 'third_gear_duration': 10.167343387470998, 'eighth_gear_duration': 25.43068445475638, 'fourth_gear_duration': 1.6986658932714616, 'second_gear_duration': 8.468677494199536, 'seventh_gear_duration': 23.732308584686777, 'twelfth_gear_duration': 0, 'eleventh_gear_duration': 0}",,,,,30.8,,1.755,,9.146162,0.0,0.0,,,,8069,1,0.0,0.0,344.8,,,
[],1268894095296692224-1784209840000,1784209840000,1784211834000,649034868264558592,1268894095296692224,1569113218528313344,unverified_drivers,1784209840000-649034868264558592-1268894095296692224,,4.377,1.501,,0.0,True,0,0,0,0,0.0,0,0.0,0,0,0,0.0,0,0.0,0,0,0,0.0,0,0,0,0,0,0,0,0.0,0,0.0,0,0.0,0,0,0,0,0,0,0,0,0,0,0,0,0,0,0,0,0,0,0,0,0,0,1,0,1994,0.0,0,1,"{'fifth_gear_duration': 8.759733036707452, 'first_gear_duration': 11.7908787541713, 'ninth_gear_duration': 12.263626251390432, 'sixth_gear_duration': 8.036707452725251, 'tenth_gear_duration': 3.9488320355951054, 'third_gear_duration': 6.646273637374861, 'eighth_gear_duration': 14.238042269187986, 'fourth_gear_duration': 7.5917686318131254, 'second_gear_duration': 10.511679644048943, 'seventh_gear_duration': 12.708565072302559, 'twelfth_gear_duration': 2.3359288097886544, 'eleventh_gear_duration': 1.1679644048943272}",,,"{'up': 0, 'down': 0, 'plane': 100}",,27.34,0.50472224,2.917,,7.902307,2.335929,3.5038931,383000.0,181250.0,10500.0,560,1,21.0,31.5,899.0,,,
[],682178375686553600-1784209797000,1784209797000,1784212489000,649034868264558592,682178375686553600,,,1784209797000-649034868264558592-682178375686553600,,0.004,0.001,,3.25,True,0,0,0,0,0.0,0,0.0,0,0,0,0.0,0,0.0,0,0,0,0.0,0,0,0,0,0,0,0,0.0,0,0.0,0,2606.5,1,0,0,0,0,0,0,0,0,0,0,0,0,0,0,0,0,0,0,0,0,0,1,0,2692,,0,1,,,,,,,,3.369,,0.005349183,,,,,,0,0,,,,,,
[],1268893877926887424-1784209581000,1784209581000,1784209885000,649034868264558592,1268893877926887424,,,1784209581000-649034868264558592-1268893877926887424,,0.0,,,0.0,True,0,0,0,0,0.0,0,0.0,0,0,0,0.0,0,0.0,0,0,0,0.0,0,0,0,0,0,0,0,0.0,0,0.0,0,0.0,0,0,0,0,0,0,0,0,0,0,0,0,0,0,0,0,0,0,0,0,0,0,0,0,304,,0,0,,,,,,,0.07604167,0.277,,0.0,,,,,,0,0,,,,,,
[],1537489458834702336-1784209559000,1784209559000,1784250082000,649034868264558592,1537489458834702336,,,1784209559000-649034868264558592-1537489458834702336,,540.003,3.298,,3.03,True,0,0,0,0,0.0,0,0.0,0,0,0,0.0,0,0.0,0,0,0,0.0,0,0,0,0,0,0,0,0.0,0,0.0,0,3608.049,2,0,0,0,0,0,0,4,1,528,87,0,0,0,0,0,0,0,0,0,0,0,104,0,40523,,0,104,"{'fifth_gear_duration': 19.294176457316645, 'first_gear_duration': 1.4152372421045567, 'sixth_gear_duration': 62.578610202309626, 'third_gear_duration': 5.883052154737981, 'fourth_gear_duration': 7.483743728951753, 'second_gear_duration': 3.3451802145794387}",,,"{'up': 27.684666351615935, 'down': 12.927753720331367, 'plane': 59.387579928052716}",0.5851342,58.08,,163.743,,47.973022,62.57861,81.87279,6746127.0,11763374.0,4513370.0,8895,14,19679.154,25746.613,31447.096,28.0,3.0,0.0
[],1494312585351135232-1784209408000,1784209408000,1784220713000,649034868264558592,1494312585351135232,1506661086542168064,verified_drivers,1784209408000-649034868264558592-1494312585351135232,,84.9,2.727,,3.72,True,0,0,0,0,0.0,0,0.0,0,0,0,0.0,0,8.183,4,0,0,0.0,0,0,0,0,0,0,0,0.0,0,0.0,0,4245.0,2,429,9,0,0,0,0,0,0,16,3,0,0,0,0,0,0,0,0,0,0,0,24,0,11305,0.0,0,24,,,,,,36.92,3.1394444,31.129,,27.035826,,,,,,2965,6,,,,,,
[],1474013563159838720-1784208266000,1784208266000,1784209826000,649034868264558592,1474013563159838720,,,1784208266000-649034868264558592-1474013563159838720,,0.022,0.021,,0.99,True,0,0,0,0,0.0,0,0.0,0,0,0,0.0,0,0.0,0,0,0,0.0,0,0,0,0,0,0,0,0.0,0,0.0,0,1513.565,1,0,0,0,0,0,0,0,0,0,0,0,0,0,0,0,0,0,0,0,0,0,1,334,1226,,0,1,,,"{'MODE_HEAVY': 0, 'MODE_LIGHT': 0, 'MODE_TURBO': 100}",,,,0.4,1.052,,0.050769232,,,,,,0,0,,,,,,
[],1186996414987632640-1784207936000,1784207936000,1784226081000,649034868264558592,1186996414987632640,1417562121230614528,verified_drivers,1784207936000-649034868264558592-1186996414987632640,,74.0,1.891,,2.09,True,0,0,0,0,14.683,1,0.0,0,0,0,72.55,4,0.0,0,0,0,63.027,4,0,0,0,0,0,0,0.0,0,0.0,0,3887.342,2,0,0,0,0,0,0,0,0,4,1,0,0,0,0,0,0,0,0,0,0,0,22,664,17481,0.0,0,22,,,,,,27.95,5.020278,39.124,,14.68173,,,,,,6080,10,,,,,,
[],1474016042442293248-1784207904000,1784207904000,1784218739000,649034868264558592,1474016042442293248,1510951447636738048,verified_drivers,1784202678000-649034868264558592-1474016042442293248,,69.135,2.841,,0.0,True,0,0,0,0,0.0,0,0.0,0,0,0,0.0,0,0.0,0,0,0,321.142,4,0,0,0,0,0,0,0.0,0,0.0,0,0.0,0,0,0,0,0,0,0,0,0,0,0,0,0,0,0,0,0,0,0,0,0,0,13,696,10139,0.0,0,13,,,"{'MODE_HEAVY': 0, 'MODE_LIGHT': 0, 'MODE_TURBO': 100}",,,39.42,2.9,24.332,,22.970558,,,,,,4755,9,,,,,,
[],1494312472553717760-1784207886000,1784207886000,1784208447000,649034868264558592,1494312472553717760,,,1784207886000-649034868264558592-1494312472553717760,,0.012,0.024,,0.0,True,0,0,0,0,0.0,0,0.0,0,0,0,0.0,0,0.0,0,0,0,0.0,0,0,0,0,0,0,0,0.0,0,0.0,0,0.0,0,0,0,0,0,0,0,0,0,0,0,0,0,0,0,0,0,0,0,0,0,0,0,561,0,,0,0,,,,,,,0.11888889,0.504,,0.07700535,,,,,,0,0,,,,,,
[],1140330395766620160-1784207861000,1784207861000,1784224061000,649034868264558592,1140330395766620160,1569559027875053568,unverified_drivers,1784207861000-649034868264558592-1140330395766620160,,181.511,3.23,,1.39,True,0,0,0,0,15.493,1,0.0,0,0,0,0.0,0,4.052,2,0,0,0.0,0,0,0,0,0,0,0,0.0,0,0.0,0,1586.25,1,300,2,0,0,0,0,0,0,0,0,0,0,0,0,0,0,0,0,0,0,0,18,739,15461,0.0,0,18,"{'fifth_gear_duration': 3.7047783117236373, 'first_gear_duration': 2.231389971892284, 'ninth_gear_duration': 6.908151237646205, 'sixth_gear_duration': 3.353431861456161, 'tenth_gear_duration': 9.615558980868618, 'third_gear_duration': 2.21053586000544, 'eighth_gear_duration': 4.620545833711125, 'fourth_gear_duration': 2.2857920029014416, 'second_gear_duration': 3.0891286608033366, 'seventh_gear_duration': 4.377550095203555, 'twelfth_gear_duration': 49.22794450992837, 'eleventh_gear_duration': 8.375192673859825}",,,"{'up': 5.676855895196504, 'down': 2.753824594863329, 'plane': 91.56931950994017}",0.3361939,39.41,4.463333,56.204,,40.335777,49.227943,57.603138,2344000.0,5934700.0,123700.0,5600,12,5429.35,6353.05,11029.0,,,
[],1552709318082560000-1784207792000,1784207792000,1784209573000,649034868264558592,1552709318082560000,,,1784207792000-649034868264558592-1552709318082560000,,0.026,0.018,,1.41,True,0,0,0,0,0.0,0,0.0,0,0,0,0.0,0,0.0,0,0,0,0.0,0,0,0,0,0,0,0,0.0,0,0.0,0,1733.33,1,0,0,0,0,0,0,0,0,0,0,0,0,0,0,0,0,0,0,0,0,0,1,808,973,,0,1,,,"{'MODE_HEAVY': 0, 'MODE_LIGHT': 0, 'MODE_TURBO': 100}",,,,0.45,1.414,,0.052554745,,,,,,0,0,,,,,,
[],1147228695027515392-1784207663000,1784207663000,1784216450000,649034868264558592,1147228695027515392,,,1784207663000-649034868264558592-1147228695027515392,,84.025,2.998,,1.0,True,0,0,0,0,0.0,0,0.0,0,0,0,0.0,0,0.0,0,0,0,0.0,0,0,0,0,0,0,0,0.0,0,0.0,0,1516.25,1,40,1,0,0,68,1,0,0,18,4,0,0,0,0,0,0,0,0,0,0,0,11,937,7850,,0,11,"{'fifth_gear_duration': 16.780461577114696, 'first_gear_duration': 1.5907711978931662, 'sixth_gear_duration': 51.93852501281685, 'third_gear_duration': 7.010972412795859, 'fourth_gear_duration': 18.49483743191885, 'second_gear_duration': 4.184432367460574}",,"{'MODE_HEAVY': 0, 'MODE_LIGHT': 0, 'MODE_TURBO': 100}","{'up': 30.33231436741937, 'down': 57.88260526575289, 'plane': 11.785080366827728}",0.38056493,43.75,2.45,28.023,,34.424717,51.938526,68.71899,588502.0,953842.0,2212009.0,2670,4,2805.247,3711.575,5401.091,4.0,3.0,0.0
[],1334833282986016768-1784207446000,1784207446000,1784214895000,649034868264558592,1334833282986016768,,,1784207446000-649034868264558592-1334833282986016768,,84.005,3.47,,0.0,True,0,0,0,0,0.0,0,0.0,0,0,0,0.0,0,0.0,0,0,0,0.0,0,0,0,0,0,0,0,0.0,0,0.0,0,0.0,0,20,1,0,0,0,0,0,0,0,0,0,0,0,0,0,0,0,0,0,0,0,9,1154,6295,,0,9,"{'fifth_gear_duration': 12.358554731120329, 'first_gear_duration': 2.5706431733860406, 'sixth_gear_duration': 55.584449370723576, 'third_gear_duration': 8.805038032908083, 'fourth_gear_duration': 12.193202249234695, 'second_gear_duration': 8.488112442627283}",,"{'MODE_HEAVY': 0, 'MODE_LIGHT': 0, 'MODE_TURBO': 100}","{'up': 30.02439204671447, 'down': 58.26496168723975, 'plane': 11.710646266045787}",0.38517988,41.82,2.0,24.212,,40.59847,55.58445,67.943,591996.0,1716324.0,1560834.0,3100,8,3025.416,3698.082,5442.918,7.0,3.0,0.0
[],1561408916011614208-1784207395000,1784207395000,1784210729000,649034868264558592,1561408916011614208,,,1784207395000-649034868264558592-1561408916011614208,,2.303,0.61,,1.62,True,0,0,0,0,0.0,0,0.0,0,0,0,0.0,0,0.0,0,0,0,0.0,0,0,0,0,0,0,0,0.0,0,0.0,0,1723.25,1,0,0,0,0,0,0,0,0,5,1,0,0,0,0,0,0,0,0,0,0,0,5,1205,2129,,0,5,"{'fifth_gear_duration': 8.4070796460177, 'first_gear_duration': 14.292035398230087, 'ninth_gear_duration': 10.486725663716815, 'sixth_gear_duration': 6.283185840707965, 'tenth_gear_duration': 5.88495575221239, 'third_gear_duration': 8.4070796460177, 'eighth_gear_duration': 9.247787610619469, 'fourth_gear_duration': 6.946902654867257, 'second_gear_duration': 19.95575221238938, 'seventh_gear_duration': 6.725663716814159, 'twelfth_gear_duration': 0.8407079646017699, 'eleventh_gear_duration': 2.52212389380531}",,,,,29.82,0.87527776,3.778,,2.4867427,0.84070796,3.3628318,478250.0,90250.0,32000.0,7111,3,4.75,19.0,565.0,,,
[],1552709327888842752-1784207084000,1784207084000,1784216177000,649034868264558592,1552709327888842752,1409895611272003584,verified_drivers,1784207084000-649034868264558592-1552709327888842752,,84.568,2.901,,1.61,True,0,0,0,0,0.0,0,0.0,0,0,0,0.0,0,0.0,0,0,0,0.0,0,0,0,0,0,0,0,0.0,0,0.0,0,1945.413,1,100,3,0,0,0,0,9,2,92,16,0,0,0,0,0,0,0,0,0,0,0,27,1516,7577,0.0,0,27,"{'fifth_gear_duration': 5.590892477820495, 'first_gear_duration': 3.53943400342209, 'sixth_gear_duration': 53.813137217714214, 'third_gear_duration': 13.837175634604506, 'fourth_gear_duration': 18.622178535187864, 'second_gear_duration': 4.597182131250829}",,"{'MODE_HEAVY': 3.586470323187857, 'MODE_LIGHT': 0.4425776964596121, 'MODE_TURBO': 95.97095198035252}","{'up': 23.865843763062774, 'down': 58.2827214831936, 'plane': 17.85143475374363}",0.42474034,48.12,2.5,29.155,,33.481228,53.813137,59.40403,659418.0,1341759.0,1787477.0,5112,5,2607.557,2878.468,4845.577,8.0,2.0,0.0
[],1537489458834702336-1784206853000,1784206853000,1784207858000,649034868264558592,1537489458834702336,,,1784206853000-649034868264558592-1537489458834702336,,0.071,0.11,,0.0,True,0,0,0,0,0.0,0,0.0,0,0,0,0.0,0,0.0,0,0,0,0.0,0,0,0,0,0,0,0,0.0,0,0.0,0,0.0,0,0,0,0,0,0,0,0,0,0,0,0,0,0,0,0,0,0,0,0,0,0,0,1005,0,,0,0,,,,,,,,0.643,,0.25432837,,,,,,0,0,,,,,,
[],1536322320262496256-1784206754000,1784206754000,1784209966000,649034868264558592,1536322320262496256,1575246543445819392,unverified_drivers,1784206754000-649034868264558592-1536322320262496256,,4.17,0.868,,1.46,True,0,0,0,0,0.0,0,0.0,0,0,0,0.0,0,0.0,0,0,0,0.0,0,0,0,0,0,0,0,0.0,0,0.0,0,1679.25,1,0,0,0,0,0,0,0,0,0,0,0,0,0,0,0,0,0,0,0,0,0,3,1846,1366,0.0,0,3,,,,,,30.81,0.87527776,4.803,,4.6737237,,,,,,2310,2,,,,,,
[],1561408897250492416-1784206614000,1784206614000,1784218811000,649034868264558592,1561408897250492416,1409863792073900032,verified_drivers,1784206614000-649034868264558592-1561408897250492416,,93.549,2.222,,1.11,True,0,0,0,0,11.331,1,0.0,0,0,0,7.608,1,6.054,3,0,0,11.024,1,0,0,0,0,0,0,0.0,0,0.0,0,1215.25,1,824,6,0,0,0,0,72,17,256,46,0,0,0,0,0,0,0,0,0,0,0,81,1986,10211,0.0,0,81,"{'fifth_gear_duration': 4.461793902568269, 'first_gear_duration': 3.82237609071961, 'ninth_gear_duration': 10.092909880948175, 'sixth_gear_duration': 4.76560568057371, 'tenth_gear_duration': 14.50877874730632, 'third_gear_duration': 3.2182852298018156, 'eighth_gear_duration': 8.48553361359381, 'fourth_gear_duration': 2.8332214646553857, 'second_gear_duration': 2.3315787614371004, 'seventh_gear_duration': 7.581163669763663, 'twelfth_gear_duration': 22.43614653619246, 'eleventh_gear_duration': 15.462606422439679}",,,"{'up': 16.81655198022674, 'down': 27.69416433619178, 'plane': 55.48928368358147}",0.40588054,40.8,3.3608334,42.101,,27.611412,22.436146,37.898754,2131000.0,2732000.0,352500.0,4076,5,1587.75,2682.0,7076.75,,,
[],1552709337468633088-1784206555000,1784206555000,1784226525000,649034868264558592,1552709337468633088,1510631437122928640,verified_drivers,1784206555000-649034868264558592-1552709337468633088,,79.705,2.056,,0.95,True,0,0,0,0,13.471,1,0.0,0,0,0,10.832,1,0.0,0,0,0,0.0,0,0,0,0,0,0,0,0.0,0,0.0,0,1220.331,1,0,0,0,0,0,0,16,4,91,18,0,0,0,0,0,0,0,0,0,0,0,44,2045,17925,0.0,0,44,"{'fifth_gear_duration': 8.397106114600193, 'first_gear_duration': 9.91356307676031, 'sixth_gear_duration': 23.569063677390982, 'third_gear_duration': 18.31067913475376, 'fourth_gear_duration': 22.294062133679176, 'second_gear_duration': 17.51552586281558}",,"{'MODE_HEAVY': 0.23238696398796302, 'MODE_LIGHT': 0, 'MODE_TURBO': 99.76761303601204}","{'up': 25.09913992892825, 'down': 18.824998712468457, 'plane': 56.075861358603284}",0.4521005,41.13,5.5,38.77,,14.368453,23.569063,31.96617,4509159.0,2761999.0,637504.0,11553,19,2370.324,3214.815,10056.929,82.0,25.0,0.0
[],1146409880471470080-1784206417000,1784206417000,1784214528000,649034868264558592,1146409880471470080,1573096180949188608,unverified_drivers,1784206417000-649034868264558592-1146409880471470080,,86.38,2.723,,0.0,True,0,0,0,0,46.438,2,0.0,0,0,0,0.0,0,4.396,2,0,0,8.684,1,0,0,0,0,0,0,0.0,0,0.0,0,0.0,0,30,1,0,0,0,0,0,0,11,2,0,0,0,0,0,0,0,0,0,0,0,13,2183,5928,0.0,0,13,"{'fifth_gear_duration': 2.720738756774793, 'first_gear_duration': 1.4996978960942926, 'ninth_gear_duration': 9.788166544923302, 'sixth_gear_duration': 2.975948921894868, 'tenth_gear_duration': 15.264814363913462, 'third_gear_duration': 2.0452885317750185, 'eighth_gear_duration': 6.735564393222051, 'fourth_gear_duration': 2.412322232142052, 'second_gear_duration': 1.6097178259340421, 'seventh_gear_duration': 5.436968500031563, 'twelfth_gear_duration': 29.390651913174437, 'eleventh_gear_duration': 20.12012012012012}",,,"{'up': 17.78781038374718, 'down': 58.42962601427614, 'plane': 23.7825636019767}",0.6068805,41.87,2.2258334,31.727,,38.339046,29.390652,49.510773,1725600.0,2035350.0,147550.0,4121,5,1629.55,2745.1,5544.45,,,
[],1536322320262496256-1784206202000,1784206202000,1784206431000,649034868264558592,1536322320262496256,,,1784206202000-649034868264558592-1536322320262496256,,0.033,0.3,,0.0,True,0,0,0,0,0.0,0,0.0,0,0,0,0.0,0,0.0,0,0,0,0.0,0,0,0,0,0,0,0,0.0,0,0.0,0,0.0,0,0,0,0,0,0,0,0,0,0,0,0,0,0,0,0,0,0,0,0,0,0,0,229,0,,0,0,,,,,,,0.053527776,0.11,,0.5187773,,,,,,0,0,,,,,,
[],1494312585351135232-1784205960000,1784205960000,1784206369000,649034868264558592,1494312585351135232,,,1784205960000-649034868264558592-1494312585351135232,,0.065,0.248,,0.0,True,0,0,0,0,0.0,0,0.0,0,0,0,0.0,0,0.0,0,0,0,0.0,0,0,0,0,0,0,0,0.0,0,0.0,0,0.0,0,0,0,0,0,0,0,0,0,0,0,0,0,0,0,0,0,0,0,0,0,0,0,409,0,,0,0,,,,,,,0.1025,0.263,,0.57212716,,,,,,0,0,,,,,,
[],1066488845387694080-1784205748000,1784205748000,1784209164000,649034868264558592,1066488845387694080,1410602669126451200,verified_drivers,1784205748000-649034868264558592-1066488845387694080,,5.993,1.023,,0.0,True,0,0,0,0,0.0,0,0.0,0,0,0,0.0,0,0.0,0,0,0,0.0,0,0,0,0,0,0,0,0.0,0,0.0,0,0.0,0,0,0,0,0,0,0,0,0,0,0,0,0,0,0,0,0,0,0,0,0,0,2,2852,564,0.0,0,2,"{'fifth_gear_duration': 5.028627263587853, 'first_gear_duration': 6.537215442664208, 'ninth_gear_duration': 8.54866634809935, 'sixth_gear_duration': 8.839853744512256, 'tenth_gear_duration': 1.508588179076356, 'third_gear_duration': 4.525764537229068, 'eighth_gear_duration': 21.897253281454223, 'fourth_gear_duration': 10.057254527175706, 'second_gear_duration': 5.822677386359544, 'seventh_gear_duration': 27.234099289841435, 'twelfth_gear_duration': 0, 'eleventh_gear_duration': 0}",,,"{'up': 100, 'down': 0, 'plane': 0}",0.26491702,26.12,0.8838889,5.859,,6.315808,0.0,0.0,455155.0,357340.0,5167.0,4194,2,0.0,0.0,1027.517,,,
[],1192134868188790784-1784205704000,1784205704000,1784226809000,649034868264558592,1192134868188790784,,,1784205704000-649034868264558592-1192134868188790784,,74.575,2.192,,2.28,True,0,0,0,0,0.0,0,0.0,0,0,0,0.0,0,0.0,0,0,0,0.0,0,0,0,0,0,0,0,0.0,0,0.0,0,3816.333,2,0,0,0,0,0,0,0,0,0,0,0,0,0,0,0,0,0,0,0,0,0,17,2896,18209,,0,17,"{'fifth_gear_duration': 26.32049420560077, 'first_gear_duration': 9.397390452520208, 'sixth_gear_duration': 8.741286477210556, 'third_gear_duration': 15.94460815431269, 'fourth_gear_duration': 25.121354022894575, 'second_gear_duration': 14.474866687461196}",,"{'MODE_HEAVY': 0, 'MODE_LIGHT': 0, 'MODE_TURBO': 100}","{'up': 13.128761019873133, 'down': 13.358327560210276, 'plane': 73.51291141991658}",0.7010291,35.11,5.8,34.026,,12.720682,8.741286,35.06178,3299859.0,2486433.0,1191345.0,11916,15,877.161,3518.341,10034.69,57.0,22.0,0.0
[],1334833384924381184-1784205686000,1784205686000,1784218413000,649034868264558592,1334833384924381184,,,1784205686000-649034868264558592-1334833384924381184,,49.877,2.741,,0.0,True,0,0,0,0,0.0,0,0.0,0,0,0,0.0,0,0.0,0,0,0,0.0,0,0,0,0,0,0,0,0.0,0,0.0,0,0.0,0,0,0,0,0,0,0,0,0,0,0,0,0,0,0,0,0,0,0,0,0,0,19,2914,9813,,0,19,"{'fifth_gear_duration': 14.305487415407034, 'first_gear_duration': 7.600545380278999, 'sixth_gear_duration': 10.700723035612812, 'third_gear_duration': 24.2987423687634, 'fourth_gear_duration': 22.366407733366227, 'second_gear_duration': 20.728094066571533}",,"{'MODE_HEAVY': 0, 'MODE_LIGHT': 0, 'MODE_TURBO': 100}","{'up': 20.0894945591376, 'down': 19.725414420827814, 'plane': 60.185091020034584}",0.681052,26.57,3.5,18.198,,14.108368,10.700723,25.00621,3531499.0,1731494.0,400669.0,5742,19,807.665,1887.409,7547.761,31.0,28.0,0.0
[],1268893773056704512-1784205671000,1784205671000,1784223427000,649034868264558592,1268893773056704512,1437134280533737472,verified_drivers,1784198610000-649034868264558592-1268893773056704512,,60.68,1.717,,2.52,True,0,0,0,0,27.747,1,0.0,0,0,0,7.791,1,3.833,2,0,0,0.0,0,0,0,0,0,0,0,0.0,0,0.0,0,3356.0,2,0,0,0,0,0,0,0,0,0,0,0,0,0,0,0,0,0,0,0,0,0,19,2929,14827,0.0,0,19,,,,,,29.03,4.8991666,35.349,,12.302771,,,,,,9330,13,,,,,,
[],1268893877926887424-1784205628000,1784205628000,1784206229000,649034868264558592,1268893877926887424,,,1784205628000-649034868264558592-1268893877926887424,,0.0,,,0.0,True,0,0,0,0,0.0,0,0.0,0,0,0,0.0,0,0.0,0,0,0,0.0,0,0,0,0,0,0,0,0.0,0,0.0,0,0.0,0,0,0,0,0,0,0,0,0,0,0,0,0,0,0,0,0,0,0,0,0,0,0,601,0,,0,0,,,,,,,0.11888889,0.22,,0.0,,,,,,0,0,,,,,,
[],1406271868830220288-1784205623000,1784205623000,1784211868000,649034868264558592,1406271868830220288,1533468195703226368,verified_drivers,1784205623000-649034868264558592-1406271868830220288,,112.339,3.287,,0.0,True,0,0,0,0,0.0,0,0.0,0,0,0,0.0,0,26.981,13,0,0,0.0,0,0,0,0,0,0,0,0.0,0,0.0,0,0.0,0,180,4,0,0,0,0,0,0,0,0,0,0,0,0,0,0,0,0,0,0,0,19,2977,3268,0.0,0,19,"{'fifth_gear_duration': 2.0975034156279495, 'first_gear_duration': 1.8060546827811046, 'ninth_gear_duration': 3.661132297227048, 'sixth_gear_duration': 2.2017453410678893, 'tenth_gear_duration': 7.426506519894035, 'third_gear_duration': 1.7721127324789783, 'eighth_gear_duration': 2.572924533522255, 'fourth_gear_duration': 1.876354657918918, 'second_gear_duration': 1.1466611798393387, 'seventh_gear_duration': 1.6678708070390382, 'twelfth_gear_duration': 57.52985215961991, 'eleventh_gear_duration': 16.241281672983533}",,,"{'up': 13.723502042131402, 'down': 13.532081836875864, 'plane': 72.74441612099272}",0.34320194,50.36,1.6930555,34.181,,64.75907,57.529854,73.77113,884014.0,2349100.0,139750.0,2585,2,2952.6,3786.15,5132.292,,,
[],1552709337468633088-1784205228000,1784205228000,1784205401000,649034868264558592,1552709337468633088,,,1784205228000-649034868264558592-1552709337468633088,,0.025,0.295,,0.0,True,0,0,0,0,0.0,0,0.0,0,0,0,0.0,0,0.0,0,0,0,0.0,0,0,0,0,0,0,0,0.0,0,0.0,0,0.0,0,0,0,0,0,0,0,0,0,0,0,0,0,0,0,0,0,0,0,0,0,0,0,173,0,,153,0,,,"{'MODE_HEAVY': 0, 'MODE_LIGHT': 0, 'MODE_TURBO': 100}",,,,0.042151943,0.085,,0.5202312,,,,,,0,0,,,,,,
[],1334833282986016768-1784204942000,1784204942000,1784205922000,649034868264558592,1334833282986016768,,,1784204942000-649034868264558592-1334833282986016768,,2.822,3.296,,0.0,True,0,0,0,0,0.0,0,0.0,0,0,0,0.0,0,0.0,0,0,0,0.0,0,0,0,0,0,0,0,0.0,0,0.0,0,0.0,0,0,0,0,0,0,0,0,0,0,0,0,0,0,0,0,0,0,0,0,0,0,1,980,0,,0,1,"{'fifth_gear_duration': 19.380551555316455, 'first_gear_duration': 9.123051009117413, 'sixth_gear_duration': 4.091676866297522, 'third_gear_duration': 19.381491252592976, 'fourth_gear_duration': 33.71210964387822, 'second_gear_duration': 14.311119672797409}",,"{'MODE_HEAVY': 0, 'MODE_LIGHT': 0, 'MODE_TURBO': 100}",,,23.31,0.174075,0.856,,10.36653,4.0916767,23.472229,195417.0,117248.0,52417.0,2198,1,17.417,99.914,425.669,2.0,1.0,0.0
[],1552709327888842752-1784204881000,1784204881000,1784205716000,649034868264558592,1552709327888842752,1410689519094595584,verified_drivers,1784204881000-649034868264558592-1552709327888842752,,2.571,2.261,,0.0,True,0,0,0,0,0.0,0,0.0,0,0,0,0.0,0,0.0,0,0,0,0.0,0,0,0,0,0,0,0,0.0,0,0.0,0,0.0,0,0,0,0,0,0,0,0,0,0,0,0,0,0,0,0,0,0,0,0,0,0,2,835,0,0.0,0,2,"{'fifth_gear_duration': 13.28957683331424, 'first_gear_duration': 11.792241981531522, 'sixth_gear_duration': 8.872147011058175, 'third_gear_duration': 23.139955659480986, 'fourth_gear_duration': 16.885336855417112, 'second_gear_duration': 26.02074165919796}",,"{'MODE_HEAVY': 0, 'MODE_LIGHT': 0, 'MODE_TURBO': 100}",,,26.41,0.2,1.137,,11.084551,8.872147,22.161724,212668.0,154085.0,39919.0,1644,2,39.498,98.662,445.191,1.0,0.0,0.0
[],930508235230674944-1784204627000,1784204627000,1784218832000,649034868264558592,930508235230674944,1410652706569191424,verified_drivers,1784204627000-649034868264558592-930508235230674944,,183.881,2.967,,0.0,True,0,0,0,0,0.0,0,0.0,0,0,0,0.0,0,14.866,7,0,0,0.0,0,0,0,0,0,0,0,0.0,0,0.0,0,0.0,0,74,3,0,0,0,0,0,0,0,0,0,0,0,0,0,0,0,0,0,0,0,16,3973,10232,0.0,0,16,"{'fifth_gear_duration': 29.42060428011616, 'first_gear_duration': 1.9003947679952842, 'sixth_gear_duration': 47.28180250003624, 'third_gear_duration': 5.527718318298004, 'fourth_gear_duration': 13.202259406543387, 'second_gear_duration': 2.667220727010925}",,,"{'up': 0, 'down': 0, 'plane': 100}",,54.04,,61.979,,46.60131,47.281803,76.70241,1004966.0,5064250.0,1566000.0,3571,6,4892.65,7937.05,10347.85,12.0,1.0,0.0
[],1494312585351135232-1784204406000,1784204406000,1784204579000,649034868264558592,1494312585351135232,,,1784204406000-649034868264558592-1494312585351135232,,0.0,,,0.0,True,0,0,0,0,0.0,0,0.0,0,0,0,0.0,0,0.0,0,0,0,0.0,0,0,0,0,0,0,0,0.0,0,0.0,0,0.0,0,0,0,0,0,0,0,0,0,0,0,0,0,0,0,0,0,0,0,0,0,0,0,173,0,,2969,0,,,,,,,0.039594166,0.071,,0.0,,,,,,0,0,,,,,,
[],1536322320262496256-1784204154000,1784204154000,1784205373000,649034868264558592,1536322320262496256,,,1784204154000-649034868264558592-1536322320262496256,,0.084,0.07,,0.0,True,0,0,0,0,0.0,0,0.0,0,0,0,0.0,0,0.0,0,0,0,0.0,0,0,0,0,0,0,0,0.0,0,0.0,0,0.0,0,0,0,0,0,0,0,0,0,0,0,0,0,0,0,0,0,0,0,0,0,0,0,1219,0,,0,0,"{'fifth_gear_duration': 16.666666666666664, 'first_gear_duration': 33.33333333333333, 'ninth_gear_duration': 0, 'sixth_gear_duration': 0, 'tenth_gear_duration': 0, 'third_gear_duration': 33.33333333333333, 'eighth_gear_duration': 0, 'fourth_gear_duration': 0, 'second_gear_duration': 16.666666666666664, 'seventh_gear_duration': 0, 'twelfth_gear_duration': 0, 'eleventh_gear_duration': 0}",,,,,,0.31111112,1.197,,0.24807219,0.0,0.0,121000.0,0.0,0.0,0,0,0.0,0.0,28.5,,,
[],1476550907393998848-1784204075000,1784204075000,1784215323000,649034868264558592,1476550907393998848,1510967363699212288,verified_drivers,1784204075000-649034868264558592-1476550907393998848,,98.326,2.44,,1.49,True,0,0,0,0,0.0,0,0.0,0,0,0,0.0,0,0.0,0,0,0,324.542,8,0,0,0,0,0,0,0.0,0,0.0,0,1602.3,1,60,1,0,0,0,0,0,0,0,0,0,0,0,0,0,0,0,0,0,0,0,14,4525,6723,0.0,0,14,"{'fifth_gear_duration': 3.70711739430988, 'first_gear_duration': 2.5380538650256854, 'ninth_gear_duration': 10.001762066768777, 'sixth_gear_duration': 6.1408026891849765, 'tenth_gear_duration': 15.294739552977216, 'third_gear_duration': 2.0304430920205485, 'eighth_gear_duration': 6.512192146603955, 'fourth_gear_duration': 3.0863277173102728, 'second_gear_duration': 1.7810428724399203, 'seventh_gear_duration': 5.292977486208439, 'twelfth_gear_duration': 24.3490518725348, 'eleventh_gear_duration': 19.26548924461553}",,,"{'up': 5.419003539341137, 'down': 21.0770487340049, 'plane': 73.50394772665398}",0.38645074,40.23,3.0566666,40.303,,31.469915,24.349052,43.61454,1854300.0,2791750.0,337700.0,3482,4,1796.4,3217.75,7377.7,,,
[],1186996414987632640-1784204012000,1784204012000,1784205076000,649034868264558592,1186996414987632640,,,1784204012000-649034868264558592-1186996414987632640,,0.009,0.013,,0.0,True,0,0,0,0,0.0,0,0.0,0,0,0,0.0,0,0.0,0,0,0,0.0,0,0,0,0,0,0,0,0.0,0,0.0,0,0.0,0,0,0,0,0,0,0,0,0,0,0,0,0,0,0,0,0,0,0,0,0,0,0,1064,0,,2315,0,,,,,,,0.23888889,0.693,,0.030451128,,,,,,0,0,,,,,,
[],1186996301657538560-1784203820000,1784203820000,1784219906000,649034868264558592,1186996301657538560,,,1784203820000-649034868264558592-1186996301657538560,,73.319,1.872,,0.0,True,0,0,0,0,0.0,0,0.0,0,0,0,0.0,0,0.0,0,0,0,0.0,0,0,0,0,0,0,0,0.0,0,0.0,0,0.0,0,0,0,0,0,0,0,0,0,0,0,0,0,0,0,0,0,0,0,0,0,0,17,4780,11306,,0,17,"{'fifth_gear_duration': 6.87788324703128, 'first_gear_duration': 5.063423202253105, 'ninth_gear_duration': 15.169832260085151, 'sixth_gear_duration': 6.821076831774294, 'tenth_gear_duration': 12.434604410849836, 'third_gear_duration': 5.9068427059214255, 'eighth_gear_duration': 12.587576121275948, 'fourth_gear_duration': 5.321634180693953, 'second_gear_duration': 6.397684004331672, 'seventh_gear_duration': 8.243557975839188, 'twelfth_gear_duration': 4.969055975435877, 'eleventh_gear_duration': 10.206829084508271}",,,"{'up': 38.395395409413645, 'down': 13.682132003865163, 'plane': 47.922472586721184}",1.0657798,31.13,4.4055557,39.168,,16.408579,4.969056,15.175885,4602398.0,2415463.0,316830.0,7131,17,475.331,1451.698,9565.821,,,
[],1552709337468633088-1784203772000,1784203772000,1784205075000,649034868264558592,1552709337468633088,,,1784203772000-649034868264558592-1552709337468633088,,0.068,0.064,,1.06,True,0,0,0,0,0.0,0,0.0,0,0,0,0.0,0,0.0,0,0,0,0.0,0,0,0,0,0,0,0,0.0,0,0.0,0,1264.0,1,0,0,0,0,0,0,0,0,0,0,0,0,0,0,0,0,0,0,0,0,0,1,1303,0,,0,1,,,"{'MODE_HEAVY': 0, 'MODE_LIGHT': 0, 'MODE_TURBO': 100}",,,,0.3,1.057,,0.18787414,,,,,,0,0,,,,,,
[],1192134718468915200-1784203539000,1784203539000,1784228614000,649034868264558592,1192134718468915200,1510998058488299520,verified_drivers,1784203539000-649034868264558592-1192134718468915200,,267.54,3.742,,0.92,True,0,0,0,0,219.198,11,0.0,0,0,0,1870.675,5,15.387,7,0,0,362.693,5,0,0,0,0,0,0,0.0,0,0.0,0,1789.75,1,0,0,0,0,0,0,0,0,5,1,0,0,0,0,0,0,0,0,0,0,0,41,5061,20014,0.0,0,41,,,"{'MODE_HEAVY': 0, 'MODE_LIGHT': 0, 'MODE_TURBO': 100}",,,38.01,6.95,71.488,,38.41053,,,,,,6770,11,,,,,,
[],1140330319757443072-1784203496000,1784203496000,1784241812000,649034868264558592,1140330319757443072,1416091466194747392,verified_drivers,1784203496000-649034868264558592-1140330319757443072,,449.12,2.364,,4.09,True,0,0,0,0,62.216,4,0.0,0,0,0,1346.292,5,323.256,154,0,0,6.434,1,0,0,0,0,0,0,0.0,0,17.535,1,5581.648,3,871,19,0,0,0,0,0,0,217,43,0,0,0,0,0,0,0,0,0,0,0,244,5104,33212,0.0,0,244,,,,,,47.25,10.6325,190.009,,42.197308,,,,,,7710,14,,,,,,
[],1537489458834702336-1784203307000,1784203307000,1784203454000,649034868264558592,1537489458834702336,,,1784203307000-649034868264558592-1537489458834702336,,0.007,0.08,,0.0,True,0,0,0,0,0.0,0,0.0,0,0,0,0.0,0,0.0,0,0,0,0.0,0,0,0,0,0,0,0,0.0,0,0.0,0,0.0,0,0,0,0,0,0,0,0,0,0,0,0,0,0,0,0,0,0,0,0,0,0,0,147,0,,36280,0,,,,,,,,0.088,,0.17142858,,,,,,0,0,,,,,,
[],1289228109731594240-1784203092000,1784203092000,1784207154000,649034868264558592,1289228109731594240,1436367025436884992,verified_drivers,1784203092000-649034868264558592-1289228109731594240,,16.936,2.036,,0.0,True,0,0,0,0,0.0,0,0.0,0,0,0,8.885,1,0.0,0,0,0,6.165,1,0,0,0,0,0,0,0.0,0,0.0,0,0.0,0,0,0,0,0,0,0,0,0,0,0,0,0,0,0,0,0,0,0,0,0,0,2,4062,0,0.0,0,2,"{'fifth_gear_duration': 30.3901582668137, 'first_gear_duration': 12.285672570424271, 'sixth_gear_duration': 5.092233858763275, 'third_gear_duration': 21.57702731860309, 'fourth_gear_duration': 20.784621893251998, 'second_gear_duration': 9.870286092143665}",,,"{'up': 0, 'down': 66.57341703056768, 'plane': 33.42658296943231}",,44.29,,8.32,,15.009748,5.0922337,35.48239,1078732.0,524931.0,73321.0,0,0,102.191,712.061,2006.801,6.0,0.0,0.0
[],1494313280225673216-1784202913000,1784202913000,1784244120000,649034868264558592,1494313280225673216,1409869570843344896,verified_drivers,1784202913000-649034868264558592-1494313280225673216,,401.38,2.593,,3.87,True,0,0,0,0,0.0,0,0.0,0,0,0,348.302,2,4.004,2,0,0,17.525,1,0,0,0,0,0,0,0.0,0,0.0,0,4856.25,2,1880,33,0,0,0,0,19,4,880,144,0,0,0,0,0,0,0,0,0,0,0,207,5687,35520,0.0,0,207,,,,,,38.6,11.433056,154.792,,35.066082,,,,,,8300,19,,,,,,
[],1494312472553717760-1784202893000,1784202893000,1784204280000,649034868264558592,1494312472553717760,,,1784202893000-649034868264558592-1494312472553717760,,0.003,0.002,,1.12,True,0,0,0,0,0.0,0,0.0,0,0,0,0.0,0,0.0,0,0,0,0.0,0,0,0,0,0,0,0,0.0,0,0.0,0,1371.25,1,0,0,0,0,0,0,0,0,0,0,0,0,0,0,0,0,0,0,0,0,0,1,1387,0,,0,1,,,,,,,0.3563889,1.216,,0.0077865897,,,,,,0,0,,,,,,
[],1474016042442293248-1784202678000,1784202678000,1784207903000,649034868264558592,1474016042442293248,1532724467057295360,verified_drivers,1784202678000-649034868264558592-1474016042442293248,,19.015,1.794,,0.0,True,0,0,0,0,0.0,0,0.0,0,0,0,0.0,0,0.0,0,0,0,0.0,0,0,0,0,0,0,0,0.0,0,0.0,0,0.0,0,0,0,0,0,0,0,0,0,0,0,0,0,0,0,0,0,0,0,0,0,0,3,5225,0,0.0,0,3,,,"{'MODE_HEAVY': 0, 'MODE_LIGHT': 0, 'MODE_TURBO': 100}",,,38.84,1.45,10.599,,13.101244,,,,,,1278,3,,,,,,
[],1334833282986016768-1784202476000,1784202476000,1784202652000,649034868264558592,1334833282986016768,,,1784202476000-649034868264558592-1334833282986016768,,0.0,,,0.0,True,0,0,0,0,0.0,0,0.0,0,0,0,0.0,0,0.0,0,0,0,0.0,0,0,0,0,0,0,0,0.0,0,0.0,0,0.0,0,0,0,0,0,0,0,0,0,0,0,0,0,0,0,0,0,0,0,0,0,0,0,176,0,,4495,0,,,,,,,0.0024305556,0.008,,0.0,,,,,,0,0,,,,,,
[],1268893877926887424-1784202231000,1784202231000,1784202686000,649034868264558592,1268893877926887424,,,1784202231000-649034868264558592-1268893877926887424,,0.016,0.041,,0.0,True,0,0,0,0,0.0,0,0.0,0,0,0,0.0,0,0.0,0,0,0,0.0,0,0,0,0,0,0,0,0.0,0,0.0,0,0.0,0,0,0,0,0,0,0,0,0,0,0,0,0,0,0,0,0,0,0,0,0,0,0,455,0,,630,0,,,,,,,0.11743055,0.394,,0.12659341,,,,,,0,0,,,,,,
[],1537489451758911488-1784202159000,1784202159000,1784212321000,649034868264558592,1537489451758911488,1416112945288445952,verified_drivers,1784202159000-649034868264558592-1537489451758911488,,84.075,3.241,,3.22,True,0,0,0,0,0.0,0,0.0,0,0,0,0.0,0,3.928,2,0,0,90.121,1,0,0,0,0,0,0,0.0,0,0.0,0,3887.62,1,20,1,0,0,0,0,4,1,120,18,0,0,0,0,0,0,0,0,0,0,0,28,6441,3721,0.0,0,28,"{'fifth_gear_duration': 20.71543965003527, 'first_gear_duration': 2.9654733365182375, 'sixth_gear_duration': 48.83468187350167, 'third_gear_duration': 9.496003378015661, 'fourth_gear_duration': 13.285822782438641, 'second_gear_duration': 4.702578979490516}",,,"{'up': 23.860013346185216, 'down': 58.13128691826698, 'plane': 18.008699735547808}",0.41719723,44.65,,25.94,,29.78449,48.834682,69.550125,835472.0,2358623.0,670424.0,3450,4,2710.905,3860.858,5551.188,6.0,1.0,0.0
[],1140330319757443072-1784202104000,1784202104000,1784203087000,649034868264558592,1140330319757443072,,,1784202104000-649034868264558592-1140330319757443072,,0.018,0.023,,0.0,True,0,0,0,0,0.0,0,0.0,0,0,0,0.0,0,0.0,0,0,0,0.0,0,0,0,0,0,0,0,0.0,0,0.0,0,0.0,0,0,0,0,0,0,0,0,0,0,0,0,0,0,0,0,0,0,0,0,0,0,0,983,0,,0,0,"{'fifth_gear_duration': 7.631636602643686, 'first_gear_duration': 15.263273205287373, 'ninth_gear_duration': 0, 'sixth_gear_duration': 7.631636602643686, 'tenth_gear_duration': 0, 'third_gear_duration': 30.920908493390787, 'eighth_gear_duration': 0, 'fourth_gear_duration': 7.828817644051705, 'second_gear_duration': 30.723727451982764, 'seventh_gear_duration': 0, 'twelfth_gear_duration': 0, 'eleventh_gear_duration': 0}",,,,,,0.24083333,0.782,,0.06592065,0.0,0.0,,,,0,0,0.0,0.0,41.079,,,
[],1192134868188790784-1784201917000,1784201917000,1784203347000,649034868264558592,1192134868188790784,,,1784201917000-649034868264558592-1192134868188790784,,5.956,2.106,,0.0,True,0,0,0,0,0.0,0,0.0,0,0,0,0.0,0,0.0,0,0,0,0.0,0,0,0,0,0,0,0,0.0,0,0.0,0,0.0,0,0,0,0,0,0,0,0,0,0,0,0,0,0,0,0,0,0,0,0,0,0,1,1430,0,,3664,1,"{'fifth_gear_duration': 35.95226807998894, 'first_gear_duration': 10.775333685544405, 'sixth_gear_duration': 2.1527932964502035, 'third_gear_duration': 9.741822395198907, 'fourth_gear_duration': 33.82104663524324, 'second_gear_duration': 7.5567359075743035}",,"{'MODE_HEAVY': 0, 'MODE_LIGHT': 0, 'MODE_TURBO': 100}","{'up': 100, 'down': 0, 'plane': 0}",0.46156114,37.42,0.35,2.829,,14.994126,2.1527934,38.10506,409250.0,191080.0,95501.0,3578,1,16.666,294.993,774.157,3.0,1.0,0.0
[],1494312366358134784-1784201800000,1784201800000,1784216125000,649034868264558592,1494312366358134784,1526580819693404160,verified_drivers,1784201800000-649034868264558592-1494312366358134784,,133.027,2.639,,2.63,True,0,0,0,0,16.982,1,0.0,0,0,0,13.434,2,1.995,1,0,0,494.804,10,0,0,0,0,0,0,0.0,0,0.0,0,2695.0,1,68,2,0,0,0,0,0,0,0,0,0,0,0,0,0,0,0,0,0,0,0,22,6800,7525,0.0,0,22,"{'fifth_gear_duration': 3.748974845805574, 'first_gear_duration': 1.415555380795632, 'ninth_gear_duration': 7.813641010661604, 'sixth_gear_duration': 2.687308310208851, 'tenth_gear_duration': 16.91981889878779, 'third_gear_duration': 2.0896293716506946, 'eighth_gear_duration': 5.31057959128647, 'fourth_gear_duration': 2.3508330431070315, 'second_gear_duration': 1.6514812775949042, 'seventh_gear_duration': 4.243295772432621, 'twelfth_gear_duration': 26.143959735313615, 'eleventh_gear_duration': 25.62492276235521}",,,"{'up': 32.43245339206503, 'down': 33.61354964792008, 'plane': 33.95399696001489}",0.39481506,38.75,3.9375,50.399,,33.43087,26.143959,51.768883,2606650.0,3340000.0,208250.0,6001,5,2327.1,4608.0,8901.1,,,
[],1494312366358134784-1784201578000,1784201578000,1784201712000,649034868264558592,1494312366358134784,,,1784201578000-649034868264558592-1494312366358134784,,0.005,0.077,,0.0,True,0,0,0,0,0.0,0,0.0,0,0,0,0.0,0,0.0,0,0,0,0.0,0,0,0,0,0,0,0,0.0,0,0.0,0,0.0,0,0,0,0,0,0,0,0,0,0,0,0,0,0,0,0,0,0,0,0,0,0,0,134,0,,0,0,,,,,,,0.03013889,0.065,,0.13432837,,,,,,0,0,,,,,,
[],1494313280225673216-1784201537000,1784201537000,1784201582000,649034868264558592,1494313280225673216,,,1784201537000-649034868264558592-1494313280225673216,,0.0,,,0.0,True,0,0,0,0,0.0,0,0.0,0,0,0,0.0,0,0.0,0,0,0,0.0,0,0,0,0,0,0,0,0.0,0,0.0,0,0.0,0,0,0,0,0,0,0,0,0,0,0,0,0,0,0,0,0,0,0,0,0,0,0,45,0,,0,0,,,,,,,,0.027,,0.0,,,,,,0,0,,,,,,
[],1186996414987632640-1784201102000,1784201102000,1784201697000,649034868264558592,1186996414987632640,,,1784201102000-649034868264558592-1186996414987632640,,0.0,,,0.0,True,0,0,0,0,0.0,0,0.0,0,0,0,0.0,0,0.0,0,0,0,0.0,0,0,0,0,0,0,0,0.0,0,0.0,0,0.0,0,0,0,0,0,0,0,0,0,0,0,0,0,0,0,0,0,0,0,0,0,0,0,595,0,,256,0,,,,,,,0.15690833,0.238,,0.0,,,,,,0,0,,,,,,
[],1268893877926887424-1784200466000,1784200466000,1784201601000,649034868264558592,1268893877926887424,,,1784200466000-649034868264558592-1268893877926887424,,0.053,0.056,,0.0,True,0,0,0,0,0.0,0,0.0,0,0,0,0.0,0,0.0,0,0,0,0.0,0,0,0,0,0,0,0,0.0,0,0.0,0,0.0,0,0,0,0,0,0,0,0,0,0,0,0,0,0,0,0,0,0,0,0,0,0,0,1135,0,,0,0,"{'fifth_gear_duration': 0, 'first_gear_duration': 25, 'ninth_gear_duration': 0, 'sixth_gear_duration': 0, 'tenth_gear_duration': 0, 'third_gear_duration': 12.5, 'eighth_gear_duration': 0, 'fourth_gear_duration': 0, 'second_gear_duration': 62.5, 'seventh_gear_duration': 0, 'twelfth_gear_duration': 0, 'eleventh_gear_duration': 0}",,,,,,0.26722223,0.942,,0.16810572,0.0,0.0,,,,0,0,0.0,0.0,42.0,,,
[],1192134718468915200-1784200308000,1784200308000,1784201561000,649034868264558592,1192134718468915200,,,1784200308000-649034868264558592-1192134718468915200,,0.017,0.021,,0.0,True,0,0,0,0,0.0,0,0.0,0,0,0,0.0,0,0.0,0,0,0,0.0,0,0,0,0,0,0,0,0.0,0,0.0,0,0.0,0,0,0,0,0,0,0,0,0,0,0,0,0,0,0,0,0,0,0,0,0,0,0,1253,0,,0,0,,,"{'MODE_HEAVY': 0, 'MODE_LIGHT': 0, 'MODE_TURBO': 100}",,,,0.3,0.792,,0.048842777,,,15500.0,0.0,0.0,0,0,,,,,,
[],1192134793974775808-1784200027000,1784200027000,1784219458000,649034868264558592,1192134793974775808,,,1784200027000-649034868264558592-1192134793974775808,,247.897,2.866,,0.83,True,0,0,0,0,0.0,0,0.0,0,0,0,0.0,0,0.0,0,0,0,0.0,0,0,0,0,0,0,0,0.0,0,0.0,0,1303.753,1,0,0,0,0,0,0,0,0,0,0,0,0,0,0,0,0,0,0,0,0,0,9,8573,10858,,0,9,"{'fifth_gear_duration': 18.042785183230244, 'first_gear_duration': 0.9162277025541307, 'sixth_gear_duration': 61.779094644249845, 'third_gear_duration': 4.817180797522158, 'fourth_gear_duration': 11.42787457919904, 'second_gear_duration': 3.016837093244584}",,"{'MODE_HEAVY': 0, 'MODE_LIGHT': 0, 'MODE_TURBO': 100}","{'up': 18.48301535597951, 'down': 12.252210330386227, 'plane': 69.26477431363426}",0.8344243,49.9,5.3660417,86.499,,45.928116,61.779095,79.82188,1557555.0,2651773.0,6324344.0,4188,8,9288.498,12001.234,15035.018,11.0,5.0,0.0
[],1146410747421523968-1784199998000,1784199998000,1784217067000,649034868264558592,1146410747421523968,1411795285746647040,verified_drivers,1784199998000-649034868264558592-1146410747421523968,,73.161,1.772,,1.24,True,0,0,0,0,19.396,1,0.0,0,0,0,75.077,3,2.197,1,0,0,0.0,0,0,0,0,0,0,0,0.0,0,0.0,0,1389.519,1,0,0,0,0,0,0,0,0,4,1,0,0,0,0,0,0,0,0,0,0,0,27,8602,8467,0.0,0,27,"{'fifth_gear_duration': 6.796166443568204, 'first_gear_duration': 4.107794031556574, 'ninth_gear_duration': 14.737763311113836, 'sixth_gear_duration': 6.977478862113651, 'tenth_gear_duration': 13.031999485836584, 'third_gear_duration': 5.556014141136625, 'eighth_gear_duration': 13.5778874413327, 'fourth_gear_duration': 6.3285528866559195, 'second_gear_duration': 4.880332777075868, 'seventh_gear_duration': 10.436346918212495, 'twelfth_gear_duration': 5.786710066658494, 'eleventh_gear_duration': 7.782953634739048}",,,"{'up': 42.92698588753813, 'down': 14.322616424161936, 'plane': 42.75039768829995}",0.77966946,32.72,4.6783333,41.278,,15.430289,5.7867103,13.569664,4570868.0,2582801.0,188613.0,7410,20,563.631,1321.698,9740.094,,,
[],1289228109731594240-1784199976000,1784199976000,1784200191000,649034868264558592,1289228109731594240,,,1784199976000-649034868264558592-1289228109731594240,,0.035,0.465,,0.0,True,0,0,0,0,0.0,0,0.0,0,0,0,0.0,0,0.0,0,0,0,0.0,0,0,0,0,0,0,0,0.0,0,0.0,0,0.0,0,0,0,0,0,0,0,0,0,0,0,0,0,0,0,0,0,0,0,0,0,0,0,215,0,,0,0,,,,,,,,0.075,,0.5860465,,,,,,0,0,,,,,,
[],1552709318082560000-1784199823000,1784199823000,1784200076000,649034868264558592,1552709318082560000,,,1784199823000-649034868264558592-1552709318082560000,,0.001,0.003,,0.0,True,0,0,0,0,0.0,0,0.0,0,0,0,0.0,0,0.0,0,0,0,0.0,0,0,0,0,0,0,0,0.0,0,0.0,0,0.0,0,0,0,0,0,0,0,0,0,0,0,0,0,0,0,0,0,0,0,0,0,0,0,253,0,,0,0,,,"{'MODE_HEAVY': 0, 'MODE_LIGHT': 0, 'MODE_TURBO': 100}",,,,0.06333278,0.341,,0.014229249,,,,,,0,0,,,,,,
[],1537489451758911488-1784199663000,1784199663000,1784200666000,649034868264558592,1537489451758911488,,,1784199663000-649034868264558592-1537489451758911488,,0.0,,,0.0,True,0,0,0,0,0.0,0,0.0,0,0,0,0.0,0,0.0,0,0,0,0.0,0,0,0,0,0,0,0,0.0,0,0.0,0,0.0,0,0,0,0,0,0,0,0,0,0,0,0,0,0,0,0,0,0,0,0,0,0,0,1003,0,,0,0,,,,,,,,0.897,,0.0,,,,,,0,0,,,,,,
[],1289228109731594240-1784199529000,1784199529000,1784199973000,649034868264558592,1289228109731594240,,,1784199529000-649034868264558592-1289228109731594240,,0.083,0.347,,0.0,True,0,0,0,0,0.0,0,0.0,0,0,0,0.0,0,0.0,0,0,0,0.0,0,0,0,0,0,0,0,0.0,0,0.0,0,0.0,0,0,0,0,0,0,0,0,0,0,0,0,0,0,0,0,0,0,0,0,0,0,0,444,0,,857,0,,,,,,,,0.239,,0.672973,,,,,,0,0,,,,,,
[],1186996414987632640-1784199256000,1784199256000,1784200846000,649034868264558592,1186996414987632640,,,1784199256000-649034868264558592-1186996414987632640,,0.081,0.069,,0.0,True,0,0,0,0,0.0,0,0.0,0,0,0,0.0,0,0.0,0,0,0,0.0,0,0,0,0,0,0,0,0.0,0,0.0,0,0.0,0,0,0,0,0,0,0,0,0,0,0,0,0,0,0,0,0,0,0,0,0,0,0,1590,0,,0,0,"{'fifth_gear_duration': 0, 'first_gear_duration': 54.978194302681636, 'ninth_gear_duration': 0, 'sixth_gear_duration': 0, 'tenth_gear_duration': 0, 'third_gear_duration': 0, 'eighth_gear_duration': 0, 'fourth_gear_duration': 10.790174843250838, 'second_gear_duration': 34.231630854067525, 'seventh_gear_duration': 0, 'twelfth_gear_duration': 0, 'eleventh_gear_duration': 0}",,,,,,0.4097222,1.172,,0.18339622,0.0,0.0,152737.0,5130.0,0.0,0,0,0.0,0.0,75.439,,,
[],1474016264899788800-1784199224000,1784199224000,1784212898000,649034868264558592,1474016264899788800,1410721476771840000,verified_drivers,1784190593000-649034868264558592-1474016264899788800,,140.76,3.13,,1.13,True,0,0,0,0,0.0,0,0.0,0,0,0,0.0,0,36.02,17,0,0,7.61,1,0,0,0,0,0,0,0.0,0,0.0,0,2442.4,1,490,9,0,0,0,0,0,0,15,3,0,0,0,0,0,0,0,0,0,0,0,36,9376,4298,0.0,1,36,,,,,,34.23,3.7594445,44.973,,37.058357,,,,,,3710,5,,,,,,
[],1284477133422329856-1784199009000,1784199009000,1784210999000,649034868264558592,1284477133422329856,1532807465639346176,verified_drivers,1784199009000-649034868264558592-1284477133422329856,,124.784,2.68,,0.0,True,0,0,0,0,147.835,2,3.539,1,0,0,16.351,2,31.421,15,0,0,127.776,2,0,0,0,0,0,0,0.0,0,0.0,0,0.0,0,0,0,0,0,0,0,0,0,47,9,0,0,0,0,0,0,0,0,0,0,0,38,9591,2399,0.0,0,38,"{'fifth_gear_duration': 23.47607717583457, 'first_gear_duration': 2.885731896303675, 'sixth_gear_duration': 45.63746160463768, 'third_gear_duration': 8.964443788800068, 'fourth_gear_duration': 13.188956059979775, 'second_gear_duration': 5.847329474444232}",,"{'MODE_HEAVY': 0, 'MODE_LIGHT': 0, 'MODE_TURBO': 100}","{'up': 24.03208697958101, 'down': 27.771976929196512, 'plane': 48.19593609122248}",0.41559273,45.79,3.3,46.561,,37.466423,45.637463,69.11354,977825.0,1228344.0,3734005.0,4192,7,3749.499,5678.255,8215.836,7.0,6.0,0.0
[],1476550907393998848-1784198708000,1784198708000,1784201305000,649034868264558592,1476550907393998848,,,1784198708000-649034868264558592-1476550907393998848,,2.206,0.729,,1.53,True,0,0,0,0,0.0,0,0.0,0,0,0,0.0,0,0.0,0,0,0,0.0,0,0,0,0,0,0,0,0.0,0,0.0,0,1669.7,1,0,0,0,0,0,0,0,0,0,0,0,0,0,0,0,0,0,0,0,0,0,2,2597,0,,0,2,"{'fifth_gear_duration': 15.10229270735087, 'first_gear_duration': 5.008092593239483, 'ninth_gear_duration': 17.442740536323516, 'sixth_gear_duration': 10.665921449447492, 'tenth_gear_duration': 3.737730114926468, 'third_gear_duration': 7.475460229852936, 'eighth_gear_duration': 17.442740536323516, 'fourth_gear_duration': 4.9836401532352905, 'second_gear_duration': 4.9836401532352905, 'seventh_gear_duration': 9.967280306470581, 'twelfth_gear_duration': 0, 'eleventh_gear_duration': 3.190461219594555}",,,,,29.03,0.6725,3.028,,3.05799,0.0,3.1904612,174200.0,77900.0,16050.0,5207,1,0.0,13.7,429.405,,,
[],1268893773056704512-1784198610000,1784198610000,1784205670000,649034868264558592,1268893773056704512,1409885433533300736,verified_drivers,1784198610000-649034868264558592-1268893773056704512,,14.64,1.36,,1.54,True,0,0,0,0,0.0,0,0.0,0,0,0,0.0,0,0.0,0,0,0,0.0,0,0,0,0,0,0,0,0.0,0,0.0,0,1697.5,1,0,0,0,0,0,0,0,0,0,0,0,0,0,0,0,0,0,0,0,0,0,7,7060,0,0.0,0,7,,,,,,30.18,1.9597223,10.762,,7.4651556,,,,,,2610,6,,,,,,
[],1289228109731594240-1784198487000,1784198487000,1784198672000,649034868264558592,1289228109731594240,,,1784198487000-649034868264558592-1289228109731594240,,0.0,,,0.0,True,0,0,0,0,0.0,0,0.0,0,0,0,0.0,0,0.0,0,0,0,0.0,0,0,0,0,0,0,0,0.0,0,0.0,0,0.0,0,0,0,0,0,0,0,0,0,0,0,0,0,0,0,0,0,0,0,0,0,0,0,185,0,,0,0,,,,,,,,0.063,,0.0,,,,,,0,0,,,,,,
[],1334832669606805504-1784197919000,1784197919000,1784224725000,649034868264558592,1334832669606805504,1533074527536283648,verified_drivers,1784197919000-649034868264558592-1334832669606805504,,309.128,2.814,,1.82,True,0,0,0,0,157.693,6,0.0,0,0,0,8.029,1,27.743,13,0,0,30.956,1,0,0,0,0,0,0,0.0,0,0.0,0,1902.1,1,610,17,0,0,0,0,0,0,23,5,0,0,0,0,0,0,0,0,0,0,0,54,10681,16125,0.0,0,54,"{'fifth_gear_duration': 2.7625498179418706, 'first_gear_duration': 1.3732657857428043, 'ninth_gear_duration': 9.993473162264836, 'sixth_gear_duration': 3.534533665811563, 'tenth_gear_duration': 13.158869924666424, 'third_gear_duration': 1.537990738106452, 'eighth_gear_duration': 6.95909131117715, 'fourth_gear_duration': 2.112017749173387, 'second_gear_duration': 1.4868279807685412, 'seventh_gear_duration': 4.401192522586923, 'twelfth_gear_duration': 31.468681937394955, 'eleventh_gear_duration': 21.21150540436509}",,,"{'up': 24.318195541183364, 'down': 23.896868898982174, 'plane': 51.784935559834466}",0.3795828,42.88,7.3975,109.835,,41.51536,31.468681,52.680187,5199100.0,8552500.0,664700.0,6254,10,6581.25,11017.35,20913.65,,,
[],1494312254978392064-1784197908000,1784197908000,1784212121000,649034868264558592,1494312254978392064,1510953271609524224,verified_drivers,1784197908000-649034868264558592-1494312254978392064,,126.75,2.541,,0.0,True,0,0,0,0,0.0,0,0.0,0,0,0,609.793,3,18.487,9,0,0,106.334,6,0,0,0,0,0,0,0.0,0,15.457,2,0.0,0,0,0,0,0,0,0,0,0,0,0,0,0,0,0,0,0,0,0,0,0,0,30,10692,3521,0.0,0,30,"{'fifth_gear_duration': 2.1372397841171935, 'first_gear_duration': 1.036237471087124, 'ninth_gear_duration': 10.528912875867388, 'sixth_gear_duration': 2.3808789514263684, 'tenth_gear_duration': 17.446414803392443, 'third_gear_duration': 1.125674633770239, 'eighth_gear_duration': 5.187355435620663, 'fourth_gear_duration': 1.8627602158828065, 'second_gear_duration': 1.125674633770239, 'seventh_gear_duration': 3.133384734001542, 'twelfth_gear_duration': 30.908249807247497, 'eleventh_gear_duration': 23.1272166538165}",,,"{'up': 23.868486352357323, 'down': 8.08767576509512, 'plane': 68.04383788254755}",0.36135533,39.39,3.889722,49.884,,32.104412,30.908249,54.035465,2625000.0,3317250.0,112250.0,2340,10,2505.5,4380.25,8106.25,,,
[],1186996414987632640-1784197701000,1784197701000,1784197865000,649034868264558592,1186996414987632640,,,1784197701000-649034868264558592-1186996414987632640,,0.0,,,0.0,True,0,0,0,0,0.0,0,0.0,0,0,0,0.0,0,0.0,0,0,0,0.0,0,0,0,0,0,0,0,0.0,0,0.0,0,0.0,0,0,0,0,0,0,0,0,0,0,0,0,0,0,0,0,0,0,0,0,0,0,0,164,0,,0,0,,,,,,,0.039019443,0.069,,0.0,,,,,,0,0,,,,,,
[],1220369221305761792-1784197671000,1784197671000,1784224448000,649034868264558592,1220369221305761792,1416491808938000384,verified_drivers,1784197671000-649034868264558592-1220369221305761792,,309.448,2.721,,0.0,True,0,0,0,0,87.923,4,0.0,0,0,0,456.597,5,45.981,22,0,0,0.0,0,0,0,0,0,0,0,0.0,0,0.0,0,0.0,0,40,1,0,0,0,0,57,12,47,10,0,0,0,0,0,0,0,0,0,0,0,63,10929,15848,0.0,0,63,"{'fifth_gear_duration': 2.337286748535273, 'first_gear_duration': 2.3940170094220514, 'ninth_gear_duration': 9.556272797719203, 'sixth_gear_duration': 2.9057963842304355, 'tenth_gear_duration': 14.119799826670947, 'third_gear_duration': 1.3977370661040311, 'eighth_gear_duration': 7.285131119324258, 'fourth_gear_duration': 1.7048046909890617, 'second_gear_duration': 1.6159675164940217, 'seventh_gear_duration': 4.623154154224231, 'twelfth_gear_duration': 35.39751014506049, 'eleventh_gear_duration': 16.662522541226004}",,,"{'up': 27.56207242818809, 'down': 23.87853182292943, 'plane': 48.559395748882494}",0.36068115,44.55,7.397222,113.715,,41.603348,35.39751,52.06003,4120150.0,8554800.0,681000.0,6709,9,7331.55,10782.7,20712.05,,,
[],1289228109731594240-1784197666000,1784197666000,1784198167000,649034868264558592,1289228109731594240,,,1784197666000-649034868264558592-1289228109731594240,,0.005,0.266,,0.0,True,0,0,0,0,0.0,0,0.0,0,0,0,0.0,0,0.0,0,0,0,0.0,0,0,0,0,0,0,0,0.0,0,0.0,0,0.0,0,0,0,0,0,0,0,0,0,0,0,0,0,0,0,0,0,0,0,0,0,0,0,501,0,,0,0,,,,,,,,0.429,,0.035928145,,,,,,0,0,,,,,,
[],1537489465788858368-1784197191000,1784197191000,1784214022000,649034868264558592,1537489465788858368,,,1784197191000-649034868264558592-1537489465788858368,,73.027,2.331,,0.86,True,0,0,0,0,0.0,0,0.0,0,0,0,0.0,0,14.188,7,0,0,0.0,0,0,0,0,0,0,0,0.0,0,0.0,0,1204.762,1,0,0,0,0,0,0,17,4,132,25,0,0,0,0,0,0,0,0,0,0,0,57,11409,5422,,0,57,"{'fifth_gear_duration': 22.160474339442825, 'first_gear_duration': 10.194919749878443, 'sixth_gear_duration': 9.90201395668366, 'third_gear_duration': 17.229073204322244, 'fourth_gear_duration': 25.544908066242172, 'second_gear_duration': 14.968610683430661}",,,"{'up': 42.85442880734213, 'down': 21.54120449530156, 'plane': 35.60436669735632}",0.7582676,38.85,,31.331,,15.619821,9.902014,32.06249,5402522.0,1676519.0,348046.0,6156,20,917.431,2970.62,9265.095,66.0,6.0,0.0
[],1406272050288394240-1784197066000,1784197066000,1784214527000,649034868264558592,1406272050288394240,1510985330570821632,verified_drivers,1784197066000-649034868264558592-1406272050288394240,,72.82,1.597,,2.74,True,0,0,0,0,0.0,0,0.0,0,0,0,12.551,2,3.916,2,0,0,17.517,1,0,0,0,0,0,0,0.0,0,0.0,0,3201.65,2,0,0,0,0,0,0,0,0,0,0,0,0,0,0,0,0,0,0,0,0,0,25,11534,5927,0.0,0,25,,,,,,33.97,4.8469443,45.608,,15.013573,,,,,,7050,18,,,,,,
[],1494312472553717760-1784196833000,1784196833000,1784197608000,649034868264558592,1494312472553717760,,,1784196833000-649034868264558592-1494312472553717760,,0.035,0.064,,0.0,True,0,0,0,0,0.0,0,0.0,0,0,0,0.0,0,0.0,0,0,0,0.0,0,0,0,0,0,0,0,0.0,0,0.0,0,0.0,0,0,0,0,0,0,0,0,0,0,0,0,0,0,0,0,0,0,0,0,0,0,0,775,0,,0,0,"{'fifth_gear_duration': 0, 'first_gear_duration': 82.35294117647058, 'ninth_gear_duration': 0, 'sixth_gear_duration': 0, 'tenth_gear_duration': 0, 'third_gear_duration': 5.88235294117647, 'eighth_gear_duration': 0, 'fourth_gear_duration': 0, 'second_gear_duration': 11.76470588235294, 'seventh_gear_duration': 0, 'twelfth_gear_duration': 0, 'eleventh_gear_duration': 0}",,,,,,0.17805555,0.545,,0.16258064,0.0,0.0,,,,0,0,0.0,0.0,89.25,,,
[],1552709347677569024-1784196725000,1784196725000,1784197170000,649034868264558592,1552709347677569024,,,1784196725000-649034868264558592-1552709347677569024,,0.015,0.136,,0.0,True,0,0,0,0,0.0,0,0.0,0,0,0,0.0,0,0.0,0,0,0,0.0,0,0,0,0,0,0,0,0.0,0,0.0,0,0.0,0,0,0,0,0,0,0,0,0,0,0,0,0,0,0,0,0,0,0,0,0,0,0,445,0,,0,0,,,"{'MODE_HEAVY': 0, 'MODE_LIGHT': 0, 'MODE_TURBO': 100}",,,24.92,0.1,0.242,,0.121348314,,,,,,0,0,,,,,,
[],1334833282986016768-1784196580000,1784196580000,1784197981000,649034868264558592,1334833282986016768,,,1784196580000-649034868264558592-1334833282986016768,,0.04,,,0.0,True,0,0,0,0,0.0,0,0.0,0,0,0,0.0,0,0.0,0,0,0,0.0,0,0,0,0,0,0,0,0.0,0,0.0,0,0.0,0,0,0,0,0,0,0,0,0,0,0,0,0,0,0,0,0,0,0,0,0,0,0,1401,0,,0,0,,,"{'MODE_HEAVY': 0, 'MODE_LIGHT': 0, 'MODE_TURBO': 100}",,,31.99,0.35,1.324,,0.102783725,,,,,,0,0,,,,,,
[],1151974728106246144-1784196572000,1784196572000,1784254173000,649034868264558592,1151974728106246144,,,1784196572000-649034868264558592-1151974728106246144,,785.444,2.953,,3.26,True,0,0,0,0,0.0,0,0.0,0,0,0,0.0,0,0.0,0,0,0,0.0,0,0,0,0,0,0,0,0.0,0,0.0,0,4955.506,3,0,0,0,0,0,0,0,0,0,11,0,0,0,0,0,0,0,0,0,0,0,31,14401,43200,,0,31,"{'fifth_gear_duration': 17.16315218057277, 'first_gear_duration': 0.959130859593308, 'sixth_gear_duration': 68.80767320673189, 'third_gear_duration': 3.136949874447523, 'fourth_gear_duration': 7.551921637410219, 'second_gear_duration': 2.38117224124429}",,,"{'up': 10.055096790564722, 'down': 18.960611598670763, 'plane': 70.98429161076452}",0.5301382,53.14,15.6,265.955,,49.089397,68.80767,85.970825,3953587.0,6153172.0,18779900.0,10243,17,27548.01,34419.492,40036.246,24.0,13.0,0.0
[],1192134868188790784-1784196382000,1784196382000,1784198253000,649034868264558592,1192134868188790784,,,1784196382000-649034868264558592-1192134868188790784,,0.0,,,1.34,True,0,0,0,0,0.0,0,0.0,0,0,0,0.0,0,0.0,0,0,0,0.0,0,0,0,0,0,0,0,0.0,0,0.0,0,1829.8,1,0,0,0,0,0,0,0,0,0,0,0,0,0,0,0,0,0,0,0,0,0,1,1871,0,,0,1,,,"{'MODE_HEAVY': 0, 'MODE_LIGHT': 0, 'MODE_TURBO': 100}",,,,0.45,1.342,,0.0,,,,,,0,0,,,,,,
[],1561408916011614208-1784196292000,1784196292000,1784200599000,649034868264558592,1561408916011614208,,,1784196292000-649034868264558592-1561408916011614208,,0.053,0.015,,3.6,True,0,0,0,0,0.0,0,0.0,0,30,3,0.0,0,0.0,0,0,0,0.0,0,0,0,0,0,0,0,0.0,0,0.0,0,4269.25,1,0,0,0,0,0,0,0,0,0,0,0,0,0,0,0,0,0,0,0,0,0,4,4307,0,,0,4,,,,,,,1.1616666,3.6,,0.044299975,,,,,,0,0,,,,,,
[],1268894231850647552-1784196180000,1784196180000,1784196367000,649034868264558592,1268894231850647552,,,1784196180000-649034868264558592-1268894231850647552,,0.0,,,0.0,True,0,0,0,0,0.0,0,0.0,0,0,0,0.0,0,0.0,0,0,0,0.0,0,0,0,0,0,0,0,0.0,0,0.0,0,0.0,0,0,0,0,0,0,0,0,0,0,0,0,0,0,0,0,0,0,0,0,0,0,0,187,0,,0,0,,,,,,,,0.08,,0.0,,,,,,0,0,,,,,,
[],1192134793974775808-1784195732000,1784195732000,1784198632000,649034868264558592,1192134793974775808,,,1784195732000-649034868264558592-1192134793974775808,,0.031,0.019,,1.56,True,0,0,0,0,0.0,0,0.0,0,0,0,0.0,0,0.0,0,0,0,0.0,0,0,0,0,0,0,0,0.0,0,0.0,0,2776.333,1,0,0,0,0,0,0,0,0,0,0,0,0,0,0,0,0,0,0,0,0,0,1,2900,0,,0,1,,,"{'MODE_HEAVY': 0, 'MODE_LIGHT': 0, 'MODE_TURBO': 100}",,,,0.75,1.626,,0.03848276,,,,,,0,0,,,,,,
[],1334832578175172608-1784195675000,1784195675000,1784214124000,649034868264558592,1334832578175172608,1436711409210621952,verified_drivers,1784195675000-649034868264558592-1334832578175172608,,72.42,1.598,,4.04,True,0,0,0,0,0.0,0,0.0,0,0,0,594.082,7,0.0,0,0,0,93.3,1,0,0,0,0,0,0,0.0,0,0.0,0,5227.95,3,0,0,0,0,0,0,0,0,4,1,0,0,0,0,0,0,0,0,0,0,0,28,12925,5524,0.0,0,28,,,,,,34.24,5.104722,45.326,,14.131497,,,,,,6891,16,,,,,,
[],1334832669606805504-1784195603000,1784195603000,1784196522000,649034868264558592,1334832669606805504,,,1784195603000-649034868264558592-1334832669606805504,,0.127,0.122,,0.0,True,0,0,0,0,0.0,0,0.0,0,0,0,0.0,0,0.0,0,0,0,0.0,0,0,0,0,0,0,0,0.0,0,0.0,0,0.0,0,0,0,0,0,0,0,0,0,0,0,0,0,0,0,0,0,0,0,0,0,0,0,919,0,,0,0,"{'fifth_gear_duration': 0, 'first_gear_duration': 81.23707041711435, 'ninth_gear_duration': 0, 'sixth_gear_duration': 0, 'tenth_gear_duration': 0, 'third_gear_duration': 0, 'eighth_gear_duration': 0, 'fourth_gear_duration': 0, 'second_gear_duration': 18.762929582885643, 'seventh_gear_duration': 0, 'twelfth_gear_duration': 0, 'eleventh_gear_duration': 0}",,,,,36.99,0.21388888,1.039,,0.4974973,0.0,0.0,309614.0,0.0,0.0,0,0,0.0,0.0,187.071,,,
[],1334833282986016768-1784195600000,1784195600000,1784195813000,649034868264558592,1334833282986016768,,,1784195600000-649034868264558592-1334833282986016768,,0.0,,,0.0,True,0,0,0,0,0.0,0,0.0,0,0,0,0.0,0,0.0,0,0,0,0.0,0,0,0,0,0,0,0,0.0,0,0.0,0,0.0,0,0,0,0,0,0,0,0,0,0,0,0,0,0,0,0,0,0,0,0,0,0,0,213,0,,0,0,,,"{'MODE_HEAVY': 0, 'MODE_LIGHT': 0, 'MODE_TURBO': 100}",,,,0.039838612,0.107,,0.0,,,,,,0,0,,,,,,
[],1537489451758911488-1784195497000,1784195497000,1784198775000,649034868264558592,1537489451758911488,1416112945288445952,verified_drivers,1784195497000-649034868264558592-1537489451758911488,,17.66,2.914,,0.0,True,0,0,0,0,0.0,0,0.0,0,0,0,1756.039,1,0.0,0,0,0,0.0,0,0,0,0,0,0,0,0.0,0,0.0,0,0.0,0,0,0,0,0,0,0,0,0,14,3,0,0,0,0,0,0,0,0,0,0,0,5,3278,0,0.0,0,5,"{'fifth_gear_duration': 16.630237585162025, 'first_gear_duration': 7.756692335900257, 'sixth_gear_duration': 12.179858336710863, 'third_gear_duration': 17.94004400440044, 'fourth_gear_duration': 32.36002547623183, 'second_gear_duration': 13.13314226159458}",,,"{'up': 0, 'down': 33.326515306470306, 'plane': 66.6734846935297}",,38.05,,6.061,,19.394753,12.179858,28.810097,647807.0,578612.0,149620.0,7374,1,252.43,597.095,2072.52,3.0,1.0,0.0
[],1552709327888842752-1784195362000,1784195362000,1784195556000,649034868264558592,1552709327888842752,,,1784195362000-649034868264558592-1552709327888842752,,0.015,0.384,,0.0,True,0,0,0,0,0.0,0,0.0,0,0,0,0.0,0,0.0,0,0,0,0.0,0,0,0,0,0,0,0,0.0,0,0.0,0,0.0,0,0,0,0,0,0,0,0,0,0,0,0,0,0,0,0,0,0,0,0,0,0,0,194,0,,0,0,,,"{'MODE_HEAVY': 0, 'MODE_LIGHT': 0, 'MODE_TURBO': 100}",,,,0.023541667,0.039,,0.2783505,,,,,,0,0,,,,,,
[],1494312585351135232-1784195315000,1784195315000,1784201437000,649034868264558592,1494312585351135232,,,1784195315000-649034868264558592-1494312585351135232,,0.032,0.006,,4.33,True,0,0,0,0,0.0,0,0.0,0,0,0,0.0,0,0.0,0,0,0,0.0,0,0,0,0,0,0,0,0.0,0,0.0,0,5510.05,1,0,0,0,0,0,0,0,0,0,0,0,0,0,0,0,0,0,0,0,0,0,1,6122,0,,0,1,"{'fifth_gear_duration': 0, 'first_gear_duration': 90.27777777777779, 'ninth_gear_duration': 0, 'sixth_gear_duration': 0, 'tenth_gear_duration': 0, 'third_gear_duration': 0, 'eighth_gear_duration': 0, 'fourth_gear_duration': 0, 'second_gear_duration': 9.722222222222223, 'seventh_gear_duration': 0, 'twelfth_gear_duration': 0, 'eleventh_gear_duration': 0}",,,,,,1.6533333,4.97,,0.01881738,0.0,0.0,131250.0,0.0,0.0,0,0,0.0,0.0,108.0,,,
[],1561408897250492416-1784195290000,1784195290000,1784196068000,649034868264558592,1561408897250492416,,,1784195290000-649034868264558592-1561408897250492416,,0.024,0.032,,0.0,True,0,0,0,0,0.0,0,0.0,0,0,0,0.0,0,0.0,0,0,0,0.0,0,0,0,0,0,0,0,0.0,0,0.0,0,0.0,0,0,0,0,0,0,0,0,0,0,0,0,0,0,0,0,0,0,0,0,0,0,0,778,0,,0,0,,,,,,,0.16944444,0.756,,0.11105398,,,,,,0,0,,,,,,
[],1186996414987632640-1784195098000,1784195098000,1784195917000,649034868264558592,1186996414987632640,,,1784195098000-649034868264558592-1186996414987632640,,0.0,,,0.0,True,0,0,0,0,0.0,0,0.0,0,0,0,0.0,0,0.0,0,0,0,0.0,0,0,0,0,0,0,0,0.0,0,0.0,0,0.0,0,0,0,0,0,0,0,0,0,0,0,0,0,0,0,0,0,0,0,0,0,0,0,819,0,,2628,0,,,,,,,0.17083333,0.349,,0.0,,,,,,0,0,,,,,,
[],1268893877926887424-1784195088000,1784195088000,1784195863000,649034868264558592,1268893877926887424,1578794490099924992,unverified_drivers,1784195088000-649034868264558592-1268893877926887424,,0.59,1.064,,0.0,True,0,0,0,0,0.0,0,0.0,0,0,0,0.0,0,0.0,0,0,0,0.0,0,0,0,0,0,0,0,0.0,0,0.0,0,0.0,0,0,0,0,0,0,0,0,0,0,0,0,0,0,0,0,0,0,0,0,0,0,0,775,0,0.0,198,0,"{'fifth_gear_duration': 10.319767441860465, 'first_gear_duration': 9.156976744186046, 'ninth_gear_duration': 6.104651162790697, 'sixth_gear_duration': 12.209302325581394, 'tenth_gear_duration': 0, 'third_gear_duration': 15.261627906976743, 'eighth_gear_duration': 21.36627906976744, 'fourth_gear_duration': 6.104651162790697, 'second_gear_duration': 12.209302325581394, 'seventh_gear_duration': 7.267441860465117, 'twelfth_gear_duration': 0, 'eleventh_gear_duration': 0}",,,,,,0.17805555,0.555,,2.7406452,0.0,0.0,,,,0,0,0.0,0.0,172.0,,,
[],1151974728106246144-1784195078000,1784195078000,1784195588000,649034868264558592,1151974728106246144,,,1784195078000-649034868264558592-1151974728106246144,,0.058,0.282,,0.0,True,0,0,0,0,0.0,0,0.0,0,0,0,0.0,0,0.0,0,0,0,0.0,0,0,0,0,0,0,0,0.0,0,0.0,0,0.0,0,0,0,0,0,0,0,0,0,0,0,0,0,0,0,0,0,0,0,0,0,0,0,510,0,,764,0,,,,,,,,0.206,,0.40941176,,,,,,0,0,,,,,,
[],1474013287929610240-1784194822000,1784194822000,1784195093000,649034868264558592,1474013287929610240,,,1784194822000-649034868264558592-1474013287929610240,,0.0,,,0.0,True,0,0,0,0,0.0,0,0.0,0,0,0,0.0,0,0.0,0,0,0,0.0,0,0,0,0,0,0,0,0.0,0,0.0,0,0.0,0,0,0,0,0,0,0,0,0,0,0,0,0,0,0,0,0,0,0,0,0,0,0,271,0,,6246,0,,,"{'MODE_HEAVY': 0, 'MODE_LIGHT': 0, 'MODE_TURBO': 100}",,,,0.050208054,0.132,,0.0,,,,,,0,0,,,,,,
[],1268893877926887424-1784194586000,1784194586000,1784194890000,649034868264558592,1268893877926887424,,,1784194586000-649034868264558592-1268893877926887424,,0.011,0.064,,0.0,True,0,0,0,0,0.0,0,0.0,0,0,0,0.0,0,0.0,0,0,0,0.0,0,0,0,0,0,0,0,0.0,0,0.0,0,0.0,0,0,0,0,0,0,0,0,0,0,0,0,0,0,0,0,0,0,0,0,0,0,0,304,0,,0,0,,,,,,,0.08166666,0.173,,0.13026316,,,,,,0,0,,,,,,
[],1147228695027515392-1784194504000,1784194504000,1784194854000,649034868264558592,1147228695027515392,,,1784194504000-649034868264558592-1147228695027515392,,0.024,0.192,,0.0,True,0,0,0,0,0.0,0,0.0,0,0,0,0.0,0,0.0,0,0,0,0.0,0,0,0,0,0,0,0,0.0,0,0.0,0,0.0,0,0,0,0,0,0,0,0,0,0,0,0,0,0,0,0,0,0,0,0,0,0,0,350,0,,389,0,,,"{'MODE_HEAVY': 0, 'MODE_LIGHT': 0, 'MODE_TURBO': 100}",,,,0.08411111,0.125,,0.24685714,,,,,,0,0,,,,,,
[],1552709318082560000-1784194438000,1784194438000,1784194764000,649034868264558592,1552709318082560000,,,1784194438000-649034868264558592-1552709318082560000,,0.001,0.005,,0.0,True,0,0,0,0,0.0,0,0.0,0,0,0,0.0,0,0.0,0,0,0,0.0,0,0,0,0,0,0,0,0.0,0,0.0,0,0.0,0,0,0,0,0,0,0,0,0,0,0,0,0,0,0,0,0,0,0,0,0,0,0,326,0,,0,0,,,"{'MODE_HEAVY': 0, 'MODE_LIGHT': 0, 'MODE_TURBO': 100}",,,,0.07796278,0.217,,0.011042945,,,,,,0,0,,,,,,
[],1334833501215653888-1784194425000,1784194425000,1784211288000,649034868264558592,1334833501215653888,1409886863967125504,verified_drivers,1784194425000-649034868264558592-1334833501215653888,,183.654,3.412,,0.8,True,0,0,0,0,103.222,7,0.0,0,0,0,144.893,3,8.037,4,0,0,0.0,0,0,0,0,0,0,0,0.0,0,0.0,0,1388.75,1,0,0,0,0,0,0,0,0,13,3,0,0,0,0,0,0,0,0,0,0,0,24,14175,2688,0.0,0,24,"{'fifth_gear_duration': 17.815484232317143, 'first_gear_duration': 1.0465441084588265, 'sixth_gear_duration': 69.11132434916986, 'third_gear_duration': 2.532016755686525, 'fourth_gear_duration': 8.364892704673627, 'second_gear_duration': 1.1297378496940262}",,"{'MODE_HEAVY': 0, 'MODE_LIGHT': 0, 'MODE_TURBO': 100}","{'up': 0, 'down': 1.957383548067394, 'plane': 98.0426164519326}",,44.58,4.6154165,53.82,,39.2074,69.11133,86.92681,1477602.0,4393244.0,1710493.0,4316,6,7754.01,9752.835,11219.594,10.0,2.0,0.0
[],1146409880471470080-1784194181000,1784194181000,1784194689000,649034868264558592,1146409880471470080,,,1784194181000-649034868264558592-1146409880471470080,,0.518,1.291,,0.0,True,0,0,0,0,0.0,0,0.0,0,0,0,0.0,0,0.0,0,0,0,0.0,0,0,0,0,0,0,0,0.0,0,0.0,0,0.0,0,0,0,0,0,0,0,0,0,0,0,0,0,0,0,0,0,0,0,0,0,0,0,508,0,,4822,0,,,,,,17.25,0.13512917,0.401,,3.6708663,,,,,,0,0,,,,,,
[],1151974728106246144-1784193752000,1784193752000,1784194314000,649034868264558592,1151974728106246144,,,1784193752000-649034868264558592-1151974728106246144,,0.0,,,0.0,True,0,0,0,0,0.0,0,0.0,0,0,0,0.0,0,0.0,0,0,0,0.0,0,0,0,0,0,0,0,0.0,0,0.0,0,0.0,0,0,0,0,0,0,0,0,0,0,0,0,0,0,0,0,0,0,0,0,0,0,0,562,0,,0,0,,,,,,,,0.464,,0.0,,,,,,0,0,,,,,,
[],1220369221305761792-1784193739000,1784193739000,1784194383000,649034868264558592,1220369221305761792,,,1784193739000-649034868264558592-1220369221305761792,,0.0,,,0.0,True,0,0,0,0,0.0,0,0.0,0,0,0,0.0,0,0.0,0,0,0,0.0,0,0,0,0,0,0,0,0.0,0,0.0,0,0.0,0,0,0,0,0,0,0,0,0,0,0,0,0,0,0,0,0,0,0,0,0,0,0,644,0,,1,0,,,,,,,0.12222222,0.539,,0.0,,,,,,0,0,,,,,,
[],1552709318082560000-1784193442000,1784193442000,1784193694000,649034868264558592,1552709318082560000,,,1784193442000-649034868264558592-1552709318082560000,,0.0,,,0.0,True,0,0,0,0,0.0,0,0.0,0,0,0,0.0,0,0.0,0,0,0,0.0,0,0,0,0,0,0,0,0.0,0,0.0,0,0.0,0,0,0,0,0,0,0,0,0,0,0,0,0,0,0,0,0,0,0,0,0,0,0,252,0,,6944,0,,,"{'MODE_HEAVY': 0, 'MODE_LIGHT': 0, 'MODE_TURBO': 100}",,,,0.029398888,0.068,,0.0,,,,,,0,0,,,,,,
[],1494312366358134784-1784193307000,1784193307000,1784195000000,649034868264558592,1494312366358134784,,,1784193307000-649034868264558592-1494312366358134784,,0.002,0.001,,1.6,True,0,0,0,0,0.0,0,0.0,0,0,0,0.0,0,0.0,0,0,0,0.0,0,0,0,0,0,0,0,0.0,0,0.0,0,1653.0,1,0,0,0,0,0,0,0,0,0,0,0,0,0,0,0,0,0,0,0,0,0,1,1693,0,,1881,1,,,,,,,0.41583332,1.596,,0.004252806,,,,,,0,0,,,,,,
[],1334833185816576000-1784193306000,1784193306000,1784214063000,649034868264558592,1334833185816576000,,,1784193306000-649034868264558592-1334833185816576000,,257.439,3.323,,0.84,True,0,0,0,0,0.0,0,0.0,0,0,0,0.0,0,0.0,0,0,0,0.0,0,0,0,0,0,0,0,0.0,0,0.0,0,1281.67,1,0,0,0,0,0,0,0,0,12,2,0,0,0,0,0,0,0,0,0,0,0,12,15294,5463,,0,12,"{'fifth_gear_duration': 13.296780535368638, 'first_gear_duration': 1.043567943687175, 'sixth_gear_duration': 68.47895743225499, 'third_gear_duration': 5.42005201579658, 'fourth_gear_duration': 8.513760793469086, 'second_gear_duration': 3.246881279423536}",,"{'MODE_HEAVY': 0, 'MODE_LIGHT': 0, 'MODE_TURBO': 100}","{'up': 13.59243542887977, 'down': 17.740194755819374, 'plane': 68.66736981530084}",0.5090598,49.72,5.75,77.471,,44.64905,68.47896,81.77574,1287836.0,4070352.0,4651085.0,5792,9,10023.328,11969.59,14637.092,6.0,9.0,0.0
[],1147228695027515392-1784193262000,1784193262000,1784194115000,649034868264558592,1147228695027515392,,,1784193262000-649034868264558592-1147228695027515392,,2.32,2.348,,0.0,True,0,0,0,0,0.0,0,0.0,0,0,0,0.0,0,0.0,0,0,0,0.0,0,0,0,0,0,0,0,0.0,0,0.0,0,0.0,0,0,0,0,0,0,0,0,0,0,0,0,0,0,0,0,0,0,0,0,0,0,0,853,0,,0,0,"{'fifth_gear_duration': 18.155197657393852, 'first_gear_duration': 15.885797950219619, 'sixth_gear_duration': 12.518301610541727, 'third_gear_duration': 12.518301610541727, 'fourth_gear_duration': 20.497803806734993, 'second_gear_duration': 20.424597364568083}",,"{'MODE_HEAVY': 0, 'MODE_LIGHT': 0, 'MODE_TURBO': 100}",,,23.83,0.2,0.988,,9.791325,12.518302,30.6735,182250.0,124250.0,58250.0,0,0,42.75,104.75,341.5,3.0,1.0,0.0
[],1406271868830220288-1784193191000,1784193191000,1784205620000,649034868264558592,1406271868830220288,1533468195703226368,verified_drivers,1784193191000-649034868264558592-1406271868830220288,,152.187,2.772,,1.29,True,0,0,0,0,0.0,0,4.248,1,0,0,8.294,1,53.728,25,0,0,0.0,0,0,0,0,0,0,0,0.0,0,0.0,0,1398.25,1,175,4,0,0,0,0,0,0,15,3,0,0,0,0,0,0,0,0,0,0,0,40,12429,0,0.0,0,40,"{'fifth_gear_duration': 1.5104431842787502, 'first_gear_duration': 0.3130907026691714, 'ninth_gear_duration': 8.245697197399299, 'sixth_gear_duration': 1.9212650034820367, 'tenth_gear_duration': 19.01367650415211, 'third_gear_duration': 0.9117669434739607, 'eighth_gear_duration': 4.159717223499944, 'fourth_gear_duration': 1.0721162005419103, 'second_gear_duration': 0.6612943813386237, 'seventh_gear_duration': 3.0208863685575005, 'twelfth_gear_duration': 32.71358930692838, 'eleventh_gear_duration': 26.45645698367832}",,,"{'up': 20.043404337669156, 'down': 20.172649738053437, 'plane': 59.78394592427742}",0.39141682,43.94,3.4236112,54.907,,44.08023,32.71359,59.170048,1652650.0,3804350.0,448350.0,1730,5,2795.0,5055.4,8543.85,,,
[],1406271868830220288-1784192983000,1784192983000,1784193160000,649034868264558592,1406271868830220288,,,1784192983000-649034868264558592-1406271868830220288,,0.0,,,0.0,True,0,0,0,0,0.0,0,0.0,0,0,0,0.0,0,0.0,0,0,0,0.0,0,0,0,0,0,0,0,0.0,0,0.0,0,0.0,0,0,0,0,0,0,0,0,0,0,0,0,0,0,0,0,0,0,0,0,0,0,0,177,0,,0,0,,,,,,,0.03880972,0.134,,0.0,,,,,,0,0,,,,,,
[],1289228109731594240-1784192735000,1784192735000,1784195108000,649034868264558592,1289228109731594240,1436367025436884992,verified_drivers,1784192735000-649034868264558592-1289228109731594240,,8.513,1.827,,0.0,True,0,0,0,0,0.0,0,0.0,0,0,0,0.0,0,0.0,0,0,0,0.0,0,0,0,0,0,0,0,0.0,0,0.0,0,0.0,0,0,0,0,0,0,0,0,0,0,0,0,0,0,0,0,0,0,0,0,0,0,0,2373,0,0.0,0,0,"{'fifth_gear_duration': 11.586563027684061, 'first_gear_duration': 15.965050606910694, 'sixth_gear_duration': 3.7946892353297486, 'third_gear_duration': 26.634428942212356, 'fourth_gear_duration': 20.03241820156812, 'second_gear_duration': 21.986849986295017}",,,"{'up': 40.892857142857146, 'down': 0, 'plane': 59.10714285714286}",0.43022016,44.17,,4.659,,12.914791,3.7946892,15.381252,640382.0,338159.0,41488.0,0,0,56.069,227.268,1477.565,10.0,0.0,0.0
[],1537489451758911488-1784192408000,1784192408000,1784192513000,649034868264558592,1537489451758911488,,,1784192408000-649034868264558592-1537489451758911488,,0.002,0.015,,0.0,True,0,0,0,0,0.0,0,0.0,0,0,0,0.0,0,0.0,0,0,0,0.0,0,0,0,0,0,0,0,0.0,0,0.0,0,0.0,0,0,0,0,0,0,0,0,0,0,0,0,0,0,0,0,0,0,0,0,0,0,0,105,0,,0,0,,,,,,,,0.137,,0.068571426,,,,,,0,0,,,,,,
[],1334833501215653888-1784192349000,1784192349000,1784193856000,649034868264558592,1334833501215653888,,,1784192349000-649034868264558592-1334833501215653888,,0.0,,,1.01,True,0,0,0,0,0.0,0,0.0,0,0,0,0.0,0,0.0,0,0,0,0.0,0,0,0,0,0,0,0,0.0,0,0.0,0,1387.67,1,0,0,0,0,0,0,0,0,0,0,0,0,0,0,0,0,0,0,0,0,0,1,1507,0,,0,1,,,"{'MODE_HEAVY': 0, 'MODE_LIGHT': 0, 'MODE_TURBO': 100}",,,,0.35,1.01,,0.0,,,,,,0,0,,,,,,
[],1147228695027515392-1784192284000,1784192284000,1784192665000,649034868264558592,1147228695027515392,,,1784192284000-649034868264558592-1147228695027515392,,0.0,,,0.0,True,0,0,0,0,0.0,0,0.0,0,0,0,0.0,0,0.0,0,0,0,0.0,0,0,0,0,0,0,0,0.0,0,0.0,0,0.0,0,0,0,0,0,0,0,0,0,0,0,0,0,0,0,0,0,0,0,0,0,0,0,381,0,,6052,0,,,"{'MODE_HEAVY': 0, 'MODE_LIGHT': 0, 'MODE_TURBO': 100}",,,,0.060902778,0.208,,0.0,,,,,,0,0,,,,,,
[],1474013563159838720-1784191956000,1784191956000,1784195757000,649034868264558592,1474013563159838720,,,1784191956000-649034868264558592-1474013563159838720,,0.053,0.019,,2.74,True,0,0,0,0,0.0,0,0.0,0,0,0,0.0,0,0.0,0,0,0,0.0,0,0,0,0,0,0,0,0.0,0,0.0,0,3740.834,1,0,0,0,0,0,0,0,0,0,0,0,0,0,0,0,0,0,0,0,0,0,1,3801,0,,0,1,,,"{'MODE_HEAVY': 0, 'MODE_LIGHT': 0, 'MODE_TURBO': 100}",,,,1.0,2.802,,0.05019732,,,,,,0,0,,,,,,
[],1192134642870779904-1784191882000,1784191882000,1784192198000,649034868264558592,1192134642870779904,,,1784191882000-649034868264558592-1192134642870779904,,0.0,,,0.0,True,0,0,0,0,0.0,0,0.0,0,0,0,0.0,0,0.0,0,0,0,0.0,0,0,0,0,0,0,0,0.0,0,0.0,0,0.0,0,0,0,0,0,0,0,0,0,0,0,0,0,0,0,0,0,0,0,0,0,0,0,316,0,,0,0,,,"{'MODE_HEAVY': 0, 'MODE_LIGHT': 0, 'MODE_TURBO': 100}",,,,0.06410917,0.194,,0.0,,,,,,0,0,,,,,,
[],1537489444636983296-1784191546000,1784191546000,1784191848000,649034868264558592,1537489444636983296,,,1784191546000-649034868264558592-1537489444636983296,,0.0,,,0.0,True,0,0,0,0,0.0,0,0.0,0,0,0,0.0,0,0.0,0,0,0,0.0,0,0,0,0,0,0,0,0.0,0,0.0,0,0.0,0,0,0,0,0,0,0,0,0,0,0,0,0,0,0,0,0,0,0,0,0,0,0,302,0,,0,0,,,,,,,,0.22,,0.0,,,,,,0,0,,,,,,
[],1494312585351135232-1784191403000,1784191403000,1784192712000,649034868264558592,1494312585351135232,,,1784191403000-649034868264558592-1494312585351135232,,0.0,,,1.01,True,0,0,0,0,0.0,0,0.0,0,0,0,0.0,0,0.0,0,0,0,0.0,0,0,0,0,0,0,0,0.0,0,0.0,0,1276.75,1,0,0,0,0,0,0,0,0,0,0,0,0,0,0,0,0,0,0,0,0,0,1,1309,0,,19,1,,,,,,,0.32666665,1.097,,0.0,,,,,,0,0,,,,,,
[],1268893955106275328-1784191272000,1784191272000,1784222134000,649034868264558592,1268893955106275328,1416470165637300224,verified_drivers,1784191272000-649034868264558592-1268893955106275328,,304.44,2.325,,4.75,True,0,0,0,0,185.532,9,0.0,0,0,0,3106.254,7,44.63,21,0,0,12.738,1,0,0,0,0,0,0,0.0,0,0.0,0,5984.0,3,730,16,0,0,0,0,0,0,44,9,0,0,0,0,0,0,0,0,0,0,0,79,17328,13534,0.0,0,79,,,,,,44.66,8.551111,130.935,,35.51241,,,,,,7140,13,,,,,,
[],1494312585351135232-1784191187000,1784191187000,1784191384000,649034868264558592,1494312585351135232,,,1784191187000-649034868264558592-1494312585351135232,,0.0,,,0.0,True,0,0,0,0,0.0,0,0.0,0,0,0,0.0,0,0.0,0,0,0,0.0,0,0,0,0,0,0,0,0.0,0,0.0,0,0.0,0,0,0,0,0,0,0,0,0,0,0,0,0,0,0,0,0,0,0,0,0,0,0,197,0,,0,0,,,,,,,0.047708333,0.173,,0.0,,,,,,0,0,,,,,,
[],1268893877926887424-1784191083000,1784191083000,1784191494000,649034868264558592,1268893877926887424,,,1784191083000-649034868264558592-1268893877926887424,,0.021,0.102,,0.0,True,0,0,0,0,0.0,0,0.0,0,0,0,0.0,0,0.0,0,0,0,0.0,0,0,0,0,0,0,0,0.0,0,0.0,0,0.0,0,0,0,0,0,0,0,0,0,0,0,0,0,0,0,0,0,0,0,0,0,0,0,411,0,,0,0,,,,,,,0.10583334,0.205,,0.1839416,,,,,,0,0,,,,,,
[],682178685842751488-1784190899000,1784190899000,1784191275000,649034868264558592,682178685842751488,,,1784190899000-649034868264558592-682178685842751488,,0.002,0.005,,0.0,True,0,0,0,0,0.0,0,0.0,0,0,0,0.0,0,0.0,0,0,0,0.0,0,0,0,0,0,0,0,0.0,0,0.0,0,0.0,0,0,0,0,0,0,0,0,0,0,0,0,0,0,0,0,0,0,0,0,0,0,0,376,0,,0,0,,,,,,,,0.394,,0.019148936,,,,,,0,0,,,,,,
[],1494312366358134784-1784190788000,1784190788000,1784191426000,649034868264558592,1494312366358134784,,,1784190788000-649034868264558592-1494312366358134784,,0.001,0.001,,0.0,True,0,0,0,0,0.0,0,0.0,0,0,0,0.0,0,0.0,0,0,0,0.0,0,0,0,0,0,0,0,0.0,0,0.0,0,0.0,0,0,0,0,0,0,0,0,0,0,0,0,0,0,0,0,0,0,0,0,0,0,0,638,0,,0,0,,,,,,,0.14777778,0.672,,0.0056426334,,,,,,0,0,,,,,,
[],930508235230674944-1784190774000,1784190774000,1784203520000,649034868264558592,930508235230674944,1410652706569191424,verified_drivers,1784190774000-649034868264558592-930508235230674944,,182.656,2.961,,0.0,True,0,0,0,0,0.0,0,0.0,0,0,0,0.0,0,12.689,6,0,0,0.0,0,0,0,0,0,0,0,0.0,0,0.0,0,0.0,0,281,9,0,0,0,0,0,0,0,3,0,0,0,0,0,0,0,0,0,0,0,22,12746,0,0.0,0,22,"{'fifth_gear_duration': 33.272814813328786, 'first_gear_duration': 2.0367324011475114, 'sixth_gear_duration': 46.911047806287236, 'third_gear_duration': 5.1211707825947395, 'fourth_gear_duration': 10.21024334463458, 'second_gear_duration': 2.4479908520071416}",,,"{'up': 5.336238370038863, 'down': 0, 'plane': 94.66376162996113}",0.33252564,57.57,,61.682,,51.589645,46.91105,80.18386,1144350.0,4658500.0,1874550.0,4847,4,4676.75,7993.85,9969.4,16.0,4.0,0.0
[],1474016264899788800-1784190593000,1784190593000,1784199223000,649034868264558592,1474016264899788800,1410616788265205760,verified_drivers,1784190593000-649034868264558592-1474016264899788800,,33.31,1.827,,1.38,True,0,0,0,0,0.0,0,0.0,0,0,0,1856.76,3,6.252,3,0,0,6.451,1,0,0,0,0,0,0,0.0,0,0.0,0,1398.25,1,0,0,0,0,0,0,0,0,16,3,0,0,0,0,0,0,0,0,0,0,0,23,8630,0,0.0,0,23,,,,,,30.03,2.3844445,18.228,,13.895249,,,,,,2890,12,,,,,,
[],1536322320262496256-1784190559000,1784190559000,1784192287000,649034868264558592,1536322320262496256,,,1784190559000-649034868264558592-1536322320262496256,,0.026,0.017,,1.57,True,0,0,0,0,0.0,0,0.0,0,0,0,0.0,0,0.0,0,0,0,0.0,0,0,0,0,0,0,0,0.0,0,0.0,0,1718.5,1,0,0,0,0,0,0,0,0,0,0,0,0,0,0,0,0,0,0,0,0,0,1,1728,0,,0,1,,,,,,,0.45277777,1.57,,0.054166667,,,,,,0,0,,,,,,
[],1476550907393998848-1784190439000,1784190439000,1784190698000,649034868264558592,1476550907393998848,,,1784190439000-649034868264558592-1476550907393998848,,0.0,,,0.0,True,0,0,0,0,0.0,0,0.0,0,0,0,0.0,0,0.0,0,0,0,0.0,0,0,0,0,0,0,0,0.0,0,0.0,0,0.0,0,0,0,0,0,0,0,0,0,0,0,0,0,0,0,0,0,0,0,0,0,0,0,259,0,,1326,0,,,,,,,0.06706333,0.215,,0.0,,,,,,0,0,,,,,,
[],1474013221449891840-1784190429000,1784190429000,1784190818000,649034868264558592,1474013221449891840,,,1784190429000-649034868264558592-1474013221449891840,,0.0,,,0.0,True,0,0,0,0,0.0,0,0.0,0,0,0,0.0,0,0.0,0,0,0,0.0,0,0,0,0,0,0,0,0.0,0,0.0,0,0.0,0,0,0,0,0,0,0,0,0,0,0,0,0,0,0,0,0,0,0,0,0,0,0,389,0,,0,0,,,"{'MODE_HEAVY': 0, 'MODE_LIGHT': 0, 'MODE_TURBO': 100}",,,,0.07617972,0.318,,0.0,,,,,,0,0,,,,,,
[],1334833185816576000-1784190251000,1784190251000,1784191160000,649034868264558592,1334833185816576000,,,1784190251000-649034868264558592-1334833185816576000,,0.031,0.094,,0.0,True,0,0,0,0,0.0,0,0.0,0,0,0,0.0,0,0.0,0,0,0,0.0,0,0,0,0,0,0,0,0.0,0,0.0,0,0.0,0,0,0,0,0,0,0,0,0,0,0,0,0,0,0,0,0,0,0,0,0,0,0,909,0,,0,0,"{'fifth_gear_duration': 0, 'first_gear_duration': 33.118536811236304, 'sixth_gear_duration': 0, 'third_gear_duration': 0, 'fourth_gear_duration': 0, 'second_gear_duration': 66.8814631887637}",,"{'MODE_HEAVY': 0, 'MODE_LIGHT': 0, 'MODE_TURBO': 100}",,,,0.2,0.331,,0.12277228,0.0,0.0,,,,0,0,0.0,0.0,25.916,1.0,1.0,0.0
[],1192134868188790784-1784190155000,1784190155000,1784192369000,649034868264558592,1192134868188790784,,,1784190155000-649034868264558592-1192134868188790784,,0.0,,,1.52,True,0,0,0,0,0.0,0,0.0,0,0,0,0.0,0,0.0,0,0,0,0.0,0,0,0,0,0,0,0,0.0,0,0.0,0,2156.503,1,0,0,0,0,0,0,0,0,0,0,0,0,0,0,0,0,0,0,0,0,0,1,2214,0,,0,1,,,"{'MODE_HEAVY': 0, 'MODE_LIGHT': 0, 'MODE_TURBO': 100}",,,,0.55,1.592,,0.0,,,,,,0,0,,,,,,
[],1334833501215653888-1784189892000,1784189892000,1784190560000,649034868264558592,1334833501215653888,,,1784189892000-649034868264558592-1334833501215653888,,0.0,,,0.0,True,0,0,0,0,0.0,0,0.0,0,0,0,0.0,0,0.0,0,0,0,0.0,0,0,0,0,0,0,0,0.0,0,0.0,0,0.0,0,0,0,0,0,0,0,0,0,0,0,0,0,0,0,0,0,0,0,0,0,0,0,668,0,,0,0,,,"{'MODE_HEAVY': 0, 'MODE_LIGHT': 0, 'MODE_TURBO': 100}",,,,0.15,0.495,,0.0,,,,,,0,0,,,,,,
[],1268893877926887424-1784189465000,1784189465000,1784190027000,649034868264558592,1268893877926887424,,,1784189465000-649034868264558592-1268893877926887424,,0.01,0.023,,0.0,True,0,0,0,0,0.0,0,0.0,0,0,0,0.0,0,0.0,0,0,0,0.0,0,0,0,0,0,0,0,0.0,0,0.0,0,0.0,0,0,0,0,0,0,0,0,0,0,0,0,0,0,0,0,0,0,0,0,0,0,0,562,0,,0,0,,,,,,,0.11861111,0.439,,0.06405694,,,,,,0,0,,,,,,
[],1268893877926887424-1784189252000,1784189252000,1784189463000,649034868264558592,1268893877926887424,,,1784189252000-649034868264558592-1268893877926887424,,0.023,0.168,,0.0,True,0,0,0,0,0.0,0,0.0,0,0,0,0.0,0,0.0,0,0,0,0.0,0,0,0,0,0,0,0,0.0,0,0.0,0,0.0,0,0,0,0,0,0,0,0,0,0,0,0,0,0,0,0,0,0,0,0,0,0,0,211,0,,1865,0,,,,,,,0.051319443,0.137,,0.39241707,,,,,,0,0,,,,,,
[],1561408897250492416-1784189227000,1784189227000,1784190336000,649034868264558592,1561408897250492416,,,1784189227000-649034868264558592-1561408897250492416,,0.0,,,0.0,True,0,0,0,0,0.0,0,0.0,0,0,0,0.0,0,0.0,0,0,0,0.0,0,0,0,0,0,0,0,0.0,0,0.0,0,0.0,0,0,0,0,0,0,0,0,0,0,0,0,0,0,0,0,0,0,0,0,0,0,0,1109,0,,0,0,,,,,,,0.2825,1.114,,0.0,,,,,,0,0,,,,,,
[],1268893955106275328-1784189192000,1784189192000,1784189839000,649034868264558592,1268893955106275328,,,1784189192000-649034868264558592-1268893955106275328,,0.29,0.372,,0.0,True,0,0,0,0,0.0,0,0.0,0,0,0,0.0,0,0.0,0,0,0,0.0,0,0,0,0,0,0,0,0.0,0,0.0,0,0.0,0,0,0,0,0,0,0,0,0,0,0,0,0,0,0,0,0,0,0,0,0,0,1,647,0,,2427,1,"{'fifth_gear_duration': 2.158273381294964, 'first_gear_duration': 32.94964028776978, 'ninth_gear_duration': 0, 'sixth_gear_duration': 0, 'tenth_gear_duration': 0, 'third_gear_duration': 17.26618705035971, 'eighth_gear_duration': 0, 'fourth_gear_duration': 13.6896197327852, 'second_gear_duration': 33.936279547790335, 'seventh_gear_duration': 0, 'twelfth_gear_duration': 0, 'eleventh_gear_duration': 0}",,,,,35.59,0.11861111,0.779,,1.6136012,0.0,0.0,,,,4420,1,0.0,0.0,243.25,,,
[],1146409880471470080-1784189159000,1784189159000,1784189359000,649034868264558592,1146409880471470080,,,1784189159000-649034868264558592-1146409880471470080,,0.0,,,0.0,True,0,0,0,0,0.0,0,0.0,0,0,0,0.0,0,0.0,0,0,0,0.0,0,0,0,0,0,0,0,0.0,0,0.0,0,0.0,0,0,0,0,0,0,0,0,0,0,0,0,0,0,0,0,0,0,0,0,0,0,0,200,0,,0,0,,,,,,,0.047036666,0.078,,0.0,,,,,,0,0,,,,,,
[],1561408916011614208-1784188878000,1784188878000,1784189873000,649034868264558592,1561408916011614208,,,1784188878000-649034868264558592-1561408916011614208,,0.0,,,0.0,True,0,0,0,0,0.0,0,0.0,0,30,3,0.0,0,0.0,0,0,0,0.0,0,0,0,0,0,0,0,0.0,0,0.0,0,0.0,0,0,0,0,0,0,0,0,0,0,0,0,0,0,0,0,0,0,0,0,0,0,3,995,0,,0,3,,,,,,,0.22638889,0.831,,0.0,,,,,,0,0,,,,,,
[],1284477133422329856-1784188730000,1784188730000,1784189446000,649034868264558592,1284477133422329856,,,1784188730000-649034868264558592-1284477133422329856,,0.149,0.538,,0.0,True,0,0,0,0,0.0,0,0.0,0,0,0,0.0,0,0.0,0,0,0,0.0,0,0,0,0,0,0,0,0.0,0,0.0,0,0.0,0,0,0,0,0,0,0,0,0,0,0,0,0,0,0,0,0,0,0,0,0,0,0,716,0,,105,0,"{'fifth_gear_duration': 0, 'first_gear_duration': 35.24957698815567, 'sixth_gear_duration': 0, 'third_gear_duration': 11.868302312464749, 'fourth_gear_duration': 0, 'second_gear_duration': 52.882120699379584}",,"{'MODE_HEAVY': 0, 'MODE_LIGHT': 0, 'MODE_TURBO': 100}",,,,0.15,0.277,,0.749162,0.0,0.0,,,,0,0,0.0,0.0,70.92,2.0,0.0,0.0
[],1476550907393998848-1784188634000,1784188634000,1784189113000,649034868264558592,1476550907393998848,,,1784188634000-649034868264558592-1476550907393998848,,0.0,,,0.0,True,0,0,0,0,0.0,0,0.0,0,0,0,0.0,0,0.0,0,0,0,0.0,0,0,0,0,0,0,0,0.0,0,0.0,0,0.0,0,0,0,0,0,0,0,0,0,0,0,0,0,0,0,0,0,0,0,0,0,0,0,479,0,,0,0,,,,,,,0.12817444,0.455,,0.0,,,,,,0,0,,,,,,
[],1494312585351135232-1784188322000,1784188322000,1784189457000,649034868264558592,1494312585351135232,,,1784188322000-649034868264558592-1494312585351135232,,0.0,,,0.0,True,0,0,0,0,0.0,0,0.0,0,0,0,0.0,0,0.0,0,0,0,0.0,0,0,0,0,0,0,0,0.0,0,0.0,0,0.0,0,0,0,0,0,0,0,0,0,0,0,0,0,0,0,0,0,0,0,0,0,0,0,1135,0,,2271,0,,,,,,,0.26722223,0.984,,0.0,,,,,,0,0,,,,,,
[],1066488845387694080-1784188310000,1784188310000,1784188407000,649034868264558592,1066488845387694080,,,1784188310000-649034868264558592-1066488845387694080,,0.0,,,0.0,True,0,0,0,0,0.0,0,0.0,0,0,0,0.0,0,0.0,0,0,0,0.0,0,0,0,0,0,0,0,0.0,0,0.0,0,0.0,0,0,0,0,0,0,0,0,0,0,0,0,0,0,0,0,0,0,0,0,0,0,0,97,0,,2928,0,,,,,,,,0.093,,0.0,,,,,,0,0,,,,,,
[],1146409880471470080-1784188213000,1784188213000,1784188979000,649034868264558592,1146409880471470080,,,1784188213000-649034868264558592-1146409880471470080,,0.0,,,0.0,True,0,0,0,0,0.0,0,0.0,0,0,0,0.0,0,0.0,0,0,0,0.0,0,0,0,0,0,0,0,0.0,0,0.0,0,0.0,0,0,0,0,0,0,0,0,0,0,0,0,0,0,0,0,0,0,0,0,0,0,0,766,0,,2503,0,,,,,,,0.18333334,0.475,,0.0,,,,,,0,0,,,,,,
[],1494312472553717760-1784188192000,1784188192000,1784190143000,649034868264558592,1494312472553717760,,,1784188192000-649034868264558592-1494312472553717760,,0.01,0.007,,1.36,True,0,0,0,0,0.0,0,0.0,0,0,0,0.0,0,0.0,0,0,0,0.0,0,0,0,0,0,0,0,0.0,0,0.0,0,1918.75,1,0,0,0,0,0,0,0,0,0,0,0,0,0,0,0,0,0,0,0,0,0,1,1951,0,,0,1,,,,,,,0.50472224,1.46,,0.018452076,,,,,,0,0,,,,,,
[],1406271868830220288-1784188155000,1784188155000,1784188951000,649034868264558592,1406271868830220288,,,1784188155000-649034868264558592-1406271868830220288,,0.0,,,0.0,True,0,0,0,0,0.0,0,0.0,0,0,0,0.0,0,0.0,0,0,0,0.0,0,0,0,0,0,0,0,0.0,0,0.0,0,0.0,0,0,0,0,0,0,0,0,0,0,0,0,0,0,0,0,0,0,0,0,0,0,0,796,0,,0,0,,,,,,,0.18333334,0.71,,0.0,,,,,,0,0,,,,,,
[],1334833185816576000-1784188129000,1784188129000,1784188346000,649034868264558592,1334833185816576000,,,1784188129000-649034868264558592-1334833185816576000,,0.0,,,0.0,True,0,0,0,0,0.0,0,0.0,0,0,0,0.0,0,0.0,0,0,0,0.0,0,0,0,0,0,0,0,0.0,0,0.0,0,0.0,0,0,0,0,0,0,0,0,0,0,0,0,0,0,0,0,0,0,0,0,0,0,0,217,0,,2490,0,,,"{'MODE_HEAVY': 0, 'MODE_LIGHT': 0, 'MODE_TURBO': 100}",,,,0.026064444,0.032,,0.0,,,,,,0,0,,,,,,
[],1474016042442293248-1784188121000,1784188121000,1784189254000,649034868264558592,1474016042442293248,,,1784188121000-649034868264558592-1474016042442293248,,0.048,0.062,,0.0,True,0,0,0,0,0.0,0,0.0,0,0,0,0.0,0,0.0,0,0,0,0.0,0,0,0,0,0,0,0,0.0,0,0.0,0,0.0,0,0,0,0,0,0,0,0,0,0,0,0,0,0,0,0,0,0,0,0,0,0,0,1133,0,,0,0,"{'fifth_gear_duration': 0, 'first_gear_duration': 100, 'sixth_gear_duration': 0, 'third_gear_duration': 0, 'fourth_gear_duration': 0, 'second_gear_duration': 0}",,"{'MODE_HEAVY': 0, 'MODE_LIGHT': 0, 'MODE_TURBO': 100}",,,,0.25,0.77,,0.15251544,0.0,0.0,77751.0,0.0,0.0,0,0,0.0,0.0,16.166,1.0,0.0,0.0
[],1474013287929610240-1784187694000,1784187694000,1784188576000,649034868264558592,1474013287929610240,,,1784187694000-649034868264558592-1474013287929610240,,0.715,0.773,,0.0,True,0,0,0,0,0.0,0,0.0,0,0,0,0.0,0,0.0,0,0,0,0.0,0,0,0,0,0,0,0,0.0,0,0.0,0,0.0,0,0,0,0,0,0,0,0,0,0,0,0,0,0,0,0,0,0,0,0,0,0,0,882,0,,0,0,"{'fifth_gear_duration': 0, 'first_gear_duration': 24.69624151215678, 'sixth_gear_duration': 0, 'third_gear_duration': 26.98801286759179, 'fourth_gear_duration': 3.507664291573789, 'second_gear_duration': 44.80808132867764}",,"{'MODE_HEAVY': 0, 'MODE_LIGHT': 0, 'MODE_TURBO': 100}",,,35.76,0.2,0.924,,2.9183674,0.0,0.0,203502.0,67825.0,8333.0,0,0,0.0,0.0,232.833,2.0,0.0,0.0
[],1146410747421523968-1784187544000,1784187544000,1784193928000,649034868264558592,1146410747421523968,1411795285746647040,verified_drivers,1784187544000-649034868264558592-1146410747421523968,,31.678,2.107,,0.0,True,0,0,0,0,0.0,0,0.0,0,0,0,262.616,1,0.0,0,0,0,0.0,0,0,0,0,0,0,0,0.0,0,0.0,0,0.0,0,0,0,0,0,0,0,0,0,0,0,0,0,0,0,0,0,0,0,0,0,0,4,6384,0,0.0,0,4,"{'fifth_gear_duration': 7.452013290267352, 'first_gear_duration': 2.6312308444610935, 'ninth_gear_duration': 16.233534747565848, 'sixth_gear_duration': 7.9304188983511885, 'tenth_gear_duration': 13.188318448304203, 'third_gear_duration': 3.4178215488393024, 'eighth_gear_duration': 15.502033590639499, 'fourth_gear_duration': 4.972639775111767, 'second_gear_duration': 3.3672024390708004, 'seventh_gear_duration': 13.192880587273375, 'twelfth_gear_duration': 3.6753875353651737, 'eleventh_gear_duration': 8.4365182947504}",,,"{'up': 0, 'down': 16.92474502761495, 'plane': 83.07525497238505}",,30.57,1.7413889,15.036,,17.863533,3.6753876,12.111906,1885329.0,985208.0,57387.0,8644,3,160.32,528.32,4361.989,,,
[],1066488795177680896-1784187467000,1784187467000,1784187923000,649034868264558592,1066488795177680896,,,1784187467000-649034868264558592-1066488795177680896,,0.0,,,0.0,True,0,0,0,0,0.0,0,0.0,0,0,0,0.0,0,0.0,0,0,0,0.0,0,0,0,0,0,0,0,0.0,0,0.0,0,0.0,0,0,0,0,0,0,0,0,0,0,0,0,0,0,0,0,0,0,0,0,0,0,0,456,0,,0,0,,,,,,,0.11694445,0.506,,0.0,,,,,,0,0,,,,,,
[],1536322320262496256-1784187414000,1784187414000,1784187921000,649034868264558592,1536322320262496256,,,1784187414000-649034868264558592-1536322320262496256,,0.007,0.014,,0.0,True,0,0,0,0,0.0,0,0.0,0,0,0,0.0,0,0.0,0,0,0,0.0,0,0,0,0,0,0,0,0.0,0,0.0,0,0.0,0,0,0,0,0,0,0,0,0,0,0,0,0,0,0,0,0,0,0,0,0,0,0,507,0,,0,0,,,,,,,0.11333334,0.516,,0.049704142,,,,,,0,0,,,,,,
[],1552709327888842752-1784186872000,1784186872000,1784187349000,649034868264558592,1552709327888842752,,,1784186872000-649034868264558592-1552709327888842752,,0.0,,,0.0,True,0,0,0,0,0.0,0,0.0,0,0,0,0.0,0,0.0,0,0,0,0.0,0,0,0,0,0,0,0,0.0,0,0.0,0,0.0,0,0,0,0,0,0,0,0,0,0,0,0,0,0,0,0,0,0,0,0,0,0,0,477,0,,0,0,,,"{'MODE_HEAVY': 0, 'MODE_LIGHT': 0, 'MODE_TURBO': 100}",,,,0.1,0.367,,0.0,,,,,,0,0,,,,,,
[],1284477133422329856-1784186731000,1784186731000,1784188625000,649034868264558592,1284477133422329856,1532807465639346176,verified_drivers,1784169605000-649034868264558592-1284477133422329856,,5.66,1.978,,0.0,True,0,0,0,0,0.0,0,0.0,0,0,0,0.0,0,0.0,0,0,0,0.0,0,0,0,0,0,0,0,0.0,0,0.0,0,0.0,0,0,0,0,0,0,0,0,0,0,0,0,0,0,0,0,0,0,0,0,0,0,2,1894,0,0.0,1,2,,,"{'MODE_HEAVY': 0, 'MODE_LIGHT': 0, 'MODE_TURBO': 100}",,,28.99,0.5,2.862,,10.7581835,,,,,,12630,2,,,,,,
[],1552709337468633088-1784186126000,1784186126000,1784187815000,649034868264558592,1552709337468633088,,,1784186126000-649034868264558592-1552709337468633088,,0.0,,,0.85,True,0,0,0,0,0.0,0,0.0,0,0,0,0.0,0,0.0,0,0,0,0.0,0,0,0,0,0,0,0,0.0,0,0.0,0,1658.83,1,0,0,0,0,0,0,0,0,0,0,0,0,0,0,0,0,0,0,0,0,0,1,1689,0,,0,1,,,"{'MODE_HEAVY': 0, 'MODE_LIGHT': 0, 'MODE_TURBO': 100}",,,,0.45,0.904,,0.0,,,,,,0,0,,,,,,
[],1147228695027515392-1784186040000,1784186040000,1784186232000,649034868264558592,1147228695027515392,,,1784186040000-649034868264558592-1147228695027515392,,0.0,,,0.0,True,0,0,0,0,0.0,0,0.0,0,0,0,0.0,0,0.0,0,0,0,0.0,0,0,0,0,0,0,0,0.0,0,0.0,0,0.0,0,0,0,0,0,0,0,0,0,0,0,0,0,0,0,0,0,0,0,0,0,0,0,192,0,,414,0,,,"{'MODE_HEAVY': 0, 'MODE_LIGHT': 0, 'MODE_TURBO': 100}",,,,0.04682778,0.056,,0.0,,,,,,0,0,,,,,,
[],1151974728106246144-1784185690000,1784185690000,1784186055000,649034868264558592,1151974728106246144,,,1784185690000-649034868264558592-1151974728106246144,,0.0,,,0.0,True,0,0,0,0,0.0,0,0.0,0,0,0,0.0,0,0.0,0,0,0,0.0,0,0,0,0,0,0,0,0.0,0,0.0,0,0.0,0,0,0,0,0,0,0,0,0,0,0,0,0,0,0,0,0,0,0,0,0,0,0,365,0,,0,0,,,,,,,,0.325,,0.0,,,,,,0,0,,,,,,
[],1146409880471470080-1784185483000,1784185483000,1784185710000,649034868264558592,1146409880471470080,,,1784185483000-649034868264558592-1146409880471470080,,0.0,,,0.0,True,0,0,0,0,0.0,0,0.0,0,0,0,0.0,0,0.0,0,0,0,0.0,0,0,0,0,0,0,0,0.0,0,0.0,0,0.0,0,0,0,0,0,0,0,0,0,0,0,0,0,0,0,0,0,0,0,0,0,0,0,227,0,,0,0,,,,,,,0.05823611,0.212,,0.0,,,,,,0,0,,,,,,
[],1552709318082560000-1784185448000,1784185448000,1784186498000,649034868264558592,1552709318082560000,,,1784185448000-649034868264558592-1552709318082560000,,0.706,0.953,,0.0,True,0,0,0,0,0.0,0,0.0,0,0,0,0.0,0,0.0,0,0,0,0.0,0,0,0,0,0,0,0,0.0,0,0.0,0,0.0,0,0,0,0,0,0,0,0,0,0,0,0,0,0,0,0,0,0,0,0,0,0,1,1050,0,,0,1,"{'fifth_gear_duration': 0, 'first_gear_duration': 47.262559219197115, 'sixth_gear_duration': 0, 'third_gear_duration': 26.054467808899602, 'fourth_gear_duration': 13.589643121470099, 'second_gear_duration': 13.093329850433186}",,"{'MODE_HEAVY': 0, 'MODE_LIGHT': 0, 'MODE_TURBO': 100}",,,,0.3,0.741,,2.4205713,0.0,0.0,230256.0,26332.0,0.0,230,1,0.0,0.0,252.663,4.0,1.0,0.0
[],1494312254978392064-1784185394000,1784185394000,1784188413000,649034868264558592,1494312254978392064,,,1784185394000-649034868264558592-1494312254978392064,,0.0,,,0.0,True,0,0,0,0,0.0,0,0.0,0,0,0,0.0,0,0.0,0,0,0,0.0,0,0,0,0,0,0,0,0.0,0,0.0,0,0.0,0,0,0,0,0,0,0,0,0,0,0,0,0,0,0,0,0,0,0,0,0,0,0,3019,0,,0,0,,,,,,,0.8016667,3.087,,0.0,,,,,,0,0,,,,,,
[],1518565483060658176-1784185348000,1784185348000,1784212156000,649034868264558592,1518565483060658176,1409587184771530752,verified_drivers,1784185348000-649034868264558592-1518565483060658176,,242.069,2.302,,0.99,True,0,0,0,0,0.0,0,3.536,1,0,0,659.78,6,2.103,1,0,0,0.0,0,0,0,0,0,0,0,0.0,0,0.0,0,1293.25,1,1249,23,0,0,0,0,0,0,7,1,0,0,0,0,0,0,0,0,0,0,0,57,23252,3556,0.0,0,57,"{'fifth_gear_duration': 4.062126642771804, 'first_gear_duration': 2.4833790146883126, 'ninth_gear_duration': 12.654157003303112, 'sixth_gear_duration': 4.579099023121794, 'tenth_gear_duration': 13.428912783751493, 'third_gear_duration': 3.513388150959308, 'eighth_gear_duration': 8.90603696675803, 'fourth_gear_duration': 4.005622320612833, 'second_gear_duration': 2.4870335230866543, 'seventh_gear_duration': 6.314428280272683, 'twelfth_gear_duration': 23.206128329467987, 'eleventh_gear_duration': 14.359687961205989}",,,"{'up': 32.22982809914366, 'down': 37.114669897908435, 'plane': 30.655502002947895}",1.5607833,40.84,7.416111,105.143,,32.507027,23.20613,37.565815,5177750.0,6833300.0,788200.0,9166,24,4127.5,6681.55,17786.25,,,
[],1334833185816576000-1784185308000,1784185308000,1784185639000,649034868264558592,1334833185816576000,,,1784185308000-649034868264558592-1334833185816576000,,0.0,,,0.0,True,0,0,0,0,0.0,0,0.0,0,0,0,0.0,0,0.0,0,0,0,0.0,0,0,0,0,0,0,0,0.0,0,0.0,0,0.0,0,0,0,0,0,0,0,0,0,0,0,0,0,0,0,0,0,0,0,0,0,0,0,331,0,,0,0,,,"{'MODE_HEAVY': 0, 'MODE_LIGHT': 0, 'MODE_TURBO': 100}",,,,0.05632611,0.17,,0.0,,,,,,0,0,,,,,,
[],1147228695027515392-1784185254000,1784185254000,1784185626000,649034868264558592,1147228695027515392,,,1784185254000-649034868264558592-1147228695027515392,,0.021,0.187,,0.0,True,0,0,0,0,0.0,0,0.0,0,0,0,0.0,0,0.0,0,0,0,0.0,0,0,0,0,0,0,0,0.0,0,0.0,0,0.0,0,0,0,0,0,0,0,0,0,0,0,0,0,0,0,0,0,0,0,0,0,0,0,372,0,,0,0,,,"{'MODE_HEAVY': 0, 'MODE_LIGHT': 0, 'MODE_TURBO': 100}",,,,0.07185111,0.112,,0.2032258,,,,,,0,0,,,,,,
[],1518565483060658176-1784185148000,1784185148000,1784185309000,649034868264558592,1518565483060658176,,,1784185148000-649034868264558592-1518565483060658176,,0.0,,,0.0,True,0,0,0,0,0.0,0,0.0,0,0,0,0.0,0,0.0,0,0,0,0.0,0,0,0,0,0,0,0,0.0,0,0.0,0,0.0,0,0,0,0,0,0,0,0,0,0,0,0,0,0,0,0,0,0,0,0,0,0,0,161,0,,0,0,,,,,,,,0.143,,0.0,,,,,,0,0,,,,,,
[],1066488845387694080-1784184840000,1784184840000,1784185382000,649034868264558592,1066488845387694080,,,1784184840000-649034868264558592-1066488845387694080,,0.029,0.059,,0.0,True,0,0,0,0,0.0,0,0.0,0,0,0,0.0,0,0.0,0,0,0,0.0,0,0,0,0,0,0,0,0.0,0,0.0,0,0.0,0,0,0,0,0,0,0,0,0,0,0,0,0,0,0,0,0,0,0,0,0,0,0,542,0,,0,0,,,,,,,0.14247695,0.494,,0.19261992,,,,,,0,0,,,,,,
[],1552709318082560000-1784184669000,1784184669000,1784185294000,649034868264558592,1552709318082560000,,,1784184669000-649034868264558592-1552709318082560000,,0.234,0.474,,0.0,True,0,0,0,0,0.0,0,0.0,0,0,0,0.0,0,0.0,0,0,0,0.0,0,0,0,0,0,0,0,0.0,0,0.0,0,0.0,0,0,0,0,0,0,0,0,0,0,0,0,0,0,0,0,0,0,0,0,0,0,0,625,0,,0,0,,,"{'MODE_HEAVY': 0, 'MODE_LIGHT': 0, 'MODE_TURBO': 100}",,,,0.15,0.493,,1.34784,,,,,,0,0,,,,,,
[],1536322320262496256-1784184483000,1784184483000,1784184818000,649034868264558592,1536322320262496256,,,1784184483000-649034868264558592-1536322320262496256,,0.015,0.084,,0.0,True,0,0,0,0,0.0,0,0.0,0,0,0,0.0,0,0.0,0,0,0,0.0,0,0,0,0,0,0,0,0.0,0,0.0,0,0.0,0,0,0,0,0,0,0,0,0,0,0,0,0,0,0,0,0,0,0,0,0,0,0,335,0,,0,0,,,,,,,0.08256944,0.179,,0.16119403,,,,,,0,0,,,,,,
[],1146409880471470080-1784184438000,1784184438000,1784184882000,649034868264558592,1146409880471470080,,,1784184438000-649034868264558592-1146409880471470080,,0.0,,,0.0,True,0,0,0,0,0.0,0,0.0,0,0,0,0.0,0,0.0,0,0,0,0.0,0,0,0,0,0,0,0,0.0,0,0.0,0,0.0,0,0,0,0,0,0,0,0,0,0,0,0,0,0,0,0,0,0,0,0,0,0,0,444,0,,2603,0,,,,,,,0.11422222,0.386,,0.0,,,,,,0,0,,,,,,
[],682178685842751488-1784184370000,1784184370000,1784184488000,649034868264558592,682178685842751488,,,1784184370000-649034868264558592-682178685842751488,,0.009,0.053,,0.0,True,0,0,0,0,0.0,0,0.0,0,0,0,0.0,0,0.0,0,0,0,0.0,0,0,0,0,0,0,0,0.0,0,0.0,0,0.0,0,0,0,0,0,0,0,0,0,0,0,0,0,0,0,0,0,0,0,0,0,0,0,118,0,,313,0,,,,,,,,0.168,,0.27457628,,,,,,0,0,,,,,,
[],682178685842751488-1784183939000,1784183939000,1784184057000,649034868264558592,682178685842751488,,,1784183939000-649034868264558592-682178685842751488,,0.011,0.071,,0.0,True,0,0,0,0,0.0,0,0.0,0,0,0,0.0,0,0.0,0,0,0,0.0,0,0,0,0,0,0,0,0.0,0,0.0,0,0.0,0,0,0,0,0,0,0,0,0,0,0,0,0,0,0,0,0,0,0,0,0,0,0,118,0,,0,0,,,,,,,,0.156,,0.33559322,,,,,,0,0,,,,,,
[],1494312472553717760-1784183583000,1784183583000,1784184573000,649034868264558592,1494312472553717760,,,1784183583000-649034868264558592-1494312472553717760,,0.01,0.015,,0.0,True,0,0,0,0,0.0,0,0.0,0,0,0,0.0,0,0.0,0,0,0,0.0,0,0,0,0,0,0,0,0.0,0,0.0,0,0.0,0,0,0,0,0,0,0,0,0,0,0,0,0,0,0,0,0,0,0,0,0,0,0,990,0,,1,0,,,,,,,0.23777778,0.682,,0.036363635,,,,,,0,0,,,,,,
[],1561408916011614208-1784183465000,1784183465000,1784184847000,649034868264558592,1561408916011614208,,,1784183465000-649034868264558592-1561408916011614208,,0.0,,,1.02,True,0,0,0,0,0.0,0,0.0,0,0,0,0.0,0,0.0,0,0,0,0.0,0,0,0,0,0,0,0,0.0,0,0.0,0,1362.81,1,0,0,0,0,0,0,0,0,0,0,0,0,0,0,0,0,0,0,0,0,0,1,1382,0,,0,1,,,,,,,0.33861113,1.103,,0.0,,,,,,0,0,,,,,,
[],1552709327888842752-1784183308000,1784183308000,1784184773000,649034868264558592,1552709327888842752,,,1784183308000-649034868264558592-1552709327888842752,,0.124,0.158,,0.0,True,0,0,0,0,0.0,0,0.0,0,0,0,0.0,0,0.0,0,0,0,0.0,0,0,0,0,0,0,0,0.0,0,0.0,0,0.0,0,0,0,0,0,0,0,0,0,0,0,0,0,0,0,0,0,0,0,0,0,0,0,1465,0,,459,0,"{'fifth_gear_duration': 0, 'first_gear_duration': 58.054924282649786, 'sixth_gear_duration': 0, 'third_gear_duration': 27.963383811566807, 'fourth_gear_duration': 0, 'second_gear_duration': 13.981691905783403}",,"{'MODE_HEAVY': 0, 'MODE_LIGHT': 0, 'MODE_TURBO': 100}",,,16.58,0.35,0.783,,0.3047099,0.0,0.0,87504.0,6583.0,0.0,0,0,0.0,0.0,47.083,2.0,0.0,0.0
[],1334833185816576000-1784183302000,1784183302000,1784183824000,649034868264558592,1334833185816576000,,,1784183302000-649034868264558592-1334833185816576000,,0.0,,,0.0,True,0,0,0,0,0.0,0,0.0,0,0,0,0.0,0,0.0,0,0,0,0.0,0,0,0,0,0,0,0,0.0,0,0.0,0,0.0,0,0,0,0,0,0,0,0,0,0,0,0,0,0,0,0,0,0,0,0,0,0,0,522,0,,1,0,,,"{'MODE_HEAVY': 0, 'MODE_LIGHT': 0, 'MODE_TURBO': 100}",,,,0.1325,0.108,,0.0,,,,,,0,0,,,,,,
[],1146410747421523968-1784183128000,1784183128000,1784183294000,649034868264558592,1146410747421523968,,,1784183128000-649034868264558592-1146410747421523968,,0.014,0.082,,0.0,True,0,0,0,0,0.0,0,0.0,0,0,0,0.0,0,0.0,0,0,0,0.0,0,0,0,0,0,0,0,0.0,0,0.0,0,0.0,0,0,0,0,0,0,0,0,0,0,0,0,0,0,0,0,0,0,0,0,0,0,0,166,0,,652,0,,,,,,,0.04142361,0.171,,0.30361447,,,,,,0,0,,,,,,
[],682178685842751488-1784183073000,1784183073000,1784183405000,649034868264558592,682178685842751488,,,1784183073000-649034868264558592-682178685842751488,,0.007,0.027,,0.0,True,0,0,0,0,0.0,0,0.0,0,0,0,0.0,0,0.0,0,0,0,0.0,0,0,0,0,0,0,0,0.0,0,0.0,0,0.0,0,0,0,0,0,0,0,0,0,0,0,0,0,0,0,0,0,0,0,0,0,0,0,332,0,,1357,0,,,,,,,,0.26,,0.07590362,,,,,,0,0,,,,,,
[],1494312585351135232-1784182924000,1784182924000,1784186051000,649034868264558592,1494312585351135232,1506661086542168064,verified_drivers,1784141772751-649034868264558592-1494312585351135232,,17.28,2.157,,0.0,True,0,0,0,0,0.0,0,0.0,0,0,0,0.0,0,2.022,1,0,0,0.0,0,0,0,0,0,0,0,0.0,0,0.0,0,0.0,0,0,0,0,0,0,0,0,0,0,0,0,0,0,0,0,0,0,0,0,0,0,3,3127,0,0.0,0,3,,,,,,33.79,0.80138886,8.01,,19.893827,,,,,,485,2,,,,,,
[],1220369364222476288-1784182522000,1784182522000,1784187033000,649034868264558592,1220369364222476288,,,1784182522000-649034868264558592-1220369364222476288,,14.791,1.774,,0.0,True,0,0,0,0,0.0,0,0.0,0,0,0,0.0,0,2.195,1,0,0,0.0,0,0,0,0,0,0,0,0.0,0,0.0,0,0.0,0,0,0,0,0,0,0,0,0,0,0,0,0,0,0,0,0,0,0,0,0,0,2,4511,0,,0,2,"{'fifth_gear_duration': 3.9591131586524617, 'first_gear_duration': 24.848833861215088, 'ninth_gear_duration': 12.154477397063058, 'sixth_gear_duration': 5.7155197235819175, 'tenth_gear_duration': 8.30334005182839, 'third_gear_duration': 4.621364814281601, 'eighth_gear_duration': 10.228908724445725, 'fourth_gear_duration': 4.83731644111719, 'second_gear_duration': 11.384249928016125, 'seventh_gear_duration': 5.884681831269796, 'twelfth_gear_duration': 3.032320760149726, 'eleventh_gear_duration': 5.029873308378923}",,,"{'up': 0, 'down': 34.20575097710777, 'plane': 65.79424902289223}",,31.34,1.2097223,8.337,,11.803946,3.0323207,8.062194,1898750.0,561350.0,118350.0,160,1,84.25,224.0,2778.4,,,
[],1518565483060658176-1784182388000,1784182388000,1784183996000,649034868264558592,1518565483060658176,1409587184771530752,verified_drivers,1784182388000-649034868264558592-1518565483060658176,,5.335,1.553,,0.0,True,0,0,0,0,0.0,0,0.0,0,0,0,0.0,0,0.0,0,0,0,0.0,0,0,0,0,0,0,0,0.0,0,0.0,0,0.0,0,0,0,0,0,0,0,0,0,0,0,0,0,0,0,0,0,0,0,0,0,0,4,1608,0,0.0,1577,4,"{'fifth_gear_duration': 11.029746505146512, 'first_gear_duration': 3.568137151486215, 'ninth_gear_duration': 17.23498517671356, 'sixth_gear_duration': 8.316585425433873, 'tenth_gear_duration': 13.405913769556191, 'third_gear_duration': 7.461609353660297, 'eighth_gear_duration': 17.042337970930813, 'fourth_gear_duration': 6.273525721455458, 'second_gear_duration': 3.5642508966145168, 'seventh_gear_duration': 11.508866212900145, 'twelfth_gear_duration': 0, 'eleventh_gear_duration': 0.5940418161024195}",,,"{'up': 100, 'down': 0, 'plane': 0}",0.36618757,31.06,0.3975,3.436,,11.94403,0.0,0.5940418,448455.0,239050.0,0.0,2200,4,0.0,5.35,900.61,,,
[],1474013563159838720-1784181885000,1784181885000,1784183400000,649034868264558592,1474013563159838720,,,1784181885000-649034868264558592-1474013563159838720,,0.055,0.049,,1.08,True,0,0,0,0,0.0,0,0.0,0,0,0,0.0,0,0.0,0,0,0,0.0,0,0,0,0,0,0,0,0.0,0,0.0,0,1468.668,1,0,0,0,0,0,0,0,0,0,0,0,0,0,0,0,0,0,0,0,0,0,1,1515,0,,3647,1,,,"{'MODE_HEAVY': 0, 'MODE_LIGHT': 0, 'MODE_TURBO': 100}",,,,0.3,1.119,,0.13069306,,,,,,0,0,,,,,,
[],1066488795177680896-1784181858000,1784181858000,1784182238000,649034868264558592,1066488795177680896,,,1784181858000-649034868264558592-1066488795177680896,,0.0,,,0.0,True,0,0,0,0,0.0,0,0.0,0,0,0,0.0,0,0.0,0,0,0,0.0,0,0,0,0,0,0,0,0.0,0,0.0,0,0.0,0,0,0,0,0,0,0,0,0,0,0,0,0,0,0,0,0,0,0,0,0,0,0,380,0,,0,0,,,,,,,0.09967389,0.305,,0.0,,,,,,0,0,,,,,,
[],1268893955106275328-1784181541000,1784181541000,1784186765000,649034868264558592,1268893955106275328,1416470165637300224,verified_drivers,1784153596000-649034868264558592-1268893955106275328,,27.2,1.758,,0.0,True,0,0,0,0,12.707,1,0.0,0,0,0,58.198,1,0.0,0,0,0,0.0,0,0,0,0,0,0,0,0.0,0,0.0,0,0.0,0,0,0,0,0,0,0,0,0,4,1,0,0,0,0,0,0,0,0,0,0,0,8,5224,0,4766.0,1,8,,,,,,37.71,1.3955555,15.47,,18.744257,,,,,,4718,5,,,,,,
[],1474013221449891840-1784181288000,1784181288000,1784183804000,649034868264558592,1474013221449891840,,,1784181288000-649034868264558592-1474013221449891840,,0.785,0.335,,1.21,True,0,0,0,0,0.0,0,0.0,0,0,0,0.0,0,0.0,0,0,0,0.0,0,0,0,0,0,0,0,0.0,0,0.0,0,1309.331,1,0,0,0,0,0,0,0,0,0,0,0,0,0,0,0,0,0,0,0,0,0,1,2516,0,,0,1,"{'fifth_gear_duration': 2.6705300091847994, 'first_gear_duration': 25.027257048838024, 'sixth_gear_duration': 0, 'third_gear_duration': 23.566609619590714, 'fourth_gear_duration': 4.406391034578458, 'second_gear_duration': 44.329212287808005}",,"{'MODE_HEAVY': 0, 'MODE_LIGHT': 0, 'MODE_TURBO': 100}",,,42.33,0.7,2.342,,1.1232115,0.0,2.67053,252416.0,16666.0,0.0,0,0,0.0,8.083,302.674,3.0,2.0,0.0
[],682178685842751488-1784181275000,1784181275000,1784181716000,649034868264558592,682178685842751488,,,1784181275000-649034868264558592-682178685842751488,,0.012,0.043,,0.0,True,0,0,0,0,0.0,0,0.0,0,0,0,0.0,0,0.0,0,0,0,0.0,0,0,0,0,0,0,0,0.0,0,0.0,0,0.0,0,0,0,0,0,0,0,0,0,0,0,0,0,0,0,0,0,0,0,0,0,0,0,441,0,,0,0,,,,,,,,0.278,,0.09795918,,,,,,0,0,,,,,,
[],1192134793974775808-1784181173000,1784181173000,1784193869000,649034868264558592,1192134793974775808,,,1784181173000-649034868264558592-1192134793974775808,,166.634,2.92,,0.0,True,0,0,0,0,0.0,0,0.0,0,0,0,0.0,0,0.0,0,0,0,0.0,0,0,0,0,0,0,0,0.0,0,0.0,0,0.0,0,0,0,0,0,0,0,0,0,0,0,0,0,0,0,0,0,0,0,0,0,0,4,12696,0,,0,4,"{'fifth_gear_duration': 14.875756158377119, 'first_gear_duration': 0.6572297706488752, 'sixth_gear_duration': 69.29772847993559, 'third_gear_duration': 4.934070855592358, 'fourth_gear_duration': 6.928607738189889, 'second_gear_duration': 3.306606997256177}",,"{'MODE_HEAVY': 0, 'MODE_LIGHT': 0, 'MODE_TURBO': 100}","{'up': 18.11236068384689, 'down': 24.365197438095723, 'plane': 57.522441878057386}",0.35319442,50.66,3.45,57.058,,47.249718,69.29773,84.173485,804831.0,1614823.0,3921857.0,9646,4,6554.412,7961.411,9458.336,2.0,5.0,0.0
[],1561408916011614208-1784180627000,1784180627000,1784182869000,649034868264558592,1561408916011614208,,,1784180627000-649034868264558592-1561408916011614208,,0.03,0.017,,1.72,True,0,0,0,0,0.0,0,0.0,0,0,0,0.0,0,0.0,0,0,0,0.0,0,0,0,0,0,0,0,0.0,0,0.0,0,2213.85,1,0,0,0,0,0,0,0,0,0,0,0,0,0,0,0,0,0,0,0,0,0,1,2242,0,,2310,1,,,,,,,0.59305555,1.81,,0.048171274,,,,,,0,0,,,,,,
[],1192134642870779904-1784180535000,1784180535000,1784180676000,649034868264558592,1192134642870779904,,,1784180535000-649034868264558592-1192134642870779904,,0.0,,,0.0,True,0,0,0,0,0.0,0,0.0,0,0,0,0.0,0,0.0,0,0,0,0.0,0,0,0,0,0,0,0,0.0,0,0.0,0,0.0,0,0,0,0,0,0,0,0,0,0,0,0,0,0,0,0,0,0,0,0,0,0,0,141,0,,0,0,,,"{'MODE_HEAVY': 0, 'MODE_LIGHT': 0, 'MODE_TURBO': 100}",,,,0.020625,0.033,,0.0,,,,,,0,0,,,,,,
[],1518565483060658176-1784180193000,1784180193000,1784180811000,649034868264558592,1518565483060658176,,,1784180193000-649034868264558592-1518565483060658176,,0.017,0.038,,0.0,True,0,0,0,0,0.0,0,0.0,0,0,0,0.0,0,0.0,0,0,0,0.0,0,0,0,0,0,0,0,0.0,0,0.0,0,0.0,0,0,0,0,0,0,0,0,0,0,0,0,0,0,0,0,0,0,0,0,0,0,0,618,0,,0,0,,,,,,,0.1225,0.442,,0.099029124,,,,,,0,0,,,,,,
[],1268893773056704512-1784179826000,1784179826000,1784185732000,649034868264558592,1268893773056704512,,,1784179826000-649034868264558592-1268893773056704512,,27.8,2.051,,0.0,True,0,0,0,0,0.0,0,0.0,0,0,0,0.0,0,2.139,1,0,0,0.0,0,0,0,0,0,0,0,0.0,0,0.0,0,0.0,0,0,0,0,0,0,0,0,0,0,0,0,0,0,0,0,0,0,0,0,0,0,7,5906,0,,0,7,"{'fifth_gear_duration': 4.832086816248717, 'first_gear_duration': 3.6955565332160143, 'ninth_gear_duration': 23.390526470156914, 'sixth_gear_duration': 4.773427188737352, 'tenth_gear_duration': 20.640856430561666, 'third_gear_duration': 4.179498460184778, 'eighth_gear_duration': 12.399178765214842, 'fourth_gear_duration': 4.678105294031383, 'second_gear_duration': 2.456371902038422, 'seventh_gear_duration': 7.875054993400791, 'twelfth_gear_duration': 2.060419416336706, 'eleventh_gear_duration': 9.018917729872415}",,,"{'up': 20.15380859375, 'down': 19.763183593750004, 'plane': 60.083007812499986}",0.4874845,32.33,1.6033334,13.556,,16.945478,2.0604193,11.079337,1433000.0,1004000.0,47250.0,17737,6,70.25,377.75,3409.5,,,
[],1537489451758911488-1784179318000,1784179318000,1784179523000,649034868264558592,1537489451758911488,,,1784179318000-649034868264558592-1537489451758911488,,0.011,0.141,,0.0,True,0,0,0,0,0.0,0,0.0,0,0,0,0.0,0,0.0,0,0,0,0.0,0,0,0,0,0,0,0,0.0,0,0.0,0,0.0,0,0,0,0,0,0,0,0,0,0,0,0,0,0,0,0,0,0,0,0,0,0,0,205,0,,3190,0,,,,,,,,0.078,,0.19317073,,,,,,0,0,,,,,,
[],930508235230674944-1784179308000,1784179308000,1784189262000,649034868264558592,930508235230674944,1410652706569191424,verified_drivers,1784163862000-649034868264558592-930508235230674944,,0.0,0.0,,0.0,True,0,0,0,0,0.0,0,0.0,0,0,0,0.0,0,14.258,7,0,0,0.0,0,0,0,0,0,0,0,0.0,0,0.0,0,0.0,0,2631,18,0,0,0,0,0,0,0,0,0,0,0,0,0,0,0,0,0,0,0,26,9954,0,0.0,1,26,,,,,,65.8,2.7584028,62.096,,0.0,,,,,,2038,1,,,,,,
[],1474013221449891840-1784178957000,1784178957000,1784180099000,649034868264558592,1474013221449891840,,,1784178957000-649034868264558592-1474013221449891840,,0.0,,,0.0,True,0,0,0,0,0.0,0,0.0,0,0,0,0.0,0,0.0,0,0,0,0.0,0,0,0,0,0,0,0,0.0,0,0.0,0,0.0,0,0,0,0,0,0,0,0,0,0,0,0,0,0,0,0,0,0,0,0,0,0,0,1142,0,,1348,0,,,"{'MODE_HEAVY': 0, 'MODE_LIGHT': 0, 'MODE_TURBO': 100}",,,,0.3,0.81,,0.0,,,,,,0,0,,,,,,
[],1334833185816576000-1784178939000,1784178939000,1784183301000,649034868264558592,1334833185816576000,1533049357215989760,verified_drivers,1784125622000-649034868264558592-1334833185816576000,,42.173,3.458,,0.0,True,0,0,0,0,0.0,0,0.0,0,0,0,0.0,0,3.851,2,0,0,27.576,2,0,0,0,0,0,0,0.0,0,0.0,0,0.0,0,0,0,0,0,0,0,0,0,0,0,0,0,0,0,0,0,0,0,0,0,0,7,4362,0,15352.0,0,7,"{'fifth_gear_duration': 19.336133508864325, 'first_gear_duration': 1.959499851228742, 'sixth_gear_duration': 41.28789785760345, 'third_gear_duration': 9.943105168165784, 'fourth_gear_duration': 22.00156579111189, 'second_gear_duration': 5.4717978230258115}",,"{'MODE_HEAVY': 0, 'MODE_LIGHT': 0, 'MODE_TURBO': 100}","{'up': 37.23204405671787, 'down': 12.589104197225872, 'plane': 50.17885174605625}",0.31804386,40.73,1.2,12.195,,34.80578,41.2879,60.62403,689668.0,1462669.0,335082.0,12471,3,1369.591,2011.004,3317.173,4.0,2.0,0.0
[],1147228695027515392-1784178876000,1784178876000,1784179458000,649034868264558592,1147228695027515392,,,1784178876000-649034868264558592-1147228695027515392,,0.632,1.534,,0.0,True,0,0,0,0,0.0,0,0.0,0,0,0,0.0,0,0.0,0,0,0,0.0,0,0,0,0,0,0,0,0.0,0,0.0,0,0.0,0,0,0,0,0,0,0,0,0,0,0,0,0,0,0,0,0,0,0,0,0,0,0,582,0,,2045,0,,,"{'MODE_HEAVY': 0, 'MODE_LIGHT': 0, 'MODE_TURBO': 100}",,,,0.1,0.412,,3.9092784,,,,,,0,0,,,,,,
[],1474016264899788800-1784178848000,1784178848000,1784179499000,649034868264558592,1474016264899788800,,,1784178848000-649034868264558592-1474016264899788800,,0.026,0.054,,0.0,True,0,0,0,0,0.0,0,0.0,0,0,0,0.0,0,0.0,0,0,0,0.0,0,0,0,0,0,0,0,0.0,0,0.0,0,0.0,0,0,0,0,0,0,0,0,0,0,0,0,0,0,0,0,0,0,0,0,0,0,0,651,0,,869,0,"{'fifth_gear_duration': 9.035621198957429, 'first_gear_duration': 72.80625543006082, 'ninth_gear_duration': 0, 'sixth_gear_duration': 0, 'tenth_gear_duration': 0, 'third_gear_duration': 9.035621198957429, 'eighth_gear_duration': 0, 'fourth_gear_duration': 0, 'second_gear_duration': 9.122502172024326, 'seventh_gear_duration': 0, 'twelfth_gear_duration': 0, 'eleventh_gear_duration': 0}",,,,,23.52,0.15194444,0.478,,0.1437788,0.0,0.0,,,,0,0,0.0,0.0,57.55,,,
[],1192134868188790784-1784178007000,1784178007000,1784181478000,649034868264558592,1192134868188790784,,,1784178007000-649034868264558592-1192134868188790784,,0.0,,,2.28,True,0,0,0,0,0.0,0,0.0,0,0,0,0.0,0,0.0,0,0,0,0.0,0,0,0,0,0,0,0,0.0,0,0.0,0,3409.167,1,0,0,0,0,0,0,0,0,0,0,0,0,0,0,0,0,0,0,0,0,0,1,3471,0,,2365,1,,,"{'MODE_HEAVY': 0, 'MODE_LIGHT': 0, 'MODE_TURBO': 100}",,,,0.9,2.353,,0.0,,,,,,0,0,,,,,,
[],1140330395766620160-1784177508000,1784177508000,1784181999000,649034868264558592,1140330395766620160,,,1784177508000-649034868264558592-1140330395766620160,,0.05,0.014,,3.68,True,0,0,0,0,0.0,0,0.0,0,0,0,0.0,0,0.0,0,0,0,0.0,0,0,0,0,0,0,0,0.0,0,0.0,0,4455.221,1,0,0,0,0,0,0,0,0,0,0,0,0,0,0,0,0,0,0,0,0,0,1,4491,0,,0,1,,,,,,,1.1919445,3.678,,0.04008016,,,,,,0,0,,,,,,
[],1474013563159838720-1784177348000,1784177348000,1784178238000,649034868264558592,1474013563159838720,,,1784177348000-649034868264558592-1474013563159838720,,0.0,,,0.0,True,0,0,0,0,0.0,0,0.0,0,0,0,0.0,0,0.0,0,0,0,0.0,0,0,0,0,0,0,0,0.0,0,0.0,0,0.0,0,0,0,0,0,0,0,0,0,0,0,0,0,0,0,0,0,0,0,0,0,0,0,890,0,,0,0,,,"{'MODE_HEAVY': 0, 'MODE_LIGHT': 0, 'MODE_TURBO': 100}",,,,0.2,0.573,,0.0,,,,,,0,0,,,,,,
[],1186996414987632640-1784177091000,1784177091000,1784192470000,649034868264558592,1186996414987632640,1417562121230614528,verified_drivers,1784177091000-649034868264558592-1186996414987632640,,74.839,1.972,,2.42,True,0,0,0,0,0.0,0,0.0,0,0,0,786.614,2,2.232,1,0,0,0.0,0,0,0,0,0,0,0,0.0,0,0.0,0,3509.821,1,20,1,0,0,0,0,0,0,0,0,0,0,0,0,0,0,0,0,0,0,0,20,15379,0,0.0,0,20,"{'fifth_gear_duration': 4.940651817782791, 'first_gear_duration': 2.48360567888193, 'ninth_gear_duration': 17.004601127553514, 'sixth_gear_duration': 6.159539836723785, 'tenth_gear_duration': 15.200597300958924, 'third_gear_duration': 4.303475462557604, 'eighth_gear_duration': 12.860013782572876, 'fourth_gear_duration': 4.902063500636382, 'second_gear_duration': 3.543136457936509, 'seventh_gear_duration': 9.452718305164543, 'twelfth_gear_duration': 7.824948092819338, 'eleventh_gear_duration': 11.324648636411807}",,,"{'up': 33.677099131393916, 'down': 33.68950778988004, 'plane': 32.633393078726044}",0.68356794,30.96,4.2344446,37.943,,17.51872,7.8249483,19.149597,3250820.0,2592774.0,208680.0,3480,15,650.519,1591.982,8313.397,,,
[],1268893955106275328-1784176776000,1784176776000,1784181540000,649034868264558592,1268893955106275328,1510678199879598080,verified_drivers,1784153596000-649034868264558592-1268893955106275328,,83.0,2.889,,0.0,True,0,0,0,0,0.0,0,0.0,0,0,0,385.882,3,33.986,16,0,0,0.0,0,0,0,0,0,0,0,0.0,0,0.0,0,0.0,0,480,9,0,0,0,0,0,0,4,1,0,0,0,0,0,0,0,0,0,0,0,29,4764,0,10515.0,1,29,,,,,,54.06,1.2766666,28.728,,62.7204,,,,,,0,0,,,,,,
[],1334833282986016768-1784176697000,1784176697000,1784177100000,649034868264558592,1334833282986016768,,,1784176697000-649034868264558592-1334833282986016768,,0.066,0.312,,0.0,True,0,0,0,0,0.0,0,0.0,0,0,0,0.0,0,0.0,0,0,0,0.0,0,0,0,0,0,0,0,0.0,0,0.0,0,0.0,0,0,0,0,0,0,0,0,0,0,0,0,0,0,0,0,0,0,0,0,0,0,0,403,0,,0,0,,,"{'MODE_HEAVY': 0, 'MODE_LIGHT': 0, 'MODE_TURBO': 100}",,,24.78,0.087038055,0.212,,0.58957815,,,,,,0,0,,,,,,
[],1147228695027515392-1784176690000,1784176690000,1784176831000,649034868264558592,1147228695027515392,,,1784176690000-649034868264558592-1147228695027515392,,0.006,0.137,,0.0,True,0,0,0,0,0.0,0,0.0,0,0,0,0.0,0,0.0,0,0,0,0.0,0,0,0,0,0,0,0,0.0,0,0.0,0,0.0,0,0,0,0,0,0,0,0,0,0,0,0,0,0,0,0,0,0,0,0,0,0,0,141,0,,0,0,,,"{'MODE_HEAVY': 0, 'MODE_LIGHT': 0, 'MODE_TURBO': 100}",,,,0.03,0.044,,0.15319149,,,,,,0,0,,,,,,
[],1536322320262496256-1784176596000,1784176596000,1784178792000,649034868264558592,1536322320262496256,,,1784176596000-649034868264558592-1536322320262496256,,0.072,0.034,,0.0,True,0,0,0,0,0.0,0,0.0,0,0,0,0.0,0,0.0,0,0,0,0.0,0,0,0,0,0,0,0,0.0,0,0.0,0,0.0,0,0,0,0,0,0,0,0,0,0,0,0,0,0,0,0,0,0,0,0,0,0,0,2196,0,,0,0,"{'fifth_gear_duration': 0, 'first_gear_duration': 50, 'ninth_gear_duration': 0, 'sixth_gear_duration': 12.5, 'tenth_gear_duration': 0, 'third_gear_duration': 6.25, 'eighth_gear_duration': 6.25, 'fourth_gear_duration': 18.75, 'second_gear_duration': 6.25, 'seventh_gear_duration': 0, 'twelfth_gear_duration': 0, 'eleventh_gear_duration': 0}",,,,,30.91,0.565,2.128,,0.11803278,0.0,0.0,101000.0,14250.0,0.0,0,0,0.0,0.0,76.0,,,
[],1561408916011614208-1784176564000,1784176564000,1784178317000,649034868264558592,1561408916011614208,,,1784176564000-649034868264558592-1561408916011614208,,0.0,,,1.32,True,0,0,0,0,0.0,0,0.0,0,0,0,0.0,0,0.0,0,0,0,0.0,0,0,0,0,0,0,0,0.0,0,0.0,0,1710.6,1,0,0,0,0,0,0,0,0,0,0,0,0,0,0,0,0,0,0,0,0,0,1,1753,0,,0,1,,,,,,,0.45194444,1.419,,0.0,,,,,,0,0,,,,,,
[],1537489444636983296-1784176360000,1784176360000,1784187392000,649034868264558592,1537489444636983296,,,1784176360000-649034868264558592-1537489444636983296,,0.0,,,7.68,True,0,0,0,0,0.0,0,0.0,0,0,0,0.0,0,0.0,0,0,0,0.0,0,0,0,0,0,0,0,0.0,0,0.0,0,11005.38,1,0,0,0,0,0,0,0,0,0,0,0,0,0,0,0,0,0,0,0,0,0,1,11032,0,,0,1,,,,,,,,7.679,,0.0,,,,,,0,0,,,,,,
[],1192134793974775808-1784175507000,1784175507000,1784181130000,649034868264558592,1192134793974775808,,,1784175507000-649034868264558592-1192134793974775808,,0.101,0.03,,3.23,True,0,0,0,0,0.0,0,0.0,0,0,0,0.0,0,0.0,0,0,0,0.0,0,0,0,0,0,0,0,0.0,0,0.0,0,5492.753,1,0,0,0,0,0,0,0,0,0,0,0,0,0,0,0,0,0,0,0,0,0,1,5623,0,,0,1,,,"{'MODE_HEAVY': 0, 'MODE_LIGHT': 0, 'MODE_TURBO': 100}",,,30.22,1.5,3.339,,0.06466299,,,,,,0,0,,,,,,
[],1561408897250492416-1784175138000,1784175138000,1784183577000,649034868264558592,1561408897250492416,1511420473479528448,verified_drivers,1784145027000-649034868264558592-1561408897250492416,,77.769,2.651,,0.0,True,0,0,0,0,0.0,0,0.0,0,0,0,0.0,0,4.264,2,0,0,71.162,1,0,0,0,0,0,0,0.0,0,0.0,0,0.0,0,649,8,0,0,0,0,18,4,134,26,0,0,0,0,0,0,0,0,0,0,0,45,8439,0,786.0,0,45,"{'fifth_gear_duration': 2.785528493733743, 'first_gear_duration': 3.414518798770395, 'ninth_gear_duration': 8.848427524237408, 'sixth_gear_duration': 4.01513360132419, 'tenth_gear_duration': 12.28186332466304, 'third_gear_duration': 1.5701111373847245, 'eighth_gear_duration': 6.464885315677465, 'fourth_gear_duration': 3.2348072830456376, 'second_gear_duration': 3.1449515251832585, 'seventh_gear_duration': 5.504847481674155, 'twelfth_gear_duration': 32.13052731142114, 'eleventh_gear_duration': 16.604398202884845}",,,"{'up': 26.36838201335144, 'down': 20.190894714007808, 'plane': 53.440723272640746}",0.37852204,38.44,2.2872221,29.335,,33.17554,32.130527,48.734924,1283000.0,2384000.0,99750.0,2926,4,1698.5,2576.25,5286.25,,,
[],1537489451758911488-1784174929000,1784174929000,1784176128000,649034868264558592,1537489451758911488,1416112945288445952,verified_drivers,1784174929000-649034868264558592-1537489451758911488,,6.744,2.546,,0.0,True,0,0,0,0,0.0,0,0.0,0,0,0,823.839,1,0.0,0,0,0,0.0,0,0,0,0,0,0,0,0.0,0,0.0,0,0.0,0,0,0,0,0,0,0,4,1,13,2,0,0,0,0,0,0,0,0,0,0,0,4,1199,0,0.0,0,4,"{'fifth_gear_duration': 10.72787591564306, 'first_gear_duration': 9.68996551713403, 'sixth_gear_duration': 1.3638528661871787, 'third_gear_duration': 20.260525679513776, 'fourth_gear_duration': 42.84706231509432, 'second_gear_duration': 15.110717706427634}",,,"{'up': 0, 'down': 0, 'plane': 100}",,38.85,,2.649,,20.248875,1.3638529,12.091729,328853.0,268008.0,66286.0,0,0,13.143,116.524,963.667,3.0,1.0,0.0
[],1146409880471470080-1784174591000,1784174591000,1784181835000,649034868264558592,1146409880471470080,1416450480665526272,verified_drivers,1784140834000-649034868264558592-1146409880471470080,,82.067,2.154,,0.0,True,0,0,0,0,0.0,0,0.0,0,0,0,671.88,3,4.362,2,0,0,0.0,0,0,0,0,0,0,0,0.0,0,0.0,0,0.0,0,470,9,0,0,0,0,0,0,8,2,0,0,0,0,0,0,0,0,0,0,0,19,7244,0,22007.0,1,19,"{'fifth_gear_duration': 5.400051751983082, 'first_gear_duration': 1.2411553184085373, 'ninth_gear_duration': 11.545153605239442, 'sixth_gear_duration': 4.445316891668822, 'tenth_gear_duration': 15.990470496908266, 'third_gear_duration': 1.2411553184085373, 'eighth_gear_duration': 7.5120680270894855, 'fourth_gear_duration': 2.0049432066599446, 'second_gear_duration': 0.912797908506063, 'seventh_gear_duration': 6.706343187029883, 'twelfth_gear_duration': 26.28822285474646, 'eleventh_gear_duration': 16.712321433351477}",,,"{'up': 56.03724820447552, 'down': 31.441484733171414, 'plane': 12.521267062353084}",1.137615,47.93,1.9555556,38.106,,40.784264,26.288223,43.000546,993650.0,2501600.0,327000.0,13979,3,1473.1,2409.6,5603.65,,,
[],1334833282986016768-1784174527000,1784174527000,1784174995000,649034868264558592,1334833282986016768,,,1784174527000-649034868264558592-1334833282986016768,,0.062,0.319,,0.0,True,0,0,0,0,0.0,0,0.0,0,0,0,0.0,0,0.0,0,0,0,0.0,0,0,0,0,0,0,0,0.0,0,0.0,0,0.0,0,0,0,0,0,0,0,0,0,0,0,0,0,0,0,0,0,0,0,0,0,0,0,468,0,,37,0,,,"{'MODE_HEAVY': 0, 'MODE_LIGHT': 0, 'MODE_TURBO': 100}",,,,0.114027776,0.195,,0.47692308,,,,,,0,0,,,,,,
[],1561408897250492416-1784174353000,1784174353000,1784175137000,649034868264558592,1561408897250492416,1573081385176924160,unverified_drivers,1784145027000-649034868264558592-1561408897250492416,,6.453,2.242,,0.0,True,0,0,0,0,0.0,0,0.0,0,0,0,15.445,1,0.0,0,0,0,10.456,1,0,0,0,0,0,0,0.0,0,0.0,0,0.0,0,0,0,0,0,0,0,0,0,8,2,0,0,0,0,0,0,0,0,0,0,0,4,784,0,589.0,1,4,"{'fifth_gear_duration': 2.96269202633504, 'first_gear_duration': 0, 'ninth_gear_duration': 14.923189465983908, 'sixth_gear_duration': 8.339429407461594, 'tenth_gear_duration': 29.846378931967816, 'third_gear_duration': 1.3899049012435991, 'eighth_gear_duration': 15.28895391367959, 'fourth_gear_duration': 2.414045354791514, 'second_gear_duration': 2.0848573518653986, 'seventh_gear_duration': 12.143379663496708, 'twelfth_gear_duration': 0, 'eleventh_gear_duration': 10.607168983174835}",,,"{'up': 0, 'down': 0, 'plane': 100}",,33.88,0.1975,2.878,,29.631123,0.0,10.607169,,,,0,0,0.0,72.5,683.5,,,
[],1146410747421523968-1784174273000,1784174273000,1784182476000,649034868264558592,1146410747421523968,1578329258244177920,unverified_drivers,1784156368000-649034868264558592-1146410747421523968,,44.316,1.842,,0.0,True,0,0,0,0,0.0,0,0.0,0,0,0,6.853,1,18.554,9,0,0,0.0,0,0,0,0,0,0,0,0.0,0,0.0,0,0.0,0,0,0,0,0,0,0,0,0,4,1,0,0,0,0,0,0,0,0,0,0,0,19,8203,0,0.0,0,19,"{'fifth_gear_duration': 6.8059872799411005, 'first_gear_duration': 2.6556232814396203, 'ninth_gear_duration': 16.213193336505874, 'sixth_gear_duration': 7.535159521457324, 'tenth_gear_duration': 14.98694942785771, 'third_gear_duration': 4.636478826178963, 'eighth_gear_duration': 12.948091340263746, 'fourth_gear_duration': 6.95112020122977, 'second_gear_duration': 2.8442761904624145, 'seventh_gear_duration': 9.516015066196667, 'twelfth_gear_duration': 5.10811109873595, 'eleventh_gear_duration': 9.79899442973086}",,,"{'up': 54.40329786744047, 'down': 22.91465155911749, 'plane': 22.68205057344204}",0.5862885,35.15,2.2197223,24.052,,19.44869,5.108111,14.907105,1998501.0,1520351.0,236367.0,8809,8,282.519,824.481,5530.792,,,
[],1474013287929610240-1784174264000,1784174264000,1784186352000,649034868264558592,1474013287929610240,1527010017260077056,verified_drivers,1784174264000-649034868264558592-1474013287929610240,,134.919,2.478,,0.0,True,0,0,0,0,0.0,0,0.0,0,0,0,57.778,2,19.125,9,0,0,54.119,4,0,0,0,0,0,0,0.0,0,0.0,0,0.0,0,154,2,0,0,0,0,0,0,0,0,0,0,0,0,0,0,0,0,0,0,0,21,12088,0,0.0,0,21,"{'fifth_gear_duration': 10.221637017910032, 'first_gear_duration': 2.875089643592799, 'sixth_gear_duration': 47.320650716203026, 'third_gear_duration': 10.497888547291824, 'fourth_gear_duration': 20.946371995330214, 'second_gear_duration': 8.138362079672103}",,"{'MODE_HEAVY': 0, 'MODE_LIGHT': 0, 'MODE_TURBO': 100}","{'up': 44.57755847048632, 'down': 26.005444870684315, 'plane': 29.41699665882936}",0.8787307,59.07,3.35,54.444,,40.181038,47.320652,57.542286,1759595.0,3608414.0,1552571.0,2920,4,4153.06,5050.154,8776.422,12.0,8.0,0.0
[],1552709318082560000-1784174035000,1784174035000,1784184430000,649034868264558592,1552709318082560000,1577966344362524672,unverified_drivers,1784174035000-649034868264558592-1552709318082560000,,135.126,2.823,,0.0,True,0,0,0,0,0.0,0,0.0,0,0,0,9.21,1,0.0,0,0,0,389.681,12,0,0,0,0,0,0,0.0,0,0.0,0,0.0,0,0,0,0,0,52,1,17,4,225,40,0,0,0,0,0,0,0,0,0,0,0,60,10395,0,0.0,0,60,"{'fifth_gear_duration': 9.688004039459676, 'first_gear_duration': 2.978939760452277, 'sixth_gear_duration': 55.16935725845128, 'third_gear_duration': 11.468719932862584, 'fourth_gear_duration': 15.34940760072971, 'second_gear_duration': 5.345571408044466}",,"{'MODE_HEAVY': 1.212718101459672, 'MODE_LIGHT': 0.7628289948478393, 'MODE_TURBO': 98.02445290369249}","{'up': 48.277848174173485, 'down': 22.293898552394122, 'plane': 29.428253273432404}",0.8159736,55.67,2.85,47.871,,46.796883,55.169357,64.85736,1117336.0,2885774.0,2215158.0,2022,2,4092.912,4811.647,7418.814,5.0,0.0,0.0
[],1494313280225673216-1784173977000,1784173977000,1784176562000,649034868264558592,1494313280225673216,,,1784173977000-649034868264558592-1494313280225673216,,7.999,1.611,,0.0,True,0,0,0,0,0.0,0,0.0,0,0,0,0.0,0,0.0,0,0,0,0.0,0,0,0,0,0,0,0,0.0,0,0.0,0,0.0,0,0,0,0,0,0,0,0,0,11,2,0,0,0,0,0,0,0,0,0,0,0,6,2585,0,,0,6,"{'fifth_gear_duration': 9.170832615066368, 'first_gear_duration': 8.515773142561628, 'ninth_gear_duration': 7.860713670056886, 'sixth_gear_duration': 10.877434925012928, 'tenth_gear_duration': 9.808653680399932, 'third_gear_duration': 6.5505947250474055, 'eighth_gear_duration': 16.445440441303223, 'fourth_gear_duration': 8.274435442165144, 'second_gear_duration': 5.0680917083261505, 'seventh_gear_duration': 10.722289260472333, 'twelfth_gear_duration': 1.6376486812618514, 'eleventh_gear_duration': 5.0680917083261505}",,,"{'up': 100, 'down': 0, 'plane': 0}",0.5563365,29.18,0.6780556,4.966,,11.139807,1.6376487,6.7057405,769000.0,448500.0,28500.0,550,4,23.75,97.25,1450.25,,,
[],1192134793974775808-1784173838000,1784173838000,1784175503000,649034868264558592,1192134793974775808,,,1784173838000-649034868264558592-1192134793974775808,,0.012,0.014,,0.83,True,0,0,0,0,0.0,0,0.0,0,0,0,0.0,0,0.0,0,0,0,0.0,0,0,0,0,0,0,0,0.0,0,0.0,0,1556.667,1,0,0,0,0,0,0,0,0,0,0,0,0,0,0,0,0,0,0,0,0,0,1,1665,0,,0,1,,,"{'MODE_HEAVY': 0, 'MODE_LIGHT': 0, 'MODE_TURBO': 100}",,,,0.4,0.874,,0.025945947,,,,,,0,0,,,,,,
[],1561408897250492416-1784173765000,1784173765000,1784174352000,649034868264558592,1561408897250492416,1511420473479528448,verified_drivers,1784145027000-649034868264558592-1561408897250492416,,2.015,1.726,,0.0,True,0,0,0,0,0.0,0,0.0,0,0,0,0.0,0,0.0,0,0,0,0.0,0,0,0,0,0,0,0,0.0,0,0.0,0,0.0,0,0,0,0,0,0,0,0,0,13,2,0,0,0,0,0,0,0,0,0,0,0,3,587,0,0.0,1,3,,,,,,29.61,0.1411111,1.168,,12.357751,,,,,,357,1,,,,,,
[],1334833185816576000-1784173457000,1784173457000,1784178938000,649034868264558592,1334833185816576000,1410291297649950720,verified_drivers,1784125622000-649034868264558592-1334833185816576000,,92.237,3.319,,0.0,True,0,0,0,0,0.0,0,0.0,0,0,0,757.177,3,6.069,3,0,0,0.0,0,0,0,0,0,0,0,0.0,0,0.0,0,0.0,0,0,0,0,0,0,0,0,0,4,1,0,0,0,0,0,0,0,0,0,0,0,10,5481,0,0.0,0,10,"{'fifth_gear_duration': 14.460109422314366, 'first_gear_duration': 0, 'sixth_gear_duration': 74.20991585574119, 'third_gear_duration': 2.9100169150847286, 'fourth_gear_duration': 6.464116814757552, 'second_gear_duration': 1.9558409921021584}",,"{'MODE_HEAVY': 0, 'MODE_LIGHT': 0, 'MODE_TURBO': 100}","{'up': 33.27558927808383, 'down': 11.03026943376178, 'plane': 55.694141288154384}",0.5284043,60.14,1.5,27.792,,60.582596,74.209915,88.67003,61000.0,1536417.0,1523246.0,400,3,3648.837,4359.828,4916.913,0.0,1.0,0.0
[],1334833185816576000-1784173120000,1784173120000,1784173456000,649034868264558592,1334833185816576000,1576885862891782144,unverified_drivers,1784125622000-649034868264558592-1334833185816576000,,7.528,3.677,,0.0,True,0,0,0,0,0.0,0,0.0,0,0,0,0.0,0,2.021,1,0,0,0.0,0,0,0,0,0,0,0,0.0,0,0.0,0,0.0,0,0,0,0,0,0,0,0,0,0,0,0,0,0,0,0,0,0,0,0,0,0,1,336,0,0.0,0,1,,,"{'MODE_HEAVY': 0, 'MODE_LIGHT': 0, 'MODE_TURBO': 100}","{'up': 0, 'down': 0, 'plane': 100}",,65.92,0.08645833,2.047,,80.65714,,,,,,0,0,,,,,,
[],1268893773056704512-1784172289000,1784172289000,1784179825000,649034868264558592,1268893773056704512,1409885433533300736,verified_drivers,1784122208000-649034868264558592-1268893773056704512,,39.547,2.022,,0.0,True,0,0,0,0,0.0,0,0.0,0,0,0,0.0,0,6.494,3,0,0,0.0,0,0,0,0,0,0,0,0.0,0,0.0,0,0.0,0,0,0,0,0,0,0,0,0,0,0,0,0,0,0,0,0,0,0,0,0,0,10,7536,0,39190.0,1,10,"{'fifth_gear_duration': 11.019213640412266, 'first_gear_duration': 3.240446197565424, 'ninth_gear_duration': 13.470755397209144, 'sixth_gear_duration': 11.842049454977309, 'tenth_gear_duration': 12.440089918140561, 'third_gear_duration': 6.765067650676507, 'eighth_gear_duration': 12.728506595410781, 'fourth_gear_duration': 6.052508800950078, 'second_gear_duration': 4.249904568011197, 'seventh_gear_duration': 10.718072697968358, 'twelfth_gear_duration': 2.027399584340671, 'eleventh_gear_duration': 5.445985494337702}",,,"{'up': 12.321093609476577, 'down': 12.729655420510314, 'plane': 74.94925097001311}",0.43261856,32.66,2.048889,19.555,,18.891878,2.0273995,7.473385,2755000.0,1458000.0,70250.0,1140,7,119.5,440.5,5894.25,,,
[],1192134793974775808-1784172170000,1784172170000,1784173815000,649034868264558592,1192134793974775808,,,1784172170000-649034868264558592-1192134793974775808,,0.0,,,0.88,True,0,0,0,0,0.0,0,0.0,0,0,0,0.0,0,0.0,0,0,0,0.0,0,0,0,0,0,0,0,0.0,0,0.0,0,1534.33,1,0,0,0,0,0,0,0,0,0,0,0,0,0,0,0,0,0,0,0,0,0,1,1645,0,,88,1,,,"{'MODE_HEAVY': 0, 'MODE_LIGHT': 0, 'MODE_TURBO': 100}",,,,0.4,0.884,,0.0,,,,,,0,0,,,,,,
[],1192134793974775808-1784171871000,1784171871000,1784172082000,649034868264558592,1192134793974775808,,,1784171871000-649034868264558592-1192134793974775808,,0.0,,,0.0,True,0,0,0,0,0.0,0,0.0,0,0,0,0.0,0,0.0,0,0,0,0.0,0,0,0,0,0,0,0,0.0,0,0.0,0,0.0,0,0,0,0,0,0,0,0,0,0,0,0,0,0,0,0,0,0,0,0,0,0,0,211,0,,141,0,,,"{'MODE_HEAVY': 0, 'MODE_LIGHT': 0, 'MODE_TURBO': 100}",,,,0.020625,0.02,,0.0,,,,,,0,0,,,,,,
[],1494312472553717760-1784171612000,1784171612000,1784183582000,649034868264558592,1494312472553717760,1532715824047980544,verified_drivers,1784125975000-649034868264558592-1494312472553717760,,43.816,1.803,,1.97,True,0,0,0,0,0.0,0,0.0,0,0,0,0.0,0,0.0,0,0,0,0.0,0,0,0,0,0,0,0,0.0,0,0.0,0,2942.75,1,0,0,0,0,0,0,0,0,0,0,0,0,0,0,0,0,0,0,0,0,0,14,11970,0,20562.0,1,14,"{'fifth_gear_duration': 6.902420574886535, 'first_gear_duration': 5.302571860816943, 'ninth_gear_duration': 17.01588502269289, 'sixth_gear_duration': 8.509833585476551, 'tenth_gear_duration': 14.74659606656581, 'third_gear_duration': 5.219364599092285, 'eighth_gear_duration': 13.596822995461421, 'fourth_gear_duration': 6.316187594553707, 'second_gear_duration': 5.173978819969743, 'seventh_gear_duration': 10.866111951588502, 'twelfth_gear_duration': 1.1119515885022693, 'eleventh_gear_duration': 5.2382753403933435}",,,"{'up': 23.06670086028023, 'down': 11.37481640360898, 'plane': 65.55848273611079}",0.50381076,28.85,3.2958333,24.304,,13.177744,1.1119516,6.350227,3252250.0,1668500.0,185750.0,2190,13,73.5,419.75,6610.0,,,
[],1140330319757443072-1784171371000,1784171371000,1784182074000,649034868264558592,1140330319757443072,1416091466194747392,verified_drivers,1784171371000-649034868264558592-1140330319757443072,,96.892,2.433,,0.98,True,0,0,0,0,14.68,1,0.0,0,0,0,106.44,3,124.19,59,0,0,0.0,0,0,0,0,0,0,0,0.0,0,2391.088,2,1512.728,1,0,0,0,0,0,0,0,0,23,5,0,0,0,0,0,0,0,0,0,0,0,77,10703,0,0.0,0,77,"{'fifth_gear_duration': 3.6009392967049885, 'first_gear_duration': 1.3654674857961944, 'ninth_gear_duration': 10.966991012370727, 'sixth_gear_duration': 4.7105231574680655, 'tenth_gear_duration': 14.828342847826233, 'third_gear_duration': 2.184747977273911, 'eighth_gear_duration': 9.024766364663604, 'fourth_gear_duration': 2.912997303031881, 'second_gear_duration': 1.3199519029363211, 'seventh_gear_duration': 6.891534780925121, 'twelfth_gear_duration': 25.931993831619515, 'eleventh_gear_duration': 16.261744039383434}",,,"{'up': 21.06868726628617, 'down': 37.304555096328365, 'plane': 41.62675763738547}",0.43934458,38.53,2.9383333,39.822,,32.59004,25.931993,42.193737,2919760.0,2614552.0,126584.0,1470,6,1832.28,2981.288,7065.712,,,
[],1494313280225673216-1784171280000,1784171280000,1784173976000,649034868264558592,1494313280225673216,1409869570843344896,verified_drivers,1784116318000-649034868264558592-1494313280225673216,,15.023,2.431,,0.0,True,0,0,0,0,0.0,0,0.0,0,0,0,0.0,0,0.0,0,0,0,50.175,1,0,0,0,0,0,0,0.0,0,0.0,0,0.0,0,0,0,0,0,0,0,0,0,0,0,0,0,0,0,0,0,0,0,0,0,0,4,2696,0,12863.0,0,4,"{'fifth_gear_duration': 6.643128024061723, 'first_gear_duration': 3.5961815090885314, 'ninth_gear_duration': 18.137831829475612, 'sixth_gear_duration': 9.376225970969006, 'tenth_gear_duration': 13.783182947561134, 'third_gear_duration': 2.981561396626128, 'eighth_gear_duration': 15.627043284948346, 'fourth_gear_duration': 5.086962207401595, 'second_gear_duration': 2.48463449718844, 'seventh_gear_duration': 11.795475349810383, 'twelfth_gear_duration': 2.3538642604943116, 'eleventh_gear_duration': 8.133908722374787}",,,"{'up': 0, 'down': 0, 'plane': 100}",,28.2,0.70611113,6.179,,20.060387,2.3538642,10.487773,611500.0,616500.0,9500.0,730,3,45.0,200.5,1911.75,,,
[],1289228109731594240-1784171118000,1784171118000,1784190482000,649034868264558592,1289228109731594240,,,1784171118000-649034868264558592-1289228109731594240,,300.573,2.912,,0.0,True,0,0,0,0,86.432,5,0.0,0,0,0,18.197,2,31.673,15,0,0,26.07,3,0,0,0,0,0,0,9.643,1,3.186,1,0.0,0,0,0,0,0,0,0,0,0,20,5,0,0,0,0,0,0,0,0,0,0,0,39,19364,0,,0,39,"{'fifth_gear_duration': 26.184564703124742, 'first_gear_duration': 1.3679566106148253, 'sixth_gear_duration': 56.755786936374534, 'third_gear_duration': 5.529394992867916, 'fourth_gear_duration': 7.895223848550821, 'second_gear_duration': 2.2670729084671626}",,,"{'up': 26.927122620291616, 'down': 16.667128018103426, 'plane': 56.405749361604954}",0.42587504,70.58,,103.224,,55.880127,56.755787,82.94035,2051081.0,9515679.0,1412936.0,4003,7,9801.637,14323.671,17269.846,15.0,1.0,0.0
[],1146410747421523968-1784171097000,1784171097000,1784174272000,649034868264558592,1146410747421523968,1575837483067768832,unverified_drivers,1784156368000-649034868264558592-1146410747421523968,,53.582,2.534,,0.0,True,0,0,0,0,161.451,1,0.0,0,0,0,675.218,3,20.989,10,0,0,0.0,0,0,0,0,0,0,0,0.0,0,0.0,0,0.0,0,120,4,0,0,0,0,0,0,19,4,0,0,0,0,0,0,0,0,0,0,0,22,3175,0,0.0,0,22,"{'fifth_gear_duration': 1.4480710601249958, 'first_gear_duration': 0.18100888251562447, 'ninth_gear_duration': 8.79282653853213, 'sixth_gear_duration': 3.1049424758143056, 'tenth_gear_duration': 16.889409020050454, 'third_gear_duration': 0.36201776503124894, 'eighth_gear_duration': 3.8289780058768033, 'fourth_gear_duration': 0.7240355300624979, 'second_gear_duration': 0.36201776503124894, 'seventh_gear_duration': 1.991097707671869, 'twelfth_gear_duration': 41.19327772494352, 'eleventh_gear_duration': 21.122317524345295}",,,"{'up': 28.25124248225716, 'down': 43.812728433021974, 'plane': 27.936029084720854}",1.1645707,55.46,0.8536111,21.146,,60.754395,41.19328,62.315594,445047.0,1483226.0,143868.0,0,0,1187.264,1796.047,2882.179,,,
[],1140330395766620160-1784171047000,1784171047000,1784174327000,649034868264558592,1140330395766620160,1569559027875053568,unverified_drivers,1784132237000-649034868264558592-1140330395766620160,,1.297,0.426,,2.12,True,0,0,0,0,0.0,0,0.0,0,0,0,0.0,0,0.0,0,0,0,0.0,0,0,0,0,0,0,0,0.0,0,0.0,0,2578.465,1,0,0,0,0,0,0,0,0,0,0,0,0,0,0,0,0,0,0,0,0,0,3,3280,0,0.0,1,3,"{'fifth_gear_duration': 8.584724005134788, 'first_gear_duration': 8.584724005134788, 'ninth_gear_duration': 4.396662387676508, 'sixth_gear_duration': 5.150834403080873, 'tenth_gear_duration': 0, 'third_gear_duration': 8.584724005134788, 'eighth_gear_duration': 14.698331193838253, 'fourth_gear_duration': 11.264441591784339, 'second_gear_duration': 10.301668806161747, 'seventh_gear_duration': 25, 'twelfth_gear_duration': 0, 'eleventh_gear_duration': 3.4338896020539154}",,,,,26.46,0.85583335,3.045,,1.4235365,0.0,3.4338896,176550.0,72550.0,0.0,450,2,0.0,10.7,311.6,,,
[],1146410747421523968-1784170706000,1784170706000,1784171096000,649034868264558592,1146410747421523968,1578329258244177920,unverified_drivers,1784156368000-649034868264558592-1146410747421523968,,7.486,2.777,,0.0,True,0,0,0,0,0.0,0,0.0,0,0,0,0.0,0,0.0,0,0,0,0.0,0,0,0,0,0,0,0,0.0,0,0.0,0,0.0,0,0,0,0,0,0,0,0,0,0,0,0,0,0,0,0,0,0,0,0,0,0,0,390,0,0.0,0,0,,,,"{'up': 100, 'down': 0, 'plane': 0}",1.560051,63.13,0.100215,2.696,,69.10154,,,,,,0,0,,,,,,
[],1474013221449891840-1784170388000,1784170388000,1784177609000,649034868264558592,1474013221449891840,1509939651622731776,verified_drivers,1784170388000-649034868264558592-1474013221449891840,,83.519,2.449,,0.0,True,0,0,0,0,0.0,0,0.0,0,0,0,17.619,2,39.145,19,0,0,0.0,0,0,0,0,0,0,0,0.0,0,0.0,0,0.0,0,0,0,0,0,0,0,0,0,0,0,0,0,0,0,0,0,0,0,0,0,0,23,7221,0,0.0,0,23,"{'fifth_gear_duration': 13.679901112007856, 'first_gear_duration': 2.1460340697833735, 'sixth_gear_duration': 45.77969314241736, 'third_gear_duration': 10.903376367853838, 'fourth_gear_duration': 21.374256824367205, 'second_gear_duration': 6.116738483570365}",,"{'MODE_HEAVY': 0, 'MODE_LIGHT': 0, 'MODE_TURBO': 100}","{'up': 65.96883579245592, 'down': 17.619184916824405, 'plane': 16.411979290719678}",0.9995755,58.95,2.0,34.109,,41.638054,45.779694,59.459595,781584.0,2107349.0,1356652.0,6098,2,2469.163,3206.999,5393.577,2.0,2.0,0.0
[],1474016264899788800-1784170204000,1784170204000,1784177979000,649034868264558592,1474016264899788800,,,1784170204000-649034868264558592-1474016264899788800,,36.733,2.373,,0.0,True,0,0,0,0,0.0,0,0.0,0,0,0,616.738,4,0.0,0,0,0,0.0,0,0,0,0,0,0,0,0.0,0,0.0,0,0.0,0,0,0,0,0,0,0,0,0,0,0,0,0,0,0,0,0,0,0,0,0,0,10,7775,0,,0,10,"{'fifth_gear_duration': 7.066972538363883, 'first_gear_duration': 3.1871533887168977, 'ninth_gear_duration': 12.979130938328248, 'sixth_gear_duration': 9.494643533263547, 'tenth_gear_duration': 11.453484487405065, 'third_gear_duration': 5.853137040914051, 'eighth_gear_duration': 13.55264037060959, 'fourth_gear_duration': 5.8676139780396, 'second_gear_duration': 5.324172030557473, 'seventh_gear_duration': 9.024699881957282, 'twelfth_gear_duration': 6.873204302991158, 'eleventh_gear_duration': 9.323147508853204}",,,"{'up': 43.050689091333794, 'down': 42.56306937631395, 'plane': 14.386241532352251}",0.39827862,25.48,2.1097221,15.477,,17.008205,6.873204,16.196352,1826900.0,1320000.0,201600.0,15624,6,308.6,727.2,4489.9,,,
[],1537489451758911488-1784170136000,1784170136000,1784171529000,649034868264558592,1537489451758911488,,,1784170136000-649034868264558592-1537489451758911488,,5.345,2.356,,0.0,True,0,0,0,0,0.0,0,0.0,0,0,0,0.0,0,0.0,0,0,0,43.31,1,0,0,0,0,0,0,0.0,0,0.0,0,0.0,0,0,0,0,0,0,0,6,1,0,0,0,0,0,0,0,0,0,0,0,0,0,3,1393,0,,0,3,"{'fifth_gear_duration': 22.37668128385599, 'first_gear_duration': 9.005269558167814, 'sixth_gear_duration': 5.166083207428971, 'third_gear_duration': 14.332756015771825, 'fourth_gear_duration': 38.52069130707152, 'second_gear_duration': 10.598518627703873}",,,"{'up': 0, 'down': 0, 'plane': 100}",,36.44,,2.269,,13.813353,5.1660833,27.542765,329187.0,162334.0,17524.0,4137,1,35.048,186.857,678.425,2.0,1.0,0.0
[],1146410747421523968-1784169975000,1784169975000,1784170705000,649034868264558592,1146410747421523968,1575837483067768832,unverified_drivers,1784156368000-649034868264558592-1146410747421523968,,15.488,3.237,,0.0,True,0,0,0,0,12.433,1,0.0,0,0,0,0.0,0,2.101,1,0,0,0.0,0,0,0,0,0,0,0,0.0,0,0.0,0,0.0,0,130,3,0,0,0,0,0,0,0,0,0,0,0,0,0,0,0,0,0,0,0,5,730,0,0.0,0,5,,,,"{'up': 33.24648611587247, 'down': 66.75351388412753, 'plane': 0}",0.7326254,52.43,0.17083333,4.785,,76.37918,,,,,,0,0,,,,,,
[],1289228109731594240-1784169907000,1784169907000,1784171117000,649034868264558592,1289228109731594240,1436367025436884992,verified_drivers,1784113488000-649034868264558592-1289228109731594240,,15.853,3.049,,0.0,True,0,0,0,0,12.838,1,0.0,0,0,0,16.621,1,0.0,0,0,0,0.0,0,0,0,0,0,0,0,0.0,0,0.0,0,0.0,0,0,0,0,0,0,0,0,0,0,0,0,0,0,0,0,0,0,0,0,0,0,3,1210,0,0.0,0,3,"{'fifth_gear_duration': 23.414341782960964, 'first_gear_duration': 0, 'sixth_gear_duration': 37.91027064733262, 'third_gear_duration': 11.239020361691637, 'fourth_gear_duration': 21.51698411234811, 'second_gear_duration': 5.919383095666676}",,,"{'up': 33.882030178326474, 'down': 0, 'plane': 66.11796982167351}",0.2577044,63.42,0.3207486,5.2,,47.16595,37.91027,61.32461,142329.0,457894.0,99557.0,160,1,378.252,611.87,997.756,,,
[],1192134642870779904-1784169879000,1784169879000,1784170386000,649034868264558592,1192134642870779904,,,1784169879000-649034868264558592-1192134642870779904,,0.634,2.305,,0.0,True,0,0,0,0,0.0,0,0.0,0,0,0,0.0,0,0.0,0,0,0,0.0,0,0,0,0,0,0,0,0.0,0,0.0,0,0.0,0,0,0,0,0,0,0,0,0,0,0,0,0,0,0,0,0,0,0,0,0,0,0,507,0,,0,0,,,"{'MODE_HEAVY': 0, 'MODE_LIGHT': 0, 'MODE_TURBO': 100}",,,,0.12314861,0.275,,4.5017753,,,,,,0,0,,,,,,
[],1146410747421523968-1784169626000,1784169626000,1784169974000,649034868264558592,1146410747421523968,1578329258244177920,unverified_drivers,1784156368000-649034868264558592-1146410747421523968,,7.863,2.944,,0.0,True,0,0,0,0,0.0,0,0.0,0,0,0,517.677,1,0.0,0,0,0,0.0,0,0,0,0,0,0,0,0.0,0,0.0,0,0.0,0,50,1,0,0,0,0,0,0,0,0,0,0,0,0,0,0,0,0,0,0,0,2,348,0,3433.0,0,2,,,,"{'up': 100, 'down': 0, 'plane': 0}",0.30845672,57.78,0.100215,2.67,,81.34138,,,,,,0,0,,,,,,
[],1284477133422329856-1784169605000,1784169605000,1784186730000,649034868264558592,1284477133422329856,1510627464483700736,verified_drivers,1784169605000-649034868264558592-1284477133422329856,,259.51,3.299,,0.0,True,0,0,0,0,0.0,0,0.0,0,0,0,13.434,1,2.043,1,0,0,0.0,0,0,0,0,0,0,0,0.0,0,0.0,0,0.0,0,0,0,0,0,0,0,0,0,0,0,0,0,0,0,0,0,0,0,0,0,0,11,17125,0,0.0,0,11,,,"{'MODE_HEAVY': 0, 'MODE_LIGHT': 0, 'MODE_TURBO': 100}",,,48.04,4.75,78.667,,54.55393,,,,,,1510,9,,,,,,
[],1289228109731594240-1784169559000,1784169559000,1784169906000,649034868264558592,1289228109731594240,1578684762132840448,unverified_drivers,1784113488000-649034868264558592-1289228109731594240,,6.874,2.732,,0.0,True,0,0,0,0,0.0,0,0.0,0,0,0,0.0,0,0.0,0,0,0,0.0,0,0,0,0,0,0,0,0.0,0,0.0,0,0.0,0,0,0,0,0,0,0,0,0,0,0,0,0,0,0,0,0,0,0,0,0,0,0,347,0,0.0,0,0,,,,"{'up': 100, 'down': 0, 'plane': 0}",0.7190809,,0.09880417,2.516,,71.31528,,,,,,0,0,,,,,,
[],1147228695027515392-1784169203000,1784169203000,1784176124000,649034868264558592,1147228695027515392,,,1784169203000-649034868264558592-1147228695027515392,,83.657,2.427,,0.0,True,0,0,0,0,0.0,0,0.0,0,0,0,0.0,0,0.0,0,0,0,0.0,0,0,0,0,0,0,0,0.0,0,0.0,0,0.0,0,90,1,0,0,0,0,0,0,9,2,0,0,0,0,0,0,0,0,0,0,0,5,6921,0,,0,5,"{'fifth_gear_duration': 22.62078025831077, 'first_gear_duration': 1.4587546047667659, 'sixth_gear_duration': 44.84033553770361, 'third_gear_duration': 9.835320225467134, 'fourth_gear_duration': 15.821241844569704, 'second_gear_duration': 5.423567529182016}",,"{'MODE_HEAVY': 0, 'MODE_LIGHT': 0, 'MODE_TURBO': 100}","{'up': 59.97430449177249, 'down': 17.88061471561991, 'plane': 22.14508079260761}",1.0397441,54.82,1.85,34.463,,43.514694,44.840336,67.46111,418590.0,957832.0,2687939.0,3528,2,2525.744,3799.916,5632.75,2.0,2.0,0.0
[],1334833384924381184-1784169059000,1784169059000,1784169212000,649034868264558592,1334833384924381184,,,1784169059000-649034868264558592-1334833384924381184,,0.003,0.03,,0.0,True,0,0,0,0,0.0,0,0.0,0,0,0,0.0,0,0.0,0,0,0,0.0,0,0,0,0,0,0,0,0.0,0,0.0,0,0.0,0,0,0,0,0,0,0,0,0,0,0,0,0,0,0,0,0,0,0,0,0,0,0,153,0,,0,0,,,"{'MODE_HEAVY': 0, 'MODE_LIGHT': 0, 'MODE_TURBO': 100}",,,,0.024075,0.101,,0.07058824,,,,,,0,0,,,,,,
[],1066488795177680896-1784169046000,1784169046000,1784169400000,649034868264558592,1066488795177680896,,,1784169046000-649034868264558592-1066488795177680896,,0.638,1.404,,0.0,True,0,0,0,0,0.0,0,0.0,0,0,0,0.0,0,0.0,0,0,0,0.0,0,0,0,0,0,0,0,0.0,0,0.0,0,0.0,0,0,0,0,0,0,0,0,0,0,0,0,0,0,0,0,0,0,0,0,0,0,0,354,0,,0,0,,,,,,,0.088756114,0.454,,6.488136,,,,,,0,0,,,,,,
[],682178375686553600-1784168347000,1784168347000,1784168715000,649034868264558592,682178375686553600,,,1784168347000-649034868264558592-682178375686553600,,0.458,1.289,,0.0,True,0,0,0,0,0.0,0,0.0,0,0,0,0.0,0,0.0,0,0,0,0.0,0,0,0,0,0,0,0,0.0,0,0.0,0,0.0,0,0,0,0,0,0,0,0,0,0,0,0,0,0,0,0,0,0,0,0,0,0,0,368,0,,0,0,,,,,,,,0.355,,4.480435,,,,,,0,0,,,,,,
[],1537489444636983296-1784168022000,1784168022000,1784168589000,649034868264558592,1537489444636983296,,,1784168022000-649034868264558592-1537489444636983296,,0.696,1.904,,0.0,True,0,0,0,0,0.0,0,0.0,0,0,0,0.0,0,0.0,0,0,0,0.0,0,0,0,0,0,0,0,0.0,0,0.0,0,0.0,0,0,0,0,0,0,0,0,0,0,0,0,0,0,0,0,0,0,0,0,0,0,0,567,0,,821,0,,,,,,,,0.366,,4.419048,,,,,,0,0,,,,,,
[],1474013287929610240-1784167881000,1784167881000,1784173314000,649034868264558592,1474013287929610240,1527010017260077056,verified_drivers,1784145818000-649034868264558592-1474013287929610240,,68.938,2.628,,0.0,True,0,0,0,0,0.0,0,0.0,0,0,0,0.0,0,0.0,0,0,0,83.754,3,0,0,0,0,0,0,0.0,0,0.0,0,0.0,0,35,1,0,0,0,0,0,0,0,0,0,0,0,0,0,0,0,0,0,0,0,8,5433,0,0.0,1,8,"{'fifth_gear_duration': 11.505125568554616, 'first_gear_duration': 1.9800241889817307, 'sixth_gear_duration': 49.60604387567752, 'third_gear_duration': 9.116213332851475, 'fourth_gear_duration': 20.34689920256453, 'second_gear_duration': 7.445693831370126}",,"{'MODE_HEAVY': 0, 'MODE_LIGHT': 0, 'MODE_TURBO': 100}","{'up': 36.57113489328254, 'down': 48.807364411391234, 'plane': 14.621500695326212}",1.5928254,61.99,1.45,26.228,,45.679516,49.606045,61.111168,563009.0,2083246.0,734067.0,1828,4,2031.493,2502.657,4095.253,6.0,0.0,0.0
[],1552709318082560000-1784167872000,1784167872000,1784172954000,649034868264558592,1552709318082560000,1577966344362524672,unverified_drivers,1784145999000-649034868264558592-1552709318082560000,,68.47,2.93,,0.0,True,0,0,0,0,0.0,0,0.0,0,0,0,10.417,1,0.0,0,0,0,102.959,2,0,0,0,0,0,0,0.0,0,0.0,0,0.0,0,40,1,0,0,0,0,12,3,124,19,0,0,0,0,0,0,0,0,0,0,0,28,5082,0,0.0,0,28,"{'fifth_gear_duration': 10.532766643306497, 'first_gear_duration': 2.2176231981964247, 'sixth_gear_duration': 51.45381080760389, 'third_gear_duration': 15.30277576924967, 'fourth_gear_duration': 15.478995261080444, 'second_gear_duration': 5.014028320563077}",,"{'MODE_HEAVY': 0.7915430859170394, 'MODE_LIGHT': 0, 'MODE_TURBO': 99.20845691408296}","{'up': 36.75960036991556, 'down': 48.77124361365048, 'plane': 14.469156016433955}",1.6564714,55.88,1.35,23.368,,48.502953,51.45381,61.986576,407501.0,1527818.0,1243740.0,2066,2,1894.996,2282.908,3682.907,3.0,0.0,0.0
[],1494312585351135232-1784167844000,1784167844000,1784182923000,649034868264558592,1494312585351135232,1416490829605765120,verified_drivers,1784141772751-649034868264558592-1494312585351135232,,180.84,2.251,,0.0,True,0,0,0,0,17.125,1,0.0,0,0,0,1592.346,8,46.501,22,0,0,44.119,4,0,0,0,0,0,0,0.0,0,0.0,0,0.0,0,1346,27,0,0,0,0,6,1,54,12,0,0,0,0,0,0,0,0,0,0,0,84,15079,0,0.0,0,84,,,,,,50.31,4.145,80.352,,43.174217,,,,,,2903,9,,,,,,
[],1192134642870779904-1784167794000,1784167794000,1784168227000,649034868264558592,1192134642870779904,,,1784167794000-649034868264558592-1192134642870779904,,0.05,1.065,,0.0,True,0,0,0,0,0.0,0,0.0,0,0,0,0.0,0,0.0,0,0,0,0.0,0,0,0,0,0,0,0,0.0,0,0.0,0,0.0,0,0,0,0,0,0,0,0,0,0,0,0,0,0,0,0,0,0,0,0,0,0,0,433,0,,2227,0,,,"{'MODE_HEAVY': 0, 'MODE_LIGHT': 0, 'MODE_TURBO': 100}",,,,0.107175834,0.234,,0.4157044,,,,,,0,0,,,,,,
[],1561408897250492416-1784167543000,1784167543000,1784173764000,649034868264558592,1561408897250492416,1573081385176924160,unverified_drivers,1784145027000-649034868264558592-1561408897250492416,,139.112,3.547,,0.0,True,0,0,0,0,26.672,2,4.167,1,0,0,1639.221,3,0.0,0,0,0,173.778,1,0,0,0,0,0,0,0.0,0,0.0,0,0.0,0,3963,22,0,0,0,0,10,2,79,12,0,0,0,0,0,0,0,0,0,0,0,43,6221,0,0.0,1,43,,,,"{'up': 14.442190669371191, 'down': 10.213173102682829, 'plane': 75.34463622794598}",0.34418708,55.37,1.6944444,39.215,,80.502045,,,542500.0,3579750.0,153750.0,0,0,,,,,,
[],1220369364222476288-1784167517000,1784167517000,1784182521000,649034868264558592,1220369364222476288,1572338677718188032,unverified_drivers,1784124869000-649034868264558592-1220369364222476288,,188.463,2.652,,1.07,True,0,0,0,0,0.0,0,0.0,0,0,0,6.386,1,57.631,28,0,0,0.0,0,0,0,0,0,0,0,0.0,0,0.0,0,1395.9,1,230,5,0,0,0,0,0,0,0,0,0,0,0,0,0,0,0,0,0,0,0,40,15004,0,0.0,1,40,"{'fifth_gear_duration': 3.425134615464825, 'first_gear_duration': 1.5924456845889796, 'ninth_gear_duration': 8.46607189779652, 'sixth_gear_duration': 4.993389139837419, 'tenth_gear_duration': 13.715553664752228, 'third_gear_duration': 1.790562944981794, 'eighth_gear_duration': 5.634037796602393, 'fourth_gear_duration': 2.4011811959609104, 'second_gear_duration': 1.9244485041104118, 'seventh_gear_duration': 4.719778776010711, 'twelfth_gear_duration': 32.26266594927364, 'eleventh_gear_duration': 19.074729830620168}",,,"{'up': 41.10650437639797, 'down': 37.29401513007087, 'plane': 21.59948049353116}",1.2217623,55.93,4.1266665,71.073,,45.219063,32.262665,51.337395,1903600.0,5232700.0,1241500.0,2540,5,3867.6,6154.25,11987.85,,,
[],1537489444636983296-1784166899000,1784166899000,1784167201000,649034868264558592,1537489444636983296,,,1784166899000-649034868264558592-1537489444636983296,,0.021,0.143,,0.0,True,0,0,0,0,0.0,0,0.0,0,0,0,0.0,0,0.0,0,0,0,0.0,0,0,0,0,0,0,0,0.0,0,0.0,0,0.0,0,0,0,0,0,0,0,0,0,0,0,0,0,0,0,0,0,0,0,0,0,0,0,302,0,,0,0,,,,,,,,0.147,,0.25033113,,,,,,0,0,,,,,,
[],1552709327888842752-1784166829000,1784166829000,1784182849000,649034868264558592,1552709327888842752,1409895611272003584,verified_drivers,1784142110000-649034868264558592-1552709327888842752,,185.368,2.637,,0.88,True,0,0,0,0,25.684,2,223.244,3,0,0,8993.006,5,0.0,0,0,0,0.0,0,0,0,0,0,0,0,0.0,0,0.0,0,1203.834,1,30,1,0,0,0,0,25,5,351,49,0,0,0,0,0,0,0,0,0,0,0,72,16020,0,0.0,1,72,"{'fifth_gear_duration': 4.498873769364435, 'first_gear_duration': 3.0101784265521156, 'sixth_gear_duration': 53.65531962724107, 'third_gear_duration': 11.978991726088951, 'fourth_gear_duration': 19.674170882356737, 'second_gear_duration': 7.1824655683966885}",,"{'MODE_HEAVY': 2.584748417377858, 'MODE_LIGHT': 0.25065480326087175, 'MODE_TURBO': 97.16459677936126}","{'up': 40.450760420052234, 'down': 35.05441178118727, 'plane': 24.49482779876049}",1.0790396,53.92,4.4,70.306,,41.65573,53.65532,58.154194,925173.0,3337415.0,4070260.0,2640,6,5694.827,6172.325,10613.723,10.0,3.0,0.0
[],1151974728106246144-1784166656000,1784166656000,1784184219000,649034868264558592,1151974728106246144,,,1784166656000-649034868264558592-1151974728106246144,,256.996,2.707,,0.0,True,0,0,0,0,0.0,0,0.0,0,0,0,0.0,0,0.0,0,0,0,0.0,0,0,0,0,0,0,0,0.0,0,0.0,0,0.0,0,0,0,0,0,0,0,0,0,0,7,0,0,0,0,0,0,0,0,0,0,0,13,17563,0,,0,13,"{'fifth_gear_duration': 13.591417396263727, 'first_gear_duration': 1.496751076068954, 'sixth_gear_duration': 69.83674949369733, 'third_gear_duration': 4.593332365911816, 'fourth_gear_duration': 7.2119699289395145, 'second_gear_duration': 3.269779739118664}",,,"{'up': 27.358529567403107, 'down': 17.56474070644266, 'plane': 55.07672972615424}",0.51666236,58.1,4.15,94.933,,52.67811,69.83675,83.42817,1161919.0,1897257.0,6584680.0,1388,6,9312.322,11124.658,13334.415,15.0,8.0,0.0
[],1474016042442293248-1784166575000,1784166575000,1784186078000,649034868264558592,1474016042442293248,,,1784166575000-649034868264558592-1474016042442293248,,175.293,2.63,,0.0,True,0,0,0,0,0.0,0,0.0,0,0,0,0.0,0,0.0,0,0,0,0.0,0,0,0,0,0,0,0,0.0,0,0.0,0,0.0,0,72,3,0,0,0,0,0,0,0,0,0,0,0,0,0,0,0,0,0,0,0,14,19503,0,,0,14,"{'fifth_gear_duration': 18.288050866139503, 'first_gear_duration': 3.640467091552753, 'sixth_gear_duration': 33.72239331115004, 'third_gear_duration': 11.841482183878655, 'fourth_gear_duration': 26.406044731207402, 'second_gear_duration': 6.10156181607165}",,"{'MODE_HEAVY': 0, 'MODE_LIGHT': 0, 'MODE_TURBO': 100}","{'up': 34.17399365814195, 'down': 28.371843095110144, 'plane': 37.45416324674789}",0.67803955,47.58,5.35,66.655,,32.356808,33.722393,52.010445,3191392.0,4696621.0,2391344.0,21133,11,4668.748,7200.665,13844.652,19.0,13.0,0.0
[],1268893955106275328-1784166262000,1784166262000,1784176775000,649034868264558592,1268893955106275328,1416470165637300224,verified_drivers,1784153596000-649034868264558592-1268893955106275328,,105.8,2.48,,1.05,True,0,0,0,0,63.253,4,0.0,0,0,0,3964.134,4,6.02,3,0,0,0.0,0,0,0,0,0,0,0,0.0,0,0.0,0,1378.5,1,530,11,0,0,0,0,0,0,9,2,0,0,0,0,0,0,0,0,0,0,0,33,10513,0,0.0,0,33,,,,,,41.53,2.9097223,42.665,,36.22943,,,,,,3550,8,,,,,,
[],1146410747421523968-1784166194000,1784166194000,1784169625000,649034868264558592,1146410747421523968,1575837483067768832,unverified_drivers,1784156368000-649034868264558592-1146410747421523968,,37.356,2.254,,0.0,True,0,0,0,0,12.227,1,0.0,0,0,0,178.559,1,13.209,6,0,0,0.0,0,0,0,0,0,0,0,0.0,0,0.0,0,0.0,0,120,3,0,0,0,0,0,0,0,0,0,0,0,0,0,0,0,0,0,0,0,12,3431,0,3882.0,1,12,"{'fifth_gear_duration': 0.49378252367638453, 'first_gear_duration': 0.24689126183819227, 'ninth_gear_duration': 10.055956340425048, 'sixth_gear_duration': 1.728238832867346, 'tenth_gear_duration': 19.5423165092027, 'third_gear_duration': 1.9751300947055381, 'eighth_gear_duration': 5.327115541513887, 'fourth_gear_duration': 0.9875650473527691, 'second_gear_duration': 0.24689126183819227, 'seventh_gear_duration': 4.444042713087462, 'twelfth_gear_duration': 37.04291752875902, 'eleventh_gear_duration': 17.90915234473346}",,,"{'up': 57.76491540516475, 'down': 42.235084594835264, 'plane': 0}",1.214796,46.63,0.9222222,16.57,,39.196037,37.04292,54.95207,260651.0,1066065.0,81264.0,1180,1,782.745,1161.179,2113.076,,,
[],1066488845387694080-1784165713000,1784165713000,1784184312000,649034868264558592,1066488845387694080,1410602669126451200,verified_drivers,1784129318000-649034868264558592-1066488845387694080,,144.292,2.926,,2.04,True,0,0,0,0,0.0,0,0.0,0,0,0,1029.425,5,0.0,0,0,0,18.045,2,0,0,0,0,0,0,0.0,0,0.0,0,1949.336,1,0,0,0,0,0,0,0,0,0,0,0,0,0,0,0,0,0,0,0,0,0,25,18599,0,0.0,0,25,"{'fifth_gear_duration': 5.713137374664724, 'first_gear_duration': 4.383030610286051, 'ninth_gear_duration': 13.00487343029147, 'sixth_gear_duration': 6.216242230719955, 'tenth_gear_duration': 7.323120770714741, 'third_gear_duration': 6.820795515304834, 'eighth_gear_duration': 13.10001558429409, 'fourth_gear_duration': 6.871160804520078, 'second_gear_duration': 6.1686402784455625, 'seventh_gear_duration': 8.793208304429575, 'twelfth_gear_duration': 17.038449981015567, 'eleventh_gear_duration': 4.567325115313356}",,,"{'up': 13.941083325428167, 'down': 37.1399800059836, 'plane': 48.91893666858824}",0.33929884,24.38,5.1255555,49.309,,27.928986,17.03845,21.605776,4205867.0,5213374.0,328554.0,2990,17,2207.391,2799.104,12955.351,,,
[],1192134642870779904-1784165428000,1784165428000,1784165567000,649034868264558592,1192134642870779904,,,1784165428000-649034868264558592-1192134642870779904,,0.041,1.203,,0.0,True,0,0,0,0,0.0,0,0.0,0,0,0,0.0,0,0.0,0,0,0,0.0,0,0,0,0,0,0,0,0.0,0,0.0,0,0.0,0,0,0,0,0,0,0,0,0,0,0,0,0,0,0,0,0,0,0,0,0,0,0,139,0,,9,0,,,"{'MODE_HEAVY': 0, 'MODE_LIGHT': 0, 'MODE_TURBO': 100}",,,,0.026225833,0.034,,1.0618705,,,,,,0,0,,,,,,
[],1494312254978392064-1784165286000,1784165286000,1784177554000,649034868264558592,1494312254978392064,1510953271609524224,verified_drivers,1784165286000-649034868264558592-1494312254978392064,,165.251,2.976,,0.0,True,0,0,0,0,0.0,0,0.0,0,0,0,2226.882,5,10.377,5,0,0,0.0,0,0,0,0,0,0,0,0.0,0,165.919,2,0.0,0,600,12,0,0,0,0,4,1,31,5,0,0,0,0,0,0,0,0,0,0,0,36,12154,114,0.0,0,36,"{'fifth_gear_duration': 2.359434056928789, 'first_gear_duration': 1.0101347961333913, 'ninth_gear_duration': 6.104291400474964, 'sixth_gear_duration': 1.615546710372278, 'tenth_gear_duration': 10.275278456032378, 'third_gear_duration': 1.0101347961333913, 'eighth_gear_duration': 3.722781549988293, 'fourth_gear_duration': 1.2007893768605546, 'second_gear_duration': 0.7726527745258721, 'seventh_gear_duration': 2.2510619794628224, 'twelfth_gear_duration': 52.54574037528849, 'eleventh_gear_duration': 17.132153727798777}",,,"{'up': 27.825675222443625, 'down': 24.830824471758046, 'plane': 47.34350030579833}",0.5640742,45.79,3.3430555,55.537,,48.492306,52.545742,69.677895,1937500.0,3742750.0,194000.0,2121,6,3927.4,5207.9,7474.25,,,
[],1334833501215653888-1784165245000,1784165245000,1784186679000,649034868264558592,1334833501215653888,1409886863967125504,verified_drivers,1784165245000-649034868264558592-1334833501215653888,,309.043,3.356,,0.85,True,0,0,0,0,70.186,5,0.0,0,0,0,4364.656,11,2.288,1,0,0,7.409,1,0,0,0,0,0,0,0.0,0,0.0,0,1279.75,1,0,0,0,0,0,0,0,0,4,1,0,0,0,0,0,0,0,0,0,0,0,28,21279,155,0.0,0,28,"{'fifth_gear_duration': 11.429639237842697, 'first_gear_duration': 1.0497433014881585, 'sixth_gear_duration': 76.41960026112562, 'third_gear_duration': 2.8461364143382664, 'fourth_gear_duration': 6.769883081599522, 'second_gear_duration': 1.4849977036057413}",,"{'MODE_HEAVY': 0, 'MODE_LIGHT': 0, 'MODE_TURBO': 100}","{'up': 0, 'down': 1.6623432698373075, 'plane': 98.33765673016269}",,55.79,5.95,92.08,,51.906075,76.4196,87.84924,1246579.0,6437832.0,3777661.0,13790,8,13006.739,14952.082,17020.16,4.0,6.0,0.0
[],1474013221449891840-1784165186000,1784165186000,1784169351000,649034868264558592,1474013221449891840,1509939651622731776,verified_drivers,1784135167000-649034868264558592-1474013221449891840,,67.505,3.303,,0.0,True,0,0,0,0,0.0,0,0.0,0,0,0,0.0,0,19.05,9,0,0,50.918,2,0,0,0,0,0,0,0.0,0,0.0,0,0.0,0,156,5,0,0,0,0,0,0,0,0,0,0,0,0,0,0,0,0,0,0,0,19,3951,214,0.0,1,19,"{'fifth_gear_duration': 12.377143308828174, 'first_gear_duration': 1.8221703300051972, 'sixth_gear_duration': 70.56732467261916, 'third_gear_duration': 3.367350971680122, 'fourth_gear_duration': 10.037671927340718, 'second_gear_duration': 1.8283387895266205}",,"{'MODE_HEAVY': 0, 'MODE_LIGHT': 0, 'MODE_TURBO': 100}","{'up': 7.082868100393217, 'down': 54.21622408854797, 'plane': 38.700907811058805}",0.25004166,60.04,1.1,20.437,,58.34766,70.56732,82.944466,335997.0,1242487.0,1056170.0,2018,3,1910.484,2245.573,2707.321,1.0,0.0,0.0
[],1289228109731594240-1784164931000,1784164931000,1784169558000,649034868264558592,1289228109731594240,1436367025436884992,verified_drivers,1784113488000-649034868264558592-1289228109731594240,,83.149,3.009,,0.0,True,0,0,0,0,75.802,2,0.0,0,0,0,355.549,3,0.0,0,0,0,7.403,1,0,0,0,0,0,0,0.0,0,0.0,0,0.0,0,0,0,0,0,0,0,0,0,4,1,0,0,0,0,0,0,0,0,0,0,0,8,4158,469,33380.0,1,8,"{'fifth_gear_duration': 24.34446393272204, 'first_gear_duration': 0.30030824590879623, 'sixth_gear_duration': 69.27961995769829, 'third_gear_duration': 1.701746726816512, 'fourth_gear_duration': 3.9734501423092983, 'second_gear_duration': 0.4004109945450617}",,,"{'up': 18.47843157784526, 'down': 12.373049942414408, 'plane': 69.14851847974033}",0.6557083,76.2,1.2893597,27.631,,64.693405,69.27962,93.624084,347390.0,2758716.0,141358.0,160,1,2984.963,4033.862,4308.573,1.0,0.0,0.0
[],1494312254978392064-1784164908000,1784164908000,1784165284000,649034868264558592,1494312254978392064,1510953271609524224,verified_drivers,1784130777000-649034868264558592-1494312254978392064,,7.345,3.241,,0.0,True,0,0,0,0,0.0,0,0.0,0,0,0,2718.473,1,2.072,1,0,0,0.0,0,0,0,0,0,0,0,0.0,0,26.007,1,0.0,0,0,0,0,0,0,0,0,0,0,0,0,0,0,0,0,0,0,0,0,0,0,3,0,376,22646.0,1,3,,,,"{'up': 100, 'down': 0, 'plane': 0}",0.32601717,66.16,0.08715278,2.267,,70.32447,,,1811000.0,3769500.0,206750.0,0,0,,,,,,
[],1334833282986016768-1784164757000,1784164757000,1784174490000,649034868264558592,1334833282986016768,,,1784164757000-649034868264558592-1334833282986016768,,134.777,3.32,,0.0,True,0,0,0,0,0.0,0,0.0,0,0,0,0.0,0,0.0,0,0,0,0.0,0,0,0,0,0,0,0,0.0,0,0.0,0,0.0,0,0,0,0,0,0,0,0,0,12,3,0,0,0,0,0,0,0,0,0,0,0,5,9090,643,,0,5,"{'fifth_gear_duration': 15.96189645079799, 'first_gear_duration': 2.139529790576882, 'sixth_gear_duration': 57.43802979668698, 'third_gear_duration': 7.845333931404411, 'fourth_gear_duration': 13.020026515442861, 'second_gear_duration': 3.5951835150908718}",,"{'MODE_HEAVY': 0, 'MODE_LIGHT': 0, 'MODE_TURBO': 100}","{'up': 44.649069587054846, 'down': 22.28536759567164, 'plane': 33.065562817273516}",0.8478444,50.29,2.65,40.601,,49.850735,57.43803,73.399925,708657.0,2646087.0,2137584.0,290,2,4794.257,6126.57,8346.834,4.0,2.0,0.0
[],1334832669606805504-1784164293000,1784164293000,1784191799000,649034868264558592,1334832669606805504,1533074527536283648,verified_drivers,1784134653000-649034868264558592-1334832669606805504,,299.48,2.687,,1.14,True,0,0,0,0,157.748,8,0.0,0,0,0,2991.834,6,13.881,7,0,0,90.107,3,0,0,0,0,0,0,0.0,0,0.0,0,1282.55,1,520,10,0,0,0,0,0,0,0,0,0,0,0,0,0,0,0,0,0,0,0,45,26399,1107,31572.0,12030,45,,,,,,41.37,7.55,111.459,,39.196102,,,,,,12746,10,,,,,,
[],1192134868188790784-1784164262000,1784164262000,1784175642000,649034868264558592,1192134868188790784,,,1784164262000-649034868264558592-1192134868188790784,,60.127,2.865,,1.89,True,0,0,0,0,0.0,0,0.0,0,0,0,0.0,0,0.0,0,0,0,0.0,0,0,0,0,0,0,0,0.0,0,0.0,0,2930.0,1,0,0,0,0,0,0,0,0,0,0,0,0,0,0,0,0,0,0,0,0,0,8,10242,1138,,0,8,"{'fifth_gear_duration': 37.02673032580843, 'first_gear_duration': 2.596200124287314, 'sixth_gear_duration': 18.240347583388136, 'third_gear_duration': 11.877662858983246, 'fourth_gear_duration': 22.190812279112855, 'second_gear_duration': 8.068246828420014}",,"{'MODE_HEAVY': 0, 'MODE_LIGHT': 0, 'MODE_TURBO': 100}","{'up': 25.04898703334526, 'down': 8.349094378844415, 'plane': 66.60191858781033}",0.38487336,34.58,3.1,20.988,,19.020844,18.240347,55.26708,1248337.0,1728737.0,1063178.0,1830,7,1108.915,3359.941,6079.462,3.0,4.0,0.0
[],1284477133422329856-1784164105000,1784164105000,1784168619000,649034868264558592,1284477133422329856,1510627464483700736,verified_drivers,1784135689000-649034868264558592-1284477133422329856,,51.414,3.062,,0.0,True,0,0,0,0,0.0,0,0.0,0,0,0,0.0,0,0.0,0,0,0,0.0,0,0,0,0,0,0,0,0.0,0,0.0,0,0.0,0,0,0,0,0,0,0,0,0,0,0,0,0,0,0,0,0,0,0,0,0,0,3,3219,1295,0.0,1,3,"{'fifth_gear_duration': 28.584283899540488, 'first_gear_duration': 2.6101061606893134, 'sixth_gear_duration': 44.29946491073788, 'third_gear_duration': 6.265743698738903, 'fourth_gear_duration': 13.564176157993254, 'second_gear_duration': 4.676225172300167}",,"{'MODE_HEAVY': 0, 'MODE_LIGHT': 0, 'MODE_TURBO': 100}","{'up': 29.848744351127714, 'down': 10.241224902498919, 'plane': 59.910030746373366}",0.4568423,42.81,1.2,16.79,,41.00363,44.299465,72.88375,88169.0,520168.0,1475750.0,2236,3,1493.595,2457.339,3371.587,2.0,1.0,0.0
[],930508235230674944-1784163862000,1784163862000,1784179307000,649034868264558592,930508235230674944,1436710005964275712,verified_drivers,1784163862000-649034868264558592-930508235230674944,,0.0,0.0,,0.0,True,0,0,0,0,11.8,1,0.0,0,0,0,13.988,2,12.409,6,0,0,121.359,1,0,0,0,0,0,0,0.0,0,0.0,0,0.0,0,791,15,0,0,0,0,0,0,0,8,0,0,0,0,0,0,0,0,0,0,0,35,13907,1538,0.0,0,35,,,,,,62.73,4.292986,84.837,,0.0,,,,,,1567,2,,,,,,
[],1334833185816576000-1784163588000,1784163588000,1784173119000,649034868264558592,1334833185816576000,1410291297649950720,verified_drivers,1784125622000-649034868264558592-1334833185816576000,,157.688,3.32,,0.0,True,0,0,0,0,43.545,2,0.0,0,0,0,1874.933,6,8.127,4,0,0,851.6,6,0,0,0,0,0,0,0.0,0,0.0,0,0.0,0,30,1,0,0,0,0,0,0,6,1,0,0,0,0,0,0,0,0,0,0,0,21,7719,1812,0.0,1,21,"{'fifth_gear_duration': 10.672312157645068, 'first_gear_duration': 0.4574316701640585, 'sixth_gear_duration': 81.58508176787146, 'third_gear_duration': 2.5594608893308113, 'fourth_gear_duration': 3.8751258590566766, 'second_gear_duration': 0.8505876559319216}",,"{'MODE_HEAVY': 0, 'MODE_LIGHT': 0, 'MODE_TURBO': 100}","{'up': 19.4161735168435, 'down': 19.340684523408317, 'plane': 61.24314195974818}",0.3895358,56.63,2.65,47.489,,59.561096,81.58508,92.25739,34833.0,1404086.0,3677751.0,1580,1,6242.414,7058.997,7651.416,2.0,1.0,0.0
[],1192134718468915200-1784163047000,1784163047000,1784177713000,649034868264558592,1192134718468915200,1510998058488299520,verified_drivers,1784128473000-649034868264558592-1192134718468915200,,191.086,3.317,,0.88,True,0,0,0,0,0.0,0,0.0,0,0,0,2906.398,8,44.922,21,0,0,0.0,0,0,0,0,0,0,0,0.0,0,887.93,1,1575.5,1,0,0,0,0,0,0,0,0,0,0,0,0,0,0,0,0,0,0,0,0,0,35,12313,2353,0.0,1,35,"{'fifth_gear_duration': 6.8752446111969405, 'first_gear_duration': 1.88096814536894, 'sixth_gear_duration': 81.38822433115084, 'third_gear_duration': 2.7857181392383334, 'fourth_gear_duration': 4.820304568527919, 'second_gear_duration': 2.249540204517031}",,"{'MODE_HEAVY': 0, 'MODE_LIGHT': 0, 'MODE_TURBO': 100}","{'up': 22.267403468529515, 'down': 13.454164204867983, 'plane': 64.27843232660251}",0.47467515,48.36,4.0,57.603,,46.90506,81.38822,88.263466,1515167.0,2131493.0,4402743.0,2360,4,8297.326,8998.24,10194.75,15.0,1.0,0.0
[],1146410747421523968-1784162313000,1784162313000,1784166193000,649034868264558592,1146410747421523968,1578329258244177920,unverified_drivers,1784156368000-649034868264558592-1146410747421523968,,48.036,2.469,,0.0,True,0,0,0,0,340.065,5,0.0,0,0,0,1125.428,3,2.142,1,0,0,0.0,0,0,0,0,0,0,0,0.0,0,0.0,0,0.0,0,290,5,0,0,0,0,0,0,10,2,0,0,0,0,0,0,0,0,0,0,0,19,793,3087,739.0,1,19,"{'fifth_gear_duration': 4.361224935886977, 'first_gear_duration': 0.9636810881203878, 'ninth_gear_duration': 10.167971503954535, 'sixth_gear_duration': 4.361224935886977, 'tenth_gear_duration': 13.60883205004664, 'third_gear_duration': 1.8593854385700257, 'eighth_gear_duration': 10.050674687593322, 'fourth_gear_duration': 2.087975690927507, 'second_gear_duration': 0.4818405440601939, 'seventh_gear_duration': 7.548835190276371, 'twelfth_gear_duration': 29.806013847797374, 'eleventh_gear_duration': 14.702340086879689}",,,"{'up': 44.786123972082095, 'down': 33.229677746297185, 'plane': 21.984198281620724}",0.9613263,45.68,1.0241667,19.458,,44.569485,29.806013,44.508354,718539.0,1398953.0,165537.0,460,3,968.15,1445.707,3248.17,,,
[],1186996414987632640-1784161775000,1784161775000,1784177090000,649034868264558592,1186996414987632640,1409579979687067648,verified_drivers,1784119431000-649034868264558592-1186996414987632640,,212.154,2.504,,1.02,True,0,0,0,0,63.298,5,0.0,0,0,0,7146.185,7,4.314,2,0,0,0.0,0,0,0,0,0,0,0,0.0,0,3.337,1,1273.745,1,260,8,0,0,0,0,0,0,43,9,0,0,0,0,0,0,0,0,0,0,0,39,11690,3625,0.0,1,39,"{'fifth_gear_duration': 1.8951805357855394, 'first_gear_duration': 0.43072284904216795, 'ninth_gear_duration': 9.041786556146668, 'sixth_gear_duration': 3.6843439716180306, 'tenth_gear_duration': 13.45167189734447, 'third_gear_duration': 1.2739389889381751, 'eighth_gear_duration': 5.998630966784969, 'fourth_gear_duration': 1.5141431401751475, 'second_gear_duration': 0.47379513394638484, 'seventh_gear_duration': 4.3618098351603765, 'twelfth_gear_duration': 39.98081438074364, 'eleventh_gear_duration': 17.89316174431443}",,,"{'up': 35.27178148282347, 'down': 47.78152253222615, 'plane': 16.9466959849504}",1.10714,49.85,4.200278,84.736,,49.869698,39.980816,57.873978,1854235.0,6256548.0,533537.0,2430,6,4842.555,7009.81,12112.197,,,
[],1146410747421523968-1784161575000,1784161575000,1784162312000,649034868264558592,1146410747421523968,1575837483067768832,unverified_drivers,1784156368000-649034868264558592-1146410747421523968,,2.393,1.841,,0.0,True,0,0,0,0,0.0,0,0.0,0,0,0,0.0,0,0.0,0,0,0,0.0,0,0,0,0,0,0,0,0.0,0,0.0,0,0.0,0,0,0,0,0,0,0,0,0,0,0,0,0,0,0,0,0,0,0,0,0,0,1,0,737,0.0,0,1,"{'fifth_gear_duration': 3.7037037037037033, 'first_gear_duration': 11.11111111111111, 'ninth_gear_duration': 11.11111111111111, 'sixth_gear_duration': 0, 'tenth_gear_duration': 11.11111111111111, 'third_gear_duration': 3.7037037037037033, 'eighth_gear_duration': 11.11111111111111, 'fourth_gear_duration': 0, 'second_gear_duration': 3.7037037037037033, 'seventh_gear_duration': 3.7037037037037033, 'twelfth_gear_duration': 29.629629629629626, 'eleventh_gear_duration': 11.11111111111111}",,,,,25.28,0.17083333,1.3,,11.68901,29.62963,40.74074,,,,560,1,41.736,57.387,140.859,,,
[],1476550907393998848-1784161563000,1784161563000,1784174336000,649034868264558592,1476550907393998848,1510967363699212288,verified_drivers,1784161563000-649034868264558592-1476550907393998848,,189.949,3.255,,0.0,True,0,0,0,0,0.0,0,0.0,0,0,0,6.303,1,0.0,0,0,0,333.419,7,0,0,0,0,0,0,0.0,0,0.0,0,0.0,0,3745,17,0,0,0,0,0,0,0,0,0,0,0,0,0,0,0,0,0,0,0,29,8936,3837,0.0,0,29,"{'fifth_gear_duration': 1.2793986150678949, 'first_gear_duration': 1.1192788371561064, 'ninth_gear_duration': 7.487679095011333, 'sixth_gear_duration': 2.8192518039468486, 'tenth_gear_duration': 12.382769448314583, 'third_gear_duration': 0.7787643743891535, 'eighth_gear_duration': 4.494790908523779, 'fourth_gear_duration': 1.3662168063382478, 'second_gear_duration': 0.7787643743891535, 'seventh_gear_duration': 3.3375616045249434, 'twelfth_gear_duration': 53.55278753977001, 'eleventh_gear_duration': 10.602736592567947}",,,"{'up': 16.143973806690255, 'down': 10.708638540147605, 'plane': 73.14738765316214}",0.33861443,44.46,3.5102777,58.349,,53.536083,53.552788,64.155525,1698450.0,4954300.0,147450.0,2450,4,5150.6,6170.35,9617.8,,,
[],1334833384924381184-1784160922000,1784160922000,1784168758000,649034868264558592,1334833384924381184,,,1784160922000-649034868264558592-1334833384924381184,,69.265,3.91,,0.0,True,0,0,0,0,0.0,0,0.0,0,0,0,0.0,0,0.0,0,0,0,0.0,0,0,0,0,0,0,0,0.0,0,0.0,0,0.0,0,0,0,0,0,0,0,0,0,0,0,0,0,0,0,0,0,0,0,0,0,0,8,3358,4478,,0,8,"{'fifth_gear_duration': 22.91363785594388, 'first_gear_duration': 0.8019798912936881, 'sixth_gear_duration': 44.15934084768633, 'third_gear_duration': 7.113992413545193, 'fourth_gear_duration': 17.822431203415277, 'second_gear_duration': 7.1886177881156295}",,"{'MODE_HEAVY': 0, 'MODE_LIGHT': 0, 'MODE_TURBO': 100}","{'up': 14.222753417494577, 'down': 14.393067901695675, 'plane': 71.38417868080974}",0.32490957,31.53,2.1,17.715,,31.821592,44.15934,67.072975,1300745.0,1645174.0,607163.0,1530,8,2409.002,3658.998,5455.249,2.0,2.0,0.0
[],1220369221305761792-1784160406000,1784160406000,1784193738000,649034868264558592,1220369221305761792,1416491808938000384,verified_drivers,1784136091000-649034868264558592-1220369221305761792,,409.92,2.704,,3.19,True,0,0,0,0,85.745,4,0.0,0,0,0,4301.385,13,65.544,31,0,0,0.0,0,0,0,0,0,0,0,0.0,0,0.0,0,3881.1,3,842,18,0,0,0,0,0,0,0,0,0,0,0,0,0,0,0,0,0,0,0,79,28338,4994,0.0,0,79,,,,,,45.34,9.2080555,151.605,,44.273132,,,6230750.0,11390700.0,887100.0,10783,10,,,,,,
[],1561408916011614208-1784160040000,1784160040000,1784172705000,649034868264558592,1561408916011614208,1409860718357905408,verified_drivers,1784160040000-649034868264558592-1561408916011614208,,176.036,3.34,,1.65,True,0,0,0,0,0.0,0,3.672,1,0,0,0.0,0,6.419,3,0,0,0.0,0,0,0,0,0,0,0,0.0,0,0.0,0,2096.384,1,4550,4,0,0,0,0,13,3,185,32,0,0,0,0,0,0,0,0,0,0,0,52,7305,5360,0.0,0,52,"{'fifth_gear_duration': 1.6502136437306616, 'first_gear_duration': 1.3850007367025197, 'ninth_gear_duration': 3.565640194489465, 'sixth_gear_duration': 1.470458228967143, 'tenth_gear_duration': 7.078237807573302, 'third_gear_duration': 1.217032562251363, 'eighth_gear_duration': 3.176661264181523, 'fourth_gear_duration': 0.7543833799911596, 'second_gear_duration': 1.0078090467069396, 'seventh_gear_duration': 1.4557241785766906, 'twelfth_gear_duration': 66.88964196257551, 'eleventh_gear_duration': 10.34919699425372}",,,"{'up': 8.615358549705636, 'down': 5.779273037522007, 'plane': 85.60536841277236}",0.35567775,42.76,3.4733334,52.705,,50.03787,66.88964,77.23884,1462000.0,5333500.0,63000.0,1814,8,5674.75,6552.75,8483.75,,,
[],1474016264899788800-1784159430000,1784159430000,1784170203000,649034868264558592,1474016264899788800,1410721476771840000,verified_drivers,1784112550000-649034868264558592-1474016264899788800,,156.412,2.898,,0.0,True,0,0,0,0,0.0,0,0.0,0,0,0,14.862,2,19.4,9,0,0,0.0,0,0,0,0,0,0,0,0.0,0,0.0,0,0.0,0,1600,22,0,0,0,0,0,0,20,4,0,0,0,0,0,0,0,0,0,0,0,45,4803,5970,31977.0,1,45,"{'fifth_gear_duration': 1.8373724934358806, 'first_gear_duration': 1.0566489299904733, 'ninth_gear_duration': 8.137765178799636, 'sixth_gear_duration': 2.29976531821456, 'tenth_gear_duration': 13.311220577642494, 'third_gear_duration': 1.374979668657202, 'eighth_gear_duration': 4.9800171945070515, 'fourth_gear_duration': 1.8373724934358806, 'second_gear_duration': 0.8271952041266817, 'seventh_gear_duration': 3.5231312591491046, 'twelfth_gear_duration': 42.82594046982829, 'eleventh_gear_duration': 17.98859121221275}",,,"{'up': 51.50031935993543, 'down': 22.464786365011616, 'plane': 26.03489427505295}",0.6457537,45.38,2.9341667,53.966,,52.268,42.82594,60.814533,1701150.0,3988400.0,381800.0,2530,8,3686.2,5234.55,8607.4,,,
[],1476550907393998848-1784159364000,1784159364000,1784161560000,649034868264558592,1476550907393998848,1410937635110649856,verified_drivers,1784159364000-649034868264558592-1476550907393998848,,39.107,3.263,,0.0,True,0,0,0,0,0.0,0,0.0,0,0,0,0.0,0,0.0,0,0,0,6.329,1,0,0,0,0,0,0,0.0,0,0.0,0,0.0,0,880,6,0,0,0,0,0,0,0,0,0,0,0,0,0,0,0,0,0,0,0,7,0,2196,0.0,0,7,"{'fifth_gear_duration': 2.65019982965341, 'first_gear_duration': 0.7010417349144992, 'ninth_gear_duration': 2.8041669396579967, 'sixth_gear_duration': 1.0515626023717486, 'tenth_gear_duration': 4.753325034396908, 'third_gear_duration': 0.7010417349144992, 'eighth_gear_duration': 1.7526043372862479, 'fourth_gear_duration': 1.0515626023717486, 'second_gear_duration': 0, 'seventh_gear_duration': 1.0515626023717486, 'twelfth_gear_duration': 78.88357465766887, 'eleventh_gear_duration': 4.599357924392321}",,,"{'up': 25.297444379234918, 'down': 10.302512938163586, 'plane': 64.4000426826015}",0.36982766,51.07,0.5808333,11.985,,64.10983,78.883575,83.48293,187900.0,890050.0,32100.0,0,0,1204.0,1274.2,1526.3,,,
[],1268893877926887424-1784158595000,1784158595000,1784187387000,649034868264558592,1268893877926887424,1436038016010289152,verified_drivers,1784146552000-649034868264558592-1268893877926887424,,347.68,2.462,,1.06,True,0,0,0,0,0.0,0,0.0,0,0,0,6966.095,12,0.0,0,0,0,0.0,0,0,0,0,0,0,0,0.0,0,0.0,0,1298.75,1,870,17,0,0,0,0,0,0,83,17,0,0,0,0,0,0,0,0,0,0,0,59,21987,6805,62994.0,1,59,,,,,,45.61,7.9575,141.198,,43.472076,,,,,,14260,12,,,,,,
[],1494313280225673216-1784158418000,1784158418000,1784171279000,649034868264558592,1494313280225673216,1510269675487887360,verified_drivers,1784116318000-649034868264558592-1494313280225673216,,163.756,2.852,,0.0,True,0,0,0,0,0.0,0,0.0,0,0,0,542.264,4,13.103,6,0,0,331.366,2,0,0,0,0,0,0,0.0,0,0.0,0,0.0,0,1040,23,0,0,0,0,4,1,200,30,0,0,0,0,0,0,0,0,0,0,0,72,5879,6982,29597.0,1,72,"{'fifth_gear_duration': 2.5776976524139323, 'first_gear_duration': 1.0699348857000488, 'ninth_gear_duration': 11.269868819600356, 'sixth_gear_duration': 2.754620427861978, 'tenth_gear_duration': 14.343062219708974, 'third_gear_duration': 1.4825680676785604, 'eighth_gear_duration': 6.800329210734062, 'fourth_gear_duration': 1.2625343627700731, 'second_gear_duration': 0.756960735461259, 'seventh_gear_duration': 4.593833457440555, 'twelfth_gear_duration': 35.0922965807994, 'eleventh_gear_duration': 17.996293579830805}",,,"{'up': 45.93230800557418, 'down': 36.41864934172431, 'plane': 17.64904265270151}",0.97688204,42.45,3.4933333,57.414,,45.83793,35.092297,53.08859,2138050.0,4033900.0,392050.0,2350,6,3133.9,4741.05,8930.45,,,
[],1334832234422599680-1784158364000,1784158364000,1784182392000,649034868264558592,1334832234422599680,1436049627328544768,verified_drivers,1784134877000-649034868264558592-1334832234422599680,,238.035,2.375,,1.51,True,0,0,0,0,40.309,2,0.0,0,0,0,10599.852,11,6.168,3,0,0,16.177,2,0,0,0,0,0,0,0.0,0,0.0,0,1633.95,1,1750,30,0,0,0,0,0,0,62,12,0,0,0,0,0,0,0,0,0,0,0,77,16992,7036,0.0,0,77,"{'fifth_gear_duration': 4.011006833913363, 'first_gear_duration': 1.255449812246065, 'ninth_gear_duration': 13.645285259529269, 'sixth_gear_duration': 4.2864525776993405, 'tenth_gear_duration': 13.823417836348941, 'third_gear_duration': 2.499903786416841, 'eighth_gear_duration': 10.363852281911297, 'fourth_gear_duration': 3.2426726484025794, 'second_gear_duration': 1.6342564339397538, 'seventh_gear_duration': 7.30673440102921, 'twelfth_gear_duration': 25.62854959397868, 'eleventh_gear_duration': 12.30241853458466}",,,"{'up': 34.02682847239984, 'down': 42.36332207395909, 'plane': 23.60984945364107}",1.0625135,40.4,6.6025,100.229,,35.663643,25.62855,37.93097,4492700.0,7342350.0,761900.0,4750,16,4661.5,6899.15,18188.7,,,
[],1192134868188790784-1784158031000,1784158031000,1784164069000,649034868264558592,1192134868188790784,,,1784158031000-649034868264558592-1192134868188790784,,99.328,4.461,,0.0,True,0,0,0,0,0.0,0,0.0,0,0,0,0.0,0,0.0,0,0,0,0.0,0,0,0,0,0,0,0,0.0,0,0.0,0,0.0,0,0,0,0,0,0,0,0,0,0,0,0,0,0,0,0,0,0,0,0,0,0,2,0,6038,,0,2,"{'fifth_gear_duration': 10.621773920883578, 'first_gear_duration': 0.2797926293249183, 'sixth_gear_duration': 82.03374281528232, 'third_gear_duration': 2.1545362335174123, 'fourth_gear_duration': 3.965333032796123, 'second_gear_duration': 0.9448213681956497}",,"{'MODE_HEAVY': 0, 'MODE_LIGHT': 0, 'MODE_TURBO': 100}","{'up': 17.253659524291603, 'down': 43.803523148203304, 'plane': 38.942817327505104}",0.42010206,40.18,1.65,22.268,,59.22173,82.033745,92.65552,220919.0,376000.0,2522245.0,1000,2,3639.427,4110.662,4436.5,1.0,2.0,0.0
[],1536322320262496256-1784157480000,1784157480000,1784173237000,649034868264558592,1536322320262496256,1575246543445819392,unverified_drivers,1784136564000-649034868264558592-1536322320262496256,,235.599,2.625,,0.0,True,0,0,0,0,0.0,0,3.511,1,0,0,23.05,3,122.033,58,0,0,0.0,0,0,0,0,0,0,0,0.0,0,0.0,0,0.0,0,2580,36,0,0,0,0,23,5,447,72,0,0,0,0,0,0,0,0,0,0,0,180,7837,7920,0.0,1,180,"{'fifth_gear_duration': 2.4137357458369526, 'first_gear_duration': 0.7023120853124365, 'ninth_gear_duration': 8.862069602824034, 'sixth_gear_duration': 2.7907664442678395, 'tenth_gear_duration': 13.539837728944498, 'third_gear_duration': 1.1680558892564732, 'eighth_gear_duration': 5.683183321936164, 'fourth_gear_duration': 1.8518860775870036, 'second_gear_duration': 0.6413218252721459, 'seventh_gear_duration': 4.003178886280888, 'twelfth_gear_duration': 41.48261777588852, 'eleventh_gear_duration': 16.861034616593045}",,,"{'up': 40.41543447079033, 'down': 36.363797347311, 'plane': 23.22076818189866}",0.8766622,50.61,4.321111,89.742,,53.82728,41.482616,58.34365,1868250.0,7036250.0,781250.0,1590,5,5611.25,7892.0,13526.75,,,
[],1334833384924381184-1784157460000,1784157460000,1784160904000,649034868264558592,1334833384924381184,,,1784157460000-649034868264558592-1334833384924381184,,74.83,5.984,,0.0,True,0,0,0,0,0.0,0,0.0,0,0,0,0.0,0,0.0,0,0,0,0.0,0,0,0,0,0,0,0,0.0,0,0.0,0,0.0,0,130,1,0,0,0,0,0,0,0,0,0,0,0,0,0,0,0,0,0,0,0,2,0,3444,,678,2,"{'fifth_gear_duration': 0.6674439522662444, 'first_gear_duration': 0, 'sixth_gear_duration': 96.07600405379597, 'third_gear_duration': 1.2350446964889692, 'fourth_gear_duration': 1.0075577419493953, 'second_gear_duration': 1.013949555499424}",,"{'MODE_HEAVY': 0, 'MODE_LIGHT': 0, 'MODE_TURBO': 100}","{'up': 0, 'down': 57.40028961152726, 'plane': 42.599710388472744}",,40.8,0.9,12.504,,78.21951,96.076004,96.74345,140717.0,34834.0,1802911.0,335,1,2495.163,2512.497,2597.072,0.0,1.0,0.0
[],1334832669606805504-1784157293000,1784157293000,1784164292000,649034868264558592,1334832669606805504,1578585453089521664,unverified_drivers,1784134653000-649034868264558592-1334832669606805504,,92.52,2.933,,0.0,True,0,0,0,0,0.0,0,0.0,0,0,0,0.0,0,2.08,1,0,0,0.0,0,0,0,0,0,0,0,0.0,0,0.0,0,0.0,0,830,16,0,0,0,0,0,0,0,0,0,0,0,0,0,0,0,0,0,0,0,20,0,6999,5030.0,5030,20,,,,,,42.9,1.9258333,31.55,,47.588512,,,,,,1450,3,,,,,,
[],1146410747421523968-1784156368000,1784156368000,1784161574000,649034868264558592,1146410747421523968,1578329258244177920,unverified_drivers,1784156368000-649034868264558592-1146410747421523968,,70.478,2.565,,0.0,True,0,0,0,0,116.667,2,0.0,0,0,0,101.19,1,0.0,0,0,0,8.483,1,0,0,0,0,0,0,0.0,0,0.0,0,0.0,0,220,4,0,0,0,0,0,0,19,4,0,0,0,0,0,0,0,0,0,0,0,13,0,5206,0.0,0,13,"{'fifth_gear_duration': 2.0461803195916373, 'first_gear_duration': 0.48791418776538176, 'ninth_gear_duration': 7.486815727152947, 'sixth_gear_duration': 2.670506528663128, 'tenth_gear_duration': 13.021974703244368, 'third_gear_duration': 0.9548841491427641, 'eighth_gear_duration': 5.671570997397529, 'fourth_gear_duration': 1.3641202130610914, 'second_gear_duration': 0.13641202130610916, 'seventh_gear_duration': 2.728240426122183, 'twelfth_gear_duration': 49.14490816048245, 'eleventh_gear_duration': 14.286472566070405}",,,"{'up': 28.59457691621573, 'down': 35.982933935898195, 'plane': 35.42248914788607}",1.1340435,49.13,1.4341667,27.476,,48.73623,49.14491,63.43138,582897.0,2072340.0,135642.0,150,1,1879.519,2425.897,3824.443,,,
[],1140330319757443072-1784156268000,1784156268000,1784171370000,649034868264558592,1140330319757443072,1416091466194747392,verified_drivers,1784113727000-649034868264558592-1140330319757443072,,220.128,2.488,,0.59,True,0,0,0,0,31.899,2,0.0,0,0,0,743.037,5,233.683,111,0,0,0.0,0,0,0,0,0,0,0,0.0,0,79.201,1,1229.352,1,751,13,0,0,0,0,0,0,77,15,0,0,0,0,0,0,0,0,0,0,0,151,5970,9132,0.0,0,151,"{'fifth_gear_duration': 2.7152356547406664, 'first_gear_duration': 0.4955074767264589, 'ninth_gear_duration': 7.177787148464108, 'sixth_gear_duration': 3.329592267021311, 'tenth_gear_duration': 12.630510233870707, 'third_gear_duration': 1.3822050666580168, 'eighth_gear_duration': 6.294073761717862, 'fourth_gear_duration': 1.8169904959615946, 'second_gear_duration': 1.065814655032599, 'seventh_gear_duration': 4.32488890330533, 'twelfth_gear_duration': 40.98342469752506, 'eleventh_gear_duration': 17.783969638976288}",,,"{'up': 36.9548705302096, 'down': 43.95758323057953, 'plane': 19.087546239210862}",1.2544858,50.14,4.142778,88.459,,52.473896,40.983425,58.767395,2061240.0,6613504.0,450400.0,1680,3,5053.912,7246.96,12331.6,,,
[],1268894298644938752-1784155979000,1784155979000,1784167557000,649034868264558592,1268894298644938752,1506937351476084736,verified_drivers,1784149861000-649034868264558592-1268894298644938752,,166.671,4.109,,0.0,True,0,0,0,0,143.007,4,0.0,0,0,0,1732.002,2,0.0,0,0,0,0.0,0,0,0,0,0,0,0,0.0,0,0.0,0,0.0,0,110,3,0,0,0,0,0,0,25,6,0,0,0,0,0,0,0,0,0,0,0,19,2157,9421,0.0,0,19,"{'fifth_gear_duration': 6.285300808848018, 'first_gear_duration': 1.2717843177144648, 'sixth_gear_duration': 79.07100539363505, 'third_gear_duration': 5.012750077627545, 'fourth_gear_duration': 5.588416786935355, 'second_gear_duration': 2.770742615239569}",,"{'MODE_HEAVY': 0, 'MODE_LIGHT': 0, 'MODE_TURBO': 100}","{'up': 15.191966624379091, 'down': 48.5656940526007, 'plane': 36.242339323020225}",0.80866724,41.29,3.0,40.563,,51.82377,79.07101,85.35631,615750.0,720087.0,4660069.0,1000,4,7015.571,7573.234,8872.495,5.0,3.0,0.0
[],1552709347677569024-1784155493000,1784155493000,1784172791000,649034868264558592,1552709347677569024,1504473550948401152,verified_drivers,1784130919000-649034868264558592-1552709347677569024,,205.228,3.383,,1.29,True,0,0,0,0,0.0,0,0.0,0,0,0,0.0,0,17.181,8,0,0,0.0,0,0,0,0,0,0,0,0.0,0,0.0,0,1665.4,1,210,6,0,0,0,0,18,4,273,46,0,0,0,0,0,0,0,0,0,0,0,73,7391,9907,0.0,1,73,"{'fifth_gear_duration': 7.914585293453344, 'first_gear_duration': 1.49900059622112, 'sixth_gear_duration': 48.967935609800215, 'third_gear_duration': 9.69469998679454, 'fourth_gear_duration': 27.958357489408943, 'second_gear_duration': 3.965421024321837}",,"{'MODE_HEAVY': 4.499819834081249, 'MODE_LIGHT': 0, 'MODE_TURBO': 95.50018016591875}","{'up': 41.46010306728646, 'down': 46.21573466987682, 'plane': 12.324162262836719}",0.7895843,46.27,4.75,60.667,,42.71134,48.967937,56.882523,1394409.0,4309763.0,3261952.0,1410,8,5825.516,6767.082,11896.593,8.0,4.0,0.0
[],1518565483060658176-1784155234000,1784155234000,1784170914000,649034868264558592,1518565483060658176,1577418488006311936,unverified_drivers,1784133589000-649034868264558592-1518565483060658176,,224.805,3.281,,0.0,True,0,0,0,0,0.0,0,0.0,0,0,0,25.434,2,0.0,0,0,0,0.0,0,0,0,0,0,0,0,0.0,0,3.825,1,0.0,0,2901,14,0,0,0,0,0,0,47,10,0,0,0,0,0,0,0,0,0,0,0,38,5514,10166,0.0,1,38,"{'fifth_gear_duration': 1.6855586922294683, 'first_gear_duration': 1.1629687506134836, 'ninth_gear_duration': 10.49655860192467, 'sixth_gear_duration': 1.727570054928875, 'tenth_gear_duration': 16.612156596372888, 'third_gear_duration': 1.3023522436816088, 'eighth_gear_duration': 5.075129665911509, 'fourth_gear_duration': 0.7562045285893213, 'second_gear_duration': 1.0082727047857616, 'seventh_gear_duration': 2.9745615309411724, 'twelfth_gear_duration': 40.221364544765656, 'eleventh_gear_duration': 16.977302085255584}",,,"{'up': 18.483898933053087, 'down': 32.51161146277795, 'plane': 49.004489604168974}",0.5685875,41.69,4.310278,68.524,,51.61339,40.221363,57.198666,2681850.0,6088600.0,450050.0,2020,11,5122.05,7284.05,12734.65,,,
[],1334832578175172608-1784154126000,1784154126000,1784171670000,649034868264558592,1334832578175172608,1416163404732694528,verified_drivers,1784129777000-649034868264558592-1334832578175172608,,214.436,2.654,,0.0,True,0,0,0,0,0.0,0,0.0,0,0,0,17.843,2,0.0,0,0,0,0.0,0,0,0,0,0,0,0,0.0,0,0.0,0,0.0,0,300,8,0,0,0,0,0,0,27,6,0,0,0,0,0,0,0,0,0,0,0,23,6270,11274,0.0,1,23,"{'fifth_gear_duration': 2.7885096131994, 'first_gear_duration': 0.4863415299304577, 'ninth_gear_duration': 12.226338196748634, 'sixth_gear_duration': 3.4191627653288488, 'tenth_gear_duration': 15.287941457206491, 'third_gear_duration': 1.4412223686802115, 'eighth_gear_duration': 8.043952547611473, 'fourth_gear_duration': 1.567731769768041, 'second_gear_duration': 0.8332954562671394, 'seventh_gear_duration': 4.999772737602836, 'twelfth_gear_duration': 28.52408223868612, 'eleventh_gear_duration': 20.38164931897035}",,,"{'up': 35.083271766790766, 'down': 44.199948815266566, 'plane': 20.716779417942675}",0.9979757,43.01,4.8275,80.789,,44.001915,28.524082,48.90573,2943250.0,5215750.0,1048150.0,2310,7,3765.35,6455.85,13200.6,,,
[],1140330395766620160-1784153967000,1784153967000,1784171046000,649034868264558592,1140330395766620160,1572826992527540224,unverified_drivers,1784132237000-649034868264558592-1140330395766620160,,278.887,3.848,,1.03,True,0,0,0,0,16.57,1,0.0,0,0,0,104.016,2,1.986,1,0,0,0.0,0,0,0,0,0,0,0,0.0,0,0.0,0,1475.8,1,3180,8,0,0,0,0,0,0,5,1,0,0,0,0,0,0,0,0,0,0,0,26,5646,11433,0.0,0,26,"{'fifth_gear_duration': 1.527881267012363, 'first_gear_duration': 1.080427609069205, 'ninth_gear_duration': 2.712473958729338, 'sixth_gear_duration': 1.3727741366463404, 'tenth_gear_duration': 5.442815650613586, 'third_gear_duration': 1.2838156354070043, 'eighth_gear_duration': 2.0616322744483813, 'fourth_gear_duration': 1.3522452517449552, 'second_gear_duration': 1.3016833685619136, 'seventh_gear_duration': 2.1201776128708505, 'twelfth_gear_duration': 72.12291479752437, 'eleventh_gear_duration': 7.621158437371695}",,,"{'up': 12.581915967399349, 'down': 10.460386568041095, 'plane': 76.95769746455956}",0.4051261,41.09,4.7075,72.467,,58.785244,72.12292,79.74407,1701800.0,8361550.0,297250.0,3740,12,9485.75,10488.1,13152.2,,,
[],1268893955106275328-1784153596000,1784153596000,1784166261000,649034868264558592,1268893955106275328,1510678199879598080,verified_drivers,1784153596000-649034868264558592-1268893955106275328,,192.48,2.64,,0.0,True,0,0,0,0,216.708,9,0.0,0,0,0,3107.286,2,26.541,13,0,0,194.114,7,0,0,0,0,0,0,0.0,0,0.0,0,0.0,0,2680,38,0,0,0,0,0,0,153,26,0,0,0,0,0,0,0,0,0,0,0,104,861,11804,0.0,0,104,,,,,,50.9,3.4955556,72.9,,54.71204,,,,,,1360,9,,,,,,
[],1406272050288394240-1784153347000,1784153347000,1784169686000,649034868264558592,1406272050288394240,1510985330570821632,verified_drivers,1784120248000-649034868264558592-1406272050288394240,,223.674,2.612,,0.0,True,0,0,0,0,0.0,0,0.0,0,0,0,71.573,9,6.491,3,0,0,0.0,0,0,0,0,0,0,0,0.0,0,0.0,0,0.0,0,1090,22,0,0,0,0,0,0,66,14,0,0,0,0,0,0,0,0,0,0,0,53,4286,12053,0.0,1,53,"{'fifth_gear_duration': 2.0703765900360955, 'first_gear_duration': 0.47754164495145446, 'ninth_gear_duration': 10.710135695948424, 'sixth_gear_duration': 2.473024880807613, 'tenth_gear_duration': 15.36471905340977, 'third_gear_duration': 0.8466037408072268, 'eighth_gear_duration': 6.226571698805181, 'fourth_gear_duration': 1.4276063080278727, 'second_gear_duration': 0.44395545003570946, 'seventh_gear_duration': 4.029571293454552, 'twelfth_gear_duration': 38.107205589978186, 'eleventh_gear_duration': 17.822688053737913}",,,"{'up': 38.10941016722158, 'down': 42.43643161399528, 'plane': 19.454158218783128}",0.9992105,47.12,4.478889,85.623,,49.28248,38.107204,55.929893,2030100.0,5984000.0,1018350.0,1630,5,4935.55,7243.9,12951.75,,,
[],1537489451758911488-1784153322000,1784153322000,1784170135000,649034868264558592,1537489451758911488,1416112945288445952,verified_drivers,1784112465000-649034868264558592-1537489451758911488,,236.105,3.429,,0.62,True,0,0,0,0,0.0,0,3.523,1,0,0,3357.725,5,37.374,18,0,0,562.54,11,0,0,0,0,0,0,0.0,0,0.0,0,1343.191,1,0,0,0,0,0,0,39,8,436,65,0,0,0,0,0,0,0,0,0,0,0,114,4735,12078,22324.0,1,114,"{'fifth_gear_duration': 25.942189843439085, 'first_gear_duration': 2.0051047376855284, 'sixth_gear_duration': 47.73650472127535, 'third_gear_duration': 9.118407810798455, 'fourth_gear_duration': 10.097192631494927, 'second_gear_duration': 5.100600255306655}",,,"{'up': 36.26916208426896, 'down': 38.18404441536856, 'plane': 25.546793500362487}",1.0480738,54.18,4.64545,68.85,,50.55481,47.736504,73.678696,1445952.0,5705709.0,3151697.0,1990,5,6841.867,10560.049,14332.568,8.0,1.0,0.0
[],1268893773056704512-1784153200000,1784153200000,1784172288000,649034868264558592,1268893773056704512,1437134280533737472,verified_drivers,1784122208000-649034868264558592-1268893773056704512,,301.986,3.035,,1.1,True,0,0,0,0,24.241,1,0.0,0,0,0,1537.103,8,2.17,1,0,0,0.0,0,0,0,0,0,0,0,0.0,0,0.0,0,1276.75,1,4500,30,0,0,0,0,0,0,29,6,0,0,0,0,0,0,0,0,0,0,0,56,6888,12200,0.0,0,56,"{'fifth_gear_duration': 1.7082512058715127, 'first_gear_duration': 0.4038267390990818, 'ninth_gear_duration': 7.993205454865953, 'sixth_gear_duration': 1.472685608063715, 'tenth_gear_duration': 10.462638014198035, 'third_gear_duration': 1.10251109722289, 'eighth_gear_duration': 5.238530198868644, 'fourth_gear_duration': 0.9887345159687836, 'second_gear_duration': 0.719516689902729, 'seventh_gear_duration': 3.2017691457141484, 'twelfth_gear_duration': 52.42376167812445, 'eleventh_gear_duration': 14.28456965210006}",,,"{'up': 31.21261358413822, 'down': 32.49221059792934, 'plane': 36.295175817932446}",0.84439796,46.98,5.2855554,99.517,,56.95461,52.423763,66.70833,2068000.0,9177250.0,529500.0,2850,9,8178.5,10407.0,15600.75,,,
[],1146409880471470080-1784152585000,1784152585000,1784174590000,649034868264558592,1146409880471470080,1569091583645581312,unverified_drivers,1784140834000-649034868264558592-1146409880471470080,,316.636,2.786,,1.78,True,0,0,0,0,17.097,1,0.0,0,0,0,33.275,4,59.342,28,0,0,0.0,0,0,0,0,0,0,0,0.0,0,0.0,0,1210.0,1,3070,54,0,0,0,0,0,0,80,15,0,0,0,0,0,0,0,0,0,0,0,112,9190,12815,0.0,0,112,"{'fifth_gear_duration': 2.493823303071858, 'first_gear_duration': 0.6538330237752202, 'ninth_gear_duration': 7.657079044362282, 'sixth_gear_duration': 3.604471523546668, 'tenth_gear_duration': 11.969483934801854, 'third_gear_duration': 1.8648706509978186, 'eighth_gear_duration': 5.638007950146679, 'fourth_gear_duration': 1.9849329097884012, 'second_gear_duration': 1.4413257187823663, 'seventh_gear_duration': 5.374160287455085, 'twelfth_gear_duration': 39.590457509532655, 'eleventh_gear_duration': 17.727554143739116}",,,"{'up': 25.278454835400794, 'down': 45.82523887582414, 'plane': 28.89630628877507}",0.9573239,47.7,6.0830555,113.659,,51.80139,39.590458,57.318012,3810050.0,8685800.0,649350.0,2840,9,6842.3,9906.1,17282.7,,,
[],1494312366358134784-1784151118000,1784151118000,1784177313000,649034868264558592,1494312366358134784,1526580819693404160,verified_drivers,1784151118000-649034868264558592-1494312366358134784,,378.678,2.851,,0.0,True,0,0,0,0,0.0,0,0.0,0,0,0,34.992,3,0.0,0,0,0,36.965,1,0,0,0,0,0,0,0.0,0,0.0,0,0.0,0,588,11,0,0,0,0,0,0,31,6,0,0,0,0,0,0,0,0,0,0,0,31,11913,14282,0.0,0,31,"{'fifth_gear_duration': 1.6513448080303799, 'first_gear_duration': 1.1048283120393732, 'ninth_gear_duration': 6.874606101839641, 'sixth_gear_duration': 1.9593337206392205, 'tenth_gear_duration': 11.22427978037848, 'third_gear_duration': 0.7155827501464979, 'eighth_gear_duration': 4.35135123516922, 'fourth_gear_duration': 1.3695677177712278, 'second_gear_duration': 0.9016866888292866, 'seventh_gear_duration': 2.393328105647484, 'twelfth_gear_duration': 49.180807158469655, 'eleventh_gear_duration': 18.27328362103954}",,,"{'up': 18.578389602653907, 'down': 15.883363529317695, 'plane': 65.53824686802841}",0.6068086,46.46,7.2575,132.803,,52.042023,49.18081,67.454094,3990000.0,9439894.0,615000.0,4678,10,9381.417,12867.112,19075.361,,,
[],1494312472553717760-1784151051000,1784151051000,1784171611000,649034868264558592,1494312472553717760,1411785459557728256,verified_drivers,1784125975000-649034868264558592-1494312472553717760,,332.436,3.226,,0.99,True,0,0,0,0,0.0,0,0.0,0,0,0,14.931,2,2.102,1,0,0,0.0,0,0,0,0,0,0,0,0.0,0,0.0,0,1357.5,1,3550,60,0,0,0,0,0,0,0,0,0,0,0,0,0,0,0,0,0,0,0,74,6211,14349,0.0,0,74,"{'fifth_gear_duration': 1.0568010259573708, 'first_gear_duration': 0.4090842681125306, 'ninth_gear_duration': 7.139494488725832, 'sixth_gear_duration': 1.1379685394717618, 'tenth_gear_duration': 12.925114852031621, 'third_gear_duration': 0.3409035567604422, 'eighth_gear_duration': 3.0518985081411016, 'fourth_gear_duration': 0.5454456908167076, 'second_gear_duration': 0.865245694063408, 'seventh_gear_duration': 1.7369847892079675, 'twelfth_gear_duration': 54.36762390220938, 'eleventh_gear_duration': 16.423434684501874}",,,"{'up': 34.278034549447696, 'down': 29.6564722850493, 'plane': 36.06549316550299}",0.7635903,46.48,5.671389,103.035,,58.208637,54.367622,70.79106,2651000.0,7266750.0,718500.0,3570,10,8372.75,10902.0,15400.25,,,
[],1561408897250492416-1784150960000,1784150960000,1784167542000,649034868264558592,1561408897250492416,1410696905196830720,verified_drivers,1784145027000-649034868264558592-1561408897250492416,,271.758,2.889,,1.32,True,0,0,0,0,0.0,0,0.0,0,0,0,0.0,0,0.0,0,0,0,0.0,0,0,0,0,0,0,0,0.0,0,0.0,0,1654.5,1,4920,22,0,0,0,0,21,5,431,70,0,0,0,0,0,0,0,0,0,0,0,102,2142,14440,0.0,0,102,"{'fifth_gear_duration': 1.8664521319388574, 'first_gear_duration': 0.593546080271744, 'ninth_gear_duration': 7.558773576472691, 'sixth_gear_duration': 2.2740681147760795, 'tenth_gear_duration': 8.011084294270136, 'third_gear_duration': 1.1370340573880398, 'eighth_gear_duration': 4.676857066237597, 'fourth_gear_duration': 1.322964154822562, 'second_gear_duration': 0.9493161705551086, 'seventh_gear_duration': 2.792527040314651, 'twelfth_gear_duration': 57.15205148833468, 'eleventh_gear_duration': 11.66532582461786}",,,"{'up': 22.03718320425753, 'down': 11.227639671462404, 'plane': 66.73517712428007}",0.5213581,51.71,4.5747223,94.063,,58.999447,57.15205,68.817375,2095250.0,8234000.0,257500.0,2151,4,7992.0,9623.25,13983.75,,,
[],1552709318082560000-1784150460000,1784150460000,1784167871000,649034868264558592,1552709318082560000,1578604732379824128,unverified_drivers,1784145999000-649034868264558592-1552709318082560000,,267.504,2.979,,0.0,True,0,0,0,0,0.0,0,4.981,1,0,0,0.0,0,2.121,1,0,0,0.0,0,0,0,0,0,0,0,0.0,0,0.0,0,0.0,0,4020,42,0,0,126,3,14,3,526,84,0,0,0,0,0,0,0,0,0,0,0,140,2471,14940,0.0,0,140,"{'fifth_gear_duration': 10.319200639304142, 'first_gear_duration': 2.233762545639426, 'sixth_gear_duration': 59.071728336720675, 'third_gear_duration': 6.698766342788426, 'fourth_gear_duration': 18.260788897725426, 'second_gear_duration': 3.4157532378219093}",,"{'MODE_HEAVY': 2.0517793936316697, 'MODE_LIGHT': 1.3128916251892282, 'MODE_TURBO': 96.6353289811791}","{'up': 28.362127671299746, 'down': 48.93384190865325, 'plane': 22.704030420047}",0.9142492,57.32,4.8,89.808,,55.310688,59.071728,69.39093,830081.0,3091723.0,6316582.0,2390,6,7380.176,8669.414,12493.584,12.0,1.0,0.0
[],1066488795177680896-1784149942000,1784149942000,1784168758000,649034868264558592,1066488795177680896,1574906232664227840,unverified_drivers,1784131663000-649034868264558592-1066488795177680896,,257.511,2.85,,0.0,True,0,0,0,0,34.927,2,3.612,1,0,0,383.428,4,6.035,3,0,0,798.46,13,0,0,0,0,0,0,0.0,0,0.0,0,0.0,0,569,10,0,0,0,0,0,0,8,2,0,0,0,0,0,0,0,0,0,0,0,47,3358,15458,0.0,0,47,"{'fifth_gear_duration': 2.500573499230927, 'first_gear_duration': 0.48126579429182226, 'ninth_gear_duration': 13.152130126821742, 'sixth_gear_duration': 3.7374314491602925, 'tenth_gear_duration': 13.590197437488582, 'third_gear_duration': 0.9752930996203527, 'eighth_gear_duration': 9.883977876767469, 'fourth_gear_duration': 2.2315239458223117, 'second_gear_duration': 0.4623541574542907, 'seventh_gear_duration': 6.107486978646149, 'twelfth_gear_duration': 27.186957059206645, 'eleventh_gear_duration': 19.690808575489413}",,,"{'up': 39.05316735144416, 'down': 15.81161464401792, 'plane': 45.135218004537926}",0.6941856,30.9,5.1541667,90.353,,49.268684,27.186956,46.877766,950462.0,8850189.0,761332.0,3029,12,4420.553,7622.245,16259.83,,,
[],1406271868830220288-1784149172000,1784149172000,1784181221000,649034868264558592,1406271868830220288,1533468195703226368,verified_drivers,1784128618000-649034868264558592-1406271868830220288,,555.279,3.753,,0.82,True,0,0,0,0,0.0,0,3.548,1,0,0,1081.216,6,49.448,24,0,0,172.742,8,0,0,0,0,0,0,0.0,0,0.0,0,1781.4,1,8019,26,0,0,0,0,0,0,38,8,0,0,0,0,0,0,0,0,0,0,0,81,15821,16228,70943.0,1,81,"{'fifth_gear_duration': 0.9905261068739393, 'first_gear_duration': 0.4238746967260591, 'ninth_gear_duration': 4.0965778143214155, 'sixth_gear_duration': 1.2839778199919802, 'tenth_gear_duration': 7.7150055288003925, 'third_gear_duration': 0.3033752010012597, 'eighth_gear_duration': 3.087824892968095, 'fourth_gear_duration': 0.8665837684141456, 'second_gear_duration': 0.29385675343980494, 'seventh_gear_duration': 1.8255167301904902, 'twelfth_gear_duration': 67.01918676004196, 'eleventh_gear_duration': 12.093693927230456}",,,"{'up': 14.37223629010922, 'down': 25.025889111455445, 'plane': 60.60187459843532}",0.52050936,43.5,8.834167,147.973,,62.37338,67.01919,79.11288,3239000.0,15534750.0,672150.0,3320,7,16546.3,19532.1,24688.9,,,
[],1186996301657538560-1784148985000,1784148985000,1784186364000,649034868264558592,1186996301657538560,,,1784148985000-649034868264558592-1186996301657538560,,376.974,2.5,,5.7,True,0,0,0,0,0.0,0,0.0,0,0,0,0.0,0,0.0,0,0,0,0.0,0,0,0,0,0,0,0,0.0,0,0.0,0,6442.73,2,490,9,0,0,0,0,4,1,174,34,0,0,0,0,0,0,0,0,0,0,0,65,20964,16415,,0,65,"{'fifth_gear_duration': 3.3240034460043177, 'first_gear_duration': 1.5722845843278346, 'ninth_gear_duration': 11.116223164510053, 'sixth_gear_duration': 3.7842646986227977, 'tenth_gear_duration': 12.584504441584848, 'third_gear_duration': 1.8233361766651868, 'eighth_gear_duration': 8.852095026019272, 'fourth_gear_duration': 2.406693072986742, 'second_gear_duration': 1.4580273169187896, 'seventh_gear_duration': 5.782226979689018, 'twelfth_gear_duration': 34.771447569239996, 'eleventh_gear_duration': 12.52489352343114}",,,"{'up': 41.54905783695761, 'down': 38.452825381351694, 'plane': 19.998116781690705}",0.9539054,40.53,10.325,150.777,,36.306652,34.771446,47.29634,6128933.0,10737524.0,979226.0,6471,19,8670.854,11794.15,24936.707,,,
[],1474013287929610240-1784145818000,1784145818000,1784167880000,649034868264558592,1474013287929610240,1577896280909152256,unverified_drivers,1784145818000-649034868264558592-1474013287929610240,,318.168,2.789,,0.0,True,0,0,0,0,0.0,0,3.668,1,0,0,237.945,7,9.889,5,0,0,0.0,0,0,0,0,0,0,0,0.0,0,0.0,0,0.0,0,1552,20,0,0,0,0,0,0,0,0,0,0,0,0,0,0,0,0,0,0,0,40,2480,19582,0.0,0,40,"{'fifth_gear_duration': 9.899507778235188, 'first_gear_duration': 1.8609156644679574, 'sixth_gear_duration': 56.00697925210365, 'third_gear_duration': 9.532901290628722, 'fourth_gear_duration': 19.683181340615576, 'second_gear_duration': 3.016514673948909}",,"{'MODE_HEAVY': 0, 'MODE_LIGHT': 0, 'MODE_TURBO': 100}","{'up': 30.60303138815355, 'down': 37.73137844829605, 'plane': 31.665590163550387}",1.0180051,58.19,6.1,114.095,,51.91754,56.00698,65.90649,916074.0,5329405.0,6288238.0,2263,7,8554.739,10066.831,15274.416,16.0,1.0,0.0
[],1334833282986016768-1784145228000,1784145228000,1784163665000,649034868264558592,1334833282986016768,,,1784145228000-649034868264558592-1334833282986016768,,264.253,3.628,,0.0,True,0,0,0,0,0.0,0,0.0,0,0,0,0.0,0,0.0,0,0,0,0.0,0,0,0,0,0,0,0,0.0,0,0.0,0,0.0,0,0,0,0,0,0,0,0,0,34,8,0,0,0,0,0,0,0,0,0,0,0,16,0,18437,,0,16,"{'fifth_gear_duration': 13.876602824087769, 'first_gear_duration': 1.550703477146138, 'sixth_gear_duration': 62.53207238673271, 'third_gear_duration': 7.738846634665853, 'fourth_gear_duration': 10.343483889848489, 'second_gear_duration': 3.9582907875190463}",,"{'MODE_HEAVY': 0, 'MODE_LIGHT': 0, 'MODE_TURBO': 100}","{'up': 28.437389354419917, 'down': 45.222077973169675, 'plane': 26.34053267241041}",0.966963,50.49,5.1,72.842,,51.597916,62.532074,76.408676,1029175.0,5132439.0,4446429.0,3073,8,9829.01,12010.183,15718.35,8.0,2.0,0.0
[],1220369364222476288-1784143358000,1784143358000,1784167516000,649034868264558592,1220369364222476288,1511002494879137792,verified_drivers,1784124869000-649034868264558592-1220369364222476288,,367.014,3.5,,0.0,True,0,0,0,0,0.0,0,0.0,0,0,0,408.093,5,20.342,10,0,0,0.0,0,0,0,0,0,0,0,0.0,0,0.0,0,0.0,0,920,16,0,0,0,0,30,6,4,1,0,0,0,0,0,0,0,0,0,0,0,45,2116,22042,0.0,0,45,"{'fifth_gear_duration': 1.5654217158278299, 'first_gear_duration': 0.5289805129278883, 'ninth_gear_duration': 8.842320767501578, 'sixth_gear_duration': 2.8254945924174613, 'tenth_gear_duration': 14.670121470676333, 'third_gear_duration': 1.0268445250953124, 'eighth_gear_duration': 5.7010082327863225, 'fourth_gear_duration': 1.7364170658012208, 'second_gear_duration': 0.7953610241109259, 'seventh_gear_duration': 3.554842105569272, 'twelfth_gear_duration': 37.984232367558576, 'eleventh_gear_duration': 20.76895561972728}",,,"{'up': 31.64837418054029, 'down': 42.17704316722957, 'plane': 26.17458265223014}",0.8494012,44.38,6.6633334,104.858,,54.692043,37.984234,58.75319,5270400.0,8092150.0,537950.0,2410,7,6530.8,10101.7,17193.45,,,
[],687681844035977216-1784142821000,1784142821000,1784164335000,649034868264558592,687681844035977216,1506931767146184704,verified_drivers,1784142821000-649034868264558592-687681844035977216,,299.973,2.857,,1.72,True,0,0,0,0,31.984,2,3.667,1,0,0,28.675,1,0.0,0,0,0,244.004,1,0,0,0,0,0,0,0.0,0,0.0,0,1785.428,1,311,7,0,0,0,0,0,0,44,8,0,0,0,0,0,0,0,0,0,0,0,29,0,21514,0.0,0,29,"{'fifth_gear_duration': 1.7359347466267105, 'first_gear_duration': 1.1226553554872005, 'ninth_gear_duration': 6.94495871481062, 'sixth_gear_duration': 2.040561890495232, 'tenth_gear_duration': 12.500646891618253, 'third_gear_duration': 1.5308722817265707, 'eighth_gear_duration': 6.329222442373501, 'fourth_gear_duration': 1.1727426270473358, 'second_gear_duration': 0.40792070650845275, 'seventh_gear_duration': 3.7743185508651966, 'twelfth_gear_duration': 52.13654579565752, 'eleventh_gear_duration': 10.303619996783402}",,,"{'up': 8.42657008083865, 'down': 40.85275740961913, 'plane': 50.72067250954222}",0.7665108,36.76,,105.006,,50.19535,52.136547,62.440166,459070.0,8885437.0,371321.0,4690,8,5984.215,7166.861,11477.966,,,
[],1494312254978392064-1784142263000,1784142263000,1784164907000,649034868264558592,1494312254978392064,1576012424828420096,unverified_drivers,1784130777000-649034868264558592-1494312254978392064,,396.091,3.483,,1.81,True,0,0,0,0,0.0,0,0.0,0,0,0,0.0,0,4.193,2,0,0,22.153,3,0,0,0,0,0,0,0.0,0,0.0,0,1967.5,1,2835,50,0,0,0,0,0,0,15,2,0,0,0,0,0,0,0,0,0,0,0,61,0,22644,0.0,0,61,"{'fifth_gear_duration': 1.5634046505417898, 'first_gear_duration': 0.5573935499844286, 'ninth_gear_duration': 4.710519928277709, 'sixth_gear_duration': 1.79500167056032, 'tenth_gear_duration': 4.770251776610924, 'third_gear_duration': 0.7421111799211288, 'eighth_gear_duration': 2.856641943670197, 'fourth_gear_duration': 1.1212684203175134, 'second_gear_duration': 0.5946611419892014, 'seventh_gear_duration': 2.394420101685435, 'twelfth_gear_duration': 69.16748412319565, 'eleventh_gear_duration': 9.726841513245713}",,,"{'up': 22.34373652781214, 'down': 30.88583372504083, 'plane': 46.77042974714703}",0.6562083,47.74,6.2619443,113.713,,62.971542,69.16748,78.894325,3169500.0,8771250.0,189000.0,2904,3,10671.82,12172.57,15428.955,,,
[],1537489458834702336-1784142219000,1784142219000,1784167027000,649034868264558592,1537489458834702336,1504466584071045120,verified_drivers,1784142219000-649034868264558592-1537489458834702336,,398.256,3.631,,0.0,True,0,0,0,0,0.0,0,0.0,0,0,0,0.0,0,0.0,0,0,0,0.0,0,0,0,0,0,0,0,0.0,0,0.0,0,0.0,0,0,0,0,0,0,0,0,0,272,44,0,0,0,0,0,0,0,0,0,0,0,54,1627,23181,0.0,0,54,"{'fifth_gear_duration': 14.277865537619588, 'first_gear_duration': 1.2683636885997867, 'sixth_gear_duration': 72.52895724984131, 'third_gear_duration': 4.244177884613142, 'fourth_gear_duration': 5.089913805688051, 'second_gear_duration': 2.590721833638122}",,,"{'up': 12.516578986608632, 'down': 25.869759143621785, 'plane': 61.61366186976959}",0.5367417,59.87,,109.681,,57.792713,72.52895,86.80682,3273522.0,8755143.0,3369717.0,46776,10,15550.999,18612.328,21441.09,21.0,0.0,0.0
[],1552709327888842752-1784142110000,1784142110000,1784166828000,649034868264558592,1552709327888842752,1410689519094595584,verified_drivers,1784142110000-649034868264558592-1552709327888842752,,385.786,3.178,,0.0,True,0,0,0,0,0.0,0,8.83,2,0,0,14.057,1,0.0,0,0,0,424.679,4,0,0,0,0,0,0,0.0,0,0.0,0,0.0,0,210,7,0,0,0,0,18,4,893,131,0,0,0,0,0,0,0,0,0,0,0,157,1428,23290,0.0,0,157,"{'fifth_gear_duration': 4.755116490695572, 'first_gear_duration': 1.4411470224688823, 'sixth_gear_duration': 66.52620400481005, 'third_gear_duration': 7.745870320585632, 'fourth_gear_duration': 16.991492512646282, 'second_gear_duration': 2.5401696487935856}",,"{'MODE_HEAVY': 2.2724694192736354, 'MODE_LIGHT': 0.9268785004642116, 'MODE_TURBO': 96.80065208026215}","{'up': 33.69219158702807, 'down': 48.11802288938599, 'plane': 18.189785523585925}",0.73648834,54.44,6.8,121.375,,56.186974,66.52621,71.28132,732911.0,5443000.0,8422367.0,2500,8,11898.805,12749.3,17885.893,12.0,0.0,0.0
[],1494312585351135232-1784141772751,1784141772000,1784167843000,649034868264558592,1494312585351135232,1506661086542168064,verified_drivers,1784141772751-649034868264558592-1494312585351135232,,344.02,2.595,,2.45,True,0,0,0,0,0.0,0,0.0,0,0,0,72.071,1,57.022,28,0,0,6.221,1,0,0,0,0,0,0,0.0,0,0.0,0,3438.5,1,4227,55,0,0,0,0,0,0,109,22,0,0,0,0,0,0,0,0,0,0,0,117,2443,23627,0.0,0,117,,,,,,46.64,7.2369447,132.57,,47.505184,,,,,,5769,9,,,,,,
[],1192134718468915200-1784140579000,1784140579000,1784163046000,649034868264558592,1192134718468915200,1409864666556923904,verified_drivers,1784128473000-649034868264558592-1192134718468915200,,343.864,3.391,,0.0,True,0,0,0,0,11.519,1,0.0,0,0,0,0.0,0,2.299,1,0,0,0.0,0,0,0,0,0,0,0,0.0,0,0.0,0,0.0,0,0,0,0,0,0,0,0,0,4,1,0,0,0,0,0,0,0,0,0,0,0,14,0,22467,0.0,0,14,"{'fifth_gear_duration': 17.273245871748184, 'first_gear_duration': 0.9826143969954952, 'sixth_gear_duration': 68.25343944132793, 'third_gear_duration': 3.828843219970542, 'fourth_gear_duration': 7.393788804600912, 'second_gear_duration': 2.2680682653569386}",,"{'MODE_HEAVY': 0, 'MODE_LIGHT': 0, 'MODE_TURBO': 100}","{'up': 10.979202233457965, 'down': 39.216258105951624, 'plane': 49.80453966059042}",0.6044837,48.73,6.25,101.418,,55.099052,68.25344,85.52669,2080082.0,2537326.0,9029089.0,3534,11,12433.669,15580.321,18216.912,8.0,5.0,0.0
[],1066488845387694080-1784139317000,1784139317000,1784165712000,649034868264558592,1066488845387694080,1577959835465416704,unverified_drivers,1784129318000-649034868264558592-1066488845387694080,,387.674,2.533,,1.57,True,0,0,0,0,0.0,0,0.0,0,0,0,0.0,0,8.248,4,0,0,0.0,0,0,0,0,0,0,0,0.0,0,0.0,0,1389.666,1,360,4,0,0,0,0,0,0,0,0,0,0,0,0,0,0,0,0,0,0,0,18,312,26083,0.0,0,18,"{'fifth_gear_duration': 1.9215307715887537, 'first_gear_duration': 0.6423479231418293, 'ninth_gear_duration': 9.958051967631004, 'sixth_gear_duration': 3.2217328208078233, 'tenth_gear_duration': 13.37488657831749, 'third_gear_duration': 0.9238311691509663, 'eighth_gear_duration': 7.499345779766687, 'fourth_gear_duration': 1.067035232646357, 'second_gear_duration': 0.6072426064746119, 'seventh_gear_duration': 4.027864115935332, 'twelfth_gear_duration': 39.954158442792796, 'eleventh_gear_duration': 16.80197259174635}",,,"{'up': 46.939958033067256, 'down': 26.394725442874883, 'plane': 26.665316524057854}",0.7579149,37.45,7.285,153.026,,52.87465,39.95416,56.75613,1339775.0,11495676.0,1246605.0,4504,9,8356.097,11870.097,20914.21,,,
[],1147228695027515392-1784139311000,1784139311000,1784167593000,649034868264558592,1147228695027515392,,,1784139311000-649034868264558592-1147228695027515392,,458.248,2.708,,0.0,True,0,0,0,0,0.0,0,0.0,0,0,0,0.0,0,0.0,0,0,0,0.0,0,0,0,0,0,0,0,0.0,0,0.0,0,0.0,0,4582,56,0,0,158,3,0,0,227,44,0,0,0,0,0,0,0,0,0,0,0,111,2193,26089,,0,111,"{'fifth_gear_duration': 17.803700238117763, 'first_gear_duration': 1.1542910676551583, 'sixth_gear_duration': 64.42268735987984, 'third_gear_duration': 4.648427072855645, 'fourth_gear_duration': 9.416182834476082, 'second_gear_duration': 2.5547114270155}",,"{'MODE_HEAVY': 0, 'MODE_LIGHT': 0, 'MODE_TURBO': 100}","{'up': 30.715525411475188, 'down': 40.905836308992804, 'plane': 28.37863827953201}",0.9394091,62.7,7.8,169.2,,58.33013,64.42268,82.22639,1057223.0,2168669.0,13468663.0,4519,8,14803.938,18895.12,22979.387,10.0,2.0,0.0
[],1552709337468633088-1784138550000,1784138550000,1784180400000,649034868264558592,1552709337468633088,,,1784138550000-649034868264558592-1552709337468633088,,533.464,3.128,,0.0,True,0,0,0,0,0.0,0,0.0,0,0,0,0.0,0,0.0,0,0,0,0.0,0,0,0,0,0,0,0,0.0,0,0.0,0,0.0,0,249,2,0,0,0,0,74,17,919,146,0,0,0,0,0,0,0,0,0,0,0,182,15000,26850,,0,182,"{'fifth_gear_duration': 5.337626818264156, 'first_gear_duration': 3.1194254012038307, 'sixth_gear_duration': 59.91906381550972, 'third_gear_duration': 9.505462738399856, 'fourth_gear_duration': 15.451323342144091, 'second_gear_duration': 6.667097884478341}",,"{'MODE_HEAVY': 0.22009650663036254, 'MODE_LIGHT': 0.11023006419993431, 'MODE_TURBO': 99.6696734291697}","{'up': 35.33857195989524, 'down': 30.334773559971197, 'plane': 34.32665448013357}",0.7094744,51.3,11.6,170.53,,45.889378,59.919064,65.25669,5257416.0,9265062.0,10019822.0,4420,17,18804.99,20480.15,31383.984,53.0,22.0,0.0
[],1334833185816576000-1784138460000,1784138460000,1784163587000,649034868264558592,1334833185816576000,1533049357215989760,verified_drivers,1784125622000-649034868264558592-1334833185816576000,,399.394,3.438,,0.0,True,0,0,0,0,12.909,1,0.0,0,0,0,4323.199,15,3.916,2,0,0,82.851,2,0,0,0,0,0,0,0.0,0,0.0,0,0.0,0,0,0,0,0,0,0,0,0,22,4,0,0,0,0,0,0,0,0,0,0,0,36,0,25127,0.0,0,36,"{'fifth_gear_duration': 7.9778143584308525, 'first_gear_duration': 1.569859285158236, 'sixth_gear_duration': 80.37686734373179, 'third_gear_duration': 2.377589145302776, 'fourth_gear_duration': 5.3531284096229825, 'second_gear_duration': 2.34474145775337}",,"{'MODE_HEAVY': 0, 'MODE_LIGHT': 0, 'MODE_TURBO': 100}","{'up': 18.629903517645754, 'down': 7.480192494190413, 'plane': 73.88990398816382}",0.54921955,55.64,6.9,116.156,,57.22205,80.37687,88.35468,1057318.0,4655837.0,8630016.0,4200,12,16311.413,17930.404,20293.666,11.0,6.0,0.0
[],1186996414987632640-1784137702000,1784137702000,1784161774000,649034868264558592,1186996414987632640,1417562121230614528,verified_drivers,1784119431000-649034868264558592-1186996414987632640,,349.314,2.716,,1.24,True,0,0,0,0,75.4,4,0.0,0,0,0,1967.523,6,14.711,7,0,0,0.0,0,0,0,0,0,0,0,0.0,0,10.732,2,2500.736,1,440,8,0,0,0,0,0,0,141,27,0,0,0,0,0,0,0,0,0,0,0,62,0,24072,0.0,0,62,"{'fifth_gear_duration': 1.8065311061476745, 'first_gear_duration': 0.726020094273837, 'ninth_gear_duration': 5.869547183775093, 'sixth_gear_duration': 1.9167277029691814, 'tenth_gear_duration': 9.973406386261127, 'third_gear_duration': 0.5362719847476721, 'eighth_gear_duration': 3.726690243147678, 'fourth_gear_duration': 1.3634174591476735, 'second_gear_duration': 0.6669382746738368, 'seventh_gear_duration': 3.105204313301252, 'twelfth_gear_duration': 54.60720697407824, 'eleventh_gear_duration': 15.70203827747674}",,,"{'up': 43.257748357043326, 'down': 29.75470761650193, 'plane': 26.987544026454746}",0.7536579,47.59,6.659167,128.6,,52.24038,54.60721,70.30924,2445358.0,10253148.0,715526.0,5250,7,9643.772,12416.792,17660.256,,,
[],1474016042442293248-1784137486000,1784137486000,1784165618000,649034868264558592,1474016042442293248,,,1784137486000-649034868264558592-1474016042442293248,,355.484,2.642,,0.0,True,0,0,0,0,0.0,0,0.0,0,0,0,0.0,0,0.0,0,0,0,0.0,0,0,0,0,0,0,0,0.0,0,0.0,0,0.0,0,30,1,0,0,0,0,0,0,0,0,0,0,0,0,0,0,0,0,0,0,0,13,218,27914,,0,13,"{'fifth_gear_duration': 12.697700343728128, 'first_gear_duration': 2.4313847178379207, 'sixth_gear_duration': 52.47310712142114, 'third_gear_duration': 8.00781504822445, 'fourth_gear_duration': 18.94951223953722, 'second_gear_duration': 5.440480529251145}",,"{'MODE_HEAVY': 0, 'MODE_LIGHT': 0, 'MODE_TURBO': 100}","{'up': 37.98076072403849, 'down': 25.138160649723662, 'plane': 36.88107862623784}",0.7016619,55.78,7.75,134.556,,45.49063,52.473106,65.17081,2008974.0,6447016.0,7207808.0,4964,12,10416.67,12937.347,19851.445,12.0,5.0,0.0
[],1474013563159838720-1784136225000,1784136225000,1784176250000,649034868264558592,1474013563159838720,,,1784136225000-649034868264558592-1474013563159838720,,535.098,2.844,,0.0,True,0,0,0,0,0.0,0,0.0,0,0,0,0.0,0,0.0,0,0,0,0.0,0,0,0,0,0,0,0,0.0,0,0.0,0,0.0,0,2832,42,0,0,0,0,0,0,0,0,0,0,0,0,0,0,0,0,0,0,0,62,10850,29175,,0,62,"{'fifth_gear_duration': 12.847729620865579, 'first_gear_duration': 1.7716377703477941, 'sixth_gear_duration': 55.78958355976683, 'third_gear_duration': 6.488277127585708, 'fourth_gear_duration': 19.62583181070033, 'second_gear_duration': 3.4769401107337554}",,"{'MODE_HEAVY': 0, 'MODE_LIGHT': 0, 'MODE_TURBO': 100}","{'up': 34.70421064259246, 'down': 29.40560950382101, 'plane': 35.89017985358653}",0.7378255,54.16,11.05,188.133,,48.12874,55.789585,68.637314,2228586.0,7703131.0,11777124.0,5128,20,15157.747,18648.41,27169.492,24.0,6.0,0.0
[],1220369221305761792-1784136091000,1784136091000,1784160405000,649034868264558592,1220369221305761792,1506972332931940352,verified_drivers,1784136091000-649034868264558592-1220369221305761792,,409.92,2.704,,0.0,True,0,0,0,0,21.281,1,0.0,0,0,0,47.45,4,18.081,9,0,0,14.863,2,0,0,0,0,0,0,0.0,0,0.0,0,0.0,0,2004,33,0,0,0,0,26,6,17,4,0,0,0,0,0,0,0,0,0,0,0,65,0,24314,0.0,0,65,,,,,,45.34,9.2080555,151.605,,60.69392,,,2895100.0,10727350.0,1259450.0,1750,6,,,,,,
[],1284477133422329856-1784135689000,1784135689000,1784164104000,649034868264558592,1284477133422329856,1532807465639346176,verified_drivers,1784135689000-649034868264558592-1284477133422329856,,540.668,3.208,,0.0,True,0,0,0,0,340.976,11,0.0,0,0,0,5038.89,12,4.26,2,0,0,40.753,2,0,0,0,0,0,0,0.0,0,0.0,0,0.0,0,0,0,0,0,0,0,0,0,108,19,0,0,0,0,0,0,0,0,0,0,0,54,0,28415,0.0,0,54,"{'fifth_gear_duration': 10.543280422879922, 'first_gear_duration': 0.5165428215431852, 'sixth_gear_duration': 82.45464102434677, 'third_gear_duration': 1.9647288274735546, 'fourth_gear_duration': 3.2498932067769757, 'second_gear_duration': 1.270913696979593}",,"{'MODE_HEAVY': 0, 'MODE_LIGHT': 0, 'MODE_TURBO': 100}","{'up': 14.756281217111193, 'down': 11.153751480299148, 'plane': 74.08996730258967}",0.39680755,55.5,7.9,168.529,,68.4992,82.45464,92.997925,387169.0,875343.0,15782970.0,1940,8,21350.39,24080.414,25893.496,7.0,1.0,0.0
[],1474013221449891840-1784135167000,1784135167000,1784165185000,649034868264558592,1474013221449891840,1568080582145998848,unverified_drivers,1784135167000-649034868264558592-1474013221449891840,,376.558,2.901,,0.0,True,0,0,0,0,0.0,0,0.0,0,0,0,0.0,0,23.348,11,0,0,0.0,0,0,0,0,0,0,0,0.0,0,0.0,0,0.0,0,40,2,0,0,0,0,0,0,0,0,0,0,0,0,0,0,0,0,0,0,0,24,0,30018,0.0,0,24,"{'fifth_gear_duration': 15.2504086353918, 'first_gear_duration': 1.868405798829723, 'sixth_gear_duration': 50.90471433285354, 'third_gear_duration': 6.873975808822664, 'fourth_gear_duration': 20.745763789838488, 'second_gear_duration': 4.356731634263788}",,"{'MODE_HEAVY': 0, 'MODE_LIGHT': 0, 'MODE_TURBO': 100}","{'up': 25.182682331828506, 'down': 38.700333679163315, 'plane': 36.11698398900818}",1.009482,53.82,8.3,129.801,,45.159863,50.904713,66.15512,4457016.0,9166185.0,4383854.0,3485,11,10757.143,13979.847,21131.92,15.0,6.0,0.0
[],1289228109731594240-1784131552000,1784131552000,1784164930000,649034868264558592,1289228109731594240,1578167676444868608,unverified_drivers,1784113488000-649034868264558592-1289228109731594240,,486.571,2.858,,4.42,True,0,0,0,0,333.708,16,0.0,0,0,0,1105.15,5,24.829,12,0,0,1153.544,9,0,0,0,0,0,0,0.0,0,0.0,0,5602.626,3,0,0,0,0,0,0,0,0,48,10,0,0,0,0,0,0,0,0,0,0,0,67,0,33378,0.0,0,67,"{'fifth_gear_duration': 19.32472507747742, 'first_gear_duration': 0.6475321619300449, 'sixth_gear_duration': 70.7382337905318, 'third_gear_duration': 2.786191146584036, 'fourth_gear_duration': 4.535227180391143, 'second_gear_duration': 1.9680906430855631}",,,"{'up': 14.510656563368885, 'down': 4.121774504919002, 'plane': 81.36756893171211}",0.49053845,66.22,9.264082,170.27,,52.479347,70.738235,90.06296,1475491.0,16259414.0,1524074.0,8420,12,17472.186,22245.35,24699.777,16.0,1.0,0.0
[],682178375686553600-1784130035000,1784130035000,1784166358000,649034868264558592,682178375686553600,1411793915907932160,verified_drivers,1784130035000-649034868264558592-682178375686553600,,514.673,2.998,,4.66,True,0,0,0,0,26.369,2,0.0,0,0,0,53.225,5,47.812,23,0,0,359.203,10,0,0,0,0,0,0,0.0,0,0.0,0,4061.75,2,489,8,0,0,0,0,0,0,0,6,0,0,0,0,0,0,0,0,0,0,0,72,958,35365,0.0,0,72,"{'fifth_gear_duration': 1.3929680849641453, 'first_gear_duration': 0.9394902329561408, 'ninth_gear_duration': 7.0537532813078, 'sixth_gear_duration': 2.1971948996554906, 'tenth_gear_duration': 8.455634935844584, 'third_gear_duration': 1.4156976873743743, 'eighth_gear_duration': 5.023464971899972, 'fourth_gear_duration': 1.1068425016824364, 'second_gear_duration': 0.44924390646100093, 'seventh_gear_duration': 3.3572959795344444, 'twelfth_gear_duration': 61.02898247146543, 'eleventh_gear_duration': 7.579431046854178}",,,"{'up': 20.30231289818783, 'down': 26.01948486576265, 'plane': 53.67820223604952}",0.5085662,38.48,,171.699,,51.009632,61.028984,68.60841,1666700.0,15368100.0,433950.0,9429,16,13693.5,15394.15,22437.7,,,
[],1537489465788858368-1784128711000,1784128711000,1784168989000,649034868264558592,1537489465788858368,1578582817724432384,unverified_drivers,1784128711000-649034868264558592-1537489465788858368,,559.207,3.21,,0.0,True,0,0,0,0,0.0,0,0.0,0,0,0,13.306,2,0.0,0,0,0,0.0,0,0,0,0,0,0,0,0.0,0,0.0,0,0.0,0,30,1,0,0,0,0,77,17,1104,168,0,0,0,0,0,0,0,0,0,0,0,206,3589,36689,0.0,0,206,"{'fifth_gear_duration': 24.598996889048276, 'first_gear_duration': 1.404890571440676, 'sixth_gear_duration': 50.915051177595046, 'third_gear_duration': 7.428278632719245, 'fourth_gear_duration': 12.333237934385997, 'second_gear_duration': 3.3195447948107604}",,,"{'up': 39.33339399690613, 'down': 31.09385707043229, 'plane': 29.57274893266158}",0.89036846,58.48,,174.224,,49.98126,50.91505,75.514046,5321338.0,14572867.0,4529717.0,4760,18,17293.873,25649.201,33966.133,31.0,2.0,0.0
[],1334833501215653888-1784128089000,1784128089000,1784163706000,649034868264558592,1334833501215653888,1410636289497104384,verified_drivers,1784125954000-649034868264558592-1334833501215653888,,522.004,3.277,,0.93,True,0,0,0,0,376.628,7,0.0,0,0,0,4876.597,15,10.667,5,0,0,329.853,7,0,0,0,0,0,0,0.0,0,0.0,0,1932.75,1,0,0,0,0,0,0,0,0,15,3,0,0,0,0,0,0,0,0,0,0,0,48,0,35617,0.0,0,48,"{'fifth_gear_duration': 14.430305198224577, 'first_gear_duration': 1.2538309214234462, 'sixth_gear_duration': 68.96607697257271, 'third_gear_duration': 4.726396856738325, 'fourth_gear_duration': 8.457541526440037, 'second_gear_duration': 2.1658485246009107}",,"{'MODE_HEAVY': 0, 'MODE_LIGHT': 0, 'MODE_TURBO': 100}","{'up': 9.683415579164217, 'down': 19.990062101805112, 'plane': 70.32652231903067}",0.47651136,54.48,9.8,159.297,,52.761726,68.96608,83.396385,1359915.0,7010941.0,10575913.0,7636,10,19357.164,23407.412,28067.66,19.0,6.0,0.0
[],682178685842751488-1784128058000,1784128058000,1784165512000,649034868264558592,682178685842751488,1570194586066747392,unverified_drivers,1784128058000-649034868264558592-682178685842751488,,511.357,2.812,,2.18,True,0,0,0,0,0.0,0,0.0,0,0,0,198.628,7,4.201,2,0,0,344.992,9,0,0,0,0,0,0,0.0,0,0.0,0,1924.142,1,246,6,0,0,0,0,0,0,53,12,0,0,0,0,0,0,0,0,0,0,0,53,112,37342,0.0,0,53,"{'fifth_gear_duration': 1.6793236863538386, 'first_gear_duration': 1.3935237186072649, 'ninth_gear_duration': 8.077655620022677, 'sixth_gear_duration': 2.7875330486149545, 'tenth_gear_duration': 7.769897187678697, 'third_gear_duration': 0.9026059099702068, 'eighth_gear_duration': 4.38478399364785, 'fourth_gear_duration': 1.779854075540032, 'second_gear_duration': 0.7733184965806555, 'seventh_gear_duration': 4.3074393415074095, 'twelfth_gear_duration': 53.48727038140847, 'eleventh_gear_duration': 12.656794540067951}",,,"{'up': 26.707967522868124, 'down': 17.542169101775492, 'plane': 55.74986337535638}",0.5325305,37.16,,181.871,,49.150562,53.48727,66.144066,1672346.0,16379157.0,419085.0,8243,16,12115.86,14982.859,22651.857,,,
[],1192134642870779904-1784127311000,1784127311000,1784165419000,649034868264558592,1192134642870779904,,,1784127311000-649034868264558592-1192134642870779904,,528.869,3.099,,0.0,True,0,0,0,0,0.0,0,0.0,0,0,0,0.0,0,0.0,0,0,0,0.0,0,0,0,0,0,0,0,0.0,0,0.0,0,0.0,0,0,0,0,0,0,0,0,0,45,10,0,0,0,0,0,0,0,0,0,0,0,24,19,38089,,0,24,"{'fifth_gear_duration': 13.819509686027306, 'first_gear_duration': 1.089671555850746, 'sixth_gear_duration': 72.54607093489813, 'third_gear_duration': 4.164743579030348, 'fourth_gear_duration': 5.801244426336784, 'second_gear_duration': 2.578759817856681}",,"{'MODE_HEAVY': 0, 'MODE_LIGHT': 0, 'MODE_TURBO': 100}","{'up': 26.467179081849785, 'down': 15.812368962467147, 'plane': 57.72045195568306}",0.56436217,49.97,10.55,170.672,,49.961384,72.546074,86.36558,3192697.0,6381250.0,11842072.0,9164,14,22962.76,27337.002,31652.656,18.0,9.0,0.0
[],1192134793974775808-1784126501000,1784126501000,1784171730000,649034868264558592,1192134793974775808,,,1784126501000-649034868264558592-1192134793974775808,,709.54,3.049,,1.98,True,0,0,0,0,0.0,0,0.0,0,0,0,0.0,0,0.0,0,0,0,0.0,0,0,0,0,0,0,0,0.0,0,0.0,0,4230.412,3,0,0,0,0,0,0,4,1,62,12,0,0,0,0,0,0,0,0,0,0,0,25,6330,38899,,0,25,"{'fifth_gear_duration': 13.095700161254223, 'first_gear_duration': 0.7856236686111615, 'sixth_gear_duration': 75.12963505613082, 'third_gear_duration': 3.02609829871304, 'fourth_gear_duration': 6.224809128007548, 'second_gear_duration': 1.7381336872832127}",,"{'MODE_HEAVY': 0, 'MODE_LIGHT': 0, 'MODE_TURBO': 100}","{'up': 13.471059992682374, 'down': 21.530769412347883, 'plane': 64.99817059496975}",0.46557656,51.53,12.5,232.688,,56.4758,75.12964,88.225334,1634579.0,2838515.0,19873306.0,16760,9,27159.176,31893.238,36149.75,16.0,3.0,0.0
[],1537489444636983296-1784122120000,1784122120000,1784166612000,649034868264558592,1537489444636983296,1568754963046203392,unverified_drivers,1784122120000-649034868264558592-1537489444636983296,,545.418,3.541,,2.47,True,0,0,0,0,43.04,3,3.938,1,0,0,6.044,1,40.046,19,0,0,311.802,6,0,0,0,0,0,0,0.0,0,0.0,0,3326.81,2,50,1,0,0,178,3,14,3,492,79,0,0,0,0,0,0,0,0,0,0,0,141,1292,43200,0.0,0,141,"{'fifth_gear_duration': 19.05837378865077, 'first_gear_duration': 2.248494809778612, 'sixth_gear_duration': 56.935451909367565, 'third_gear_duration': 6.677889262716233, 'fourth_gear_duration': 10.170383962198864, 'second_gear_duration': 4.909406267287953}",,,"{'up': 31.186049395670977, 'down': 13.652207923531131, 'plane': 55.1617426807979}",0.5520559,51.3,,154.043,,44.131638,56.93545,75.99383,8010761.0,13285152.0,4116235.0,9010,23,19037.68,25410.285,33437.3,45.0,8.0,0.0
[],1151974728106246144-1784109004000,1784109004000,1784166655000,649034868264558592,1151974728106246144,,,1784109004000-649034868264558592-1151974728106246144,,821.159,2.905,,3.75,True,0,0,0,0,0.0,0,0.0,0,0,0,0.0,0,0.0,0,0,0,0.0,0,0,0,0,0,0,0,0.0,0,0.0,0,4716.087,2,0,0,0,0,0,0,0,0,0,12,0,0,0,0,0,0,0,0,0,0,0,34,14451,43200,,0,34,"{'fifth_gear_duration': 13.345814917692506, 'first_gear_duration': 0.7373682630350104, 'sixth_gear_duration': 78.25718452085391, 'third_gear_duration': 2.3108306917858887, 'fourth_gear_duration': 3.8439252746488233, 'second_gear_duration': 1.5048763319838483}",,,"{'up': 11.670257944394482, 'down': 4.893595322273574, 'plane': 83.43614673333195}",0.508156,55.55,15.65,282.631,,51.277035,78.25719,91.603,3023587.0,5139427.0,19907744.0,11127,20,30911.008,36182.508,39499.258,20.0,7.0,1.0
[],1552709347677569024-1784267205000,1784267205000,1784269061000,649034868264558592,1552709347677569024,1578504073089384448,unverified_drivers,1784227663000-649034868264558592-1552709347677569024,,0.68,0.438,,1.08,True,0,0,0,0,0.0,0,0.0,0,0,0,0.0,0,0.0,0,0,0,0.0,0,0,0,0,0,0,0,0.0,0,0.0,0,1287.251,1,0,0,0,0,0,0,0,0,0,0,0,0,0,0,0,0,0,0,0,0,0,1,1856,0,0.0,1,1,,,"{'MODE_HEAVY': 0, 'MODE_LIGHT': 0, 'MODE_TURBO': 100}",,,36.13,0.5,1.554,,1.3189656,,,,,,0,0,,,,,,
[],1552709318082560000-1784264137000,1784264137000,1784269217000,649034868264558592,1552709318082560000,1410601487549071360,verified_drivers,1784215096000-649034868264558592-1552709318082560000,,14.84,2.045,,1.43,True,0,0,0,0,0.0,0,0.0,0,0,0,0.0,0,0.0,0,0,0,0.0,0,0,0,0,0,0,0,0.0,0,0.0,0,2135.921,1,0,0,0,0,0,0,4,1,5,1,0,0,0,0,0,0,0,0,0,0,0,6,5080,0,0.0,0,6,,,"{'MODE_HEAVY': 0.9463857306040732, 'MODE_LIGHT': 0, 'MODE_TURBO': 99.05361426939592}",,,36.71,1.4,7.257,,10.516536,,,,,,370,3,,,,,,
[],1268893877926887424-1784259560000,1784259560000,1784264091000,649034868264558592,1268893877926887424,1571221037805207552,unverified_drivers,1784223945000-649034868264558592-1268893877926887424,,6.76,1.288,,1.15,True,0,0,0,0,0.0,0,0.0,0,0,0,0.0,0,0.0,0,0,0,0.0,0,0,0,0,0,0,0,0.0,0,0.0,0,1434.0,1,0,0,0,0,0,0,0,0,0,0,0,0,0,0,0,0,0,0,0,0,0,3,4531,0,13236.0,1,3,,,,,,23.71,1.1875,5.248,,5.371,,,639000.0,250750.0,5250.0,1660,2,,,,,,
[],1140330395766620160-1784259089000,1784259089000,1784265352000,649034868264558592,1140330395766620160,1572826992527540224,unverified_drivers,1784233969000-649034868264558592-1140330395766620160,,23.04,1.849,,3.06,True,0,0,0,0,11.425,1,0.0,0,0,0,6.546,1,0.0,0,0,0,49.265,1,0,0,0,0,0,0,0.0,0,0.0,0,3494.495,1,0,0,0,0,0,0,0,0,0,0,0,0,0,0,0,0,0,0,0,0,0,6,6263,0,11858.0,1,6,,,,,,31.58,1.6505556,12.459,,13.243493,,,,,,2270,2,,,,,,
[],1146410747421523968-1784257169000,1784257169000,1784267994000,649034868264558592,1146410747421523968,1578329258244177920,unverified_drivers,1784218428000-649034868264558592-1146410747421523968,,94.32,2.252,,2.09,True,0,0,0,0,12.191,1,0.0,0,0,0,1552.362,2,27.404,13,0,0,0.0,0,0,0,0,0,0,0,0.0,0,0.0,0,2496.047,1,100,3,0,0,0,0,0,0,4,1,0,0,0,0,0,0,0,0,0,0,0,26,10825,0,12377.0,1,26,,,,,,41.21,2.9366667,41.875,,31.36739,,,,,,1460,5,,,,,,
[],1552709318082560000-1784254833000,1784254833000,1784264136000,649034868264558592,1552709318082560000,1506979370760142848,verified_drivers,1784215096000-649034868264558592-1552709318082560000,,36.955,1.836,,0.0,True,0,0,0,0,0.0,0,3.6,1,0,0,0.0,0,6.196,3,0,0,0.0,0,0,0,0,0,0,0,0.0,0,0.0,0,0.0,0,0,0,0,0,0,0,18,4,43,8,0,0,0,0,0,0,0,0,0,0,0,31,9303,0,0.0,0,31,,,"{'MODE_HEAVY': 2.206083963706993, 'MODE_LIGHT': 0, 'MODE_TURBO': 97.793916036293}",,,39.73,2.6,20.127,,14.300549,,,,,,2720,15,,,,,,
[],1406271868830220288-1784254231000,1784254231000,1784261434000,649034868264558592,1406271868830220288,1571808056218484736,unverified_drivers,1784213688000-649034868264558592-1406271868830220288,,0.0,0.0,,1.12,True,0,0,0,0,0.0,0,0.0,0,0,0,0.0,0,0.0,0,0,0,0.0,0,0,0,0,0,0,0,0.0,0,98.453,2,1524.95,1,0,0,0,0,0,0,0,0,0,0,0,0,0,0,0,0,0,0,0,0,0,8,7203,0,13401.0,1,8,,,,,,29.65,1.9563888,15.319,,0.0,,,,,,1370,5,,,,,,
[],1552709318082560000-1784253579000,1784253579000,1784254832000,649034868264558592,1552709318082560000,1410601487549071360,verified_drivers,1784215096000-649034868264558592-1552709318082560000,,12.145,3.519,,0.0,True,0,0,0,0,0.0,0,0.0,0,0,0,0.0,0,0.0,0,0,0,0.0,0,0,0,0,0,0,0,0.0,0,0.0,0,0.0,0,0,0,0,0,0,0,0,0,8,1,0,0,0,0,0,0,0,0,0,0,0,2,1253,0,11628.0,1,2,,,"{'MODE_HEAVY': 7.8659045735882325, 'MODE_LIGHT': 7.234980802272709, 'MODE_TURBO': 84.89911462413906}",,,44.14,0.3,3.451,,34.893856,,,,,,90,1,,,,,,
[],1561408916011614208-1784252811000,1784252811000,1784267897000,649034868264558592,1561408916011614208,1409860718357905408,verified_drivers,1784231310000-649034868264558592-1561408916011614208,,220.405,3.188,,0.0,True,0,0,0,0,0.0,0,0.0,0,0,0,6.781,1,5.794,3,0,0,0.0,0,0,0,0,0,0,0,0.0,0,0.0,0,0.0,0,2617,19,0,0,0,0,25,6,283,47,0,0,0,0,0,0,0,0,0,0,0,80,15086,0,0.0,1,80,,,,,,45.44,4.1444445,69.142,,52.59565,,,,,,969,4,,,,,,
[],1284477133422329856-1784252722000,1784252722000,1784255429000,649034868264558592,1284477133422329856,1532807465639346176,verified_drivers,1784212651000-649034868264558592-1284477133422329856,,588.94,3.592,,0.0,True,0,0,0,0,34.601,2,0.0,0,0,0,32.372,2,3.813,2,0,0,42.193,1,0,0,0,0,0,0,0.0,0,0.0,0,0.0,0,0,0,0,0,0,0,0,0,29,5,0,0,0,0,0,0,0,0,0,0,0,13,2707,0,0.0,0,13,,,"{'MODE_HEAVY': 0, 'MODE_LIGHT': 0, 'MODE_TURBO': 100}",,,49.89,8.8,163.957,,783.2228,,,,,,1782,1,,,,,,
[],1536322320262496256-1784252609000,1784252609000,1784257483000,649034868264558592,1536322320262496256,1575246543445819392,unverified_drivers,1784217506000-649034868264558592-1536322320262496256,,0.0,0.0,,0.0,True,0,0,0,0,0.0,0,4.569,1,0,0,1317.442,2,8.547,4,0,0,0.0,0,0,0,0,0,0,0,0.0,0,0.0,0,0.0,0,0,0,0,0,0,0,23,5,110,22,0,0,0,0,0,0,0,0,0,0,0,35,4874,0,13496.0,0,35,,,,,,31.03,1.2988889,13.028,,0.0,,,,,,550,1,,,,,,
[],1552709347677569024-1784251889000,1784251889000,1784267204000,649034868264558592,1552709347677569024,1504473550948401152,verified_drivers,1784227663000-649034868264558592-1552709347677569024,,192.91,3.117,,0.0,True,0,0,0,0,0.0,0,0.0,0,0,0,969.449,1,50.963,24,0,0,93.207,1,0,0,0,0,0,0,0.0,0,0.0,0,0.0,0,30,1,0,0,0,0,4,1,265,40,0,0,0,0,0,0,0,0,0,0,0,75,15315,0,0.0,0,75,,,"{'MODE_HEAVY': 5.2104414704089255, 'MODE_LIGHT': 0, 'MODE_TURBO': 94.78955852959108}",,,51.17,4.25,61.895,,45.34613,,,,,,4656,7,,,,,,
[],1494312254978392064-1784250564000,1784250564000,1784276289000,649034868264558592,1494312254978392064,1510953271609524224,verified_drivers,1784240660000-649034868264558592-1494312254978392064,,169.4,2.204,,9.91,True,0,0,0,0,0.0,0,0.0,0,0,0,3269.481,5,41.756,20,0,0,9.506,1,0,0,0,0,0,0,0.0,0,331.8,4,11436.0,1,595,7,0,0,0,0,0,0,0,0,0,0,0,0,0,0,0,0,0,0,0,48,24489,1236,0.0,0,48,,,,,,38.21,7.0852776,76.858,,23.706123,,,,,,20704,10,,,,,,
[],1474013221449891840-1784250521000,1784250521000,1784259243000,649034868264558592,1474013221449891840,1509939651622731776,verified_drivers,1784224134000-649034868264558592-1474013221449891840,,97.42,2.744,,0.0,True,0,0,0,0,0.0,0,0.0,0,0,0,248.202,1,4.026,2,0,0,0.0,0,0,0,0,0,0,0,0.0,0,0.0,0,0.0,0,36,1,0,0,0,0,0,0,0,0,0,0,0,0,0,0,0,0,0,0,0,9,7443,1279,0.0,0,9,,,"{'MODE_HEAVY': 0, 'MODE_LIGHT': 0, 'MODE_TURBO': 100}",,,54.76,2.4,35.509,,40.210045,,,,,,2462,5,,,,,,
[],1494312585351135232-1784250505000,1784250505000,1784258374000,649034868264558592,1494312585351135232,1416490829605765120,verified_drivers,1784209408000-649034868264558592-1494312585351135232,,62.72,2.227,,0.0,True,0,0,0,0,0.0,0,0.0,0,0,0,13.784,1,6.003,3,0,0,0.0,0,0,0,0,0,0,0,0.0,0,3.641,1,0.0,0,0,0,0,0,0,0,0,0,0,0,0,0,0,0,0,0,0,0,0,0,0,11,6574,1295,15591.0,1,11,,,,,,38.46,2.1080556,28.169,,28.693863,,,,,,887,6,,,,,,
[],1494312472553717760-1784250319000,1784250319000,1784273290000,649034868264558592,1494312472553717760,1532715824047980544,verified_drivers,1784229228000-649034868264558592-1494312472553717760,,0.0,0.0,,6.51,True,0,0,0,0,0.0,0,0.0,0,0,0,1531.552,4,0.0,0,0,0,31.73,1,0,0,0,0,0,0,0.0,0,0.0,0,7475.75,3,890,25,0,0,0,0,0,0,0,0,0,0,0,0,0,0,0,0,0,0,0,38,21490,1481,0.0,0,38,,,,,,44.33,6.3244443,97.705,,0.0,,,,,,16264,5,,,,,,
[],1474013221449891840-1784249567000,1784249567000,1784250520000,649034868264558592,1474013221449891840,1579020367710650368,unverified_drivers,1784224134000-649034868264558592-1474013221449891840,,0.57,0.917,,0.0,True,0,0,0,0,0.0,0,0.0,0,0,0,0.0,0,0.0,0,0,0,0.0,0,0,0,0,0,0,0,0.0,0,0.0,0,0.0,0,0,0,0,0,0,0,0,0,0,0,0,0,0,0,0,0,0,0,0,0,0,2,0,953,0.0,0,2,,,"{'MODE_HEAVY': 0, 'MODE_LIGHT': 0, 'MODE_TURBO': 100}",,,17.72,0.2,0.622,,2.1532004,,,,,,774,2,,,,,,
[],1220369221305761792-1784249311000,1784249311000,1784272467000,649034868264558592,1220369221305761792,1416491808938000384,verified_drivers,1784225712000-649034868264558592-1220369221305761792,,218.16,2.513,,2.07,True,0,0,0,0,0.0,0,0.0,0,0,0,4017.985,10,21.275,10,0,0,0.0,0,0,0,0,0,0,0,0.0,0,0.0,0,2922.95,2,310,11,0,0,0,0,0,0,0,0,0,0,0,0,0,0,0,0,0,0,0,51,20667,2489,0.0,0,51,,,,,,39.99,6.386389,86.826,,33.91674,,,,,,4696,18,,,,,,
[],1552709327888842752-1784249228000,1784249228000,1784257932000,649034868264558592,1552709327888842752,1409895611272003584,verified_drivers,1784217436000-649034868264558592-1552709327888842752,,77.525,2.839,,0.0,True,0,0,0,0,0.0,0,0.0,0,0,0,1173.457,2,0.0,0,0,0,0.0,0,0,0,0,0,0,0,0.0,0,0.0,0,0.0,0,90,4,0,0,0,0,26,6,226,38,0,0,0,0,0,0,0,0,0,0,0,59,6132,2572,0.0,0,59,,,"{'MODE_HEAVY': 6.835753173282601, 'MODE_LIGHT': 0, 'MODE_TURBO': 93.1642468267174}",,,43.84,2.35,27.307,,32.064568,,,,,,1700,9,,,,,,
[],1186996414987632640-1784249069000,1784249069000,1784251866000,649034868264558592,1186996414987632640,1417562121230614528,verified_drivers,1784207936000-649034868264558592-1186996414987632640,,30.08,2.075,,0.0,True,0,0,0,0,11.987,1,0.0,0,0,0,0.0,0,0.0,0,0,0,0.0,0,0,0,0,0,0,0,0.0,0,0.0,0,0.0,0,40,1,0,0,0,0,0,0,10,2,0,0,0,0,0,0,0,0,0,0,0,6,66,2731,22988.0,1,6,,,,,,49.3,0.71694446,14.494,,38.715767,,,,,,640,2,,,,,,
[],930508235230674944-1784248598000,1784248598000,1784253993000,649034868264558592,930508235230674944,1410652706569191424,verified_drivers,1784220501000-649034868264558592-930508235230674944,,0.0,0.0,,0.0,True,0,0,0,0,0.0,0,0.0,0,0,0,0.0,0,8.592,4,0,0,0.0,0,0,0,0,0,0,0,0.0,0,0.0,0,0.0,0,1369,18,0,0,0,0,0,0,0,1,0,0,0,0,0,0,0,0,0,0,0,25,2193,3202,0.0,1,25,,,,,,69.64,1.4741666,34.62,,0.0,,,,,,2107,2,,,,,,
[],1334832578175172608-1784247871000,1784247871000,1784253336000,649034868264558592,1334832578175172608,1416163404732694528,verified_drivers,1784195675000-649034868264558592-1334832578175172608,,47.62,2.632,,0.0,True,0,0,0,0,0.0,0,0.0,0,0,0,6.883,1,0.0,0,0,0,0.0,0,0,0,0,0,0,0,0.0,0,0.0,0,0.0,0,0,0,0,0,0,0,0,0,4,1,0,0,0,0,0,0,0,0,0,0,0,5,1536,3929,11616.0,0,5,,,,,,35.68,1.4672222,18.094,,31.369076,,,,,,1630,3,,,,,,
[],1474016042442293248-1784247673000,1784247673000,1784252469000,649034868264558592,1474016042442293248,1510951447636738048,verified_drivers,1784220576000-649034868264558592-1474016042442293248,,76.07,3.356,,0.0,True,0,0,0,0,0.0,0,0.0,0,0,0,0.0,0,16.85,8,0,0,376.242,2,0,0,0,0,0,0,0.0,0,0.0,0,0.0,0,445,9,0,0,0,0,0,0,0,0,0,0,0,0,0,0,0,0,0,0,0,22,669,4127,0.0,1,22,,,"{'MODE_HEAVY': 0, 'MODE_LIGHT': 0, 'MODE_TURBO': 100}",,,53.86,1.3,22.67,,57.100082,,,,,,1631,3,,,,,,
[],1268894298644938752-1784247492000,1784247492000,1784256952000,649034868264558592,1268894298644938752,1506937351476084736,verified_drivers,1784229793000-649034868264558592-1268894298644938752,,107.165,3.111,,0.0,True,0,0,0,0,12.26,1,0.0,0,0,0,18.593,2,1.795,1,0,0,0.0,0,0,0,0,0,0,0,0.0,0,0.0,0,0.0,0,0,0,0,0,0,0,0,0,17,4,0,0,0,0,0,0,0,0,0,0,0,16,5152,4308,0.0,0,16,,,"{'MODE_HEAVY': 0, 'MODE_LIGHT': 0, 'MODE_TURBO': 100}",,,47.27,2.55,34.448,,40.78161,,,,,,2830,8,,,,,,
[],1552709327888842752-1784247384000,1784247384000,1784249227000,649034868264558592,1552709327888842752,1579011190288285696,unverified_drivers,1784217436000-649034868264558592-1552709327888842752,,35.43,3.284,,0.0,True,0,0,0,0,441.535,5,0.0,0,0,0,0.0,0,0.0,0,0,0,0.0,0,0,0,0,0,0,0,0.0,0,0.0,0,0.0,0,30,1,0,0,0,0,8,2,57,7,0,0,0,0,0,0,0,0,0,0,0,15,0,1843,0.0,0,15,,,"{'MODE_HEAVY': 0, 'MODE_LIGHT': 0, 'MODE_TURBO': 100}",,,61.21,0.5,10.789,,69.206726,,,,,,0,0,,,,,,
[],1140330395766620160-1784247232000,1784247232000,1784259088000,649034868264558592,1140330395766620160,1569559027875053568,unverified_drivers,1784233969000-649034868264558592-1140330395766620160,,200.68,3.338,,0.0,True,0,0,0,0,11.642,1,0.0,0,0,0,6.902,1,1.995,1,0,0,0.0,0,0,0,0,0,0,0,0.0,0,0.0,0,0.0,0,600,10,0,0,0,0,0,0,6,1,0,0,0,0,0,0,0,0,0,0,0,18,7288,4568,0.0,0,18,,,,,,46.17,3.271111,60.117,,60.935223,,,,,,1370,4,,,,,,
