vehicle_id,trip_id,start_time,end_time,counts,total_distance,total_fuel_consumed,mean_mileage
927171595435245568,1788865248000-632578958264631296-927171595435245568,1788865248000,1788885221000,1,246.228,88.318,2.78797074209108
1471144582421938176,1788877292000-632578958264631296-1471144582421938176,1788877292000,1788893796000,1,221.245,40.854,5.415503989817399
1536014688339361792,1788865639000-632578958264631296-1536014688339361792,1788865639000,1788885286000,1,211.617,76.057,2.7823474499388614
1501933902321680384,1788880883000-632578958264631296-1501933902321680384,1788880883000,1788904199000,1,208.961,70.549,2.9619271711859843
1125482414773108736,1788855688000-632578958264631296-1125482414773108736,1788855688000,1788872255000,1,197.755,71.891,2.7507615695984198
871764525957775360,1788833100000-632578958264631296-871764525957775360,1788833100000,1788853975000,1,192.689,59.706,3.2272970890697747
1071120101278744576,1788838960000-632578958264631296-1071120101278744576,1788838960000,1788862057000,1,187.764,52.226,3.5952207712633557
1061350361924632576,1788908997000-632578958264631296-1061350361924632576,1788908997000,1788924316000,1,186.542,61.317,3.0422558181254793
1536014688339361792,1788849817000-632578958264631296-1536014688339361792,1788849817000,1788863403000,1,184.31,58.757,3.1368177408649185
1083726345994764288,1788838035000-632578958264631296-1083726345994764288,1788838035000,1788855404000,1,182.907,60.969,3.0
1526925618065702912,1788838635000-632578958264631296-1526925618065702912,1788838635000,1788852841000,1,181.738,31.235,5.818408836241396
1385588909638942720,1788910227000-632578958264631296-1385588909638942720,1788910227000,1788924951000,1,178.468,46.573,3.832005668520387
1486725792942522368,1788839057000-632578958264631296-1486725792942522368,1788839057000,1788856333000,1,174.905,63.572,2.751289876046058
1535700301011484672,1788868922000-632578958264631296-1535700301011484672,1788868922000,1788883768000,1,174.79,36.325,4.811837577426014
1536004619845500928,1788826174000-632578958264631296-1536004619845500928,1788826174000,1788838665000,1,174.766,34.349,5.087950158665463
1065321017443876864,1788825854000-632578958264631296-1065321017443876864,1788825854000,1788839989000,1,172.55,64.422,2.6784328335040826
946026878085365760,1788837286000-632578958264631296-946026878085365760,1788837286000,1788850328000,1,172.12,59.046,2.915015411712902
877447351826907136,1788825802000-632578958264631296-877447351826907136,1788825802000,1788840358000,1,172.025,53.681,3.2045789012872343
1505916014645215232,1788820907000-632578958264631296-1505916014645215232,1788820907000,1788834178000,1,171.785,50.669,3.3903372870986206
1060579746913452032,1788850742000-632578958264631296-1060579746913452032,1788850742000,1788865213000,1,171.58,59.579,2.879873781030229
1371466234314358784,1788848239000-632578958264631296-1371466234314358784,1788848239000,1788861817000,1,170.915,61.966,2.758206113029726
1593330774109585408,1788847240000-632578958264631296-1593330774109585408,1788847240000,1788861785000,1,169.351,53.309,3.1767806561743797
1067767710965825536,1788856064000-632578958264631296-1067767710965825536,1788856064000,1788869123000,1,168.704,63.305,2.6649395782323673
1067767710965825536,1788841150000-632578958264631296-1067767710965825536,1788841150000,1788853513000,1,168.663,64.203,2.627026774449792
1083728245179809792,1788856009000-632578958264631296-1083728245179809792,1788856009000,1788871026000,1,168.323,70.694,2.381008289246612
1083727852433571840,1788838695000-632578958264631296-1083727852433571840,1788838695000,1788852967000,1,168.235,55.048,3.056150995494841
1540361603277389824,1788826139000-632578958264631296-1540361603277389824,1788826139000,1788837878000,1,166.553,33.928,4.909013204432917
1076923321632686080,1788861469000-632578958264631296-1076923321632686080,1788861469000,1788876530000,1,166.457,56.725,2.9344557073600703
1050037336936546304,1788868345000-632578958264631296-1050037336936546304,1788868345000,1788886715000,1,165.921,55.115,3.010450875442257
951559578305167360,1788874256000-632578958264631296-951559578305167360,1788874256000,1788889096000,1,165.611,42.823,3.867337645657707
1088512574191828992,1788861458000-632578958264631296-1088512574191828992,1788861458000,1788875089000,1,165.564,35.346,4.684094381259548
1079795397515280384,1788861875000-632578958264631296-1079795397515280384,1788861875000,1788875332000,1,165.527,42.582,3.887252829834202
1525526061327056896,1788851517000-632578958264631296-1525526061327056896,1788851517000,1788864831000,1,161.794,49.896,3.242624659291326
1094226815196594176,1788827645000-632578958264631296-1094226815196594176,1788827645000,1788841936000,1,161.767,52.008,3.110425319181664
1461772563532218368,1788836006000-632578958264631296-1461772563532218368,1788836006000,1788850836000,1,161.526,71.0,2.2750140845070423
1067772524470730752,1788858803000-632578958264631296-1067772524470730752,1788858803000,1788872493000,1,158.21,50.348,3.142329387463256
1183367596062277632,1788824253000-632578958264631296-1183367596062277632,1788824253000,1788836899000,1,155.694,48.742,3.194247261088999
1525559056574447616,1788861166000-632578958264631296-1525559056574447616,1788861166000,1788873813000,1,155.084,43.899,3.5327456206291714
1454186236603269120,1788825955000-632578958264631296-1454186236603269120,1788825955000,1788837923000,1,154.119,47.545,3.241539594068777
866245373776101376,1788839676000-632578958264631296-866245373776101376,1788839676000,1788852297000,1,154.006,53.475,2.8799625993454883
933416236518211584,1788911694000-632578958264631296-933416236518211584,1788911694000,1788925356000,1,153.995,44.736,3.4423059728183123
1083727517765861376,1788862830000-632578958264631296-1083727517765861376,1788862830000,1788874550000,1,153.837,54.43,2.826327392981811
926578486859005952,1788877623000-632578958264631296-926578486859005952,1788877623000,1788892154000,1,153.47,52.628,2.9161282967241773
1050024168621342720,1788857843000-632578958264631296-1050024168621342720,1788857843000,1788873134000,1,153.204,28.273,5.4187387259929976
1071457116943810560,1788857667000-632578958264631296-1071457116943810560,1788857667000,1788872943000,1,153.195,66.5,2.3036842105263156
947583099720433664,1788909316000-632578958264631296-947583099720433664,1788909316000,1788923079000,1,153.043,35.022,4.369910342070699
1067767710965825536,1788827959000-632578958264631296-1067767710965825536,1788827959000,1788839156000,1,152.999,58.351,2.622045894671899
847116116999274496,1788878645000-632578958264631296-847116116999274496,1788878645000,1788895772000,1,152.989,48.404,3.1606685397901
1464286677953413120,1788828683000-632578958264631296-1464286677953413120,1788828683000,1788842885000,1,152.501,55.241,2.7606487934686195
1536014563953082368,1788858732000-632578958264631296-1536014563953082368,1788858732000,1788871143000,1,151.018,33.852,4.461124896608768
861290333428776960,1788852989000-632578958264631296-861290333428776960,1788852989000,1788865697000,1,150.888,49.975,3.019269634817409
1089902742123577344,1788850749000-632578958264631296-1089902742123577344,1788850749000,1788863835000,1,150.445,51.827,2.9028305709379283
1083726887294861312,1788908670000-632578958264631296-1083726887294861312,1788908670000,1788921464000,1,150.15,52.999,2.833072322119285
1067775974323519488,1788860197000-632578958264631296-1067775974323519488,1788860197000,1788874015000,1,149.706,30.35,4.932652388797363
780067386190462976,1788835460000-632578958264631296-780067386190462976,1788835460000,1788848364000,1,149.571,31.128,4.805030840400925
877447567619653632,1788911048000-632578958264631296-877447567619653632,1788911048000,1788923397000,1,149.467,47.007,3.179675367498458
784445389880164352,1788854305000-632578958264631296-784445389880164352,1788854305000,1788866492000,1,149.264,55.455,2.6916238391488596
901057526324264960,1788910993000-632578958264631296-901057526324264960,1788910993000,1788924903000,1,148.776,31.129,4.779337595168492
1371466234314358784,1788832567000-632578958264631296-1371466234314358784,1788832567000,1788845454000,1,148.213,64.813,2.2867788869516916
1170761528379441152,1788838044000-632578958264631296-1170761528379441152,1788838044000,1788849303000,1,148.2,29.438,5.0343093960187515
1083726789898928128,1788884114000-632578958264631296-1083726789898928128,1788884114000,1788898804000,1,147.934,68.73,2.1523934235413935
798991075485155328,1788839710000-632578958264631296-798991075485155328,1788839710000,1788852945000,1,147.917,53.756,2.7516370265644765
1500484476822618112,1788838750000-632578958264631296-1500484476822618112,1788838750000,1788851490000,1,146.875,48.0,3.0598958333333335
1140670395897085952,1788906672000-632578958264631296-1140670395897085952,1788906672000,1788920586000,1,146.8,47.858,3.0674077479209334
1067765309810671616,1788851254000-632578958264631296-1067765309810671616,1788851254000,1788864357000,1,146.243,54.508,2.6829639685917663
1397607242391355392,1788838768000-632578958264631296-1397607242391355392,1788838768000,1788852203000,1,145.784,51.844,2.811974384692539
1536014723353411584,1788831373000-632578958264631296-1536014723353411584,1788831373000,1788845764000,1,145.419,48.755,2.9826479335452776
1389243940330274816,1788868177000-632578958264631296-1389243940330274816,1788868177000,1788881319000,1,145.221,40.806,3.558814880164682
780116044227280896,1788845229000-632578958264631296-780116044227280896,1788845229000,1788857564000,1,145.211,54.968,2.641737010624363
1061350361924632576,1788861686000-632578958264631296-1061350361924632576,1788861686000,1788875456000,1,144.918,54.592,2.6545647713950764
1536004619845500928,1788840505000-632578958264631296-1536004619845500928,1788840505000,1788850603000,1,144.669,33.111,4.369212648364592
871730443827806208,1788845397000-632578958264631296-871730443827806208,1788845397000,1788855879000,1,144.577,27.087,5.337505076235833
869954569466019840,1788845428000-632578958264631296-869954569466019840,1788845428000,1788855918000,1,144.566,30.249,4.779199312373963
1540361603277389824,1788840518000-632578958264631296-1540361603277389824,1788840518000,1788850457000,1,144.436,33.193,4.351399391437954
800361869549240320,1788856318000-632578958264631296-800361869549240320,1788856318000,1788870292000,1,144.082,45.766,3.148232312196827
931938734016823296,1788875135000-632578958264631296-931938734016823296,1788875135000,1788890614000,1,144.002,52.401,2.748077326768573
1083727852433571840,1788823854000-632578958264631296-1083727852433571840,1788823854000,1788836679000,1,143.998,58.545,2.459612264070373
1536427445069021184,1788831617000-632578958264631296-1536427445069021184,1788831617000,1788845383000,1,143.815,47.634,3.0191669815677877
1083727289243402240,1788827099000-632578958264631296-1083727289243402240,1788827099000,1788841247000,1,143.096,56.094,2.551003672407031
1401196266230120448,1788826605000-632578958264631296-1401196266230120448,1788826605000,1788841317000,1,142.887,63.029,2.2670040774881404
1050036987500691456,1788828670000-632578958264631296-1050036987500691456,1788828670000,1788842230000,1,142.4,39.413,3.6130210844137727
946025653910634496,1788827257000-632578958264631296-946025653910634496,1788827257000,1788838179000,1,142.369,55.837,2.5497250926804806
1461772563532218368,1788854823000-632578958264631296-1461772563532218368,1788854823000,1788868563000,1,141.598,53.417,2.650804051144767
996809766619578368,1788878802000-632578958264631296-996809766619578368,1788878802000,1788890346000,1,141.386,47.807,2.9574330119020225
1081223436249858048,1788846126000-632578958264631296-1081223436249858048,1788846126000,1788858318000,1,140.683,26.112,5.387676164215686
1089902742123577344,1788879678000-632578958264631296-1089902742123577344,1788879678000,1788895425000,1,140.038,40.802,3.4321356796235483
1067765309810671616,1788868340000-632578958264631296-1067765309810671616,1788868340000,1788882114000,1,139.998,47.163,2.9683862349723302
1454186236603269120,1788860521000-632578958264631296-1454186236603269120,1788860521000,1788873111000,1,139.388,45.696,3.0503326330532214
877447351826907136,1788842794000-632578958264631296-877447351826907136,1788842794000,1788864718000,1,139.325,57.984,2.4028180187637966
1385305128772304896,1788856591000-632578958264631296-1385305128772304896,1788856591000,1788868989000,1,139.167,37.834,3.6783580906063325
1536014681523617792,1788834629000-632578958264631296-1536014681523617792,1788834629000,1788844725000,1,139.153,41.764,3.3318887079781625
1385305554984894464,1788873447000-632578958264631296-1385305554984894464,1788873447000,1788887854000,1,138.643,53.448,2.5939791947313275
798991075485155328,1788855691000-632578958264631296-798991075485155328,1788855691000,1788866955000,1,138.571,41.811,3.314223529693143
1094226815196594176,1788855217000-632578958264631296-1094226815196594176,1788855217000,1788867622000,1,138.301,38.804,3.5640913307906397
1132636843020386304,1788838165000-632578958264631296-1132636843020386304,1788838165000,1788851296000,1,138.3,41.52,3.3309248554913293
1396881703661731840,1788845071000-632578958264631296-1396881703661731840,1788845071000,1788858336000,1,138.177,24.0,5.757375
1536427445069021184,1788854947000-632578958264631296-1536427445069021184,1788854947000,1788865806000,1,137.951,49.397,2.7926999615361257
946036270407090176,1788856224000-632578958264631296-946036270407090176,1788856224000,1788869867000,1,137.018,61.846,2.215470685250461
1396880990281924608,1788910224000-632578958264631296-1396880990281924608,1788910224000,1788923298000,1,136.624,63.11,2.1648550150530816
798605218047590400,1788828475000-632578958264631296-798605218047590400,1788828475000,1788840151000,1,136.409,41.994,3.2482973758155924
928334310946111488,1788832899000-632578958264631296-928334310946111488,1788832899000,1788843743000,1,136.409,48.21,2.829475212611491
1067774958987378688,1788845991000-632578958264631296-1067774958987378688,1788845991000,1788857226000,1,136.146,49.341,2.75928740803794
1047649870816477184,1788856140000-632578958264631296-1047649870816477184,1788856140000,1788869915000,1,135.866,59.124,2.2979838982477507
1045646209449984000,1788855165000-632578958264631296-1045646209449984000,1788855165000,1788870001000,1,135.865,55.809,2.4344639753444786
1536014723353411584,1788908423000-632578958264631296-1536014723353411584,1788908423000,1788922640000,1,135.783,51.119,2.6562139321974216
1067767710965825536,1788883557000-632578958264631296-1067767710965825536,1788883557000,1788894327000,1,135.324,47.006,2.878866527677318
1083726930487803904,1788867515000-632578958264631296-1083726930487803904,1788867515000,1788882907000,1,135.233,49.625,2.7250982367758185
1072871041421803520,1788836407000-632578958264631296-1072871041421803520,1788836407000,1788848604000,1,135.196,46.849,2.8857819804051315
1458037913185943552,1788824378000-632578958264631296-1458037913185943552,1788824378000,1788836601000,1,135.183,20.49,6.597510980966325
1170761528379441152,1788825537000-632578958264631296-1170761528379441152,1788825537000,1788836015000,1,134.933,32.99,4.0901182176417095
1083726345994764288,1788825060000-632578958264631296-1083726345994764288,1788825060000,1788835833000,1,134.817,45.17,2.9846579588222273
1071120101278744576,1788825592000-632578958264631296-1071120101278744576,1788825592000,1788836135000,1,134.793,38.427,3.507767975642127
1083726887294861312,1788854488000-632578958264631296-1083726887294861312,1788854488000,1788865946000,1,134.62,49.586,2.71487919977413
1536014570613637120,1788877653000-632578958264631296-1536014570613637120,1788877653000,1788888363000,1,134.465,28.411,4.732849952483193
1526925618065702912,1788824316000-632578958264631296-1526925618065702912,1788824316000,1788836560000,1,134.452,21.898,6.139921454014066
940983317312831488,1788862488000-632578958264631296-940983317312831488,1788862488000,1788875564000,1,134.406,44.701,3.0067783718485046
928334310946111488,1788850556000-632578958264631296-928334310946111488,1788850556000,1788861789000,1,134.182,54.774,2.4497389272282466
1345798361172672512,1788829690000-632578958264631296-1345798361172672512,1788829690000,1788844731000,1,133.884,51.487,2.600345718336667
1050781532765028352,1788863162000-632578958264631296-1050781532765028352,1788863162000,1788880556000,1,132.978,62.054,2.142940019982596
866245317551456256,1788853606000-632578958264631296-866245317551456256,1788853606000,1788866348000,1,132.326,35.739,3.702565824449481
1076923321632686080,1788831698000-632578958264631296-1076923321632686080,1788831698000,1788844053000,1,132.16,42.892,3.0812272684882958
1083727517765861376,1788829870000-632578958264631296-1083727517765861376,1788829870000,1788841594000,1,132.081,56.207,2.3499030369882754
1083727517765861376,1788843390000-632578958264631296-1083727517765861376,1788843390000,1788854216000,1,131.978,50.287,2.6244953964245235
947094374120947712,1788844796000-632578958264631296-947094374120947712,1788844796000,1788857785000,1,131.952,26.4,4.998181818181818
1362128357327634432,1788846570000-632578958264631296-1362128357327634432,1788846570000,1788859707000,1,131.733,38.472,3.4241266375545854
1294723291725955072,1788863485000-632578958264631296-1294723291725955072,1788863485000,1788874557000,1,131.656,49.759,2.6458731083824034
1570836903035404288,1788846050000-632578958264631296-1570836903035404288,1788846050000,1788856638000,1,131.566,27.637,4.760502225277707
1536014681523617792,1788847482000-632578958264631296-1536014681523617792,1788847482000,1788856431000,1,131.313,47.489,2.7651245551601424
1428064485414797312,1788825517000-632578958264631296-1428064485414797312,1788825517000,1788836445000,1,130.999,45.529,2.8772650398647013
1458037913185943552,1788856341000-632578958264631296-1458037913185943552,1788856341000,1788868016000,1,130.904,23.782,5.50433100664368
862677844923252736,1788872826000-632578958264631296-862677844923252736,1788872826000,1788884827000,1,130.743,39.728,3.2909534836890857
946036270407090176,1788823875000-632578958264631296-946036270407090176,1788823875000,1788836957000,1,130.709,55.089,2.372687832416635
1045646209449984000,1788823841000-632578958264631296-1045646209449984000,1788823841000,1788837348000,1,130.689,53.114,2.460537711337877
798991075485155328,1788822359000-632578958264631296-798991075485155328,1788822359000,1788834253000,1,130.685,41.5,3.1490361445783135
1070370579279773696,1788827271000-632578958264631296-1070370579279773696,1788827271000,1788839878000,1,130.498,42.028,3.1050252212810507
1526925618065702912,1788855965000-632578958264631296-1526925618065702912,1788855965000,1788867702000,1,130.494,23.4,5.576666666666667
1188192864341852160,1788838699000-632578958264631296-1188192864341852160,1788838699000,1788850546000,1,130.275,45.918,2.837122696981576
946025328671719424,1788862433000-632578958264631296-946025328671719424,1788862433000,1788874188000,1,130.198,53.984,2.4117886781268525
1536402078727929856,1788853227000-632578958264631296-1536402078727929856,1788853227000,1788864648000,1,130.118,26.731,4.867681717855673
1454186236603269120,1788840489000-632578958264631296-1454186236603269120,1788840489000,1788850358000,1,130.027,34.233,3.798294043758946
1536014609964597248,1788840678000-632578958264631296-1536014609964597248,1788840678000,1788852173000,1,130.027,29.18,4.456031528444139
1060579746913452032,1788831178000-632578958264631296-1060579746913452032,1788831178000,1788844684000,1,130.005,50.734,2.5624827531832692
1175796809117728768,1788837319000-632578958264631296-1175796809117728768,1788837319000,1788849242000,1,129.916,41.332,3.143230426787961
1067793936933715968,1788829817000-632578958264631296-1067793936933715968,1788829817000,1788840333000,1,129.914,44.116,2.9448272735515455
1371466234314358784,1788863681000-632578958264631296-1371466234314358784,1788863681000,1788876866000,1,129.887,53.147,2.4439196944324233
1067763722711203840,1788870516000-632578958264631296-1067763722711203840,1788870516000,1788881912000,1,129.875,40.143,3.235308771143163
1153273376152748032,1788855354000-632578958264631296-1153273376152748032,1788855354000,1788868517000,1,129.854,43.481,2.9864538534072356
1385588909638942720,1788866305000-632578958264631296-1385588909638942720,1788866305000,1788877987000,1,129.623,39.137,3.312032092393387
1422205318414204928,1788847220000-632578958264631296-1422205318414204928,1788847220000,1788858780000,1,129.601,43.484,2.9804295832950047
1536432469593554944,1788873320000-632578958264631296-1536432469593554944,1788873320000,1788885495000,1,129.49,27.925,4.637063563115488
1067775012183736320,1788836449000-632578958264631296-1067775012183736320,1788836449000,1788848732000,1,129.382,38.822,3.332697954767915
1536014550107684864,1788868544000-632578958264631296-1536014550107684864,1788868544000,1788879544000,1,129.298,45.332,2.8522456542839496
1545824186436419584,1788828960000-632578958264631296-1545824186436419584,1788828960000,1788841012000,1,129.24,40.117,3.2215768876037596
1536014556927623168,1788856943000-632578958264631296-1536014556927623168,1788856943000,1788870114000,1,129.146,26.576,4.859497290788681
1050036987500691456,1788855164000-632578958264631296-1050036987500691456,1788855164000,1788866885000,1,128.839,47.204,2.7294085247012965
1079095522620342272,1788844877000-632578958264631296-1079095522620342272,1788844877000,1788858028000,1,128.82,40.398,3.1887717213723445
1067767710965825536,1788871084000-632578958264631296-1067767710965825536,1788871084000,1788881745000,1,128.56,47.158,2.726154629119131
996809766619578368,1788862334000-632578958264631296-996809766619578368,1788862334000,1788874511000,1,128.269,57.696,2.223187049362174
1126571257152667648,1788910116000-632578958264631296-1126571257152667648,1788910116000,1788922040000,1,127.536,42.228,3.0201761864165957
1072871041421803520,1788857702000-632578958264631296-1072871041421803520,1788857702000,1788872748000,1,127.412,51.284,2.484439591295531
1489984398731247616,1788867133000-632578958264631296-1489984398731247616,1788867133000,1788879796000,1,127.282,46.66,2.727861123017574
1083726930487803904,1788827286000-632578958264631296-1083726930487803904,1788827286000,1788839161000,1,127.214,39.137,3.250479086286634
1406228892573761536,1788825056000-632578958264631296-1406228892573761536,1788825056000,1788837656000,1,127.198,52.41,2.4269795840488455
1050037649940676608,1788871137000-632578958264631296-1050037649940676608,1788871137000,1788883178000,1,126.783,53.625,2.3642517482517484
1083728870357598208,1788852167000-632578958264631296-1083728870357598208,1788852167000,1788863728000,1,126.773,50.46,2.512346413000396
1385589008028925952,1788861354000-632578958264631296-1385589008028925952,1788861354000,1788874461000,1,126.768,41.789,3.0335255689296226
1345798361172672512,1788874563000-632578958264631296-1345798361172672512,1788874563000,1788887923000,1,126.652,50.221,2.521893231914936
1131239834900234240,1788860503000-632578958264631296-1131239834900234240,1788860503000,1788873252000,1,126.242,54.927,2.2983596409780254
1067774958987378688,1788860505000-632578958264631296-1067774958987378688,1788860505000,1788872913000,1,126.226,52.395,2.409123007920603
947094374120947712,1788824826000-632578958264631296-947094374120947712,1788824826000,1788837012000,1,125.954,26.698,4.71773166529328
1067775323560476672,1788847016000-632578958264631296-1067775323560476672,1788847016000,1788859576000,1,125.653,29.922,4.199351647617138
929721011920699392,1788872543000-632578958264631296-929721011920699392,1788872543000,1788884574000,1,125.5,53.508,2.345443671974284
1105914860262129664,1788869419000-632578958264631296-1105914860262129664,1788869419000,1788881685000,1,125.471,23.972,5.234064742199232
932335222958063616,1788828450000-632578958264631296-932335222958063616,1788828450000,1788838668000,1,125.338,27.168,4.6134422850412244
866245317551456256,1788838371000-632578958264631296-866245317551456256,1788838371000,1788851658000,1,125.194,52.188,2.3989039625967656
786246735176400896,1788840653000-632578958264631296-786246735176400896,1788840653000,1788851532000,1,124.687,40.358,3.089523762327172
819592403370377216,1788840593000-632578958264631296-819592403370377216,1788840593000,1788851643000,1,124.578,34.06,3.6576042278332355
1536014625517076480,1788873376000-632578958264631296-1536014625517076480,1788873376000,1788884693000,1,124.092,32.695,3.795442728245909
1401196266230120448,1788873327000-632578958264631296-1401196266230120448,1788873327000,1788884614000,1,124.086,39.846,3.1141394368318025
1454186236603269120,1788876160000-632578958264631296-1454186236603269120,1788876160000,1788887618000,1,124.073,34.025,3.6465246142542247
1501933614227521536,1788856897000-632578958264631296-1501933614227521536,1788856897000,1788867117000,1,123.983,38.0,3.2627105263157894
946032744595456000,1788862797000-632578958264631296-946032744595456000,1788862797000,1788874583000,1,123.979,35.013,3.540941935852398
1083727289243402240,1788873501000-632578958264631296-1083727289243402240,1788873501000,1788885077000,1,123.814,35.128,3.52465269870189
1073966174624022528,1788874785000-632578958264631296-1073966174624022528,1788874785000,1788888622000,1,123.534,23.791,5.192467739901644
1093089257012068352,1788868573000-632578958264631296-1093089257012068352,1788868573000,1788881573000,1,123.498,21.053,5.866052344083979
1083727289243402240,1788858019000-632578958264631296-1083727289243402240,1788858019000,1788870240000,1,122.67,55.703,2.2022153205392887
1475453057469775872,1788828315000-632578958264631296-1475453057469775872,1788828315000,1788838001000,1,122.652,40.185,3.0521836506159015
1050037336936546304,1788854636000-632578958264631296-1050037336936546304,1788854636000,1788866239000,1,122.381,33.326,3.672237892336314
1540361293100220416,1788841391000-632578958264631296-1540361293100220416,1788841391000,1788850819000,1,122.308,40.563,3.0152602125089367
1045646397224779776,1788870596000-632578958264631296-1045646397224779776,1788870596000,1788881919000,1,122.261,39.904,3.0638783079390532
1401196266230120448,1788857924000-632578958264631296-1401196266230120448,1788857924000,1788869965000,1,121.714,60.94,1.9972760091893667
1067776270814674944,1788831317000-632578958264631296-1067776270814674944,1788831317000,1788842537000,1,121.702,46.313,2.6278150843175783
961238953837461504,1788852307000-632578958264631296-961238953837461504,1788852307000,1788867509000,1,121.231,49.746,2.436999959795762
1045646209449984000,1788911066000-632578958264631296-1045646209449984000,1788911066000,1788923977000,1,121.179,62.851,1.9280361489872875
873570129613422592,1788825047000-632578958264631296-873570129613422592,1788825047000,1788834694000,1,121.176,35.199,3.4425978010738945
1475453057469775872,1788843936000-632578958264631296-1475453057469775872,1788843936000,1788853622000,1,121.031,36.754,3.2930021222179904
1047649870816477184,1788911219000-632578958264631296-1047649870816477184,1788911219000,1788924059000,1,120.974,60.781,1.9903259242197398
1525559056574447616,1788911451000-632578958264631296-1525559056574447616,1788911451000,1788920738000,1,120.837,37.159,3.2518905245028122
939141093658722304,1788840219000-632578958264631296-939141093658722304,1788840219000,1788851810000,1,120.715,44.012,2.7427746978096885
943858330336493568,1788833091000-632578958264631296-943858330336493568,1788833091000,1788843867000,1,120.497,39.435,3.055585140103968
1045646397224779776,1788824355000-632578958264631296-1045646397224779776,1788824355000,1788834823000,1,119.912,45.865,2.6144554671318
1070378226594873344,1788846225000-632578958264631296-1070378226594873344,1788846225000,1788857615000,1,119.824,27.575,4.345385312783319
942723675356921856,1788828481000-632578958264631296-942723675356921856,1788828481000,1788839607000,1,119.758,54.443,2.199695093951472
792451146961649664,1788835216000-632578958264631296-792451146961649664,1788835216000,1788848282000,1,119.566,46.03,2.5975668042580926
1181299462874595328,1788825070000-632578958264631296-1181299462874595328,1788825070000,1788835750000,1,119.516,30.938,3.8630810007111
873104331912511488,1788846588000-632578958264631296-873104331912511488,1788846588000,1788862498000,1,119.467,46.744,2.555771863768612
1152269748554170368,1788911177000-632578958264631296-1152269748554170368,1788911177000,1788923309000,1,119.391,38.726,3.0829675153643548
1364616390270517248,1788863333000-632578958264631296-1364616390270517248,1788863333000,1788878024000,1,119.254,75.876,1.5716959249301492
947925198747729920,1788844792000-632578958264631296-947925198747729920,1788844792000,1788855647000,1,118.851,38.935,3.0525491203287527
1101156788989853696,1788853029000-632578958264631296-1101156788989853696,1788853029000,1788861652000,1,118.578,29.621,4.003173424259816
1536014723353411584,1788851422000-632578958264631296-1536014723353411584,1788851422000,1788863335000,1,118.489,37.191,3.185958968567664
1396881508228136960,1788863356000-632578958264631296-1396881508228136960,1788863356000,1788873703000,1,117.61,51.495,2.2839110593261482
939546576563470336,1788875471000-632578958264631296-939546576563470336,1788875471000,1788889072000,1,117.555,48.599,2.4188769316241077
940983317312831488,1788849421000-632578958264631296-940983317312831488,1788849421000,1788860136000,1,117.503,42.548,2.761657422205509
939546232131420160,1788875508000-632578958264631296-939546232131420160,1788875508000,1788889116000,1,117.439,49.611,2.3671967910342464
1464283595349688320,1788846000000-632578958264631296-1464283595349688320,1788846000000,1788854515000,1,117.143,37.532,3.1211499520409256
1422205727123963904,1788907855000-632578958264631296-1422205727123963904,1788907855000,1788920765000,1,116.712,35.963,3.245335483691572
784445389880164352,1788826723000-632578958264631296-784445389880164352,1788826723000,1788835949000,1,116.483,36.481,3.192977166196102
1152270574152581120,1788865733000-632578958264631296-1152270574152581120,1788865733000,1788876036000,1,116.326,32.21,3.6114871158025457
1500136074981146624,1788911777000-632578958264631296-1500136074981146624,1788911777000,1788922215000,1,116.297,39.365,2.9543249079131204
1476549608761982976,1788838879000-632578958264631296-1476549608761982976,1788838879000,1788848964000,1,116.288,40.501,2.871237747216118
873570129613422592,1788842070000-632578958264631296-873570129613422592,1788842070000,1788852895000,1,116.262,34.498,3.37010841208186
1294704486559776768,1788879015000-632578958264631296-1294704486559776768,1788879015000,1788890762000,1,116.25,37.132,3.1307228266724123
1536014609964597248,1788858486000-632578958264631296-1536014609964597248,1788858486000,1788868150000,1,116.035,33.047,3.511211305110903
951558414842986496,1788860499000-632578958264631296-951558414842986496,1788860499000,1788872303000,1,115.994,47.999,2.4165920123335902
1570836903035404288,1788822380000-632578958264631296-1570836903035404288,1788822380000,1788832141000,1,115.958,25.603,4.529078623598797
1083727289243402240,1788843833000-632578958264631296-1083727289243402240,1788843833000,1788854621000,1,115.944,40.195,2.8845378778455033
1536014674678513664,1788822365000-632578958264631296-1536014674678513664,1788822365000,1788832706000,1,115.908,24.231,4.783459205150427
1067767656859303936,1788822370000-632578958264631296-1067767656859303936,1788822370000,1788832712000,1,115.907,24.734,4.686140535295544
1401196266230120448,1788843860000-632578958264631296-1401196266230120448,1788843860000,1788854920000,1,115.871,46.228,2.506511205330103
1385305554984894464,1788858498000-632578958264631296-1385305554984894464,1788858498000,1788869586000,1,115.679,43.0,2.6902093023255813
866648852977942528,1788839591000-632578958264631296-866648852977942528,1788839591000,1788850940000,1,115.478,32.462,3.557328568788121
787647951882158080,1788870953000-632578958264631296-787647951882158080,1788870953000,1788880589000,1,114.849,32.012,3.5876858677995753
1088512574191828992,1788824638000-632578958264631296-1088512574191828992,1788824638000,1788833783000,1,114.816,24.456,4.694798822374877
1079795397515280384,1788824265000-632578958264631296-1079795397515280384,1788824265000,1788834849000,1,114.775,28.828,3.9813722769529627
1476549608761982976,1788851475000-632578958264631296-1476549608761982976,1788851475000,1788864676000,1,114.526,53.435,2.1432768784504534
1181865650805538816,1788834859000-632578958264631296-1181865650805538816,1788834859000,1788845562000,1,114.36,21.664,5.278803545051698
1209168031477923840,1788887521000-632578958264631296-1209168031477923840,1788887521000,1788904120000,1,114.136,49.686,2.2971460773658574
1134877765846171648,1788875997000-632578958264631296-1134877765846171648,1788875997000,1788885655000,1,114.135,22.63,5.043526292532038
1545823503347875840,1788857461000-632578958264631296-1545823503347875840,1788857461000,1788867505000,1,114.063,40.909,2.7882128626952505
1385589008028925952,1788844211000-632578958264631296-1385589008028925952,1788844211000,1788857528000,1,113.821,42.649,2.668784731177753
1294723291725955072,1788852291000-632578958264631296-1294723291725955072,1788852291000,1788861070000,1,113.584,33.916,3.348979832527421
1471165285556813824,1788911529000-632578958264631296-1471165285556813824,1788911529000,1788923034000,1,113.5,56.978,1.9919969110884903
961238953837461504,1788828061000-632578958264631296-961238953837461504,1788828061000,1788837321000,1,113.36,29.239,3.8770135777557373
1050024168621342720,1788909641000-632578958264631296-1050024168621342720,1788909641000,1788919519000,1,113.111,22.123,5.112823758079826
1071457116943810560,1788909590000-632578958264631296-1071457116943810560,1788909590000,1788919247000,1,113.071,45.285,2.496875345036988
1082360641819246592,1788846443000-632578958264631296-1082360641819246592,1788846443000,1788857255000,1,112.642,36.156,3.1154441863037947
1362128357327634432,1788830974000-632578958264631296-1362128357327634432,1788830974000,1788843105000,1,112.617,37.212,3.02636246372138
862677844923252736,1788839788000-632578958264631296-862677844923252736,1788839788000,1788849035000,1,112.475,35.097,3.2046898595321536
947925198747729920,1788869419000-632578958264631296-947925198747729920,1788869419000,1788880856000,1,112.446,44.125,2.548351274787535
1050024168621342720,1788842111000-632578958264631296-1050024168621342720,1788842111000,1788853084000,1,112.437,22.013,5.107754508699404
1545823503347875840,1788869459000-632578958264631296-1545823503347875840,1788869459000,1788881627000,1,112.432,43.39,2.5911961281401243
1071457116943810560,1788842059000-632578958264631296-1071457116943810560,1788842059000,1788852786000,1,112.414,46.414,2.4219847459818156
1050036904705130496,1788828649000-632578958264631296-1050036904705130496,1788828649000,1788839322000,1,112.404,34.891,3.2215757645238026
1134877765846171648,1788865486000-632578958264631296-1134877765846171648,1788865486000,1788874298000,1,112.364,21.602,5.201555411535969
1094650284191252480,1788876421000-632578958264631296-1094650284191252480,1788876421000,1788887300000,1,111.919,44.964,2.489080153011298
1385305128772304896,1788837957000-632578958264631296-1385305128772304896,1788837957000,1788849061000,1,111.9,49.671,2.2528235791508124
943819597830684672,1788822142000-632578958264631296-943819597830684672,1788822142000,1788833366000,1,111.897,45.693,2.448887138073666
1046442314819436544,1788846548000-632578958264631296-1046442314819436544,1788846548000,1788859497000,1,111.828,48.383,2.311307690717814
951558414842986496,1788824648000-632578958264631296-951558414842986496,1788824648000,1788839155000,1,111.752,55.689,2.0067158684839015
942721856836730880,1788845416000-632578958264631296-942721856836730880,1788845416000,1788855088000,1,111.728,34.232,3.2638466931526056
931856805720489984,1788823740000-632578958264631296-931856805720489984,1788823740000,1788835863000,1,111.693,48.45,2.3053250773993805
1525526061327056896,1788828410000-632578958264631296-1525526061327056896,1788828410000,1788839959000,1,111.574,47.09,2.3693777872159694
946029060134273024,1788826299000-632578958264631296-946029060134273024,1788826299000,1788839193000,1,111.548,23.25,4.797763440860215
934473019407990784,1788864958000-632578958264631296-934473019407990784,1788864958000,1788877948000,1,110.963,48.831,2.2723884417685483
1072871041421803520,1788874770000-632578958264631296-1072871041421803520,1788874770000,1788888026000,1,110.899,48.558,2.2838461221631863
929711155667009536,1788831632000-632578958264631296-929711155667009536,1788831632000,1788842268000,1,110.439,44.106,2.503945041490953
1396880990281924608,1788839678000-632578958264631296-1396880990281924608,1788839678000,1788850485000,1,110.235,48.769,2.2603498123808157
1175796809117728768,1788856038000-632578958264631296-1175796809117728768,1788856038000,1788866704000,1,110.209,45.476,2.4234541296508048
1188192864341852160,1788861212000-632578958264631296-1188192864341852160,1788861212000,1788871825000,1,109.828,42.457,2.586805473773465
869954569466019840,1788867088000-632578958264631296-869954569466019840,1788867088000,1788876190000,1,109.678,24.142,4.543037030900505
789513633972355072,1788830383000-632578958264631296-789513633972355072,1788830383000,1788839555000,1,109.6,33.523,3.269397130328431
1083729038846984192,1788868200000-632578958264631296-1083729038846984192,1788868200000,1788879957000,1,109.56,33.937,3.2283348557621476
946030376206204928,1788871883000-632578958264631296-946030376206204928,1788871883000,1788883681000,1,109.543,41.503,2.6393995614774837
1087441747748847616,1788858327000-632578958264631296-1087441747748847616,1788858327000,1788867069000,1,109.487,33.258,3.2920500330747484
1138783076164304896,1788875972000-632578958264631296-1138783076164304896,1788875972000,1788885054000,1,109.461,20.986,5.215905841989898
1079095062366781440,1788830276000-632578958264631296-1079095062366781440,1788830276000,1788839342000,1,109.348,37.914,2.8841061349369626
1126869078934290432,1788862720000-632578958264631296-1126869078934290432,1788862720000,1788874314000,1,109.262,22.367,4.884964456565476
1067764685513687040,1788841509000-632578958264631296-1067764685513687040,1788841509000,1788850193000,1,109.193,19.877,5.493434622931026
1385305554984894464,1788844082000-632578958264631296-1385305554984894464,1788844082000,1788852812000,1,108.992,34.851,3.1273708071504407
800361869549240320,1788813592000-632578958264631296-800361869549240320,1788813592000,1788831336000,1,108.914,44.748,2.4339411817287924
946032744595456000,1788851167000-632578958264631296-946032744595456000,1788851167000,1788860922000,1,108.676,40.761,2.666176001570128
1050036019790872576,1788838053000-632578958264631296-1050036019790872576,1788838053000,1788849742000,1,108.658,48.839,2.2248203280165444
1536014550107684864,1788830932000-632578958264631296-1536014550107684864,1788830932000,1788839977000,1,108.574,33.797,3.212533656833447
1464286463544786944,1788828952000-632578958264631296-1464286463544786944,1788828952000,1788838284000,1,108.55,31.764,3.417390756831633
862693652038680576,1788868792000-632578958264631296-862693652038680576,1788868792000,1788880129000,1,108.48,41.932,2.587045693026805
1188144161019133952,1788828954000-632578958264631296-1188144161019133952,1788828954000,1788839207000,1,108.315,21.93,4.939124487004104
951558414842986496,1788874964000-632578958264631296-951558414842986496,1788874964000,1788885702000,1,108.1,48.419,2.2325946425989796
1428064485414797312,1788864574000-632578958264631296-1428064485414797312,1788864574000,1788873800000,1,108.055,40.768,2.6504856750392465
1060579746913452032,1788868666000-632578958264631296-1060579746913452032,1788868666000,1788879636000,1,107.866,41.902,2.574244666125722
970285003134992384,1788869207000-632578958264631296-970285003134992384,1788869207000,1788879098000,1,107.761,33.959,3.1732677640684352
1083726423769743360,1788872421000-632578958264631296-1083726423769743360,1788872421000,1788884877000,1,107.737,52.399,2.0560888566575697
786246735176400896,1788872473000-632578958264631296-786246735176400896,1788872473000,1788884320000,1,107.703,44.784,2.404943729903537
1396880990281924608,1788825722000-632578958264631296-1396880990281924608,1788825722000,1788837093000,1,107.694,50.426,2.1356839725538412
798991075485155328,1788868749000-632578958264631296-798991075485155328,1788868749000,1788877271000,1,107.621,34.269,3.1404768157810268
939141093658722304,1788824730000-632578958264631296-939141093658722304,1788824730000,1788833564000,1,107.562,37.76,2.848569915254237
1406229042385911808,1788834545000-632578958264631296-1406229042385911808,1788834545000,1788845445000,1,107.395,27.392,3.920670268691589
1536014730089463808,1788908203000-632578958264631296-1536014730089463808,1788908203000,1788921968000,1,107.315,40.534,2.6475304682488776
1082360641819246592,1788862118000-632578958264631296-1082360641819246592,1788862118000,1788874998000,1,107.206,40.749,2.6308866475250925
1079787761596104704,1788881251000-632578958264631296-1079787761596104704,1788881251000,1788889948000,1,106.847,28.875,3.7003290043290042
818154714091749376,1788827083000-632578958264631296-818154714091749376,1788827083000,1788838040000,1,106.314,45.547,2.3341603179133643
1132636843020386304,1788869224000-632578958264631296-1132636843020386304,1788869224000,1788879497000,1,106.29,32.435,3.27701556960074
935951856658546688,1788848237000-632578958264631296-935951856658546688,1788848237000,1788860234000,1,105.581,42.39,2.490705355036565
1385588909638942720,1788854891000-632578958264631296-1385588909638942720,1788854891000,1788864195000,1,105.515,30.895,3.415277553002104
1537822792169291776,1788871049000-632578958264631296-1537822792169291776,1788871049000,1788881297000,1,105.422,37.857,2.7847425839342788
784445389880164352,1788870737000-632578958264631296-784445389880164352,1788870737000,1788880275000,1,105.382,42.923,2.4551406006103953
1525559056574447616,1788818263000-632578958264631296-1525559056574447616,1788818263000,1788827468000,1,105.375,28.89,3.6474558670820354
1083040452048846848,1788850972000-632578958264631296-1083040452048846848,1788850972000,1788860462000,1,105.199,31.973,3.2902448941294216
1067775323560476672,1788823753000-632578958264631296-1067775323560476672,1788823753000,1788833481000,1,105.177,31.279,3.362543559576713
1050036019790872576,1788857474000-632578958264631296-1050036019790872576,1788857474000,1788865942000,1,105.162,34.497,3.048438994695191
1289307004661137408,1788847315000-632578958264631296-1289307004661137408,1788847315000,1788857425000,1,105.141,30.835,3.4097940651856655
1389243940330274816,1788830741000-632578958264631296-1389243940330274816,1788830741000,1788840390000,1,104.999,35.46,2.961054709531867
1385305128772304896,1788870849000-632578958264631296-1385305128772304896,1788870849000,1788880405000,1,104.963,30.788,3.4092178770949717
1041007225465733120,1788828549000-632578958264631296-1041007225465733120,1788828549000,1788840348000,1,104.792,38.936,2.691391000616396
866245373776101376,1788828959000-632578958264631296-866245373776101376,1788828959000,1788837722000,1,104.694,34.245,3.057205431449847
1428064485414797312,1788876028000-632578958264631296-1428064485414797312,1788876028000,1788885364000,1,104.594,40.107,2.607873937217942
1545824186436419584,1788815542000-632578958264631296-1545824186436419584,1788815542000,1788826979000,1,104.067,37.015,2.8114818316898553
1536014609964597248,1788908291000-632578958264631296-1536014609964597248,1788908291000,1788917444000,1,104.02,30.496,3.4109391395592863
1067776196789403648,1788878067000-632578958264631296-1067776196789403648,1788878067000,1788890140000,1,103.855,50.958,2.0380509439145964
784445389880164352,1788838229000-632578958264631296-784445389880164352,1788838229000,1788845395000,1,103.8,29.258,3.5477476245813113
1083727144086929408,1788833842000-632578958264631296-1083727144086929408,1788833842000,1788843058000,1,103.415,33.623,3.0757219760283143
1083040452048846848,1788862803000-632578958264631296-1083040452048846848,1788862803000,1788877358000,1,103.356,41.619,2.483384992431341
1536014660929585152,1788906587000-632578958264631296-1536014660929585152,1788906587000,1788916343000,1,103.252,22.783,4.531975595839002
866245317551456256,1788824441000-632578958264631296-866245317551456256,1788824441000,1788836283000,1,103.214,33.189,3.109885805537979
929726540265029632,1788854010000-632578958264631296-929726540265029632,1788854010000,1788864621000,1,102.908,22.986,4.476985991473071
1089902742123577344,1788866152000-632578958264631296-1089902742123577344,1788866152000,1788874708000,1,102.825,38.257,2.6877434195049275
1109445504082640896,1788826988000-632578958264631296-1109445504082640896,1788826988000,1788838443000,1,102.707,35.871,2.863232137381171
1067775974323519488,1788849043000-632578958264631296-1067775974323519488,1788849043000,1788858088000,1,102.661,23.728,4.326576196898179
869954569466019840,1788834929000-632578958264631296-869954569466019840,1788834929000,1788842537000,1,102.489,22.147,4.6276696618052116
871730443827806208,1788834915000-632578958264631296-871730443827806208,1788834915000,1788841942000,1,102.482,19.015,5.389534577964764
1065321017443876864,1788856511000-632578958264631296-1065321017443876864,1788856511000,1788866015000,1,102.295,35.644,2.8699079789024804
1405177997576634368,1788830958000-632578958264631296-1405177997576634368,1788830958000,1788840182000,1,102.287,32.945,3.1047806950978907
1083016936570224640,1788878461000-632578958264631296-1083016936570224640,1788878461000,1788888753000,1,101.989,35.949,2.8370469275918664
1088168906306093056,1788878355000-632578958264631296-1088168906306093056,1788878355000,1788889284000,1,101.914,39.17,2.6018381414347713
1050036904705130496,1788841254000-632578958264631296-1050036904705130496,1788841254000,1788849994000,1,101.84,27.683,3.678792038435141
1120316585941139456,1788866552000-632578958264631296-1120316585941139456,1788866552000,1788876458000,1,101.779,44.702,2.276833251308666
942723675356921856,1788841568000-632578958264631296-942723675356921856,1788841568000,1788850522000,1,101.717,33.08,3.0748790810157196
1132636843020386304,1788825145000-632578958264631296-1132636843020386304,1788825145000,1788834448000,1,101.6,33.865,3.0001476450612725
1294723291725955072,1788835509000-632578958264631296-1294723291725955072,1788835509000,1788844070000,1,101.489,34.965,2.9025883025883026
925753337108758528,1788831327000-632578958264631296-925753337108758528,1788831327000,1788841019000,1,101.455,21.399,4.7411093976354035
1050024168621342720,1788875010000-632578958264631296-1050024168621342720,1788875010000,1788884050000,1,101.224,20.155,5.022277350533367
1071457116943810560,1788875030000-632578958264631296-1071457116943810560,1788875030000,1788883890000,1,101.154,37.658,2.686122470656965
940246123384143872,1788853715000-632578958264631296-940246123384143872,1788853715000,1788863515000,1,101.144,36.774,2.750421493446457
1536402078727929856,1788865928000-632578958264631296-1536402078727929856,1788865928000,1788877079000,1,101.089,21.757,4.646274762145516
871764525957775360,1788874075000-632578958264631296-871764525957775360,1788874075000,1788882547000,1,100.978,28.795,3.5067893731550615
943819597830684672,1788851275000-632578958264631296-943819597830684672,1788851275000,1788860805000,1,100.935,31.925,3.161628817541112
1109445504082640896,1788866407000-632578958264631296-1109445504082640896,1788866407000,1788876696000,1,100.872,33.13,3.0447328705101113
939546576563470336,1788825636000-632578958264631296-939546576563470336,1788825636000,1788835200000,1,100.833,38.053,2.6498042204294014
1083727931903049728,1788852823000-632578958264631296-1083727931903049728,1788852823000,1788862127000,1,100.83,33.672,2.9944761225944405
1046442314819436544,1788911435000-632578958264631296-1046442314819436544,1788911435000,1788920962000,1,100.801,39.63,2.543552863991925
1478819140813717504,1788844912000-632578958264631296-1478819140813717504,1788844912000,1788854965000,1,100.594,36.5,2.756
971379691866816512,1788861217000-632578958264631296-971379691866816512,1788861217000,1788869587000,1,100.555,48.438,2.0759527643585614
861290333428776960,1788868638000-632578958264631296-861290333428776960,1788868638000,1788877464000,1,100.424,36.184,2.7753703294273717
1153273376152748032,1788871161000-632578958264631296-1153273376152748032,1788871161000,1788882364000,1,100.353,37.155,2.7009285425918446
1067763722711203840,1788824208000-632578958264631296-1067763722711203840,1788824208000,1788832773000,1,100.139,36.936,2.7111490145115873
1385589008028925952,1788876635000-632578958264631296-1385589008028925952,1788876635000,1788888724000,1,100.037,38.919,2.570389783910173
1090633180173565952,1788859824000-632578958264631296-1090633180173565952,1788859824000,1788869949000,1,99.972,42.255,2.365921192758253
1396881508228136960,1788842428000-632578958264631296-1396881508228136960,1788842428000,1788853502000,1,99.88,44.259,2.2567161481280644
946030376206204928,1788907509000-632578958264631296-946030376206204928,1788907509000,1788916042000,1,99.745,36.487,2.7337133773672813
932334786138079232,1788858975000-632578958264631296-932334786138079232,1788858975000,1788870965000,1,99.685,27.474,3.6283395210016742
940988876032311296,1788850871000-632578958264631296-940988876032311296,1788850871000,1788860125000,1,99.466,23.366,4.256868954891723
1079095522620342272,1788862918000-632578958264631296-1079095522620342272,1788862918000,1788873000000,1,99.324,36.848,2.695505861919236
787737136659955712,1788835148000-632578958264631296-787737136659955712,1788835148000,1788842491000,1,99.272,18.001,5.514804733070385
1268615233111326720,1788825762000-632578958264631296-1268615233111326720,1788825762000,1788834734000,1,99.202,42.209,2.350257054182757
1537822792169291776,1788883222000-632578958264631296-1537822792169291776,1788883222000,1788892744000,1,99.088,40.884,2.4236376088445355
1389243940330274816,1788855801000-632578958264631296-1389243940330274816,1788855801000,1788865245000,1,99.073,35.53,2.788432310723332
943819597830684672,1788836451000-632578958264631296-943819597830684672,1788836451000,1788847925000,1,98.924,42.58,2.323250352278065
873109579045535744,1788833248000-632578958264631296-873109579045535744,1788833248000,1788841277000,1,98.875,26.915,3.6736020806241876
967085947369816064,1788888495000-632578958264631296-967085947369816064,1788888495000,1788900249000,1,98.698,25.261,3.907129567317208
1079787761596104704,1788908329000-632578958264631296-1079787761596104704,1788908329000,1788916543000,1,98.171,30.311,3.2387911979149484
1083726887294861312,1788869265000-632578958264631296-1083726887294861312,1788869265000,1788878476000,1,98.029,34.16,2.869701405152225
1047650330055016448,1788817494000-632578958264631296-1047650330055016448,1788817494000,1788831419000,1,97.947,41.879,2.338809427159197
1501933902321680384,1788868692000-632578958264631296-1501933902321680384,1788868692000,1788877647000,1,97.777,40.5,2.414246913580247
1406229042385911808,1788856390000-632578958264631296-1406229042385911808,1788856390000,1788864417000,1,97.757,23.654,4.1327893802316735
1062738572429230080,1788829709000-632578958264631296-1062738572429230080,1788829709000,1788838607000,1,97.745,30.208,3.2357322563559325
862287863801184256,1788846325000-632578958264631296-862287863801184256,1788846325000,1788854987000,1,97.624,18.866,5.1745998091805365
809467481230934016,1788821781000-632578958264631296-809467481230934016,1788821781000,1788833422000,1,97.591,21.926,4.450925841466752
1396880990281924608,1788863754000-632578958264631296-1396880990281924608,1788863754000,1788872656000,1,97.532,39.427,2.473736272097801
1083727593376579584,1788836856000-632578958264631296-1083727593376579584,1788836856000,1788845366000,1,97.429,33.844,2.8787672851908757
1067793936933715968,1788855077000-632578958264631296-1067793936933715968,1788855077000,1788863951000,1,97.253,39.866,2.439497316008629
946026878085365760,1788852072000-632578958264631296-946026878085365760,1788852072000,1788860081000,1,97.216,37.127,2.618471732162577
940983317312831488,1788879279000-632578958264631296-940983317312831488,1788879279000,1788888549000,1,97.012,31.371,3.0924101877530203
1067776196789403648,1788865422000-632578958264631296-1067776196789403648,1788865422000,1788875813000,1,96.899,42.276,2.292056959031129
1299087047838924800,1788866294000-632578958264631296-1299087047838924800,1788866294000,1788878439000,1,96.83,37.153,2.606249831776707
1458037913185943552,1788845560000-632578958264631296-1458037913185943552,1788845560000,1788853479000,1,96.46,17.199,5.6084656084656075
1132636899983228928,1788869108000-632578958264631296-1132636899983228928,1788869108000,1788877429000,1,96.455,17.907,5.386441056570057
1536402078727929856,1788841184000-632578958264631296-1536402078727929856,1788841184000,1788849395000,1,96.388,20.907,4.610321901755393
800361869549240320,1788844426000-632578958264631296-800361869549240320,1788844426000,1788854527000,1,96.314,36.672,2.626363438045375
946025653910634496,1788840381000-632578958264631296-946025653910634496,1788840381000,1788848505000,1,96.287,42.848,2.2471760642270353
1486725792942522368,1788863757000-632578958264631296-1486725792942522368,1788863757000,1788877607000,1,96.26,44.401,2.167969189883111
1050024168621342720,1788831767000-632578958264631296-1050024168621342720,1788831767000,1788840280000,1,96.239,19.309,4.984152467761148
1540361293100220416,1788860195000-632578958264631296-1540361293100220416,1788860195000,1788867793000,1,96.194,29.562,3.253974697246465
1406228892573761536,1788839587000-632578958264631296-1406228892573761536,1788839587000,1788848816000,1,96.143,38.12,2.522114375655824
1209168031477923840,1788843657000-632578958264631296-1209168031477923840,1788843657000,1788851846000,1,96.108,31.827,3.0197002545008953
1406229042385911808,1788864857000-632578958264631296-1406229042385911808,1788864857000,1788873192000,1,96.066,25.199,3.812294138656296
1071457116943810560,1788831742000-632578958264631296-1071457116943810560,1788831742000,1788840133000,1,96.065,35.367,2.716232646252156
1083778254826897408,1788829339000-632578958264631296-1083778254826897408,1788829339000,1788838269000,1,95.931,41.276,2.324135090609555
1397607641592627200,1788854905000-632578958264631296-1397607641592627200,1788854905000,1788862965000,1,95.828,16.115,5.9465094632330135
1067793936933715968,1788842808000-632578958264631296-1067793936933715968,1788842808000,1788851090000,1,95.699,40.881,2.34091631809398
1385588909638942720,1788843526000-632578958264631296-1385588909638942720,1788843526000,1788851548000,1,95.24,28.498,3.341988911502561
862677844923252736,1788823888000-632578958264631296-862677844923252736,1788823888000,1788832808000,1,94.998,27.276,3.482842058952926
934473019407990784,1788911935000-632578958264631296-934473019407990784,1788911935000,1788920306000,1,94.947,34.99,2.7135467276364675
798605218047590400,1788858118000-632578958264631296-798605218047590400,1788858118000,1788866300000,1,94.763,28.671,3.3051864253078027
866245317551456256,1788872906000-632578958264631296-866245317551456256,1788872906000,1788881981000,1,94.682,28.796,3.2880261147381584
1505916014645215232,1788857684000-632578958264631296-1505916014645215232,1788857684000,1788866271000,1,94.624,27.488,3.4423748544819555
1101156788989853696,1788866066000-632578958264631296-1101156788989853696,1788866066000,1788873316000,1,94.583,22.991,4.113914140315775
1132636093246603264,1788834760000-632578958264631296-1132636093246603264,1788834760000,1788843417000,1,94.557,38.372,2.4642187011362453
1120316585941139456,1788854075000-632578958264631296-1120316585941139456,1788854075000,1788862496000,1,94.329,33.219,2.8396098618260632
1083016936570224640,1788866410000-632578958264631296-1083016936570224640,1788866410000,1788875994000,1,94.289,33.186,2.8412282287711688
1088168906306093056,1788866365000-632578958264631296-1088168906306093056,1788866365000,1788876028000,1,94.226,33.742,2.7925434176990103
1067765133431799808,1788836791000-632578958264631296-1067765133431799808,1788836791000,1788848730000,1,94.068,46.204,2.0359276253138257
946025328671719424,1788907463000-632578958264631296-946025328671719424,1788907463000,1788916982000,1,94.04,38.303,2.455160170221654
1079095062366781440,1788842260000-632578958264631296-1079095062366781440,1788842260000,1788850381000,1,94.02,42.847,2.1943193222395965
1135630948969218048,1788880744000-632578958264631296-1135630948969218048,1788880744000,1788893942000,1,93.874,21.936,4.279449307075128
1362128357327634432,1788861577000-632578958264631296-1362128357327634432,1788861577000,1788873823000,1,93.865,33.279,2.8205474924126324
789513633972355072,1788842390000-632578958264631296-789513633972355072,1788842390000,1788851238000,1,93.81,40.167,2.33549929046232
1079095062366781440,1788871903000-632578958264631296-1079095062366781440,1788871903000,1788880595000,1,93.738,32.891,2.8499589553373266
789513633972355072,1788872011000-632578958264631296-789513633972355072,1788872011000,1788880754000,1,93.705,28.623,3.273765852635992
1101156788989853696,1788876849000-632578958264631296-1101156788989853696,1788876849000,1788884712000,1,93.69,22.98,4.077023498694516
1477629723302428672,1788847402000-632578958264631296-1477629723302428672,1788847402000,1788854578000,1,93.53,15.991,5.848915014695766
1061350361924632576,1788847330000-632578958264631296-1061350361924632576,1788847330000,1788858032000,1,93.517,37.983,2.462075138877919
1286311379313098752,1788876117000-632578958264631296-1286311379313098752,1788876117000,1788885073000,1,93.489,21.952,4.258791909620991
1545824186436419584,1788859210000-632578958264631296-1545824186436419584,1788859210000,1788867427000,1,93.482,29.552,3.1633053600433136
1132636843020386304,1788910593000-632578958264631296-1132636843020386304,1788910593000,1788920242000,1,93.479,32.121,2.9102145014165184
1126869078934290432,1788876187000-632578958264631296-1126869078934290432,1788876187000,1788884730000,1,93.475,18.843,4.9607281218489625
952583803866447872,1788822297000-632578958264631296-952583803866447872,1788822297000,1788834224000,1,93.208,43.724,2.131735431342055
1500145408670695424,1788854897000-632578958264631296-1500145408670695424,1788854897000,1788863454000,1,93.125,16.169,5.75947801348259
944573640047853568,1788886778000-632578958264631296-944573640047853568,1788886778000,1788900519000,1,93.006,19.832,4.689693424768051
1526925618065702912,1788871373000-632578958264631296-1526925618065702912,1788871373000,1788881304000,1,92.79,16.456,5.638672824501702
1046442314819436544,1788833841000-632578958264631296-1046442314819436544,1788833841000,1788842420000,1,92.684,32.631,2.840366522631853
873109579045535744,1788863847000-632578958264631296-873109579045535744,1788863847000,1788870494000,1,92.638,23.981,3.862974855093616
1458037913185943552,1788871550000-632578958264631296-1458037913185943552,1788871550000,1788881197000,1,92.452,15.859,5.829623557601362
1076924285072703488,1788910298000-632578958264631296-1076924285072703488,1788910298000,1788918296000,1,92.375,17.951,5.145952871706312
944573988506435584,1788863270000-632578958264631296-944573988506435584,1788863270000,1788872248000,1,92.267,21.947,4.204082562537021
1299087047838924800,1788823936000-632578958264631296-1299087047838924800,1788823936000,1788832185000,1,92.245,28.523,3.234056726150826
1188192864341852160,1788902398000-632578958264631296-1188192864341852160,1788902398000,1788912246000,1,91.884,35.281,2.6043479493211645
1461772563532218368,1788871624000-632578958264631296-1461772563532218368,1788871624000,1788885033000,1,91.836,51.765,1.7740944653723558
1083726930487803904,1788857309000-632578958264631296-1083726930487803904,1788857309000,1788865407000,1,91.654,34.043,2.69230091355051
873821465244336128,1788833690000-632578958264631296-873821465244336128,1788833690000,1788841778000,1,91.625,30.049,3.0491863289959733
862693652038680576,1788856270000-632578958264631296-862693652038680576,1788856270000,1788866761000,1,91.621,46.813,1.957170016875654
1406586595699589120,1788853674000-632578958264631296-1406586595699589120,1788853674000,1788864349000,1,91.613,44.923,2.03933397146228
1477629723302428672,1788864431000-632578958264631296-1477629723302428672,1788864431000,1788872612000,1,91.567,17.195,5.325210817097993
1081533146517733376,1788867201000-632578958264631296-1081533146517733376,1788867201000,1788876619000,1,91.5,21.624,4.231409544950056
1134877765846171648,1788841133000-632578958264631296-1134877765846171648,1788841133000,1788850329000,1,91.416,19.298,4.737071199087989
780067386190462976,1788824905000-632578958264631296-780067386190462976,1788824905000,1788833110000,1,91.104,19.031,4.787136776837791
932333591893901312,1788870977000-632578958264631296-932333591893901312,1788870977000,1788882360000,1,91.083,39.253,2.320408631187425
935951856658546688,1788828532000-632578958264631296-935951856658546688,1788828532000,1788837932000,1,90.897,38.843,2.3401127616301522
951556794549796864,1788841514000-632578958264631296-951556794549796864,1788841514000,1788850228000,1,90.843,31.543,2.879973369685826
1079796452147855360,1788850595000-632578958264631296-1079796452147855360,1788850595000,1788859628000,1,90.808,26.3,3.4527756653992396
941659394423128064,1788845526000-632578958264631296-941659394423128064,1788845526000,1788853318000,1,90.691,37.906,2.3925236110378307
1464286463544786944,1788844056000-632578958264631296-1464286463544786944,1788844056000,1788852418000,1,90.671,25.793,3.5153336176481993
871730443827806208,1788859163000-632578958264631296-871730443827806208,1788859163000,1788865283000,1,90.571,17.18,5.271885913853318
869954569466019840,1788859204000-632578958264631296-869954569466019840,1788859204000,1788865310000,1,90.492,19.502,4.640139472874577
1073994678560358400,1788843325000-632578958264631296-1073994678560358400,1788843325000,1788852188000,1,90.471,32.071,2.820959745564529
1067775323560476672,1788836043000-632578958264631296-1067775323560476672,1788836043000,1788844602000,1,90.453,25.648,3.526707735495945
787737136659955712,1788859044000-632578958264631296-787737136659955712,1788859044000,1788865221000,1,90.395,16.442,5.4978104853424155
1536014517601828864,1788843106000-632578958264631296-1536014517601828864,1788843106000,1788852234000,1,90.368,32.287,2.7988973890420294
1385305035948163072,1788823880000-632578958264631296-1385305035948163072,1788823880000,1788831720000,1,90.343,16.74,5.396833930704899
1536014744312348672,1788823843000-632578958264631296-1536014744312348672,1788823843000,1788831679000,1,90.306,19.718,4.579876255198296
1536014737035231232,1788823852000-632578958264631296-1536014737035231232,1788823852000,1788831650000,1,90.305,19.189,4.706081609255303
1073663863301341184,1788855275000-632578958264631296-1073663863301341184,1788855275000,1788864195000,1,90.287,33.21,2.718669075579645
1101157025884143616,1788872406000-632578958264631296-1101157025884143616,1788872406000,1788881258000,1,90.092,25.944,3.4725562750539622
873104331912511488,1788911711000-632578958264631296-873104331912511488,1788911711000,1788925485000,1,90.073,37.673,2.390916571549916
787737136659955712,1788849999000-632578958264631296-787737136659955712,1788849999000,1788856005000,1,89.98,15.916,5.653430510178437
1286311379313098752,1788864766000-632578958264631296-1286311379313098752,1788864766000,1788872169000,1,89.92,21.614,4.160266493939114
1536014681523617792,1788866618000-632578958264631296-1536014681523617792,1788866618000,1788873122000,1,89.693,31.6,2.838386075949367
862693652038680576,1788843520000-632578958264631296-862693652038680576,1788843520000,1788853707000,1,89.673,38.677,2.318509708612354
942469061864849408,1788863150000-632578958264631296-942469061864849408,1788863150000,1788870274000,1,89.194,20.523,4.3460507723042445
1294704486559776768,1788866603000-632578958264631296-1294704486559776768,1788866603000,1788875441000,1,89.099,22.783,3.9107667998068734
1050037424450699264,1788866640000-632578958264631296-1050037424450699264,1788866640000,1788875625000,1,89.077,24.727,3.60241840902657
1505944797024616448,1788869830000-632578958264631296-1505944797024616448,1788869830000,1788877326000,1,89.049,19.221,4.632901513969097
1083016936570224640,1788855110000-632578958264631296-1083016936570224640,1788855110000,1788864271000,1,88.991,31.512,2.824035288144199
1083726789898928128,1788872087000-632578958264631296-1083726789898928128,1788872087000,1788882910000,1,88.932,41.241,2.156397759511166
1060630916881186816,1788874593000-632578958264631296-1060630916881186816,1788874593000,1788883811000,1,88.8,36.856,2.4093770349468198
1046442314819436544,1788870080000-632578958264631296-1046442314819436544,1788870080000,1788881035000,1,88.76,37.566,2.3627748495980407
1525559056574447616,1788845458000-632578958264631296-1525559056574447616,1788845458000,1788853765000,1,88.758,29.606,2.997973383773559
947104748366987264,1788870645000-632578958264631296-947104748366987264,1788870645000,1788879512000,1,88.088,26.003,3.3876091220243816
939141093658722304,1788865784000-632578958264631296-939141093658722304,1788865784000,1788874226000,1,87.952,33.356,2.6367669984410598
1049341310072258560,1788836886000-632578958264631296-1049341310072258560,1788836886000,1788847466000,1,87.836,39.831,2.2052170420024604
1540361293100220416,1788827649000-632578958264631296-1540361293100220416,1788827649000,1788834719000,1,87.639,27.878,3.1436616686993326
1536397466075660288,1788824639000-632578958264631296-1536397466075660288,1788824639000,1788833248000,1,87.628,34.559,2.5356057756300823
1079795397515280384,1788844317000-632578958264631296-1079795397515280384,1788844317000,1788851701000,1,87.605,19.969,4.387049927387451
1536014543027699712,1788825464000-632578958264631296-1536014543027699712,1788825464000,1788833430000,1,87.462,32.353,2.703365993880011
1536014625517076480,1788861719000-632578958264631296-1536014625517076480,1788861719000,1788868710000,1,87.304,30.418,2.8701426786770994
1476549765217910784,1788867783000-632578958264631296-1476549765217910784,1788867783000,1788875886000,1,87.287,31.566,2.765222074383831
942723675356921856,1788854837000-632578958264631296-942723675356921856,1788854837000,1788862935000,1,87.14,31.843,2.7365512043463243
1396881508228136960,1788828392000-632578958264631296-1396881508228136960,1788828392000,1788836252000,1,87.024,31.538,2.759337941530852
947104748366987264,1788846871000-632578958264631296-947104748366987264,1788846871000,1788859726000,1,86.895,23.494,3.698603898867796
1501933614227521536,1788911522000-632578958264631296-1501933614227521536,1788911522000,1788919563000,1,86.845,36.0,2.412361111111111
1153273376152748032,1788832446000-632578958264631296-1153273376152748032,1788832446000,1788840103000,1,86.767,27.61,3.1425932633103946
1094588896550846464,1788853340000-632578958264631296-1094588896550846464,1788853340000,1788863410000,1,86.643,38.431,2.254508079415056
1389243774684626944,1788866623000-632578958264631296-1389243774684626944,1788866623000,1788874720000,1,86.447,25.358,3.409062228882404
1505944797024616448,1788878470000-632578958264631296-1505944797024616448,1788878470000,1788885275000,1,86.403,17.904,4.825904825737266
1389243940330274816,1788844328000-632578958264631296-1389243940330274816,1788844328000,1788851965000,1,86.222,26.397,3.266356025305906
1070370579279773696,1788843988000-632578958264631296-1070370579279773696,1788843988000,1788852918000,1,86.127,29.918,2.8787686342669963
1535700301011484672,1788853956000-632578958264631296-1535700301011484672,1788853956000,1788862563000,1,86.02,18.039,4.768557015355618
951557843473924096,1788851325000-632578958264631296-951557843473924096,1788851325000,1788858871000,1,85.883,29.55,2.9063620981387475
932612842287267840,1788859293000-632578958264631296-932612842287267840,1788859293000,1788867388000,1,85.809,29.567,2.902188250414313
946032744595456000,1788836599000-632578958264631296-946032744595456000,1788836599000,1788843798000,1,85.788,30.347,2.826902164958645
1067775063052255232,1788863893000-632578958264631296-1067775063052255232,1788863893000,1788873225000,1,85.713,21.134,4.055692249455853
1067774753596506112,1788851092000-632578958264631296-1067774753596506112,1788851092000,1788861276000,1,85.689,23.327,3.6733827753247303
1458037913185943552,1788838657000-632578958264631296-1458037913185943552,1788838657000,1788845091000,1,85.637,13.326,6.426309470208614
1181865650805538816,1788858456000-632578958264631296-1181865650805538816,1788858456000,1788866043000,1,85.582,16.625,5.1477894736842105
1045646209449984000,1788839656000-632578958264631296-1045646209449984000,1788839656000,1788849413000,1,85.483,39.046,2.189289555908416
946036270407090176,1788910111000-632578958264631296-946036270407090176,1788910111000,1788920037000,1,85.448,51.716,1.6522546213937659
1385305554984894464,1788833347000-632578958264631296-1385305554984894464,1788833347000,1788842011000,1,85.375,32.139,2.6564298826970347
947583099720433664,1788877206000-632578958264631296-947583099720433664,1788877206000,1788886496000,1,85.352,23.238,3.672949479301145
1175796546902425600,1788871432000-632578958264631296-1175796546902425600,1788871432000,1788880543000,1,85.318,36.741,2.3221469203342315
1389244302743306240,1788870302000-632578958264631296-1389244302743306240,1788870302000,1788882283000,1,85.104,36.682,2.320047979935663
1396881382210273280,1788842655000-632578958264631296-1396881382210273280,1788842655000,1788851610000,1,84.808,31.201,2.718118009038172
1536014550107684864,1788859218000-632578958264631296-1536014550107684864,1788859218000,1788866750000,1,84.728,33.09,2.560531882744031
1050037424450699264,1788838115000-632578958264631296-1050037424450699264,1788838115000,1788847414000,1,84.712,40.887,2.071856580331157
1294704486559776768,1788837761000-632578958264631296-1294704486559776768,1788837761000,1788847197000,1,84.61,39.931,2.118905111317022
1428064485414797312,1788854998000-632578958264631296-1428064485414797312,1788854998000,1788862024000,1,84.605,31.091,2.7212054935511887
1157003119578578944,1788908408000-632578958264631296-1157003119578578944,1788908408000,1788916635000,1,84.562,27.571,3.0670632185992526
873101078441230336,1788907013000-632578958264631296-873101078441230336,1788907013000,1788916875000,1,84.504,28.887,2.9253297330979335
862677666426257408,1788830022000-632578958264631296-862677666426257408,1788830022000,1788837266000,1,84.489,13.758,6.141081552551244
935951856658546688,1788874983000-632578958264631296-935951856658546688,1788874983000,1788885030000,1,84.301,35.554,2.3710693592844687
1047649870816477184,1788825608000-632578958264631296-1047649870816477184,1788825608000,1788834061000,1,84.247,31.894,2.6414686147864805
929721011920699392,1788825738000-632578958264631296-929721011920699392,1788825738000,1788834476000,1,84.172,31.581,2.6652734238941136
1545824186436419584,1788843011000-632578958264631296-1545824186436419584,1788843011000,1788851315000,1,83.911,27.414,3.0608813015247684
1482772108667781120,1788833464000-632578958264631296-1482772108667781120,1788833464000,1788841675000,1,83.875,22.18,3.78155996393147
1385305291104452608,1788855192000-632578958264631296-1385305291104452608,1788855192000,1788861674000,1,83.699,21.048,3.976577347016344
1540361293100220416,1788872424000-632578958264631296-1540361293100220416,1788872424000,1788880793000,1,83.682,24.483,3.417963484867051
1152269748554170368,1788840282000-632578958264631296-1152269748554170368,1788840282000,1788850039000,1,83.651,31.242,2.677517444465783
1067767771279917056,1788869378000-632578958264631296-1067767771279917056,1788869378000,1788877213000,1,83.491,15.869,5.261264099817254
862677844923252736,1788854406000-632578958264631296-862677844923252736,1788854406000,1788860936000,1,83.388,22.094,3.7742373495066532
1050036721544069120,1788862849000-632578958264631296-1050036721544069120,1788862849000,1788871087000,1,83.322,24.475,3.4043718079673133
1536014517601828864,1788861014000-632578958264631296-1536014517601828864,1788861014000,1788868683000,1,83.275,27.852,2.989910957920437
1050037336936546304,1788828683000-632578958264631296-1050037336936546304,1788828683000,1788838761000,1,82.954,30.296,2.7381172432004224
1109445504082640896,1788843318000-632578958264631296-1109445504082640896,1788843318000,1788851739000,1,82.9,25.336,3.2720239974739505
1475453057469775872,1788873173000-632578958264631296-1475453057469775872,1788873173000,1788883191000,1,82.878,33.963,2.440243794717781
1350071704793120768,1788875415000-632578958264631296-1350071704793120768,1788875415000,1788884814000,1,82.829,42.25,1.9604497041420117
1389244197004902400,1788874698000-632578958264631296-1389244197004902400,1788874698000,1788883906000,1,82.763,35.171,2.353160274089449
862677844923252736,1788861146000-632578958264631296-862677844923252736,1788861146000,1788867600000,1,82.763,19.157,4.320248473142977
1063501597117513728,1788878873000-632578958264631296-1063501597117513728,1788878873000,1788887651000,1,82.715,27.649,2.991609099786611
946032744595456000,1788820346000-632578958264631296-946032744595456000,1788820346000,1788829281000,1,82.677,34.46,2.3992164828787
1536022277991170048,1788845565000-632578958264631296-1536022277991170048,1788845565000,1788855753000,1,82.596,30.475,2.7102871205906482
1076923321632686080,1788845980000-632578958264631296-1076923321632686080,1788845980000,1788853845000,1,82.482,28.761,2.867841869197872
871730443827806208,1788867064000-632578958264631296-871730443827806208,1788867064000,1788872984000,1,82.4,15.22,5.413929040735874
964169792938311680,1788837607000-632578958264631296-964169792938311680,1788837607000,1788845199000,1,82.204,15.937,5.158059860701512
1475453057469775872,1788892462000-632578958264631296-1475453057469775872,1788892462000,1788899018000,1,82.085,23.983,3.422632698161197
1536014730089463808,1788865350000-632578958264631296-1536014730089463808,1788865350000,1788875860000,1,82.052,37.258,2.2022652853078535
1157003119578578944,1788864030000-632578958264631296-1157003119578578944,1788864030000,1788871473000,1,82.015,25.959,3.1594052159174084
946026878085365760,1788862195000-632578958264631296-946026878085365760,1788862195000,1788868672000,1,82.0,27.938,2.9350705132794044
873101078441230336,1788864072000-632578958264631296-873101078441230336,1788864072000,1788871329000,1,81.973,26.019,3.1505053999000734
1135598313102376960,1788861239000-632578958264631296-1135598313102376960,1788861239000,1788868565000,1,81.881,19.172,4.2708637596494885
1079796452147855360,1788871627000-632578958264631296-1079796452147855360,1788871627000,1788878742000,1,81.836,30.267,2.7038028215548287
1501933614227521536,1788883063000-632578958264631296-1501933614227521536,1788883063000,1788891131000,1,81.628,31.59,2.583982272871162
1087441747748847616,1788826344000-632578958264631296-1087441747748847616,1788826344000,1788836119000,1,81.073,29.262,2.770589843483015
1476549765217910784,1788881568000-632578958264631296-1476549765217910784,1788881568000,1788891325000,1,81.073,36.5,2.2211780821917806
1079095522620342272,1788831188000-632578958264631296-1079095522620342272,1788831188000,1788840711000,1,81.048,47.846,1.6939347071855537
1083727931903049728,1788870871000-632578958264631296-1083727931903049728,1788870871000,1788879930000,1,81.017,26.525,3.0543638077285578
1083728870357598208,1788839504000-632578958264631296-1083728870357598208,1788839504000,1788847296000,1,81.014,33.732,2.401695719198387
1464286677953413120,1788870915000-632578958264631296-1464286677953413120,1788870915000,1788879623000,1,80.99,25.267,3.205366683816836
1175796809117728768,1788870378000-632578958264631296-1175796809117728768,1788870378000,1788878122000,1,80.912,29.39,2.753045253487581
819592403370377216,1788861563000-632578958264631296-819592403370377216,1788861563000,1788868894000,1,80.746,24.38,3.311977030352748
1120316585941139456,1788827478000-632578958264631296-1120316585941139456,1788827478000,1788835210000,1,80.657,33.094,2.4372091617815914
1525559056574447616,1788876367000-632578958264631296-1525559056574447616,1788876367000,1788883993000,1,80.596,26.07,3.091522823168393
1131240373310455808,1788825995000-632578958264631296-1131240373310455808,1788825995000,1788833819000,1,80.576,29.543,2.7274142774938226
946025328671719424,1788842233000-632578958264631296-946025328671719424,1788842233000,1788850195000,1,80.5,38.512,2.0902575820523475
787737136659955712,1788867070000-632578958264631296-787737136659955712,1788867070000,1788872729000,1,80.25,14.612,5.492061319463454
1083728870357598208,1788881472000-632578958264631296-1083728870357598208,1788881472000,1788889752000,1,80.247,28.524,2.813315103071098
1050037424450699264,1788851246000-632578958264631296-1050037424450699264,1788851246000,1788859082000,1,80.176,31.838,2.5182486337081476
786545248472924160,1788825167000-632578958264631296-786545248472924160,1788825167000,1788834562000,1,80.162,33.242,2.411467420732808
1537822792169291776,1788857233000-632578958264631296-1537822792169291776,1788857233000,1788865694000,1,80.153,31.51,2.543732148524278
1294704486559776768,1788851202000-632578958264631296-1294704486559776768,1788851202000,1788859160000,1,80.134,31.18,2.570044900577293
933416236518211584,1788868202000-632578958264631296-933416236518211584,1788868202000,1788875359000,1,80.027,23.195,3.450183229144212
1094226815196594176,1788843962000-632578958264631296-1094226815196594176,1788843962000,1788851012000,1,79.995,22.402,3.5708865279885726
1175796809117728768,1788828025000-632578958264631296-1175796809117728768,1788828025000,1788835279000,1,79.988,36.996,2.1620715753054385
1173302979768352768,1788821188000-632578958264631296-1173302979768352768,1788821188000,1788828968000,1,79.935,33.026,2.4203657724217282
932333591893901312,1788817689000-632578958264631296-932333591893901312,1788817689000,1788830431000,1,79.92,45.004,1.7758421473646788
1083729038846984192,1788857823000-632578958264631296-1083729038846984192,1788857823000,1788865457000,1,79.808,28.419,2.8082620781871284
1364616390270517248,1788839408000-632578958264631296-1364616390270517248,1788839408000,1788852906000,1,79.764,43.186,1.8469874496364562
1089902742123577344,1788839986000-632578958264631296-1089902742123577344,1788839986000,1788847559000,1,79.761,30.517,2.6136579611364157
946032744595456000,1788907535000-632578958264631296-946032744595456000,1788907535000,1788915411000,1,79.658,31.543,2.52537805535301
1067774958987378688,1788875009000-632578958264631296-1067774958987378688,1788875009000,1788883747000,1,79.63,29.661,2.6846701055257745
939141093658722304,1788879387000-632578958264631296-939141093658722304,1788879387000,1788887366000,1,79.607,27.576,2.8868218740934144
818154714091749376,1788840136000-632578958264631296-818154714091749376,1788840136000,1788848874000,1,79.564,31.41,2.533078637376631
1131239834900234240,1788875034000-632578958264631296-1131239834900234240,1788875034000,1788883813000,1,79.563,33.694,2.3613402979759006
1152269748554170368,1788823894000-632578958264631296-1152269748554170368,1788823894000,1788832028000,1,79.52,24.881,3.1960130219846468
996809766619578368,1788838648000-632578958264631296-996809766619578368,1788838648000,1788847389000,1,79.507,37.407,2.125457802015666
1067765133431799808,1788825430000-632578958264631296-1067765133431799808,1788825430000,1788833975000,1,79.498,33.926,2.3432765430643165
951561875261227008,1788888437000-632578958264631296-951561875261227008,1788888437000,1788895964000,1,79.48,16.945,4.690469164945412
879404563604439040,1788857099000-632578958264631296-879404563604439040,1788857099000,1788866684000,1,79.25,22.562,3.5125432142540554
1072572023244324864,1788853043000-632578958264631296-1072572023244324864,1788853043000,1788859822000,1,79.179,16.103,4.917034093026144
794219272623620096,1788853068000-632578958264631296-794219272623620096,1788853068000,1788859744000,1,79.146,13.133,6.026498134470419
800361869549240320,1788833123000-632578958264631296-800361869549240320,1788833123000,1788842117000,1,79.062,41.471,1.906440645270189
1181299462874595328,1788863211000-632578958264631296-1181299462874595328,1788863211000,1788869951000,1,79.043,21.048,3.755368681109845
1501933614227521536,1788869277000-632578958264631296-1501933614227521536,1788869277000,1788875614000,1,79.039,22.234,3.5548709184132408
1385305291104452608,1788848651000-632578958264631296-1385305291104452608,1788848651000,1788855071000,1,78.804,24.682,3.192772060610972
1126571257152667648,1788840214000-632578958264631296-1126571257152667648,1788840214000,1788847852000,1,78.769,23.065,3.4150877953609364
879404563604439040,1788873084000-632578958264631296-879404563604439040,1788873084000,1788882243000,1,78.622,22.894,3.434174892985062
1593330774109585408,1788837186000-632578958264631296-1593330774109585408,1788837186000,1788844348000,1,78.552,25.096,3.1300605674211033
1120316585941139456,1788840447000-632578958264631296-1120316585941139456,1788840447000,1788848531000,1,78.517,29.21,2.6880178021225607
1088512574191828992,1788836437000-632578958264631296-1088512574191828992,1788836437000,1788843126000,1,78.5,15.509,5.061577148752337
1050036019790872576,1788865946000-632578958264631296-1050036019790872576,1788865946000,1788872489000,1,78.483,26.665,2.943296456028502
929717117048061952,1788888642000-632578958264631296-929717117048061952,1788888642000,1788895432000,1,78.483,17.577,4.465096432838368
1464286677953413120,1788856499000-632578958264631296-1464286677953413120,1788856499000,1788864417000,1,78.451,28.0,2.8018214285714285
1079795397515280384,1788877194000-632578958264631296-1079795397515280384,1788877194000,1788883998000,1,78.31,18.352,4.267109851787271
944574738938724352,1788911730000-632578958264631296-944574738938724352,1788911730000,1788921622000,1,78.297,16.585,4.72095266807356
1536427445069021184,1788821799000-632578958264631296-1536427445069021184,1788821799000,1788829680000,1,78.289,36.742,2.1307767677317515
1067765189559975936,1788879582000-632578958264631296-1067765189559975936,1788879582000,1788887713000,1,78.192,15.808,4.946356275303644
1537822792169291776,1788908012000-632578958264631296-1537822792169291776,1788908012000,1788914632000,1,78.142,25.447,3.070774551027626
1067793936933715968,1788871321000-632578958264631296-1067793936933715968,1788871321000,1788878587000,1,78.125,41.792,1.86937691424196
1088168906306093056,1788849174000-632578958264631296-1088168906306093056,1788849174000,1788856666000,1,77.609,30.558,2.539727730872439
1079444806125486080,1788869556000-632578958264631296-1079444806125486080,1788869556000,1788879938000,1,77.608,29.231,2.6549895658718485
787647951882158080,1788860489000-632578958264631296-787647951882158080,1788860489000,1788868521000,1,77.496,26.929,2.877789743399309
798605218047590400,1788841893000-632578958264631296-798605218047590400,1788841893000,1788848909000,1,77.305,24.355,3.1740915623075345
939545725614686208,1788911032000-632578958264631296-939545725614686208,1788911032000,1788919065000,1,77.159,28.075,2.748317008014248
1101157025884143616,1788837056000-632578958264631296-1101157025884143616,1788837056000,1788843623000,1,77.118,22.398,3.4430752745780873
942426738309201920,1788883251000-632578958264631296-942426738309201920,1788883251000,1788894288000,1,77.044,16.406,4.6960867975131055
1131239834900234240,1788845979000-632578958264631296-1131239834900234240,1788845979000,1788852483000,1,77.009,25.906,2.9726318227437663
1083727517765861376,1788876919000-632578958264631296-1083727517765861376,1788876919000,1788882750000,1,77.0,14.785,5.207981061887048
1083726930487803904,1788848699000-632578958264631296-1083726930487803904,1788848699000,1788856482000,1,76.856,25.75,2.9846990291262134
1083728919393206272,1788873879000-632578958264631296-1083728919393206272,1788873879000,1788884376000,1,76.741,39.825,1.9269554300062772
1088512574191828992,1788877128000-632578958264631296-1088512574191828992,1788877128000,1788883188000,1,76.5,13.987,5.469364409809108
971379691866816512,1788850788000-632578958264631296-971379691866816512,1788850788000,1788857399000,1,76.434,27.735,2.755868036776636
1072572023244324864,1788862048000-632578958264631296-1072572023244324864,1788862048000,1788868959000,1,76.41,14.487,5.274383930420377
794219272623620096,1788862026000-632578958264631296-794219272623620096,1788862026000,1788868995000,1,76.385,12.807,5.964316389474506
1113484110199783424,1788853917000-632578958264631296-1113484110199783424,1788853917000,1788860960000,1,76.294,16.757,4.552962940860535
1067775012183736320,1788869007000-632578958264631296-1067775012183736320,1788869007000,1788876691000,1,76.146,19.413,3.9224231185288208
1088168906306093056,1788856671000-632578958264631296-1088168906306093056,1788856671000,1788864302000,1,76.11,26.2,2.9049618320610686
1536014517601828864,1788871621000-632578958264631296-1536014517601828864,1788871621000,1788879299000,1,76.045,21.795,3.4891030052764394
1397607641592627200,1788866939000-632578958264631296-1397607641592627200,1788866939000,1788873672000,1,75.942,13.364,5.682580065848548
1464286463544786944,1788854979000-632578958264631296-1464286463544786944,1788854979000,1788861523000,1,75.894,21.437,3.5403274711946633
1536014609964597248,1788830339000-632578958264631296-1536014609964597248,1788830339000,1788836910000,1,75.785,24.498,3.0935178381908726
1079444806125486080,1788830663000-632578958264631296-1079444806125486080,1788830663000,1788837136000,1,75.784,23.73,3.1935946059839866
1083728870357598208,1788830443000-632578958264631296-1083728870357598208,1788830443000,1788837632000,1,75.715,25.312,2.9912689633375473
947925198747729920,1788832933000-632578958264631296-947925198747729920,1788832933000,1788838402000,1,75.687,21.972,3.444702348443473
946027472992862208,1788866788000-632578958264631296-946027472992862208,1788866788000,1788874199000,1,75.673,26.387,2.86781369613825
1396881232180019200,1788829493000-632578958264631296-1396881232180019200,1788829493000,1788837850000,1,75.66,12.809,5.90678429229448
1462138214197231616,1788827783000-632578958264631296-1462138214197231616,1788827783000,1788834788000,1,75.637,26.608,2.842641310883945
931938734016823296,1788855955000-632578958264631296-931938734016823296,1788855955000,1788863355000,1,75.493,29.066,2.597295809536916
1536014550107684864,1788841867000-632578958264631296-1536014550107684864,1788841867000,1788848119000,1,75.489,25.583,2.9507485439549703
940983317312831488,1788839218000-632578958264631296-940983317312831488,1788839218000,1788845729000,1,75.481,22.988,3.283495736906212
939546232131420160,1788850584000-632578958264631296-939546232131420160,1788850584000,1788858551000,1,75.451,34.611,2.1799716853023603
1073994678560358400,1788871520000-632578958264631296-1073994678560358400,1788871520000,1788878125000,1,75.45,24.947,3.0244117529161825
939546576563470336,1788850744000-632578958264631296-939546576563470336,1788850744000,1788858754000,1,75.42,34.206,2.204876337484652
1536014723353411584,1788865280000-632578958264631296-1536014723353411584,1788865280000,1788873957000,1,75.392,33.17,2.272897196261682
1396880990281924608,1788853413000-632578958264631296-1396880990281924608,1788853413000,1788861406000,1,75.38,31.197,2.416257973523095
932613192947859456,1788829332000-632578958264631296-932613192947859456,1788829332000,1788835778000,1,75.374,16.719,4.50828398827681
939547018001383424,1788830924000-632578958264631296-939547018001383424,1788830924000,1788837460000,1,75.373,34.248,2.2008000467180566
1489984398731247616,1788858171000-632578958264631296-1489984398731247616,1788858171000,1788865260000,1,75.372,30.33,2.4850642927794264
1525559056574447616,1788829355000-632578958264631296-1525559056574447616,1788829355000,1788835479000,1,75.245,19.783,3.803518172168023
1067765309810671616,1788828945000-632578958264631296-1067765309810671616,1788828945000,1788835930000,1,75.073,20.969,3.580189803996375
1071826388769570816,1788873154000-632578958264631296-1071826388769570816,1788873154000,1788882231000,1,75.021,18.241,4.112767940354147
1536014625517076480,1788834272000-632578958264631296-1536014625517076480,1788834272000,1788842086000,1,75.013,29.633,2.531400803158641
947925198747729920,1788825726000-632578958264631296-947925198747729920,1788825726000,1788832030000,1,74.796,23.908,3.128492554793375
792451146961649664,1788879576000-632578958264631296-792451146961649664,1788879576000,1788886944000,1,74.734,20.354,3.6717107202515473
1083728919393206272,1788848325000-632578958264631296-1083728919393206272,1788848325000,1788856222000,1,74.521,25.097,2.9693190421165876
1067765133431799808,1788869120000-632578958264631296-1067765133431799808,1788869120000,1788876979000,1,74.404,24.962,2.980690649787677
862677844923252736,1788910936000-632578958264631296-862677844923252736,1788910936000,1788918310000,1,74.386,25.909,2.8710486703462115
1050037591694376960,1788842274000-632578958264631296-1050037591694376960,1788842274000,1788849045000,1,74.029,18.374,4.029008381408512
873821465244336128,1788846282000-632578958264631296-873821465244336128,1788846282000,1788852790000,1,73.961,27.57,2.6826623141095394
1046752835124854784,1788828580000-632578958264631296-1046752835124854784,1788828580000,1788835170000,1,73.937,27.929,2.6473199899745783
1406228892573761536,1788857166000-632578958264631296-1406228892573761536,1788857166000,1788863204000,1,73.832,23.737,3.1104183342461136
1268615233111326720,1788854035000-632578958264631296-1268615233111326720,1788854035000,1788860565000,1,73.736,29.776,2.476356797420742
942436996423352320,1788833256000-632578958264631296-942436996423352320,1788833256000,1788841091000,1,73.7,22.251,3.312210687160128
1049341310072258560,1788820603000-632578958264631296-1049341310072258560,1788820603000,1788827469000,1,73.615,25.846,2.8482163584307045
1157003119578578944,1788841042000-632578958264631296-1157003119578578944,1788841042000,1788847406000,1,73.462,21.288,3.4508643367155205
873101078441230336,1788841075000-632578958264631296-873101078441230336,1788841075000,1788847143000,1,73.413,20.518,3.577980309971732
1181299462874595328,1788846911000-632578958264631296-1181299462874595328,1788846911000,1788852655000,1,73.324,17.626,4.1599909225008505
1536397466075660288,1788845362000-632578958264631296-1536397466075660288,1788845362000,1788852423000,1,73.103,26.53,2.755484357331323
1536022277991170048,1788857447000-632578958264631296-1536022277991170048,1788857447000,1788866809000,1,73.058,25.117,2.908707250069674
1475453376262045696,1788872032000-632578958264631296-1475453376262045696,1788872032000,1788882489000,1,73.027,31.666,2.306164340301901
940988876032311296,1788861896000-632578958264631296-940988876032311296,1788861896000,1788868727000,1,72.94,18.099,4.0300569092215035
1478819140813717504,1788862086000-632578958264631296-1478819140813717504,1788862086000,1788869900000,1,72.82,21.492,3.38823748371487
1111626569580806144,1788860123000-632578958264631296-1111626569580806144,1788860123000,1788869389000,1,72.35,14.683,4.927467138868078
1073994678560358400,1788880991000-632578958264631296-1073994678560358400,1788880991000,1788887654000,1,72.233,23.351,3.0933578861718987
1536014517601828864,1788880944000-632578958264631296-1536014517601828864,1788880944000,1788887764000,1,72.23,22.391,3.2258496717431115
929711155667009536,1788851931000-632578958264631296-929711155667009536,1788851931000,1788859837000,1,72.108,28.874,2.4973332409780427
1536014577374855168,1788850249000-632578958264631296-1536014577374855168,1788850249000,1788857789000,1,72.056,28.692,2.5113620521399693
873821465244336128,1788825347000-632578958264631296-873821465244336128,1788825347000,1788831558000,1,72.056,28.202,2.5549960995674064
1088485622458351616,1788843362000-632578958264631296-1088485622458351616,1788843362000,1788851005000,1,72.0,31.26,2.3032629558541267
1079444806125486080,1788845959000-632578958264631296-1079444806125486080,1788845959000,1788852326000,1,71.913,15.913,4.519135298183874
1087441747748847616,1788848062000-632578958264631296-1087441747748847616,1788848062000,1788853405000,1,71.794,19.549,3.6725152181697274
1422205318414204928,1788837483000-632578958264631296-1422205318414204928,1788837483000,1788845414000,1,71.722,23.22,3.0888027562446165
1464286463544786944,1788865154000-632578958264631296-1464286463544786944,1788865154000,1788870997000,1,71.626,23.807,3.0086109127567524
1536014517601828864,1788828186000-632578958264631296-1536014517601828864,1788828186000,1788834762000,1,71.585,28.215,2.5371256423888
1079796452147855360,1788828929000-632578958264631296-1079796452147855360,1788828929000,1788835699000,1,71.531,19.375,3.6919225806451617
873104331912511488,1788829555000-632578958264631296-873104331912511488,1788829555000,1788838096000,1,71.505,23.195,3.082776460444061
1540361729291059200,1788848130000-632578958264631296-1540361729291059200,1788848130000,1788854690000,1,71.448,22.175,3.222006764374295
1063501597117513728,1788871782000-632578958264631296-1063501597117513728,1788871782000,1788878866000,1,71.36,22.79,3.131197893813076
1083728870357598208,1788871053000-632578958264631296-1083728870357598208,1788871053000,1788877355000,1,70.957,22.932,3.0942351299494155
1063501597117513728,1788846575000-632578958264631296-1063501597117513728,1788846575000,1788855867000,1,70.716,32.608,2.1686702649656526
1126571257152667648,1788851593000-632578958264631296-1126571257152667648,1788851593000,1788858820000,1,70.588,21.673,3.256955659115028
1536014543027699712,1788846367000-632578958264631296-1536014543027699712,1788846367000,1788852267000,1,70.572,23.489,3.0044701775299076
1067776196789403648,1788840637000-632578958264631296-1067776196789403648,1788840637000,1788847213000,1,70.527,27.593,2.5559743413184504
1462138214197231616,1788840317000-632578958264631296-1462138214197231616,1788840317000,1788848051000,1,70.515,28.987,2.4326422189257255
1126571257152667648,1788868395000-632578958264631296-1126571257152667648,1788868395000,1788875135000,1,70.495,21.239,3.3191299025377843
1536014556927623168,1788872511000-632578958264631296-1536014556927623168,1788872511000,1788879646000,1,70.487,15.451,4.561970099022717
1536014758619119616,1788842526000-632578958264631296-1536014758619119616,1788842526000,1788848754000,1,70.442,20.119,3.5012674586212036
1065321017443876864,1788846435000-632578958264631296-1065321017443876864,1788846435000,1788852799000,1,70.349,29.192,2.409872567826802
1505944797024616448,1788859899000-632578958264631296-1505944797024616448,1788859899000,1788867187000,1,70.283,15.985,4.3968095089146075
1389243774684626944,1788848970000-632578958264631296-1389243774684626944,1788848970000,1788856271000,1,70.262,24.352,2.885266097240473
1398705978894974976,1788877658000-632578958264631296-1398705978894974976,1788877658000,1788884756000,1,70.075,23.857,2.9372930376828608
996808469547843584,1788844403000-632578958264631296-996808469547843584,1788844403000,1788852941000,1,70.011,15.217,4.600841164487086
1109445504082640896,1788856990000-632578958264631296-1109445504082640896,1788856990000,1788864571000,1,69.9,26.5,2.637735849056604
931856805720489984,1788837584000-632578958264631296-931856805720489984,1788837584000,1788845110000,1,69.723,24.892,2.8010204081632653
1536014618822967296,1788875170000-632578958264631296-1536014618822967296,1788875170000,1788881804000,1,69.575,24.085,2.888727423707702
1422205425331208192,1788875325000-632578958264631296-1422205425331208192,1788875325000,1788882188000,1,69.489,23.746,2.926345489766698
1406586595699589120,1788843425000-632578958264631296-1406586595699589120,1788843425000,1788850765000,1,69.344,41.134,1.685807361306948
1464286677953413120,1788845360000-632578958264631296-1464286677953413120,1788845360000,1788852266000,1,69.336,27.601,2.512082895547263
1050037424450699264,1788822593000-632578958264631296-1050037424450699264,1788822593000,1788832064000,1,69.233,27.325,2.533687099725526
1294704486559776768,1788823732000-632578958264631296-1294704486559776768,1788823732000,1788831906000,1,69.176,24.306,2.846046243725829
1067765389137543168,1788867657000-632578958264631296-1067765389137543168,1788867657000,1788877182000,1,68.951,30.203,2.2829189153395357
1083727517765861376,1788883901000-632578958264631296-1083727517765861376,1788883901000,1788894084000,1,68.786,31.078,2.2133341913894076
800026217909583872,1788841070000-632578958264631296-800026217909583872,1788841070000,1788857023000,1,68.733,29.607,2.3215118046407945
926578486859005952,1788863835000-632578958264631296-926578486859005952,1788863835000,1788870065000,1,68.665,26.124,2.628425968458123
873109579045535744,1788876957000-632578958264631296-873109579045535744,1788876957000,1788882865000,1,68.663,19.321,3.5538015630660933
1067772524470730752,1788910910000-632578958264631296-1067772524470730752,1788910910000,1788916661000,1,68.637,20.934,3.2787331613642876
1536014667858575360,1788910857000-632578958264631296-1536014667858575360,1788910857000,1788918853000,1,68.504,14.12,4.851558073654392
1268615019327651840,1788871920000-632578958264631296-1268615019327651840,1788871920000,1788879146000,1,68.421,23.417,2.921851646239911
1050037649940676608,1788837469000-632578958264631296-1050037649940676608,1788837469000,1788844327000,1,68.419,36.754,1.8615388801218915
1101157025884143616,1788855480000-632578958264631296-1101157025884143616,1788855480000,1788861398000,1,68.288,19.5,3.501948717948718
1153273602804547584,1788890994000-632578958264631296-1153273602804547584,1788890994000,1788898170000,1,68.272,14.77,4.622342586323629
971379691866816512,1788831826000-632578958264631296-971379691866816512,1788831826000,1788840071000,1,68.233,30.956,2.2041930481974417
1050037424450699264,1788879026000-632578958264631296-1050037424450699264,1788879026000,1788885983000,1,68.168,23.486,2.9024951034658946
1152269748554170368,1788860909000-632578958264631296-1152269748554170368,1788860909000,1788867517000,1,68.154,19.523,3.4909593812426367
819592403370377216,1788832119000-632578958264631296-819592403370377216,1788832119000,1788837805000,1,68.025,19.673,3.4577847811721654
1422205318414204928,1788860776000-632578958264631296-1422205318414204928,1788860776000,1788867684000,1,67.966,28.5,2.384771929824561
931856805720489984,1788869575000-632578958264631296-931856805720489984,1788869575000,1788875487000,1,67.945,26.707,2.5440895645336425
1289307004661137408,1788837507000-632578958264631296-1289307004661137408,1788837507000,1788844126000,1,67.929,21.844,3.1097326496978575
1067776196789403648,1788833370000-632578958264631296-1067776196789403648,1788833370000,1788839807000,1,67.864,25.577,2.653321343394456
946025653910634496,1788856730000-632578958264631296-946025653910634496,1788856730000,1788862291000,1,67.734,23.283,2.9091611905682253
947104748366987264,1788881414000-632578958264631296-947104748366987264,1788881414000,1788887946000,1,67.484,14.01,4.81684511063526
1134877765846171648,1788852899000-632578958264631296-1134877765846171648,1788852899000,1788859571000,1,67.464,13.617,4.954395241242564
1289307004661137408,1788875059000-632578958264631296-1289307004661137408,1788875059000,1788881451000,1,67.456,20.484,3.2931068150751805
1268615233111326720,1788844376000-632578958264631296-1268615233111326720,1788844376000,1788850738000,1,67.442,30.167,2.235621705837504
1398705978894974976,1788909092000-632578958264631296-1398705978894974976,1788909092000,1788915383000,1,67.23,21.8,3.0839449541284405
1385588816730914816,1788875886000-632578958264631296-1385588816730914816,1788875886000,1788882811000,1,67.219,24.449,2.749355801873287
1536014563953082368,1788849253000-632578958264631296-1536014563953082368,1788849253000,1788854251000,1,67.096,14.192,4.727733934611049
1299087047838924800,1788846652000-632578958264631296-1299087047838924800,1788846652000,1788853735000,1,67.072,25.418,2.638759933905107
1083728582527680512,1788910832000-632578958264631296-1083728582527680512,1788910832000,1788918654000,1,66.989,14.713,4.553048324610889
1536014618822967296,1788885257000-632578958264631296-1536014618822967296,1788885257000,1788890990000,1,66.937,22.702,2.9485067394943174
1093087265762050048,1788856358000-632578958264631296-1093087265762050048,1788856358000,1788862885000,1,66.934,11.244,5.952863749555318
1422205425331208192,1788885307000-632578958264631296-1422205425331208192,1788885307000,1788891212000,1,66.929,21.706,3.083433152123837
1083728919393206272,1788865770000-632578958264631296-1083728919393206272,1788865770000,1788871942000,1,66.914,21.376,3.130333083832335
1088512574191828992,1788846197000-632578958264631296-1088512574191828992,1788846197000,1788851473000,1,66.9,12.589,5.314163158312813
1093087738300727296,1788856389000-632578958264631296-1093087738300727296,1788856389000,1788862866000,1,66.897,12.796,5.227961863082214
1083040452048846848,1788837997000-632578958264631296-1083040452048846848,1788837997000,1788847523000,1,66.828,29.965,2.230201902219256
939547018001383424,1788871381000-632578958264631296-939547018001383424,1788871381000,1788876876000,1,66.595,26.0,2.561346153846154
1073201833905750016,1788841635000-632578958264631296-1073201833905750016,1788841635000,1788851273000,1,66.551,23.546,2.8264248704663215
946027472992862208,1788842793000-632578958264631296-946027472992862208,1788842793000,1788848355000,1,66.525,20.954,3.174811491839267
1073663863301341184,1788843160000-632578958264631296-1073663863301341184,1788843160000,1788849923000,1,66.356,22.383,2.9645713264531115
1505916014645215232,1788835932000-632578958264631296-1505916014645215232,1788835932000,1788841326000,1,66.209,19.164,3.454863285326654
1536014550107684864,1788853744000-632578958264631296-1536014550107684864,1788853744000,1788858939000,1,66.163,22.137,2.988797036635497
1060630916881186816,1788860190000-632578958264631296-1060630916881186816,1788860190000,1788866090000,1,66.0,30.759,2.1457134497220327
1067774958987378688,1788824767000-632578958264631296-1067774958987378688,1788824767000,1788830973000,1,65.945,21.47,3.0714951094550536
1131239834900234240,1788824810000-632578958264631296-1131239834900234240,1788824810000,1788830951000,1,65.94,23.683,2.784275640754972
1105915143314735104,1788876478000-632578958264631296-1105915143314735104,1788876478000,1788883469000,1,65.791,27.667,2.37795930169516
1060630916881186816,1788844394000-632578958264631296-1060630916881186816,1788844394000,1788855244000,1,65.6,36.743,1.7853740848597008
866648852977942528,1788854778000-632578958264631296-866648852977942528,1788854778000,1788860449000,1,65.449,18.004,3.6352477227282822
1464283595349688320,1788841072000-632578958264631296-1464283595349688320,1788841072000,1788845917000,1,65.438,23.833,2.7456887508916212
931938734016823296,1788866427000-632578958264631296-931938734016823296,1788866427000,1788873292000,1,65.415,30.722,2.1292559078185014
870568761881526272,1788861963000-632578958264631296-870568761881526272,1788861963000,1788867605000,1,65.408,18.443,3.5464946049991863
1405141042860130304,1788836566000-632578958264631296-1405141042860130304,1788836566000,1788845112000,1,65.346,12.895,5.067545560294688
1157003119578578944,1788848193000-632578958264631296-1157003119578578944,1788848193000,1788853874000,1,65.176,18.286,3.564256808487367
1131972366507704320,1788850673000-632578958264631296-1131972366507704320,1788850673000,1788856653000,1,65.164,22.016,2.9598473837209305
1045646209449984000,1788872914000-632578958264631296-1045646209449984000,1788872914000,1788878888000,1,65.101,23.92,2.7216137123745816
1047649870816477184,1788872914000-632578958264631296-1047649870816477184,1788872914000,1788878879000,1,65.085,24.506,2.6558801926058924
873101078441230336,1788848335000-632578958264631296-873101078441230336,1788848335000,1788853971000,1,65.074,18.435,3.529915920802821
1083016936570224640,1788849202000-632578958264631296-1083016936570224640,1788849202000,1788855106000,1,64.937,27.084,2.3976148279426965
1385305291104452608,1788863852000-632578958264631296-1385305291104452608,1788863852000,1788871715000,1,64.891,30.553,2.1238830884037574
1067775012183736320,1788861254000-632578958264631296-1067775012183736320,1788861254000,1788866865000,1,64.827,19.631,3.3022770108501858
1061350361924632576,1788835372000-632578958264631296-1061350361924632576,1788835372000,1788845551000,1,64.749,35.929,1.8021375490550806
1079795397515280384,1788884287000-632578958264631296-1079795397515280384,1788884287000,1788892932000,1,64.717,22.577,2.8665013066395
1067775012183736320,1788826846000-632578958264631296-1067775012183736320,1788826846000,1788832574000,1,64.667,24.504,2.6390385243225594
946036270407090176,1788839601000-632578958264631296-946036270407090176,1788839601000,1788847760000,1,64.608,31.782,2.0328487823296206
1050036721544069120,1788826247000-632578958264631296-1050036721544069120,1788826247000,1788833491000,1,64.598,27.16,2.378424153166421
1047649870816477184,1788839751000-632578958264631296-1047649870816477184,1788839751000,1788847057000,1,64.493,30.856,2.0901283380865956
1132636252537880576,1788844537000-632578958264631296-1132636252537880576,1788844537000,1788850648000,1,64.463,15.621,4.126688432238653
951556794549796864,1788855149000-632578958264631296-951556794549796864,1788855149000,1788862348000,1,64.184,25.707,2.4967518574707275
1050781532765028352,1788839394000-632578958264631296-1050781532765028352,1788839394000,1788848839000,1,64.097,24.689,2.5961764348495278
951556794549796864,1788827225000-632578958264631296-951556794549796864,1788827225000,1788833550000,1,64.017,27.753,2.30666954923792
1428033112889098240,1788910332000-632578958264631296-1428033112889098240,1788910332000,1788916341000,1,63.949,13.003,4.918018918711066
931856805720489984,1788861975000-632578958264631296-931856805720489984,1788861975000,1788869387000,1,63.9,36.459,1.7526536657615401
916722872880201728,1788829825000-632578958264631296-916722872880201728,1788829825000,1788836882000,1,63.894,12.972,4.925531914893617
1476549608761982976,1788866918000-632578958264631296-1476549608761982976,1788866918000,1788876159000,1,63.803,32.0,1.99384375
1535700301011484672,1788828163000-632578958264631296-1535700301011484672,1788828163000,1788835078000,1,63.785,21.227,3.0048994205493003
1144224275478085632,1788868203000-632578958264631296-1144224275478085632,1788868203000,1788874231000,1,63.755,15.313,4.163455887154705
929731076446748672,1788847476000-632578958264631296-929731076446748672,1788847476000,1788854484000,1,63.5,27.772,2.28647558692208
970288452387995648,1788878198000-632578958264631296-970288452387995648,1788878198000,1788884390000,1,63.396,22.814,2.7788200227930218
787647951882158080,1788839821000-632578958264631296-787647951882158080,1788839821000,1788846629000,1,63.394,29.395,2.1566252764075524
1088512574191828992,1788884612000-632578958264631296-1088512574191828992,1788884612000,1788891493000,1,63.3,17.316,3.6555786555786556
946027472992862208,1788853519000-632578958264631296-946027472992862208,1788853519000,1788859418000,1,63.288,19.474,3.2498716237033993
1406229042385911808,1788846812000-632578958264631296-1406229042385911808,1788846812000,1788852244000,1,63.267,15.467,4.090450636839724
1132636252537880576,1788826070000-632578958264631296-1132636252537880576,1788826070000,1788832315000,1,63.01,15.186,4.149216383511129
1536014758619119616,1788835159000-632578958264631296-1536014758619119616,1788835159000,1788840387000,1,62.985,15.846,3.9748201438848922
1536014625517076480,1788825701000-632578958264631296-1536014625517076480,1788825701000,1788831766000,1,62.977,25.529,2.4668808022249205
1475453057469775872,1788857160000-632578958264631296-1475453057469775872,1788857160000,1788862290000,1,62.976,20.271,3.1067041586502886
1482772108667781120,1788845899000-632578958264631296-1482772108667781120,1788845899000,1788854124000,1,62.889,20.828,3.0194449779143464
1389244197004902400,1788839867000-632578958264631296-1389244197004902400,1788839867000,1788850116000,1,62.799,29.905,2.099949841163685
1045014601197944832,1788884396000-632578958264631296-1045014601197944832,1788884396000,1788889807000,1,62.781,12.356,5.081013272903852
935951856658546688,1788888522000-632578958264631296-935951856658546688,1788888522000,1788895868000,1,62.765,24.216,2.591881400726792
1067775201233600512,1788889923000-632578958264631296-1067775201233600512,1788889923000,1788897479000,1,62.76,15.241,4.1178400367429955
1101157025884143616,1788863428000-632578958264631296-1101157025884143616,1788863428000,1788870358000,1,62.736,20.6,3.0454368932038833
1385589109656911872,1788886641000-632578958264631296-1385589109656911872,1788886641000,1788893437000,1,62.704,14.373,4.3626243651290615
1268615019327651840,1788879644000-632578958264631296-1268615019327651840,1788879644000,1788885213000,1,62.631,18.315,3.4196560196560193
1101157025884143616,1788822560000-632578958264631296-1101157025884143616,1788822560000,1788829063000,1,62.596,21.6,2.8979629629629624
1462138214197231616,1788857871000-632578958264631296-1462138214197231616,1788857871000,1788863375000,1,62.56,21.506,2.9089556402864316
870568761881526272,1788831917000-632578958264631296-870568761881526272,1788831917000,1788838184000,1,62.454,23.061,2.708208663978145
1188192864341852160,1788826136000-632578958264631296-1188192864341852160,1788826136000,1788831702000,1,62.426,20.522,3.041906246954488
940246123384143872,1788826278000-632578958264631296-940246123384143872,1788826278000,1788833576000,1,62.248,28.448,2.188132733408324
951557397191589888,1788851945000-632578958264631296-951557397191589888,1788851945000,1788861162000,1,62.233,32.333,1.9247518015649645
1083726698509238272,1788910049000-632578958264631296-1083726698509238272,1788910049000,1788917514000,1,62.13,22.985,2.703067217750707
970285003134992384,1788843568000-632578958264631296-970285003134992384,1788843568000,1788849030000,1,61.973,17.75,3.4914366197183098
1082330521322651648,1788823956000-632578958264631296-1082330521322651648,1788823956000,1788831346000,1,61.949,27.567,2.247215874052309
922469481249243136,1788824074000-632578958264631296-922469481249243136,1788824074000,1788831324000,1,61.874,23.937,2.5848686134436227
818154714091749376,1788871073000-632578958264631296-818154714091749376,1788871073000,1788876794000,1,61.822,24.014,2.574414924627301
1389244197004902400,1788860358000-632578958264631296-1389244197004902400,1788860358000,1788866060000,1,61.767,30.233,2.0430324479872985
1094588896550846464,1788865291000-632578958264631296-1094588896550846464,1788865291000,1788871594000,1,61.739,22.288,2.770055635319454
1073201833905750016,1788860643000-632578958264631296-1073201833905750016,1788860643000,1788869474000,1,61.664,23.176,2.660683465654125
1536014577374855168,1788904759000-632578958264631296-1536014577374855168,1788904759000,1788912421000,1,61.63,26.311,2.3423663106685417
1536397466075660288,1788834995000-632578958264631296-1536397466075660288,1788834995000,1788841784000,1,61.589,20.605,2.9890317884008732
1405177997576634368,1788869685000-632578958264631296-1405177997576634368,1788869685000,1788877417000,1,61.554,26.095,2.358842690170531
847116116999274496,1788868521000-632578958264631296-847116116999274496,1788868521000,1788875713000,1,61.533,17.459,3.524428661435363
948575900767617024,1788853780000-632578958264631296-948575900767617024,1788853780000,1788861344000,1,61.46,16.147,3.8062798042980126
970288452387995648,1788827932000-632578958264631296-970288452387995648,1788827932000,1788834426000,1,61.454,28.709,2.1405830924100457
791672232936996864,1788835289000-632578958264631296-791672232936996864,1788835289000,1788839909000,1,61.318,10.171,6.0287090748205685
873109579045535744,1788827475000-632578958264631296-873109579045535744,1788827475000,1788832440000,1,61.267,18.822,3.2550738497502927
1397607242391355392,1788824713000-632578958264631296-1397607242391355392,1788824713000,1788830302000,1,61.26,23.617,2.5938942287335394
1500484476822618112,1788824697000-632578958264631296-1500484476822618112,1788824697000,1788830278000,1,61.258,24.225,2.5287100103199176
1050037649940676608,1788846637000-632578958264631296-1050037649940676608,1788846637000,1788854768000,1,61.257,29.528,2.074539420211325
1536014625517076480,1788844325000-632578958264631296-1536014625517076480,1788844325000,1788849464000,1,60.922,21.071,2.891272364861658
940246123384143872,1788879128000-632578958264631296-940246123384143872,1788879128000,1788884961000,1,60.811,28.577,2.1279700458410606
1067764685513687040,1788836019000-632578958264631296-1067764685513687040,1788836019000,1788841033000,1,60.809,11.645,5.221897810218978
939141093658722304,1788833758000-632578958264631296-939141093658722304,1788833758000,1788838030000,1,60.802,20.591,2.9528434753047446
1061979678694178816,1788847381000-632578958264631296-1061979678694178816,1788847381000,1788853236000,1,60.759,12.557,4.8386557298717845
1067793936933715968,1788911193000-632578958264631296-1067793936933715968,1788911193000,1788917730000,1,60.75,30.557,1.98808783584776
1079795397515280384,1788836423000-632578958264631296-1079795397515280384,1788836423000,1788841254000,1,60.609,14.232,4.258642495784149
1088485622458351616,1788853585000-632578958264631296-1088485622458351616,1788853585000,1788860736000,1,60.524,17.852,3.3903204122787365
1082360641819246592,1788838824000-632578958264631296-1082360641819246592,1788838824000,1788844302000,1,60.409,17.014,3.5505466086752087
862693652038680576,1788830348000-632578958264631296-862693652038680576,1788830348000,1788836990000,1,60.364,22.373,2.6980735708219727
871764433825693696,1788865334000-632578958264631296-871764433825693696,1788865334000,1788871634000,1,60.095,11.275,5.3299334811529935
940246123384143872,1788843263000-632578958264631296-940246123384143872,1788843263000,1788849615000,1,60.08,28.509,2.107404679224105
787737136659955712,1788845394000-632578958264631296-787737136659955712,1788845394000,1788849742000,1,60.052,11.91,5.042149454240135
1268615116379652096,1788911748000-632578958264631296-1268615116379652096,1788911748000,1788917850000,1,60.044,12.229,4.909968108594325
1148896718033518592,1788876922000-632578958264631296-1148896718033518592,1788876922000,1788883136000,1,60.021,22.838,2.6281198003327786
786329294770012160,1788858642000-632578958264631296-786329294770012160,1788858642000,1788864283000,1,59.978,11.034,5.435744063802791
951882940915122176,1788841186000-632578958264631296-951882940915122176,1788841186000,1788847403000,1,59.915,12.09,4.9557485525227465
1083778254826897408,1788861482000-632578958264631296-1083778254826897408,1788861482000,1788867663000,1,59.744,22.803,2.6200061395430425
1345798361172672512,1788868524000-632578958264631296-1345798361172672512,1788868524000,1788874555000,1,59.73,25.922,2.3042203533677954
932335222958063616,1788845049000-632578958264631296-932335222958063616,1788845049000,1788850223000,1,59.706,12.277,4.863240205261873
1486725792942522368,1788881786000-632578958264631296-1486725792942522368,1788881786000,1788891333000,1,59.649,16.802,3.5501130817759794
933392054296248320,1788877292000-632578958264631296-933392054296248320,1788877292000,1788884067000,1,59.649,11.28,5.288031914893617
1041007225465733120,1788861581000-632578958264631296-1041007225465733120,1788861581000,1788867935000,1,59.61,20.315,2.9342850110755596
1050036019790872576,1788825980000-632578958264631296-1050036019790872576,1788825980000,1788832002000,1,59.537,24.822,2.3985577310450408
1083727289243402240,1788886551000-632578958264631296-1083727289243402240,1788886551000,1788892646000,1,59.364,18.591,3.1931579796675806
946032744595456000,1788875472000-632578958264631296-946032744595456000,1788875472000,1788881130000,1,59.238,20.445,2.8974321349963317
1350071704793120768,1788860042000-632578958264631296-1350071704793120768,1788860042000,1788865870000,1,59.188,30.5,1.9405901639344263
1083016936570224640,1788840639000-632578958264631296-1083016936570224640,1788840639000,1788846897000,1,59.157,21.506,2.750720729098856
1401196266230120448,1788886508000-632578958264631296-1401196266230120448,1788886508000,1788892052000,1,59.141,20.301,2.9132062459977344
1049341310072258560,1788883812000-632578958264631296-1049341310072258560,1788883812000,1788892598000,1,59.131,25.415,2.3266181388943536
1476549765217910784,1788825487000-632578958264631296-1476549765217910784,1788825487000,1788833475000,1,59.112,24.891,2.374834277449681
1536014625517076480,1788886532000-632578958264631296-1536014625517076480,1788886532000,1788892096000,1,59.108,17.479,3.381657989587505
866245373776101376,1788863413000-632578958264631296-866245373776101376,1788863413000,1788868279000,1,59.081,17.005,3.474331079094384
1131239834900234240,1788852487000-632578958264631296-1131239834900234240,1788852487000,1788858701000,1,59.063,27.981,2.1108252028161965
1079796452147855360,1788837966000-632578958264631296-1079796452147855360,1788837966000,1788844175000,1,59.055,19.161,3.0820416470956626
1088168906306093056,1788840451000-632578958264631296-1088168906306093056,1788840451000,1788847019000,1,59.047,20.159,2.929063941663773
1464253789857906688,1788835153000-632578958264631296-1464253789857906688,1788835153000,1788841710000,1,58.963,13.153,4.482855622291492
1536014603211767808,1788894679000-632578958264631296-1536014603211767808,1788894679000,1788900002000,1,58.943,19.945,2.9552770117824014
1066703715756408832,1788834539000-632578958264631296-1066703715756408832,1788834539000,1788839868000,1,58.877,12.116,4.859442060085837
787647951882158080,1788850448000-632578958264631296-787647951882158080,1788850448000,1788855576000,1,58.74,19.188,3.0612883051907445
973914141028777984,1788867057000-632578958264631296-973914141028777984,1788867057000,1788874631000,1,58.722,18.362,3.1980176451366957
944591832124227584,1788833120000-632578958264631296-944591832124227584,1788833120000,1788838280000,1,58.573,14.546,4.026742747146982
780116044227280896,1788870104000-632578958264631296-780116044227280896,1788870104000,1788875642000,1,58.525,20.0,2.92625
1385305128772304896,1788829009000-632578958264631296-1385305128772304896,1788829009000,1788835281000,1,58.509,24.494,2.388707438556381
1175796663680237568,1788833172000-632578958264631296-1175796663680237568,1788833172000,1788838329000,1,58.505,11.462,5.104257546675973
939546232131420160,1788825633000-632578958264631296-939546232131420160,1788825633000,1788830998000,1,58.486,19.93,2.9345709984947312
1536014744312348672,1788833165000-632578958264631296-1536014744312348672,1788833165000,1788838230000,1,58.48,13.117,4.458336509872684
1536014737035231232,1788833177000-632578958264631296-1536014737035231232,1788833177000,1788838277000,1,58.47,12.04,4.856312292358804
1385305035948163072,1788833207000-632578958264631296-1385305035948163072,1788833207000,1788838515000,1,58.428,11.819,4.943565445469159
1173302979768352768,1788835833000-632578958264631296-1173302979768352768,1788835833000,1788842445000,1,58.418,24.546,2.3799397050435918
1070370579279773696,1788853359000-632578958264631296-1070370579279773696,1788853359000,1788860781000,1,58.405,25.723,2.270536096100766
1505944797024616448,1788843668000-632578958264631296-1505944797024616448,1788843668000,1788850473000,1,58.3,12.926,4.510289339316107
1209168031477923840,1788832881000-632578958264631296-1209168031477923840,1788832881000,1788837488000,1,58.259,16.809,3.4659408650127905
939138676678459392,1788880848000-632578958264631296-939138676678459392,1788880848000,1788889404000,1,58.136,16.292,3.5683771176037316
1289307004661137408,1788861100000-632578958264631296-1289307004661137408,1788861100000,1788865899000,1,58.129,16.135,3.60266501394484
942427579615281152,1788878397000-632578958264631296-942427579615281152,1788878397000,1788883935000,1,58.034,11.278,5.145770526689129
1087441747748847616,1788869690000-632578958264631296-1087441747748847616,1788869690000,1788875008000,1,57.996,13.781,4.208402873521515
932302785804763136,1788866607000-632578958264631296-932302785804763136,1788866607000,1788871496000,1,57.896,10.092,5.736821244550138
1079444806125486080,1788840618000-632578958264631296-1079444806125486080,1788840618000,1788845908000,1,57.875,12.721,4.549563713544533
1073663863301341184,1788868711000-632578958264631296-1073663863301341184,1788868711000,1788874292000,1,57.854,19.82,2.918970736629667
940246123384143872,1788911821000-632578958264631296-940246123384143872,1788911821000,1788917640000,1,57.748,23.627,2.44415287594701
970285003134992384,1788911137000-632578958264631296-970285003134992384,1788911137000,1788917303000,1,57.535,19.932,2.886564318683524
939547018001383424,1788840617000-632578958264631296-939547018001383424,1788840617000,1788845457000,1,57.532,17.962,3.202984077496938
786545248472924160,1788836590000-632578958264631296-786545248472924160,1788836590000,1788844055000,1,57.451,25.391,2.2626521208302157
932612842287267840,1788828021000-632578958264631296-932612842287267840,1788828021000,1788836304000,1,57.411,21.873,2.624742833630503
1050035941135089664,1788832148000-632578958264631296-1050035941135089664,1788832148000,1788836959000,1,57.367,18.111,3.1675225001380376
1083016936570224640,1788834433000-632578958264631296-1083016936570224640,1788834433000,1788839787000,1,57.347,18.983,3.0209661275878417
866245373776101376,1788855561000-632578958264631296-866245373776101376,1788855561000,1788860630000,1,57.332,15.811,3.6260831066978687
1088168906306093056,1788834358000-632578958264631296-1088168906306093056,1788834358000,1788839689000,1,57.311,18.344,3.1242368076755342
1148896718033518592,1788869321000-632578958264631296-1148896718033518592,1788869321000,1788875016000,1,57.227,16.124,3.549181344579509
1049341310072258560,1788849055000-632578958264631296-1049341310072258560,1788849055000,1788854690000,1,57.189,17.234,3.318382267610537
862677844923252736,1788833319000-632578958264631296-862677844923252736,1788833319000,1788837859000,1,57.174,15.369,3.720085887175483
1073994678560358400,1788828728000-632578958264631296-1073994678560358400,1788828728000,1788833502000,1,57.139,23.086,2.475049813739929
973914141028777984,1788858495000-632578958264631296-973914141028777984,1788858495000,1788864916000,1,57.067,17.915,3.185431202902596
1083726423769743360,1788835040000-632578958264631296-1083726423769743360,1788835040000,1788840394000,1,57.059,23.075,2.472762730227519
929731076446748672,1788864064000-632578958264631296-929731076446748672,1788864064000,1788870832000,1,57.032,24.838,2.296159111039536
929721011920699392,1788864531000-632578958264631296-929721011920699392,1788864531000,1788869919000,1,57.026,24.068,2.369370117999003
1398705978894974976,1788868738000-632578958264631296-1398705978894974976,1788868738000,1788874342000,1,57.023,16.897,3.374741078297923
935951856658546688,1788863457000-632578958264631296-935951856658546688,1788863457000,1788873079000,1,56.993,25.646,2.2222958746003276
1131972366507704320,1788843574000-632578958264631296-1131972366507704320,1788843574000,1788848635000,1,56.846,16.099,3.531026771849183
939547018001383424,1788847926000-632578958264631296-939547018001383424,1788847926000,1788852889000,1,56.695,19.685,2.8801117602235204
943819597830684672,1788866488000-632578958264631296-943819597830684672,1788866488000,1788871947000,1,56.688,17.417,3.2547511052420046
964170762879500288,1788859190000-632578958264631296-964170762879500288,1788859190000,1788864083000,1,56.64,11.452,4.945860984980789
812260483275948032,1788830665000-632578958264631296-812260483275948032,1788830665000,1788836944000,1,56.606,24.179,2.3411224616402664
1471144582421938176,1788829022000-632578958264631296-1471144582421938176,1788829022000,1788833648000,1,56.495,18.226,3.0996927466256996
1111626569580806144,1788871238000-632578958264631296-1111626569580806144,1788871238000,1788878143000,1,56.432,10.724,5.2622155911973145
1396881703661731840,1788860437000-632578958264631296-1396881703661731840,1788860437000,1788865694000,1,56.355,10.518,5.357957786651454
1268615730958434304,1788876696000-632578958264631296-1268615730958434304,1788876696000,1788883867000,1,56.296,30.208,1.8636122881355932
1350071704793120768,1788844060000-632578958264631296-1350071704793120768,1788844060000,1788854480000,1,56.196,32.469,1.7307585697126489
1476549765217910784,1788860052000-632578958264631296-1476549765217910784,1788860052000,1788866105000,1,56.157,24.918,2.2536720443053215
1067775323560476672,1788864961000-632578958264631296-1067775323560476672,1788864961000,1788870656000,1,56.146,16.597,3.3829005241911188
940245549137788928,1788838397000-632578958264631296-940245549137788928,1788838397000,1788845914000,1,56.085,16.494,3.400327391778829
932612842287267840,1788839946000-632578958264631296-932612842287267840,1788839946000,1788846587000,1,55.965,24.609,2.2741679873217113
1585283247909109760,1788907980000-632578958264631296-1585283247909109760,1788907980000,1788914998000,1,55.9,17.684,3.161049536304003
946034884164452352,1788880367000-632578958264631296-946034884164452352,1788880367000,1788885933000,1,55.872,11.28,4.953191489361703
942436996423352320,1788843160000-632578958264631296-942436996423352320,1788843160000,1788849425000,1,55.718,17.549,3.1749957262522086
1536014716214706176,1788826690000-632578958264631296-1536014716214706176,1788826690000,1788831486000,1,55.717,12.066,4.617686060003315
1079095062366781440,1788856682000-632578958264631296-1079095062366781440,1788856682000,1788862071000,1,55.619,21.581,2.5772207033965064
789513633972355072,1788856795000-632578958264631296-789513633972355072,1788856795000,1788862063000,1,55.54,20.03,2.7728407388916625
1422205318414204928,1788869578000-632578958264631296-1422205318414204928,1788869578000,1788875629000,1,55.487,22.619,2.45311463813608
1536402078727929856,1788830906000-632578958264631296-1536402078727929856,1788830906000,1788835744000,1,55.407,11.738,4.720310103935934
1397607641592627200,1788834346000-632578958264631296-1397607641592627200,1788834346000,1788840406000,1,55.354,10.181,5.436990472448679
780452749606125568,1788837004000-632578958264631296-780452749606125568,1788837004000,1788842403000,1,55.321,11.495,4.812614180078295
786329294770012160,1788830334000-632578958264631296-786329294770012160,1788830334000,1788836974000,1,55.281,20.741,2.6653006123137746
1536014716214706176,1788831731000-632578958264631296-1536014716214706176,1788831731000,1788836147000,1,54.999,11.152,4.93176111908178
1406228892573761536,1788866575000-632578958264631296-1406228892573761536,1788866575000,1788870873000,1,54.989,17.095,3.2166715413863702
1536014758619119616,1788867700000-632578958264631296-1536014758619119616,1788867700000,1788872267000,1,54.941,17.75,3.095267605633803
1476549765217910784,1788852181000-632578958264631296-1476549765217910784,1788852181000,1788857003000,1,54.888,17.5,3.1364571428571426
873109579045535744,1788844912000-632578958264631296-873109579045535744,1788844912000,1788852644000,1,54.871,20.946,2.6196409815716604
1081614639520808960,1788830879000-632578958264631296-1081614639520808960,1788830879000,1788837898000,1,54.789,24.713,2.2170112896046614
1476549765217910784,1788835262000-632578958264631296-1476549765217910784,1788835262000,1788842297000,1,54.618,28.064,1.9461944127708097
818154714091749376,1788854576000-632578958264631296-818154714091749376,1788854576000,1788859223000,1,54.6,18.435,2.9617575264442637
1105914583932993536,1788880436000-632578958264631296-1105914583932993536,1788880436000,1788885861000,1,54.575,10.585,5.155880963627775
927171595435245568,1788857931000-632578958264631296-927171595435245568,1788857931000,1788863374000,1,54.44,17.929,3.036421440124937
869918310366445568,1788821414000-632578958264631296-869918310366445568,1788821414000,1788827237000,1,54.429,18.646,2.919071114448139
1385305128772304896,1788908918000-632578958264631296-1385305128772304896,1788908918000,1788913843000,1,54.318,19.166,2.8340811854325367
1067765389137543168,1788863115000-632578958264631296-1067765389137543168,1788863115000,1788867656000,1,54.208,15.16,3.575725593667546
1050036776183267328,1788847252000-632578958264631296-1050036776183267328,1788847252000,1788853782000,1,54.19,13.421,4.03770210863572
1089902742123577344,1788831217000-632578958264631296-1089902742123577344,1788831217000,1788835944000,1,54.172,20.392,2.656531973322872
1083727931903049728,1788825050000-632578958264631296-1083727931903049728,1788825050000,1788831253000,1,54.123,27.48,1.969541484716157
800734942576246784,1788835916000-632578958264631296-800734942576246784,1788835916000,1788841428000,1,54.027,11.65,4.637510729613734
1464283595349688320,1788880621000-632578958264631296-1464283595349688320,1788880621000,1788887987000,1,54.007,24.227,2.2292070830065627
1181299462874595328,1788853307000-632578958264631296-1181299462874595328,1788853307000,1788857293000,1,53.934,15.102,3.5713150576082637
1045646397224779776,1788849938000-632578958264631296-1045646397224779776,1788849938000,1788856094000,1,53.895,20.623,2.613344324298114
1153273376152748032,1788826141000-632578958264631296-1153273376152748032,1788826141000,1788830924000,1,53.895,18.491,2.9146611865231735
1428367002015105024,1788866458000-632578958264631296-1428367002015105024,1788866458000,1788874271000,1,53.794,12.055,4.462380754873497
1536014758619119616,1788827453000-632578958264631296-1536014758619119616,1788827453000,1788832813000,1,53.761,25.579,2.101763165096368
1067765309810671616,1788838631000-632578958264631296-1067765309810671616,1788838631000,1788843362000,1,53.714,18.236,2.945492432550998
946024601958219776,1788873939000-632578958264631296-946024601958219776,1788873939000,1788879056000,1,53.703,19.285,2.784703137153228
780067386190462976,1788850700000-632578958264631296-780067386190462976,1788850700000,1788856821000,1,53.702,13.176,4.075743776563448
933416236518211584,1788876317000-632578958264631296-933416236518211584,1788876317000,1788881291000,1,53.561,16.745,3.198626455658405
1183367596062277632,1788853849000-632578958264631296-1183367596062277632,1788853849000,1788859574000,1,53.547,23.603,2.26865228996314
789513633972355072,1788881259000-632578958264631296-789513633972355072,1788881259000,1788886841000,1,53.467,16.409,3.2583947833506004
1476549765217910784,1788845577000-632578958264631296-1476549765217910784,1788845577000,1788850671000,1,53.454,21.496,2.4866951991068107
939546232131420160,1788860220000-632578958264631296-939546232131420160,1788860220000,1788866655000,1,53.342,26.427,2.018465962841034
939546576563470336,1788860306000-632578958264631296-939546576563470336,1788860306000,1788866577000,1,53.327,25.448,2.09552813580635
819592403370377216,1788878395000-632578958264631296-819592403370377216,1788878395000,1788884098000,1,53.299,16.438,3.242426085898528
940245549137788928,1788874958000-632578958264631296-940245549137788928,1788874958000,1788879839000,1,53.297,10.637,5.010529284572717
1173302979768352768,1788830413000-632578958264631296-1173302979768352768,1788830413000,1788835533000,1,53.254,19.751,2.6962685433648925
1067763722711203840,1788849675000-632578958264631296-1067763722711203840,1788849675000,1788855525000,1,53.226,20.089,2.649509681915476
1101157025884143616,1788847073000-632578958264631296-1101157025884143616,1788847073000,1788852114000,1,53.176,14.778,3.5983218297469213
1132636093246603264,1788863510000-632578958264631296-1132636093246603264,1788863510000,1788867830000,1,53.171,13.826,3.8457254448141183
939141093658722304,1788910089000-632578958264631296-939141093658722304,1788910089000,1788915583000,1,53.131,20.573,2.5825596655811016
1079095062366781440,1788881188000-632578958264631296-1079095062366781440,1788881188000,1788886635000,1,52.933,19.78,2.676086956521739
1294723291725955072,1788847424000-632578958264631296-1294723291725955072,1788847424000,1788852287000,1,52.866,19.939,2.6513867295250515
1536014688339361792,1788911505000-632578958264631296-1536014688339361792,1788911505000,1788915950000,1,52.836,23.453,2.25284611776745
1067765133431799808,1788853474000-632578958264631296-1067765133431799808,1788853474000,1788858521000,1,52.811,16.865,3.131396383041803
942721856836730880,1788837485000-632578958264631296-942721856836730880,1788837485000,1788841900000,1,52.788,14.874,3.549011698265429
1540361729291059200,1788827887000-632578958264631296-1540361729291059200,1788827887000,1788834568000,1,52.742,23.48,2.2462521294718907
951558414842986496,1788848547000-632578958264631296-951558414842986496,1788848547000,1788855601000,1,52.724,29.222,1.8042570665936621
862287863801184256,1788830128000-632578958264631296-862287863801184256,1788830128000,1788835187000,1,52.666,11.792,4.466248303934871
1268615730958434304,1788834139000-632578958264631296-1268615730958434304,1788834139000,1788840369000,1,52.56,21.931,2.3966075418357575
961238953837461504,1788874462000-632578958264631296-961238953837461504,1788874462000,1788880157000,1,52.476,14.418,3.639617145235123
1045646397224779776,1788842638000-632578958264631296-1045646397224779776,1788842638000,1788847760000,1,52.428,18.259,2.871351114518867
1070370579279773696,1788911370000-632578958264631296-1070370579279773696,1788911370000,1788916715000,1,52.413,27.785,1.8863775418391218
787647951882158080,1788828539000-632578958264631296-787647951882158080,1788828539000,1788834910000,1,52.377,18.145,2.886580325158446
1500484476822618112,1788854079000-632578958264631296-1500484476822618112,1788854079000,1788859765000,1,52.375,20.567,2.5465551611805317
784445514740400128,1788861159000-632578958264631296-784445514740400128,1788861159000,1788869925000,1,52.365,22.009,2.379253941569358
1070370579279773696,1788868407000-632578958264631296-1070370579279773696,1788868407000,1788874504000,1,52.31,22.643,2.3102062447555536
847116116999274496,1788857918000-632578958264631296-847116116999274496,1788857918000,1788864580000,1,52.299,28.031,1.8657557703970604
947104748366987264,1788865668000-632578958264631296-947104748366987264,1788865668000,1788870641000,1,52.281,14.462,3.615060157654543
1083727593376579584,1788849915000-632578958264631296-1083727593376579584,1788849915000,1788855808000,1,52.239,22.141,2.3593785285217472
873821465244336128,1788855678000-632578958264631296-873821465244336128,1788855678000,1788859786000,1,52.214,14.761,3.5372942212587226
942721856836730880,1788858553000-632578958264631296-942721856836730880,1788858553000,1788862929000,1,52.151,15.615,3.3398014729426837
870568761881526272,1788846448000-632578958264631296-870568761881526272,1788846448000,1788851085000,1,52.015,16.312,3.1887567435017163
1135598313102376960,1788850343000-632578958264631296-1135598313102376960,1788850343000,1788857551000,1,52.008,17.084,3.0442519316319365
1046752835124854784,1788869065000-632578958264631296-1046752835124854784,1788869065000,1788873514000,1,51.807,13.081,3.9604770277501724
1500136074981146624,1788860618000-632578958264631296-1500136074981146624,1788860618000,1788865063000,1,51.779,15.18,3.411001317523057
1385305434218299392,1788865327000-632578958264631296-1385305434218299392,1788865327000,1788870549000,1,51.728,30.162,1.7150056362310193
946032945880104960,1788880408000-632578958264631296-946032945880104960,1788880408000,1788885048000,1,51.686,11.052,4.67661961635903
789852692640956416,1788828849000-632578958264631296-789852692640956416,1788828849000,1788834086000,1,51.626,11.857,4.354052458463355
946027472992862208,1788911318000-632578958264631296-946027472992862208,1788911318000,1788916436000,1,51.592,20.878,2.471117923172718
1083728919393206272,1788859207000-632578958264631296-1083728919393206272,1788859207000,1788864147000,1,51.579,15.828,3.258718726307809
1083726887294861312,1788838086000-632578958264631296-1083726887294861312,1788838086000,1788843727000,1,51.543,19.961,2.5821852612594562
996809766619578368,1788852441000-632578958264631296-996809766619578368,1788852441000,1788857859000,1,51.509,24.069,2.1400556732726743
873109579045535744,1788857665000-632578958264631296-873109579045535744,1788857665000,1788861661000,1,51.493,15.157,3.3973081744408526
1132636252537880576,1788864932000-632578958264631296-1132636252537880576,1788864932000,1788870738000,1,51.488,14.107,3.649819238675835
1066703715756408832,1788882171000-632578958264631296-1066703715756408832,1788882171000,1788886905000,1,51.373,10.896,4.714849486049926
798605218047590400,1788851422000-632578958264631296-798605218047590400,1788851422000,1788856240000,1,51.304,17.451,2.9398888315855825
1181865772805259264,1788849351000-632578958264631296-1181865772805259264,1788849351000,1788855819000,1,51.213,11.234,4.5587502225387215
1385305434218299392,1788860763000-632578958264631296-1385305434218299392,1788860763000,1788865323000,1,51.139,20.935,2.4427513732983046
1152269748554170368,1788852801000-632578958264631296-1152269748554170368,1788852801000,1788858325000,1,51.025,18.634,2.738274122571643
946036270407090176,1788874641000-632578958264631296-946036270407090176,1788874641000,1788879430000,1,50.999,19.811,2.574276916864368
1536014654021566464,1788895613000-632578958264631296-1536014654021566464,1788895613000,1788901756000,1,50.802,10.478,4.848444359610613
1428031634325635072,1788829307000-632578958264631296-1428031634325635072,1788829307000,1788833983000,1,50.754,17.169,2.9561418836274678
1464286463544786944,1788870998000-632578958264631296-1464286463544786944,1788870998000,1788875598000,1,50.716,18.0,2.817555555555556
1286352128566099968,1788901620000-632578958264631296-1286352128566099968,1788901620000,1788906530000,1,50.654,14.718,3.4416360918603073
1068875501654769664,1788859983000-632578958264631296-1068875501654769664,1788859983000,1788867124000,1,50.635,22.324,2.2681867048915962
1079095785133441024,1788865405000-632578958264631296-1079095785133441024,1788865405000,1788870198000,1,50.615,11.392,4.443030196629214
1132636252537880576,1788855514000-632578958264631296-1132636252537880576,1788855514000,1788861689000,1,50.517,12.741,3.9649164115846482
1364616390270517248,1788829641000-632578958264631296-1364616390270517248,1788829641000,1788837063000,1,50.496,23.613,2.1384830390039387
1050036987500691456,1788875801000-632578958264631296-1050036987500691456,1788875801000,1788882951000,1,50.468,24.554,2.0553881241345606
1536022277991170048,1788869379000-632578958264631296-1536022277991170048,1788869379000,1788876682000,1,50.462,18.935,2.6650118827568
1428367002015105024,1788910199000-632578958264631296-1428367002015105024,1788910199000,1788915464000,1,50.446,9.659,5.2226938606481
1047650330055016448,1788834093000-632578958264631296-1047650330055016448,1788834093000,1788842600000,1,50.431,25.806,1.9542354491203595
1345798361172672512,1788847659000-632578958264631296-1345798361172672512,1788847659000,1788853137000,1,50.426,19.435,2.594597375868279
1364616390270517248,1788911468000-632578958264631296-1364616390270517248,1788911468000,1788918076000,1,50.326,23.834,2.111521356045985
1081223436249858048,1788876799000-632578958264631296-1081223436249858048,1788876799000,1788881625000,1,50.209,8.501,5.906246323961888
1071019405950844928,1788866691000-632578958264631296-1071019405950844928,1788866691000,1788871144000,1,50.202,11.04,4.547282608695652
1525526061327056896,1788844207000-632578958264631296-1525526061327056896,1788844207000,1788849494000,1,50.074,13.427,3.7293513070678483
1157003119578578944,1788855654000-632578958264631296-1157003119578578944,1788855654000,1788861820000,1,49.819,16.397,3.0382996889674945
1141991039255445504,1788854777000-632578958264631296-1141991039255445504,1788854777000,1788860958000,1,49.755,19.912,2.4987444756930497
1397607242391355392,1788854009000-632578958264631296-1397607242391355392,1788854009000,1788859802000,1,49.733,19.822,2.508979921299566
1397607242391355392,1788861061000-632578958264631296-1397607242391355392,1788861061000,1788869761000,1,49.723,30.458,1.6325103421104472
873101078441230336,1788855674000-632578958264631296-873101078441230336,1788855674000,1788861680000,1,49.691,16.732,2.969818312216113
1153273376152748032,1788841783000-632578958264631296-1153273376152748032,1788841783000,1788846586000,1,49.609,21.429,2.3150403658593497
932334786138079232,1788823789000-632578958264631296-932334786138079232,1788823789000,1788830083000,1,49.604,21.712,2.284635224760501
871764525957775360,1788868201000-632578958264631296-871764525957775360,1788868201000,1788872093000,1,49.449,12.623,3.9173730491959122
1535700301011484672,1788837730000-632578958264631296-1535700301011484672,1788837730000,1788842709000,1,49.419,12.825,3.8533333333333335
932333591893901312,1788860982000-632578958264631296-932333591893901312,1788860982000,1788866998000,1,49.393,25.702,1.9217570617072601
1536014563953082368,1788872613000-632578958264631296-1536014563953082368,1788872613000,1788877762000,1,49.161,10.339,4.754908598510494
947925198747729920,1788861402000-632578958264631296-947925198747729920,1788861402000,1788866534000,1,49.135,18.553,2.6483587559963344
1082360641819246592,1788877217000-632578958264631296-1082360641819246592,1788877217000,1788883259000,1,49.133,9.941,4.942460517050598
1079795397515280384,1788855986000-632578958264631296-1079795397515280384,1788855986000,1788860514000,1,49.128,14.775,3.3250761421319797
1120316268595904512,1788865129000-632578958264631296-1120316268595904512,1788865129000,1788871254000,1,49.12,20.227,2.4284372373560092
1065304732634972160,1788833598000-632578958264631296-1065304732634972160,1788833598000,1788839287000,1,48.972,23.485,2.0852459016393445
951557843473924096,1788838460000-632578958264631296-951557843473924096,1788838460000,1788842833000,1,48.816,14.925,3.270753768844221
1050037424450699264,1788886443000-632578958264631296-1050037424450699264,1788886443000,1788891169000,1,48.809,18.95,2.5756728232189974
946024601958219776,1788879419000-632578958264631296-946024601958219776,1788879419000,1788883566000,1,48.802,14.631,3.335520470234434
1268615730958434304,1788867270000-632578958264631296-1268615730958434304,1788867270000,1788873113000,1,48.792,35.194,1.3863726771608795
1131972366507704320,1788908697000-632578958264631296-1131972366507704320,1788908697000,1788913888000,1,48.785,15.925,3.0634222919937204
1132636843020386304,1788853281000-632578958264631296-1132636843020386304,1788853281000,1788860227000,1,48.739,14.946,3.261006289308176
942471450843938816,1788851137000-632578958264631296-942471450843938816,1788851137000,1788856568000,1,48.644,10.259,4.741592747831172
1050037336936546304,1788844075000-632578958264631296-1050037336936546304,1788844075000,1788848650000,1,48.581,12.712,3.8216645689112654
780116044227280896,1788864866000-632578958264631296-780116044227280896,1788864866000,1788869236000,1,48.571,19.573,2.4815306800183925
1405141042860130304,1788828882000-632578958264631296-1405141042860130304,1788828882000,1788834176000,1,48.557,8.196,5.924475353831138
1462138214197231616,1788865927000-632578958264631296-1462138214197231616,1788865927000,1788870618000,1,48.481,18.193,2.664816138075084
946034884164452352,1788862683000-632578958264631296-946034884164452352,1788862683000,1788868363000,1,48.419,9.974,4.854521756567074
1083726423769743360,1788844511000-632578958264631296-1083726423769743360,1788844511000,1788849000000,1,48.408,16.268,2.975657732972707
1148896718033518592,1788847248000-632578958264631296-1148896718033518592,1788847248000,1788853452000,1,48.37,17.926,2.6983152962177845
947452563299500032,1788886439000-632578958264631296-947452563299500032,1788886439000,1788894144000,1,48.345,25.776,1.8755819366852886
1475453057469775872,1788823368000-632578958264631296-1475453057469775872,1788823368000,1788827584000,1,48.309,15.719,3.0732871047776578
1067767771279917056,1788858219000-632578958264631296-1067767771279917056,1788858219000,1788864350000,1,48.284,11.615,4.157038312526905
870309644059279360,1788895424000-632578958264631296-870309644059279360,1788895424000,1788900054000,1,48.165,9.233,5.216614318206433
932333591893901312,1788839093000-632578958264631296-932333591893901312,1788839093000,1788845608000,1,48.162,28.945,1.6639143202625668
1500145408670695424,1788834010000-632578958264631296-1500145408670695424,1788834010000,1788839130000,1,48.07,10.39,4.626564003849856
1536014681523617792,1788858753000-632578958264631296-1536014681523617792,1788858753000,1788862422000,1,47.91,16.325,2.9347626339969373
932612842287267840,1788873948000-632578958264631296-932612842287267840,1788873948000,1788879156000,1,47.824,16.795,2.847514141113426
952249131684855808,1788883264000-632578958264631296-952249131684855808,1788883264000,1788889788000,1,47.767,13.731,3.4787706649187973
951556794549796864,1788834857000-632578958264631296-951556794549796864,1788834857000,1788839708000,1,47.738,15.884,3.0054142533366908
1462138214197231616,1788873971000-632578958264631296-1462138214197231616,1788873971000,1788878630000,1,47.684,15.283,3.120068049466728
1111626569580806144,1788883815000-632578958264631296-1111626569580806144,1788883815000,1788888328000,1,47.519,10.546,4.505879006258297
798991075485155328,1788909315000-632578958264631296-798991075485155328,1788909315000,1788914732000,1,47.398,14.158,3.347789235767764
1063501597117513728,1788828420000-632578958264631296-1063501597117513728,1788828420000,1788834937000,1,47.302,27.509,1.7195099785524737
1094588896550846464,1788880528000-632578958264631296-1094588896550846464,1788880528000,1788885950000,1,47.272,16.092,2.9376087496892866
939546576563470336,1788842041000-632578958264631296-939546576563470336,1788842041000,1788846974000,1,47.271,16.39,2.884136668700427
1536014543027699712,1788835231000-632578958264631296-1536014543027699712,1788835231000,1788839054000,1,47.191,12.22,3.861783960720131
866648852977942528,1788871256000-632578958264631296-866648852977942528,1788871256000,1788875538000,1,47.167,15.346,3.073569659846214
939546232131420160,1788842078000-632578958264631296-939546232131420160,1788842078000,1788846753000,1,47.154,17.366,2.7153057698951977
939545725614686208,1788865429000-632578958264631296-939545725614686208,1788865429000,1788872516000,1,47.144,22.972,2.0522375065296883
1268615233111326720,1788862881000-632578958264631296-1268615233111326720,1788862881000,1788867020000,1,47.135,19.268,2.446283994187253
1545824186436419584,1788851601000-632578958264631296-1545824186436419584,1788851601000,1788856459000,1,47.074,17.285,2.7234017934625396
1050036721544069120,1788840067000-632578958264631296-1050036721544069120,1788840067000,1788844540000,1,47.057,14.543,3.2357147768685968
935951856658546688,1788897449000-632578958264631296-935951856658546688,1788897449000,1788902467000,1,47.022,16.244,2.894730361979808
942721856836730880,1788870178000-632578958264631296-942721856836730880,1788870178000,1788874566000,1,47.018,13.211,3.5590038604193475
1067763722711203840,1788863474000-632578958264631296-1067763722711203840,1788863474000,1788867332000,1,47.0,13.867,3.3893416023653273
1050036987500691456,1788845555000-632578958264631296-1050036987500691456,1788845555000,1788849870000,1,46.867,13.802,3.395667294594986
942469459329679360,1788829039000-632578958264631296-942469459329679360,1788829039000,1788833208000,1,46.848,15.399,3.042275472433275
1083727517765861376,1788855803000-632578958264631296-1083727517765861376,1788855803000,1788859928000,1,46.829,17.387,2.693334100189797
1289307004661137408,1788867934000-632578958264631296-1289307004661137408,1788867934000,1788872098000,1,46.828,12.112,3.8662483487450463
792451319469178880,1788823133000-632578958264631296-792451319469178880,1788823133000,1788829398000,1,46.818,10.7,4.375514018691589
1067775916656033792,1788846964000-632578958264631296-1067775916656033792,1788846964000,1788851239000,1,46.791,10.824,4.322893569844789
1385305434218299392,1788854892000-632578958264631296-1385305434218299392,1788854892000,1788860244000,1,46.751,16.92,2.76306146572104
906553960083488768,1788839741000-632578958264631296-906553960083488768,1788839741000,1788846601000,1,46.736,19.169,2.4381031874380508
1464283595349688320,1788827716000-632578958264631296-1464283595349688320,1788827716000,1788832299000,1,46.583,24.994,1.8637673041529967
970285003134992384,1788829957000-632578958264631296-970285003134992384,1788829957000,1788834025000,1,46.55,13.268,3.5084413626771176
1066703715756408832,1788861708000-632578958264631296-1066703715756408832,1788861708000,1788870813000,1,46.508,15.748,2.9532639065278135
1125482414773108736,1788906659000-632578958264631296-1125482414773108736,1788906659000,1788912616000,1,46.433,25.398,1.828214820064572
1464283595349688320,1788832371000-632578958264631296-1464283595349688320,1788832371000,1788836652000,1,46.383,22.5,2.061466666666667
1067772524470730752,1788874266000-632578958264631296-1067772524470730752,1788874266000,1788883033000,1,46.3,13.159,3.518504445626567
1345798361172672512,1788859940000-632578958264631296-1345798361172672512,1788859940000,1788864872000,1,46.263,17.219,2.686741390324641
1477689128190476288,1788868782000-632578958264631296-1477689128190476288,1788868782000,1788874689000,1,46.02,12.124,3.795776971296602
1428064485414797312,1788845088000-632578958264631296-1428064485414797312,1788845088000,1788848860000,1,46.015,19.474,2.362894115230564
1183367596062277632,1788884022000-632578958264631296-1183367596062277632,1788884022000,1788889172000,1,45.807,9.028,5.0738812583074875
1478819140813717504,1788910739000-632578958264631296-1478819140813717504,1788910739000,1788915260000,1,45.775,12.883,3.5531320344640225
1132636252537880576,1788911707000-632578958264631296-1132636252537880576,1788911707000,1788916858000,1,45.696,12.736,3.587939698492462
938815830156640256,1788830488000-632578958264631296-938815830156640256,1788830488000,1788835032000,1,45.641,10.434,4.374257235959364
946025653910634496,1788874689000-632578958264631296-946025653910634496,1788874689000,1788878591000,1,45.636,15.486,2.9469197985277025
1396881382210273280,1788831527000-632578958264631296-1396881382210273280,1788831527000,1788837722000,1,45.607,20.262,2.250863685717106
1126571257152667648,1788834808000-632578958264631296-1126571257152667648,1788834808000,1788839490000,1,45.57,13.323,3.420400810628237
794950170587430912,1788879719000-632578958264631296-794950170587430912,1788879719000,1788885665000,1,45.516,17.715,2.5693480101608803
1132636843020386304,1788881270000-632578958264631296-1132636843020386304,1788881270000,1788886141000,1,45.5,14.974,3.0386002404167223
1120316268595904512,1788856333000-632578958264631296-1120316268595904512,1788856333000,1788862255000,1,45.479,22.797,1.994955476597798
940983317312831488,1788832923000-632578958264631296-940983317312831488,1788832923000,1788836953000,1,45.425,13.868,3.275526391693106
1385588586753032192,1788867450000-632578958264631296-1385588586753032192,1788867450000,1788871959000,1,45.423,10.872,4.177980132450331
1406228892573761536,1788883393000-632578958264631296-1406228892573761536,1788883393000,1788887603000,1,45.374,17.68,2.566402714932127
1083728870357598208,1788865426000-632578958264631296-1083728870357598208,1788865426000,1788869310000,1,45.283,13.889,3.2603499172006627
1079095062366781440,1788863680000-632578958264631296-1079095062366781440,1788863680000,1788867390000,1,45.267,15.346,2.9497588948260134
944574346884546560,1788887511000-632578958264631296-944574346884546560,1788887511000,1788891885000,1,45.24,9.469,4.777695638398987
1148896718033518592,1788832597000-632578958264631296-1148896718033518592,1788832597000,1788837699000,1,45.215,20.557,2.1994940896045145
789513633972355072,1788863887000-632578958264631296-789513633972355072,1788863887000,1788867592000,1,45.149,13.94,3.238809182209469
1471165126924042240,1788835317000-632578958264631296-1471165126924042240,1788835317000,1788839075000,1,45.09,8.059,5.594986971088225
1268615233111326720,1788868844000-632578958264631296-1268615233111326720,1788868844000,1788873199000,1,45.084,18.176,2.4804137323943665
1083726561296777216,1788877361000-632578958264631296-1083726561296777216,1788877361000,1788882868000,1,45.034,19.606,2.2969499132918494
1131240373310455808,1788867901000-632578958264631296-1131240373310455808,1788867901000,1788872439000,1,44.964,10.606,4.23948708278333
970285003134992384,1788879102000-632578958264631296-970285003134992384,1788879102000,1788883206000,1,44.93,14.084,3.190144845214428
800026217909583872,1788825942000-632578958264631296-800026217909583872,1788825942000,1788834582000,1,44.739,11.505,3.8886571056062578
1540361729291059200,1788836955000-632578958264631296-1540361729291059200,1788836955000,1788841164000,1,44.693,13.937,3.206787687450671
961238953837461504,1788869572000-632578958264631296-961238953837461504,1788869572000,1788873375000,1,44.623,12.027,3.7102353038995592
951557397191589888,1788871854000-632578958264631296-951557397191589888,1788871854000,1788876986000,1,44.444,16.237,2.7372051487343727
931855689733636096,1788845469000-632578958264631296-931855689733636096,1788845469000,1788850091000,1,44.339,8.863,5.0027078867200725
1536014603211767808,1788825447000-632578958264631296-1536014603211767808,1788825447000,1788829020000,1,44.207,9.624,4.5934123025768905
1067767656859303936,1788882935000-632578958264631296-1067767656859303936,1788882935000,1788889853000,1,44.195,21.271,2.0777114381082225
1073663863301341184,1788875467000-632578958264631296-1073663863301341184,1788875467000,1788880507000,1,44.137,17.444,2.53021096078881
1536014674678513664,1788882934000-632578958264631296-1536014674678513664,1788882934000,1788890518000,1,44.124,19.136,2.3058110367892977
871764525957775360,1788827411000-632578958264631296-871764525957775360,1788827411000,1788831520000,1,44.065,15.288,2.8823260073260073
1477689128190476288,1788836470000-632578958264631296-1477689128190476288,1788836470000,1788840397000,1,43.975,10.228,4.299472037543997
1045646397224779776,1788863439000-632578958264631296-1045646397224779776,1788863439000,1788867272000,1,43.97,13.677,3.2148863054763472
1141991039255445504,1788863192000-632578958264631296-1141991039255445504,1788863192000,1788868691000,1,43.909,18.54,2.368338727076591
1126571257152667648,1788876471000-632578958264631296-1126571257152667648,1788876471000,1788881561000,1,43.879,14.961,2.9328921863511797
1536427445069021184,1788876150000-632578958264631296-1536427445069021184,1788876150000,1788881446000,1,43.824,17.685,2.4780322307039864
1067774753596506112,1788873882000-632578958264631296-1067774753596506112,1788873882000,1788878592000,1,43.673,10.243,4.263692277653031
1113518928358801408,1788826834000-632578958264631296-1113518928358801408,1788826834000,1788830861000,1,43.648,17.467,2.49888360909143
1093087265762050048,1788842010000-632578958264631296-1093087265762050048,1788842010000,1788847970000,1,43.608,11.318,3.8529775578724155
1449735637144961024,1788865649000-632578958264631296-1449735637144961024,1788865649000,1788870657000,1,43.589,12.764,3.414995299279223
1157003119578578944,1788832110000-632578958264631296-1157003119578578944,1788832110000,1788836239000,1,43.571,12.017,3.625780144794874
1093087738300727296,1788842158000-632578958264631296-1093087738300727296,1788842158000,1788847937000,1,43.549,11.612,3.7503444712366516
940246123384143872,1788873648000-632578958264631296-940246123384143872,1788873648000,1788878213000,1,43.457,15.063,2.885016265020248
873101078441230336,1788832151000-632578958264631296-873101078441230336,1788832151000,1788836211000,1,43.452,11.987,3.624927004254609
1067767771279917056,1788853175000-632578958264631296-1067767771279917056,1788853175000,1788858085000,1,43.364,9.736,4.453985209531635
1094588896550846464,1788873761000-632578958264631296-1094588896550846464,1788873761000,1788878567000,1,43.328,19.445,2.228233479043456
1153273376152748032,1788846686000-632578958264631296-1153273376152748032,1788846686000,1788851166000,1,43.3,14.488,2.98868028713418
1525526061327056896,1788878832000-632578958264631296-1525526061327056896,1788878832000,1788883514000,1,43.288,15.893,2.7237148430126465
1188192864341852160,1788875319000-632578958264631296-1188192864341852160,1788875319000,1788879996000,1,43.278,15.519,2.788710612797216
1083726740557135872,1788879126000-632578958264631296-1083726740557135872,1788879126000,1788883807000,1,43.25,9.452,4.5757511637748625
866648852977942528,1788824128000-632578958264631296-866648852977942528,1788824128000,1788828525000,1,43.178,11.999,3.5984665388782395
939545725614686208,1788854041000-632578958264631296-939545725614686208,1788854041000,1788859443000,1,43.133,18.41,2.342911461162412
1389243774684626944,1788860102000-632578958264631296-1389243774684626944,1788860102000,1788863928000,1,43.115,12.253,3.518730106912593
1050037649940676608,1788858937000-632578958264631296-1050037649940676608,1788858937000,1788864288000,1,43.059,22.585,1.9065308833296435
961238953837461504,1788839257000-632578958264631296-961238953837461504,1788839257000,1788844931000,1,43.035,20.616,2.0874563445867285
1183367596062277632,1788841726000-632578958264631296-1183367596062277632,1788841726000,1788848658000,1,43.019,18.29,2.352050300710771
1181865650805538816,1788847828000-632578958264631296-1181865650805538816,1788847828000,1788851622000,1,43.012,8.705,4.941068351522114
1536014505966829568,1788852202000-632578958264631296-1536014505966829568,1788852202000,1788856049000,1,42.991,9.232,4.656737435008666
1268615730958434304,1788860778000-632578958264631296-1268615730958434304,1788860778000,1788866926000,1,42.954,19.782,2.1713679102214134
928334310946111488,1788864194000-632578958264631296-928334310946111488,1788864194000,1788868346000,1,42.854,16.683,2.568722651801235
1187437506908389376,1788884850000-632578958264631296-1187437506908389376,1788884850000,1788889109000,1,42.696,8.693,4.911538019095824
1067775916656033792,1788825826000-632578958264631296-1067775916656033792,1788825826000,1788829574000,1,42.675,9.535,4.475616151022548
1464253789857906688,1788830726000-632578958264631296-1464253789857906688,1788830726000,1788834543000,1,42.6,8.363,5.09386583761808
792451146961649664,1788853080000-632578958264631296-792451146961649664,1788853080000,1788857506000,1,42.589,17.018,2.5025854977083086
1126571257152667648,1788861374000-632578958264631296-1126571257152667648,1788861374000,1788865516000,1,42.573,13.712,3.104798716452742
1082360641819246592,1788911742000-632578958264631296-1082360641819246592,1788911742000,1788916652000,1,42.546,11.804,3.6043713995255846
1067775323560476672,1788874522000-632578958264631296-1067775323560476672,1788874522000,1788879260000,1,42.505,13.431,3.164693619239074
939546232131420160,1788831003000-632578958264631296-939546232131420160,1788831003000,1788835270000,1,42.302,18.083,2.3393242271746946
1535700301011484672,1788850142000-632578958264631296-1535700301011484672,1788850142000,1788853815000,1,42.235,10.34,4.084622823984526
1500491887742550016,1788829209000-632578958264631296-1500491887742550016,1788829209000,1788834041000,1,42.105,14.532,2.8973988439306355
1428031634325635072,1788835680000-632578958264631296-1428031634325635072,1788835680000,1788840291000,1,42.05,18.203,2.3100587815195297
1170761528379441152,1788851133000-632578958264631296-1170761528379441152,1788851133000,1788858854000,1,41.979,15.84,2.650189393939394
869954569466019840,1788825712000-632578958264631296-869954569466019840,1788825712000,1788829428000,1,41.939,10.735,3.9067536096879367
951556794549796864,1788863009000-632578958264631296-951556794549796864,1788863009000,1788867342000,1,41.928,14.612,2.869422392554065
787737136659955712,1788825237000-632578958264631296-787737136659955712,1788825237000,1788829397000,1,41.924,9.31,4.5031149301825995
946025328671719424,1788826786000-632578958264631296-946025328671719424,1788826786000,1788830784000,1,41.823,17.364,2.40860400829302
1464283595349688320,1788867030000-632578958264631296-1464283595349688320,1788867030000,1788871222000,1,41.696,17.664,2.360507246376811
819592403370377216,1788893667000-632578958264631296-819592403370377216,1788893667000,1788898075000,1,41.674,12.604,3.3064106632814982
786246735176400896,1788858609000-632578958264631296-786246735176400896,1788858609000,1788862706000,1,41.552,13.62,3.0508076358296625
1067763903368265728,1788838477000-632578958264631296-1067763903368265728,1788838477000,1788844489000,1,41.529,22.113,1.8780355447022115
1500484476822618112,1788831865000-632578958264631296-1500484476822618112,1788831865000,1788836912000,1,41.5,17.5,2.3714285714285714
780451764301201408,1788875266000-632578958264631296-780451764301201408,1788875266000,1788879958000,1,41.467,14.191,2.9220632795433725
819592403370377216,1788869966000-632578958264631296-819592403370377216,1788869966000,1788874582000,1,41.439,12.674,3.2696070695912893
1138783076164304896,1788870152000-632578958264631296-1138783076164304896,1788870152000,1788875009000,1,41.438,8.672,4.778367158671586
1385305434218299392,1788873025000-632578958264631296-1385305434218299392,1788873025000,1788876859000,1,41.24,17.983,2.2932769838180502
1050037649940676608,1788828783000-632578958264631296-1050037649940676608,1788828783000,1788832474000,1,41.232,19.6,2.103673469387755
1105915143314735104,1788858663000-632578958264631296-1105915143314735104,1788858663000,1788863668000,1,41.082,20.496,2.004391100702576
1385588816730914816,1788858809000-632578958264631296-1385588816730914816,1788858809000,1788863590000,1,40.97,16.326,2.509494058556903
1294704486559776768,1788860017000-632578958264631296-1294704486559776768,1788860017000,1788864027000,1,40.959,9.838,4.1633462085789805
1050037424450699264,1788860037000-632578958264631296-1050037424450699264,1788860037000,1788864066000,1,40.951,9.869,4.149457898469956
1083726423769743360,1788858607000-632578958264631296-1083726423769743360,1788858607000,1788863033000,1,40.949,14.369,2.8498155751966037
866245373776101376,1788870141000-632578958264631296-866245373776101376,1788870141000,1788873497000,1,40.945,12.223,3.349832283400147
934473019407990784,1788880117000-632578958264631296-934473019407990784,1788880117000,1788885255000,1,40.907,21.596,1.8941933691424335
871730443827806208,1788826241000-632578958264631296-871730443827806208,1788826241000,1788829497000,1,40.768,8.147,5.004050570762244
971379691866816512,1788879817000-632578958264631296-971379691866816512,1788879817000,1788883846000,1,40.728,12.644,3.2211325529895602
970285003134992384,1788838171000-632578958264631296-970285003134992384,1788838171000,1788841716000,1,40.698,12.089,3.36653155761436
1209168031477923840,1788827707000-632578958264631296-1209168031477923840,1788827707000,1788832558000,1,40.673,12.346,3.294427344889033
862693652038680576,1788837806000-632578958264631296-862693652038680576,1788837806000,1788841793000,1,40.627,17.604,2.307827766416724
1505944797024616448,1788854947000-632578958264631296-1505944797024616448,1788854947000,1788859629000,1,40.528,9.684,4.185047501032631
1535700301011484672,1788823567000-632578958264631296-1535700301011484672,1788823567000,1788826642000,1,40.527,8.846,4.5813927198733895
942723675356921856,1788863387000-632578958264631296-942723675356921856,1788863387000,1788867187000,1,40.473,16.348,2.4757156838757037
928334310946111488,1788847254000-632578958264631296-928334310946111488,1788847254000,1788850552000,1,40.447,18.991,2.129798325522616
780451764301201408,1788865951000-632578958264631296-780451764301201408,1788865951000,1788871084000,1,40.359,14.807,2.725670291078544
942469459329679360,1788839134000-632578958264631296-942469459329679360,1788839134000,1788845122000,1,40.307,25.001,1.6122155113795449
1454186236603269120,1788911884000-632578958264631296-1454186236603269120,1788911884000,1788915271000,1,40.187,12.775,3.145753424657534
1385305554984894464,1788828219000-632578958264631296-1385305554984894464,1788828219000,1788832427000,1,40.176,18.511,2.170385176381611
1500145408670695424,1788840289000-632578958264631296-1500145408670695424,1788840289000,1788844183000,1,40.17,7.472,5.376070663811563
940245549137788928,1788831092000-632578958264631296-940245549137788928,1788831092000,1788836215000,1,40.141,11.395,3.522685388328214
812260483275948032,1788844511000-632578958264631296-812260483275948032,1788844511000,1788849271000,1,40.066,17.115,2.340987437919954
1489984398731247616,1788881601000-632578958264631296-1489984398731247616,1788881601000,1788885527000,1,40.043,11.73,3.4137254901960783
951559578305167360,1788867200000-632578958264631296-951559578305167360,1788867200000,1788871657000,1,40.005,11.4,3.5092105263157896
1536014589357981696,1788907880000-632578958264631296-1536014589357981696,1788907880000,1788912828000,1,39.933,8.661,4.610668514028403
1471144582421938176,1788872204000-632578958264631296-1471144582421938176,1788872204000,1788876273000,1,39.914,7.677,5.1991663410186275
1131239476161413120,1788825676000-632578958264631296-1131239476161413120,1788825676000,1788832363000,1,39.897,10.919,3.6539060353512225
940245549137788928,1788909452000-632578958264631296-940245549137788928,1788909452000,1788913198000,1,39.852,9.551,4.1725473772379855
931855689733636096,1788883091000-632578958264631296-931855689733636096,1788883091000,1788889906000,1,39.788,19.677,2.0220562077552473
1500136074981146624,1788880584000-632578958264631296-1500136074981146624,1788880584000,1788885411000,1,39.72,15.921,2.4948181646881475
929711155667009536,1788861070000-632578958264631296-929711155667009536,1788861070000,1788868322000,1,39.659,26.906,1.4739834981045121
1087441747748847616,1788840605000-632578958264631296-1087441747748847616,1788840605000,1788846763000,1,39.633,13.912,2.848835537665325
873570129613422592,1788856917000-632578958264631296-873570129613422592,1788856917000,1788861824000,1,39.568,14.518,2.7254442760710837
1080818558042112000,1788834610000-632578958264631296-1080818558042112000,1788834610000,1788838634000,1,39.542,7.891,5.011025218603472
873201356771426304,1788834574000-632578958264631296-873201356771426304,1788834574000,1788838483000,1,39.528,8.144,4.8536345776031435
939139369715892224,1788849468000-632578958264631296-939139369715892224,1788849468000,1788854959000,1,39.497,8.393,4.705945430716072
1049341310072258560,1788855161000-632578958264631296-1049341310072258560,1788855161000,1788858988000,1,39.35,14.085,2.7937522186723465
798991075485155328,1788877936000-632578958264631296-798991075485155328,1788877936000,1788882919000,1,39.301,15.5,2.535548387096774
780085706063085568,1788908300000-632578958264631296-780085706063085568,1788908300000,1788911734000,1,39.27,6.513,6.029479502533396
1101157025884143616,1788830307000-632578958264631296-1101157025884143616,1788830307000,1788833869000,1,39.255,11.203,3.50397215031688
906553960083488768,1788856542000-632578958264631296-906553960083488768,1788856542000,1788865630000,1,39.226,18.469,2.123883263847528
1067775916656033792,1788843503000-632578958264631296-1067775916656033792,1788843503000,1788846801000,1,39.112,9.075,4.309862258953169
1157003119578578944,1788872260000-632578958264631296-1157003119578578944,1788872260000,1788877167000,1,39.092,19.782,1.976139925184511
1072572023244324864,1788848350000-632578958264631296-1072572023244324864,1788848350000,1788852093000,1,39.03,7.537,5.1784529653708375
873101078441230336,1788872355000-632578958264631296-873101078441230336,1788872355000,1788877559000,1,38.95,19.461,2.0014387749858695
931856805720489984,1788853184000-632578958264631296-931856805720489984,1788853184000,1788856901000,1,38.864,11.203,3.4690707846112647
1083728582527680512,1788871560000-632578958264631296-1083728582527680512,1788871560000,1788875169000,1,38.813,8.199,4.733869984144408
847116116999274496,1788845503000-632578958264631296-847116116999274496,1788845503000,1788851005000,1,38.675,19.029,2.0324241946502704
1536402078727929856,1788835748000-632578958264631296-1536402078727929856,1788835748000,1788839303000,1,38.634,8.654,4.464293968107234
871764525957775360,1788883164000-632578958264631296-871764525957775360,1788883164000,1788888847000,1,38.604,12.939,2.9835381405054484
1079444806125486080,1788865883000-632578958264631296-1079444806125486080,1788865883000,1788868911000,1,38.601,11.299,3.4163200283210906
866245317551456256,1788868154000-632578958264631296-866245317551456256,1788868154000,1788871992000,1,38.58,10.971,3.5165436149849603
940988876032311296,1788843335000-632578958264631296-940988876032311296,1788843335000,1788847370000,1,38.568,11.436,3.3725078698845747
794950170587430912,1788831908000-632578958264631296-794950170587430912,1788831908000,1788835613000,1,38.461,7.689,5.002080894784757
939141093658722304,1788860705000-632578958264631296-939141093658722304,1788860705000,1788864639000,1,38.318,15.94,2.403889585947302
1593331058084937728,1788832978000-632578958264631296-1593331058084937728,1788832978000,1788836456000,1,38.312,8.166,4.69164829782023
1540361293100220416,1788835044000-632578958264631296-1540361293100220416,1788835044000,1788838128000,1,38.191,13.27,2.8779954785229847
1536014517601828864,1788834850000-632578958264631296-1536014517601828864,1788834850000,1788839097000,1,38.166,12.732,2.9976437323279925
1428033112889098240,1788871120000-632578958264631296-1428033112889098240,1788871120000,1788875225000,1,38.148,7.581,5.03205381875742
939545725614686208,1788849201000-632578958264631296-939545725614686208,1788849201000,1788853937000,1,38.108,17.815,2.1390962671905696
1076923321632686080,1788878636000-632578958264631296-1076923321632686080,1788878636000,1788883189000,1,38.082,12.293,3.097860571056699
866245373776101376,1788875786000-632578958264631296-866245373776101376,1788875786000,1788880514000,1,38.032,15.567,2.4431168497462576
971379691866816512,1788825786000-632578958264631296-971379691866816512,1788825786000,1788830733000,1,37.966,21.719,1.7480546986509506
1389243774684626944,1788843614000-632578958264631296-1389243774684626944,1788843614000,1788848966000,1,37.956,13.699,2.7707131907438503
1209168031477923840,1788853896000-632578958264631296-1209168031477923840,1788853896000,1788857895000,1,37.931,12.56,3.0199840764331207
942721856836730880,1788865882000-632578958264631296-942721856836730880,1788865882000,1788869443000,1,37.766,12.456,3.0319524727039178
1152269748554170368,1788832515000-632578958264631296-1152269748554170368,1788832515000,1788838359000,1,37.764,13.668,2.7629499561018442
1501933614227521536,1788848185000-632578958264631296-1501933614227521536,1788848185000,1788853211000,1,37.724,19.288,1.95582745748652
964169792938311680,1788833991000-632578958264631296-964169792938311680,1788833991000,1788837413000,1,37.688,7.61,4.952431011826544
819592403370377216,1788885032000-632578958264631296-819592403370377216,1788885032000,1788889071000,1,37.632,11.419,3.295560031526403
1536014577374855168,1788845990000-632578958264631296-1536014577374855168,1788845990000,1788849578000,1,37.607,10.637,3.535489329698223
1181299462874595328,1788843981000-632578958264631296-1181299462874595328,1788843981000,1788846906000,1,37.589,8.532,4.405649320206282
1294723291725955072,1788830610000-632578958264631296-1294723291725955072,1788830610000,1788835066000,1,37.571,13.276,2.829993974088581
819592403370377216,1788828082000-632578958264631296-819592403370377216,1788828082000,1788831486000,1,37.499,11.522,3.2545565006075337
1073201833905750016,1788829150000-632578958264631296-1073201833905750016,1788829150000,1788834268000,1,37.494,15.41,2.4330953926022065
942721856836730880,1788876137000-632578958264631296-942721856836730880,1788876137000,1788879605000,1,37.457,10.07,3.7196623634558095
942721856836730880,1788833273000-632578958264631296-942721856836730880,1788833273000,1788836881000,1,37.399,10.915,3.42638570774164
1484590862305329152,1788847439000-632578958264631296-1484590862305329152,1788847439000,1788854640000,1,37.331,9.0,4.14788888888889
1488156479612518400,1788908477000-632578958264631296-1488156479612518400,1788908477000,1788912111000,1,37.32,6.627,5.6315074694431875
1083726423769743360,1788850380000-632578958264631296-1083726423769743360,1788850380000,1788853756000,1,37.292,14.371,2.5949481594878576
946032744595456000,1788829285000-632578958264631296-946032744595456000,1788829285000,1788834578000,1,37.209,13.61,2.7339456282145487
932612842287267840,1788867692000-632578958264631296-932612842287267840,1788867692000,1788871479000,1,37.116,15.233,2.436552222149281
942723675356921856,1788824697000-632578958264631296-942723675356921856,1788824697000,1788828476000,1,36.982,17.468,2.1171284634760705
940246123384143872,1788837038000-632578958264631296-940246123384143872,1788837038000,1788841418000,1,36.944,18.455,2.001842319154701
1428064485414797312,1788850507000-632578958264631296-1428064485414797312,1788850507000,1788853531000,1,36.863,15.707,2.346915388043547
1067774753596506112,1788868565000-632578958264631296-1067774753596506112,1788868565000,1788872724000,1,36.823,9.454,3.8949650941400464
1083726561296777216,1788870425000-632578958264631296-1083726561296777216,1788870425000,1788875375000,1,36.749,14.957,2.4569766664438055
1289307004661137408,1788882445000-632578958264631296-1289307004661137408,1788882445000,1788886778000,1,36.746,15.329,2.397155717920282
1134878026966761472,1788821428000-632578958264631296-1134878026966761472,1788821428000,1788826860000,1,36.715,19.202,1.9120404124570358
1536427445069021184,1788883768000-632578958264631296-1536427445069021184,1788883768000,1788887465000,1,36.709,13.343,2.751180394214195
1067764779667423232,1788887464000-632578958264631296-1067764779667423232,1788887464000,1788891795000,1,36.678,7.317,5.01271012710127
1475453057469775872,1788885334000-632578958264631296-1475453057469775872,1788885334000,1788888929000,1,36.645,15.078,2.4303621169916436
1089902742123577344,1788874821000-632578958264631296-1089902742123577344,1788874821000,1788878010000,1,36.639,12.325,2.9727383367139963
1079787761596104704,1788848855000-632578958264631296-1079787761596104704,1788848855000,1788852181000,1,36.595,6.681,5.47747343212094
1067765133431799808,1788860110000-632578958264631296-1067765133431799808,1788860110000,1788863601000,1,36.561,13.984,2.614487986270023
1080454515951403008,1788848977000-632578958264631296-1080454515951403008,1788848977000,1788852380000,1,36.55,8.45,4.325443786982248
935951856658546688,1788840237000-632578958264631296-935951856658546688,1788840237000,1788844232000,1,36.541,16.5,2.2146060606060605
1536014688339361792,1788841621000-632578958264631296-1536014688339361792,1788841621000,1788844621000,1,36.5,12.961,2.8161407298819534
1067765061260410880,1788827254000-632578958264631296-1067765061260410880,1788827254000,1788830723000,1,36.443,10.666,3.416744796549784
1067775916656033792,1788831364000-632578958264631296-1067775916656033792,1788831364000,1788834667000,1,36.394,8.365,4.350747160789002
1087441747748847616,1788853409000-632578958264631296-1087441747748847616,1788853409000,1788856420000,1,36.375,15.887,2.2896078554793227
1525526061327056896,1788883753000-632578958264631296-1525526061327056896,1788883753000,1788886909000,1,36.371,12.14,2.9959637561779244
946032744595456000,1788843802000-632578958264631296-946032744595456000,1788843802000,1788848190000,1,36.206,23.026,1.572396421436637
1537822792169291776,1788867546000-632578958264631296-1537822792169291776,1788867546000,1788871044000,1,36.14,12.369,2.9218206807340934
780451764301201408,1788909294000-632578958264631296-780451764301201408,1788909294000,1788912936000,1,36.138,12.067,2.9947791497472442
1486725792942522368,1788827075000-632578958264631296-1486725792942522368,1788827075000,1788831468000,1,36.095,12.479,2.892459331677218
1088485622458351616,1788860896000-632578958264631296-1088485622458351616,1788860896000,1788865454000,1,36.086,17.592,2.051273306048204
1152269748554170368,1788867618000-632578958264631296-1152269748554170368,1788867618000,1788871227000,1,35.971,10.308,3.489619712844392
1345798361172672512,1788853286000-632578958264631296-1345798361172672512,1788853286000,1788856568000,1,35.961,12.003,2.9960009997500623
946034884164452352,1788899374000-632578958264631296-946034884164452352,1788899374000,1788903278000,1,35.922,7.251,4.9540752999586255
1105914583932993536,1788899342000-632578958264631296-1105914583932993536,1788899342000,1788903272000,1,35.914,7.265,4.94342739160358
1299087047838924800,1788885975000-632578958264631296-1299087047838924800,1788885975000,1788890091000,1,35.898,14.224,2.523762654668167
1050037424450699264,1788833958000-632578958264631296-1050037424450699264,1788833958000,1788837827000,1,35.883,10.786,3.326812534767291
952583803866447872,1788906400000-632578958264631296-952583803866447872,1788906400000,1788913064000,1,35.864,16.129,2.223572447144894
1294704486559776768,1788833940000-632578958264631296-1294704486559776768,1788833940000,1788837127000,1,35.846,9.041,3.9648268996792386
942469459329679360,1788824614000-632578958264631296-942469459329679360,1788824614000,1788828745000,1,35.772,15.262,2.3438605687328002
1148896718033518592,1788855501000-632578958264631296-1148896718033518592,1788855501000,1788860593000,1,35.755,15.614,2.2899321122069938
946027472992862208,1788837381000-632578958264631296-946027472992862208,1788837381000,1788840790000,1,35.713,10.266,3.4787648548607053
1079796452147855360,1788861618000-632578958264631296-1079796452147855360,1788861618000,1788864971000,1,35.7,10.739,3.3243318744762083
906553960083488768,1788874101000-632578958264631296-906553960083488768,1788874101000,1788878266000,1,35.683,20.939,1.704140598882468
803716121332023296,1788894991000-632578958264631296-803716121332023296,1788894991000,1788898107000,1,35.658,5.652,6.30891719745223
1105914583932993536,1788864577000-632578958264631296-1105914583932993536,1788864577000,1788868378000,1,35.63,7.501,4.750033328889481
932333591893901312,1788907500000-632578958264631296-932333591893901312,1788907500000,1788911914000,1,35.471,13.567,2.614505786098621
1138783468012961792,1788851894000-632578958264631296-1138783468012961792,1788851894000,1788856200000,1,35.466,17.974,1.9731834872593748
1050036721544069120,1788835763000-632578958264631296-1050036721544069120,1788835763000,1788839512000,1,35.452,13.72,2.583965014577259
1536014625517076480,1788857884000-632578958264631296-1536014625517076480,1788857884000,1788861715000,1,35.447,20.884,1.6973280980655048
973914141028777984,1788852948000-632578958264631296-973914141028777984,1788852948000,1788858052000,1,35.331,10.742,3.2890523180040963
1101156788989853696,1788861656000-632578958264631296-1101156788989853696,1788861656000,1788864690000,1,35.33,8.329,4.241805738984271
1362452416535986176,1788838007000-632578958264631296-1362452416535986176,1788838007000,1788841575000,1,35.324,6.314,5.594551789673741
1471144582421938176,1788834681000-632578958264631296-1471144582421938176,1788834681000,1788837402000,1,35.314,10.779,3.276185174877076
812260483275948032,1788838259000-632578958264631296-812260483275948032,1788838259000,1788841594000,1,35.229,12.974,2.715353784492061
792451146961649664,1788871888000-632578958264631296-792451146961649664,1788871888000,1788877899000,1,35.183,18.5,1.9017837837837839
929711155667009536,1788844513000-632578958264631296-929711155667009536,1788844513000,1788847840000,1,35.108,13.31,2.637716003005259
1536402078727929856,1788877847000-632578958264631296-1536402078727929856,1788877847000,1788881673000,1,35.081,7.094,4.945164928108261
1083726887294861312,1788848846000-632578958264631296-1083726887294861312,1788848846000,1788851895000,1,35.071,12.771,2.7461436066087224
1073201833905750016,1788871404000-632578958264631296-1073201833905750016,1788871404000,1788875852000,1,35.055,15.42,2.2733463035019454
1067774958987378688,1788831332000-632578958264631296-1067774958987378688,1788831332000,1788834457000,1,34.87,12.739,2.7372635214695027
1073663863301341184,1788830510000-632578958264631296-1073663863301341184,1788830510000,1788834026000,1,34.833,14.533,2.3968210280052293
1131239834900234240,1788831287000-632578958264631296-1131239834900234240,1788831287000,1788834830000,1,34.831,15.406,2.2608723873815397
1535700301011484672,1788866010000-632578958264631296-1535700301011484672,1788866010000,1788868779000,1,34.739,7.435,4.67236045729657
952249131684855808,1788897652000-632578958264631296-952249131684855808,1788897652000,1788904011000,1,34.661,10.571,3.2788761706555674
1067774753596506112,1788840135000-632578958264631296-1067774753596506112,1788840135000,1788843294000,1,34.6,7.569,4.571277579601004
973914141028777984,1788875139000-632578958264631296-973914141028777984,1788875139000,1788879881000,1,34.553,10.543,3.2773404154415253
939546576563470336,1788870000000-632578958264631296-939546576563470336,1788870000000,1788873451000,1,34.521,15.636,2.2077897160399083
943818542875148288,1788848229000-632578958264631296-943818542875148288,1788848229000,1788851659000,1,34.375,7.152,4.806347874720358
861290333428776960,1788831112000-632578958264631296-861290333428776960,1788831112000,1788834564000,1,34.335,15.658,2.192808787840082
1041007225465733120,1788870547000-632578958264631296-1041007225465733120,1788870547000,1788874270000,1,34.326,10.244,3.350839515814135
1067765133431799808,1788877080000-632578958264631296-1067765133431799808,1788877080000,1788880861000,1,34.236,14.205,2.4101372756071804
1065304732634972160,1788865905000-632578958264631296-1065304732634972160,1788865905000,1788870782000,1,34.125,14.486,2.355722766809333
1103352309556969472,1788830651000-632578958264631296-1103352309556969472,1788830651000,1788833307000,1,34.118,6.712,5.083134684147796
1428064485414797312,1788904634000-632578958264631296-1428064485414797312,1788904634000,1788909667000,1,34.064,16.505,2.0638594365343836
819592403370377216,1788823721000-632578958264631296-819592403370377216,1788823721000,1788826652000,1,34.04,9.351,3.64025237942466
938500415001985024,1788866347000-632578958264631296-938500415001985024,1788866347000,1788871753000,1,33.929,10.383,3.2677453529808345
847116116999274496,1788838658000-632578958264631296-847116116999274496,1788838658000,1788843905000,1,33.918,15.95,2.1265203761755487
932302785804763136,1788873587000-632578958264631296-932302785804763136,1788873587000,1788876580000,1,33.917,6.312,5.373415716096324
939546232131420160,1788869990000-632578958264631296-939546232131420160,1788869990000,1788873364000,1,33.898,15.064,2.250265533722783
943458912718290944,1788824549000-632578958264631296-943458912718290944,1788824549000,1788827769000,1,33.878,6.934,4.8857802134410155
1083729116835872768,1788837998000-632578958264631296-1083729116835872768,1788837998000,1788841829000,1,33.849,6.711,5.043808672329011
879404563604439040,1788840178000-632578958264631296-879404563604439040,1788840178000,1788843237000,1,33.826,7.272,4.651540154015401
942426738309201920,1788894289000-632578958264631296-942426738309201920,1788894289000,1788901240000,1,33.799,9.759,3.4633671482733885
1499777554695847936,1788889889000-632578958264631296-1499777554695847936,1788889889000,1788892992000,1,33.732,6.228,5.416184971098266
873570129613422592,1788839160000-632578958264631296-873570129613422592,1788839160000,1788841894000,1,33.713,9.419,3.57925469795095
1083726517403385856,1788889871000-632578958264631296-1083726517403385856,1788889871000,1788892786000,1,33.672,6.829,4.930736564650754
906553960083488768,1788849609000-632578958264631296-906553960083488768,1788849609000,1788856003000,1,33.65,15.368,2.1896147839666837
1088512574191828992,1788856075000-632578958264631296-1088512574191828992,1788856075000,1788858804000,1,33.642,9.0,3.7380000000000004
1065304732634972160,1788846769000-632578958264631296-1065304732634972160,1788846769000,1788851192000,1,33.625,11.916,2.821836186639812
1083778254826897408,1788843531000-632578958264631296-1083778254826897408,1788843531000,1788848131000,1,33.595,23.518,1.4284803129517816
1120316268595904512,1788848692000-632578958264631296-1120316268595904512,1788848692000,1788852758000,1,33.503,15.183,2.2066126588948167
1371466234314358784,1788878188000-632578958264631296-1371466234314358784,1788878188000,1788881582000,1,33.486,14.86,2.2534320323014803
906553960083488768,1788870874000-632578958264631296-906553960083488768,1788870874000,1788874099000,1,33.483,11.536,2.9024791955617197
947926207788220416,1788828244000-632578958264631296-947926207788220416,1788828244000,1788833031000,1,33.467,18.664,1.7931311615945134
794219272623620096,1788848857000-632578958264631296-794219272623620096,1788848857000,1788852177000,1,33.461,7.09,4.719464033850493
1081614639520808960,1788826050000-632578958264631296-1081614639520808960,1788826050000,1788830403000,1,33.374,12.467,2.676987246330312
1385588909638942720,1788828058000-632578958264631296-1385588909638942720,1788828058000,1788831878000,1,33.333,12.644,2.6362701676684592
1422205634715058176,1788828745000-632578958264631296-1422205634715058176,1788828745000,1788833178000,1,33.319,12.954,2.572101281457465
951557397191589888,1788863638000-632578958264631296-951557397191589888,1788863638000,1788866423000,1,33.281,13.725,2.4248451730418945
1050035941135089664,1788828688000-632578958264631296-1050035941135089664,1788828688000,1788831683000,1,33.221,13.589,2.4446979174332175
951557397191589888,1788868151000-632578958264631296-951557397191589888,1788868151000,1788871849000,1,33.204,14.374,2.310004174203423
1471144582421938176,1788838206000-632578958264631296-1471144582421938176,1788838206000,1788841443000,1,33.201,12.578,2.639608840833201
1132636093246603264,1788847327000-632578958264631296-1132636093246603264,1788847327000,1788850297000,1,33.126,12.896,2.568703473945409
1050037591694376960,1788856625000-632578958264631296-1050037591694376960,1788856625000,1788859525000,1,33.105,7.906,4.187326081457121
1083726887294861312,1788845882000-632578958264631296-1083726887294861312,1788845882000,1788848723000,1,33.1,11.883,2.7854918791550958
1050036019790872576,1788851632000-632578958264631296-1050036019790872576,1788851632000,1788854852000,1,33.086,10.794,3.065221419307022
1422205727123963904,1788825149000-632578958264631296-1422205727123963904,1788825149000,1788828999000,1,33.041,7.081,4.666148849032622
1299087047838924800,1788862348000-632578958264631296-1299087047838924800,1788862348000,1788865592000,1,33.022,10.825,3.0505311778290993
1067775149379420160,1788838382000-632578958264631296-1067775149379420160,1788838382000,1788841411000,1,32.998,6.576,5.01794403892944
1385589109656911872,1788828543000-632578958264631296-1385589109656911872,1788828543000,1788832815000,1,32.948,13.622,2.4187344002349143
1088485622458351616,1788867301000-632578958264631296-1088485622458351616,1788867301000,1788871865000,1,32.932,9.136,3.604640980735552
1371466234314358784,1788881586000-632578958264631296-1371466234314358784,1788881586000,1788885598000,1,32.929,12.563,2.6211096075778078
797458881650360320,1788832363000-632578958264631296-797458881650360320,1788832363000,1788835649000,1,32.897,5.622,5.851476342938456
861290333428776960,1788836306000-632578958264631296-861290333428776960,1788836306000,1788839758000,1,32.805,15.446,2.123850835167681
1540361293100220416,1788856988000-632578958264631296-1540361293100220416,1788856988000,1788859512000,1,32.651,11.441,2.8538589284153484
1071457116943810560,1788827242000-632578958264631296-1071457116943810560,1788827242000,1788830271000,1,32.649,12.522,2.607331097268807
943819597830684672,1788873678000-632578958264631296-943819597830684672,1788873678000,1788877635000,1,32.645,13.227,2.468057760641113
1050024168621342720,1788827287000-632578958264631296-1050024168621342720,1788827287000,1788830364000,1,32.617,6.218,5.245577356063042
1079095522620342272,1788825504000-632578958264631296-1079095522620342272,1788825504000,1788829702000,1,32.543,16.584,1.9623130728412927
857602255610707968,1788911338000-632578958264631296-857602255610707968,1788911338000,1788913872000,1,32.529,6.499,5.005231574088322
809467481230934016,1788833783000-632578958264631296-809467481230934016,1788833783000,1788838539000,1,32.48,7.857,4.133893343515336
1050781532765028352,1788828772000-632578958264631296-1050781532765028352,1788828772000,1788834893000,1,32.405,13.999,2.314808200585756
1464283595349688320,1788857356000-632578958264631296-1464283595349688320,1788857356000,1788861810000,1,32.395,17.541,1.8468160310130552
938500415001985024,1788892426000-632578958264631296-938500415001985024,1788892426000,1788896403000,1,32.393,9.985,3.2441662493740613
1072871041421803520,1788909822000-632578958264631296-1072871041421803520,1788909822000,1788914157000,1,32.372,16.475,1.9649165402124429
1083016936570224640,1788828992000-632578958264631296-1083016936570224640,1788828992000,1788832292000,1,32.345,9.592,3.372080900750625
1088168906306093056,1788828660000-632578958264631296-1088168906306093056,1788828660000,1788832528000,1,32.34,10.457,3.092665200344267
871764525957775360,1788863534000-632578958264631296-871764525957775360,1788863534000,1788867579000,1,32.222,10.186,3.163361476536423
1071018553202704384,1788841451000-632578958264631296-1071018553202704384,1788841451000,1788844840000,1,32.18,7.227,4.452746644527466
1073663863301341184,1788836299000-632578958264631296-1073663863301341184,1788836299000,1788839667000,1,32.138,15.297,2.1009348238216643
946025328671719424,1788835680000-632578958264631296-946025328671719424,1788835680000,1788838543000,1,32.126,11.015,2.9165683159328184
794219272623620096,1788869947000-632578958264631296-794219272623620096,1788869947000,1788872965000,1,32.102,5.591,5.741727776784116
946027472992862208,1788831767000-632578958264631296-946027472992862208,1788831767000,1788835248000,1,32.1,12.908,2.48682987294701
869905949161160704,1788833661000-632578958264631296-869905949161160704,1788833661000,1788836603000,1,32.088,5.987,5.359612493736429
1536014758619119616,1788864981000-632578958264631296-1536014758619119616,1788864981000,1788867697000,1,32.084,11.705,2.7410508329773604
1464286677953413120,1788866717000-632578958264631296-1464286677953413120,1788866717000,1788870063000,1,31.991,12.303,2.6002600991628055
1462138214197231616,1788824442000-632578958264631296-1462138214197231616,1788824442000,1788827685000,1,31.99,10.366,3.08605054987459
1113484110199783424,1788864986000-632578958264631296-1113484110199783424,1788864986000,1788867998000,1,31.828,6.093,5.223699327096668
1536014550107684864,1788826461000-632578958264631296-1536014550107684864,1788826461000,1788830116000,1,31.793,11.629,2.7339410095451027
971379691866816512,1788875044000-632578958264631296-971379691866816512,1788875044000,1788877879000,1,31.771,12.059,2.6346297371257985
929731076446748672,1788859712000-632578958264631296-929731076446748672,1788859712000,1788863530000,1,31.75,16.972,1.8707282583078009
970288452387995648,1788848891000-632578958264631296-970288452387995648,1788848891000,1788852631000,1,31.732,13.845,2.2919465511014807
1536014609964597248,1788873001000-632578958264631296-1536014609964597248,1788873001000,1788876897000,1,31.671,8.377,3.7807090843977553
929721011920699392,1788860680000-632578958264631296-929721011920699392,1788860680000,1788864389000,1,31.642,15.304,2.0675640355462623
946025328671719424,1788851607000-632578958264631296-946025328671719424,1788851607000,1788855701000,1,31.61,14.458,2.1863328261170287
971379691866816512,1788844098000-632578958264631296-971379691866816512,1788844098000,1788848214000,1,31.605,13.896,2.2743955094991364
1103352309556969472,1788834828000-632578958264631296-1103352309556969472,1788834828000,1788837290000,1,31.579,6.329,4.989571812292621
800734942576246784,1788842438000-632578958264631296-800734942576246784,1788842438000,1788846307000,1,31.552,6.882,4.584713746004069
1072572023244324864,1788870020000-632578958264631296-1072572023244324864,1788870020000,1788872954000,1,31.472,6.422,4.900654001868578
1083729038846984192,1788849858000-632578958264631296-1083729038846984192,1788849858000,1788853591000,1,31.451,22.183,1.4177974124329442
939547417898909696,1788852009000-632578958264631296-939547417898909696,1788852009000,1788854653000,1,31.372,6.676,4.699221090473337
1068875501654769664,1788852451000-632578958264631296-1068875501654769664,1788852451000,1788856215000,1,31.365,17.504,1.791876142595978
1175796546902425600,1788909915000-632578958264631296-1175796546902425600,1788909915000,1788913707000,1,31.285,13.837,2.26096697260967
866648852977942528,1788908973000-632578958264631296-866648852977942528,1788908973000,1788912849000,1,31.283,9.561,3.2719380817906076
1082360641819246592,1788835088000-632578958264631296-1082360641819246592,1788835088000,1788838626000,1,31.274,10.075,3.104119106699752
1131240645348818944,1788826521000-632578958264631296-1131240645348818944,1788826521000,1788829614000,1,31.257,11.686,2.674739003936334
1350071704793120768,1788865872000-632578958264631296-1350071704793120768,1788865872000,1788870989000,1,31.25,27.0,1.1574074074074074
818154714091749376,1788867372000-632578958264631296-818154714091749376,1788867372000,1788871072000,1,31.249,18.747,1.6668800341387955
940988876032311296,1788834850000-632578958264631296-940988876032311296,1788834850000,1788838671000,1,31.212,8.252,3.7823557925351428
1209168031477923840,1788840575000-632578958264631296-1209168031477923840,1788840575000,1788843379000,1,31.194,9.149,3.4095529566072798
1046442077992255488,1788872188000-632578958264631296-1046442077992255488,1788872188000,1788874854000,1,31.148,6.479,4.807532026547307
1060579746913452032,1788881422000-632578958264631296-1060579746913452032,1788881422000,1788884662000,1,31.14,10.348,3.009277155005798
1188192864341852160,1788832668000-632578958264631296-1188192864341852160,1788832668000,1788835810000,1,31.047,11.766,2.6387047424783274
1406586595699589120,1788832179000-632578958264631296-1406586595699589120,1788832179000,1788837804000,1,31.041,17.288,1.7955229060620084
1088485622458351616,1788832643000-632578958264631296-1088485622458351616,1788832643000,1788837592000,1,31.008,12.036,2.5762711864406778
1525559056574447616,1788858416000-632578958264631296-1525559056574447616,1788858416000,1788861152000,1,31.0,10.001,3.0996900309969004
1093476797997121536,1788861669000-632578958264631296-1093476797997121536,1788861669000,1788864414000,1,30.994,6.618,4.683288002417648
1045014601197944832,1788878364000-632578958264631296-1045014601197944832,1788878364000,1788884207000,1,30.912,9.162,3.373935821872953
1079796452147855360,1788866631000-632578958264631296-1079796452147855360,1788866631000,1788869429000,1,30.885,8.005,3.8582136164896936
1049341310072258560,1788829544000-632578958264631296-1049341310072258560,1788829544000,1788832500000,1,30.826,9.645,3.196060134784863
873101078441230336,1788826235462-632578958264631296-873101078441230336,1788826235000,1788831794000,1,30.791,10.743,2.8661453970026995
1157003119578578944,1788828627000-632578958264631296-1157003119578578944,1788828627000,1788831714000,1,30.756,7.349,4.185059191726766
952162532812914688,1788877517000-632578958264631296-952162532812914688,1788877517000,1788881004000,1,30.726,10.909,2.816573471445595
922469481249243136,1788844230000-632578958264631296-922469481249243136,1788844230000,1788850421000,1,30.709,20.442,1.5022502690539086
1082330521322651648,1788844153000-632578958264631296-1082330521322651648,1788844153000,1788850693000,1,30.703,22.229,1.3812137298124072
1181299462874595328,1788841541000-632578958264631296-1181299462874595328,1788841541000,1788843880000,1,30.701,7.787,3.9425966354180044
1428064485414797312,1788836549000-632578958264631296-1428064485414797312,1788836549000,1788839219000,1,30.67,13.965,2.1962047977085573
1068875501654769664,1788874042000-632578958264631296-1068875501654769664,1788874042000,1788877382000,1,30.615,12.986,2.3575388880332664
951557843473924096,1788859072000-632578958264631296-951557843473924096,1788859072000,1788862954000,1,30.527,14.546,2.0986525505293554
1389244197004902400,1788833151000-632578958264631296-1389244197004902400,1788833151000,1788837881000,1,30.496,16.617,1.8352289823674548
1537822792169291776,1788851744000-632578958264631296-1537822792169291776,1788851744000,1788855787000,1,30.432,13.339,2.2814303920833643
1083727144086929408,1788880039000-632578958264631296-1083727144086929408,1788880039000,1788883138000,1,30.402,5.998,5.068689563187729
1428367002015105024,1788829365000-632578958264631296-1428367002015105024,1788829365000,1788833750000,1,30.391,11.586,2.623079578802002
1505916014645215232,1788846168000-632578958264631296-1505916014645215232,1788846168000,1788849529000,1,30.371,9.178,3.309108738287208
1259200800735887360,1788878951000-632578958264631296-1259200800735887360,1788878951000,1788884279000,1,30.367,7.484,4.057589524318546
1406229042385911808,1788876601000-632578958264631296-1406229042385911808,1788876601000,1788881613000,1,30.329,9.458,3.206703319940791
1385305554984894464,1788910215000-632578958264631296-1385305554984894464,1788910215000,1788914156000,1,30.305,12.079,2.508899743356238
964169792938311680,1788830131000-632578958264631296-964169792938311680,1788830131000,1788833029000,1,30.3,6.091,4.974552618617633
1138782810882965504,1788865512000-632578958264631296-1138782810882965504,1788865512000,1788868628000,1,30.296,12.058,2.5125228064355616
819592403370377216,1788857564000-632578958264631296-819592403370377216,1788857564000,1788860462000,1,30.288,9.384,3.227621483375959
1144224275478085632,1788874707000-632578958264631296-1144224275478085632,1788874707000,1788877597000,1,30.273,7.478,4.048274939823482
784445514740400128,1788855770000-632578958264631296-784445514740400128,1788855770000,1788859109000,1,30.233,10.001,3.0229977002299773
1536427445069021184,1788867625000-632578958264631296-1536427445069021184,1788867625000,1788870541000,1,30.222,11.715,2.5797695262483997
1405141042860130304,1788825053000-632578958264631296-1405141042860130304,1788825053000,1788828876000,1,30.174,5.504,5.482194767441861
951558414842986496,1788842605000-632578958264631296-951558414842986496,1788842605000,1788845803000,1,30.148,14.122,2.1348250955955246
1083728870357598208,1788826638000-632578958264631296-1083728870357598208,1788826638000,1788830227000,1,30.14,9.369,3.2169922083466753
1406229042385911808,1788910958000-632578958264631296-1406229042385911808,1788910958000,1788915768000,1,30.079,10.959,2.7446847340085774
946025653910634496,1788853873000-632578958264631296-946025653910634496,1788853873000,1788856729000,1,30.043,14.831,2.0256894342930347
946026878085365760,1788832775000-632578958264631296-946026878085365760,1788832775000,1788835516000,1,30.032,11.756,2.5546104117046613
970285003134992384,1788853237000-632578958264631296-970285003134992384,1788853237000,1788856019000,1,30.016,9.104,3.29701230228471
798605218047590400,1788824405000-632578958264631296-798605218047590400,1788824405000,1788827489000,1,29.873,10.543,2.8334439912738314
1050036019790872576,1788832096000-632578958264631296-1050036019790872576,1788832096000,1788835987000,1,29.872,18.286,1.6335994750082028
1050036721544069120,1788853599000-632578958264631296-1050036721544069120,1788853599000,1788857985000,1,29.821,20.376,1.4635355319984296
1536014550107684864,1788881647000-632578958264631296-1536014550107684864,1788881647000,1788885359000,1,29.766,11.477,2.593534895878714
1063501597117513728,1788861760000-632578958264631296-1063501597117513728,1788861760000,1788864752000,1,29.712,13.738,2.162760227107294
1299087047838924800,1788857163000-632578958264631296-1299087047838924800,1788857163000,1788860527000,1,29.624,11.316,2.6178861788617884
946025653910634496,1788864590000-632578958264631296-946025653910634496,1788864590000,1788867387000,1,29.544,11.709,2.5231872918268
1476549608761982976,1788876502000-632578958264631296-1476549608761982976,1788876502000,1788880843000,1,29.539,22.865,1.2918871637874483
939545725614686208,1788831168000-632578958264631296-939545725614686208,1788831168000,1788833965000,1,29.459,10.764,2.7368078781122263
1152270574152581120,1788852248000-632578958264631296-1152270574152581120,1788852248000,1788855135000,1,29.426,8.107,3.6297027260392256
1060630916881186816,1788866095000-632578958264631296-1060630916881186816,1788866095000,1788870280000,1,29.4,18.938,1.5524342591614744
926578486859005952,1788870630000-632578958264631296-926578486859005952,1788870630000,1788873640000,1,29.374,10.494,2.7991233085572707
1385305128772304896,1788825201000-632578958264631296-1385305128772304896,1788825201000,1788828352000,1,29.359,13.796,2.128080603073355
1525559056574447616,1788838332000-632578958264631296-1525559056574447616,1788838332000,1788840933000,1,29.285,9.283,3.1546913713239255
1050781532765028352,1788882736000-632578958264631296-1050781532765028352,1788882736000,1788886190000,1,29.267,11.82,2.476057529610829
1046442858321543168,1788847181000-632578958264631296-1046442858321543168,1788847181000,1788850766000,1,29.2,5.893,4.955031393178348
1152269748554170368,1788880668000-632578958264631296-1152269748554170368,1788880668000,1788884269000,1,29.184,10.826,2.69573249584334
1083726423769743360,1788829451000-632578958264631296-1083726423769743360,1788829451000,1788833175000,1,29.163,12.211,2.388256490049955
1488160320575766528,1788825248000-632578958264631296-1488160320575766528,1788825248000,1788830037000,1,29.142,17.545,1.6609860359076658
786246735176400896,1788854072000-632578958264631296-786246735176400896,1788854072000,1788856786000,1,29.002,9.924,2.922410318419992
943818542875148288,1788857685000-632578958264631296-943818542875148288,1788857685000,1788861232000,1,28.981,6.215,4.663073209975865
869905949161160704,1788843618000-632578958264631296-869905949161160704,1788843618000,1788845892000,1,28.891,4.289,6.73606901375612
934473019407990784,1788847635000-632578958264631296-934473019407990784,1788847635000,1788851964000,1,28.855,18.379,1.5699983677022689
1168836102002311168,1788857653000-632578958264631296-1168836102002311168,1788857653000,1788861129000,1,28.847,5.976,4.8271419009370815
946025653910634496,1788824804000-632578958264631296-946025653910634496,1788824804000,1788827255000,1,28.778,12.156,2.3673905890095424
1268615730958434304,1788847593000-632578958264631296-1268615730958434304,1788847593000,1788853414000,1,28.706,18.012,1.593715300910504
1050035941135089664,1788838468000-632578958264631296-1050035941135089664,1788838468000,1788844809000,1,28.675,19.775,1.4500632111251581
1132636252537880576,1788861793000-632578958264631296-1132636252537880576,1788861793000,1788864630000,1,28.655,5.816,4.926925722145805
946025653910634496,1788872161000-632578958264631296-946025653910634496,1788872161000,1788874688000,1,28.636,12.178,2.351453440630645
1105915143314735104,1788868343000-632578958264631296-1105915143314735104,1788868343000,1788871913000,1,28.6,13.336,2.1445710857828435
940246123384143872,1788865942000-632578958264631296-940246123384143872,1788865942000,1788870310000,1,28.528,16.236,1.7570830253757082
1050036904705130496,1788852824000-632578958264631296-1050036904705130496,1788852824000,1788856730000,1,28.514,10.732,2.656913902348118
1066703715756408832,1788841061000-632578958264631296-1066703715756408832,1788841061000,1788843663000,1,28.511,7.07,4.032673267326732
939545725614686208,1788839495000-632578958264631296-939545725614686208,1788839495000,1788842452000,1,28.506,12.695,2.2454509649468295
1396881508228136960,1788853506000-632578958264631296-1396881508228136960,1788853506000,1788856232000,1,28.49,9.542,2.9857472228044433
1067765133431799808,1788864284000-632578958264631296-1067765133431799808,1788864284000,1788867198000,1,28.436,11.643,2.44232586103238
970288452387995648,1788845239000-632578958264631296-970288452387995648,1788845239000,1788848744000,1,28.436,16.5,1.7233939393939395
942469459329679360,1788835513000-632578958264631296-942469459329679360,1788835513000,1788839103000,1,28.415,14.415,1.9712105445716268
873109579045535744,1788870866000-632578958264631296-873109579045535744,1788870866000,1788873178000,1,28.348,8.622,3.287868244026908
1148896718033518592,1788843206000-632578958264631296-1148896718033518592,1788843206000,1788846556000,1,28.286,9.422,3.0021226915729144
1389243774684626944,1788835655000-632578958264631296-1389243774684626944,1788835655000,1788839578000,1,28.264,12.707,2.2242858267096874
1389244197004902400,1788866064000-632578958264631296-1389244197004902400,1788866064000,1788870146000,1,28.25,21.384,1.3210811821922932
934473019407990784,1788852759000-632578958264631296-934473019407990784,1788852759000,1788856798000,1,28.242,16.381,1.7240705695622978
1475453057469775872,1788888933000-632578958264631296-1475453057469775872,1788888933000,1788892012000,1,28.22,7.486,3.769703446433342
1073201833905750016,1788835129000-632578958264631296-1073201833905750016,1788835129000,1788838809000,1,28.213,12.504,2.2563179782469613
1536014681523617792,1788826692000-632578958264631296-1536014681523617792,1788826692000,1788829127000,1,28.095,11.941,2.3528180219412107
871730443827806208,1788873474000-632578958264631296-871730443827806208,1788873474000,1788876362000,1,28.089,6.356,4.419288860918817
1073994678560358400,1788865311000-632578958264631296-1073994678560358400,1788865311000,1788867681000,1,28.012,10.674,2.6243207794641186
1111626569580806144,1788850951000-632578958264631296-1111626569580806144,1788850951000,1788854146000,1,28.004,6.266,4.46919885094159
926578486859005952,1788857462000-632578958264631296-926578486859005952,1788857462000,1788860351000,1,28.002,11.032,2.5382523567802755
1181299462874595328,1788858270000-632578958264631296-1181299462874595328,1788858270000,1788860679000,1,27.971,7.962,3.513062044712384
787737136659955712,1788872948000-632578958264631296-787737136659955712,1788872948000,1788875820000,1,27.927,6.047,4.618323135439061
946027472992862208,1788876073000-632578958264631296-946027472992862208,1788876073000,1788878734000,1,27.916,9.611,2.9045884923525125
1089902742123577344,1788828416000-632578958264631296-1089902742123577344,1788828416000,1788831213000,1,27.911,13.905,2.007263574253866
1067765133431799808,1788880867000-632578958264631296-1067765133431799808,1788880867000,1788883738000,1,27.882,13.708,2.0339947475926468
1536014681523617792,1788829971000-632578958264631296-1536014681523617792,1788829971000,1788832343000,1,27.849,10.159,2.7413131213702133
1406228892573761536,1788851049000-632578958264631296-1406228892573761536,1788851049000,1788853738000,1,27.81,10.323,2.6939843068875327
1181865650805538816,1788867148000-632578958264631296-1181865650805538816,1788867148000,1788869780000,1,27.759,5.473,5.071989767951764
1076924285072703488,1788874824000-632578958264631296-1076924285072703488,1788874824000,1788877470000,1,27.709,5.896,4.699626865671642
871730443827806208,1788832394000-632578958264631296-871730443827806208,1788832394000,1788834443000,1,27.669,6.666,4.150765076507651
1088472759995990016,1788823052000-632578958264631296-1088472759995990016,1788823052000,1788826187000,1,27.635,5.168,5.347329721362229
952162532812914688,1788847249000-632578958264631296-952162532812914688,1788847249000,1788849645000,1,27.625,8.531,3.238190130113703
869954569466019840,1788832291000-632578958264631296-869954569466019840,1788832291000,1788834459000,1,27.616,7.658,3.606163489161661
787737136659955712,1788832252000-632578958264631296-787737136659955712,1788832252000,1788834510000,1,27.606,6.432,4.291977611940299
1132636093246603264,1788857800000-632578958264631296-1132636093246603264,1788857800000,1788860087000,1,27.597,5.89,4.685398981324279
942723675356921856,1788869869000-632578958264631296-942723675356921856,1788869869000,1788873096000,1,27.595,13.224,2.0867362371445854
1071018553202704384,1788844883000-632578958264631296-1071018553202704384,1788844883000,1788847398000,1,27.543,6.229,4.421737036442447
931938734016823296,1788864005000-632578958264631296-931938734016823296,1788864005000,1788866423000,1,27.515,10.294,2.672916261900136
635414442816888832,1788828369000-632578958264631296-635414442816888832,1788828369000,1788831227000,1,27.499,12.363,2.224298309471811
1066703715756408832,1788848372000-632578958264631296-1066703715756408832,1788848372000,1788851557000,1,27.489,8.978,3.0618177767877035
1489984398731247616,1788853674000-632578958264631296-1489984398731247616,1788853674000,1788856712000,1,27.474,11.46,2.3973821989528794
1475453057469775872,1788908902000-632578958264631296-1475453057469775872,1788908902000,1788911597000,1,27.453,10.041,2.734090230056767
862287863801184256,1788842993000-632578958264631296-862287863801184256,1788842993000,1788845519000,1,27.449,5.567,4.930662834560805
1501933614227521536,1788876159000-632578958264631296-1501933614227521536,1788876159000,1788881272000,1,27.377,14.648,1.86899235390497
866648852977942528,1788862198000-632578958264631296-866648852977942528,1788862198000,1788864509000,1,27.264,7.206,3.783513738551207
862677844923252736,1788869572000-632578958264631296-862677844923252736,1788869572000,1788871813000,1,27.227,7.061,3.8559694094320918
1083727593376579584,1788861186000-632578958264631296-1083727593376579584,1788861186000,1788863490000,1,27.2,10.408,2.6133743274404306
1083727931903049728,1788866670000-632578958264631296-1083727931903049728,1788866670000,1788869980000,1,27.2,12.653,2.149687821070102
780085706063085568,1788823992000-632578958264631296-780085706063085568,1788823992000,1788827616000,1,27.188,5.686,4.781568765388673
1073277847704961024,1788824048000-632578958264631296-1073277847704961024,1788824048000,1788827653000,1,27.181,5.344,5.08626497005988
1545824860603678720,1788830345000-632578958264631296-1545824860603678720,1788830345000,1788833999000,1,27.175,7.862,3.4564996184177055
970285003134992384,1788857457000-632578958264631296-970285003134992384,1788857457000,1788860125000,1,27.124,9.108,2.9780412823891083
1083727144086929408,1788875442000-632578958264631296-1083727144086929408,1788875442000,1788879216000,1,27.009,5.635,4.793078970718723
940245549137788928,1788870376000-632578958264631296-940245549137788928,1788870376000,1788873313000,1,26.985,6.17,4.373581847649919
1131972366507704320,1788839686000-632578958264631296-1131972366507704320,1788839686000,1788842382000,1,26.97,8.561,3.1503329050344586
866648852977942528,1788832275000-632578958264631296-866648852977942528,1788832275000,1788834730000,1,26.954,6.72,4.011011904761905
1083726423769743360,1788863503000-632578958264631296-1083726423769743360,1788863503000,1788866533000,1,26.927,8.584,3.1368825722274
1070370579279773696,1788876479000-632578958264631296-1070370579279773696,1788876479000,1788879546000,1,26.889,14.181,1.896128622805162
794950170587430912,1788828558000-632578958264631296-794950170587430912,1788828558000,1788830983000,1,26.833,5.299,5.063785619928288
786246735176400896,1788863555000-632578958264631296-786246735176400896,1788863555000,1788865753000,1,26.815,7.69,3.486996098829649
866648852977942528,1788829955000-632578958264631296-866648852977942528,1788829955000,1788832265000,1,26.783,6.801,3.9380973386266724
780452749606125568,1788833326000-632578958264631296-780452749606125568,1788833326000,1788836632000,1,26.633,5.962,4.467125125796713
1396881232180019200,1788839859000-632578958264631296-1396881232180019200,1788839859000,1788843829000,1,26.63,5.38,4.949814126394052
1067774753596506112,1788843946000-632578958264631296-1067774753596506112,1788843946000,1788850540000,1,26.59,11.288,2.355598866052445
970285003134992384,1788864156000-632578958264631296-970285003134992384,1788864156000,1788867197000,1,26.548,10.149,2.61582421913489
879404563604439040,1788843913000-632578958264631296-879404563604439040,1788843913000,1788850704000,1,26.499,10.017,2.645402815214136
1120316585941139456,1788835311000-632578958264631296-1120316585941139456,1788835311000,1788838062000,1,26.459,11.98,2.2085976627712856
1536014674678513664,1788847998000-632578958264631296-1536014674678513664,1788847998000,1788851100000,1,26.402,6.524,4.046903740036788
1067767656859303936,1788848460000-632578958264631296-1067767656859303936,1788848460000,1788851157000,1,26.392,5.968,4.42225201072386
1289307004661137408,1788857533000-632578958264631296-1289307004661137408,1788857533000,1788859701000,1,26.386,6.496,4.061884236453202
1362452416535986176,1788825125000-632578958264631296-1362452416535986176,1788825125000,1788827538000,1,26.386,5.113,5.160571093291609
951556794549796864,1788879281000-632578958264631296-951556794549796864,1788879281000,1788882224000,1,26.309,5.31,4.954613935969869
947107003673608192,1788849663000-632578958264631296-947107003673608192,1788849663000,1788851902000,1,26.274,5.131,5.120639251607874
794950170587430912,1788849710000-632578958264631296-794950170587430912,1788849710000,1788851912000,1,26.239,4.982,5.26676033721397
951557843473924096,1788833835000-632578958264631296-951557843473924096,1788833835000,1788836284000,1,26.125,6.152,4.246586475942783
1126571257152667648,1788828768000-632578958264631296-1126571257152667648,1788828768000,1788832762000,1,26.115,9.715,2.6881111682964485
1047649870816477184,1788834066000-632578958264631296-1047649870816477184,1788834066000,1788836922000,1,26.075,13.023,2.0022268294555787
1132636252537880576,1788840460000-632578958264631296-1132636252537880576,1788840460000,1788842696000,1,26.038,4.855,5.36313079299691
1385305434218299392,1788877880000-632578958264631296-1385305434218299392,1788877880000,1788881021000,1,26.025,14.762,1.7629724969516325
946027472992862208,1788863114000-632578958264631296-946027472992862208,1788863114000,1788865905000,1,26.02,9.984,2.606169871794872
1464283595349688320,1788873253000-632578958264631296-1464283595349688320,1788873253000,1788875820000,1,25.999,10.469,2.483427261438533
942436996423352320,1788857499000-632578958264631296-942436996423352320,1788857499000,1788860603000,1,25.973,8.255,3.1463355542095695
1041007225465733120,1788845374000-632578958264631296-1041007225465733120,1788845374000,1788848220000,1,25.971,10.798,2.4051676236340063
862287863801184256,1788857735000-632578958264631296-862287863801184256,1788857735000,1788860336000,1,25.93,5.32,4.874060150375939
1385588816730914816,1788868389000-632578958264631296-1385588816730914816,1788868389000,1788872011000,1,25.813,9.694,2.6627811017123992
943458585302532096,1788887325000-632578958264631296-943458585302532096,1788887325000,1788892418000,1,25.735,15.476,1.6628973895063321
866648852977942528,1788868708000-632578958264631296-866648852977942528,1788868708000,1788871246000,1,25.635,8.065,3.178549287042778
784445389880164352,1788847792000-632578958264631296-784445389880164352,1788847792000,1788850596000,1,25.6,7.508,3.409696323921151
1475453057469775872,1788839907000-632578958264631296-1475453057469775872,1788839907000,1788842277000,1,25.475,9.141,2.7868942128869927
906553960083488768,1788878364000-632578958264631296-906553960083488768,1788878364000,1788884876000,1,25.454,19.631,1.2966226886047578
946027472992862208,1788848360000-632578958264631296-946027472992862208,1788848360000,1788851458000,1,25.368,12.229,2.0744132799084145
931856805720489984,1788877442000-632578958264631296-931856805720489984,1788877442000,1788880429000,1,25.335,9.823,2.579150972208083
1067775974323519488,1788876115000-632578958264631296-1067775974323519488,1788876115000,1788878606000,1,25.316,5.295,4.781114258734656
1083727593376579584,1788876544000-632578958264631296-1083727593376579584,1788876544000,1788879736000,1,25.2,16.625,1.5157894736842106
1505916014645215232,1788853664000-632578958264631296-1505916014645215232,1788853664000,1788856389000,1,25.151,6.938,3.625108100317094
1063501597117513728,1788834942000-632578958264631296-1063501597117513728,1788834942000,1788839884000,1,25.125,17.462,1.438838621005612
1477629723302428672,1788860690000-632578958264631296-1477629723302428672,1788860690000,1788862810000,1,25.039,4.904,5.105831973898859
1277220593376165888,1788910650000-632578958264631296-1277220593376165888,1788910650000,1788914050000,1,24.946,10.604,2.3525084873632593
1464283595349688320,1788861811000-632578958264631296-1464283595349688320,1788861811000,1788865996000,1,24.923,16.5,1.5104848484848483
946026878085365760,1788829278000-632578958264631296-946026878085365760,1788829278000,1788832214000,1,24.858,11.616,2.1399793388429753
1385305434218299392,1788841856000-632578958264631296-1385305434218299392,1788841856000,1788846464000,1,24.855,10.73,2.3164026095060577
1050036721544069120,1788873248000-632578958264631296-1050036721544069120,1788873248000,1788875818000,1,24.833,15.704,1.581316861946001
1132636252537880576,1788832923000-632578958264631296-1132636252537880576,1788832923000,1788835148000,1,24.831,5.645,4.3987599645704165
1389244302743306240,1788828925000-632578958264631296-1389244302743306240,1788828925000,1788835736000,1,24.831,12.023,2.0652915245778924
964169792938311680,1788846932000-632578958264631296-964169792938311680,1788846932000,1788849132000,1,24.825,4.765,5.209863588667367
1475453376262045696,1788832047000-632578958264631296-1475453376262045696,1788832047000,1788835443000,1,24.793,10.68,2.321441947565543
1385588909638942720,1788825204000-632578958264631296-1385588909638942720,1788825204000,1788827707000,1,24.789,6.127,4.045862575485556
940245549137788928,1788858337000-632578958264631296-940245549137788928,1788858337000,1788860576000,1,24.779,5.236,4.7324293353705125
1050037649940676608,1788884038000-632578958264631296-1050037649940676608,1788884038000,1788887447000,1,24.7,9.055,2.7277747101049146
870568761881526272,1788858732000-632578958264631296-870568761881526272,1788858732000,1788861477000,1,24.689,7.909,3.1216335819951953
788429534713085952,1788850169000-632578958264631296-788429534713085952,1788850169000,1788854868000,1,24.653,6.5,3.7927692307692307
1148896718033518592,1788839810000-632578958264631296-1148896718033518592,1788839810000,1788842624000,1,24.631,9.659,2.5500569417123926
1396881508228136960,1788875456000-632578958264631296-1396881508228136960,1788875456000,1788878346000,1,24.63,7.825,3.1476038338658143
876044057397166080,1788880916000-632578958264631296-876044057397166080,1788880916000,1788883773000,1,24.618,4.973,4.950331791675045
952249131684855808,1788905054000-632578958264631296-952249131684855808,1788905054000,1788907653000,1,24.611,7.874,3.1256032512065026
1136692610564358144,1788880815000-632578958264631296-1136692610564358144,1788880815000,1788883605000,1,24.562,4.588,5.353530950305144
1066703715756408832,1788857120000-632578958264631296-1066703715756408832,1788857120000,1788859752000,1,24.542,8.14,3.014987714987715
1061350361924632576,1788832261000-632578958264631296-1061350361924632576,1788832261000,1788834837000,1,24.496,6.62,3.700302114803625
951557397191589888,1788844518000-632578958264631296-951557397191589888,1788844518000,1788849173000,1,24.437,12.594,1.9403684294108308
1385304935976927232,1788862803000-632578958264631296-1385304935976927232,1788862803000,1788865354000,1,24.366,5.447,4.473288048467046
916722872880201728,1788838029000-632578958264631296-916722872880201728,1788838029000,1788841291000,1,24.323,4.95,4.913737373737374
1422205318414204928,1788876601000-632578958264631296-1422205318414204928,1788876601000,1788880479000,1,24.306,14.66,1.657980900409277
789852612550721536,1788830044000-632578958264631296-789852612550721536,1788830044000,1788832370000,1,24.261,4.001,6.063734066483378
1049976646406242304,1788885106000-632578958264631296-1049976646406242304,1788885106000,1788889437000,1,24.241,7.136,3.397001121076233
1148896718033518592,1788884210000-632578958264631296-1148896718033518592,1788884210000,1788887569000,1,24.1,8.188,2.94333170493405
1476549765217910784,1788877604000-632578958264631296-1476549765217910784,1788877604000,1788879671000,1,23.929,8.215,2.9128423615337797
1082360641819246592,1788831472000-632578958264631296-1082360641819246592,1788831472000,1788833677000,1,23.885,7.116,3.3565205171444634
1050036019790872576,1788874515000-632578958264631296-1050036019790872576,1788874515000,1788876361000,1,23.848,6.201,3.8458313175294307
929721011920699392,1788838690000-632578958264631296-929721011920699392,1788838690000,1788840875000,1,23.79,9.365,2.5403096636412172
1188192864341852160,1788854090000-632578958264631296-1188192864341852160,1788854090000,1788856380000,1,23.739,8.061,2.9449199851135095
1168836102002311168,1788843476000-632578958264631296-1168836102002311168,1788843476000,1788847291000,1,23.725,4.994,4.750700841009212
1067775916656033792,1788840903000-632578958264631296-1067775916656033792,1788840903000,1788842943000,1,23.688,5.699,4.156518687489033
1125482414773108736,1788826743000-632578958264631296-1125482414773108736,1788826743000,1788829621000,1,23.634,11.67,2.0251928020565555
1083729038846984192,1788855565000-632578958264631296-1083729038846984192,1788855565000,1788857819000,1,23.603,10.829,2.179610305660726
1540361729291059200,1788844467000-632578958264631296-1540361729291059200,1788844467000,1788847501000,1,23.451,16.273,1.4410987525348737
996809766619578368,1788849119000-632578958264631296-996809766619578368,1788849119000,1788851658000,1,23.405,13.109,1.7854146006560379
1482772108667781120,1788862069000-632578958264631296-1482772108667781120,1788862069000,1788864389000,1,23.375,7.0,3.3392857142857144
809467481230934016,1788841837000-632578958264631296-809467481230934016,1788841837000,1788845209000,1,23.362,6.148,3.7999349381912815
932613192947859456,1788836444000-632578958264631296-932613192947859456,1788836444000,1788838514000,1,23.353,5.171,4.51614774705086
970285003134992384,1788827757000-632578958264631296-970285003134992384,1788827757000,1788829790000,1,23.352,6.367,3.6676613789853936
1168836102002311168,1788848264000-632578958264631296-1168836102002311168,1788848264000,1788850645000,1,23.331,4.923,4.739183424741012
1050037649940676608,1788865515000-632578958264631296-1050037649940676608,1788865515000,1788868390000,1,23.274,13.454,1.7298944551806155
1067793936933715968,1788878762000-632578958264631296-1067793936933715968,1788878762000,1788881068000,1,23.25,11.011,2.1115248387975663
1046442858321543168,1788844361000-632578958264631296-1046442858321543168,1788844361000,1788847174000,1,23.155,4.897,4.72840514600776
928334310946111488,1788828430000-632578958264631296-928334310946111488,1788828430000,1788830842000,1,23.127,10.166,2.274936061381074
1083728870357598208,1788877360000-632578958264631296-1083728870357598208,1788877360000,1788879454000,1,23.1,5.985,3.8596491228070176
970285003134992384,1788860951000-632578958264631296-970285003134992384,1788860951000,1788863270000,1,23.089,7.719,2.991190568726519
1500484476822618112,1788861053000-632578958264631296-1500484476822618112,1788861053000,1788864682000,1,23.0,14.5,1.5862068965517242
1138783468012961792,1788856350000-632578958264631296-1138783468012961792,1788856350000,1788860212000,1,22.996,14.898,1.5435628943482347
946025653910634496,1788870017000-632578958264631296-946025653910634496,1788870017000,1788872158000,1,22.956,11.508,1.9947862356621482
943818542875148288,1788843605000-632578958264631296-943818542875148288,1788843605000,1788847068000,1,22.948,5.008,4.582268370607029
1083728919393206272,1788840094000-632578958264631296-1083728919393206272,1788840094000,1788842907000,1,22.789,8.1,2.8134567901234573
1525559056574447616,1788841523000-632578958264631296-1525559056574447616,1788841523000,1788843664000,1,22.773,7.82,2.912148337595908
1067775323560476672,1788862260000-632578958264631296-1067775323560476672,1788862260000,1788864484000,1,22.769,5.66,4.022791519434628
938815830156640256,1788835457000-632578958264631296-938815830156640256,1788835457000,1788837896000,1,22.766,4.648,4.898020654044751
879404563604439040,1788851092000-632578958264631296-879404563604439040,1788851092000,1788854453000,1,22.747,7.104,3.201998873873874
866245373776101376,1788880531000-632578958264631296-866245373776101376,1788880531000,1788882670000,1,22.745,7.161,3.1762323697807573
944573640047853568,1788841700000-632578958264631296-944573640047853568,1788841700000,1788844376000,1,22.744,4.407,5.1608804175175855
1073994678560358400,1788867685000-632578958264631296-1073994678560358400,1788867685000,1788869542000,1,22.739,7.206,3.15556480710519
942427579615281152,1788885900000-632578958264631296-942427579615281152,1788885900000,1788888075000,1,22.696,4.589,4.9457398125953365
939545725614686208,1788861588000-632578958264631296-939545725614686208,1788861588000,1788864936000,1,22.687,10.368,2.1881751543209877
1083726698509238272,1788826287000-632578958264631296-1083726698509238272,1788826287000,1788829002000,1,22.621,5.27,4.292409867172676
1073994678560358400,1788835816000-632578958264631296-1073994678560358400,1788835816000,1788837734000,1,22.603,8.093,2.79290745088348
951882940915122176,1788848762000-632578958264631296-951882940915122176,1788848762000,1788852148000,1,22.518,5.037,4.470518165574747
1067763722711203840,1788844754000-632578958264631296-1067763722711203840,1788844754000,1788847063000,1,22.451,6.533,3.4365528853512934
951557843473924096,1788862954000-632578958264631296-951557843473924096,1788862954000,1788865228000,1,22.449,4.351,5.159503562399449
1364616390270517248,1788855076000-632578958264631296-1364616390270517248,1788855076000,1788858387000,1,22.395,11.151,2.0083400591875167
1050781532765028352,1788854812000-632578958264631296-1050781532765028352,1788854812000,1788858386000,1,22.382,8.827,2.535629319134474
1299087047838924800,1788911342000-632578958264631296-1299087047838924800,1788911342000,1788914310000,1,22.375,12.765,1.752839796318057
873570129613422592,1788865244000-632578958264631296-873570129613422592,1788865244000,1788870144000,1,22.356,11.839,1.8883351634428585
1073664045493518336,1788878432000-632578958264631296-1073664045493518336,1788878432000,1788883162000,1,22.321,13.418,1.6635117007005518
869905949161160704,1788846137000-632578958264631296-869905949161160704,1788846137000,1788849314000,1,22.306,4.709,4.736886812486728
926578486859005952,1788875481000-632578958264631296-926578486859005952,1788875481000,1788877621000,1,22.264,9.212,2.4168475900998696
786329086610898944,1788890536000-632578958264631296-786329086610898944,1788890536000,1788894584000,1,22.226,13.23,1.6799697656840513
1536014625517076480,1788842568000-632578958264631296-1536014625517076480,1788842568000,1788844321000,1,22.202,7.173,3.095218179283424
1071018553202704384,1788848742000-632578958264631296-1071018553202704384,1788848742000,1788851991000,1,22.186,5.262,4.216267578867352
780451764301201408,1788860028000-632578958264631296-780451764301201408,1788860028000,1788864219000,1,22.095,12.092,1.82724115117433
1397607242391355392,1788833860000-632578958264631296-1397607242391355392,1788833860000,1788836976000,1,22.067,11.723,1.8823679945406464
1385589109656911872,1788882589000-632578958264631296-1385589109656911872,1788882589000,1788885375000,1,21.864,5.783,3.780736641881376
879404563604439040,1788869741000-632578958264631296-879404563604439040,1788869741000,1788873017000,1,21.853,7.93,2.755737704918033
939138676678459392,1788851764000-632578958264631296-939138676678459392,1788851764000,1788854915000,1,21.841,4.781,4.568291152478562
1464286463544786944,1788840546000-632578958264631296-1464286463544786944,1788840546000,1788843149000,1,21.827,8.911,2.4494445067893618
847116116999274496,1788851512000-632578958264631296-847116116999274496,1788851512000,1788854171000,1,21.827,8.807,2.478369478823663
873104331912511488,1788838406000-632578958264631296-873104331912511488,1788838406000,1788840941000,1,21.817,7.46,2.9245308310991955
1505944797024616448,1788852770000-632578958264631296-1505944797024616448,1788852770000,1788854945000,1,21.717,5.019,4.326957561267184
947583099720433664,1788869351000-632578958264631296-947583099720433664,1788869351000,1788873753000,1,21.668,9.192,2.357267188859878
1073664045493518336,1788845997000-632578958264631296-1073664045493518336,1788845997000,1788849621000,1,21.663,5.959,3.6353415002517204
1094650284191252480,1788867745000-632578958264631296-1094650284191252480,1788867745000,1788872376000,1,21.648,15.113,1.4324091841460993
1065321017443876864,1788866378000-632578958264631296-1065321017443876864,1788866378000,1788868621000,1,21.647,6.98,3.101289398280802
1536014758619119616,1788848893000-632578958264631296-1536014758619119616,1788848893000,1788851120000,1,21.621,6.931,3.119463280911845
938442824968306688,1788891131000-632578958264631296-938442824968306688,1788891131000,1788894748000,1,21.585,10.297,2.0962416237739148
943858330336493568,1788848022000-632578958264631296-943858330336493568,1788848022000,1788849668000,1,21.56,7.452,2.8931830381105743
1500136074981146624,1788854302000-632578958264631296-1500136074981146624,1788854302000,1788857100000,1,21.543,8.863,2.430666817104818
1132636843020386304,1788861474000-632578958264631296-1132636843020386304,1788861474000,1788863936000,1,21.512,6.847,3.141813933109391
1067763722711203840,1788841517000-632578958264631296-1067763722711203840,1788841517000,1788843474000,1,21.5,6.914,3.109632629447498
1109445504082640896,1788853645000-632578958264631296-1109445504082640896,1788853645000,1788855796000,1,21.5,6.885,3.122730573710966
932333591893901312,1788856525000-632578958264631296-932333591893901312,1788856525000,1788860461000,1,21.492,20.413,1.0528584725420076
1076924285072703488,1788871310000-632578958264631296-1076924285072703488,1788871310000,1788873716000,1,21.487,4.247,5.059336001883683
1079095785133441024,1788873791000-632578958264631296-1079095785133441024,1788873791000,1788875991000,1,21.44,4.784,4.481605351170569
789852692640956416,1788892374000-632578958264631296-789852692640956416,1788892374000,1788895320000,1,21.44,11.855,1.8085196119780684
870568761881526272,1788856532000-632578958264631296-870568761881526272,1788856532000,1788858531000,1,21.394,7.765,2.7551835157759177
1067774958987378688,1788836765000-632578958264631296-1067774958987378688,1788836765000,1788839374000,1,21.387,7.102,3.011405237961138
1131239834900234240,1788836794000-632578958264631296-1131239834900234240,1788836794000,1788839755000,1,21.384,7.921,2.699659133947734
1181299462874595328,1788838629000-632578958264631296-1181299462874595328,1788838629000,1788840663000,1,21.368,6.392,3.3429286608260322
948575900767617024,1788868597000-632578958264631296-948575900767617024,1788868597000,1788871296000,1,21.367,5.328,4.010322822822823
1066703715756408832,1788852139000-632578958264631296-1066703715756408832,1788852139000,1788855521000,1,21.299,7.291,2.921272802084762
1108703058243616768,1788871636000-632578958264631296-1108703058243616768,1788871636000,1788874800000,1,21.286,10.207,2.0854315665719603
1536014723353411584,1788876269000-632578958264631296-1536014723353411584,1788876269000,1788878992000,1,21.274,7.915,2.687807959570436
1462138214197231616,1788852207000-632578958264631296-1462138214197231616,1788852207000,1788854549000,1,21.253,5.815,3.654858125537403
1471144582421938176,1788841955000-632578958264631296-1471144582421938176,1788841955000,1788844340000,1,21.23,8.567,2.4781136920742384
947452563299500032,1788874929000-632578958264631296-947452563299500032,1788874929000,1788881739000,1,21.217,12.39,1.7124293785310734
944574346884546560,1788894827000-632578958264631296-944574346884546560,1788894827000,1788897080000,1,21.171,4.51,4.694235033259424
946025653910634496,1788878593000-632578958264631296-946025653910634496,1788878593000,1788880363000,1,21.161,7.653,2.765059453808964
932612842287267840,1788852537000-632578958264631296-932612842287267840,1788852537000,1788855368000,1,21.149,9.367,2.257820006405466
1462138214197231616,1788836995000-632578958264631296-1462138214197231616,1788836995000,1788840247000,1,21.124,7.347,2.875187151218184
1405177997576634368,1788825742000-632578958264631296-1405177997576634368,1788825742000,1788828304000,1,21.017,9.953,2.1116246357882047
1536014716214706176,1788836346000-632578958264631296-1536014716214706176,1788836346000,1788839131000,1,20.917,4.753,4.400799495055755
1047649870816477184,1788848350000-632578958264631296-1047649870816477184,1788848350000,1788850631000,1,20.913,8.631,2.4230100799443863
1540361729291059200,1788834862000-632578958264631296-1540361729291059200,1788834862000,1788836807000,1,20.904,4.637,4.508087125296528
946036270407090176,1788848340000-632578958264631296-946036270407090176,1788848340000,1788850466000,1,20.881,8.742,2.3885838480896817
947452563299500032,1788868082000-632578958264631296-947452563299500032,1788868082000,1788871508000,1,20.873,11.502,1.8147278734133194
939546232131420160,1788837832000-632578958264631296-939546232131420160,1788837832000,1788840575000,1,20.83,7.744,2.6898243801652892
939546576563470336,1788837831000-632578958264631296-939546576563470336,1788837831000,1788840255000,1,20.808,6.747,3.0840373499333036
1083727593376579584,1788871726000-632578958264631296-1083727593376579584,1788871726000,1788875908000,1,20.8,9.754,2.1324584785728935
870568761881526272,1788869531000-632578958264631296-870568761881526272,1788869531000,1788872262000,1,20.8,7.824,2.658486707566462
961238953837461504,1788844936000-632578958264631296-961238953837461504,1788844936000,1788848876000,1,20.79,12.916,1.6096314648497987
866648852977942528,1788834740000-632578958264631296-866648852977942528,1788834740000,1788836793000,1,20.763,5.332,3.8940360090022508
1168836102002311168,1788851471000-632578958264631296-1168836102002311168,1788851471000,1788853945000,1,20.73,3.992,5.192885771543087
1385588909638942720,1788834093000-632578958264631296-1385588909638942720,1788834093000,1788835919000,1,20.725,5.468,3.7902340892465256
1050036776183267328,1788878334000-632578958264631296-1050036776183267328,1788878334000,1788882462000,1,20.7,12.523,1.6529585562564881
1389243774684626944,1788856274000-632578958264631296-1389243774684626944,1788856274000,1788857927000,1,20.698,5.806,3.564932828108853
970285003134992384,1788825941000-632578958264631296-970285003134992384,1788825941000,1788827753000,1,20.668,6.013,3.437219358057542
869905949161160704,1788858637000-632578958264631296-869905949161160704,1788858637000,1788861116000,1,20.667,4.646,4.448342660352992
1536014505966829568,1788857378000-632578958264631296-1536014505966829568,1788857378000,1788859445000,1,20.662,5.118,4.037123876514263
952249131684855808,1788893410000-632578958264631296-952249131684855808,1788893410000,1788897646000,1,20.66,6.112,3.380235602094241
970288452387995648,1788855692000-632578958264631296-970288452387995648,1788855692000,1788858397000,1,20.635,7.575,2.7240924092409244
1079444806125486080,1788862443000-632578958264631296-1079444806125486080,1788862443000,1788865745000,1,20.586,7.923,2.5982582355168495
1067765309810671616,1788844500000-632578958264631296-1067765309810671616,1788844500000,1788846825000,1,20.563,7.07,2.908486562942008
1083727144086929408,1788830056000-632578958264631296-1083727144086929408,1788830056000,1788832677000,1,20.561,7.801,2.6356877323420074
1067763903368265728,1788851109000-632578958264631296-1067763903368265728,1788851109000,1788853639000,1,20.536,8.891,2.309751434034417
940245549137788928,1788827068000-632578958264631296-940245549137788928,1788827068000,1788828741000,1,20.525,4.151,4.944591664659118
929731076446748672,1788874055000-632578958264631296-929731076446748672,1788874055000,1788875786000,1,20.507,8.743,2.3455335697129134
1079095785133441024,1788877239000-632578958264631296-1079095785133441024,1788877239000,1788879624000,1,20.392,5.825,3.500772532188841
1083040452048846848,1788911496000-632578958264631296-1083040452048846848,1788911496000,1788914215000,1,20.337,8.474,2.3999291951852726
933416236518211584,1788825246000-632578958264631296-933416236518211584,1788825246000,1788827512000,1,20.335,4.894,4.155087862689007
1067776196789403648,1788862873000-632578958264631296-1067776196789403648,1788862873000,1788865418000,1,20.3,8.014,2.533067132518094
1350071704793120768,1788833759000-632578958264631296-1350071704793120768,1788833759000,1788837553000,1,20.292,12.844,1.579881656804734
1362128357327634432,1788908190000-632578958264631296-1362128357327634432,1788908190000,1788910882000,1,20.288,7.604,2.668069437138348
1464283595349688320,1788876145000-632578958264631296-1464283595349688320,1788876145000,1788878768000,1,20.218,9.087,2.2249367227908
932613192947859456,1788884304000-632578958264631296-932613192947859456,1788884304000,1788887749000,1,20.2,6.668,3.0293941211757645
1536014577374855168,1788826750000-632578958264631296-1536014577374855168,1788826750000,1788829203000,1,20.197,6.787,2.975836157359658
1299087047838924800,1788854017000-632578958264631296-1299087047838924800,1788854017000,1788855781000,1,20.134,7.492,2.687399893219434
1135598313102376960,1788870918000-632578958264631296-1135598313102376960,1788870918000,1788872984000,1,20.124,5.482,3.6709230207953296
1385305554984894464,1788853689000-632578958264631296-1385305554984894464,1788853689000,1788855581000,1,20.121,6.649,3.0261693487742516
1060630916881186816,1788832745000-632578958264631296-1060630916881186816,1788832745000,1788836447000,1,20.119,12.202,1.6488280609736108
1536432469593554944,1788867525000-632578958264631296-1536432469593554944,1788867525000,1788869755000,1,20.118,5.201,3.868102288021534
1120316268595904512,1788911928000-632578958264631296-1120316268595904512,1788911928000,1788914780000,1,20.094,12.677,1.5850753332807448
1070370579279773696,1788864034000-632578958264631296-1070370579279773696,1788864034000,1788866033000,1,20.084,7.298,2.7519868457111536
1175796809117728768,1788851961000-632578958264631296-1175796809117728768,1788851961000,1788854165000,1,20.073,7.995,2.5106941838649157
1536014609964597248,1788853925000-632578958264631296-1536014609964597248,1788853925000,1788856073000,1,20.036,6.127,3.2701158805288073
1067767771279917056,1788848290000-632578958264631296-1067767771279917056,1788848290000,1788850260000,1,20.019,4.001,5.003499125218695
869954569466019840,1788878909000-632578958264631296-869954569466019840,1788878909000,1788881385000,1,20.011,4.538,4.409651828999559
1067765389137543168,1788881154000-632578958264631296-1067765389137543168,1788881154000,1788882918000,1,20.006,6.446,3.103630158237667
1175796663680237568,1788847786000-632578958264631296-1175796663680237568,1788847786000,1788850193000,1,19.995,3.831,5.219263899765075
1131239137144209408,1788860103000-632578958264631296-1131239137144209408,1788860103000,1788864104000,1,19.988,6.242,3.2021787888497277
1083726698509238272,1788843295000-632578958264631296-1083726698509238272,1788843295000,1788845765000,1,19.879,4.8,4.1414583333333335
1067765189559975936,1788869884000-632578958264631296-1067765189559975936,1788869884000,1788871793000,1,19.843,3.969,4.99949609473419
1050036987500691456,1788842231000-632578958264631296-1050036987500691456,1788842231000,1788844094000,1,19.818,6.156,3.2192982456140355
1083729116835872768,1788825991000-632578958264631296-1083729116835872768,1788825991000,1788827928000,1,19.776,3.871,5.108757427021441
1079795397515280384,1788908962000-632578958264631296-1079795397515280384,1788908962000,1788913790000,1,19.769,9.405,2.101967038809144
1396881508228136960,1788859932000-632578958264631296-1396881508228136960,1788859932000,1788861932000,1,19.766,6.064,3.259564643799472
862677666426257408,1788838533000-632578958264631296-862677666426257408,1788838533000,1788840492000,1,19.674,3.757,5.2366249667287725
780085706063085568,1788911888000-632578958264631296-780085706063085568,1788911888000,1788914031000,1,19.648,3.843,5.112672391360916
1045646397224779776,1788840326000-632578958264631296-1045646397224779776,1788840326000,1788842311000,1,19.646,8.797,2.2332613390928726
1536014758619119616,1788877605000-632578958264631296-1536014758619119616,1788877605000,1788879773000,1,19.639,8.995,2.183324068927182
1088512574191828992,1788909818000-632578958264631296-1088512574191828992,1788909818000,1788913663000,1,19.6,6.681,2.9336925609938636
1428031634325635072,1788868268000-632578958264631296-1428031634325635072,1788868268000,1788870152000,1,19.526,4.618,4.2282373321784315
1083729038846984192,1788846060000-632578958264631296-1083729038846984192,1788846060000,1788848512000,1,19.515,9.03,2.1611295681063125
939547018001383424,1788865595000-632578958264631296-939547018001383424,1788865595000,1788867340000,1,19.313,7.437,2.5968804625521043
1067775323560476672,1788870661000-632578958264631296-1067775323560476672,1788870661000,1788872652000,1,19.286,4.96,3.8883064516129036
1398705978894974976,1788851869000-632578958264631296-1398705978894974976,1788851869000,1788854818000,1,19.246,8.691,2.2144747439880335
1138783468012961792,1788862171000-632578958264631296-1138783468012961792,1788862171000,1788864110000,1,19.235,7.59,2.5342555994729907
1406586595699589120,1788869266000-632578958264631296-1406586595699589120,1788869266000,1788872158000,1,19.228,6.372,3.0175768989328313
1405177997576634368,1788842146000-632578958264631296-1405177997576634368,1788842146000,1788845091000,1,19.227,8.57,2.243523920653442
1406228892573761536,1788853829000-632578958264631296-1406228892573761536,1788853829000,1788855884000,1,19.19,8.015,2.3942607610729882
871730443827806208,1788879082000-632578958264631296-871730443827806208,1788879082000,1788881122000,1,19.065,4.233,4.503897944720057
1136692610564358144,1788872457000-632578958264631296-1136692610564358144,1788872457000,1788877306000,1,18.962,5.775,3.2834632034632034
836966844580495360,1788885989000-632578958264631296-836966844580495360,1788885989000,1788888016000,1,18.909,4.105,4.606333739342265
933416236518211584,1788828798000-632578958264631296-933416236518211584,1788828798000,1788830636000,1,18.901,4.484,4.215209634255129
787737136659955712,1788879348000-632578958264631296-787737136659955712,1788879348000,1788881536000,1,18.891,3.529,5.353074525361292
1079787761596104704,1788878618000-632578958264631296-1079787761596104704,1788878618000,1788881244000,1,18.851,6.319,2.983225193859788
866648852977942528,1788860458000-632578958264631296-866648852977942528,1788860458000,1788862189000,1,18.832,5.051,3.7283706196792714
1536014667858575360,1788907677000-632578958264631296-1536014667858575360,1788907677000,1788910179000,1,18.744,4.721,3.97034526583351
1540361293100220416,1788868725000-632578958264631296-1540361293100220416,1788868725000,1788870693000,1,18.741,5.904,3.174288617886179
866245317551456256,1788910741000-632578958264631296-866245317551456256,1788910741000,1788913827000,1,18.701,8.387,2.2297603433885773
1183367596062277632,1788849728000-632578958264631296-1183367596062277632,1788849728000,1788851578000,1,18.67,8.416,2.218393536121673
1525526061327056896,1788867577000-632578958264631296-1525526061327056896,1788867577000,1788869251000,1,18.64,7.194,2.5910480956352515
1083778254826897408,1788872216000-632578958264631296-1083778254826897408,1788872216000,1788874237000,1,18.597,8.432,2.2055265654648957
1500145408670695424,1788865577000-632578958264631296-1500145408670695424,1788865577000,1788868952000,1,18.542,4.845,3.827038183694531
1488156479612518400,1788869215000-632578958264631296-1488156479612518400,1788869215000,1788871987000,1,18.472,4.684,3.9436379163108457
1361380561528029184,1788832138000-632578958264631296-1361380561528029184,1788832138000,1788835642000,1,18.375,8.5,2.161764705882353
906553960083488768,1788830914000-632578958264631296-906553960083488768,1788830914000,1788834989000,1,18.361,8.44,2.175473933649289
1536014674678513664,1788845737000-632578958264631296-1536014674678513664,1788845737000,1788847911000,1,18.29,4.761,3.8416299096828395
870568761881526272,1788851383000-632578958264631296-870568761881526272,1788851383000,1788853074000,1,18.29,7.31,2.5020519835841313
1067767656859303936,1788845999000-632578958264631296-1067767656859303936,1788845999000,1788848349000,1,18.282,4.651,3.9307675768651906
1428031634325635072,1788855136000-632578958264631296-1428031634325635072,1788855136000,1788859223000,1,18.282,5.097,3.5868157739846964
1152270574152581120,1788849535000-632578958264631296-1152270574152581120,1788849535000,1788851431000,1,18.217,5.622,3.2403059409462824
866648852977942528,1788875547000-632578958264631296-866648852977942528,1788875547000,1788878019000,1,18.154,5.838,3.1096265844467283
1067775012183736320,1788855080000-632578958264631296-1067775012183736320,1788855080000,1788857150000,1,18.13,6.16,2.943181818181818
1083728919393206272,1788844198000-632578958264631296-1083728919393206272,1788844198000,1788846109000,1,18.089,6.428,2.8140945861854387
946025328671719424,1788860439000-632578958264631296-946025328671719424,1788860439000,1788861954000,1,18.067,3.862,4.6781460383221125
1083726887294861312,1788865950000-632578958264631296-1083726887294861312,1788865950000,1788867537000,1,18.057,7.088,2.547545146726862
789513633972355072,1788827916000-632578958264631296-789513633972355072,1788827916000,1788830382000,1,18.021,7.929,2.2727960650775634
929711155667009536,1788828828000-632578958264631296-929711155667009536,1788828828000,1788831505000,1,17.97,6.844,2.6256575102279367
973914141028777984,1788881967000-632578958264631296-973914141028777984,1788881967000,1788884496000,1,17.964,5.447,3.2979621810170734
1050781532765028352,1788834967000-632578958264631296-1050781532765028352,1788834967000,1788837132000,1,17.929,4.798,3.7367653188828673
1486725792942522368,1788858641000-632578958264631296-1486725792942522368,1788858641000,1788861346000,1,17.916,9.191,1.949298226525949
946025328671719424,1788876240000-632578958264631296-946025328671719424,1788876240000,1788878415000,1,17.9,9.521,1.8800546161117526
1479440816106635264,1788867036000-632578958264631296-1479440816106635264,1788867036000,1788869419000,1,17.895,4.456,4.015933572710951
1536397466075660288,1788859388000-632578958264631296-1536397466075660288,1788859388000,1788861749000,1,17.887,8.118,2.2033752155703374
1536014543027699712,1788859479000-632578958264631296-1536014543027699712,1788859479000,1788861821000,1,17.854,7.772,2.29722079258878
929707161364201472,1788841962000-632578958264631296-929707161364201472,1788841962000,1788844163000,1,17.853,3.875,4.607225806451614
1067776196789403648,1788857166000-632578958264631296-1067776196789403648,1788857166000,1788859328000,1,17.848,8.622,2.0700533518905124
787647951882158080,1788826055000-632578958264631296-787647951882158080,1788826055000,1788828537000,1,17.827,11.867,1.5022330833403557
926578486859005952,1788910905000-632578958264631296-926578486859005952,1788910905000,1788913760000,1,17.815,9.198,1.936834094368341
871764525957775360,1788860048000-632578958264631296-871764525957775360,1788860048000,1788862147000,1,17.81,6.252,2.848688419705694
1385304935976927232,1788860173000-632578958264631296-1385304935976927232,1788860173000,1788862470000,1,17.774,5.282,3.3650132525558503
946034884164452352,1788842530000-632578958264631296-946034884164452352,1788842530000,1788845070000,1,17.774,4.62,3.8471861471861475
925753337108758528,1788847764000-632578958264631296-925753337108758528,1788847764000,1788849795000,1,17.765,3.991,4.451265347030819
1277220593376165888,1788842674000-632578958264631296-1277220593376165888,1788842674000,1788845056000,1,17.746,7.379,2.404932917739531
970288452387995648,1788853879000-632578958264631296-970288452387995648,1788853879000,1788855684000,1,17.724,5.345,3.31599625818522
1073994678560358400,1788856747000-632578958264631296-1073994678560358400,1788856747000,1788858933000,1,17.678,7.53,2.347675962815405
919290820798971904,1788842901000-632578958264631296-919290820798971904,1788842901000,1788844839000,1,17.661,7.101,2.4871144909167726
1132636093246603264,1788862049000-632578958264631296-1132636093246603264,1788862049000,1788863506000,1,17.66,5.18,3.4092664092664093
1536014517601828864,1788856767000-632578958264631296-1536014517601828864,1788856767000,1788858902000,1,17.645,7.182,2.456836535783904
1396881508228136960,1788836369000-632578958264631296-1396881508228136960,1788836369000,1788837845000,1,17.623,6.719,2.6228605447239173
873109579045535744,1788855475000-632578958264631296-873109579045535744,1788855475000,1788856852000,1,17.602,5.29,3.3274102079395087
818154714091749376,1788859225000-632578958264631296-818154714091749376,1788859225000,1788861565000,1,17.592,8.43,2.086832740213523
1471165126924042240,1788849030000-632578958264631296-1471165126924042240,1788849030000,1788851236000,1,17.583,3.231,5.441968430826369
1536014577374855168,1788863769000-632578958264631296-1536014577374855168,1788863769000,1788866156000,1,17.582,7.053,2.4928399262725085
946036270407090176,1788872913000-632578958264631296-946036270407090176,1788872913000,1788874635000,1,17.478,7.656,2.2829153605015677
873822835015942144,1788875770000-632578958264631296-873822835015942144,1788875770000,1788877739000,1,17.225,3.55,4.852112676056339
1105914583932993536,1788842454000-632578958264631296-1105914583932993536,1788842454000,1788845173000,1,17.196,4.094,4.200293111871031
1397607242391355392,1788831865000-632578958264631296-1397607242391355392,1788831865000,1788833504000,1,17.139,5.906,2.901964104300711
1350071704793120768,1788839286000-632578958264631296-1350071704793120768,1788839286000,1788841558000,1,17.126,9.875,1.7342784810126584
1500484476822618112,1788866718000-632578958264631296-1500484476822618112,1788866718000,1788869794000,1,17.125,8.5,2.014705882352941
931856805720489984,1788856905000-632578958264631296-931856805720489984,1788856905000,1788860928000,1,17.1,5.378,3.179620676831536
1464628801508999168,1788861917000-632578958264631296-1464628801508999168,1788861917000,1788864585000,1,17.079,4.0,4.26975
944591832124227584,1788842828000-632578958264631296-944591832124227584,1788842828000,1788844409000,1,17.068,3.621,4.713615023474179
970288452387995648,1788841050000-632578958264631296-970288452387995648,1788841050000,1788842872000,1,17.065,10.035,1.700548081714001
1132636093246603264,1788867834000-632578958264631296-1132636093246603264,1788867834000,1788869183000,1,17.061,4.573,3.730811283621255
1079095062366781440,1788828355000-632578958264631296-1079095062366781440,1788828355000,1788830175000,1,17.058,8.232,2.0721574344023326
1385305035948163072,1788842848000-632578958264631296-1385305035948163072,1788842848000,1788844637000,1,17.037,3.152,5.405139593908629
1045646397224779776,1788859841000-632578958264631296-1045646397224779776,1788859841000,1788862508000,1,17.034,8.382,2.0322118826055835
1536014737035231232,1788842816000-632578958264631296-1536014737035231232,1788842816000,1788844405000,1,17.027,3.772,4.51405090137858
1536014744312348672,1788842823000-632578958264631296-1536014744312348672,1788842823000,1788844486000,1,17.011,3.492,4.871420389461626
1132635709874634752,1788864486000-632578958264631296-1132635709874634752,1788864486000,1788866122000,1,16.956,3.066,5.5303326810176126
819592403370377216,1788876347000-632578958264631296-819592403370377216,1788876347000,1788878019000,1,16.926,5.161,3.279596977329975
1175796663680237568,1788842827000-632578958264631296-1175796663680237568,1788842827000,1788844355000,1,16.914,3.18,5.318867924528302
1067763722711203840,1788859108000-632578958264631296-1067763722711203840,1788859108000,1788861820000,1,16.911,8.94,1.8916107382550338
1482772108667781120,1788828215000-632578958264631296-1482772108667781120,1788828215000,1788830020000,1,16.884,3.345,5.047533632286996
944574346884546560,1788885349000-632578958264631296-944574346884546560,1788885349000,1788887319000,1,16.841,3.333,5.052805280528053
1050037649940676608,1788845086000-632578958264631296-1050037649940676608,1788845086000,1788846633000,1,16.822,8.468,1.9865375531412375
1545823503347875840,1788853765000-632578958264631296-1545823503347875840,1788853765000,1788855883000,1,16.801,7.63,2.2019659239842726
940983317312831488,1788830684000-632578958264631296-940983317312831488,1788830684000,1788832888000,1,16.801,7.563,2.2214729604654235
1066703715756408832,1788831597000-632578958264631296-1066703715756408832,1788831597000,1788833062000,1,16.767,5.143,3.2601594400155554
1536014660929585152,1788874476000-632578958264631296-1536014660929585152,1788874476000,1788876445000,1,16.712,3.814,4.3817514420555845
1488156479612518400,1788873319000-632578958264631296-1488156479612518400,1788873319000,1788875258000,1,16.695,3.091,5.4011646716273045
1066703715756408832,1788872194000-632578958264631296-1066703715756408832,1788872194000,1788875999000,1,16.688,5.338,3.1262645185462716
940245549137788928,1788873317000-632578958264631296-940245549137788928,1788873317000,1788874954000,1,16.687,3.581,4.65987154426138
943858330336493568,1788856419000-632578958264631296-943858330336493568,1788856419000,1788860704000,1,16.664,11.094,1.502073192716784
1001786725204230144,1788848692000-632578958264631296-1001786725204230144,1788848692000,1788850699000,1,16.639,3.783,4.398361089082739
916722872880201728,1788841315000-632578958264631296-916722872880201728,1788841315000,1788844273000,1,16.628,3.678,4.5209352909189775
866245373776101376,1788882807000-632578958264631296-866245373776101376,1788882807000,1788884399000,1,16.618,4.838,3.434890450599421
1593331058084937728,1788842578000-632578958264631296-1593331058084937728,1788842578000,1788844908000,1,16.573,4.754,3.4861169541438795
1079095785133441024,1788870594000-632578958264631296-1079095785133441024,1788870594000,1788872169000,1,16.571,3.625,4.5713103448275865
947452563299500032,1788882462000-632578958264631296-947452563299500032,1788882462000,1788886435000,1,16.548,10.248,1.6147540983606556
1268615730958434304,1788841995000-632578958264631296-1268615730958434304,1788841995000,1788845850000,1,16.539,10.712,1.5439693801344287
798605218047590400,1788868904000-632578958264631296-798605218047590400,1788868904000,1788871485000,1,16.524,8.616,1.9178272980501394
947452563299500032,1788859452000-632578958264631296-947452563299500032,1788859452000,1788862280000,1,16.482,9.344,1.7639126712328768
780452749606125568,1788846777000-632578958264631296-780452749606125568,1788846777000,1788850554000,1,16.479,4.108,4.011441090555015
929707161364201472,1788832205000-632578958264631296-929707161364201472,1788832205000,1788834179000,1,16.464,3.522,4.674616695059625
1138782810882965504,1788861523000-632578958264631296-1138782810882965504,1788861523000,1788864543000,1,16.454,8.649,1.9024164643311368
951558414842986496,1788857983000-632578958264631296-951558414842986496,1788857983000,1788859803000,1,16.452,5.555,2.9616561656165623
1082330521322651648,1788832551000-632578958264631296-1082330521322651648,1788832551000,1788834784000,1,16.447,8.451,1.9461602177257127
922469481249243136,1788832603000-632578958264631296-922469481249243136,1788832603000,1788834510000,1,16.438,8.494,1.9352484106428065
1083727852433571840,1788855940000-632578958264631296-1083727852433571840,1788855940000,1788858652000,1,16.381,8.17,2.0050183598531213
939545725614686208,1788843209000-632578958264631296-939545725614686208,1788843209000,1788845260000,1,16.371,9.618,1.7021210230817216
1488156479612518400,1788875263000-632578958264631296-1488156479612518400,1788875263000,1788877243000,1,16.366,3.235,5.05904173106646
1489984398731247616,1788907882000-632578958264631296-1489984398731247616,1788907882000,1788910952000,1,16.276,6.68,2.4365269461077843
1041007225465733120,1788876020000-632578958264631296-1041007225465733120,1788876020000,1788877725000,1,16.229,2.793,5.810597923379878
946029060134273024,1788841296000-632578958264631296-946029060134273024,1788841296000,1788843830000,1,16.21,3.36,4.824404761904763
1083778254826897408,1788876116000-632578958264631296-1083778254826897408,1788876116000,1788877690000,1,16.208,3.869,4.18919617472215
932334786138079232,1788872488000-632578958264631296-932334786138079232,1788872488000,1788875531000,1,16.197,4.467,3.625923438549362
970285003134992384,1788885556000-632578958264631296-970285003134992384,1788885556000,1788887289000,1,16.194,5.895,2.7470737913486007
942723675356921856,1788873820000-632578958264631296-942723675356921856,1788873820000,1788876234000,1,16.184,6.777,2.388077320348237
1477629723302428672,1788858024000-632578958264631296-1477629723302428672,1788858024000,1788859435000,1,16.179,2.958,5.469574036511156
1396881232180019200,1788851027000-632578958264631296-1396881232180019200,1788851027000,1788853314000,1,16.153,4.219,3.8286323773406012
780451764301201408,1788871589000-632578958264631296-780451764301201408,1788871589000,1788873314000,1,16.15,5.709,2.8288667016990714
942469061864849408,1788870319000-632578958264631296-942469061864849408,1788870319000,1788871667000,1,16.148,3.356,4.811680572109655
933416236518211584,1788884869000-632578958264631296-933416236518211584,1788884869000,1788886696000,1,16.135,5.399,2.988516391924431
1041007225465733120,1788842469000-632578958264631296-1041007225465733120,1788842469000,1788845213000,1,16.129,13.193,1.2225422572576368
1073994678560358400,1788833666000-632578958264631296-1073994678560358400,1788833666000,1788835616000,1,16.123,6.745,2.3903632320237214
961238953837461504,1788826493000-632578958264631296-961238953837461504,1788826493000,1788828056000,1,16.113,6.781,2.376198200855331
1182027923075366912,1788904771000-632578958264631296-1182027923075366912,1788904771000,1788906527000,1,16.074,3.419,4.701374670956421
1087441747748847616,1788876165000-632578958264631296-1087441747748847616,1788876165000,1788877642000,1,16.025,3.15,5.087301587301587
861290333428776960,1788842550000-632578958264631296-861290333428776960,1788842550000,1788844272000,1,15.941,7.563,2.1077614703160124
1385305035948163072,1788862067000-632578958264631296-1385305035948163072,1788862067000,1788863988000,1,15.927,2.808,5.672008547008547
1464286463544786944,1788825455000-632578958264631296-1464286463544786944,1788825455000,1788826999000,1,15.918,3.257,4.887319619281547
800361869549240320,1788870679000-632578958264631296-800361869549240320,1788870679000,1788872726000,1,15.902,6.377,2.4936490512780303
1079795397515280384,1788841258000-632578958264631296-1079795397515280384,1788841258000,1788843139000,1,15.9,4.902,3.2435740514075886
940245549137788928,1788861711000-632578958264631296-940245549137788928,1788861711000,1788863140000,1,15.883,3.392,4.68248820754717
1093476797997121536,1788844078000-632578958264631296-1093476797997121536,1788844078000,1788846057000,1,15.865,4.121,3.8497937393836446
1050036721544069120,1788848013000-632578958264631296-1050036721544069120,1788848013000,1788849990000,1,15.841,7.695,2.058609486679662
1079095522620342272,1788877784000-632578958264631296-1079095522620342272,1788877784000,1788879911000,1,15.832,8.868,1.7852954442940911
1071018553202704384,1788866235000-632578958264631296-1071018553202704384,1788866235000,1788868611000,1,15.822,3.656,4.327680525164113
951882940915122176,1788866232000-632578958264631296-951882940915122176,1788866232000,1788868622000,1,15.791,3.61,4.374238227146814
927153603469115392,1788844816000-632578958264631296-927153603469115392,1788844816000,1788846157000,1,15.772,4.989,3.161354980958108
1083778254826897408,1788870547000-632578958264631296-1083778254826897408,1788870547000,1788871827000,1,15.706,4.504,3.4871225577264657
970288452387995648,1788874625000-632578958264631296-970288452387995648,1788874625000,1788876693000,1,15.629,6.559,2.3828327488946486
877447567619653632,1788867887000-632578958264631296-877447567619653632,1788867887000,1788869857000,1,15.626,5.213,2.997506234413965
1148896718033518592,1788861144000-632578958264631296-1148896718033518592,1788861144000,1788863182000,1,15.6,5.829,2.676273803396809
931856805720489984,1788848420000-632578958264631296-931856805720489984,1788848420000,1788850175000,1,15.577,10.35,1.505024154589372
1062738070563979264,1788868895000-632578958264631296-1062738070563979264,1788868895000,1788871025000,1,15.535,3.813,4.074219774455809
1067776270814674944,1788871794000-632578958264631296-1067776270814674944,1788871794000,1788874550000,1,15.531,9.334,1.6639168630812087
1081223436249858048,1788866986000-632578958264631296-1081223436249858048,1788866986000,1788868607000,1,15.495,3.042,5.093688362919132
1479440816106635264,1788834443000-632578958264631296-1479440816106635264,1788834443000,1788836182000,1,15.469,2.68,5.772014925373134
1046443765134262272,1788826979000-632578958264631296-1046443765134262272,1788826979000,1788828769000,1,15.44,2.977,5.186429291232785
1120316721542987776,1788878884000-632578958264631296-1120316721542987776,1788878884000,1788881181000,1,15.431,3.501,4.407597829191659
1067764685513687040,1788859965000-632578958264631296-1067764685513687040,1788859965000,1788862017000,1,15.422,3.415,4.5159590043923865
1103352309556969472,1788841141000-632578958264631296-1103352309556969472,1788841141000,1788842405000,1,15.383,3.049,5.045260741226632
940983317312831488,1788877482000-632578958264631296-940983317312831488,1788877482000,1788879074000,1,15.383,5.372,2.8635517498138494
870286624469024768,1788890807000-632578958264631296-870286624469024768,1788890807000,1788892945000,1,15.379,3.798,4.0492364402317005
1070378226594873344,1788867612000-632578958264631296-1070378226594873344,1788867612000,1788869455000,1,15.339,3.076,4.98667100130039
1500145408670695424,1788847404000-632578958264631296-1500145408670695424,1788847404000,1788848867000,1,15.286,2.594,5.892829606784888
1067776270814674944,1788867648000-632578958264631296-1067776270814674944,1788867648000,1788870150000,1,15.186,7.061,2.1506868715479395
1525526061327056896,1788870352000-632578958264631296-1525526061327056896,1788870352000,1788871897000,1,15.182,5.476,2.7724616508400293
1120316662394912768,1788855903000-632578958264631296-1120316662394912768,1788855903000,1788857621000,1,15.121,5.503,2.747773941486462
866648789010612224,1788882527000-632578958264631296-866648789010612224,1788882527000,1788884326000,1,15.1,3.085,4.894651539708266
1046442858321543168,1788850921000-632578958264631296-1046442858321543168,1788850921000,1788853995000,1,15.091,3.018,5.000331345261763
1067765189559975936,1788845651000-632578958264631296-1067765189559975936,1788845651000,1788847379000,1,15.09,3.02,4.996688741721854
1079095522620342272,1788842673000-632578958264631296-1079095522620342272,1788842673000,1788844137000,1,14.99,5.634,2.660631877884274
1046442077992255488,1788883406000-632578958264631296-1046442077992255488,1788883406000,1788884940000,1,14.948,3.013,4.961168270826419
1525526061327056896,1788872046000-632578958264631296-1525526061327056896,1788872046000,1788873648000,1,14.921,6.152,2.42539011703511
1067767771279917056,1788864363000-632578958264631296-1067767771279917056,1788864363000,1788866042000,1,14.914,3.195,4.667918622848201
1536014688339361792,1788845659000-632578958264631296-1536014688339361792,1788845659000,1788847143000,1,14.875,6.44,2.309782608695652
939547018001383424,1788882876000-632578958264631296-939547018001383424,1788882876000,1788884162000,1,14.835,5.635,2.63265306122449
939547018001383424,1788846294000-632578958264631296-939547018001383424,1788846294000,1788847523000,1,14.821,3.263,4.542139135764634
1045646209449984000,1788878893000-632578958264631296-1045646209449984000,1788878893000,1788881109000,1,14.82,7.633,1.9415695008515657
1083726740557135872,1788869293000-632578958264631296-1083726740557135872,1788869293000,1788870849000,1,14.809,3.255,4.549615975422427
1081614639520808960,1788847864000-632578958264631296-1081614639520808960,1788847864000,1788849532000,1,14.799,4.028,3.6740317775571008
866245373776101376,1788852530000-632578958264631296-866245373776101376,1788852530000,1788853695000,1,14.785,2.307,6.40875596012137
1047649870816477184,1788878884000-632578958264631296-1047649870816477184,1788878884000,1788881115000,1,14.747,7.674,1.9216836069846233
1168836102002311168,1788834585000-632578958264631296-1168836102002311168,1788834585000,1788837281000,1,14.662,3.261,4.496166819993867
943818542875148288,1788834200000-632578958264631296-943818542875148288,1788834200000,1788837055000,1,14.657,3.458,4.238577212261423
1361380561528029184,1788826058000-632578958264631296-1361380561528029184,1788826058000,1788830883000,1,14.656,9.0,1.6284444444444446
946025328671719424,1788832832000-632578958264631296-946025328671719424,1788832832000,1788835046000,1,14.603,7.679,1.9016799062377914
944591832124227584,1788847785000-632578958264631296-944591832124227584,1788847785000,1788849356000,1,14.585,2.919,4.99657416923604
1405177997576634368,1788850844000-632578958264631296-1405177997576634368,1788850844000,1788852269000,1,14.579,4.354,3.348415250344511
1073201833905750016,1788856752000-632578958264631296-1073201833905750016,1788856752000,1788859978000,1,14.562,6.5,2.240307692307692
1536014744312348672,1788847742000-632578958264631296-1536014744312348672,1788847742000,1788849236000,1,14.558,3.223,4.516909711448961
1080818558042112000,1788896009000-632578958264631296-1080818558042112000,1788896009000,1788897812000,1,14.543,5.335,2.7259606373008434
1073994678560358400,1788863583000-632578958264631296-1073994678560358400,1788863583000,1788864871000,1,14.54,4.711,3.086393547017618
1536014737035231232,1788847773000-632578958264631296-1536014737035231232,1788847773000,1788849219000,1,14.534,3.183,4.566132579327679
792451146961649664,1788857665000-632578958264631296-792451146961649664,1788857665000,1788859151000,1,14.533,3.963,3.6671713348473376
1083727772540469248,1788895815000-632578958264631296-1083727772540469248,1788895815000,1788897157000,1,14.53,5.475,2.653881278538813
1068875501654769664,1788846250000-632578958264631296-1068875501654769664,1788846250000,1788847840000,1,14.498,7.374,1.9660970979115813
971379691866816512,1788873593000-632578958264631296-971379691866816512,1788873593000,1788875040000,1,14.488,8.593,1.6860235075061096
1540361729291059200,1788873775000-632578958264631296-1540361729291059200,1788873775000,1788875646000,1,14.477,3.931,3.6827779191045535
947094374120947712,1788841508000-632578958264631296-947094374120947712,1788841508000,1788843356000,1,14.466,2.929,4.9388869921474905
1132636093246603264,1788850497000-632578958264631296-1132636093246603264,1788850497000,1788851970000,1,14.464,5.613,2.576875111348655
818154714091749376,1788862552000-632578958264631296-818154714091749376,1788862552000,1788864024000,1,14.463,6.236,2.319275176395125
943819597830684672,1788863824000-632578958264631296-943819597830684672,1788863824000,1788865248000,1,14.445,4.007,3.604941352632893
1131972366507704320,1788857125000-632578958264631296-1131972366507704320,1788857125000,1788859201000,1,14.405,4.585,3.1417666303162486
939547018001383424,1788880190000-632578958264631296-939547018001383424,1788880190000,1788882080000,1,14.387,7.732,1.8607087428867046
861290333428776960,1788878141000-632578958264631296-861290333428776960,1788878141000,1788881018000,1,14.381,7.142,2.0135816297955755
1536014543027699712,1788839077000-632578958264631296-1536014543027699712,1788839077000,1788841862000,1,14.36,6.433,2.2322400124358777
1536014758619119616,1788875573000-632578958264631296-1536014758619119616,1788875573000,1788877465000,1,14.353,6.19,2.3187399030694666
1074385452921782272,1788851599000-632578958264631296-1074385452921782272,1788851599000,1788852694000,1,14.352,5.217,2.751006325474411
1067763903368265728,1788846078000-632578958264631296-1067763903368265728,1788846078000,1788847819000,1,14.351,5.412,2.65169992609017
1406586595699589120,1788875188000-632578958264631296-1406586595699589120,1788875188000,1788879298000,1,14.321,6.987,2.049663661084872
938815830156640256,1788870203000-632578958264631296-938815830156640256,1788870203000,1788871591000,1,14.306,3.068,4.662972620599739
1081533146517733376,1788861214000-632578958264631296-1081533146517733376,1788861214000,1788863742000,1,14.253,3.527,4.041111426141196
794950170587430912,1788842163000-632578958264631296-794950170587430912,1788842163000,1788843668000,1,14.238,2.608,5.4593558282208585
1477629723302428672,1788855694000-632578958264631296-1477629723302428672,1788855694000,1788857048000,1,14.142,2.441,5.793527242933224
1536014563953082368,1788847140000-632578958264631296-1536014563953082368,1788847140000,1788848718000,1,14.135,3.485,4.055954088952654
1428064485414797312,1788848864000-632578958264631296-1428064485414797312,1788848864000,1788850112000,1,14.03,5.369,2.613149562302105
943819597830684672,1788877738000-632578958264631296-943819597830684672,1788877738000,1788879977000,1,14.025,6.242,2.2468760012816404
1477629515881512960,1788910339000-632578958264631296-1477629515881512960,1788910339000,1788911896000,1,14.0,2.696,5.192878338278931
1108703058243616768,1788868668000-632578958264631296-1108703058243616768,1788868668000,1788871114000,1,13.998,9.219,1.5183859420761472
866648852977942528,1788864518000-632578958264631296-866648852977942528,1788864518000,1788865901000,1,13.996,4.029,3.4738148423926534
1046442314819436544,1788868219000-632578958264631296-1046442314819436544,1788868219000,1788870075000,1,13.972,6.393,2.185515407476928
906553960083488768,1788835085000-632578958264631296-906553960083488768,1788835085000,1788837371000,1,13.952,7.173,1.94507179701659
1046442314819436544,1788826545000-632578958264631296-1046442314819436544,1788826545000,1788829730000,1,13.939,6.824,2.042643610785463
1065304732634972160,1788841454000-632578958264631296-1065304732634972160,1788841454000,1788842827000,1,13.895,6.009,2.312364786154102
1094588896550846464,1788872100000-632578958264631296-1094588896550846464,1788872100000,1788873445000,1,13.879,5.226,2.6557596632223497
1188192864341852160,1788823981000-632578958264631296-1188192864341852160,1788823981000,1788825687000,1,13.879,7.879,1.7615179591318695
1536014758619119616,1788879777000-632578958264631296-1536014758619119616,1788879777000,1788882189000,1,13.836,6.112,2.2637434554973823
1406586595699589120,1788867279000-632578958264631296-1406586595699589120,1788867279000,1788869159000,1,13.814,6.089,2.2686812284447364
780452749606125568,1788844222000-632578958264631296-780452749606125568,1788844222000,1788846775000,1,13.814,4.661,2.963741686333405
1111626569580806144,1788879230000-632578958264631296-1111626569580806144,1788879230000,1788881698000,1,13.803,3.453,3.9973935708079935
1138783468012961792,1788869655000-632578958264631296-1138783468012961792,1788869655000,1788871796000,1,13.799,11.546,1.1951325134245627
1525559056574447616,1788836535000-632578958264631296-1525559056574447616,1788836535000,1788838199000,1,13.781,4.476,3.0788650580875783
970288452387995648,1788885672000-632578958264631296-970288452387995648,1788885672000,1788887210000,1,13.775,5.531,2.4905080455613815
944590362620461056,1788879078000-632578958264631296-944590362620461056,1788879078000,1788880977000,1,13.76,2.796,4.921316165951359
1405177997576634368,1788829486000-632578958264631296-1405177997576634368,1788829486000,1788830696000,1,13.748,3.913,3.513416815742397
1083726345994764288,1788866489000-632578958264631296-1083726345994764288,1788866489000,1788870175000,1,13.731,9.32,1.473283261802575
1131972366507704320,1788837476000-632578958264631296-1131972366507704320,1788837476000,1788839161000,1,13.722,4.855,2.826364572605561
876044057397166080,1788872062000-632578958264631296-876044057397166080,1788872062000,1788876700000,1,13.708,5.848,2.3440492476060193
1088485622458351616,1788874668000-632578958264631296-1088485622458351616,1788874668000,1788878390000,1,13.615,4.214,3.2308970099667773
1152269748554170368,1788871231000-632578958264631296-1152269748554170368,1788871231000,1788872673000,1,13.58,4.179,3.249581239530988
1536014660929585152,1788872151000-632578958264631296-1536014660929585152,1788872151000,1788873594000,1,13.577,2.728,4.976906158357771
1277220593376165888,1788855200000-632578958264631296-1277220593376165888,1788855200000,1788856861000,1,13.531,5.233,2.585706095929677
1083728582527680512,1788867472000-632578958264631296-1083728582527680512,1788867472000,1788868828000,1,13.485,2.779,4.852464915437207
1073994678560358400,1788837778000-632578958264631296-1073994678560358400,1788837778000,1788839074000,1,13.47,4.919,2.738361455580403
1046443765134262272,1788834581000-632578958264631296-1046443765134262272,1788834581000,1788836350000,1,13.465,2.723,4.944913698127066
798605218047590400,1788873792000-632578958264631296-798605218047590400,1788873792000,1788875566000,1,13.465,4.864,2.7682976973684212
1067763722711203840,1788833443000-632578958264631296-1067763722711203840,1788833443000,1788836257000,1,13.453,2.596,5.182203389830508
943858330336493568,1788853340000-632578958264631296-943858330336493568,1788853340000,1788856361000,1,13.305,6.966,1.9099913867355727
1046752835124854784,1788837643000-632578958264631296-1046752835124854784,1788837643000,1788839493000,1,13.255,6.089,2.1768763343734605
787647951882158080,1788856614000-632578958264631296-787647951882158080,1788856614000,1788857877000,1,13.234,4.25,3.1138823529411765
947583099720433664,1788875223000-632578958264631296-947583099720433664,1788875223000,1788876805000,1,13.172,4.045,3.2563658838071694
939547018001383424,1788860980000-632578958264631296-939547018001383424,1788860980000,1788862511000,1,13.149,6.157,2.135617995777164
932613192947859456,1788841765000-632578958264631296-932613192947859456,1788841765000,1788843529000,1,13.144,3.584,3.6674107142857144
1071019405950844928,1788872477000-632578958264631296-1071019405950844928,1788872477000,1788873882000,1,13.133,3.016,4.354442970822281
1536014758619119616,1788859866000-632578958264631296-1536014758619119616,1788859866000,1788861573000,1,13.128,4.988,2.631916599839615
1525526061327056896,1788839968000-632578958264631296-1525526061327056896,1788839968000,1788841444000,1,13.125,3.788,3.464889123548047
946034884164452352,1788885937000-632578958264631296-946034884164452352,1788885937000,1788887192000,1,13.125,2.736,4.797149122807017
939547788868321280,1788891007000-632578958264631296-939547788868321280,1788891007000,1788892241000,1,13.068,4.15,3.148915662650602
1088472759995990016,1788896242000-632578958264631296-1088472759995990016,1788896242000,1788897408000,1,13.062,3.94,3.315228426395939
1536014681523617792,1788911200000-632578958264631296-1536014681523617792,1788911200000,1788913209000,1,13.022,5.447,2.390673765375436
1089902742123577344,1788835949000-632578958264631296-1089902742123577344,1788835949000,1788837375000,1,12.942,3.881,3.3347075496006187
1083728245179809792,1788851553000-632578958264631296-1083728245179809792,1788851553000,1788853009000,1,12.926,5.46,2.3673992673992674
1385588586753032192,1788860234000-632578958264631296-1385588586753032192,1788860234000,1788863952000,1,12.915,4.204,3.0720742150333016
932613192947859456,1788838519000-632578958264631296-932613192947859456,1788838519000,1788839704000,1,12.9,2.508,5.14354066985646
932333591893901312,1788869031000-632578958264631296-932333591893901312,1788869031000,1788870681000,1,12.886,4.845,2.6596491228070174
931938734016823296,1788851451000-632578958264631296-931938734016823296,1788851451000,1788853386000,1,12.881,6.075,2.120329218106996
873821465244336128,1788863401000-632578958264631296-873821465244336128,1788863401000,1788865512000,1,12.854,5.461,2.353781358725508
926578486859005952,1788862239000-632578958264631296-926578486859005952,1788862239000,1788863672000,1,12.815,5.502,2.3291530352599055
1083729038846984192,1788843498000-632578958264631296-1083729038846984192,1788843498000,1788845551000,1,12.812,9.393,1.3639944639625252
940245549137788928,1788825682000-632578958264631296-940245549137788928,1788825682000,1788827063000,1,12.807,3.17,4.04006309148265
1074385452921782272,1788837664000-632578958264631296-1074385452921782272,1788837664000,1788838944000,1,12.784,4.288,2.9813432835820897
1138783468012961792,1788873201000-632578958264631296-1138783468012961792,1788873201000,1788874642000,1,12.759,4.443,2.87170830519919
784445514740400128,1788853763000-632578958264631296-784445514740400128,1788853763000,1788855535000,1,12.752,5.681,2.2446752332335858
869905949161160704,1788839609000-632578958264631296-869905949161160704,1788839609000,1788840947000,1,12.746,2.166,5.884579870729455
819592403370377216,1788889820000-632578958264631296-819592403370377216,1788889820000,1788891272000,1,12.65,3.801,3.328071560115759
940246123384143872,1788871129000-632578958264631296-940246123384143872,1788871129000,1788872797000,1,12.64,12.465,1.014039310068191
877447351826907136,1788864843000-632578958264631296-877447351826907136,1788864843000,1788867222000,1,12.503,7.193,1.738217711664118
1065304732634972160,1788844169000-632578958264631296-1065304732634972160,1788844169000,1788845289000,1,12.473,2.911,4.284781861903126
798991075485155328,1788835407000-632578958264631296-798991075485155328,1788835407000,1788836499000,1,12.47,3.704,3.3666306695464363
1277220593376165888,1788866961000-632578958264631296-1277220593376165888,1788866961000,1788868605000,1,12.463,5.8,2.1487931034482757
1277220593376165888,1788871070000-632578958264631296-1277220593376165888,1788871070000,1788872520000,1,12.428,5.51,2.255535390199637
1181299462874595328,1788857297000-632578958264631296-1181299462874595328,1788857297000,1788858266000,1,12.356,3.324,3.717208182912154
944573640047853568,1788860966000-632578958264631296-944573640047853568,1788860966000,1788862673000,1,12.327,2.573,4.79090555771473
1398705978894974976,1788874347000-632578958264631296-1398705978894974976,1788874347000,1788875743000,1,12.243,3.289,3.722408026755853
784445514740400128,1788879856000-632578958264631296-784445514740400128,1788879856000,1788882544000,1,12.192,6.286,1.9395482023544386
1063501597117513728,1788865175000-632578958264631296-1063501597117513728,1788865175000,1788866210000,1,12.165,3.775,3.2225165562913904
1079796452147855360,1788825940000-632578958264631296-1079796452147855360,1788825940000,1788827630000,1,12.154,2.495,4.871342685370741
794950170587430912,1788838653000-632578958264631296-794950170587430912,1788838653000,1788839882000,1,12.144,2.21,5.495022624434389
1397607641592627200,1788874718000-632578958264631296-1397607641592627200,1788874718000,1788876119000,1,12.138,2.309,5.256821134690342
1475453057469775872,1788864361000-632578958264631296-1475453057469775872,1788864361000,1788865667000,1,12.125,3.271,3.7068174870070316
1079796452147855360,1788878839000-632578958264631296-1079796452147855360,1788878839000,1788880359000,1,12.116,3.711,3.2648881703045003
1093087738300727296,1788865338000-632578958264631296-1093087738300727296,1788865338000,1788866913000,1,12.087,2.571,4.701283547257876
1093087265762050048,1788865291000-632578958264631296-1093087265762050048,1788865291000,1788866839000,1,12.064,2.484,4.856682769726248
1428064485414797312,1788910260000-632578958264631296-1428064485414797312,1788910260000,1788913241000,1,12.064,7.953,1.5169118571608198
902974583798235136,1788835018000-632578958264631296-902974583798235136,1788835018000,1788836548000,1,12.06,4.349,2.7730512761554382
932612842287267840,1788836321000-632578958264631296-932612842287267840,1788836321000,1788837733000,1,12.054,4.486,2.6870263040570666
1188192864341852160,1788850548000-632578958264631296-1188192864341852160,1788850548000,1788852262000,1,12.046,5.641,2.1354369792589964
1593330774109585408,1788844607000-632578958264631296-1593330774109585408,1788844607000,1788845814000,1,12.027,3.84,3.13203125
1153273602804547584,1788898480000-632578958264631296-1153273602804547584,1788898480000,1788899776000,1,12.01,2.562,4.6877439500390325
784445514740400128,1788883961000-632578958264631296-784445514740400128,1788883961000,1788885580000,1,11.995,5.397,2.2225310357606074
943858330336493568,1788861920000-632578958264631296-943858330336493568,1788861920000,1788866661000,1,11.981,7.968,1.5036395582329316
946025653910634496,1788848682000-632578958264631296-946025653910634496,1788848682000,1788851467000,1,11.932,7.21,1.6549237170596394
635414442816888832,1788827210000-632578958264631296-635414442816888832,1788827210000,1788828344000,1,11.925,3.912,3.048312883435583
1505916014645215232,1788868571000-632578958264631296-1505916014645215232,1788868571000,1788870203000,1,11.923,4.193,2.8435487717624617
951557397191589888,1788834472000-632578958264631296-951557397191589888,1788834472000,1788836417000,1,11.92,6.657,1.7905963647288567
635414442816888832,1788874862000-632578958264631296-635414442816888832,1788874862000,1788876038000,1,11.915,2.018,5.904360753221011
943819597830684672,1788847929000-632578958264631296-943819597830684672,1788847929000,1788849048000,1,11.902,3.011,3.952839588176685
794950170587430912,1788846631000-632578958264631296-794950170587430912,1788846631000,1788847934000,1,11.866,2.332,5.088336192109777
939545725614686208,1788834075000-632578958264631296-939545725614686208,1788834075000,1788835536000,1,11.86,5.528,2.145441389290883
1068875501654769664,1788830629000-632578958264631296-1068875501654769664,1788830629000,1788832468000,1,11.765,6.231,1.88813994543412
947107003673608192,1788846666000-632578958264631296-947107003673608192,1788846666000,1788847811000,1,11.742,2.687,4.369929289170079
1079444806125486080,1788881009000-632578958264631296-1079444806125486080,1788881009000,1788882367000,1,11.72,4.403,2.6618214853508975
876044057397166080,1788876706000-632578958264631296-876044057397166080,1788876706000,1788877975000,1,11.72,2.013,5.822155986090413
1050037591694376960,1788839123000-632578958264631296-1050037591694376960,1788839123000,1788840996000,1,11.716,2.843,4.120998944776644
1536014709264744448,1788860403000-632578958264631296-1536014709264744448,1788860403000,1788861758000,1,11.689,3.429,3.4088655584718577
1536014609964597248,1788868938000-632578958264631296-1536014609964597248,1788868938000,1788870186000,1,11.607,4.608,2.5188802083333335
1060630916881186816,1788857722000-632578958264631296-1060630916881186816,1788857722000,1788859912000,1,11.6,5.185,2.2372227579556414
1471165285556813824,1788872099000-632578958264631296-1471165285556813824,1788872099000,1788873920000,1,11.596,6.0,1.9326666666666668
1187437506908389376,1788868911000-632578958264631296-1187437506908389376,1788868911000,1788870883000,1,11.588,2.643,4.384411653424139
973914141028777984,1788884802000-632578958264631296-973914141028777984,1788884802000,1788886316000,1,11.531,3.339,3.4534291704103026
1398705978894974976,1788854912000-632578958264631296-1398705978894974976,1788854912000,1788856054000,1,11.529,3.98,2.8967336683417084
1120316721542987776,1788875019000-632578958264631296-1120316721542987776,1788875019000,1788876229000,1,11.515,2.614,4.40512624330528
1082330521322651648,1788837299000-632578958264631296-1082330521322651648,1788837299000,1788839886000,1,11.5,10.575,1.0874704491725768
794950170587430912,1788840138000-632578958264631296-794950170587430912,1788840138000,1788841288000,1,11.459,1.857,6.170705438879914
1079095785133441024,1788855680000-632578958264631296-1079095785133441024,1788855680000,1788857866000,1,11.418,3.747,3.0472377902321854
873104331912511488,1788866853000-632578958264631296-873104331912511488,1788866853000,1788870578000,1,11.4,7.392,1.5422077922077921
940245549137788928,1788860580000-632578958264631296-940245549137788928,1788860580000,1788861707000,1,11.389,2.527,4.5069252077562325
1362128357327634432,1788911015000-632578958264631296-1362128357327634432,1788911015000,1788912517000,1,11.376,4.677,2.4323284156510585
1073663863301341184,1788835407000-632578958264631296-1073663863301341184,1788835407000,1788836294000,1,11.356,4.899,2.318024086548275
1046752835124854784,1788835564000-632578958264631296-1046752835124854784,1788835564000,1788837579000,1,11.319,5.473,2.0681527498629637
1454186236603269120,1788888689000-632578958264631296-1454186236603269120,1788888689000,1788889909000,1,11.295,3.44,3.2834302325581395
1050781532765028352,1788860063000-632578958264631296-1050781532765028352,1788860063000,1788861864000,1,11.262,4.485,2.5110367892976586
1079444806125486080,1788911847000-632578958264631296-1079444806125486080,1788911847000,1788913222000,1,11.255,3.645,3.087791495198903
1364616390270517248,1788859094000-632578958264631296-1364616390270517248,1788859094000,1788860789000,1,11.247,5.618,2.0019579921680313
1045014601197944832,1788876023000-632578958264631296-1045014601197944832,1788876023000,1788878185000,1,11.207,3.587,3.124337886813493
1350071704793120768,1788857393000-632578958264631296-1350071704793120768,1788857393000,1788859947000,1,11.195,5.156,2.1712567882079132
1477629515881512960,1788840206000-632578958264631296-1477629515881512960,1788840206000,1788841722000,1,11.074,2.263,4.8935041979673
902974583798235136,1788828863000-632578958264631296-902974583798235136,1788828863000,1788830721000,1,11.023,3.77,2.923872679045093
1389244197004902400,1788856483000-632578958264631296-1389244197004902400,1788856483000,1788858687000,1,11.022,4.7,2.3451063829787233
947925198747729920,1788859516000-632578958264631296-947925198747729920,1788859516000,1788861118000,1,11.007,4.303,2.557982802695794
1299087047838924800,1788845280000-632578958264631296-1299087047838924800,1788845280000,1788846648000,1,10.994,6.144,1.7893880208333333
922469481249243136,1788837490000-632578958264631296-922469481249243136,1788837490000,1788839968000,1,10.957,8.107,1.35154804489947
1079796452147855360,1788824637000-632578958264631296-1079796452147855360,1788824637000,1788825938000,1,10.947,4.063,2.694314545902043
870568761881526272,1788842368000-632578958264631296-870568761881526272,1788842368000,1788843469000,1,10.938,2.664,4.1058558558558556
784445514740400128,1788887063000-632578958264631296-784445514740400128,1788887063000,1788888877000,1,10.936,4.028,2.7149950347567033
947104748366987264,1788861103000-632578958264631296-947104748366987264,1788861103000,1788863080000,1,10.935,2.962,3.6917623227548955
1385305434218299392,1788836867000-632578958264631296-1385305434218299392,1788836867000,1788838545000,1,10.894,5.433,2.0051536904104545
1067775012183736320,1788882542000-632578958264631296-1067775012183736320,1788882542000,1788884638000,1,10.885,4.6,2.366304347826087
1471165126924042240,1788830963000-632578958264631296-1471165126924042240,1788830963000,1788832273000,1,10.88,2.553,4.261652957305132
791672232936996864,1788829832000-632578958264631296-791672232936996864,1788829832000,1788832001000,1,10.88,1.79,6.078212290502794
952162532812914688,1788849654000-632578958264631296-952162532812914688,1788849654000,1788850494000,1,10.879,2.922,3.7231348391512658
792451146961649664,1788859814000-632578958264631296-792451146961649664,1788859814000,1788861206000,1,10.849,6.071,1.7870202602536651
1065321017443876864,1788842198000-632578958264631296-1065321017443876864,1788842198000,1788843231000,1,10.841,3.271,3.314276979516967
1088485622458351616,1788880693000-632578958264631296-1088485622458351616,1788880693000,1788882725000,1,10.832,3.92,2.7632653061224492
1067765389137543168,1788840284000-632578958264631296-1067765389137543168,1788840284000,1788842622000,1,10.81,6.662,1.622635845091564
951556794549796864,1788876685000-632578958264631296-951556794549796864,1788876685000,1788878429000,1,10.809,2.34,4.619230769230769
1081614639520808960,1788859211000-632578958264631296-1081614639520808960,1788859211000,1788860992000,1,10.804,4.467,2.418625475710768
1152269748554170368,1788878304000-632578958264631296-1152269748554170368,1788878304000,1788880524000,1,10.795,5.005,2.156843156843157
1071120101278744576,1788909292000-632578958264631296-1071120101278744576,1788909292000,1788911872000,1,10.786,5.75,1.8758260869565218
943858330336493568,1788851512000-632578958264631296-943858330336493568,1788851512000,1788852779000,1,10.764,5.083,2.117647058823529
870309644059279360,1788900371000-632578958264631296-870309644059279360,1788900371000,1788901941000,1,10.719,2.813,3.8105225737646635
1088472759995990016,1788826385000-632578958264631296-1088472759995990016,1788826385000,1788827449000,1,10.702,1.951,5.485392106611994
1067765061260410880,1788857993000-632578958264631296-1067765061260410880,1788857993000,1788859181000,1,10.692,2.237,4.77961555654895
866648852977942528,1788838663000-632578958264631296-866648852977942528,1788838663000,1788839582000,1,10.678,2.807,3.8040612753829715
1475453376262045696,1788870309000-632578958264631296-1475453376262045696,1788870309000,1788871914000,1,10.667,5.312,2.008094879518072
1188144161019133952,1788841238000-632578958264631296-1188144161019133952,1788841238000,1788842567000,1,10.618,2.01,5.282587064676617
929717117048061952,1788886737000-632578958264631296-929717117048061952,1788886737000,1788888249000,1,10.606,3.353,3.1631374888159853
1073994678560358400,1788860978000-632578958264631296-1073994678560358400,1788860978000,1788862534000,1,10.601,5.32,1.992669172932331
1074385452921782272,1788847178000-632578958264631296-1074385452921782272,1788847178000,1788847987000,1,10.588,3.719,2.847001882226405
1083726887294861312,1788835785000-632578958264631296-1083726887294861312,1788835785000,1788837431000,1,10.585,5.178,2.044225569718038
1131240373310455808,1788861915000-632578958264631296-1131240373310455808,1788861915000,1788864156000,1,10.58,3.48,3.0402298850574714
1067765389137543168,1788861973000-632578958264631296-1067765389137543168,1788861973000,1788863018000,1,10.573,4.048,2.611907114624506
951561875261227008,1788886765000-632578958264631296-951561875261227008,1788886765000,1788888303000,1,10.555,2.937,3.5938032005447735
780452749606125568,1788829177000-632578958264631296-780452749606125568,1788829177000,1788831492000,1,10.495,2.647,3.964865885908576
1545824860603678720,1788857940000-632578958264631296-1545824860603678720,1788857940000,1788859239000,1,10.481,3.152,3.325190355329949
1067765189559975936,1788839951000-632578958264631296-1067765189559975936,1788839951000,1788840904000,1,10.388,2.022,5.137487636003957
1060630916881186816,1788841615000-632578958264631296-1060630916881186816,1788841615000,1788843416000,1,10.38,6.206,1.6725749274895263
1593331058084937728,1788828536000-632578958264631296-1593331058084937728,1788828536000,1788829765000,1,10.37,2.703,3.8364779874213837
786329294770012160,1788867280000-632578958264631296-786329294770012160,1788867280000,1788868219000,1,10.34,1.905,5.427821522309711
1088512574191828992,1788844237000-632578958264631296-1088512574191828992,1788844237000,1788845178000,1,10.338,1.939,5.331614234141309
1056588446363025408,1788849816000-632578958264631296-1056588446363025408,1788849816000,1788851189000,1,10.325,4.941,2.0896579639749038
940245549137788928,1788828745000-632578958264631296-940245549137788928,1788828745000,1788829850000,1,10.3,2.09,4.928229665071771
1067767710965825536,1788826082000-632578958264631296-1067767710965825536,1788826082000,1788827056000,1,10.2,4.722,2.160101651842439
1406229042385911808,1788908838000-632578958264631296-1406229042385911808,1788908838000,1788910322000,1,10.2,2.814,3.624733475479744
869905949161160704,1788838572000-632578958264631296-869905949161160704,1788838572000,1788839600000,1,10.198,1.766,5.7746319365798415
1081614639520808960,1788841808000-632578958264631296-1081614639520808960,1788841808000,1788843017000,1,10.161,3.704,2.743250539956803
1134878026966761472,1788830174000-632578958264631296-1134878026966761472,1788830174000,1788832422000,1,10.159,6.948,1.4621473805411629
940988876032311296,1788838675000-632578958264631296-940988876032311296,1788838675000,1788840190000,1,10.08,4.021,2.506839094752549
876422423786815488,1788845066000-632578958264631296-876422423786815488,1788845066000,1788847065000,1,10.077,2.715,3.7116022099447514
1083727931903049728,1788849357000-632578958264631296-1083727931903049728,1788849357000,1788851068000,1,10.001,4.155,2.406979542719615
1405177997576634368,1788845512000-632578958264631296-1405177997576634368,1788845512000,1788846990000,1,9.999,4.919,2.0327302297214884
929731076446748672,1788876295000-632578958264631296-929731076446748672,1788876295000,1788877797000,1,9.967,5.936,1.6790768194070083
798605218047590400,1788866527000-632578958264631296-798605218047590400,1788866527000,1788867520000,1,9.924,3.245,3.0582434514637904
1138783468012961792,1788866903000-632578958264631296-1138783468012961792,1788866903000,1788868225000,1,9.871,4.954,1.9925312878482038
940245549137788928,1788853521000-632578958264631296-940245549137788928,1788853521000,1788854569000,1,9.846,2.441,4.033592789840229
836966844580495360,1788888832000-632578958264631296-836966844580495360,1788888832000,1788890117000,1,9.82,2.05,4.790243902439025
952162532812914688,1788830324000-632578958264631296-952162532812914688,1788830324000,1788831076000,1,9.812,3.631,2.7022858716606994
932333591893901312,1788854736000-632578958264631296-932333591893901312,1788854736000,1788856517000,1,9.807,8.527,1.1501114108127126
866648852977942528,1788907232000-632578958264631296-866648852977942528,1788907232000,1788908963000,1,9.79,4.842,2.0218917802560923
943818542875148288,1788852689000-632578958264631296-943818542875148288,1788852689000,1788853896000,1,9.75,1.94,5.025773195876289
1464260641047969792,1788824791000-632578958264631296-1464260641047969792,1788824791000,1788827289000,1,9.736,4.507,2.160195251830486
803716121332023296,1788844784000-632578958264631296-803716121332023296,1788844784000,1788846588000,1,9.702,4.873,1.9909706546275394
938500415001985024,1788872284000-632578958264631296-938500415001985024,1788872284000,1788874072000,1,9.664,2.894,3.3393227366966136
922469481249243136,1788835936000-632578958264631296-922469481249243136,1788835936000,1788837485000,1,9.607,8.297,1.1578883933952029
1068875501654769664,1788833010000-632578958264631296-1068875501654769664,1788833010000,1788834274000,1,9.586,4.674,2.0509199828840394
940246123384143872,1788851662000-632578958264631296-940246123384143872,1788851662000,1788852584000,1,9.586,3.299,2.9057290087905425
869905949161160704,1788837214000-632578958264631296-869905949161160704,1788837214000,1788837992000,1,9.568,1.547,6.184873949579832
946036270407090176,1788879665000-632578958264631296-946036270407090176,1788879665000,1788880902000,1,9.502,4.345,2.1868814729574226
1079796452147855360,1788860668000-632578958264631296-1079796452147855360,1788860668000,1788861616000,1,9.45,3.935,2.4015247776365944
1101156788989853696,1788875324000-632578958264631296-1101156788989853696,1788875324000,1788876692000,1,9.421,2.21,4.26289592760181
940245549137788928,1788856817000-632578958264631296-940245549137788928,1788856817000,1788857715000,1,9.42,2.23,4.2242152466367715
1071019405950844928,1788878504000-632578958264631296-1071019405950844928,1788878504000,1788880002000,1,9.41,3.366,2.795603089720737
1067775916656033792,1788911043000-632578958264631296-1067775916656033792,1788911043000,1788912580000,1,9.4,2.948,3.188602442333786
860146891080335360,1788842388000-632578958264631296-860146891080335360,1788842388000,1788844598000,1,9.388,2.38,3.9445378151260506
1067775012183736320,1788832576000-632578958264631296-1067775012183736320,1788832576000,1788833598000,1,9.385,3.456,2.7155671296296298
940245549137788928,1788829934000-632578958264631296-940245549137788928,1788829934000,1788831087000,1,9.368,2.44,3.839344262295082
1385305434218299392,1788840258000-632578958264631296-1385305434218299392,1788840258000,1788841852000,1,9.343,5.528,1.6901230101302462
1080910261382021120,1788883902000-632578958264631296-1080910261382021120,1788883902000,1788886325000,1,9.34,4.408,2.118874773139746
1540361729291059200,1788878848000-632578958264631296-1540361729291059200,1788878848000,1788880120000,1,9.329,2.333,3.9987141020145733
942427579615281152,1788875633000-632578958264631296-942427579615281152,1788875633000,1788876727000,1,9.32,2.244,4.153297682709447
1545824860603678720,1788861432000-632578958264631296-1545824860603678720,1788861432000,1788862535000,1,9.319,2.06,4.52378640776699
1093088075828953088,1788837130000-632578958264631296-1093088075828953088,1788837130000,1788839447000,1,9.226,5.556,1.660547156227502
1385588909638942720,1788835933000-632578958264631296-1385588909638942720,1788835933000,1788837419000,1,9.226,3.272,2.8196821515892423
1132636093246603264,1788861262000-632578958264631296-1132636093246603264,1788861262000,1788862045000,1,9.217,2.825,3.262654867256637
1067775012183736320,1788824879000-632578958264631296-1067775012183736320,1788824879000,1788826378000,1,9.173,4.64,1.9769396551724139
784445514740400128,1788873987000-632578958264631296-784445514740400128,1788873987000,1788876116000,1,9.165,4.892,1.8734668847097298
862693652038680576,1788867354000-632578958264631296-862693652038680576,1788867354000,1788868514000,1,9.119,3.214,2.8372744243932795
1105914860262129664,1788868528000-632578958264631296-1105914860262129664,1788868528000,1788869415000,1,9.102,1.858,4.898815931108719
952162532812914688,1788859782000-632578958264631296-952162532812914688,1788859782000,1788861102000,1,9.089,3.741,2.4295642876236303
1476549608761982976,1788836114000-632578958264631296-1476549608761982976,1788836114000,1788838627000,1,9.08,4.954,1.8328623334679048
836966844580495360,1788883259000-632578958264631296-836966844580495360,1788883259000,1788885330000,1,9.08,3.148,2.8843710292249045
1082330521322651648,1788835916000-632578958264631296-1082330521322651648,1788835916000,1788837294000,1,9.076,6.852,1.324576765907764
1488156479612518400,1788872352000-632578958264631296-1488156479612518400,1788872352000,1788873314000,1,9.06,1.687,5.370480142264375
1067776159577538560,1788907351000-632578958264631296-1067776159577538560,1788907351000,1788908807000,1,9.051,4.139,2.1867600869775305
1462138214197231616,1788849286000-632578958264631296-1462138214197231616,1788849286000,1788850207000,1,9.04,2.766,3.268257411424439
869905949161160704,1788857499000-632578958264631296-869905949161160704,1788857499000,1788858628000,1,9.011,2.275,3.9608791208791208
932613192947859456,1788900911000-632578958264631296-932613192947859456,1788900911000,1788902232000,1,8.971,3.352,2.676312649164678
1405177997576634368,1788828397000-632578958264631296-1405177997576634368,1788828397000,1788829481000,1,8.965,4.538,1.9755398854120756
943818542875148288,1788862723000-632578958264631296-943818542875148288,1788862723000,1788864235000,1,8.963,2.148,4.172718808193668
1080910261382021120,1788869786000-632578958264631296-1080910261382021120,1788869786000,1788870924000,1,8.941,1.778,5.028683914510687
938500415001985024,1788891084000-632578958264631296-938500415001985024,1788891084000,1788892385000,1,8.939,2.713,3.2948765204570587
1061350361924632576,1788858036000-632578958264631296-1061350361924632576,1788858036000,1788859925000,1,8.903,8.481,1.0497582832213184
1363836271826305024,1788870093000-632578958264631296-1363836271826305024,1788870093000,1788871143000,1,8.884,2.29,3.8794759825327514
1486716779844599808,1788911040000-632578958264631296-1486716779844599808,1788911040000,1788913036000,1,8.865,4.266,2.0780590717299576
1101157025884143616,1788852119000-632578958264631296-1101157025884143616,1788852119000,1788853004000,1,8.833,1.922,4.5957336108220606
942436996423352320,1788851026000-632578958264631296-942436996423352320,1788851026000,1788852282000,1,8.825,2.684,3.2880029806259308
869905949161160704,1788851106000-632578958264631296-869905949161160704,1788851106000,1788852309000,1,8.824,2.266,3.8940864960282435
1536014716214706176,1788865178000-632578958264631296-1536014716214706176,1788865178000,1788867033000,1,8.803,4.034,2.1822012890431335
952162532812914688,1788861441000-632578958264631296-952162532812914688,1788861441000,1788862606000,1,8.794,4.155,2.1164861612515042
1501933614227521536,1788844761000-632578958264631296-1501933614227521536,1788844761000,1788846119000,1,8.792,5.112,1.7198748043818466
780122893064339456,1788881224000-632578958264631296-780122893064339456,1788881224000,1788882423000,1,8.778,2.064,4.252906976744186
971379691866816512,1788860488000-632578958264631296-971379691866816512,1788860488000,1788861212000,1,8.777,3.867,2.2697181277476077
1268615233111326720,1788873824000-632578958264631296-1268615233111326720,1788873824000,1788874731000,1,8.776,2.787,3.1489056332974523
635414442816888832,1788831782000-632578958264631296-635414442816888832,1788831782000,1788832731000,1,8.768,5.285,1.659035004730369
1050036019790872576,1788876365000-632578958264631296-1050036019790872576,1788876365000,1788877541000,1,8.739,2.269,3.851476421330983
1083727207982956544,1788843200000-632578958264631296-1083727207982956544,1788843200000,1788844870000,1,8.738,3.191,2.7383265434033217
780116044227280896,1788843759000-632578958264631296-780116044227280896,1788843759000,1788844734000,1,8.737,3.842,2.274076002082249
946034884164452352,1788839320000-632578958264631296-946034884164452352,1788839320000,1788841803000,1,8.706,1.915,4.5462140992167095
1134877765846171648,1788860337000-632578958264631296-1134877765846171648,1788860337000,1788861194000,1,8.695,1.644,5.288929440389295
1501933902321680384,1788828187000-632578958264631296-1501933902321680384,1788828187000,1788829129000,1,8.694,2.787,3.119483315392896
1063501597117513728,1788843739000-632578958264631296-1063501597117513728,1788843739000,1788845023000,1,8.691,5.015,1.7330009970089733
1067765189559975936,1788837970000-632578958264631296-1067765189559975936,1788837970000,1788838995000,1,8.666,2.303,3.762917933130699
1071019405950844928,1788875870000-632578958264631296-1071019405950844928,1788875870000,1788877918000,1,8.662,2.957,2.9293202570172476
1067765189559975936,1788877187000-632578958264631296-1067765189559975936,1788877187000,1788878719000,1,8.633,2.231,3.869565217391304
1168836102002311168,1788862812000-632578958264631296-1168836102002311168,1788862812000,1788864326000,1,8.594,1.823,4.714207350521119
1406228892573761536,1788863851000-632578958264631296-1406228892573761536,1788863851000,1788864725000,1,8.587,3.955,2.171175726927939
1108703058243616768,1788865096000-632578958264631296-1108703058243616768,1788865096000,1788866472000,1,8.529,6.408,1.3309925093632957
935951856658546688,1788885432000-632578958264631296-935951856658546688,1788885432000,1788886577000,1,8.508,3.02,2.817218543046357
1083778254826897408,1788842440000-632578958264631296-1083778254826897408,1788842440000,1788843526000,1,8.507,5.777,1.4725636143326986
1536014716214706176,1788844407000-632578958264631296-1536014716214706176,1788844407000,1788845639000,1,8.503,1.932,4.401138716356108
1065321017443876864,1788889159000-632578958264631296-1065321017443876864,1788889159000,1788890492000,1,8.472,2.089,4.055528961225466
1081614639520808960,1788845038000-632578958264631296-1081614639520808960,1788845038000,1788846135000,1,8.465,3.803,2.225874309755456
1088472759995990016,1788827952000-632578958264631296-1088472759995990016,1788827952000,1788829028000,1,8.451,1.641,5.149908592321755
1464286677953413120,1788879898000-632578958264631296-1464286677953413120,1788879898000,1788881149000,1,8.449,4.827,1.750362544023203
1132636093246603264,1788855574000-632578958264631296-1132636093246603264,1788855574000,1788856475000,1,8.375,3.551,2.3584905660377355
1396881508228136960,1788837850000-632578958264631296-1396881508228136960,1788837850000,1788839096000,1,8.365,3.564,2.3470819304152637
946027472992862208,1788861644000-632578958264631296-946027472992862208,1788861644000,1788863033000,1,8.292,3.507,2.3644140290846876
635414442816888832,1788876063000-632578958264631296-635414442816888832,1788876063000,1788877185000,1,8.286,1.481,5.594868332207967
893821287409909760,1788911213000-632578958264631296-893821287409909760,1788911213000,1788912631000,1,8.241,2.533,3.2534544018949862
1396881703661731840,1788910483000-632578958264631296-1396881703661731840,1788910483000,1788911826000,1,8.233,3.969,2.0743260267069794
797458881650360320,1788838374000-632578958264631296-797458881650360320,1788838374000,1788839412000,1,8.231,1.413,5.825194621372965
1464286463544786944,1788827082000-632578958264631296-1464286463544786944,1788827082000,1788828558000,1,8.226,3.657,2.2493847415914687
1076924285072703488,1788865262000-632578958264631296-1076924285072703488,1788865262000,1788866398000,1,8.162,1.713,4.7647402218330415
1135598313102376960,1788877578000-632578958264631296-1135598313102376960,1788877578000,1788878651000,1,8.16,2.519,3.239380706629615
866648852977942528,1788850949000-632578958264631296-866648852977942528,1788850949000,1788852098000,1,8.158,2.116,3.855387523629489
939547018001383424,1788882084000-632578958264631296-939547018001383424,1788882084000,1788882871000,1,8.149,6.231,1.3078157599101268
932334786138079232,1788870970000-632578958264631296-932334786138079232,1788870970000,1788872484000,1,8.145,2.862,2.8459119496855343
1046442314819436544,1788863796000-632578958264631296-1046442314819436544,1788863796000,1788864863000,1,8.135,3.948,2.0605369807497467
929711155667009536,1788875315000-632578958264631296-929711155667009536,1788875315000,1788876879000,1,8.13,5.885,1.3814783347493629
847116116999274496,1788837125000-632578958264631296-847116116999274496,1788837125000,1788838220000,1,8.06,2.641,3.051874290041651
1125482414773108736,1788878560000-632578958264631296-1125482414773108736,1788878560000,1788879952000,1,8.049,3.727,2.1596458277434936
939141093658722304,1788859024000-632578958264631296-939141093658722304,1788859024000,1788860398000,1,8.034,4.37,1.8384439359267735
931856805720489984,1788845631000-632578958264631296-931856805720489984,1788845631000,1788847320000,1,8.026,4.915,1.6329603255340792
1135598313102376960,1788858023000-632578958264631296-1135598313102376960,1788858023000,1788859688000,1,8.015,3.223,2.4868135277691596
1056588446363025408,1788837138000-632578958264631296-1056588446363025408,1788837138000,1788838400000,1,8.001,4.217,1.8973203699312307
1079796452147855360,1788827792000-632578958264631296-1079796452147855360,1788827792000,1788828718000,1,7.996,2.817,2.8384806531771387
1132636252537880576,1788872705000-632578958264631296-1132636252537880576,1788872705000,1788873760000,1,7.943,2.303,3.4489795918367347
1067793936933715968,1788883172000-632578958264631296-1067793936933715968,1788883172000,1788884686000,1,7.884,4.478,1.7606074140241181
1067793936933715968,1788881264000-632578958264631296-1067793936933715968,1788881264000,1788882670000,1,7.875,3.637,2.165246081935661
1132636093246603264,1788856479000-632578958264631296-1132636093246603264,1788856479000,1788857148000,1,7.846,3.437,2.2828047716031423
1268615233111326720,1788874973000-632578958264631296-1268615233111326720,1788874973000,1788876080000,1,7.818,4.022,1.943809050223769
964170762879500288,1788855972000-632578958264631296-964170762879500288,1788855972000,1788857591000,1,7.786,2.494,3.121892542101042
942469061864849408,1788861562000-632578958264631296-942469061864849408,1788861562000,1788862274000,1,7.777,1.741,4.466973004020677
879404563604439040,1788867031000-632578958264631296-879404563604439040,1788867031000,1788868467000,1,7.75,4.678,1.6566908935442497
951557397191589888,1788842873000-632578958264631296-951557397191589888,1788842873000,1788844421000,1,7.746,4.847,1.5981019187126058
790970454885007360,1788865637000-632578958264631296-790970454885007360,1788865637000,1788867106000,1,7.732,3.96,1.9525252525252526
794950170587430912,1788876743000-632578958264631296-794950170587430912,1788876743000,1788878782000,1,7.721,4.601,1.6781134535970441
794950170587430912,1788853696000-632578958264631296-794950170587430912,1788853696000,1788855362000,1,7.704,2.09,3.686124401913876
1065304732634972160,1788832758000-632578958264631296-1065304732634972160,1788832758000,1788833405000,1,7.67,3.294,2.328476017000607
1041007225465733120,1788858380000-632578958264631296-1041007225465733120,1788858380000,1788859435000,1,7.656,3.636,2.1056105610561056
818154714091749376,1788866630000-632578958264631296-818154714091749376,1788866630000,1788867371000,1,7.655,3.797,2.016065314722149
836966844580495360,1788890235000-632578958264631296-836966844580495360,1788890235000,1788891328000,1,7.625,2.7,2.824074074074074
942721856836730880,1788862933000-632578958264631296-942721856836730880,1788862933000,1788863686000,1,7.575,1.77,4.279661016949152
1422205425331208192,1788871449000-632578958264631296-1422205425331208192,1788871449000,1788873345000,1,7.573,3.751,2.018928285790456
1536014618822967296,1788872781000-632578958264631296-1536014618822967296,1788872781000,1788873800000,1,7.573,4.127,1.834989096195784
1103352309556969472,1788837712000-632578958264631296-1103352309556969472,1788837712000,1788838349000,1,7.567,1.67,4.531137724550899
1135566388677574656,1788889664000-632578958264631296-1135566388677574656,1788889664000,1788890921000,1,7.56,4.336,1.743542435424354
862287863801184256,1788862913000-632578958264631296-862287863801184256,1788862913000,1788863957000,1,7.535,2.063,3.6524478914202616
1073663863301341184,1788834549000-632578958264631296-1073663863301341184,1788834549000,1788835402000,1,7.515,3.553,2.1151139881790035
1536014730089463808,1788842816000-632578958264631296-1536014730089463808,1788842816000,1788845413000,1,7.509,4.08,1.8404411764705884
1536014688339361792,1788840270000-632578958264631296-1536014688339361792,1788840270000,1788841127000,1,7.492,3.427,2.186168660636125
1083778254826897408,1788858698000-632578958264631296-1083778254826897408,1788858698000,1788859438000,1,7.489,4.235,1.768358913813459
1083727772540469248,1788836381000-632578958264631296-1083727772540469248,1788836381000,1788837645000,1,7.446,2.467,3.018240778273206
1397607641592627200,1788853884000-632578958264631296-1397607641592627200,1788853884000,1788854614000,1,7.432,1.243,5.979082864038616
784445389880164352,1788845421000-632578958264631296-784445389880164352,1788845421000,1788846219000,1,7.404,3.205,2.3101404056162247
1173302979768352768,1788855379000-632578958264631296-1173302979768352768,1788855379000,1788857164000,1,7.397,4.912,1.5059039087947883
1067767771279917056,1788850372000-632578958264631296-1067767771279917056,1788850372000,1788851081000,1,7.382,1.433,5.151430565247732
1093087738300727296,1788852741000-632578958264631296-1093087738300727296,1788852741000,1788853974000,1,7.346,2.28,3.221929824561404
1170761528379441152,1788908726000-632578958264631296-1170761528379441152,1788908726000,1788911175000,1,7.345,3.504,2.0961757990867578
1132636252537880576,1788836130000-632578958264631296-1132636252537880576,1788836130000,1788836751000,1,7.336,1.719,4.26759744037231
964170762879500288,1788872551000-632578958264631296-964170762879500288,1788872551000,1788873938000,1,7.335,2.104,3.4862167300380227
1093087265762050048,1788852720000-632578958264631296-1093087265762050048,1788852720000,1788853998000,1,7.327,1.921,3.814159292035398
1501933902321680384,1788906189000-632578958264631296-1501933902321680384,1788906189000,1788907552000,1,7.301,3.501,2.085404170237075
940246123384143872,1788886195000-632578958264631296-940246123384143872,1788886195000,1788887373000,1,7.301,5.769,1.265557288958225
951557397191589888,1788832633000-632578958264631296-951557397191589888,1788832633000,1788834398000,1,7.292,4.975,1.4657286432160805
966356141711818752,1788849062000-632578958264631296-966356141711818752,1788849062000,1788850143000,1,7.287,2.112,3.450284090909091
952162532812914688,1788829130000-632578958264631296-952162532812914688,1788829130000,1788829784000,1,7.274,2.497,2.9130957148578296
1464628801508999168,1788848915000-632578958264631296-1464628801508999168,1788848915000,1788850236000,1,7.271,1.933,3.7615106052767717
1001786725204230144,1788847554000-632578958264631296-1001786725204230144,1788847554000,1788848543000,1,7.266,1.825,3.9813698630136987
1385589109656911872,1788885659000-632578958264631296-1385589109656911872,1788885659000,1788886500000,1,7.262,1.437,5.053583855254001
1585283247909109760,1788826848000-632578958264631296-1585283247909109760,1788826848000,1788830610000,1,7.244,3.259,2.2227677201595584
1074385452921782272,1788848046000-632578958264631296-1074385452921782272,1788848046000,1788848703000,1,7.228,2.529,2.8580466587584024
1050781532765028352,1788826814000-632578958264631296-1050781532765028352,1788826814000,1788828768000,1,7.226,4.848,1.4905115511551155
1545823852121030656,1788898459000-632578958264631296-1545823852121030656,1788898459000,1788901096000,1,7.201,3.843,1.8737965131407754
1479440816106635264,1788842901000-632578958264631296-1479440816106635264,1788842901000,1788844712000,1,7.192,2.375,3.0282105263157897
1540361729291059200,1788855333000-632578958264631296-1540361729291059200,1788855333000,1788856368000,1,7.164,1.677,4.271914132379249
1067765189559975936,1788911694000-632578958264631296-1067765189559975936,1788911694000,1788912847000,1,7.15,1.905,3.7532808398950133
1049341310072258560,1788835475000-632578958264631296-1049341310072258560,1788835475000,1788836629000,1,7.145,2.731,2.616257781032589
1132636899983228928,1788866092000-632578958264631296-1132636899983228928,1788866092000,1788866879000,1,7.127,1.574,4.527954256670902
940246123384143872,1788884966000-632578958264631296-940246123384143872,1788884966000,1788886191000,1,7.12,8.043,0.8852418251896059
1536432469593554944,1788865590000-632578958264631296-1536432469593554944,1788865590000,1788866653000,1,7.114,2.367,3.0054921841994084
1050037336936546304,1788840440000-632578958264631296-1050037336936546304,1788840440000,1788841301000,1,7.04,2.366,2.975486052409129
784445514740400128,1788851744000-632578958264631296-784445514740400128,1788851744000,1788853148000,1,7.034,2.184,3.2206959706959704
1111626569580806144,1788854285000-632578958264631296-1111626569580806144,1788854285000,1788854954000,1,6.973,1.283,5.434918160561185
798991075485155328,1788884723000-632578958264631296-798991075485155328,1788884723000,1788885878000,1,6.969,3.5,1.9911428571428573
1286311379313098752,1788863359000-632578958264631296-1286311379313098752,1788863359000,1788864596000,1,6.956,2.096,3.318702290076336
1536014556927623168,1788855058000-632578958264631296-1536014556927623168,1788855058000,1788856572000,1,6.936,1.465,4.734470989761092
780122893064339456,1788878998000-632578958264631296-780122893064339456,1788878998000,1788880458000,1,6.899,1.999,3.451225612806403
1088492376734826496,1788841122000-632578958264631296-1088492376734826496,1788841122000,1788842319000,1,6.896,1.668,4.134292565947242
1073201833905750016,1788875858000-632578958264631296-1073201833905750016,1788875858000,1788877825000,1,6.887,8.519,0.8084282192745627
786329294770012160,1788849393000-632578958264631296-786329294770012160,1788849393000,1788851178000,1,6.879,3.69,1.8642276422764226
927171595435245568,1788857296000-632578958264631296-927171595435245568,1788857296000,1788857924000,1,6.875,2.951,2.329718739410369
1083726988146900992,1788830275000-632578958264631296-1083726988146900992,1788830275000,1788830976000,1,6.868,1.405,4.888256227758007
784445389880164352,1788866828000-632578958264631296-784445389880164352,1788866828000,1788867829000,1,6.857,4.171,1.6439702709182449
942469061864849408,1788859303000-632578958264631296-942469061864849408,1788859303000,1788860126000,1,6.836,2.015,3.3925558312655086
1364616390270517248,1788827850000-632578958264631296-1364616390270517248,1788827850000,1788829639000,1,6.805,5.417,1.2562303858224109
1073994678560358400,1788862896000-632578958264631296-1073994678560358400,1788862896000,1788863536000,1,6.799,1.594,4.265370138017566
819592403370377216,1788856283000-632578958264631296-819592403370377216,1788856283000,1788857065000,1,6.789,2.173,3.124252185918085
1135566388677574656,1788844490000-632578958264631296-1135566388677574656,1788844490000,1788845646000,1,6.788,2.04,3.327450980392157
1536014660929585152,1788870058000-632578958264631296-1536014660929585152,1788870058000,1788870940000,1,6.786,1.832,3.7041484716157203
1081614639520808960,1788840128000-632578958264631296-1081614639520808960,1788840128000,1788841044000,1,6.784,3.505,1.9355206847360913
1570836903035404288,1788857997000-632578958264631296-1570836903035404288,1788857997000,1788859742000,1,6.778,2.423,2.7973586463062317
946032945880104960,1788874837000-632578958264631296-946032945880104960,1788874837000,1788875639000,1,6.748,1.308,5.159021406727828
1083726740557135872,1788867549000-632578958264631296-1083726740557135872,1788867549000,1788868344000,1,6.742,1.549,4.3524854744996775
928334310946111488,1788830893000-632578958264631296-928334310946111488,1788830893000,1788831492000,1,6.741,2.081,3.2393080249879866
873822835015942144,1788873867000-632578958264631296-873822835015942144,1788873867000,1788874680000,1,6.73,1.61,4.180124223602484
836966844580495360,1788888134000-632578958264631296-836966844580495360,1788888134000,1788888807000,1,6.725,2.205,3.0498866213151925
901057526324264960,1788876397000-632578958264631296-901057526324264960,1788876397000,1788877399000,1,6.719,1.509,4.452617627567927
1120316721542987776,1788876234000-632578958264631296-1120316721542987776,1788876234000,1788877077000,1,6.709,1.516,4.425461741424802
906553960083488768,1788829304000-632578958264631296-906553960083488768,1788829304000,1788830913000,1,6.7,5.363,1.2493007644974827
1299087047838924800,1788890104000-632578958264631296-1299087047838924800,1788890104000,1788891059000,1,6.695,2.767,2.419588001445609
1175796809117728768,1788866903000-632578958264631296-1175796809117728768,1788866903000,1788868566000,1,6.665,3.326,2.0039085989176186
944590362620461056,1788874778000-632578958264631296-944590362620461056,1788874778000,1788875947000,1,6.66,1.722,3.867595818815331
947925198747729920,1788855882000-632578958264631296-947925198747729920,1788855882000,1788856903000,1,6.626,2.196,3.017304189435337
1062738807117316096,1788911862000-632578958264631296-1062738807117316096,1788911862000,1788913586000,1,6.6,4.202,1.5706806282722512
1536014570613637120,1788826127000-632578958264631296-1536014570613637120,1788826127000,1788828311000,1,6.6,4.768,1.3842281879194631
1175796546902425600,1788868887000-632578958264631296-1175796546902425600,1788868887000,1788870738000,1,6.582,5.487,1.1995626025150354
1422205425331208192,1788831563000-632578958264631296-1422205425331208192,1788831563000,1788832486000,1,6.575,1.348,4.877596439169139
792451146961649664,1788863394000-632578958264631296-792451146961649664,1788863394000,1788864481000,1,6.572,3.55,1.8512676056338029
1499777554695847936,1788887641000-632578958264631296-1499777554695847936,1788887641000,1788889686000,1,6.548,2.143,3.05552963135791
928334310946111488,1788825703000-632578958264631296-928334310946111488,1788825703000,1788827124000,1,6.545,4.738,1.381384550443225
1536014618822967296,1788831673000-632578958264631296-1536014618822967296,1788831673000,1788832469000,1,6.531,1.725,3.7860869565217388
1355523374926790656,1788873912000-632578958264631296-1355523374926790656,1788873912000,1788875010000,1,6.522,3.619,1.8021552915169936
1050037591694376960,1788841000000-632578958264631296-1050037591694376960,1788841000000,1788842002000,1,6.509,1.573,4.137952956134774
1079778539525373952,1788873852000-632578958264631296-1079778539525373952,1788873852000,1788875524000,1,6.479,2.979,2.17489090298758
951556794549796864,1788868129000-632578958264631296-951556794549796864,1788868129000,1788868889000,1,6.452,2.996,2.1535380507343125
939546232131420160,1788873368000-632578958264631296-939546232131420160,1788873368000,1788874069000,1,6.428,3.276,1.9621489621489623
1268615233111326720,1788843467000-632578958264631296-1268615233111326720,1788843467000,1788844173000,1,6.409,3.499,1.831666190340097
1067775323560476672,1788861383000-632578958264631296-1067775323560476672,1788861383000,1788862158000,1,6.379,2.488,2.5639067524115755
1056588446363025408,1788829185000-632578958264631296-1056588446363025408,1788829185000,1788830465000,1,6.36,4.169,1.52554569441113
1385305434218299392,1788838599000-632578958264631296-1385305434218299392,1788838599000,1788839908000,1,6.338,3.581,1.7698966769058921
1464253789857906688,1788866348000-632578958264631296-1464253789857906688,1788866348000,1788870795000,1,6.335,2.754,2.3002904865649962
1536014709264744448,1788864162000-632578958264631296-1536014709264744448,1788864162000,1788865258000,1,6.318,2.034,3.106194690265487
932302785804763136,1788872163000-632578958264631296-932302785804763136,1788872163000,1788872796000,1,6.29,1.205,5.219917012448133
951556794549796864,1788851274000-632578958264631296-951556794549796864,1788851274000,1788851975000,1,6.257,2.08,3.0081730769230766
1475452919183572992,1788895785000-632578958264631296-1475452919183572992,1788895785000,1788897632000,1,6.245,3.743,1.6684477691691157
1428031634325635072,1788834191000-632578958264631296-1428031634325635072,1788834191000,1788835026000,1,6.244,2.495,2.5026052104208416
798605218047590400,1788872898000-632578958264631296-798605218047590400,1788872898000,1788873785000,1,6.238,2.314,2.6957649092480556
1475452919183572992,1788846579000-632578958264631296-1475452919183572992,1788846579000,1788847860000,1,6.219,1.495,4.159866220735786
1464628801508999168,1788881979000-632578958264631296-1464628801508999168,1788881979000,1788884379000,1,6.183,4.0,1.54575
1063501597117513728,1788857507000-632578958264631296-1063501597117513728,1788857507000,1788858866000,1,6.176,2.569,2.404048267808486
1482772108667781120,1788831318000-632578958264631296-1482772108667781120,1788831318000,1788832254000,1,6.158,4.671,1.3183472489830872
1385305128772304896,1788849104000-632578958264631296-1385305128772304896,1788849104000,1788850209000,1,6.145,3.715,1.6541049798115746
1464260641047969792,1788857456000-632578958264631296-1464260641047969792,1788857456000,1788858717000,1,6.131,1.22,5.025409836065574
947107003673608192,1788855768000-632578958264631296-947107003673608192,1788855768000,1788856728000,1,6.13,1.544,3.9702072538860103
1268615233111326720,1788836522000-632578958264631296-1268615233111326720,1788836522000,1788837359000,1,6.117,4.08,1.499264705882353
951556794549796864,1788834114000-632578958264631296-951556794549796864,1788834114000,1788834856000,1,6.113,4.303,1.4206367650476412
1067765389137543168,1788884195000-632578958264631296-1067765389137543168,1788884195000,1788885187000,1,6.1,2.554,2.3884103367267033
1489984398731247616,1788857240000-632578958264631296-1489984398731247616,1788857240000,1788858167000,1,6.085,3.27,1.8608562691131498
1488156479612518400,1788862346000-632578958264631296-1488156479612518400,1788862346000,1788863258000,1,6.065,1.577,3.845909955611922
1488156479612518400,1788857181000-632578958264631296-1488156479612518400,1788857181000,1788858389000,1,6.051,2.427,2.4932014833127316
1462138501628690432,1788858583000-632578958264631296-1462138501628690432,1788858583000,1788860808000,1,6.047,2.55,2.371372549019608
1396881703661731840,1788876010000-632578958264631296-1396881703661731840,1788876010000,1788877229000,1,6.032,1.274,4.73469387755102
940245549137788928,1788852573000-632578958264631296-940245549137788928,1788852573000,1788853517000,1,6.026,1.759,3.4258101193860147
1500484476822618112,1788851521000-632578958264631296-1500484476822618112,1788851521000,1788852241000,1,5.964,1.888,3.158898305084746
1170761528379441152,1788911264000-632578958264631296-1170761528379441152,1788911264000,1788912729000,1,5.939,2.442,2.432022932022932
931855689733636096,1788873386000-632578958264631296-931855689733636096,1788873386000,1788874376000,1,5.909,2.996,1.9722963951935915
1094588896550846464,1788843431000-632578958264631296-1094588896550846464,1788843431000,1788845974000,1,5.878,3.439,1.7092177958708927
966356141711818752,1788850798000-632578958264631296-966356141711818752,1788850798000,1788851905000,1,5.817,2.095,2.7766109785202864
1144224275478085632,1788878003000-632578958264631296-1144224275478085632,1788878003000,1788878898000,1,5.801,1.877,3.090570058604156
1477689128190476288,1788840740000-632578958264631296-1477689128190476288,1788840740000,1788841590000,1,5.779,1.321,4.374716124148373
873568577507033088,1788874789000-632578958264631296-873568577507033088,1788874789000,1788876062000,1,5.777,2.042,2.8290891283055832
635414442816888832,1788877210000-632578958264631296-635414442816888832,1788877210000,1788877820000,1,5.776,0.93,6.210752688172042
939546576563470336,1788873455000-632578958264631296-939546576563470336,1788873455000,1788874376000,1,5.748,3.176,1.809823677581864
1087441747748847616,1788836123000-632578958264631296-1087441747748847616,1788836123000,1788837535000,1,5.744,3.147,1.8252303781379091
1046752835124854784,1788840300000-632578958264631296-1046752835124854784,1788840300000,1788841686000,1,5.738,3.453,1.6617434115262093
1536014744312348672,1788853618000-632578958264631296-1536014744312348672,1788853618000,1788854519000,1,5.736,1.517,3.781147000659196
1500136074981146624,1788876969000-632578958264631296-1500136074981146624,1788876969000,1788877680000,1,5.733,2.362,2.427180355630821
1135529735623802880,1788839412000-632578958264631296-1135529735623802880,1788839412000,1788840488000,1,5.709,2.114,2.7005676442762536
944591832124227584,1788853644000-632578958264631296-944591832124227584,1788853644000,1788854617000,1,5.706,2.115,2.697872340425532
1535700301011484672,1788836968000-632578958264631296-1535700301011484672,1788836968000,1788837721000,1,5.69,2.732,2.0827232796486093
1536014737035231232,1788853617000-632578958264631296-1536014737035231232,1788853617000,1788854516000,1,5.689,1.5,3.792666666666667
1050037649940676608,1788826870000-632578958264631296-1050037649940676608,1788826870000,1788828319000,1,5.688,4.227,1.345635202271114
1105914583932993536,1788840364000-632578958264631296-1105914583932993536,1788840364000,1788842355000,1,5.681,1.136,5.000880281690141
1468940686052032512,1788887327000-632578958264631296-1468940686052032512,1788887327000,1788889280000,1,5.678,2.491,2.27940586109996
1464628801508999168,1788886053000-632578958264631296-1464628801508999168,1788886053000,1788887727000,1,5.675,2.595,2.1868978805394987
1135529735623802880,1788852545000-632578958264631296-1135529735623802880,1788852545000,1788853470000,1,5.661,1.727,3.277938621887666
1023491297677148160,1788876409000-632578958264631296-1023491297677148160,1788876409000,1788877766000,1,5.64,1.982,2.8456104944500504
1083778254826897408,1788838273000-632578958264631296-1083778254826897408,1788838273000,1788838823000,1,5.629,2.827,1.9911567032189599
1067776196789403648,1788849137000-632578958264631296-1067776196789403648,1788849137000,1788850189000,1,5.612,3.062,1.8327890267798825
870286624469024768,1788888186000-632578958264631296-870286624469024768,1788888186000,1788889492000,1,5.575,1.995,2.7944862155388472
818154714091749376,1788864026000-632578958264631296-818154714091749376,1788864026000,1788864642000,1,5.556,2.034,2.7315634218289087
1131240144423092224,1788875438000-632578958264631296-1131240144423092224,1788875438000,1788876271000,1,5.526,1.408,3.924715909090909
1093476797997121536,1788875794000-632578958264631296-1093476797997121536,1788875794000,1788876815000,1,5.504,1.759,3.1290505969300737
780067386190462976,1788879973000-632578958264631296-780067386190462976,1788879973000,1788881586000,1,5.486,1.721,3.187681580476467
1093476797997121536,1788854739000-632578958264631296-1093476797997121536,1788854739000,1788855444000,1,5.485,1.34,4.093283582089552
873570129613422592,1788863117000-632578958264631296-873570129613422592,1788863117000,1788864418000,1,5.468,2.762,1.9797248370745837
939138676678459392,1788849470000-632578958264631296-939138676678459392,1788849470000,1788850375000,1,5.464,1.538,3.552665799739922
1405141042860130304,1788867664000-632578958264631296-1405141042860130304,1788867664000,1788868800000,1,5.462,1.449,3.7694962042788127
1397607641592627200,1788873836000-632578958264631296-1397607641592627200,1788873836000,1788874406000,1,5.438,0.989,5.498483316481294
1072572023244324864,1788876753000-632578958264631296-1072572023244324864,1788876753000,1788877559000,1,5.434,1.094,4.967093235831809
1073278104413143040,1788881189000-632578958264631296-1073278104413143040,1788881189000,1788882422000,1,5.434,3.141,1.7300222858962115
794219272623620096,1788876770000-632578958264631296-794219272623620096,1788876770000,1788877451000,1,5.433,1.139,4.769973661106233
939138676678459392,1788879344000-632578958264631296-939138676678459392,1788879344000,1788880014000,1,5.425,1.342,4.0424739195231
874363612666265600,1788853955000-632578958264631296-874363612666265600,1788853955000,1788855184000,1,5.418,1.138,4.760984182776802
946025653910634496,1788869458000-632578958264631296-946025653910634496,1788869458000,1788870015000,1,5.385,2.962,1.8180283592167452
1067765389137543168,1788836511000-632578958264631296-1067765389137543168,1788836511000,1788837858000,1,5.381,3.305,1.6281391830559757
1067767771279917056,1788846902000-632578958264631296-1067767771279917056,1788846902000,1788847482000,1,5.372,1.111,4.835283528352835
1083778254826897408,1788874685000-632578958264631296-1083778254826897408,1788874685000,1788875434000,1,5.352,2.687,1.9918124302195759
1406586595699589120,1788864571000-632578958264631296-1406586595699589120,1788864571000,1788865365000,1,5.347,2.844,1.8800984528832632
1148896718033518592,1788865296000-632578958264631296-1148896718033518592,1788865296000,1788866216000,1,5.338,3.018,1.7687210072895958
790970454885007360,1788839196000-632578958264631296-790970454885007360,1788839196000,1788839968000,1,5.337,2.289,2.331585845347313
790193276584984576,1788879435000-632578958264631296-790193276584984576,1788879435000,1788880302000,1,5.327,1.237,4.306386418755052
1041007225465733120,1788874711000-632578958264631296-1041007225465733120,1788874711000,1788875454000,1,5.318,2.123,2.5049458313707014
870309644059279360,1788867672000-632578958264631296-870309644059279360,1788867672000,1788869816000,1,5.315,4.009,1.32576702419556
931856805720489984,1788850180000-632578958264631296-931856805720489984,1788850180000,1788851949000,1,5.3,10.561,0.5018464160590853
964171206683000832,1788869914000-632578958264631296-964171206683000832,1788869914000,1788872554000,1,5.258,3.512,1.4971526195899771
1536014695108968448,1788851060000-632578958264631296-1536014695108968448,1788851060000,1788852499000,1,5.204,1.765,2.948441926345609
951556794549796864,1788852786000-632578958264631296-951556794549796864,1788852786000,1788853401000,1,5.194,1.95,2.6635897435897435
1068875501654769664,1788858681000-632578958264631296-1068875501654769664,1788858681000,1788859702000,1,5.186,2.055,2.5236009732360096
927153603469115392,1788841842000-632578958264631296-927153603469115392,1788841842000,1788842269000,1,5.173,1.192,4.3397651006711415
1045015172411817984,1788851085000-632578958264631296-1045015172411817984,1788851085000,1788852821000,1,5.163,1.797,2.8731218697829717
836966844580495360,1788891353000-632578958264631296-836966844580495360,1788891353000,1788892194000,1,5.151,1.143,4.506561679790026
940988876032311296,1788847407000-632578958264631296-940988876032311296,1788847407000,1788848043000,1,5.108,1.253,4.0766161213088585
1175796663680237568,1788892035000-632578958264631296-1175796663680237568,1788892035000,1788893600000,1,5.067,4.06,1.2480295566502464
1441118393376702464,1788851552000-632578958264631296-1441118393376702464,1788851552000,1788852814000,1,5.06,2.033,2.4889326119035906
1113484110199783424,1788876473000-632578958264631296-1113484110199783424,1788876473000,1788877160000,1,5.04,0.966,5.217391304347826
635414442816888832,1788825267000-632578958264631296-635414442816888832,1788825267000,1788826032000,1,5.031,4.717,1.066567733729065
1083726517403385856,1788888768000-632578958264631296-1083726517403385856,1788888768000,1788889760000,1,5.027,1.611,3.1204220980757293
1041007225465733120,1788859837000-632578958264631296-1041007225465733120,1788859837000,1788860741000,1,5.018,3.111,1.6129861780777883
1385304935976927232,1788824839000-632578958264631296-1385304935976927232,1788824839000,1788825617000,1,5.014,0.943,5.317073170731708
1536014744312348672,1788890401000-632578958264631296-1536014744312348672,1788890401000,1788892008000,1,5.01,4.171,1.2011508031647087
1536014737035231232,1788890448000-632578958264631296-1536014737035231232,1788890448000,1788892020000,1,5.009,3.889,1.2879917716636669
1536014529144553472,1788835444000-632578958264631296-1536014529144553472,1788835444000,1788836456000,1,5.006,1.469,3.4077603812117085
1067765389137543168,1788882919000-632578958264631296-1067765389137543168,1788882919000,1788883568000,1,5.0,2.51,1.9920318725099604
1073201833905750016,1788839455000-632578958264631296-1073201833905750016,1788839455000,1788840227000,1,4.999,1.897,2.6352134949920925
1464253789857906688,1788892793000-632578958264631296-1464253789857906688,1788892793000,1788894292000,1,4.998,4.255,1.1746180963572268
1083778254826897408,1788859834000-632578958264631296-1083778254826897408,1788859834000,1788860643000,1,4.983,3.245,1.5355932203389828
970288452387995648,1788858864000-632578958264631296-970288452387995648,1788858864000,1788859282000,1,4.977,1.855,2.6830188679245284
1066703715756408832,1788856201000-632578958264631296-1066703715756408832,1788856201000,1788857115000,1,4.949,2.639,1.8753315649867375
1061979678694178816,1788854393000-632578958264631296-1061979678694178816,1788854393000,1788855114000,1,4.945,1.028,4.810311284046692
873897783357079552,1788873988000-632578958264631296-873897783357079552,1788873988000,1788876516000,1,4.934,3.093,1.5952150016165536
857602255610707968,1788909830000-632578958264631296-857602255610707968,1788909830000,1788911189000,1,4.887,3.151,1.5509362107267535
1083728582527680512,1788833718000-632578958264631296-1083728582527680512,1788833718000,1788834794000,1,4.885,1.751,2.7898343803540833
1061350361924632576,1788877560000-632578958264631296-1061350361924632576,1788877560000,1788878821000,1,4.874,2.66,1.832330827067669
635414442816888832,1788831251000-632578958264631296-635414442816888832,1788831251000,1788831757000,1,4.87,1.927,2.527244421380384
943858330336493568,1788867364000-632578958264631296-943858330336493568,1788867364000,1788868587000,1,4.862,3.457,1.4064217529649987
836966844580495360,1788892302000-632578958264631296-836966844580495360,1788892302000,1788893028000,1,4.861,1.136,4.279049295774648
1105914860262129664,1788865601000-632578958264631296-1105914860262129664,1788865601000,1788866349000,1,4.853,0.925,5.246486486486486
1083728582527680512,1788863918000-632578958264631296-1083728582527680512,1788863918000,1788864664000,1,4.839,1.375,3.5192727272727278
870286624469024768,1788870377000-632578958264631296-870286624469024768,1788870377000,1788871604000,1,4.836,2.598,1.8614318706697461
1083727931903049728,1788870357000-632578958264631296-1083727931903049728,1788870357000,1788870864000,1,4.829,2.239,2.1567664135774898
1083729038846984192,1788867610000-632578958264631296-1083729038846984192,1788867610000,1788868194000,1,4.8,1.883,2.5491237387148167
1056588446363025408,1788843426000-632578958264631296-1056588446363025408,1788843426000,1788843933000,1,4.791,2.531,1.8929276965626236
1083727931903049728,1788862131000-632578958264631296-1083727931903049728,1788862131000,1788863493000,1,4.761,2.074,2.2955641272902607
961238953837461504,1788873876000-632578958264631296-961238953837461504,1788873876000,1788874457000,1,4.76,2.515,1.8926441351888665
942436996423352320,1788861120000-632578958264631296-942436996423352320,1788861120000,1788861810000,1,4.72,1.419,3.326286116983791
951557397191589888,1788849247000-632578958264631296-951557397191589888,1788849247000,1788851832000,1,4.699,3.987,1.1785803862553297
1050036904705130496,1788852089000-632578958264631296-1050036904705130496,1788852089000,1788852790000,1,4.692,1.771,2.64935064935065
1066703715756408832,1788881502000-632578958264631296-1066703715756408832,1788881502000,1788882086000,1,4.691,2.705,1.7341959334565618
902974583798235136,1788833616000-632578958264631296-902974583798235136,1788833616000,1788834264000,1,4.691,1.673,2.8039450089659295
1545823852121030656,1788856134000-632578958264631296-1545823852121030656,1788856134000,1788857201000,1,4.683,1.335,3.507865168539326
942427579615281152,1788871530000-632578958264631296-942427579615281152,1788871530000,1788872334000,1,4.683,0.994,4.711267605633803
1061350361924632576,1788829246000-632578958264631296-1061350361924632576,1788829246000,1788830453000,1,4.671,1.76,2.653977272727273
1093087738300727296,1788838576000-632578958264631296-1093087738300727296,1788838576000,1788840410000,1,4.658,1.946,2.393627954779034
951563481520275456,1788850281000-632578958264631296-951563481520275456,1788850281000,1788851475000,1,4.651,1.402,3.317403708987161
1131240645348818944,1788829988000-632578958264631296-1131240645348818944,1788829988000,1788830534000,1,4.644,1.582,2.9355246523388114
946030376206204928,1788885720000-632578958264631296-946030376206204928,1788885720000,1788886577000,1,4.636,1.786,2.595744680851064
1093087265762050048,1788839165000-632578958264631296-1093087265762050048,1788839165000,1788841863000,1,4.635,1.739,2.665324899367452
1105914583932993536,1788863538000-632578958264631296-1105914583932993536,1788863538000,1788864298000,1,4.626,0.958,4.828810020876827
635414442816888832,1788873937000-632578958264631296-635414442816888832,1788873937000,1788874466000,1,4.624,0.733,6.308321964529331
873104331912511488,1788871380000-632578958264631296-873104331912511488,1788871380000,1788874711000,1,4.605,3.959,1.1631725183127053
1046443765134262272,1788841992000-632578958264631296-1046443765134262272,1788841992000,1788843146000,1,4.598,0.99,4.644444444444444
1045014601197944832,1788890132000-632578958264631296-1045014601197944832,1788890132000,1788890872000,1,4.588,1.271,3.609756097560976
1079095522620342272,1788879916000-632578958264631296-1079095522620342272,1788879916000,1788880525000,1,4.58,1.931,2.3718280683583637
1113484110199783424,1788850639000-632578958264631296-1113484110199783424,1788850639000,1788852486000,1,4.57,1.609,2.840273461777502
1113518928358801408,1788831057000-632578958264631296-1113518928358801408,1788831057000,1788831396000,1,4.564,1.378,3.312046444121916
944591832124227584,1788867763000-632578958264631296-944591832124227584,1788867763000,1788869304000,1,4.526,1.282,3.5304212168486737
1482772108667781120,1788864730000-632578958264631296-1482772108667781120,1788864730000,1788865551000,1,4.509,1.832,2.4612445414847164
869905949161160704,1788843187000-632578958264631296-869905949161160704,1788843187000,1788843609000,1,4.488,1.112,4.0359712230215825
1071019405950844928,1788871146000-632578958264631296-1071019405950844928,1788871146000,1788871613000,1,4.44,0.869,5.109321058688148
1175796663680237568,1788865970000-632578958264631296-1175796663680237568,1788865970000,1788867690000,1,4.409,2.184,2.0187728937728937
1385589109656911872,1788850285000-632578958264631296-1385589109656911872,1788850285000,1788851075000,1,4.405,1.204,3.658637873754153
1050036721544069120,1788857989000-632578958264631296-1050036721544069120,1788857989000,1788859171000,1,4.4,8.716,0.5048187241854062
942426738309201920,1788880483000-632578958264631296-942426738309201920,1788880483000,1788881878000,1,4.341,2.148,2.0209497206703912
1593331058084937728,1788845219000-632578958264631296-1593331058084937728,1788845219000,1788846124000,1,4.336,1.421,3.05137227304715
952249131684855808,1788891622000-632578958264631296-952249131684855808,1788891622000,1788893073000,1,4.322,1.319,3.2767247915087188
952249131684855808,1788880651000-632578958264631296-952249131684855808,1788880651000,1788881701000,1,4.311,1.316,3.275835866261398
1476549765217910784,1788891505000-632578958264631296-1476549765217910784,1788891505000,1788892300000,1,4.282,1.691,2.5322294500295683
1461772563532218368,1788870676000-632578958264631296-1461772563532218368,1788870676000,1788871620000,1,4.276,3.421,1.2499269219526454
1536014709264744448,1788852918000-632578958264631296-1536014709264744448,1788852918000,1788853708000,1,4.256,1.475,2.885423728813559
942469061864849408,1788872034000-632578958264631296-942469061864849408,1788872034000,1788872748000,1,4.252,0.915,4.646994535519125
1385305035948163072,1788864430000-632578958264631296-1385305035948163072,1788864430000,1788865527000,1,4.241,1.478,2.8694181326116373
1134878026966761472,1788861160000-632578958264631296-1134878026966761472,1788861160000,1788862452000,1,4.218,1.796,2.348552338530067
1083729116835872768,1788836794000-632578958264631296-1083729116835872768,1788836794000,1788837629000,1,4.209,1.229,3.42473555736371
878252193440858112,1788866509000-632578958264631296-878252193440858112,1788866509000,1788867694000,1,4.209,0.919,4.5799782372143625
1067767771279917056,1788844043000-632578958264631296-1067767771279917056,1788844043000,1788844847000,1,4.203,1.678,2.5047675804529206
635414692210147328,1788878867000-632578958264631296-635414692210147328,1788878867000,1788886237000,1,4.182,4.822,0.8672749896308586
784445514740400128,1788871316000-632578958264631296-784445514740400128,1788871316000,1788873246000,1,4.171,2.769,1.5063199711087036
1050036019790872576,1788874122000-632578958264631296-1050036019790872576,1788874122000,1788874511000,1,4.168,1.782,2.3389450056116723
1050037048276156416,1788870333000-632578958264631296-1050037048276156416,1788870333000,1788871997000,1,4.166,2.262,1.8417329796640143
1362452416535986176,1788836943000-632578958264631296-1362452416535986176,1788836943000,1788837524000,1,4.162,1.029,4.0447035957240045
943859348893859840,1788893539000-632578958264631296-943859348893859840,1788893539000,1788894367000,1,4.161,2.186,1.9034766697163767
1046442314819436544,1788823863000-632578958264631296-1046442314819436544,1788823863000,1788826122000,1,4.158,2.393,1.7375679063936484
946034884164452352,1788845075000-632578958264631296-946034884164452352,1788845075000,1788845589000,1,4.156,1.041,3.9923150816522575
1065304732634972160,1788843453000-632578958264631296-1065304732634972160,1788843453000,1788844072000,1,4.151,1.775,2.3385915492957747
874363612666265600,1788895176000-632578958264631296-874363612666265600,1788895176000,1788896245000,1,4.15,1.973,2.1033958438925495
794950170587430912,1788852107000-632578958264631296-794950170587430912,1788852107000,1788852607000,1,4.139,0.828,4.998792270531402
1065304732634972160,1788860644000-632578958264631296-1065304732634972160,1788860644000,1788861118000,1,4.125,1.087,3.7948482060717574
1093087265762050048,1788849223000-632578958264631296-1093087265762050048,1788849223000,1788851253000,1,4.103,1.802,2.2769145394006656
1067765389137543168,1788859744000-632578958264631296-1067765389137543168,1788859744000,1788860320000,1,4.092,2.151,1.902370990237099
1046442514266980352,1788836004000-632578958264631296-1046442514266980352,1788836004000,1788840455000,1,4.09,3.175,1.2881889763779528
1079095785133441024,1788859765000-632578958264631296-1079095785133441024,1788859765000,1788860256000,1,4.076,1.149,3.5474325500435158
1093087738300727296,1788849247000-632578958264631296-1093087738300727296,1788849247000,1788851244000,1,4.066,1.983,2.0504286434694903
1385588909638942720,1788842398000-632578958264631296-1385588909638942720,1788842398000,1788843285000,1,4.054,1.47,2.757823129251701
1132636093246603264,1788844195000-632578958264631296-1132636093246603264,1788844195000,1788844716000,1,4.051,1.873,2.1628403630539244
951563481520275456,1788866718000-632578958264631296-951563481520275456,1788866718000,1788867421000,1,4.043,1.247,3.242181234963913
1181865772805259264,1788858098000-632578958264631296-1181865772805259264,1788858098000,1788859722000,1,4.028,1.928,2.089211618257261
1132635709874634752,1788911751000-632578958264631296-1132635709874634752,1788911751000,1788912813000,1,4.023,1.059,3.7988668555240794
1428031634325635072,1788860733000-632578958264631296-1428031634325635072,1788860733000,1788861975000,1,4.013,1.452,2.7637741046831956
1062738070563979264,1788848565000-632578958264631296-1062738070563979264,1788848565000,1788851375000,1,4.008,1.378,2.9085631349782295
906553960083488768,1788867360000-632578958264631296-906553960083488768,1788867360000,1788868926000,1,4.008,2.148,1.8659217877094971
1134878026966761472,1788866447000-632578958264631296-1134878026966761472,1788866447000,1788867873000,1,4.0,1.766,2.2650056625141564
1525526061327056896,1788843608000-632578958264631296-1525526061327056896,1788843608000,1788844202000,1,3.996,1.896,2.107594936708861
879404563604439040,1788837303000-632578958264631296-879404563604439040,1788837303000,1788838510000,1,3.982,2.122,1.8765315739868051
1153273602804547584,1788900156000-632578958264631296-1153273602804547584,1788900156000,1788900788000,1,3.96,0.72,5.5
1056588446363025408,1788835892000-632578958264631296-1056588446363025408,1788835892000,1788836920000,1,3.948,2.756,1.4325108853410742
1074385452921782272,1788852794000-632578958264631296-1074385452921782272,1788852794000,1788853103000,1,3.937,1.513,2.602115003304693
861290333428776960,1788882054000-632578958264631296-861290333428776960,1788882054000,1788882384000,1,3.914,1.028,3.8073929961089497
1083726561296777216,1788876077000-632578958264631296-1083726561296777216,1788876077000,1788876853000,1,3.913,2.155,1.8157772621809745
1067774753596506112,1788837031000-632578958264631296-1067774753596506112,1788837031000,1788839737000,1,3.912,3.882,1.007727975270479
1071018553202704384,1788848005000-632578958264631296-1071018553202704384,1788848005000,1788848571000,1,3.905,0.883,4.42242355605889
1074385452921782272,1788835337000-632578958264631296-1074385452921782272,1788835337000,1788835627000,1,3.9,1.339,2.912621359223301
951882940915122176,1788848029000-632578958264631296-951882940915122176,1788848029000,1788848598000,1,3.89,0.819,4.74969474969475
792451146961649664,1788862587000-632578958264631296-792451146961649664,1788862587000,1788863153000,1,3.863,1.474,2.6207598371777476
943458912718290944,1788890549000-632578958264631296-943458912718290944,1788890549000,1788891830000,1,3.839,1.622,2.3668310727496915
902974583798235136,1788831842000-632578958264631296-902974583798235136,1788831842000,1788832253000,1,3.822,1.177,3.247238742565845
869905949161160704,1788836903000-632578958264631296-869905949161160704,1788836903000,1788837206000,1,3.816,0.628,6.076433121019108
1073277847704961024,1788828266000-632578958264631296-1073277847704961024,1788828266000,1788829299000,1,3.792,0.792,4.787878787878787
944591832124227584,1788869706000-632578958264631296-944591832124227584,1788869706000,1788871956000,1,3.787,1.235,3.066396761133603
861290333428776960,1788887037000-632578958264631296-861290333428776960,1788887037000,1788887321000,1,3.785,1.216,3.1126644736842106
1461772563532218368,1788850840000-632578958264631296-1461772563532218368,1788850840000,1788851309000,1,3.768,1.036,3.637065637065637
1065304732634972160,1788831904000-632578958264631296-1065304732634972160,1788831904000,1788832218000,1,3.757,1.909,1.9680460974332112
1132636093246603264,1788857152000-632578958264631296-1132636093246603264,1788857152000,1788857463000,1,3.752,1.009,3.7185332011892966
1065304732634972160,1788861190000-632578958264631296-1065304732634972160,1788861190000,1788861731000,1,3.75,1.441,2.60235947258848
787737136659955712,1788849744000-632578958264631296-787737136659955712,1788849744000,1788849993000,1,3.737,0.583,6.409948542024014
1083727852433571840,1788864645000-632578958264631296-1083727852433571840,1788864645000,1788867184000,1,3.699,3.668,1.0084514721919302
1056588446363025408,1788828073000-632578958264631296-1056588446363025408,1788828073000,1788829041000,1,3.695,3.487,1.0596501290507598
1083728919393206272,1788838593000-632578958264631296-1083728919393206272,1788838593000,1788839571000,1,3.655,1.999,1.8284142071035516
787647951882158080,1788848719000-632578958264631296-787647951882158080,1788848719000,1788849623000,1,3.652,4.432,0.8240072202166064
1066703715756408832,1788855526000-632578958264631296-1066703715756408832,1788855526000,1788856195000,1,3.641,1.54,2.3642857142857143
1067775012183736320,1788849081000-632578958264631296-1067775012183736320,1788849081000,1788850352000,1,3.639,0.81,4.492592592592592
780085706063085568,1788828300000-632578958264631296-780085706063085568,1788828300000,1788829099000,1,3.635,0.996,3.649598393574297
1134878026966761472,1788829339000-632578958264631296-1134878026966761472,1788829339000,1788830144000,1,3.596,2.372,1.5160202360876898
1406228892573761536,1788872920000-632578958264631296-1406228892573761536,1788872920000,1788873394000,1,3.557,1.653,2.1518451300665458
943818542875148288,1788854695000-632578958264631296-943818542875148288,1788854695000,1788855455000,1,3.548,0.768,4.619791666666667
1132636252537880576,1788836753000-632578958264631296-1132636252537880576,1788836753000,1788837230000,1,3.541,0.804,4.404228855721393
1125482414773108736,1788874685000-632578958264631296-1125482414773108736,1788874685000,1788875405000,1,3.53,1.747,2.020606754436176
786246735176400896,1788857392000-632578958264631296-786246735176400896,1788857392000,1788857855000,1,3.52,1.679,2.0964860035735557
1061980520671346688,1788863750000-632578958264631296-1061980520671346688,1788863750000,1788866310000,1,3.5,1.452,2.4104683195592287
1536014723353411584,1788874239000-632578958264631296-1536014723353411584,1788874239000,1788875507000,1,3.499,1.76,1.9880681818181818
792451146961649664,1788848286000-632578958264631296-792451146961649664,1788848286000,1788848776000,1,3.489,1.643,2.1235544735240413
1045014601197944832,1788872707000-632578958264631296-1045014601197944832,1788872707000,1788874196000,1,3.483,2.006,1.7362911266201397
1168836102002311168,1788854672000-632578958264631296-1168836102002311168,1788854672000,1788855363000,1,3.482,0.684,5.090643274853801
1046442077992255488,1788876062000-632578958264631296-1046442077992255488,1788876062000,1788876393000,1,3.458,0.736,4.698369565217392
1065304732634972160,1788857141000-632578958264631296-1065304732634972160,1788857141000,1788857929000,1,3.452,1.962,1.7594291539245668
939545725614686208,1788830333000-632578958264631296-939545725614686208,1788830333000,1788830971000,1,3.452,2.149,1.6063285248953
970288452387995648,1788859365000-632578958264631296-970288452387995648,1788859365000,1788859638000,1,3.451,0.741,4.657219973009447
1428031634325635072,1788871486000-632578958264631296-1428031634325635072,1788871486000,1788873529000,1,3.441,2.229,1.5437415881561236
952583803866447872,1788843464000-632578958264631296-952583803866447872,1788843464000,1788844521000,1,3.441,2.278,1.5105355575065846
1478819140813717504,1788871121000-632578958264631296-1478819140813717504,1788871121000,1788871779000,1,3.44,1.343,2.5614296351451973
1593330774109585408,1788862925000-632578958264631296-1593330774109585408,1788862925000,1788863957000,1,3.435,2.035,1.6879606879606879
1090633180173565952,1788877854000-632578958264631296-1090633180173565952,1788877854000,1788879420000,1,3.43,2.886,1.1884961884961884
635414442816888832,1788834430000-632578958264631296-635414442816888832,1788834430000,1788835093000,1,3.419,1.916,1.7844467640918582
946025653910634496,1788862293000-632578958264631296-946025653910634496,1788862293000,1788862570000,1,3.415,0.906,3.7693156732891833
792451146961649664,1788859316000-632578958264631296-792451146961649664,1788859316000,1788859740000,1,3.409,1.284,2.6549844236760123
1385588816730914816,1788872138000-632578958264631296-1385588816730914816,1788872138000,1788872887000,1,3.408,1.491,2.2857142857142856
878252193440858112,1788856515000-632578958264631296-878252193440858112,1788856515000,1788857666000,1,3.406,0.914,3.726477024070022
873821465244336128,1788910860000-632578958264631296-873821465244336128,1788910860000,1788912127000,1,3.405,2.382,1.4294710327455917
635414442816888832,1788838384000-632578958264631296-635414442816888832,1788838384000,1788839266000,1,3.397,1.577,2.1540900443880786
1134877765846171648,1788839959000-632578958264631296-1134877765846171648,1788839959000,1788840748000,1,3.384,1.346,2.514115898959881
1385589109656911872,1788834135000-632578958264631296-1385589109656911872,1788834135000,1788834872000,1,3.38,1.697,1.9917501473187977
1067774753596506112,1788873262000-632578958264631296-1067774753596506112,1788873262000,1788873741000,1,3.378,0.949,3.5595363540569025
1065304732634972160,1788863501000-632578958264631296-1065304732634972160,1788863501000,1788864305000,1,3.375,1.371,2.461706783369803
1500136074981146624,1788852958000-632578958264631296-1500136074981146624,1788852958000,1788853792000,1,3.367,2.985,1.1279731993299833
927179928254808064,1788861793000-632578958264631296-927179928254808064,1788861793000,1788864648000,1,3.363,2.078,1.6183830606352263
1299087047838924800,1788856489000-632578958264631296-1299087047838924800,1788856489000,1788857051000,1,3.362,2.044,1.6448140900195696
943458912718290944,1788860265000-632578958264631296-943458912718290944,1788860265000,1788861220000,1,3.362,1.363,2.466617754952311
1462138214197231616,1788856775000-632578958264631296-1462138214197231616,1788856775000,1788857410000,1,3.356,1.177,2.8513169073916735
1083726345994764288,1788855505000-632578958264631296-1083726345994764288,1788855505000,1788858017000,1,3.341,3.691,0.9051747493904092
1500136074981146624,1788858190000-632578958264631296-1500136074981146624,1788858190000,1788858579000,1,3.335,1.902,1.7534174553101998
1385305291104452608,1788871719000-632578958264631296-1385305291104452608,1788871719000,1788872854000,1,3.31,4.519,0.732462934277495
1067767656859303936,1788881952000-632578958264631296-1067767656859303936,1788881952000,1788882835000,1,3.308,1.96,1.6877551020408164
1536014674678513664,1788881963000-632578958264631296-1536014674678513664,1788881963000,1788882716000,1,3.307,2.159,1.5317276516905975
1067765189559975936,1788841540000-632578958264631296-1067765189559975936,1788841540000,1788842287000,1,3.304,1.108,2.9819494584837543
932302785804763136,1788862125000-632578958264631296-932302785804763136,1788862125000,1788862625000,1,3.3,1.486,2.2207267833109015
1073664045493518336,1788843620000-632578958264631296-1073664045493518336,1788843620000,1788845435000,1,3.291,1.439,2.2870048644892287
1536014570613637120,1788871418000-632578958264631296-1536014570613637120,1788871418000,1788872437000,1,3.276,1.346,2.4338781575037145
940245549137788928,1788858049000-632578958264631296-940245549137788928,1788858049000,1788858333000,1,3.257,0.637,5.1130298273155415
1074385452921782272,1788851239000-632578958264631296-1074385452921782272,1788851239000,1788851506000,1,3.251,1.006,3.231610337972167
1482772108667781120,1788830381000-632578958264631296-1482772108667781120,1788830381000,1788831282000,1,3.25,1.164,2.7920962199312718
952162532812914688,1788845246000-632578958264631296-952162532812914688,1788845246000,1788845522000,1,3.249,1.389,2.3390928725701943
862693652038680576,1788880136000-632578958264631296-862693652038680576,1788880136000,1788880862000,1,3.246,0.944,3.4385593220338984
1175796663680237568,1788860708000-632578958264631296-1175796663680237568,1788860708000,1788861611000,1,3.228,1.159,2.7851596203623816
1536014543027699712,1788862250000-632578958264631296-1536014543027699712,1788862250000,1788863048000,1,3.226,1.3,2.4815384615384612
1536397466075660288,1788862230000-632578958264631296-1536397466075660288,1788862230000,1788863014000,1,3.225,1.544,2.0887305699481864
797458881650360320,1788830775000-632578958264631296-797458881650360320,1788830775000,1788831423000,1,3.217,0.706,4.5566572237960346
1170761528379441152,1788859170000-632578958264631296-1170761528379441152,1788859170000,1788861984000,1,3.204,3.043,1.0529083141636544
1536014570613637120,1788872553000-632578958264631296-1536014570613637120,1788872553000,1788873335000,1,3.2,1.384,2.3121387283236996
1056588446363025408,1788849418000-632578958264631296-1056588446363025408,1788849418000,1788849809000,1,3.186,0.844,3.7748815165876777
1083729038846984192,1788865462000-632578958264631296-1083729038846984192,1788865462000,1788865954000,1,3.18,2.101,1.5135649690623514
970288452387995648,1788858441000-632578958264631296-970288452387995648,1788858441000,1788858752000,1,3.171,1.53,2.072549019607843
1074385452921782272,1788839473000-632578958264631296-1074385452921782272,1788839473000,1788839729000,1,3.166,1.02,3.103921568627451
787737136659955712,1788834897000-632578958264631296-787737136659955712,1788834897000,1788835146000,1,3.165,0.644,4.9145962732919255
1428366867084345344,1788841400000-632578958264631296-1428366867084345344,1788841400000,1788842065000,1,3.159,0.976,3.2366803278688523
1501933614227521536,1788839274000-632578958264631296-1501933614227521536,1788839274000,1788840706000,1,3.159,2.228,1.41786355475763
1540361830973571072,1788899975000-632578958264631296-1540361830973571072,1788899975000,1788901103000,1,3.148,1.546,2.036222509702458
952162532812914688,1788831081000-632578958264631296-952162532812914688,1788831081000,1788831359000,1,3.146,1.934,1.6266804550155118
1067765247101632512,1788853342000-632578958264631296-1067765247101632512,1788853342000,1788854128000,1,3.121,0.996,3.1335341365461846
940245549137788928,1788851449000-632578958264631296-940245549137788928,1788851449000,1788852363000,1,3.118,1.079,2.8897126969416127
1056588446363025408,1788845715000-632578958264631296-1056588446363025408,1788845715000,1788846489000,1,3.104,1.794,1.730211817168339
931855689733636096,1788870995000-632578958264631296-931855689733636096,1788870995000,1788871736000,1,3.096,1.674,1.849462365591398
1067765247101632512,1788827678000-632578958264631296-1067765247101632512,1788827678000,1788828304000,1,3.086,0.827,3.731559854897219
1063501597117513728,1788856786000-632578958264631296-1063501597117513728,1788856786000,1788857499000,1,3.07,2.045,1.5012224938875305
869905949161160704,1788833246000-632578958264631296-869905949161160704,1788833246000,1788833652000,1,3.06,0.906,3.377483443708609
902974583798235136,1788834337000-632578958264631296-902974583798235136,1788834337000,1788834750000,1,3.029,0.948,3.1951476793248945
1486716779844599808,1788884015000-632578958264631296-1486716779844599808,1788884015000,1788885140000,1,3.004,2.053,1.4632245494398441
1428367002015105024,1788838769000-632578958264631296-1428367002015105024,1788838769000,1788839824000,1,3.0,1.443,2.079002079002079
1134878026966761472,1788865399000-632578958264631296-1134878026966761472,1788865399000,1788866408000,1,2.981,1.48,2.014189189189189
1536014744312348672,1788868550000-632578958264631296-1536014744312348672,1788868550000,1788870792000,1,2.972,1.215,2.4460905349794237
787647951882158080,1788823146000-632578958264631296-787647951882158080,1788823146000,1788825759000,1,2.957,3.508,0.8429304446978335
1486716779844599808,1788840378000-632578958264631296-1486716779844599808,1788840378000,1788841117000,1,2.955,0.824,3.58616504854369
1079774152119812096,1788880768000-632578958264631296-1079774152119812096,1788880768000,1788881595000,1,2.944,1.093,2.6935041171088745
874363612666265600,1788852224000-632578958264631296-874363612666265600,1788852224000,1788853252000,1,2.931,0.79,3.710126582278481
1464253789857906688,1788890671000-632578958264631296-1464253789857906688,1788890671000,1788891529000,1,2.929,1.647,1.7783849423193685
870309644059279360,1788888884000-632578958264631296-870309644059279360,1788888884000,1788890123000,1,2.925,1.486,1.9683714670255719
1299087047838924800,1788843257000-632578958264631296-1299087047838924800,1788843257000,1788843944000,1,2.916,1.865,1.563538873994638
803716121332023296,1788836302000-632578958264631296-803716121332023296,1788836302000,1788836824000,1,2.916,1.34,2.1761194029850746
939139369715892224,1788856698000-632578958264631296-939139369715892224,1788856698000,1788857565000,1,2.913,0.817,3.565483476132191
1105914583932993536,1788839314000-632578958264631296-1105914583932993536,1788839314000,1788840359000,1,2.875,1.158,2.48272884283247
1070370579279773696,1788867340000-632578958264631296-1070370579279773696,1788867340000,1788867650000,1,2.864,0.554,5.169675090252707
947093103351693312,1788859898000-632578958264631296-947093103351693312,1788859898000,1788862217000,1,2.858,1.488,1.920698924731183
876422423786815488,1788847690000-632578958264631296-876422423786815488,1788847690000,1788848435000,1,2.857,0.959,2.9791449426485928
1536014737035231232,1788869501000-632578958264631296-1536014737035231232,1788869501000,1788870647000,1,2.854,0.963,2.963655244029076
1428064485414797312,1788885562000-632578958264631296-1428064485414797312,1788885562000,1788886863000,1,2.826,1.773,1.5939086294416245
934473019407990784,1788860673000-632578958264631296-934473019407990784,1788860673000,1788861168000,1,2.809,1.416,1.983757062146893
1277220593376165888,1788840011000-632578958264631296-1277220593376165888,1788840011000,1788841303000,1,2.803,2.002,1.4000999000999002
922469481249243136,1788831525000-632578958264631296-922469481249243136,1788831525000,1788832304000,1,2.802,1.706,1.6424384525205158
1082330521322651648,1788831442000-632578958264631296-1082330521322651648,1788831442000,1788832265000,1,2.796,1.88,1.4872340425531916
1067765389137543168,1788879332000-632578958264631296-1067765389137543168,1788879332000,1788879823000,1,2.79,1.413,1.9745222929936306
794219272623620096,1788880632000-632578958264631296-794219272623620096,1788880632000,1788881446000,1,2.787,0.915,3.045901639344262
919290820798971904,1788840056000-632578958264631296-919290820798971904,1788840056000,1788841127000,1,2.778,1.899,1.462875197472354
1428064485414797312,1788903771000-632578958264631296-1428064485414797312,1788903771000,1788904351000,1,2.775,1.615,1.718266253869969
1072572023244324864,1788885552000-632578958264631296-1072572023244324864,1788885552000,1788886439000,1,2.774,1.114,2.490125673249551
927153603469115392,1788842274000-632578958264631296-927153603469115392,1788842274000,1788842493000,1,2.767,0.56,4.941071428571428
1113484110199783424,1788880601000-632578958264631296-1113484110199783424,1788880601000,1788881248000,1,2.757,0.753,3.661354581673307
1428366867084345344,1788853447000-632578958264631296-1428366867084345344,1788853447000,1788854545000,1,2.75,1.592,1.7273869346733668
1536014744312348672,1788885768000-632578958264631296-1536014744312348672,1788885768000,1788886688000,1,2.743,1.62,1.6932098765432098
1396881703661731840,1788880568000-632578958264631296-1396881703661731840,1788880568000,1788881258000,1,2.741,0.623,4.399678972712681
870309644059279360,1788888429000-632578958264631296-870309644059279360,1788888429000,1788888834000,1,2.737,0.899,3.0444938820912126
1489984398731247616,1788851748000-632578958264631296-1489984398731247616,1788851748000,1788852709000,1,2.733,1.72,1.588953488372093
866245317551456256,1788883983000-632578958264631296-866245317551456256,1788883983000,1788884912000,1,2.731,1.827,1.49480021893815
1536014737035231232,1788885786000-632578958264631296-1536014737035231232,1788885786000,1788886724000,1,2.723,1.771,1.5375494071146245
1428367002015105024,1788835120000-632578958264631296-1428367002015105024,1788835120000,1788835938000,1,2.717,1.254,2.1666666666666665
940245549137788928,1788857719000-632578958264631296-940245549137788928,1788857719000,1788858002000,1,2.703,0.609,4.438423645320197
1175796663680237568,1788887784000-632578958264631296-1175796663680237568,1788887784000,1788888470000,1,2.665,1.331,2.002253944402705
1067767656859303936,1788838276000-632578958264631296-1067767656859303936,1788838276000,1788838773000,1,2.662,0.865,3.077456647398844
1259200800735887360,1788877040000-632578958264631296-1259200800735887360,1788877040000,1788877686000,1,2.662,0.755,3.5258278145695363
1168836102002311168,1788861437000-632578958264631296-1168836102002311168,1788861437000,1788861997000,1,2.66,0.542,4.907749077490775
943818542875148288,1788861429000-632578958264631296-943818542875148288,1788861429000,1788861975000,1,2.659,0.667,3.986506746626686
1570836903035404288,1788838289000-632578958264631296-1570836903035404288,1788838289000,1788838897000,1,2.655,0.831,3.1949458483754514
1536014674678513664,1788838270000-632578958264631296-1536014674678513664,1788838270000,1788838721000,1,2.651,0.618,4.289644012944984
1135541524696662016,1788829633000-632578958264631296-1135541524696662016,1788829633000,1788830513000,1,2.622,1.141,2.2979842243645923
635414442816888832,1788837741000-632578958264631296-635414442816888832,1788837741000,1788838222000,1,2.595,1.012,2.564229249011858
1067765389137543168,1788834208000-632578958264631296-1067765389137543168,1788834208000,1788835167000,1,2.592,1.384,1.8728323699421967
1183367596062277632,1788882967000-632578958264631296-1183367596062277632,1788882967000,1788883846000,1,2.583,1.127,2.2919254658385095
1500136074981146624,1788845560000-632578958264631296-1500136074981146624,1788845560000,1788846392000,1,2.581,1.566,1.6481481481481481
1135566388677574656,1788848431000-632578958264631296-1135566388677574656,1788848431000,1788849298000,1,2.574,1.422,1.810126582278481
935951856658546688,1788862992000-632578958264631296-935951856658546688,1788862992000,1788863450000,1,2.573,1.967,1.308083375699034
943458585302532096,1788880706000-632578958264631296-943458585302532096,1788880706000,1788881633000,1,2.551,1.732,1.472863741339492
1422205425331208192,1788834893000-632578958264631296-1422205425331208192,1788834893000,1788835360000,1,2.545,0.629,4.046104928457869
1536014618822967296,1788834896000-632578958264631296-1536014618822967296,1788834896000,1788835322000,1,2.543,0.739,3.441136671177267
932334220825591808,1788873724000-632578958264631296-932334220825591808,1788873724000,1788875201000,1,2.539,2.148,1.1820297951582868
1181865772805259264,1788865622000-632578958264631296-1181865772805259264,1788865622000,1788867344000,1,2.538,1.804,1.4068736141906872
1065304732634972160,1788846255000-632578958264631296-1065304732634972160,1788846255000,1788846480000,1,2.536,0.999,2.5385385385385386
1083726988146900992,1788827927000-632578958264631296-1083726988146900992,1788827927000,1788828181000,1,2.524,0.611,4.130932896890344
952583803866447872,1788850089000-632578958264631296-952583803866447872,1788850089000,1788850845000,1,2.514,0.956,2.6297071129707112
1464628801508999168,1788864643000-632578958264631296-1464628801508999168,1788864643000,1788866290000,1,2.506,1.31,1.912977099236641
1050036776183267328,1788854160000-632578958264631296-1050036776183267328,1788854160000,1788855011000,1,2.489,1.069,2.3283442469597753
862287863801184256,1788842621000-632578958264631296-862287863801184256,1788842621000,1788842991000,1,2.488,0.659,3.7754172989377843
943818030159233024,1788906443000-632578958264631296-943818030159233024,1788906443000,1788909513000,1,2.484,1.653,1.5027223230490019
1132636093246603264,1788869300000-632578958264631296-1132636093246603264,1788869300000,1788869521000,1,2.481,1.216,2.0402960526315788
1475452919183572992,1788850422000-632578958264631296-1475452919183572992,1788850422000,1788851109000,1,2.478,0.729,3.3991769547325106
1056588446363025408,1788838502000-632578958264631296-1056588446363025408,1788838502000,1788838911000,1,2.474,1.654,1.4957678355501816
1071120101278744576,1788911930000-632578958264631296-1071120101278744576,1788911930000,1788912575000,1,2.472,1.389,1.7796976241900648
1422205318414204928,1788875633000-632578958264631296-1422205318414204928,1788875633000,1788875992000,1,2.467,1.255,1.965737051792829
876422423786815488,1788847144000-632578958264631296-876422423786815488,1788847144000,1788847570000,1,2.458,0.704,3.4914772727272734
1131239137144209408,1788854979000-632578958264631296-1131239137144209408,1788854979000,1788857625000,1,2.454,3.033,0.8090999010880318
1545823852121030656,1788854638000-632578958264631296-1545823852121030656,1788854638000,1788856130000,1,2.451,1.305,1.87816091954023
1083778254826897408,1788828249000-632578958264631296-1083778254826897408,1788828249000,1788828642000,1,2.445,1.632,1.4981617647058822
1397607641592627200,1788876967000-632578958264631296-1397607641592627200,1788876967000,1788877442000,1,2.435,0.53,4.59433962264151
931938734016823296,1788848562000-632578958264631296-931938734016823296,1788848562000,1788850138000,1,2.429,2.193,1.1076151390788873
902974583798235136,1788831044000-632578958264631296-902974583798235136,1788831044000,1788831365000,1,2.427,0.859,2.8253783469150178
934473019407990784,1788879720000-632578958264631296-934473019407990784,1788879720000,1788880110000,1,2.423,0.815,2.9730061349693253
1045646397224779776,1788838152000-632578958264631296-1045646397224779776,1788838152000,1788839110000,1,2.411,1.362,1.7701908957415564
1138167953473142784,1788833408000-632578958264631296-1138167953473142784,1788833408000,1788834246000,1,2.411,1.272,1.895440251572327
1113484110199783424,1788848197000-632578958264631296-1113484110199783424,1788848197000,1788849096000,1,2.408,0.868,2.7741935483870965
780116044227280896,1788842469000-632578958264631296-780116044227280896,1788842469000,1788843146000,1,2.407,1.149,2.094865100087032
931856805720489984,1788875590000-632578958264631296-931856805720489984,1788875590000,1788876200000,1,2.4,1.437,1.6701461377870563
1536014744312348672,1788866406000-632578958264631296-1536014744312348672,1788866406000,1788868287000,1,2.395,1.094,2.189213893967093
1536014737035231232,1788866406000-632578958264631296-1536014737035231232,1788866406000,1788868303000,1,2.392,1.165,2.0532188841201715
1074385452921782272,1788834771000-632578958264631296-1074385452921782272,1788834771000,1788834926000,1,2.38,0.74,3.2162162162162162
1083728245179809792,1788848736000-632578958264631296-1083728245179809792,1788848736000,1788849686000,1,2.375,2.043,1.162506118453255
951561875261227008,1788860656000-632578958264631296-951561875261227008,1788860656000,1788861883000,1,2.375,1.035,2.2946859903381642
1277220593376165888,1788851681000-632578958264631296-1277220593376165888,1788851681000,1788853309000,1,2.373,1.826,1.2995618838992333
1079774152119812096,1788881994000-632578958264631296-1079774152119812096,1788881994000,1788883532000,1,2.366,1.878,1.2598509052183176
939138676678459392,1788839420000-632578958264631296-939138676678459392,1788839420000,1788839924000,1,2.359,0.643,3.6687402799377913
1464286677953413120,1788911337000-632578958264631296-1464286677953413120,1788911337000,1788912141000,1,2.355,1.533,1.5362035225048924
794950170587430912,1788856059000-632578958264631296-794950170587430912,1788856059000,1788857352000,1,2.344,1.04,2.253846153846154
932612842287267840,1788847842000-632578958264631296-932612842287267840,1788847842000,1788848299000,1,2.344,1.111,2.10981098109811
1108703058243616768,1788867223000-632578958264631296-1108703058243616768,1788867223000,1788867740000,1,2.339,1.018,2.2976424361493124
1471144582421938176,1788847236000-632578958264631296-1471144582421938176,1788847236000,1788848859000,1,2.338,2.196,1.064663023679417
1067765389137543168,1788880617000-632578958264631296-1067765389137543168,1788880617000,1788881032000,1,2.337,0.855,2.7333333333333334
1536397466075660288,1788872356000-632578958264631296-1536397466075660288,1788872356000,1788874339000,1,2.334,2.776,0.840778097982709
1071019405950844928,1788880039000-632578958264631296-1071019405950844928,1788880039000,1788880858000,1,2.331,0.987,2.3617021276595747
1501933614227521536,1788846384000-632578958264631296-1501933614227521536,1788846384000,1788847365000,1,2.328,1.98,1.1757575757575758
996809766619578368,1788851662000-632578958264631296-996809766619578368,1788851662000,1788851977000,1,2.324,1.275,1.8227450980392157
1074385452921782272,1788835641000-632578958264631296-1074385452921782272,1788835641000,1788835797000,1,2.323,0.881,2.6367763904653803
1074385452921782272,1788853290000-632578958264631296-1074385452921782272,1788853290000,1788853458000,1,2.315,0.696,3.3261494252873565
932333591893901312,1788830520000-632578958264631296-932333591893901312,1788830520000,1788830880000,1,2.311,1.358,1.701767304860088
1088512574191828992,1788891706000-632578958264631296-1088512574191828992,1788891706000,1788892173000,1,2.3,0.876,2.6255707762557075
1132636899983228928,1788835384000-632578958264631296-1132636899983228928,1788835384000,1788836732000,1,2.3,1.356,1.6961651917404128
961239466377216000,1788849884000-632578958264631296-961239466377216000,1788849884000,1788850443000,1,2.295,0.649,3.5362095531587054
952162532812914688,1788836005000-632578958264631296-952162532812914688,1788836005000,1788836191000,1,2.288,0.821,2.786845310596833
966383863687282688,1788833351000-632578958264631296-966383863687282688,1788833351000,1788834217000,1,2.26,1.136,1.9894366197183098
1176134230934028288,1788846900000-632578958264631296-1176134230934028288,1788846900000,1788847877000,1,2.257,1.564,1.4430946291560103
961239466377216000,1788837469000-632578958264631296-961239466377216000,1788837469000,1788838439000,1,2.248,0.886,2.5372460496613995
1074385452921782272,1788840057000-632578958264631296-1074385452921782272,1788840057000,1788840225000,1,2.245,0.727,3.0880330123796425
635414442816888832,1788869747000-632578958264631296-635414442816888832,1788869747000,1788870421000,1,2.244,0.763,2.941022280471822
1138783468012961792,1788876823000-632578958264631296-1138783468012961792,1788876823000,1788877186000,1,2.238,1.222,1.8314238952536825
797458881650360320,1788904317000-632578958264631296-797458881650360320,1788904317000,1788905361000,1,2.231,1.32,1.690151515151515
869216733288726528,1788833375000-632578958264631296-869216733288726528,1788833375000,1788833976000,1,2.22,1.095,2.0273972602739727
1083727207982956544,1788840460000-632578958264631296-1083727207982956544,1788840460000,1788841352000,1,2.214,1.026,2.1578947368421053
1083727448777949184,1788835928000-632578958264631296-1083727448777949184,1788835928000,1788836834000,1,2.2,1.525,1.4426229508196724
797458881650360320,1788835834000-632578958264631296-797458881650360320,1788835834000,1788838099000,1,2.2,1.013,2.1717670286278383
1536014589357981696,1788878977000-632578958264631296-1536014589357981696,1788878977000,1788879619000,1,2.192,0.561,3.907308377896613
1479447378401427456,1788850306000-632578958264631296-1479447378401427456,1788850306000,1788851390000,1,2.186,1.189,1.8385197645079898
1464253789857906688,1788864316000-632578958264631296-1464253789857906688,1788864316000,1788864915000,1,2.181,0.61,3.5754098360655737
951561875261227008,1788862452000-632578958264631296-951561875261227008,1788862452000,1788863370000,1,2.17,0.678,3.2005899705014746
947104748366987264,1788843086000-632578958264631296-947104748366987264,1788843086000,1788844072000,1,2.155,1.045,2.062200956937799
951561875261227008,1788834993000-632578958264631296-951561875261227008,1788834993000,1788835769000,1,2.148,1.541,1.3939000648929267
929717117048061952,1788834697000-632578958264631296-929717117048061952,1788834697000,1788835572000,1,2.136,2.027,1.053774050320671
1082360641819246592,1788828429000-632578958264631296-1082360641819246592,1788828429000,1788828776000,1,2.13,0.956,2.228033472803347
1259200800735887360,1788877846000-632578958264631296-1259200800735887360,1788877846000,1788878485000,1,2.129,0.503,4.2326043737574555
929717117048061952,1788858242000-632578958264631296-929717117048061952,1788858242000,1788858789000,1,2.128,0.69,3.0840579710144933
1175796809117728768,1788866709000-632578958264631296-1175796809117728768,1788866709000,1788866899000,1,2.125,1.157,1.8366464995678478
866686265431425024,1788894454000-632578958264631296-866686265431425024,1788894454000,1788895129000,1,2.12,1.335,1.5880149812734083
952249131684855808,1788874817000-632578958264631296-952249131684855808,1788874817000,1788876551000,1,2.12,0.649,3.2665639445300463
1071858322266652672,1788872949000-632578958264631296-1071858322266652672,1788872949000,1788874203000,1,2.116,1.206,1.754560530679934
794219272623620096,1788904256000-632578958264631296-794219272623620096,1788904256000,1788905305000,1,2.115,1.251,1.6906474820143889
1132636093246603264,1788850308000-632578958264631296-1132636093246603264,1788850308000,1788850484000,1,2.108,1.011,2.0850642927794265
1268615730958434304,1788874119000-632578958264631296-1268615730958434304,1788874119000,1788874515000,1,2.106,0.696,3.0258620689655173
876422423786815488,1788843745000-632578958264631296-876422423786815488,1788843745000,1788844687000,1,2.1,1.377,1.5250544662309369
1138783076164304896,1788845864000-632578958264631296-1138783076164304896,1788845864000,1788847106000,1,2.099,1.966,1.0676500508647
1491416395517263872,1788868109000-632578958264631296-1491416395517263872,1788868109000,1788869121000,1,2.079,0.605,3.436363636363637
1103352309556969472,1788839827000-632578958264631296-1103352309556969472,1788839827000,1788840177000,1,2.076,0.774,2.682170542635659
1536014589357981696,1788835857000-632578958264631296-1536014589357981696,1788835857000,1788836634000,1,2.075,1.652,1.2560532687651333
951558414842986496,1788872653000-632578958264631296-951558414842986496,1788872653000,1788873045000,1,2.068,1.24,1.667741935483871
929717117048061952,1788835687000-632578958264631296-929717117048061952,1788835687000,1788836278000,1,2.061,1.616,1.2753712871287128
1045014601197944832,1788874700000-632578958264631296-1045014601197944832,1788874700000,1788875264000,1,2.05,0.841,2.4375743162901307
1536014737035231232,1788865042000-632578958264631296-1536014737035231232,1788865042000,1788865625000,1,2.044,0.629,3.249602543720191
1074385452921782272,1788835969000-632578958264631296-1074385452921782272,1788835969000,1788836112000,1,2.04,0.844,2.417061611374408
952162532812914688,1788827186000-632578958264631296-952162532812914688,1788827186000,1788827374000,1,2.035,0.956,2.128661087866109
1074385452921782272,1788835817000-632578958264631296-1074385452921782272,1788835817000,1788835954000,1,2.033,0.495,4.107070707070707
1074385452921782272,1788849912000-632578958264631296-1074385452921782272,1788849912000,1788850071000,1,2.031,0.437,4.647597254004577
1536014589357981696,1788870738000-632578958264631296-1536014589357981696,1788870738000,1788871478000,1,2.025,0.666,3.0405405405405403
1464260641047969792,1788862099000-632578958264631296-1464260641047969792,1788862099000,1788862518000,1,2.005,0.355,5.647887323943662
1061980520671346688,1788879179000-632578958264631296-1061980520671346688,1788879179000,1788880184000,1,2.0,1.162,1.721170395869191
1371466234314358784,1788828418000-632578958264631296-1371466234314358784,1788828418000,1788829134000,1,2.0,1.458,1.3717421124828533
1500491887742550016,1788844827000-632578958264631296-1500491887742550016,1788844827000,1788847106000,1,1.992,2.045,0.9740831295843521
1083727448777949184,1788840074000-632578958264631296-1083727448777949184,1788840074000,1788841043000,1,1.99,1.417,1.4043754410726887
1286311379313098752,1788873968000-632578958264631296-1286311379313098752,1788873968000,1788874271000,1,1.99,0.66,3.015151515151515
1067776159577538560,1788861432000-632578958264631296-1067776159577538560,1788861432000,1788862017000,1,1.988,1.197,1.6608187134502923
1536014744312348672,1788865046000-632578958264631296-1536014744312348672,1788865046000,1788865688000,1,1.988,0.664,2.9939759036144578
1067763903368265728,1788825897000-632578958264631296-1067763903368265728,1788825897000,1788826553000,1,1.985,1.694,1.1717827626918538
1074385452921782272,1788829215000-632578958264631296-1074385452921782272,1788829215000,1788829353000,1,1.96,0.695,2.8201438848920866
951561875261227008,1788839957000-632578958264631296-951561875261227008,1788839957000,1788840711000,1,1.951,1.365,1.4293040293040293
818154714091749376,1788862301000-632578958264631296-818154714091749376,1788862301000,1788862551000,1,1.95,1.485,1.313131313131313
1067776270814674944,1788842594000-632578958264631296-1067776270814674944,1788842594000,1788842999000,1,1.942,1.348,1.4406528189910979
1067776159577538560,1788848701000-632578958264631296-1067776159577538560,1788848701000,1788849273000,1,1.917,0.939,2.0415335463258786
794950170587430912,1788852609000-632578958264631296-794950170587430912,1788852609000,1788852964000,1,1.915,0.568,3.371478873239437
635414442816888832,1788874560000-632578958264631296-635414442816888832,1788874560000,1788874837000,1,1.909,0.406,4.701970443349754
944573640047853568,1788837260000-632578958264631296-944573640047853568,1788837260000,1788837715000,1,1.905,0.643,2.962674961119751
1536014589357981696,1788840011000-632578958264631296-1536014589357981696,1788840011000,1788840673000,1,1.884,1.504,1.252659574468085
794226357327364096,1788907897000-632578958264631296-794226357327364096,1788907897000,1788908688000,1,1.883,0.93,2.0247311827956986
902974583798235136,1788832685000-632578958264631296-902974583798235136,1788832685000,1788833138000,1,1.881,0.734,2.5626702997275204
1536014688339361792,1788838623000-632578958264631296-1536014688339361792,1788838623000,1788839623000,1,1.879,1.747,1.075558099599313
1135529735623802880,1788868764000-632578958264631296-1135529735623802880,1788868764000,1788869651000,1,1.866,1.071,1.7422969187675073
797458881650360320,1788829274000-632578958264631296-797458881650360320,1788829274000,1788830156000,1,1.858,0.85,2.1858823529411766
946034884164452352,1788887324000-632578958264631296-946034884164452352,1788887324000,1788887690000,1,1.854,0.553,3.352622061482821
944573640047853568,1788860111000-632578958264631296-944573640047853568,1788860111000,1788860848000,1,1.853,0.669,2.7698056801195814
946034884164452352,1788825254000-632578958264631296-946034884164452352,1788825254000,1788825838000,1,1.853,0.777,2.3848133848133846
1061980520671346688,1788867120000-632578958264631296-1061980520671346688,1788867120000,1788868072000,1,1.846,0.585,3.155555555555556
1536014603211767808,1788833409000-632578958264631296-1536014603211767808,1788833409000,1788834329000,1,1.836,0.775,2.3690322580645162
1471144582421938176,1788871224000-632578958264631296-1471144582421938176,1788871224000,1788872145000,1,1.832,0.746,2.4557640750670244
946032113314955264,1788875127000-632578958264631296-946032113314955264,1788875127000,1788876114000,1,1.83,0.445,4.112359550561798
943859348893859840,1788874738000-632578958264631296-943859348893859840,1788874738000,1788875548000,1,1.824,0.924,1.974025974025974
1067764779667423232,1788868988000-632578958264631296-1067764779667423232,1788868988000,1788869841000,1,1.807,1.196,1.5108695652173914
635414442816888832,1788844079000-632578958264631296-635414442816888832,1788844079000,1788844630000,1,1.799,1.137,1.5822339489885664
948575900767617024,1788861873000-632578958264631296-948575900767617024,1788861873000,1788862699000,1,1.798,0.995,1.807035175879397
1428366867084345344,1788851571000-632578958264631296-1428366867084345344,1788851571000,1788852394000,1,1.795,1.321,1.3588190764572294
893821287409909760,1788860590000-632578958264631296-893821287409909760,1788860590000,1788861005000,1,1.778,0.559,3.180679785330948
1083039951072788480,1788884610000-632578958264631296-1083039951072788480,1788884610000,1788885049000,1,1.775,0.526,3.374524714828897
938817698895233024,1788845299000-632578958264631296-938817698895233024,1788845299000,1788846394000,1,1.775,1.399,1.2687634024303074
1458037913185943552,1788907419000-632578958264631296-1458037913185943552,1788907419000,1788909601000,1,1.766,1.225,1.4416326530612245
1056588446363025408,1788847856000-632578958264631296-1056588446363025408,1788847856000,1788848075000,1,1.762,0.963,1.829698857736241
1536014667858575360,1788833184000-632578958264631296-1536014667858575360,1788833184000,1788834255000,1,1.751,1.386,1.2633477633477634
951557397191589888,1788877548000-632578958264631296-951557397191589888,1788877548000,1788877804000,1,1.75,0.867,2.0184544405997693
1079444806125486080,1788879942000-632578958264631296-1079444806125486080,1788879942000,1788880921000,1,1.743,1.038,1.6791907514450868
1268615233111326720,1788850742000-632578958264631296-1268615233111326720,1788850742000,1788851008000,1,1.738,1.294,1.3431221020092736
794226357327364096,1788882893000-632578958264631296-794226357327364096,1788882893000,1788883685000,1,1.732,0.372,4.655913978494624
1067774958987378688,1788841075000-632578958264631296-1067774958987378688,1788841075000,1788841866000,1,1.729,1.425,1.2133333333333334
870568761881526272,1788839572000-632578958264631296-870568761881526272,1788839572000,1788839889000,1,1.726,0.541,3.190388170055453
940983317312831488,1788888917000-632578958264631296-940983317312831488,1788888917000,1788889351000,1,1.725,0.945,1.8253968253968256
1071019405950844928,1788874653000-632578958264631296-1071019405950844928,1788874653000,1788875096000,1,1.715,0.488,3.514344262295082
803716121332023296,1788871153000-632578958264631296-803716121332023296,1788871153000,1788871598000,1,1.708,0.624,2.7371794871794872
947452563299500032,1788848625000-632578958264631296-947452563299500032,1788848625000,1788849462000,1,1.696,1.097,1.546034639927074
1074385452921782272,1788848718000-632578958264631296-1074385452921782272,1788848718000,1788848869000,1,1.695,0.756,2.242063492063492
1526925618065702912,1788907422000-632578958264631296-1526925618065702912,1788907422000,1788909473000,1,1.692,1.049,1.612964728312679
1536014667858575360,1788857770000-632578958264631296-1536014667858575360,1788857770000,1788859158000,1,1.692,1.609,1.0515848353014294
635414442816888832,1788872105000-632578958264631296-635414442816888832,1788872105000,1788872429000,1,1.692,0.418,4.047846889952154
1056588446363025408,1788835245000-632578958264631296-1056588446363025408,1788835245000,1788835721000,1,1.685,1.263,1.3341250989707047
1065321017443876864,1788886441000-632578958264631296-1065321017443876864,1788886441000,1788886901000,1,1.683,0.433,3.8868360277136262
635414442816888832,1788870810000-632578958264631296-635414442816888832,1788870810000,1788871095000,1,1.678,0.285,5.887719298245615
1067763772824748032,1788867059000-632578958264631296-1067763772824748032,1788867059000,1788868626000,1,1.676,2.386,0.702430846605197
952249131684855808,1788893119000-632578958264631296-952249131684855808,1788893119000,1788893404000,1,1.674,0.53,3.1584905660377354
932613192947859456,1788891745000-632578958264631296-932613192947859456,1788891745000,1788892114000,1,1.669,0.739,2.2584573748308525
1074385452921782272,1788849624000-632578958264631296-1074385452921782272,1788849624000,1788849760000,1,1.665,0.491,3.391038696537678
1173302979768352768,1788858637000-632578958264631296-1173302979768352768,1788858637000,1788861786000,1,1.663,3.26,0.5101226993865031
1067767771279917056,1788833010000-632578958264631296-1067767771279917056,1788833010000,1788833719000,1,1.647,1.236,1.3325242718446602
1074385452921782272,1788849774000-632578958264631296-1074385452921782272,1788849774000,1788849898000,1,1.647,0.734,2.2438692098092643
1181299462874595328,1788838034000-632578958264631296-1181299462874595328,1788838034000,1788838532000,1,1.639,0.718,2.2827298050139277
1536402078727929856,1788881677000-632578958264631296-1536402078727929856,1788881677000,1788881928000,1,1.637,0.35,4.677142857142857
1294704486559776768,1788890766000-632578958264631296-1294704486559776768,1788890766000,1788891142000,1,1.632,0.885,1.8440677966101693
1501934002158698496,1788866893000-632578958264631296-1501934002158698496,1788866893000,1788868776000,1,1.629,1.172,1.3899317406143346
1067776196789403648,1788875909000-632578958264631296-1067776196789403648,1788875909000,1788876409000,1,1.623,1.517,1.0698747528015822
784445389880164352,1788870273000-632578958264631296-784445389880164352,1788870273000,1788870554000,1,1.615,1.123,1.438112199465717
943859348893859840,1788876354000-632578958264631296-943859348893859840,1788876354000,1788877209000,1,1.614,0.745,2.1664429530201343
873916972050415616,1788849264000-632578958264631296-873916972050415616,1788849264000,1788849824000,1,1.607,0.81,1.9839506172839505
1535700301011484672,1788849713000-632578958264631296-1535700301011484672,1788849713000,1788850101000,1,1.603,0.437,3.668192219679634
1131239137144209408,1788850725000-632578958264631296-1131239137144209408,1788850725000,1788851354000,1,1.594,0.951,1.6761303890641432
1131239834900234240,1788841189000-632578958264631296-1131239834900234240,1788841189000,1788842016000,1,1.591,1.578,1.0082382762991127
1103352309556969472,1788842409000-632578958264631296-1103352309556969472,1788842409000,1788843319000,1,1.59,0.968,1.6425619834710745
1131239137144209408,1788844190000-632578958264631296-1131239137144209408,1788844190000,1788845369000,1,1.59,1.979,0.8034360788276907
1138783076164304896,1788828935000-632578958264631296-1138783076164304896,1788828935000,1788829776000,1,1.589,1.442,1.1019417475728155
1083727593376579584,1788864339000-632578958264631296-1083727593376579584,1788864339000,1788864811000,1,1.588,3.184,0.49874371859296485
1152270574152581120,1788859299000-632578958264631296-1152270574152581120,1788859299000,1788859574000,1,1.577,0.615,2.5642276422764225
1046442858321543168,1788898283000-632578958264631296-1046442858321543168,1788898283000,1788900040000,1,1.575,0.569,2.7680140597539546
942426738309201920,1788848282000-632578958264631296-942426738309201920,1788848282000,1788848699000,1,1.571,0.66,2.38030303030303
1083726517403385856,1788886969000-632578958264631296-1083726517403385856,1788886969000,1788888037000,1,1.57,1.276,1.2304075235109717
1536014695108968448,1788867652000-632578958264631296-1536014695108968448,1788867652000,1788869147000,1,1.562,0.946,1.6511627906976745
1074385452921782272,1788855146000-632578958264631296-1074385452921782272,1788855146000,1788855266000,1,1.561,0.254,6.145669291338582
1536014543027699712,1788845370000-632578958264631296-1536014543027699712,1788845370000,1788845765000,1,1.56,0.993,1.5709969788519638
635414442816888832,1788872663000-632578958264631296-635414442816888832,1788872663000,1788873072000,1,1.557,0.348,4.474137931034483
1536397466075660288,1788876952000-632578958264631296-1536397466075660288,1788876952000,1788877605000,1,1.554,1.666,0.9327731092436975
797458881650360320,1788849250000-632578958264631296-797458881650360320,1788849250000,1788849682000,1,1.547,0.431,3.589327146171694
1080818558042112000,1788884561000-632578958264631296-1080818558042112000,1788884561000,1788885465000,1,1.542,1.148,1.3432055749128922
1045646397224779776,1788834827000-632578958264631296-1045646397224779776,1788834827000,1788835175000,1,1.541,0.739,2.085250338294993
1464286677953413120,1788870204000-632578958264631296-1464286677953413120,1788870204000,1788870452000,1,1.539,0.414,3.717391304347826
1056588446363025408,1788841729000-632578958264631296-1056588446363025408,1788841729000,1788841913000,1,1.535,0.421,3.646080760095012
866686265431425024,1788849273000-632578958264631296-866686265431425024,1788849273000,1788849631000,1,1.527,0.595,2.5663865546218485
1073664045493518336,1788876617000-632578958264631296-1073664045493518336,1788876617000,1788878425000,1,1.52,1.825,0.8328767123287671
951557397191589888,1788841675000-632578958264631296-951557397191589888,1788841675000,1788842012000,1,1.517,1.735,0.8743515850144091
1050037109068398592,1788847973000-632578958264631296-1050037109068398592,1788847973000,1788849755000,1,1.512,1.509,1.0019880715705767
1083729116835872768,1788845844000-632578958264631296-1083729116835872768,1788845844000,1788846652000,1,1.505,0.935,1.6096256684491976
1406586595699589120,1788851340000-632578958264631296-1406586595699589120,1788851340000,1788851700000,1,1.502,0.762,1.9711286089238844
1131240373310455808,1788849207000-632578958264631296-1131240373310455808,1788849207000,1788849727000,1,1.501,0.658,2.281155015197568
1061980520671346688,1788887837000-632578958264631296-1061980520671346688,1788887837000,1788888581000,1,1.5,0.801,1.8726591760299625
1148896718033518592,1788867328000-632578958264631296-1148896718033518592,1788867328000,1788867744000,1,1.5,1.063,1.4111006585136407
948575900767617024,1788832730000-632578958264631296-948575900767617024,1788832730000,1788833663000,1,1.5,1.189,1.2615643397813288
1536014543027699712,1788876989000-632578958264631296-1536014543027699712,1788876989000,1788877615000,1,1.496,1.298,1.152542372881356
857602255610707968,1788860727000-632578958264631296-857602255610707968,1788860727000,1788861151000,1,1.49,0.701,2.125534950071327
1050037591694376960,1788859743000-632578958264631296-1050037591694376960,1788859743000,1788860202000,1,1.487,0.47,3.163829787234043
1536014603211767808,1788880936000-632578958264631296-1536014603211767808,1788880936000,1788882348000,1,1.487,1.184,1.2559121621621623
1088485622458351616,1788851292000-632578958264631296-1088485622458351616,1788851292000,1788851658000,1,1.486,0.277,5.364620938628159
860146891080335360,1788834845000-632578958264631296-860146891080335360,1788834845000,1788835685000,1,1.482,0.603,2.45771144278607
952162532812914688,1788870590000-632578958264631296-952162532812914688,1788870590000,1788870774000,1,1.481,0.742,1.995956873315364
1536014609964597248,1788868238000-632578958264631296-1536014609964597248,1788868238000,1788868858000,1,1.48,0.563,2.6287744227353467
1441118393376702464,1788827081000-632578958264631296-1441118393376702464,1788827081000,1788827890000,1,1.473,0.809,1.8207663782447465
1083727207982956544,1788838966000-632578958264631296-1083727207982956544,1788838966000,1788839814000,1,1.463,1.023,1.4301075268817207
794219272623620096,1788883732000-632578958264631296-794219272623620096,1788883732000,1788884677000,1,1.46,0.883,1.6534541336353341
1428367002015105024,1788836060000-632578958264631296-1428367002015105024,1788836060000,1788836487000,1,1.458,0.796,1.8316582914572863
1131240847388442624,1788895485000-632578958264631296-1131240847388442624,1788895485000,1788896782000,1,1.456,1.4,1.04
927179928254808064,1788879527000-632578958264631296-927179928254808064,1788879527000,1788880791000,1,1.45,1.104,1.3134057971014492
1593330894762934272,1788895534000-632578958264631296-1593330894762934272,1788895534000,1788897102000,1,1.449,1.228,1.1799674267100977
1071858322266652672,1788870945000-632578958264631296-1071858322266652672,1788870945000,1788871683000,1,1.446,0.706,2.048158640226629
942469061864849408,1788838967000-632578958264631296-942469061864849408,1788838967000,1788839530000,1,1.443,0.737,1.9579375848032565
1046752835124854784,1788856466000-632578958264631296-1046752835124854784,1788856466000,1788856890000,1,1.437,0.731,1.9658002735978113
939140294748667904,1788882349000-632578958264631296-939140294748667904,1788882349000,1788884832000,1,1.425,2.221,0.6416028815848717
1061979678694178816,1788865743000-632578958264631296-1061979678694178816,1788865743000,1788866610000,1,1.424,0.657,2.167427701674277
1046442077992255488,1788877448000-632578958264631296-1046442077992255488,1788877448000,1788877653000,1,1.423,0.291,4.890034364261169
1136252936335130624,1788871839000-632578958264631296-1136252936335130624,1788871839000,1788873100000,1,1.411,1.535,0.9192182410423454
1277220593376165888,1788869766000-632578958264631296-1277220593376165888,1788869766000,1788870139000,1,1.405,0.216,6.50462962962963
1593693995681185792,1788864902000-632578958264631296-1593693995681185792,1788864902000,1788865523000,1,1.401,0.517,2.7098646034816247
1060630916881186816,1788855247000-632578958264631296-1060630916881186816,1788855247000,1788855874000,1,1.4,0.658,2.127659574468085
787647951882158080,1788848478000-632578958264631296-787647951882158080,1788848478000,1788848717000,1,1.399,0.9,1.5544444444444445
1071019405950844928,1788864446000-632578958264631296-1071019405950844928,1788864446000,1788864796000,1,1.393,0.776,1.7951030927835052
938817698895233024,1788846596000-632578958264631296-938817698895233024,1788846596000,1788847279000,1,1.391,0.824,1.688106796116505
947093103351693312,1788879511000-632578958264631296-947093103351693312,1788879511000,1788880388000,1,1.388,1.038,1.3371868978805395
1088492376734826496,1788872905000-632578958264631296-1088492376734826496,1788872905000,1788875282000,1,1.381,1.525,0.9055737704918033
1593693995681185792,1788867748000-632578958264631296-1593693995681185792,1788867748000,1788868415000,1,1.381,0.541,2.55268022181146
1061980520671346688,1788876071000-632578958264631296-1061980520671346688,1788876071000,1788877344000,1,1.375,0.867,1.585928489042676
1061980520671346688,1788884700000-632578958264631296-1061980520671346688,1788884700000,1788885433000,1,1.375,0.769,1.788036410923277
1471164933021368320,1788849631000-632578958264631296-1471164933021368320,1788849631000,1788850426000,1,1.375,0.883,1.5571913929784824
780116044227280896,1788879254000-632578958264631296-780116044227280896,1788879254000,1788880068000,1,1.374,1.34,1.0253731343283583
1056588446363025408,1788851197000-632578958264631296-1056588446363025408,1788851197000,1788851505000,1,1.373,0.844,1.6267772511848342
1187402009754468352,1788860450000-632578958264631296-1187402009754468352,1788860450000,1788860862000,1,1.369,0.654,2.0932721712538225
794950170587430912,1788831063000-632578958264631296-794950170587430912,1788831063000,1788831249000,1,1.364,0.316,4.3164556962025316
1067775012183736320,1788858164000-632578958264631296-1067775012183736320,1788858164000,1788858717000,1,1.363,0.864,1.5775462962962963
1065304732634972160,1788846487000-632578958264631296-1065304732634972160,1788846487000,1788846759000,1,1.36,0.493,2.7586206896551726
871764433825693696,1788864413000-632578958264631296-871764433825693696,1788864413000,1788865144000,1,1.356,0.967,1.4022750775594623
1068875501654769664,1788878804000-632578958264631296-1068875501654769664,1788878804000,1788879519000,1,1.346,1.302,1.033794162826421
1071019405950844928,1788865500000-632578958264631296-1071019405950844928,1788865500000,1788865815000,1,1.341,0.474,2.829113924050633
1486716779844599808,1788875836000-632578958264631296-1486716779844599808,1788875836000,1788876713000,1,1.331,1.157,1.1503889369057907
932612842287267840,1788852267000-632578958264631296-932612842287267840,1788852267000,1788852532000,1,1.327,0.953,1.3924449108079748
935951856658546688,1788885247000-632578958264631296-935951856658546688,1788885247000,1788885428000,1,1.325,0.261,5.076628352490421
1083728677599969280,1788904220000-632578958264631296-1083728677599969280,1788904220000,1788905788000,1,1.324,1.5,0.8826666666666667
1183367596062277632,1788868217000-632578958264631296-1183367596062277632,1788868217000,1788869051000,1,1.322,1.259,1.050039714058777
1536014744312348672,1788881043000-632578958264631296-1536014744312348672,1788881043000,1788881830000,1,1.322,1.227,1.0774246128769356
1088486141482500096,1788863626000-632578958264631296-1088486141482500096,1788863626000,1788864246000,1,1.314,0.758,1.7335092348284962
1067763722711203840,1788839034000-632578958264631296-1067763722711203840,1788839034000,1788839277000,1,1.313,0.782,1.6790281329923273
1049976646406242304,1788903697000-632578958264631296-1049976646406242304,1788903697000,1788904353000,1,1.305,0.748,1.7446524064171123
951882940915122176,1788840193000-632578958264631296-951882940915122176,1788840193000,1788840830000,1,1.305,0.359,3.635097493036212
1187437506908389376,1788851468000-632578958264631296-1187437506908389376,1788851468000,1788853217000,1,1.303,2.199,0.5925420645748067
1071018553202704384,1788840208000-632578958264631296-1071018553202704384,1788840208000,1788840758000,1,1.29,0.498,2.5903614457831328
1109445504082640896,1788878039000-632578958264631296-1109445504082640896,1788878039000,1788878460000,1,1.287,0.424,3.035377358490566
1362128357327634432,1788873824000-632578958264631296-1362128357327634432,1788873824000,1788874119000,1,1.286,0.408,3.151960784313726
1056588446363025408,1788842077000-632578958264631296-1056588446363025408,1788842077000,1788842224000,1,1.284,0.592,2.168918918918919
1067767771279917056,1788830330000-632578958264631296-1067767771279917056,1788830330000,1788830875000,1,1.284,0.594,2.1616161616161618
1071019405950844928,1788866056000-632578958264631296-1071019405950844928,1788866056000,1788866447000,1,1.281,0.386,3.3186528497409324
1277220593376165888,1788873386000-632578958264631296-1277220593376165888,1788873386000,1788873864000,1,1.279,0.629,2.0333863275039743
1536014543027699712,1788872373000-632578958264631296-1536014543027699712,1788872373000,1788873314000,1,1.278,1.131,1.129973474801061
1545823503347875840,1788846196000-632578958264631296-1545823503347875840,1788846196000,1788847817000,1,1.275,1.876,0.679637526652452
874363612666265600,1788851624000-632578958264631296-874363612666265600,1788851624000,1788852029000,1,1.274,0.352,3.619318181818182
1536014667858575360,1788880077000-632578958264631296-1536014667858575360,1788880077000,1788880873000,1,1.273,0.554,2.2978339350180503
1545823503347875840,1788838411000-632578958264631296-1545823503347875840,1788838411000,1788839607000,1,1.267,1.104,1.1476449275362317
929711155667009536,1788870204000-632578958264631296-929711155667009536,1788870204000,1788870625000,1,1.25,1.393,0.8973438621679828
1176134230934028288,1788841162000-632578958264631296-1176134230934028288,1788841162000,1788841752000,1,1.246,1.23,1.0130081300813008
939138676678459392,1788838630000-632578958264631296-939138676678459392,1788838630000,1788838952000,1,1.243,0.382,3.253926701570681
947581828959567872,1788867215000-632578958264631296-947581828959567872,1788867215000,1788868137000,1,1.239,0.719,1.7232267037552158
794950170587430912,1788852989000-632578958264631296-794950170587430912,1788852989000,1788853311000,1,1.235,0.318,3.8836477987421385
1065304732634972160,1788845556000-632578958264631296-1065304732634972160,1788845556000,1788845809000,1,1.229,0.416,2.9543269230769234
944573640047853568,1788840907000-632578958264631296-944573640047853568,1788840907000,1788841242000,1,1.229,0.466,2.6373390557939915
1181865650805538816,1788870232000-632578958264631296-1181865650805538816,1788870232000,1788870738000,1,1.226,0.549,2.2331511839708558
1066703715756408832,1788833067000-632578958264631296-1066703715756408832,1788833067000,1788833259000,1,1.224,0.621,1.971014492753623
780059706918961152,1788837859000-632578958264631296-780059706918961152,1788837859000,1788839000000,1,1.222,0.832,1.46875
946029060134273024,1788896263000-632578958264631296-946029060134273024,1788896263000,1788896803000,1,1.221,0.404,3.022277227722772
879404563604439040,1788854454000-632578958264631296-879404563604439040,1788854454000,1788854949000,1,1.217,0.346,3.517341040462428
1083727772540469248,1788880656000-632578958264631296-1083727772540469248,1788880656000,1788881904000,1,1.213,1.712,0.7085280373831776
944573640047853568,1788835157000-632578958264631296-944573640047853568,1788835157000,1788835995000,1,1.212,0.948,1.2784810126582278
869905949161160704,1788840956000-632578958264631296-869905949161160704,1788840956000,1788841149000,1,1.208,0.196,6.163265306122448
1101156788989853696,1788851312000-632578958264631296-1101156788989853696,1788851312000,1788851939000,1,1.206,0.571,2.1120840630472855
939140294748667904,1788838463000-632578958264631296-939140294748667904,1788838463000,1788839294000,1,1.206,0.525,2.297142857142857
944573640047853568,1788859267000-632578958264631296-944573640047853568,1788859267000,1788859724000,1,1.205,0.523,2.3040152963671128
932334786138079232,1788830088000-632578958264631296-932334786138079232,1788830088000,1788830646000,1,1.202,0.762,1.5774278215223096
1066703715756408832,1788880914000-632578958264631296-1066703715756408832,1788880914000,1788881497000,1,1.199,0.672,1.7842261904761905
878252193440858112,1788864055000-632578958264631296-878252193440858112,1788864055000,1788864592000,1,1.198,0.348,3.442528735632184
1259200800735887360,1788873590000-632578958264631296-1259200800735887360,1788873590000,1788874161000,1,1.193,0.488,2.444672131147541
1176134230934028288,1788846266000-632578958264631296-1176134230934028288,1788846266000,1788846849000,1,1.188,0.836,1.4210526315789473
1401196266230120448,1788869969000-632578958264631296-1401196266230120448,1788869969000,1788870177000,1,1.168,0.219,5.333333333333333
1536014529144553472,1788837849000-632578958264631296-1536014529144553472,1788837849000,1788838457000,1,1.164,0.603,1.9303482587064675
871730443827806208,1788825258000-632578958264631296-871730443827806208,1788825258000,1788825782000,1,1.164,0.788,1.4771573604060912
1079796452147855360,1788878744000-632578958264631296-1079796452147855360,1788878744000,1788878837000,1,1.163,0.244,4.7663934426229515
939547788868321280,1788888015000-632578958264631296-939547788868321280,1788888015000,1788888556000,1,1.163,0.351,3.3133903133903138
935951856658546688,1788902471000-632578958264631296-935951856658546688,1788902471000,1788902974000,1,1.158,0.833,1.39015606242497
1083728582527680512,1788847775000-632578958264631296-1083728582527680512,1788847775000,1788848230000,1,1.157,0.635,1.8220472440944881
947583099720433664,1788850199000-632578958264631296-947583099720433664,1788850199000,1788852568000,1,1.154,1.247,0.9254210104250199
943859348893859840,1788893053000-632578958264631296-943859348893859840,1788893053000,1788893482000,1,1.153,0.553,2.08499095840868
1083726345994764288,1788871593000-632578958264631296-1083726345994764288,1788871593000,1788872462000,1,1.15,1.371,0.8388037928519329
635414442816888832,1788866398000-632578958264631296-635414442816888832,1788866398000,1788866788000,1,1.15,0.479,2.4008350730688934
780451558935494656,1788833030000-632578958264631296-780451558935494656,1788833030000,1788833662000,1,1.149,0.915,1.2557377049180327
860147487929794560,1788849506000-632578958264631296-860147487929794560,1788849506000,1788850591000,1,1.134,0.866,1.3094688221709005
787737136659955712,1788877124000-632578958264631296-787737136659955712,1788877124000,1788877700000,1,1.123,0.515,2.1805825242718444
871730443827806208,1788877278000-632578958264631296-871730443827806208,1788877278000,1788877864000,1,1.119,0.692,1.6170520231213874
952162532812914688,1788870779000-632578958264631296-952162532812914688,1788870779000,1788870870000,1,1.119,0.448,2.497767857142857
947093103351693312,1788874524000-632578958264631296-947093103351693312,1788874524000,1788875009000,1,1.118,0.74,1.510810810810811
818154714091749376,1788876795000-632578958264631296-818154714091749376,1788876795000,1788876987000,1,1.117,0.176,6.346590909090909
952162532812914688,1788827092000-632578958264631296-952162532812914688,1788827092000,1788827181000,1,1.116,0.362,3.082872928176796
932335222958063616,1788840778000-632578958264631296-932335222958063616,1788840778000,1788841019000,1,1.115,0.432,2.5810185185185186
1046752835124854784,1788849785000-632578958264631296-1046752835124854784,1788849785000,1788850161000,1,1.106,0.792,1.3964646464646464
635414692210147328,1788890468000-632578958264631296-635414692210147328,1788890468000,1788891301000,1,1.099,0.612,1.7957516339869282
1362128357327634432,1788829962000-632578958264631296-1362128357327634432,1788829962000,1788830245000,1,1.093,0.397,2.7531486146095716
1428366867084345344,1788842526000-632578958264631296-1428366867084345344,1788842526000,1788842815000,1,1.091,0.362,3.0138121546961325
780059706918961152,1788834432000-632578958264631296-780059706918961152,1788834432000,1788836398000,1,1.088,1.78,0.6112359550561798
946036270407090176,1788879570000-632578958264631296-946036270407090176,1788879570000,1788879660000,1,1.086,0.212,5.122641509433962
1056588446363025408,1788849147000-632578958264631296-1056588446363025408,1788849147000,1788849282000,1,1.077,0.633,1.7014218009478672
635414442816888832,1788844655000-632578958264631296-635414442816888832,1788844655000,1788844984000,1,1.074,0.351,3.05982905982906
1259200800735887360,1788872608000-632578958264631296-1259200800735887360,1788872608000,1788873078000,1,1.07,0.416,2.572115384615385
1491416395517263872,1788861867000-632578958264631296-1491416395517263872,1788861867000,1788864123000,1,1.069,1.542,0.6932555123216602
1131239137144209408,1788852925000-632578958264631296-1131239137144209408,1788852925000,1788853263000,1,1.068,0.453,2.357615894039735
1056588446363025408,1788848488000-632578958264631296-1056588446363025408,1788848488000,1788848604000,1,1.065,0.219,4.863013698630136
943458585302532096,1788868525000-632578958264631296-943458585302532096,1788868525000,1788869905000,1,1.061,1.821,0.5826468973091707
952249131684855808,1788890219000-632578958264631296-952249131684855808,1788890219000,1788890640000,1,1.06,0.325,3.2615384615384615
1082303861131051008,1788874304000-632578958264631296-1082303861131051008,1788874304000,1788875934000,1,1.058,1.855,0.5703504043126685
942721856836730880,1788831987000-632578958264631296-942721856836730880,1788831987000,1788832319000,1,1.057,0.572,1.847902097902098
1062738070563979264,1788879624000-632578958264631296-1062738070563979264,1788879624000,1788880673000,1,1.055,0.499,2.1142284569138274
939547018001383424,1788878532000-632578958264631296-939547018001383424,1788878532000,1788880095000,1,1.053,1.794,0.5869565217391304
877447567619653632,1788864618000-632578958264631296-877447567619653632,1788864618000,1788864927000,1,1.052,0.538,1.9553903345724906
635414442816888832,1788867347000-632578958264631296-635414442816888832,1788867347000,1788867668000,1,1.049,0.304,3.450657894736842
1083726345994764288,1788858831000-632578958264631296-1083726345994764288,1788858831000,1788859883000,1,1.047,1.235,0.8477732793522266
1081223436249858048,1788843816000-632578958264631296-1081223436249858048,1788843816000,1788844185000,1,1.046,0.358,2.921787709497207
870568761881526272,1788882569000-632578958264631296-870568761881526272,1788882569000,1788886643000,1,1.043,4.474,0.23312472060795705
1111626569580806144,1788878839000-632578958264631296-1111626569580806144,1788878839000,1788879109000,1,1.039,0.268,3.8768656716417906
1138783468012961792,1788866136000-632578958264631296-1138783468012961792,1788866136000,1788866637000,1,1.038,0.554,1.8736462093862816
1422205425331208192,1788844905000-632578958264631296-1422205425331208192,1788844905000,1788845456000,1,1.03,0.662,1.555891238670695
784445514740400128,1788849414000-632578958264631296-784445514740400128,1788849414000,1788850995000,1,1.03,1.559,0.6606799230275818
1127222273418199040,1788857545000-632578958264631296-1127222273418199040,1788857545000,1788858487000,1,1.012,0.407,2.486486486486487
1175796663680237568,1788875241000-632578958264631296-1175796663680237568,1788875241000,1788875866000,1,1.011,0.951,1.0630914826498423
1050781532765028352,1788849000000-632578958264631296-1050781532765028352,1788849000000,1788849289000,1,1.01,0.684,1.476608187134503
866648789010612224,1788889295000-632578958264631296-866648789010612224,1788889295000,1788889614000,1,1.009,0.367,2.749318801089918
1079095785133441024,1788836881000-632578958264631296-1079095785133441024,1788836881000,1788837855000,1,1.007,1.341,0.7509321401938851
947452563299500032,1788843727000-632578958264631296-947452563299500032,1788843727000,1788844260000,1,1.004,0.592,1.695945945945946
1050037048276156416,1788872026000-632578958264631296-1050037048276156416,1788872026000,1788872327000,1,1.002,0.454,2.20704845814978
790970372676648960,1788872680000-632578958264631296-790970372676648960,1788872680000,1788873319000,1,1.0,0.583,1.7152658662092626
902974583798235136,1788849333000-632578958264631296-902974583798235136,1788849333000,1788849753000,1,0.998,0.599,1.666110183639399
1050781532765028352,1788825356000-632578958264631296-1050781532765028352,1788825356000,1788825803000,1,0.997,0.589,1.6926994906621393
1067765389137543168,1788879187000-632578958264631296-1067765389137543168,1788879187000,1788879331000,1,0.992,0.291,3.4089347079037804
1047650330055016448,1788858869000-632578958264631296-1047650330055016448,1788858869000,1788859699000,1,0.991,0.466,2.1266094420600856
1071019405950844928,1788860655000-632578958264631296-1071019405950844928,1788860655000,1788861005000,1,0.989,0.397,2.491183879093199
944574346884546560,1788882636000-632578958264631296-944574346884546560,1788882636000,1788883019000,1,0.985,0.289,3.4083044982698962
780085706063085568,1788906734000-632578958264631296-780085706063085568,1788906734000,1788907315000,1,0.981,0.628,1.5621019108280254
1585283247909109760,1788867855000-632578958264631296-1585283247909109760,1788867855000,1788869278000,1,0.98,1.228,0.7980456026058632
1049976646406242304,1788829455000-632578958264631296-1049976646406242304,1788829455000,1788830352000,1,0.979,1.24,0.7895161290322581
1536014744312348672,1788870796000-632578958264631296-1536014744312348672,1788870796000,1788871499000,1,0.977,0.449,2.175946547884187
1082360641819246592,1788827486000-632578958264631296-1082360641819246592,1788827486000,1788827766000,1,0.968,0.513,1.8869395711500974
1082303861131051008,1788908846000-632578958264631296-1082303861131051008,1788908846000,1788909773000,1,0.963,1.329,0.7246049661399548
1536014618822967296,1788839937000-632578958264631296-1536014618822967296,1788839937000,1788840438000,1,0.959,0.538,1.782527881040892
866648789010612224,1788884417000-632578958264631296-866648789010612224,1788884417000,1788884632000,1,0.959,0.231,4.151515151515151
1065304732634972160,1788841166000-632578958264631296-1065304732634972160,1788841166000,1788841432000,1,0.958,0.683,1.4026354319180085
1074385452921782272,1788896576000-632578958264631296-1074385452921782272,1788896576000,1788896694000,1,0.956,0.305,3.134426229508197
1109804807901675520,1788846065000-632578958264631296-1109804807901675520,1788846065000,1788847428000,1,0.955,1.35,0.7074074074074074
1135529735623802880,1788887457000-632578958264631296-1135529735623802880,1788887457000,1788888132000,1,0.954,0.868,1.099078341013825
952249131684855808,1788890957000-632578958264631296-952249131684855808,1788890957000,1788891207000,1,0.953,0.297,3.208754208754209
1062738807117316096,1788850728000-632578958264631296-1062738807117316096,1788850728000,1788852365000,1,0.952,1.924,0.4948024948024948
1056588446363025408,1788851548000-632578958264631296-1056588446363025408,1788851548000,1788851730000,1,0.947,0.411,2.3041362530413627
947452563299500032,1788843068000-632578958264631296-947452563299500032,1788843068000,1788843681000,1,0.947,0.739,1.2814614343707713
1175796663680237568,1788868305000-632578958264631296-1175796663680237568,1788868305000,1788868886000,1,0.943,0.648,1.4552469135802468
861290333428776960,1788884480000-632578958264631296-861290333428776960,1788884480000,1788884667000,1,0.94,0.643,1.4618973561430793
794219272623620096,1788907721000-632578958264631296-794219272623620096,1788907721000,1788908210000,1,0.937,0.552,1.697463768115942
780451558935494656,1788866915000-632578958264631296-780451558935494656,1788866915000,1788867206000,1,0.934,0.41,2.278048780487805
929717117048061952,1788851263000-632578958264631296-929717117048061952,1788851263000,1788851506000,1,0.934,0.346,2.6994219653179194
1061351650800697344,1788840750000-632578958264631296-1061351650800697344,1788840750000,1788841615000,1,0.933,0.284,3.2852112676056344
1475452919183572992,1788868504000-632578958264631296-1475452919183572992,1788868504000,1788868963000,1,0.933,0.382,2.4424083769633507
1050037109068398592,1788842356000-632578958264631296-1050037109068398592,1788842356000,1788843252000,1,0.932,1.224,0.7614379084967321
789852692640956416,1788872701000-632578958264631296-789852692640956416,1788872701000,1788873093000,1,0.931,0.448,2.078125
878252193440858112,1788865843000-632578958264631296-878252193440858112,1788865843000,1788866507000,1,0.931,0.404,2.3044554455445545
932333591893901312,1788830885000-632578958264631296-932333591893901312,1788830885000,1788831156000,1,0.931,0.408,2.2818627450980395
1471144582421938176,1788844746000-632578958264631296-1471144582421938176,1788844746000,1788845465000,1,0.929,0.855,1.0865497076023392
1486716779844599808,1788841437000-632578958264631296-1486716779844599808,1788841437000,1788841822000,1,0.929,0.294,3.159863945578232
1138782810882965504,1788868947000-632578958264631296-1138782810882965504,1788868947000,1788869347000,1,0.927,0.744,1.245967741935484
1536014737035231232,1788872393000-632578958264631296-1536014737035231232,1788872393000,1788872710000,1,0.924,0.289,3.197231833910035
1422205727123963904,1788865017000-632578958264631296-1422205727123963904,1788865017000,1788866178000,1,0.921,0.889,1.0359955005624297
1056588446363025408,1788851756000-632578958264631296-1056588446363025408,1788851756000,1788851898000,1,0.915,0.49,1.8673469387755104
946030376206204928,1788868699000-632578958264631296-946030376206204928,1788868699000,1788870222000,1,0.913,1.036,0.8812741312741312
1056588446363025408,1788842611000-632578958264631296-1056588446363025408,1788842611000,1788842858000,1,0.911,0.416,2.1899038461538463
1138783468012961792,1788851513000-632578958264631296-1138783468012961792,1788851513000,1788851785000,1,0.903,0.85,1.0623529411764707
1079095522620342272,1788874171000-632578958264631296-1079095522620342272,1788874171000,1788874753000,1,0.901,0.459,1.962962962962963
1536014618822967296,1788836994000-632578958264631296-1536014618822967296,1788836994000,1788837613000,1,0.9,0.557,1.6157989228007181
780059706918961152,1788840216000-632578958264631296-780059706918961152,1788840216000,1788843205000,1,0.899,2.477,0.36293903916027453
932613192947859456,1788902969000-632578958264631296-932613192947859456,1788902969000,1788903361000,1,0.898,0.379,2.3693931398416885
792451146961649664,1788850888000-632578958264631296-792451146961649664,1788850888000,1788851218000,1,0.897,0.56,1.6017857142857141
939547018001383424,1788885612000-632578958264631296-939547018001383424,1788885612000,1788886230000,1,0.895,1.006,0.889662027833002
780067386190462976,1788877225000-632578958264631296-780067386190462976,1788877225000,1788878240000,1,0.889,0.989,0.8988877654196158
1061351650800697344,1788845748000-632578958264631296-1061351650800697344,1788845748000,1788847196000,1,0.888,1.38,0.6434782608695653
1153273602804547584,1788869318000-632578958264631296-1153273602804547584,1788869318000,1788869816000,1,0.887,0.61,1.4540983606557378
943818542875148288,1788847092000-632578958264631296-943818542875148288,1788847092000,1788847308000,1,0.884,0.276,3.2028985507246372
780067386190462976,1788859698000-632578958264631296-780067386190462976,1788859698000,1788860049000,1,0.883,0.443,1.9932279909706547
1362128357327634432,1788826242000-632578958264631296-1362128357327634432,1788826242000,1788826744000,1,0.882,0.604,1.4602649006622517
1050036721544069120,1788882749000-632578958264631296-1050036721544069120,1788882749000,1788883560000,1,0.881,0.816,1.0796568627450982
1049976646406242304,1788830624000-632578958264631296-1049976646406242304,1788830624000,1788831191000,1,0.88,0.606,1.4521452145214522
876422423786815488,1788905295000-632578958264631296-876422423786815488,1788905295000,1788905608000,1,0.878,0.44,1.9954545454545454
1488160320575766528,1788830417000-632578958264631296-1488160320575766528,1788830417000,1788830959000,1,0.877,0.595,1.4739495798319329
1046752835124854784,1788862670000-632578958264631296-1046752835124854784,1788862670000,1788863244000,1,0.875,0.886,0.9875846501128668
1068875501654769664,1788839527000-632578958264631296-1068875501654769664,1788839527000,1788839849000,1,0.873,0.562,1.5533807829181494
1088486141482500096,1788864829000-632578958264631296-1088486141482500096,1788864829000,1788865285000,1,0.872,0.381,2.288713910761155
1063501597117513728,1788827497000-632578958264631296-1063501597117513728,1788827497000,1788827901000,1,0.871,1.027,0.8481012658227849
869905949161160704,1788861124000-632578958264631296-869905949161160704,1788861124000,1788861329000,1,0.868,0.212,4.09433962264151
946029440482148352,1788837025000-632578958264631296-946029440482148352,1788837025000,1788837631000,1,0.866,0.265,3.2679245283018865
1506655599683698688,1788843581000-632578958264631296-1506655599683698688,1788843581000,1788844373000,1,0.864,0.698,1.2378223495702005
927153603469115392,1788846672000-632578958264631296-927153603469115392,1788846672000,1788846787000,1,0.864,0.217,3.9815668202764978
1385588816730914816,1788873000000-632578958264631296-1385588816730914816,1788873000000,1788873332000,1,0.863,0.554,1.5577617328519855
1428367002015105024,1788834597000-632578958264631296-1428367002015105024,1788834597000,1788834903000,1,0.86,0.618,1.3915857605177993
1083727772540469248,1788887878000-632578958264631296-1083727772540469248,1788887878000,1788888557000,1,0.855,0.981,0.8715596330275229
1050036721544069120,1788876011000-632578958264631296-1050036721544069120,1788876011000,1788876580000,1,0.853,2.565,0.33255360623781677
1074385452921782272,1788835129000-632578958264631296-1074385452921782272,1788835129000,1788835307000,1,0.852,0.575,1.4817391304347827
1536014543027699712,1788852882000-632578958264631296-1536014543027699712,1788852882000,1788853107000,1,0.851,0.558,1.525089605734767
1536014543027699712,1788873543000-632578958264631296-1536014543027699712,1788873543000,1788874364000,1,0.847,0.845,1.0023668639053254
789852692640956416,1788885931000-632578958264631296-789852692640956416,1788885931000,1788886873000,1,0.847,1.031,0.8215324927255092
1111626569580806144,1788836774000-632578958264631296-1111626569580806144,1788836774000,1788837488000,1,0.84,0.578,1.453287197231834
964172050669240320,1788849658000-632578958264631296-964172050669240320,1788849658000,1788850266000,1,0.837,0.509,1.6444007858546168
780067386190462976,1788858861000-632578958264631296-780067386190462976,1788858861000,1788859635000,1,0.826,0.893,0.9249720044792833
1088485622458351616,1788878530000-632578958264631296-1088485622458351616,1788878530000,1788879336000,1,0.824,0.682,1.2082111436950145
932333591893901312,1788831161000-632578958264631296-932333591893901312,1788831161000,1788831570000,1,0.823,0.874,0.9416475972540045
809467481230934016,1788878436000-632578958264631296-809467481230934016,1788878436000,1788878983000,1,0.822,0.577,1.4246100519930676
946029440482148352,1788833797000-632578958264631296-946029440482148352,1788833797000,1788834521000,1,0.822,0.35,2.3485714285714288
1536014618822967296,1788842843000-632578958264631296-1536014618822967296,1788842843000,1788843259000,1,0.821,0.377,2.1777188328912467
1080818558042112000,1788890889000-632578958264631296-1080818558042112000,1788890889000,1788891782000,1,0.819,1.115,0.7345291479820627
1140670395897085952,1788835909000-632578958264631296-1140670395897085952,1788835909000,1788837061000,1,0.819,1.343,0.6098287416232315
635414442816888832,1788867692000-632578958264631296-635414442816888832,1788867692000,1788867982000,1,0.818,0.277,2.9530685920577615
1067764779667423232,1788885801000-632578958264631296-1067764779667423232,1788885801000,1788886279000,1,0.814,0.562,1.4483985765124552
635414442816888832,1788848841000-632578958264631296-635414442816888832,1788848841000,1788849265000,1,0.813,0.524,1.5515267175572518
1111626569580806144,1788854958000-632578958264631296-1111626569580806144,1788854958000,1788855152000,1,0.81,0.143,5.664335664335665
809467481230934016,1788909069000-632578958264631296-809467481230934016,1788909069000,1788909624000,1,0.807,0.602,1.340531561461794
1088512574191828992,1788859974000-632578958264631296-1088512574191828992,1788859974000,1788860169000,1,0.805,0.145,5.551724137931036
797458881650360320,1788868347000-632578958264631296-797458881650360320,1788868347000,1788869011000,1,0.805,0.527,1.5275142314990513
939547417898909696,1788850458000-632578958264631296-939547417898909696,1788850458000,1788851066000,1,0.8,0.872,0.9174311926605505
1067775201233600512,1788888948000-632578958264631296-1067775201233600512,1788888948000,1788889307000,1,0.793,0.226,3.508849557522124
1187437506908389376,1788866078000-632578958264631296-1187437506908389376,1788866078000,1788867323000,1,0.788,1.112,0.7086330935251798
1050037424450699264,1788891175000-632578958264631296-1050037424450699264,1788891175000,1788891408000,1,0.783,0.313,2.501597444089457
1536014603211767808,1788890446000-632578958264631296-1536014603211767808,1788890446000,1788891373000,1,0.774,0.979,0.7906026557711952
1396881703661731840,1788883549000-632578958264631296-1396881703661731840,1788883549000,1788884115000,1,0.771,0.258,2.988372093023256
635414442816888832,1788873097000-632578958264631296-635414442816888832,1788873097000,1788873239000,1,0.77,0.206,3.737864077669903
1111626569580806144,1788881710000-632578958264631296-1111626569580806144,1788881710000,1788881916000,1,0.767,0.266,2.8834586466165413
939545725614686208,1788828686000-632578958264631296-939545725614686208,1788828686000,1788829155000,1,0.765,0.83,0.9216867469879518
1088512574191828992,1788907213000-632578958264631296-1088512574191828992,1788907213000,1788907506000,1,0.763,0.31,2.4612903225806453
1462138214197231616,1788849101000-632578958264631296-1462138214197231616,1788849101000,1788849283000,1,0.763,0.373,2.0455764075067027
1536014737035231232,1788876985000-632578958264631296-1536014737035231232,1788876985000,1788877462000,1,0.763,0.56,1.3624999999999998
1050036904705130496,1788875770000-632578958264631296-1050036904705130496,1788875770000,1788877925000,1,0.758,1.427,0.5311843027330063
1259200800735887360,1788859367000-632578958264631296-1259200800735887360,1788859367000,1788860382000,1,0.758,0.99,0.7656565656565657
786329086610898944,1788866005000-632578958264631296-786329086610898944,1788866005000,1788866505000,1,0.756,0.513,1.4736842105263157
1396881703661731840,1788892262000-632578958264631296-1396881703661731840,1788892262000,1788895234000,1,0.755,4.432,0.17035198555956677
1536014695108968448,1788875113000-632578958264631296-1536014695108968448,1788875113000,1788875864000,1,0.754,0.607,1.242174629324547
1065304732634972160,1788842882000-632578958264631296-1065304732634972160,1788842882000,1788843044000,1,0.751,0.167,4.497005988023952
1088472759995990016,1788878828000-632578958264631296-1088472759995990016,1788878828000,1788879537000,1,0.751,0.604,1.2433774834437086
1062738070563979264,1788852666000-632578958264631296-1062738070563979264,1788852666000,1788853436000,1,0.75,0.325,2.3076923076923075
946032113314955264,1788838877000-632578958264631296-946032113314955264,1788838877000,1788840609000,1,0.75,0.988,0.7591093117408907
1067775916656033792,1788853285000-632578958264631296-1067775916656033792,1788853285000,1788853867000,1,0.748,0.517,1.4468085106382977
1067775012183736320,1788884776000-632578958264631296-1067775012183736320,1788884776000,1788885210000,1,0.745,0.548,1.3594890510948905
1050036904705130496,1788901451000-632578958264631296-1050036904705130496,1788901451000,1788901947000,1,0.741,0.367,2.019073569482289
1441118393376702464,1788832557000-632578958264631296-1441118393376702464,1788832557000,1788833102000,1,0.74,0.487,1.5195071868583163
1464253789857906688,1788880799000-632578958264631296-1464253789857906688,1788880799000,1788881141000,1,0.74,0.667,1.1094452773613193
1536014618822967296,1788848059000-632578958264631296-1536014618822967296,1788848059000,1788848464000,1,0.739,0.59,1.252542372881356
1467925946630668288,1788837455000-632578958264631296-1467925946630668288,1788837455000,1788838159000,1,0.736,0.661,1.113464447806354
1500484476822618112,1788831575000-632578958264631296-1500484476822618112,1788831575000,1788831783000,1,0.734,0.44,1.6681818181818182
786329086610898944,1788885898000-632578958264631296-786329086610898944,1788885898000,1788886621000,1,0.733,0.974,0.7525667351129364
1422205425331208192,1788839649000-632578958264631296-1422205425331208192,1788839649000,1788839977000,1,0.731,0.274,2.667883211678832
794950170587430912,1788869056000-632578958264631296-794950170587430912,1788869056000,1788869788000,1,0.728,0.757,0.9616908850726552
997896292355014656,1788898404000-632578958264631296-997896292355014656,1788898404000,1788899321000,1,0.728,1.0,0.728
789852692640956416,1788896645000-632578958264631296-789852692640956416,1788896645000,1788896832000,1,0.722,0.626,1.1533546325878594
1067765247101632512,1788827374000-632578958264631296-1067765247101632512,1788827374000,1788827607000,1,0.717,0.278,2.5791366906474815
1397607242391355392,1788831583000-632578958264631296-1397607242391355392,1788831583000,1788831786000,1,0.714,0.408,1.75
1422205425331208192,1788884216000-632578958264631296-1422205425331208192,1788884216000,1788884521000,1,0.71,0.536,1.3246268656716416
1135566388677574656,1788867503000-632578958264631296-1135566388677574656,1788867503000,1788867799000,1,0.708,0.338,2.0946745562130173
1065304732634972160,1788829927000-632578958264631296-1065304732634972160,1788829927000,1788831860000,1,0.705,1.155,0.6103896103896104
1545823852121030656,1788857505000-632578958264631296-1545823852121030656,1788857505000,1788857877000,1,0.702,0.354,1.9830508474576272
1536014505966829568,1788851747000-632578958264631296-1536014505966829568,1788851747000,1788852190000,1,0.698,0.417,1.6738609112709832
794950170587430912,1788855364000-632578958264631296-794950170587430912,1788855364000,1788855605000,1,0.698,0.277,2.5198555956678694
879404563604439040,1788855404000-632578958264631296-879404563604439040,1788855404000,1788855768000,1,0.696,0.343,2.029154518950437
857602255610707968,1788841125000-632578958264631296-857602255610707968,1788841125000,1788841545000,1,0.693,0.64,1.0828125
870568761881526272,1788910531000-632578958264631296-870568761881526272,1788910531000,1788912721000,1,0.691,2.577,0.26814124951493984
878252193440858112,1788854923000-632578958264631296-878252193440858112,1788854923000,1788856082000,1,0.69,0.661,1.0438729198184566
780067386190462976,1788857194000-632578958264631296-780067386190462976,1788857194000,1788858072000,1,0.688,0.799,0.8610763454317896
873568577507033088,1788874071000-632578958264631296-873568577507033088,1788874071000,1788874385000,1,0.687,0.367,1.8719346049046324
1536014737035231232,1788879698000-632578958264631296-1536014737035231232,1788879698000,1788880080000,1,0.686,0.44,1.5590909090909093
1312806942439112704,1788873596000-632578958264631296-1312806942439112704,1788873596000,1788874744000,1,0.681,0.896,0.7600446428571429
943458585302532096,1788828585000-632578958264631296-943458585302532096,1788828585000,1788829145000,1,0.681,0.7,0.972857142857143
819592403370377216,1788839898000-632578958264631296-819592403370377216,1788839898000,1788840144000,1,0.679,0.455,1.4923076923076923
1181865772805259264,1788900902000-632578958264631296-1181865772805259264,1788900902000,1788901261000,1,0.678,0.609,1.1133004926108376
1479447378401427456,1788853414000-632578958264631296-1479447378401427456,1788853414000,1788853753000,1,0.678,0.373,1.8176943699731904
1067775063052255232,1788851168000-632578958264631296-1067775063052255232,1788851168000,1788851989000,1,0.676,0.589,1.1477079796264857
1131240373310455808,1788838094000-632578958264631296-1131240373310455808,1788838094000,1788838429000,1,0.676,0.452,1.4955752212389382
939547788868321280,1788840864000-632578958264631296-939547788868321280,1788840864000,1788841544000,1,0.676,0.198,3.4141414141414144
932613192947859456,1788904959000-632578958264631296-932613192947859456,1788904959000,1788905622000,1,0.675,0.681,0.9911894273127754
938442824968306688,1788883694000-632578958264631296-938442824968306688,1788883694000,1788884636000,1,0.674,0.777,0.8674388674388674
1056588446363025408,1788835774000-632578958264631296-1056588446363025408,1788835774000,1788835884000,1,0.672,0.266,2.526315789473684
1536014737035231232,1788870808000-632578958264631296-1536014737035231232,1788870808000,1788871120000,1,0.665,0.29,2.2931034482758625
906553960083488768,1788827313000-632578958264631296-906553960083488768,1788827313000,1788827539000,1,0.66,0.279,2.365591397849462
876149191938670592,1788857428000-632578958264631296-876149191938670592,1788857428000,1788858050000,1,0.658,0.453,1.4525386313465785
870568761881526272,1788839108000-632578958264631296-870568761881526272,1788839108000,1788839248000,1,0.657,0.385,1.7064935064935065
944591832124227584,1788876913000-632578958264631296-944591832124227584,1788876913000,1788877853000,1,0.657,0.466,1.409871244635193
1047650330055016448,1788850536000-632578958264631296-1047650330055016448,1788850536000,1788851187000,1,0.656,0.941,0.6971307120085016
1131240645348818944,1788825817000-632578958264631296-1131240645348818944,1788825817000,1788826090000,1,0.656,0.427,1.5362997658079627
1536014688339361792,1788838061000-632578958264631296-1536014688339361792,1788838061000,1788838417000,1,0.652,0.747,0.8728246318607765
635414442816888832,1788844986000-632578958264631296-635414442816888832,1788844986000,1788845230000,1,0.652,1.619,0.4027177269919704
873916972050415616,1788907373000-632578958264631296-873916972050415616,1788907373000,1788908156000,1,0.652,1.088,0.5992647058823529
1080910261382021120,1788877691000-632578958264631296-1080910261382021120,1788877691000,1788878135000,1,0.651,0.348,1.870689655172414
1094650284191252480,1788872639000-632578958264631296-1094650284191252480,1788872639000,1788872875000,1,0.651,0.718,0.9066852367688023
947583099720433664,1788874000000-632578958264631296-947583099720433664,1788874000000,1788874241000,1,0.651,0.34,1.914705882352941
1156948637754851328,1788860583000-632578958264631296-1156948637754851328,1788860583000,1788861557000,1,0.65,0.872,0.7454128440366973
902974583798235136,1788842739000-632578958264631296-902974583798235136,1788842739000,1788843168000,1,0.648,0.389,1.6658097686375322
947452563299500032,1788842510000-632578958264631296-947452563299500032,1788842510000,1788842891000,1,0.648,0.505,1.2831683168316832
1536014618822967296,1788882961000-632578958264631296-1536014618822967296,1788882961000,1788883178000,1,0.647,0.518,1.249034749034749
1422205425331208192,1788848598000-632578958264631296-1422205425331208192,1788848598000,1788849147000,1,0.646,0.54,1.1962962962962962
1062738070563979264,1788880763000-632578958264631296-1062738070563979264,1788880763000,1788881038000,1,0.642,0.165,3.8909090909090907
1132636093246603264,1788855460000-632578958264631296-1132636093246603264,1788855460000,1788855570000,1,0.642,0.367,1.7493188010899183
951559578305167360,1788841709000-632578958264631296-951559578305167360,1788841709000,1788842369000,1,0.642,0.771,0.8326848249027238
1535695002116554752,1788878647000-632578958264631296-1535695002116554752,1788878647000,1788879486000,1,0.64,0.4,1.5999999999999999
866686265431425024,1788879641000-632578958264631296-866686265431425024,1788879641000,1788880142000,1,0.636,0.694,0.9164265129682998
939547018001383424,1788878328000-632578958264631296-939547018001383424,1788878328000,1788878524000,1,0.635,0.411,1.5450121654501217
1046752835124854784,1788862200000-632578958264631296-1046752835124854784,1788862200000,1788862540000,1,0.634,0.439,1.4441913439635536
1083778254826897408,1788840033000-632578958264631296-1083778254826897408,1788840033000,1788840248000,1,0.634,0.557,1.1382405745062836
876422423786815488,1788870330000-632578958264631296-876422423786815488,1788870330000,1788870749000,1,0.634,0.409,1.5501222493887532
951882940915122176,1788839568000-632578958264631296-951882940915122176,1788839568000,1788839954000,1,0.634,0.195,3.2512820512820513
1068875501654769664,1788869668000-632578958264631296-1068875501654769664,1788869668000,1788869984000,1,0.632,0.33,1.915151515151515
1103352309556969472,1788839305000-632578958264631296-1103352309556969472,1788839305000,1788839479000,1,0.632,0.285,2.217543859649123
1125482414773108736,1788831204000-632578958264631296-1125482414773108736,1788831204000,1788831355000,1,0.632,0.549,1.151183970856102
1173302979768352768,1788866395000-632578958264631296-1173302979768352768,1788866395000,1788867579000,1,0.631,1.527,0.4132285527177472
1072572023244324864,1788888582000-632578958264631296-1072572023244324864,1788888582000,1788888958000,1,0.63,0.354,1.7796610169491527
1126571257152667648,1788832785000-632578958264631296-1126571257152667648,1788832785000,1788832997000,1,0.629,0.303,2.075907590759076
797458881650360320,1788881069000-632578958264631296-797458881650360320,1788881069000,1788881318000,1,0.629,0.395,1.5924050632911393
1079774152119812096,1788903156000-632578958264631296-1079774152119812096,1788903156000,1788903698000,1,0.626,0.586,1.0682593856655291
1071018553202704384,1788839437000-632578958264631296-1071018553202704384,1788839437000,1788839896000,1,0.625,0.38,1.644736842105263
635414442816888832,1788847708000-632578958264631296-635414442816888832,1788847708000,1788848064000,1,0.62,0.454,1.3656387665198237
857602255610707968,1788862943000-632578958264631296-857602255610707968,1788862943000,1788863574000,1,0.619,0.93,0.6655913978494623
866686265431425024,1788838139000-632578958264631296-866686265431425024,1788838139000,1788838799000,1,0.619,0.671,0.9225037257824142
873568577507033088,1788873199000-632578958264631296-873568577507033088,1788873199000,1788873405000,1,0.617,0.295,2.0915254237288137
1071826388769570816,1788870094000-632578958264631296-1071826388769570816,1788870094000,1788870453000,1,0.616,0.357,1.7254901960784315
1135630948969218048,1788878160000-632578958264631296-1135630948969218048,1788878160000,1788879213000,1,0.615,1.161,0.5297157622739018
1385589008028925952,1788841921000-632578958264631296-1385589008028925952,1788841921000,1788842313000,1,0.615,0.479,1.2839248434237995
1500136074981146624,1788879489000-632578958264631296-1500136074981146624,1788879489000,1788879892000,1,0.615,0.565,1.088495575221239
1062738807117316096,1788873144000-632578958264631296-1062738807117316096,1788873144000,1788873926000,1,0.614,0.985,0.6233502538071066
961239466377216000,1788843037000-632578958264631296-961239466377216000,1788843037000,1788843281000,1,0.614,0.329,1.8662613981762917
1050036904705130496,1788900464000-632578958264631296-1050036904705130496,1788900464000,1788901147000,1,0.612,0.277,2.2093862815884475
784445514740400128,1788851504000-632578958264631296-784445514740400128,1788851504000,1788851743000,1,0.61,1.147,0.5318221447253705
1536397466075660288,1788864488000-632578958264631296-1536397466075660288,1788864488000,1788865126000,1,0.609,0.792,0.7689393939393939
1127222273418199040,1788874866000-632578958264631296-1127222273418199040,1788874866000,1788875468000,1,0.608,0.327,1.859327217125382
1134878026966761472,1788868381000-632578958264631296-1134878026966761472,1788868381000,1788868744000,1,0.608,0.386,1.5751295336787563
1585283247909109760,1788836053000-632578958264631296-1585283247909109760,1788836053000,1788837663000,1,0.608,0.71,0.856338028169014
635414442816888832,1788871946000-632578958264631296-635414442816888832,1788871946000,1788872081000,1,0.608,0.131,4.641221374045801
869918310366445568,1788901966000-632578958264631296-869918310366445568,1788901966000,1788902712000,1,0.608,1.1,0.5527272727272726
938442824968306688,1788890492000-632578958264631296-938442824968306688,1788890492000,1788890846000,1,0.608,0.309,1.9676375404530744
906553960083488768,1788828573000-632578958264631296-906553960083488768,1788828573000,1788829072000,1,0.607,0.463,1.3110151187904966
1299087047838924800,1788842460000-632578958264631296-1299087047838924800,1788842460000,1788842865000,1,0.606,0.583,1.0394511149228132
946025653910634496,1788862665000-632578958264631296-946025653910634496,1788862665000,1788862959000,1,0.603,0.395,1.5265822784810126
1536014667858575360,1788866117000-632578958264631296-1536014667858575360,1788866117000,1788866870000,1,0.599,0.732,0.8183060109289617
1536014737035231232,1788879186000-632578958264631296-1536014737035231232,1788879186000,1788879539000,1,0.599,0.411,1.4574209245742094
946032113314955264,1788874522000-632578958264631296-946032113314955264,1788874522000,1788874822000,1,0.599,0.201,2.980099502487562
942426738309201920,1788848924000-632578958264631296-942426738309201920,1788848924000,1788849114000,1,0.597,0.324,1.8425925925925926
797458881650360320,1788865170000-632578958264631296-797458881650360320,1788865170000,1788865534000,1,0.594,0.317,1.8738170347003154
947104748366987264,1788859730000-632578958264631296-947104748366987264,1788859730000,1788860023000,1,0.592,0.16,3.6999999999999997
1090633180173565952,1788874905000-632578958264631296-1090633180173565952,1788874905000,1788875712000,1,0.591,1.184,0.49915540540540543
1397607641592627200,1788832868000-632578958264631296-1397607641592627200,1788832868000,1788833114000,1,0.59,0.243,2.42798353909465
635414442816888832,1788873728000-632578958264631296-635414442816888832,1788873728000,1788873912000,1,0.588,0.256,2.296875
1071019405950844928,1788858515000-632578958264631296-1071019405950844928,1788858515000,1788859427000,1,0.586,0.552,1.0615942028985506
1593331058084937728,1788878504000-632578958264631296-1593331058084937728,1788878504000,1788879332000,1,0.586,0.592,0.9898648648648648
1050037591694376960,1788861302000-632578958264631296-1050037591694376960,1788861302000,1788861712000,1,0.585,0.163,3.5889570552147236
1535695002116554752,1788889737000-632578958264631296-1535695002116554752,1788889737000,1788890636000,1,0.585,0.95,0.6157894736842106
1536427445069021184,1788846085000-632578958264631296-1536427445069021184,1788846085000,1788846314000,1,0.584,0.357,1.6358543417366946
944591832124227584,1788882819000-632578958264631296-944591832124227584,1788882819000,1788884012000,1,0.579,0.421,1.3752969121140142
1046752835124854784,1788841783000-632578958264631296-1046752835124854784,1788841783000,1788842327000,1,0.578,1.295,0.4463320463320463
1067767771279917056,1788846373000-632578958264631296-1067767771279917056,1788846373000,1788846568000,1,0.578,-0.004,0.0
1080910261382021120,1788873412000-632578958264631296-1080910261382021120,1788873412000,1788874086000,1,0.575,0.388,1.4819587628865978
794226357327364096,1788881763000-632578958264631296-794226357327364096,1788881763000,1788882766000,1,0.573,1.015,0.5645320197044335
1073664045493518336,1788867279000-632578958264631296-1073664045493518336,1788867279000,1788868175000,1,0.57,0.798,0.7142857142857142
794219272623620096,1788906958000-632578958264631296-794219272623620096,1788906958000,1788907424000,1,0.57,0.46,1.2391304347826084
1093087738300727296,1788832458000-632578958264631296-1093087738300727296,1788832458000,1788835020000,1,0.569,1.415,0.40212014134275614
942469061864849408,1788861339000-632578958264631296-942469061864849408,1788861339000,1788861533000,1,0.568,0.331,1.7160120845921447
1299087047838924800,1788832847000-632578958264631296-1299087047838924800,1788832847000,1788833362000,1,0.562,0.693,0.8109668109668111
927179928254808064,1788874567000-632578958264631296-927179928254808064,1788874567000,1788875010000,1,0.562,0.488,1.1516393442622952
873916972050415616,1788840411000-632578958264631296-873916972050415616,1788840411000,1788840748000,1,0.561,0.389,1.4421593830334192
1073664045493518336,1788857160000-632578958264631296-1073664045493518336,1788857160000,1788857611000,1,0.56,0.281,1.99288256227758
1050036721544069120,1788875822000-632578958264631296-1050036721544069120,1788875822000,1788876006000,1,0.557,1.729,0.32215153267784846
1062738807117316096,1788840847000-632578958264631296-1062738807117316096,1788840847000,1788841208000,1,0.557,0.524,1.0629770992366412
1062738807117316096,1788865343000-632578958264631296-1062738807117316096,1788865343000,1788866090000,1,0.557,0.947,0.5881731784582894
874363612666265600,1788896286000-632578958264631296-874363612666265600,1788896286000,1788896457000,1,0.554,0.193,2.8704663212435233
780451558935494656,1788865142000-632578958264631296-780451558935494656,1788865142000,1788865452000,1,0.553,0.359,1.540389972144847
1593331058084937728,1788879396000-632578958264631296-1593331058084937728,1788879396000,1788879793000,1,0.552,0.276,2.0
929717117048061952,1788901076000-632578958264631296-929717117048061952,1788901076000,1788901645000,1,0.552,0.418,1.320574162679426
948575900767617024,1788834940000-632578958264631296-948575900767617024,1788834940000,1788835335000,1,0.551,0.529,1.0415879017013232
1536014695108968448,1788850027000-632578958264631296-1536014695108968448,1788850027000,1788850568000,1,0.55,0.381,1.4435695538057745
857602255610707968,1788841679000-632578958264631296-857602255610707968,1788841679000,1788841995000,1,0.55,0.402,1.3681592039800996
938442824968306688,1788883024000-632578958264631296-938442824968306688,1788883024000,1788883480000,1,0.549,0.477,1.1509433962264153
1536014723353411584,1788830623000-632578958264631296-1536014723353411584,1788830623000,1788830929000,1,0.547,0.313,1.7476038338658149
873916972050415616,1788908344000-632578958264631296-873916972050415616,1788908344000,1788908684000,1,0.546,0.505,1.0811881188118813
1422205425331208192,1788847720000-632578958264631296-1422205425331208192,1788847720000,1788848383000,1,0.543,0.593,0.915682967959528
794219272623620096,1788906582000-632578958264631296-794219272623620096,1788906582000,1788906871000,1,0.541,0.395,1.369620253164557
1023491297677148160,1788840129000-632578958264631296-1023491297677148160,1788840129000,1788840958000,1,0.54,0.668,0.8083832335329342
932613192947859456,1788888737000-632578958264631296-932613192947859456,1788888737000,1788889210000,1,0.54,0.162,3.3333333333333335
938442824968306688,1788866163000-632578958264631296-938442824968306688,1788866163000,1788867514000,1,0.54,0.677,0.7976366322008862
1101524127430213632,1788865033000-632578958264631296-1101524127430213632,1788865033000,1788865692000,1,0.537,0.753,0.7131474103585658
1536014618822967296,1788845299000-632578958264631296-1536014618822967296,1788845299000,1788845605000,1,0.537,0.439,1.2232346241457859
869216733288726528,1788863211000-632578958264631296-869216733288726528,1788863211000,1788863644000,1,0.537,0.445,1.2067415730337079
1536014556927623168,1788880156000-632578958264631296-1536014556927623168,1788880156000,1788880722000,1,0.534,0.256,2.0859375
1500136074981146624,1788878951000-632578958264631296-1500136074981146624,1788878951000,1788879088000,1,0.533,0.185,2.8810810810810814
1131240373310455808,1788833958000-632578958264631296-1131240373310455808,1788833958000,1788834223000,1,0.532,0.511,1.0410958904109588
1268615116379652096,1788910948000-632578958264631296-1268615116379652096,1788910948000,1788911572000,1,0.532,0.59,0.9016949152542374
1083727144086929408,1788865693000-632578958264631296-1083727144086929408,1788865693000,1788865985000,1,0.531,0.291,1.8247422680412373
1076924285072703488,1788858150000-632578958264631296-1076924285072703488,1788858150000,1788858456000,1,0.53,0.192,2.760416666666667
1135566388677574656,1788876582000-632578958264631296-1135566388677574656,1788876582000,1788876949000,1,0.53,0.561,0.9447415329768271
794219272623620096,1788911118000-632578958264631296-794219272623620096,1788911118000,1788911479000,1,0.53,0.546,0.9706959706959707
1087441747748847616,1788839805000-632578958264631296-1087441747748847616,1788839805000,1788840142000,1,0.529,0.273,1.9377289377289377
1050036721544069120,1788882093000-632578958264631296-1050036721544069120,1788882093000,1788882568000,1,0.525,0.5,1.05
1259200800735887360,1788872081000-632578958264631296-1259200800735887360,1788872081000,1788872332000,1,0.524,0.208,2.5192307692307696
1140670395897085952,1788847824000-632578958264631296-1140670395897085952,1788847824000,1788848365000,1,0.521,0.766,0.6801566579634465
1187437506908389376,1788865623000-632578958264631296-1187437506908389376,1788865623000,1788866028000,1,0.521,0.389,1.339331619537275
1422205727123963904,1788829313000-632578958264631296-1422205727123963904,1788829313000,1788829939000,1,0.521,0.337,1.545994065281899
1475452919183572992,1788854416000-632578958264631296-1475452919183572992,1788854416000,1788854991000,1,0.521,0.316,1.64873417721519
866686265431425024,1788874771000-632578958264631296-866686265431425024,1788874771000,1788875191000,1,0.521,0.551,0.9455535390199636
966383863687282688,1788864181000-632578958264631296-966383863687282688,1788864181000,1788864608000,1,0.52,0.666,0.7807807807807807
1045015172411817984,1788850188000-632578958264631296-1045015172411817984,1788850188000,1788850627000,1,0.519,0.413,1.2566585956416465
1422205425331208192,1788843825000-632578958264631296-1422205425331208192,1788843825000,1788844263000,1,0.516,0.334,1.5449101796407185
1094650284191252480,1788853097000-632578958264631296-1094650284191252480,1788853097000,1788853757000,1,0.515,0.862,0.5974477958236659
1475452919183572992,1788882934000-632578958264631296-1475452919183572992,1788882934000,1788883383000,1,0.515,0.575,0.8956521739130435
1536014618822967296,1788852082000-632578958264631296-1536014618822967296,1788852082000,1788852322000,1,0.515,0.362,1.4226519337016574
809467481230934016,1788877568000-632578958264631296-809467481230934016,1788877568000,1788878169000,1,0.515,0.518,0.9942084942084942
1050037591694376960,1788873108000-632578958264631296-1050037591694376960,1788873108000,1788873772000,1,0.513,0.394,1.3020304568527918
1135529735623802880,1788888146000-632578958264631296-1135529735623802880,1788888146000,1788888518000,1,0.512,0.392,1.3061224489795917
946032113314955264,1788868989000-632578958264631296-946032113314955264,1788868989000,1788869234000,1,0.512,0.121,4.231404958677686
1083729116835872768,1788825220000-632578958264631296-1083729116835872768,1788825220000,1788825848000,1,0.51,0.739,0.6901217861975643
1536014618822967296,1788850817000-632578958264631296-1536014618822967296,1788850817000,1788851193000,1,0.51,0.59,0.864406779661017
939139369715892224,1788875572000-632578958264631296-939139369715892224,1788875572000,1788876036000,1,0.508,0.585,0.8683760683760684
929717117048061952,1788898153000-632578958264631296-929717117048061952,1788898153000,1788898908000,1,0.507,0.402,1.2611940298507462
1127222273418199040,1788885156000-632578958264631296-1127222273418199040,1788885156000,1788885611000,1,0.506,0.465,1.0881720430107527
946025653910634496,1788862572000-632578958264631296-946025653910634496,1788862572000,1788862662000,1,0.506,0.105,4.81904761904762
1540361729291059200,1788880671000-632578958264631296-1540361729291059200,1788880671000,1788881891000,1,0.505,0.388,1.3015463917525774
1175796663680237568,1788870117000-632578958264631296-1175796663680237568,1788870117000,1788870569000,1,0.502,0.474,1.0590717299578059
797458881650360320,1788881527000-632578958264631296-797458881650360320,1788881527000,1788881752000,1,0.502,0.307,1.6351791530944626
1464628801508999168,1788851123000-632578958264631296-1464628801508999168,1788851123000,1788851446000,1,0.501,0.26,1.926923076923077
780067386190462976,1788878296000-632578958264631296-780067386190462976,1788878296000,1788878559000,1,0.501,0.253,1.9802371541501975
1312806942439112704,1788883393000-632578958264631296-1312806942439112704,1788883393000,1788883704000,1,0.5,0.17,2.941176470588235
1361380561528029184,1788831469000-632578958264631296-1361380561528029184,1788831469000,1788831611000,1,0.5,0.5,1.0
1398705978894974976,1788833556000-632578958264631296-1398705978894974976,1788833556000,1788834692000,1,0.5,0.944,0.5296610169491526
1428033112889098240,1788860861000-632578958264631296-1428033112889098240,1788860861000,1788862009000,1,0.5,0.605,0.8264462809917356
1525526061327056896,1788873657000-632578958264631296-1525526061327056896,1788873657000,1788874583000,1,0.5,0.732,0.6830601092896175
790970372676648960,1788873975000-632578958264631296-790970372676648960,1788873975000,1788874257000,1,0.5,0.208,2.4038461538461537
790970372676648960,1788882905000-632578958264631296-790970372676648960,1788882905000,1788883275000,1,0.5,0.358,1.3966480446927374
919290820798971904,1788830840000-632578958264631296-919290820798971904,1788830840000,1788831359000,1,0.5,0.567,0.8818342151675486
948575900767617024,1788837826000-632578958264631296-948575900767617024,1788837826000,1788838501000,1,0.5,0.738,0.6775067750677507
1465365829724930048,1788836607000-632578958264631296-1465365829724930048,1788836607000,1788837506000,1,0.499,0.844,0.5912322274881516
1061351650800697344,1788860259000-632578958264631296-1061351650800697344,1788860259000,1788861398000,1,0.496,0.372,1.3333333333333333
1080454515951403008,1788853228000-632578958264631296-1080454515951403008,1788853228000,1788854334000,1,0.496,0.538,0.9219330855018587
1153273602804547584,1788858471000-632578958264631296-1153273602804547584,1788858471000,1788859016000,1,0.496,0.788,0.6294416243654822
966383863687282688,1788863251000-632578958264631296-966383863687282688,1788863251000,1788863656000,1,0.496,0.526,0.9429657794676806
1056588446363025408,1788836949000-632578958264631296-1056588446363025408,1788836949000,1788837097000,1,0.495,0.298,1.6610738255033557
1120316481867874304,1788866753000-632578958264631296-1120316481867874304,1788866753000,1788867207000,1,0.495,0.503,0.9840954274353877
927179928254808064,1788875014000-632578958264631296-927179928254808064,1788875014000,1788875657000,1,0.495,0.413,1.1985472154963681
1071019405950844928,1788863858000-632578958264631296-1071019405950844928,1788863858000,1788864208000,1,0.493,0.276,1.786231884057971
1088472759995990016,1788887922000-632578958264631296-1088472759995990016,1788887922000,1788888444000,1,0.492,0.437,1.125858123569794
932613192947859456,1788910356000-632578958264631296-932613192947859456,1788910356000,1788910983000,1,0.492,0.76,0.6473684210526316
1536014543027699712,1788865040000-632578958264631296-1536014543027699712,1788865040000,1788865544000,1,0.488,0.608,0.8026315789473685
1090633180173565952,1788875884000-632578958264631296-1090633180173565952,1788875884000,1788877039000,1,0.484,1.306,0.3705972434915773
1050766698002513920,1788865942000-632578958264631296-1050766698002513920,1788865942000,1788867054000,1,0.483,0.541,0.8927911275415895
946032945880104960,1788860073000-632578958264631296-946032945880104960,1788860073000,1788861201000,1,0.483,0.463,1.0431965442764577
836966844580495360,1788857565000-632578958264631296-836966844580495360,1788857565000,1788858609000,1,0.482,0.914,0.5273522975929977
947583099720433664,1788853641000-632578958264631296-947583099720433664,1788853641000,1788854712000,1,0.482,0.531,0.9077212806026365
1173302979768352768,1788867769000-632578958264631296-1173302979768352768,1788867769000,1788868566000,1,0.481,0.93,0.5172043010752688
1112389405491855360,1788842604000-632578958264631296-1112389405491855360,1788842604000,1788843128000,1,0.479,0.443,1.0812641083521444
1536014618822967296,1788847686000-632578958264631296-1536014618822967296,1788847686000,1788847866000,1,0.479,0.334,1.434131736526946
934473019407990784,1788844088000-632578958264631296-934473019407990784,1788844088000,1788844652000,1,0.478,0.591,0.8087986463620982
939547788868321280,1788887242000-632578958264631296-939547788868321280,1788887242000,1788888009000,1,0.476,0.148,3.2162162162162162
1475452919183572992,1788869232000-632578958264631296-1475452919183572992,1788869232000,1788869699000,1,0.475,0.386,1.2305699481865284
1083727986517082112,1788850751000-632578958264631296-1083727986517082112,1788850751000,1788851224000,1,0.474,0.576,0.8229166666666667
1138783468012961792,1788850336000-632578958264631296-1138783468012961792,1788850336000,1788850806000,1,0.474,0.965,0.49119170984455957
1441118393376702464,1788849718000-632578958264631296-1441118393376702464,1788849718000,1788850846000,1,0.473,1.595,0.296551724137931
1277220593376165888,1788830166000-632578958264631296-1277220593376165888,1788830166000,1788831660000,1,0.471,0.916,0.5141921397379913
1067775063052255232,1788858020000-632578958264631296-1067775063052255232,1788858020000,1788858573000,1,0.469,0.317,1.4794952681388012
1127222273418199040,1788857010000-632578958264631296-1127222273418199040,1788857010000,1788857475000,1,0.468,0.25,1.872
786329294770012160,1788838585000-632578958264631296-786329294770012160,1788838585000,1788838827000,1,0.468,0.21,2.2285714285714286
1479447378401427456,1788906958000-632578958264631296-1479447378401427456,1788906958000,1788907488000,1,0.467,0.658,0.709726443768997
1422205425331208192,1788842664000-632578958264631296-1422205425331208192,1788842664000,1788843086000,1,0.466,0.442,1.0542986425339367
1536014744312348672,1788880038000-632578958264631296-1536014744312348672,1788880038000,1788880696000,1,0.466,0.591,0.7884940778341795
786545248472924160,1788903146000-632578958264631296-786545248472924160,1788903146000,1788903538000,1,0.465,0.367,1.2670299727520438
800361869549240320,1788844032000-632578958264631296-800361869549240320,1788844032000,1788844281000,1,0.465,0.303,1.5346534653465347
1536427445069021184,1788874738000-632578958264631296-1536427445069021184,1788874738000,1788876146000,1,0.464,0.896,0.5178571428571429
947094374120947712,1788894377000-632578958264631296-947094374120947712,1788894377000,1788895129000,1,0.464,0.69,0.6724637681159421
1083727207982956544,1788841867000-632578958264631296-1083727207982956544,1788841867000,1788842543000,1,0.463,0.717,0.6457461645746165
1063501597117513728,1788887655000-632578958264631296-1063501597117513728,1788887655000,1788887833000,1,0.462,0.096,4.8125
1135529735623802880,1788889690000-632578958264631296-1135529735623802880,1788889690000,1788890192000,1,0.462,0.64,0.721875
941659394423128064,1788843486000-632578958264631296-941659394423128064,1788843486000,1788844334000,1,0.46,1.712,0.26869158878504673
1067774753596506112,1788872896000-632578958264631296-1067774753596506112,1788872896000,1788873058000,1,0.459,0.22,2.0863636363636364
1067776159577538560,1788911599000-632578958264631296-1067776159577538560,1788911599000,1788911987000,1,0.459,0.436,1.0527522935779816
1397607641592627200,1788832219000-632578958264631296-1397607641592627200,1788832219000,1788832575000,1,0.458,0.299,1.5317725752508362
1469693281720860672,1788836595000-632578958264631296-1469693281720860672,1788836595000,1788837121000,1,0.458,0.421,1.0878859857482186
869216733288726528,1788863954000-632578958264631296-869216733288726528,1788863954000,1788864639000,1,0.458,0.949,0.4826132771338251
902974583798235136,1788850278000-632578958264631296-902974583798235136,1788850278000,1788850521000,1,0.456,0.233,1.9570815450643777
1135566388677574656,1788875305000-632578958264631296-1135566388677574656,1788875305000,1788875597000,1,0.452,0.452,1.0
1536014667858575360,1788881928000-632578958264631296-1536014667858575360,1788881928000,1788882983000,1,0.452,0.574,0.7874564459930314
964172050669240320,1788850557000-632578958264631296-964172050669240320,1788850557000,1788850913000,1,0.452,0.337,1.3412462908011868
1153273602804547584,1788866837000-632578958264631296-1153273602804547584,1788866837000,1788867423000,1,0.451,0.558,0.8082437275985662
1093087265762050048,1788833966000-632578958264631296-1093087265762050048,1788833966000,1788834680000,1,0.45,0.358,1.2569832402234637
1088485622458351616,1788879377000-632578958264631296-1088485622458351616,1788879377000,1788879825000,1,0.449,0.238,1.8865546218487397
787000328028422144,1788842396000-632578958264631296-787000328028422144,1788842396000,1788843243000,1,0.447,0.78,0.573076923076923
948575900767617024,1788881228000-632578958264631296-948575900767617024,1788881228000,1788882008000,1,0.447,0.656,0.6814024390243902
1181865772805259264,1788895603000-632578958264631296-1181865772805259264,1788895603000,1788896118000,1,0.445,0.61,0.7295081967213115
1428031634325635072,1788848914000-632578958264631296-1428031634325635072,1788848914000,1788852625000,1,0.445,2.72,0.1636029411764706
1475452919183572992,1788868024000-632578958264631296-1475452919183572992,1788868024000,1788868440000,1,0.445,0.365,1.2191780821917808
866648789010612224,1788856006000-632578958264631296-866648789010612224,1788856006000,1788856434000,1,0.444,0.443,1.002257336343115
1081223436249858048,1788845995000-632578958264631296-1081223436249858048,1788845995000,1788846079000,1,0.443,0.227,1.9515418502202644
939547018001383424,1788830415000-632578958264631296-939547018001383424,1788830415000,1788830871000,1,0.443,0.727,0.609353507565337
789852692640956416,1788871566000-632578958264631296-789852692640956416,1788871566000,1788872380000,1,0.442,0.788,0.5609137055837563
943858330336493568,1788868634000-632578958264631296-943858330336493568,1788868634000,1788868775000,1,0.442,0.448,0.9866071428571428
952583803866447872,1788847639000-632578958264631296-952583803866447872,1788847639000,1788848014000,1,0.442,0.225,1.9644444444444444
1068875501654769664,1788867312000-632578958264631296-1068875501654769664,1788867312000,1788867671000,1,0.441,0.358,1.2318435754189945
1479447378401427456,1788908140000-632578958264631296-1479447378401427456,1788908140000,1788908590000,1,0.441,0.399,1.1052631578947367
1071019405950844928,1788881738000-632578958264631296-1071019405950844928,1788881738000,1788882206000,1,0.44,0.261,1.685823754789272
1475452919183572992,1788863116000-632578958264631296-1475452919183572992,1788863116000,1788863353000,1,0.438,0.172,2.546511627906977
780451764301201408,1788849278000-632578958264631296-780451764301201408,1788849278000,1788849771000,1,0.437,0.617,0.7082658022690438
870575606247456768,1788843493000-632578958264631296-870575606247456768,1788843493000,1788844055000,1,0.436,0.833,0.5234093637454982
1071019405950844928,1788882365000-632578958264631296-1071019405950844928,1788882365000,1788882950000,1,0.435,0.388,1.1211340206185567
939138676678459392,1788839118000-632578958264631296-939138676678459392,1788839118000,1788839362000,1,0.435,0.321,1.355140186915888
939547018001383424,1788847836000-632578958264631296-939547018001383424,1788847836000,1788847921000,1,0.435,0.259,1.6795366795366795
1073664045493518336,1788868595000-632578958264631296-1073664045493518336,1788868595000,1788868893000,1,0.433,0.406,1.066502463054187
1536014550107684864,1788830429000-632578958264631296-1536014550107684864,1788830429000,1788830627000,1,0.433,0.305,1.419672131147541
877447567619653632,1788867573000-632578958264631296-877447567619653632,1788867573000,1788867884000,1,0.433,0.497,0.8712273641851107
1089954932305428480,1788844798000-632578958264631296-1089954932305428480,1788844798000,1788845580000,1,0.432,0.66,0.6545454545454545
1501933614227521536,1788832798000-632578958264631296-1501933614227521536,1788832798000,1788833033000,1,0.432,0.321,1.3457943925233644
1536014695108968448,1788890973000-632578958264631296-1536014695108968448,1788890973000,1788891461000,1,0.432,0.271,1.5940959409594095
938442824968306688,1788867539000-632578958264631296-938442824968306688,1788867539000,1788867917000,1,0.432,0.282,1.5319148936170215
1083728582527680512,1788859231000-632578958264631296-1083728582527680512,1788859231000,1788859806000,1,0.43,0.75,0.5733333333333334
1073994678560358400,1788878672000-632578958264631296-1073994678560358400,1788878672000,1788879126000,1,0.429,0.389,1.1028277634961439
1501933614227521536,1788832388000-632578958264631296-1501933614227521536,1788832388000,1788832601000,1,0.429,0.263,1.6311787072243344
1536014695108968448,1788890628000-632578958264631296-1536014695108968448,1788890628000,1788890964000,1,0.429,0.32,1.340625
1083727144086929408,1788844471000-632578958264631296-1083727144086929408,1788844471000,1788844973000,1,0.428,0.411,1.0413625304136254
1079095522620342272,1788876122000-632578958264631296-1079095522620342272,1788876122000,1788876902000,1,0.426,0.418,1.0191387559808613
1468940686052032512,1788883561000-632578958264631296-1468940686052032512,1788883561000,1788884118000,1,0.424,0.437,0.9702517162471396
1065321017443876864,1788868802000-632578958264631296-1065321017443876864,1788868802000,1788869086000,1,0.423,0.327,1.2935779816513762
860146891080335360,1788841413000-632578958264631296-860146891080335360,1788841413000,1788841758000,1,0.423,0.227,1.8634361233480174
1109804807901675520,1788828094000-632578958264631296-1109804807901675520,1788828094000,1788828733000,1,0.422,0.763,0.5530799475753604
1050037591694376960,1788872404000-632578958264631296-1050037591694376960,1788872404000,1788872835000,1,0.421,0.409,1.0293398533007336
1540361729291059200,1788886666000-632578958264631296-1540361729291059200,1788886666000,1788887333000,1,0.42,0.541,0.7763401109057301
938442824968306688,1788889584000-632578958264631296-938442824968306688,1788889584000,1788889928000,1,0.42,0.41,1.024390243902439
1396881703661731840,1788889922000-632578958264631296-1396881703661731840,1788889922000,1788890423000,1,0.418,0.506,0.8260869565217391
1428367002015105024,1788836721000-632578958264631296-1428367002015105024,1788836721000,1788836934000,1,0.417,0.368,1.1331521739130435
1065304732634972160,1788857933000-632578958264631296-1065304732634972160,1788857933000,1788858052000,1,0.416,0.36,1.1555555555555554
1079095785133441024,1788842883000-632578958264631296-1079095785133441024,1788842883000,1788843171000,1,0.416,0.6,0.6933333333333334
1464253789857906688,1788872463000-632578958264631296-1464253789857906688,1788872463000,1788872720000,1,0.416,0.241,1.7261410788381744
1536014716214706176,1788842716000-632578958264631296-1536014716214706176,1788842716000,1788843092000,1,0.416,0.253,1.6442687747035571
1132636252537880576,1788832495000-632578958264631296-1132636252537880576,1788832495000,1788832689000,1,0.415,0.13,3.192307692307692
873568577507033088,1788872716000-632578958264631296-873568577507033088,1788872716000,1788872932000,1,0.413,0.202,2.044554455445544
1083726740557135872,1788856598000-632578958264631296-1083726740557135872,1788856598000,1788858565000,1,0.412,3.172,0.12988650693568726
915980150607183872,1788859747000-632578958264631296-915980150607183872,1788859747000,1788860382000,1,0.412,0.513,0.8031189083820662
939547788868321280,1788840023000-632578958264631296-939547788868321280,1788840023000,1788840500000,1,0.411,0.131,3.1374045801526713
1131240144423092224,1788866810000-632578958264631296-1131240144423092224,1788866810000,1788867308000,1,0.41,0.614,0.6677524429967426
997896292355014656,1788907673000-632578958264631296-997896292355014656,1788907673000,1788907797000,1,0.41,0.065,6.3076923076923075
877447567619653632,1788838007000-632578958264631296-877447567619653632,1788838007000,1788839169000,1,0.409,1.518,0.269433465085639
1067765309810671616,1788847146000-632578958264631296-1067765309810671616,1788847146000,1788847638000,1,0.408,0.517,0.7891682785299806
1422205727123963904,1788836969000-632578958264631296-1422205727123963904,1788836969000,1788838343000,1,0.407,0.58,0.7017241379310345
1363836271826305024,1788906695000-632578958264631296-1363836271826305024,1788906695000,1788907024000,1,0.405,0.254,1.594488188976378
929717117048061952,1788904752000-632578958264631296-929717117048061952,1788904752000,1788905059000,1,0.405,0.306,1.323529411764706
1083727144086929408,1788867426000-632578958264631296-1083727144086929408,1788867426000,1788867678000,1,0.402,0.263,1.5285171102661597
1088512574191828992,1788860484000-632578958264631296-1088512574191828992,1788860484000,1788860844000,1,0.402,0.386,1.0414507772020725
1135630948969218048,1788845346000-632578958264631296-1135630948969218048,1788845346000,1788846278000,1,0.402,0.72,0.5583333333333333
946025653910634496,1788883471000-632578958264631296-946025653910634496,1788883471000,1788883580000,1,0.402,0.152,2.6447368421052633
786329086610898944,1788865451000-632578958264631296-786329086610898944,1788865451000,1788865918000,1,0.401,0.479,0.8371607515657621
1049976646406242304,1788893235000-632578958264631296-1049976646406242304,1788893235000,1788893971000,1,0.4,0.872,0.45871559633027525
1081614639520808960,1788861113000-632578958264631296-1081614639520808960,1788861113000,1788861369000,1,0.399,0.33,1.209090909090909
1094650284191252480,1788857106000-632578958264631296-1094650284191252480,1788857106000,1788857285000,1,0.398,0.217,1.8341013824884793
1268615116379652096,1788911648000-632578958264631296-1268615116379652096,1788911648000,1788911743000,1,0.398,0.182,2.186813186813187
926578486859005952,1788856441000-632578958264631296-926578486859005952,1788856441000,1788856830000,1,0.398,0.358,1.111731843575419
1131240847388442624,1788901435000-632578958264631296-1131240847388442624,1788901435000,1788901796000,1,0.397,0.409,0.9706601466992666
1500136074981146624,1788849880000-632578958264631296-1500136074981146624,1788849880000,1788850162000,1,0.397,0.509,0.7799607072691552
1385589008028925952,1788826175000-632578958264631296-1385589008028925952,1788826175000,1788826749000,1,0.396,0.467,0.8479657387580299
1094650284191252480,1788855247000-632578958264631296-1094650284191252480,1788855247000,1788855471000,1,0.395,0.201,1.9651741293532339
1061979678694178816,1788847088000-632578958264631296-1061979678694178816,1788847088000,1788847326000,1,0.394,0.142,2.774647887323944
1536014695108968448,1788894651000-632578958264631296-1536014695108968448,1788894651000,1788895116000,1,0.393,0.317,1.2397476340694007
932334220825591808,1788860341000-632578958264631296-932334220825591808,1788860341000,1788861248000,1,0.393,1.277,0.307752545027408
873570129613422592,1788870444000-632578958264631296-873570129613422592,1788870444000,1788870967000,1,0.392,0.541,0.7245841035120147
866648852977942528,1788865910000-632578958264631296-866648852977942528,1788865910000,1788866296000,1,0.391,0.338,1.1568047337278107
1088512574191828992,1788892537000-632578958264631296-1088512574191828992,1788892537000,1788892876000,1,0.39,0.36,1.0833333333333335
1050036904705130496,1788874680000-632578958264631296-1050036904705130496,1788874680000,1788874974000,1,0.389,0.345,1.127536231884058
1501933902321680384,1788905123000-632578958264631296-1501933902321680384,1788905123000,1788905403000,1,0.388,0.291,1.3333333333333335
866686265431425024,1788865330000-632578958264631296-866686265431425024,1788865330000,1788865707000,1,0.388,0.417,0.9304556354916068
1111626569580806144,1788838093000-632578958264631296-1111626569580806144,1788838093000,1788838483000,1,0.386,0.36,1.0722222222222222
946025653910634496,1788867388000-632578958264631296-946025653910634496,1788867388000,1788867482000,1,0.386,0.074,5.216216216216217
780451764301201408,1788871235000-632578958264631296-780451764301201408,1788871235000,1788871380000,1,0.385,0.214,1.7990654205607477
866686265431425024,1788892139000-632578958264631296-866686265431425024,1788892139000,1788892456000,1,0.385,0.471,0.8174097664543525
1050037591694376960,1788860700000-632578958264631296-1050037591694376960,1788860700000,1788861032000,1,0.384,0.198,1.9393939393939394
926578486859005952,1788853039000-632578958264631296-926578486859005952,1788853039000,1788853409000,1,0.384,0.484,0.7933884297520661
1120316481867874304,1788867570000-632578958264631296-1120316481867874304,1788867570000,1788868153000,1,0.383,0.66,0.5803030303030303
1067776270814674944,1788870904000-632578958264631296-1067776270814674944,1788870904000,1788871775000,1,0.382,0.722,0.5290858725761773
1065304732634972160,1788864312000-632578958264631296-1065304732634972160,1788864312000,1788864435000,1,0.381,0.126,3.0238095238095237
789852612550721536,1788845644000-632578958264631296-789852612550721536,1788845644000,1788845974000,1,0.381,0.233,1.6351931330472103
939546232131420160,1788841438000-632578958264631296-939546232131420160,1788841438000,1788841724000,1,0.381,0.303,1.2574257425742574
1537822792169291776,1788833027000-632578958264631296-1537822792169291776,1788833027000,1788833453000,1,0.379,0.489,0.7750511247443763
794226357327364096,1788909581000-632578958264631296-794226357327364096,1788909581000,1788910019000,1,0.377,0.383,0.9843342036553525
1175796663680237568,1788891236000-632578958264631296-1175796663680237568,1788891236000,1788891479000,1,0.376,0.407,0.9238329238329239
929717117048061952,1788851556000-632578958264631296-929717117048061952,1788851556000,1788851649000,1,0.376,0.173,2.1734104046242777
1061980520671346688,1788868940000-632578958264631296-1061980520671346688,1788868940000,1788869262000,1,0.375,0.117,3.205128205128205
1061980520671346688,1788869775000-632578958264631296-1061980520671346688,1788869775000,1788870048000,1,0.375,0.112,3.3482142857142856
1088472759995990016,1788888452000-632578958264631296-1088472759995990016,1788888452000,1788888802000,1,0.375,0.241,1.5560165975103735
1105914583932993536,1788887506000-632578958264631296-1105914583932993536,1788887506000,1788887787000,1,0.375,0.12,3.125
1488156479612518400,1788865188000-632578958264631296-1488156479612518400,1788865188000,1788865570000,1,0.375,0.291,1.288659793814433
1536014758619119616,1788873262000-632578958264631296-1536014758619119616,1788873262000,1788874617000,1,0.375,0.977,0.38382804503582396
873916972050415616,1788865022000-632578958264631296-873916972050415616,1788865022000,1788865363000,1,0.375,0.34,1.102941176470588
874363612666265600,1788867964000-632578958264631296-874363612666265600,1788867964000,1788868351000,1,0.375,0.248,1.5120967741935485
919290820798971904,1788853389000-632578958264631296-919290820798971904,1788853389000,1788853943000,1,0.375,0.618,0.6067961165048543
944587945103327232,1788845242000-632578958264631296-944587945103327232,1788845242000,1788846879000,1,0.375,0.935,0.40106951871657753
1135630948969218048,1788839225000-632578958264631296-1135630948969218048,1788839225000,1788840003000,1,0.372,1.003,0.3708873379860419
812260483275948032,1788849389000-632578958264631296-812260483275948032,1788849389000,1788849699000,1,0.372,0.406,0.9162561576354679
1500136074981146624,1788880157000-632578958264631296-1500136074981146624,1788880157000,1788880416000,1,0.371,0.294,1.2619047619047619
1067775201233600512,1788888710000-632578958264631296-1067775201233600512,1788888710000,1788888921000,1,0.37,0.099,3.737373737373737
943458912718290944,1788861789000-632578958264631296-943458912718290944,1788861789000,1788862141000,1,0.368,0.119,3.092436974789916
939546576563470336,1788841443000-632578958264631296-939546576563470336,1788841443000,1788841728000,1,0.367,0.166,2.210843373493976
943458585302532096,1788884740000-632578958264631296-943458585302532096,1788884740000,1788885310000,1,0.366,0.695,0.5266187050359713
877447567619653632,1788864934000-632578958264631296-877447567619653632,1788864934000,1788865250000,1,0.364,0.268,1.3582089552238805
934473019407990784,1788835074000-632578958264631296-934473019407990784,1788835074000,1788835706000,1,0.364,0.931,0.39097744360902253
635414692210147328,1788894184000-632578958264631296-635414692210147328,1788894184000,1788894672000,1,0.363,0.381,0.952755905511811
1268615116379652096,1788872378000-632578958264631296-1268615116379652096,1788872378000,1788872878000,1,0.361,0.462,0.7813852813852813
1370798572273926144,1788865655000-632578958264631296-1370798572273926144,1788865655000,1788866323000,1,0.361,0.455,0.7934065934065934
866686265431425024,1788880342000-632578958264631296-866686265431425024,1788880342000,1788880557000,1,0.361,0.271,1.3321033210332103
1152270574152581120,1788834795000-632578958264631296-1152270574152581120,1788834795000,1788836082000,1,0.359,0.958,0.3747390396659708
784445514740400128,1788853343000-632578958264631296-784445514740400128,1788853343000,1788853592000,1,0.359,0.446,0.804932735426009
947583099720433664,1788857288000-632578958264631296-947583099720433664,1788857288000,1788857864000,1,0.358,0.321,1.115264797507788
939139369715892224,1788858186000-632578958264631296-939139369715892224,1788858186000,1788858612000,1,0.351,0.219,1.6027397260273972
902974583798235136,1788849921000-632578958264631296-902974583798235136,1788849921000,1788850131000,1,0.35,0.257,1.3618677042801555
1093088075828953088,1788847997000-632578958264631296-1093088075828953088,1788847997000,1788848565000,1,0.349,1.246,0.2800963081861958
870286624469024768,1788869734000-632578958264631296-870286624469024768,1788869734000,1788870095000,1,0.348,0.525,0.6628571428571428
869918310366445568,1788841204000-632578958264631296-869918310366445568,1788841204000,1788841520000,1,0.347,0.422,0.8222748815165877
932613192947859456,1788903511000-632578958264631296-932613192947859456,1788903511000,1788903692000,1,0.345,0.233,1.4806866952789697
1083727986517082112,1788841589000-632578958264631296-1083727986517082112,1788841589000,1788842241000,1,0.344,0.812,0.42364532019704426
1138783076164304896,1788875263000-632578958264631296-1138783076164304896,1788875263000,1788875511000,1,0.344,0.226,1.5221238938053097
1536014695108968448,1788881526000-632578958264631296-1536014695108968448,1788881526000,1788881942000,1,0.344,0.308,1.1168831168831168
967085947369816064,1788870756000-632578958264631296-967085947369816064,1788870756000,1788871187000,1,0.344,0.46,0.7478260869565216
1076923321632686080,1788890076000-632578958264631296-1076923321632686080,1788890076000,1788890612000,1,0.343,0.448,0.765625
1475452919183572992,1788863366000-632578958264631296-1475452919183572992,1788863366000,1788863593000,1,0.343,0.083,4.132530120481928
878252193440858112,1788859165000-632578958264631296-878252193440858112,1788859165000,1788859542000,1,0.343,0.201,1.7064676616915424
876422423786815488,1788871252000-632578958264631296-876422423786815488,1788871252000,1788871458000,1,0.342,0.219,1.5616438356164384
1491416395517263872,1788869463000-632578958264631296-1491416395517263872,1788869463000,1788869812000,1,0.341,0.12,2.841666666666667
1131239137144209408,1788880581000-632578958264631296-1131239137144209408,1788880581000,1788882223000,1,0.34,1.834,0.18538713195201745
1294723291725955072,1788845523000-632578958264631296-1294723291725955072,1788845523000,1788845762000,1,0.339,0.217,1.5622119815668205
780451558935494656,1788858779000-632578958264631296-780451558935494656,1788858779000,1788859575000,1,0.339,0.638,0.5313479623824452
866245373776101376,1788874154000-632578958264631296-866245373776101376,1788874154000,1788875205000,1,0.336,1.111,0.30243024302430244
948575900767617024,1788892624000-632578958264631296-948575900767617024,1788892624000,1788893092000,1,0.335,0.555,0.6036036036036035
1385304935976927232,1788853232000-632578958264631296-1385304935976927232,1788853232000,1788853590000,1,0.334,0.39,0.8564102564102565
635414442816888832,1788846196000-632578958264631296-635414442816888832,1788846196000,1788846361000,1,0.334,0.249,1.3413654618473896
906553960083488768,1788827012000-632578958264631296-906553960083488768,1788827012000,1788827245000,1,0.334,0.269,1.241635687732342
1079774152119812096,1788895030000-632578958264631296-1079774152119812096,1788895030000,1788895665000,1,0.333,0.227,1.4669603524229076
1062738807117316096,1788847016000-632578958264631296-1062738807117316096,1788847016000,1788847203000,1,0.332,0.33,1.006060606060606
1471144582421938176,1788845903000-632578958264631296-1471144582421938176,1788845903000,1788847129000,1,0.332,0.808,0.41089108910891087
1181865772805259264,1788863535000-632578958264631296-1181865772805259264,1788863535000,1788863979000,1,0.33,0.428,0.7710280373831776
1464253789857906688,1788892062000-632578958264631296-1464253789857906688,1788892062000,1788892301000,1,0.33,0.38,0.868421052631579
1535695002116554752,1788877835000-632578958264631296-1535695002116554752,1788877835000,1788878272000,1,0.33,0.323,1.021671826625387
1593330894762934272,1788902990000-632578958264631296-1593330894762934272,1788902990000,1788903237000,1,0.33,0.168,1.9642857142857142
1491416395517263872,1788866802000-632578958264631296-1491416395517263872,1788866802000,1788867092000,1,0.329,0.262,1.2557251908396947
1500136074981146624,1788878727000-632578958264631296-1500136074981146624,1788878727000,1788878858000,1,0.329,0.071,4.633802816901409
1067776159577538560,1788850659000-632578958264631296-1067776159577538560,1788850659000,1788851358000,1,0.328,0.632,0.5189873417721519
1289307004661137408,1788828099000-632578958264631296-1289307004661137408,1788828099000,1788829423000,1,0.328,1.176,0.27891156462585037
1536014695108968448,1788896649000-632578958264631296-1536014695108968448,1788896649000,1788897348000,1,0.328,0.708,0.46327683615819215
797458881650360320,1788902457000-632578958264631296-797458881650360320,1788902457000,1788902797000,1,0.328,0.291,1.1271477663230243
797458881650360320,1788874935000-632578958264631296-797458881650360320,1788874935000,1788875641000,1,0.327,0.639,0.511737089201878
1479447378401427456,1788831294000-632578958264631296-1479447378401427456,1788831294000,1788831661000,1,0.325,0.156,2.0833333333333335
1536014695108968448,1788878654000-632578958264631296-1536014695108968448,1788878654000,1788879081000,1,0.325,0.313,1.038338658146965
1500136074981146624,1788878087000-632578958264631296-1500136074981146624,1788878087000,1788878333000,1,0.324,0.343,0.944606413994169
947452563299500032,1788835032000-632578958264631296-947452563299500032,1788835032000,1788835417000,1,0.324,0.284,1.1408450704225352
942426738309201920,1788845756000-632578958264631296-942426738309201920,1788845756000,1788845989000,1,0.322,0.231,1.3939393939393938
786545248472924160,1788844600000-632578958264631296-786545248472924160,1788844600000,1788844892000,1,0.32,0.463,0.6911447084233261
1072872003913908224,1788860115000-632578958264631296-1072872003913908224,1788860115000,1788861522000,1,0.319,0.903,0.3532668881506091
939138676678459392,1788836972000-632578958264631296-939138676678459392,1788836972000,1788837172000,1,0.319,0.161,1.9813664596273293
948575900767617024,1788906735000-632578958264631296-948575900767617024,1788906735000,1788907408000,1,0.319,0.791,0.40328697850821743
1537822792169291776,1788832054000-632578958264631296-1537822792169291776,1788832054000,1788832287000,1,0.317,0.406,0.7807881773399015
1064494636166283264,1788867011000-632578958264631296-1064494636166283264,1788867011000,1788867146000,1,0.313,0.164,1.9085365853658536
1073664045493518336,1788852429000-632578958264631296-1073664045493518336,1788852429000,1788852966000,1,0.313,0.403,0.7766749379652605
1464253789857906688,1788872832000-632578958264631296-1464253789857906688,1788872832000,1788872991000,1,0.311,0.133,2.338345864661654
1486716779844599808,1788837772000-632578958264631296-1486716779844599808,1788837772000,1788838129000,1,0.311,0.256,1.21484375
947104748366987264,1788840679000-632578958264631296-947104748366987264,1788840679000,1788841254000,1,0.311,0.349,0.8911174785100288
1046752835124854784,1788835178000-632578958264631296-1046752835124854784,1788835178000,1788835469000,1,0.31,0.396,0.7828282828282828
873570129613422592,1788877337000-632578958264631296-873570129613422592,1788877337000,1788877869000,1,0.309,0.949,0.3256059009483667
1079095522620342272,1788874801000-632578958264631296-1079095522620342272,1788874801000,1788875740000,1,0.307,0.356,0.8623595505617978
1385305434218299392,1788881256000-632578958264631296-1385305434218299392,1788881256000,1788881672000,1,0.307,0.744,0.41263440860215056
1050766698002513920,1788869299000-632578958264631296-1050766698002513920,1788869299000,1788869876000,1,0.306,0.237,1.2911392405063291
780444155561115648,1788870774000-632578958264631296-780444155561115648,1788870774000,1788871384000,1,0.306,0.529,0.5784499054820416
876422423786815488,1788888742000-632578958264631296-876422423786815488,1788888742000,1788889269000,1,0.306,0.504,0.6071428571428571
877447351826907136,1788883461000-632578958264631296-877447351826907136,1788883461000,1788883674000,1,0.305,0.325,0.9384615384615385
792451319469178880,1788840288000-632578958264631296-792451319469178880,1788840288000,1788840993000,1,0.304,0.618,0.4919093851132686
944587945103327232,1788857891000-632578958264631296-944587945103327232,1788857891000,1788858195000,1,0.304,0.129,2.3565891472868215
1065321017443876864,1788874279000-632578958264631296-1065321017443876864,1788874279000,1788874943000,1,0.303,0.485,0.6247422680412371
1065671842468986880,1788841711000-632578958264631296-1065671842468986880,1788841711000,1788842719000,1,0.302,1.082,0.27911275415896486
1385589109656911872,1788833539000-632578958264631296-1385589109656911872,1788833539000,1788834009000,1,0.302,0.299,1.0100334448160535
944574738938724352,1788859282000-632578958264631296-944574738938724352,1788859282000,1788860078000,1,0.302,0.267,1.1310861423220973
857602255610707968,1788857185000-632578958264631296-857602255610707968,1788857185000,1788857582000,1,0.301,0.52,0.5788461538461538
1385589008028925952,1788828093000-632578958264631296-1385589008028925952,1788828093000,1788828343000,1,0.299,0.137,2.182481751824817
1593330774109585408,1788864066000-632578958264631296-1593330774109585408,1788864066000,1788864557000,1,0.297,0.363,0.8181818181818181
798236529196531712,1788847245000-632578958264631296-798236529196531712,1788847245000,1788847790000,1,0.297,0.35,0.8485714285714285
1067765189559975936,1788849509000-632578958264631296-1067765189559975936,1788849509000,1788849710000,1,0.296,0.165,1.7939393939393937
866648789010612224,1788855247000-632578958264631296-866648789010612224,1788855247000,1788855563000,1,0.296,0.352,0.8409090909090909
966356141711818752,1788850310000-632578958264631296-966356141711818752,1788850310000,1788850750000,1,0.296,0.518,0.5714285714285714
932334786138079232,1788852096000-632578958264631296-932334786138079232,1788852096000,1788852463000,1,0.295,0.359,0.8217270194986073
1079095522620342272,1788860429000-632578958264631296-1079095522620342272,1788860429000,1788860914000,1,0.294,0.397,0.7405541561712845
1082360641819246592,1788826921000-632578958264631296-1082360641819246592,1788826921000,1788827402000,1,0.294,0.471,0.6242038216560509
948575900767617024,1788890263000-632578958264631296-948575900767617024,1788890263000,1788890730000,1,0.294,0.548,0.5364963503649635
1066703715756408832,1788880514000-632578958264631296-1066703715756408832,1788880514000,1788880892000,1,0.293,0.214,1.3691588785046729
1047650330055016448,1788862006000-632578958264631296-1047650330055016448,1788862006000,1788862420000,1,0.292,0.224,1.3035714285714284
1181299462874595328,1788870038000-632578958264631296-1181299462874595328,1788870038000,1788870233000,1,0.292,0.077,3.792207792207792
1398705978894974976,1788845332000-632578958264631296-1398705978894974976,1788845332000,1788845700000,1,0.292,0.378,0.7724867724867724
1079774673618599936,1788840949000-632578958264631296-1079774673618599936,1788840949000,1788841480000,1,0.29,0.722,0.40166204986149584
1093088075828953088,1788852661000-632578958264631296-1093088075828953088,1788852661000,1788852908000,1,0.29,0.223,1.3004484304932735
1061351650800697344,1788868330000-632578958264631296-1061351650800697344,1788868330000,1788868975000,1,0.288,0.243,1.1851851851851851
1047650330055016448,1788864902000-632578958264631296-1047650330055016448,1788864902000,1788865359000,1,0.287,0.155,1.8516129032258064
1079774152119812096,1788884390000-632578958264631296-1079774152119812096,1788884390000,1788884661000,1,0.286,0.218,1.311926605504587
1083728245179809792,1788841089000-632578958264631296-1083728245179809792,1788841089000,1788841446000,1,0.286,0.413,0.6924939467312349
1088512574191828992,1788883870000-632578958264631296-1088512574191828992,1788883870000,1788884143000,1,0.286,0.223,1.2825112107623318
946032113314955264,1788865409000-632578958264631296-946032113314955264,1788865409000,1788865640000,1,0.286,0.084,3.404761904761904
1188144161019133952,1788842782000-632578958264631296-1188144161019133952,1788842782000,1788843156000,1,0.285,0.053,5.377358490566038
800361869549240320,1788887510000-632578958264631296-800361869549240320,1788887510000,1788888754000,1,0.285,0.943,0.3022269353128314
877447351826907136,1788882927000-632578958264631296-877447351826907136,1788882927000,1788883127000,1,0.283,0.219,1.2922374429223744
1131240847388442624,1788902688000-632578958264631296-1131240847388442624,1788902688000,1788902939000,1,0.282,0.253,1.1146245059288535
798236529196531712,1788848173000-632578958264631296-798236529196531712,1788848173000,1788848411000,1,0.282,0.212,1.3301886792452828
946029060134273024,1788895851000-632578958264631296-946029060134273024,1788895851000,1788896155000,1,0.282,0.254,1.1102362204724407
1061351650800697344,1788863647000-632578958264631296-1061351650800697344,1788863647000,1788864527000,1,0.281,0.383,0.7336814621409923
1536014654021566464,1788834136000-632578958264631296-1536014654021566464,1788834136000,1788834938000,1,0.281,0.479,0.5866388308977036
635414442816888832,1788826059000-632578958264631296-635414442816888832,1788826059000,1788826198000,1,0.281,0.166,1.6927710843373496
938500415001985024,1788899263000-632578958264631296-938500415001985024,1788899263000,1788899371000,1,0.281,0.085,3.3058823529411767
1536014695108968448,1788872507000-632578958264631296-1536014695108968448,1788872507000,1788872974000,1,0.28,0.28,1.0
1062738070563979264,1788867088000-632578958264631296-1062738070563979264,1788867088000,1788867840000,1,0.277,0.272,1.0183823529411764
780067386190462976,1788858105000-632578958264631296-780067386190462976,1788858105000,1788858277000,1,0.277,0.167,1.658682634730539
931938734016823296,1788841283000-632578958264631296-931938734016823296,1788841283000,1788842022000,1,0.276,0.652,0.4233128834355828
1471165126924042240,1788869061000-632578958264631296-1471165126924042240,1788869061000,1788869282000,1,0.275,0.168,1.6369047619047619
1079787761596104704,1788853787000-632578958264631296-1079787761596104704,1788853787000,1788854465000,1,0.274,0.257,1.066147859922179
1398705978894974976,1788846567000-632578958264631296-1398705978894974976,1788846567000,1788846949000,1,0.274,0.396,0.6919191919191919
947093103351693312,1788854199000-632578958264631296-947093103351693312,1788854199000,1788855003000,1,0.274,0.682,0.40175953079178883
1065321017443876864,1788840290000-632578958264631296-1065321017443876864,1788840290000,1788840474000,1,0.273,0.209,1.30622009569378
866648789010612224,1788852376000-632578958264631296-866648789010612224,1788852376000,1788852807000,1,0.273,0.677,0.4032496307237814
1268615730958434304,1788873117000-632578958264631296-1268615730958434304,1788873117000,1788873510000,1,0.272,0.356,0.7640449438202248
947581828959567872,1788908788000-632578958264631296-947581828959567872,1788908788000,1788910004000,1,0.272,0.713,0.38148667601683034
1536014758619119616,1788874621000-632578958264631296-1536014758619119616,1788874621000,1788875433000,1,0.27,0.475,0.568421052631579
870575606247456768,1788846988000-632578958264631296-870575606247456768,1788846988000,1788847261000,1,0.27,0.368,0.7336956521739131
947094374120947712,1788858213000-632578958264631296-947094374120947712,1788858213000,1788858355000,1,0.27,0.058,4.655172413793103
1079095785133441024,1788876950000-632578958264631296-1079095785133441024,1788876950000,1788877154000,1,0.269,0.18,1.4944444444444447
1176134230934028288,1788841780000-632578958264631296-1176134230934028288,1788841780000,1788842179000,1,0.268,0.453,0.5916114790286976
1536014570613637120,1788870919000-632578958264631296-1536014570613637120,1788870919000,1788871177000,1,0.268,0.247,1.0850202429149798
1540361729291059200,1788886121000-632578958264631296-1540361729291059200,1788886121000,1788886526000,1,0.268,0.311,0.8617363344051447
873916972050415616,1788886729000-632578958264631296-873916972050415616,1788886729000,1788887495000,1,0.268,0.812,0.33004926108374383
1079774152119812096,1788832530000-632578958264631296-1079774152119812096,1788832530000,1788832908000,1,0.267,0.335,0.7970149253731343
1479447378401427456,1788837625000-632578958264631296-1479447378401427456,1788837625000,1788837859000,1,0.266,0.159,1.6729559748427674
1268615019327651840,1788886039000-632578958264631296-1268615019327651840,1788886039000,1788886525000,1,0.265,0.5,0.53
1422205634715058176,1788833574000-632578958264631296-1422205634715058176,1788833574000,1788834351000,1,0.265,0.477,0.5555555555555556
1127222273418199040,1788882884000-632578958264631296-1127222273418199040,1788882884000,1788883191000,1,0.264,0.159,1.6603773584905661
1501934002158698496,1788874769000-632578958264631296-1501934002158698496,1788874769000,1788875023000,1,0.264,0.187,1.411764705882353
1536014737035231232,1788871146000-632578958264631296-1536014737035231232,1788871146000,1788871351000,1,0.264,0.09,2.9333333333333336
1047650330055016448,1788866690000-632578958264631296-1047650330055016448,1788866690000,1788867135000,1,0.261,0.123,2.1219512195121952
1385589008028925952,1788828411000-632578958264631296-1385589008028925952,1788828411000,1788828569000,1,0.261,0.103,2.533980582524272
932613192947859456,1788902393000-632578958264631296-932613192947859456,1788902393000,1788902671000,1,0.261,0.219,1.1917808219178083
1050037336936546304,1788838765000-632578958264631296-1050037336936546304,1788838765000,1788838923000,1,0.26,0.136,1.9117647058823528
1061979678694178816,1788843828000-632578958264631296-1061979678694178816,1788843828000,1788844831000,1,0.26,0.297,0.8754208754208755
1071858322266652672,1788840919000-632578958264631296-1071858322266652672,1788840919000,1788841367000,1,0.26,0.516,0.5038759689922481
1545823852121030656,1788887859000-632578958264631296-1545823852121030656,1788887859000,1788888202000,1,0.26,0.171,1.5204678362573099
947583099720433664,1788832530000-632578958264631296-947583099720433664,1788832530000,1788833185000,1,0.26,0.315,0.8253968253968255
1175796546902425600,1788845856000-632578958264631296-1175796546902425600,1788845856000,1788847117000,1,0.257,1.399,0.1837026447462473
780116044227280896,1788841351000-632578958264631296-780116044227280896,1788841351000,1788842011000,1,0.257,0.56,0.4589285714285714
794219272623620096,1788892418000-632578958264631296-794219272623620096,1788892418000,1788892667000,1,0.256,0.2,1.28
893821287409909760,1788859745000-632578958264631296-893821287409909760,1788859745000,1788860172000,1,0.256,0.079,3.240506329113924
1428367002015105024,1788837404000-632578958264631296-1428367002015105024,1788837404000,1788837637000,1,0.255,0.238,1.0714285714285714
1464253789857906688,1788871336000-632578958264631296-1464253789857906688,1788871336000,1788871978000,1,0.255,0.292,0.8732876712328768
939547788868321280,1788833360000-632578958264631296-939547788868321280,1788833360000,1788833671000,1,0.255,0.079,3.2278481012658227
944591832124227584,1788867255000-632578958264631296-944591832124227584,1788867255000,1788867390000,1,0.255,0.2,1.275
947452563299500032,1788841111000-632578958264631296-947452563299500032,1788841111000,1788841340000,1,0.255,0.276,0.9239130434782608
946030376206204928,1788849952000-632578958264631296-946030376206204928,1788849952000,1788851529000,1,0.254,0.733,0.34652114597544337
1071018553202704384,1788869453000-632578958264631296-1071018553202704384,1788869453000,1788869678000,1,0.253,0.175,1.4457142857142857
1479447378401427456,1788864524000-632578958264631296-1479447378401427456,1788864524000,1788864926000,1,0.253,0.284,0.8908450704225352
1585283247909109760,1788857921000-632578958264631296-1585283247909109760,1788857921000,1788858617000,1,0.253,0.409,0.6185819070904646
932335222958063616,1788877427000-632578958264631296-932335222958063616,1788877427000,1788877986000,1,0.253,0.71,0.3563380281690141
1083728677599969280,1788902155000-632578958264631296-1083728677599969280,1788902155000,1788903130000,1,0.252,0.979,0.2574055158324821
1061980520671346688,1788871089000-632578958264631296-1061980520671346688,1788871089000,1788871457000,1,0.25,0.141,1.773049645390071
1062738070563979264,1788851756000-632578958264631296-1062738070563979264,1788851756000,1788852470000,1,0.25,0.249,1.0040160642570282
1062738070563979264,1788871739000-632578958264631296-1062738070563979264,1788871739000,1788872052000,1,0.25,0.205,1.2195121951219512
1067775063052255232,1788838240000-632578958264631296-1067775063052255232,1788838240000,1788838563000,1,0.25,0.213,1.1737089201877935
1525526061327056896,1788886993000-632578958264631296-1525526061327056896,1788886993000,1788887305000,1,0.25,0.307,0.8143322475570033
1088485622458351616,1788838610000-632578958264631296-1088485622458351616,1788838610000,1788838893000,1,0.249,0.323,0.7708978328173375
1131240373310455808,1788837615000-632578958264631296-1131240373310455808,1788837615000,1788837880000,1,0.249,0.396,0.6287878787878788
947452563299500032,1788848153000-632578958264631296-947452563299500032,1788848153000,1788848316000,1,0.249,0.147,1.6938775510204083
967085947369816064,1788866825000-632578958264631296-967085947369816064,1788866825000,1788867286000,1,0.249,0.55,0.4527272727272727
1072572023244324864,1788887729000-632578958264631296-1072572023244324864,1788887729000,1788888094000,1,0.248,0.337,0.7359050445103857
1536004619845500928,1788852907000-632578958264631296-1536004619845500928,1788852907000,1788853392000,1,0.248,0.478,0.5188284518828452
1187437506908389376,1788851162000-632578958264631296-1187437506908389376,1788851162000,1788851465000,1,0.247,0.645,0.3829457364341085
1187437506908389376,1788867704000-632578958264631296-1187437506908389376,1788867704000,1788867918000,1,0.247,0.152,1.625
635414692210147328,1788891719000-632578958264631296-635414692210147328,1788891719000,1788892301000,1,0.247,0.364,0.6785714285714286
870286624469024768,1788829814000-632578958264631296-870286624469024768,1788829814000,1788830720000,1,0.247,1.086,0.22744014732965007
951882940915122176,1788869460000-632578958264631296-951882940915122176,1788869460000,1788869685000,1,0.247,0.155,1.5935483870967742
1536014744312348672,1788864645000-632578958264631296-1536014744312348672,1788864645000,1788864837000,1,0.246,0.13,1.8923076923076922
635414442816888832,1788866891000-632578958264631296-635414442816888832,1788866891000,1788867030000,1,0.246,0.077,3.1948051948051948
927153603469115392,1788842858000-632578958264631296-927153603469115392,1788842858000,1788843416000,1,0.246,0.189,1.3015873015873016
970288452387995648,1788911075000-632578958264631296-970288452387995648,1788911075000,1788911499000,1,0.246,0.391,0.629156010230179
874363612666265600,1788860194000-632578958264631296-874363612666265600,1788860194000,1788860303000,1,0.245,0.045,5.444444444444445
1536014744312348672,1788888832000-632578958264631296-1536014744312348672,1788888832000,1788889031000,1,0.244,0.334,0.7305389221556886
946034884164452352,1788825999000-632578958264631296-946034884164452352,1788825999000,1788826143000,1,0.244,0.152,1.605263157894737
635414442816888832,1788848104000-632578958264631296-635414442816888832,1788848104000,1788848307000,1,0.243,0.102,2.3823529411764706
1067765061260410880,1788844597000-632578958264631296-1067765061260410880,1788844597000,1788845181000,1,0.242,0.615,0.3934959349593496
780067386190462976,1788856867000-632578958264631296-780067386190462976,1788856867000,1788857103000,1,0.242,0.193,1.2538860103626943
932335222958063616,1788873509000-632578958264631296-932335222958063616,1788873509000,1788873849000,1,0.242,0.456,0.5307017543859649
943859348893859840,1788875554000-632578958264631296-943859348893859840,1788875554000,1788875975000,1,0.242,0.241,1.004149377593361
1396881703661731840,1788883043000-632578958264631296-1396881703661731840,1788883043000,1788883294000,1,0.241,0.074,3.256756756756757
790193276584984576,1788880946000-632578958264631296-790193276584984576,1788880946000,1788881453000,1,0.241,0.624,0.3862179487179487
1094650284191252480,1788857465000-632578958264631296-1094650284191252480,1788857465000,1788859646000,1,0.24,1.332,0.18018018018018017
1294723291725955072,1788877605000-632578958264631296-1294723291725955072,1788877605000,1788877993000,1,0.24,0.451,0.532150776053215
794950170587430912,1788855668000-632578958264631296-794950170587430912,1788855668000,1788855872000,1,0.24,0.169,1.4201183431952662
797458881650360320,1788903691000-632578958264631296-797458881650360320,1788903691000,1788903983000,1,0.24,0.276,0.8695652173913042
1079774152119812096,1788880042000-632578958264631296-1079774152119812096,1788880042000,1788880401000,1,0.239,0.263,0.9087452471482889
860146891080335360,1788826696000-632578958264631296-860146891080335360,1788826696000,1788826892000,1,0.238,0.199,1.1959798994974873
877447351826907136,1788869675000-632578958264631296-877447351826907136,1788869675000,1788869997000,1,0.238,0.367,0.6485013623978202
1071019405950844928,1788848171000-632578958264631296-1071019405950844928,1788848171000,1788849341000,1,0.237,0.819,0.2893772893772894
1072572023244324864,1788847763000-632578958264631296-1072572023244324864,1788847763000,1788848225000,1,0.237,0.457,0.5185995623632385
1093088075828953088,1788845601000-632578958264631296-1093088075828953088,1788845601000,1788845902000,1,0.237,0.244,0.9713114754098361
1488156479612518400,1788846040000-632578958264631296-1488156479612518400,1788846040000,1788846235000,1,0.237,0.291,0.8144329896907216
1536014737035231232,1788888859000-632578958264631296-1536014737035231232,1788888859000,1788889040000,1,0.237,0.304,0.7796052631578947
952249131684855808,1788870236000-632578958264631296-952249131684855808,1788870236000,1788870782000,1,0.237,0.074,3.2027027027027026
1120316481867874304,1788852599000-632578958264631296-1120316481867874304,1788852599000,1788852898000,1,0.236,0.365,0.6465753424657534
1385589008028925952,1788826867000-632578958264631296-1385589008028925952,1788826867000,1788827023000,1,0.236,0.2,1.18
1385589109656911872,1788847755000-632578958264631296-1385589109656911872,1788847755000,1788847955000,1,0.236,0.144,1.6388888888888888
1406586595699589120,1788838692000-632578958264631296-1406586595699589120,1788838692000,1788839078000,1,0.236,0.38,0.6210526315789473
926866983197081600,1788843154000-632578958264631296-926866983197081600,1788843154000,1788843290000,1,0.235,0.301,0.7807308970099668
931938125880492032,1788865439000-632578958264631296-931938125880492032,1788865439000,1788866121000,1,0.235,0.718,0.32729805013927576
961238953837461504,1788896350000-632578958264631296-961238953837461504,1788896350000,1788896736000,1,0.235,0.382,0.6151832460732984
1050036776183267328,1788839959000-632578958264631296-1050036776183267328,1788839959000,1788840247000,1,0.234,0.322,0.7267080745341615
1083727048683290624,1788874450000-632578958264631296-1083727048683290624,1788874450000,1788875130000,1,0.234,0.724,0.32320441988950277
1181865772805259264,1788861968000-632578958264631296-1181865772805259264,1788861968000,1788862434000,1,0.234,0.407,0.574938574938575
944574738938724352,1788860113000-632578958264631296-944574738938724352,1788860113000,1788860347000,1,0.234,0.113,2.0707964601769913
946034884164452352,1788826730000-632578958264631296-946034884164452352,1788826730000,1788826903000,1,0.234,0.075,3.12
873568577507033088,1788871881000-632578958264631296-873568577507033088,1788871881000,1788872511000,1,0.232,0.8,0.29
1468940686052032512,1788879193000-632578958264631296-1468940686052032512,1788879193000,1788881738000,1,0.231,1.566,0.1475095785440613
1488156479612518400,1788859461000-632578958264631296-1488156479612518400,1788859461000,1788860624000,1,0.231,1.24,0.18629032258064518
877447567619653632,1788865386000-632578958264631296-877447567619653632,1788865386000,1788865604000,1,0.231,0.188,1.2287234042553192
1428367002015105024,1788865136000-632578958264631296-1428367002015105024,1788865136000,1788865523000,1,0.23,0.136,1.6911764705882353
1479447378401427456,1788829349000-632578958264631296-1479447378401427456,1788829349000,1788829676000,1,0.23,0.207,1.1111111111111112
1536014695108968448,1788876068000-632578958264631296-1536014695108968448,1788876068000,1788876681000,1,0.23,0.401,0.57356608478803
932334786138079232,1788845465000-632578958264631296-932334786138079232,1788845465000,1788846158000,1,0.23,0.989,0.23255813953488375
1422205425331208192,1788837108000-632578958264631296-1422205425331208192,1788837108000,1788837882000,1,0.229,0.361,0.6343490304709142
1501933902321680384,1788865540000-632578958264631296-1501933902321680384,1788865540000,1788866121000,1,0.229,0.321,0.7133956386292835
780451558935494656,1788861082000-632578958264631296-780451558935494656,1788861082000,1788861278000,1,0.229,0.266,0.8609022556390977
943859348893859840,1788872864000-632578958264631296-943859348893859840,1788872864000,1788873804000,1,0.229,0.636,0.36006289308176104
1068875501654769664,1788843442000-632578958264631296-1068875501654769664,1788843442000,1788843676000,1,0.228,0.141,1.6170212765957448
1083727986517082112,1788843676000-632578958264631296-1083727986517082112,1788843676000,1788843968000,1,0.228,0.195,1.1692307692307693
1111626569580806144,1788878431000-632578958264631296-1111626569580806144,1788878431000,1788878733000,1,0.228,0.067,3.4029850746268657
1176582767303983104,1788884024000-632578958264631296-1176582767303983104,1788884024000,1788884696000,1,0.228,0.793,0.287515762925599
1464253789857906688,1788881591000-632578958264631296-1464253789857906688,1788881591000,1788881797000,1,0.227,0.247,0.9190283400809717
1083728245179809792,1788829080000-632578958264631296-1083728245179809792,1788829080000,1788829275000,1,0.226,0.397,0.5692695214105793
1299087047838924800,1788884230000-632578958264631296-1299087047838924800,1788884230000,1788884877000,1,0.226,0.567,0.39858906525573196
866648789010612224,1788853445000-632578958264631296-866648789010612224,1788853445000,1788853654000,1,0.226,0.224,1.0089285714285714
870309644059279360,1788885037000-632578958264631296-870309644059279360,1788885037000,1788885834000,1,0.226,0.829,0.27261761158021713
939138676678459392,1788837827000-632578958264631296-939138676678459392,1788837827000,1788838325000,1,0.226,0.21,1.0761904761904764
939547018001383424,1788877974000-632578958264631296-939547018001383424,1788877974000,1788878136000,1,0.226,0.251,0.900398406374502
947093103351693312,1788862928000-632578958264631296-947093103351693312,1788862928000,1788863174000,1,0.226,0.169,1.3372781065088757
1046752835124854784,1788879944000-632578958264631296-1046752835124854784,1788879944000,1788880232000,1,0.225,0.348,0.646551724137931
1135566388677574656,1788877608000-632578958264631296-1135566388677574656,1788877608000,1788877998000,1,0.225,0.531,0.423728813559322
926866983197081600,1788842413000-632578958264631296-926866983197081600,1788842413000,1788842631000,1,0.225,0.295,0.7627118644067797
1127222273418199040,1788856417000-632578958264631296-1127222273418199040,1788856417000,1788856903000,1,0.224,0.246,0.910569105691057
1046442858321543168,1788906342000-632578958264631296-1046442858321543168,1788906342000,1788906704000,1,0.223,0.142,1.5704225352112677
1536014695108968448,1788887688000-632578958264631296-1536014695108968448,1788887688000,1788887939000,1,0.223,0.212,1.0518867924528303
1050766698002513920,1788868689000-632578958264631296-1050766698002513920,1788868689000,1788868904000,1,0.222,0.132,1.6818181818181817
1475452919183572992,1788862033000-632578958264631296-1475452919183572992,1788862033000,1788862598000,1,0.221,0.279,0.7921146953405017
1536014695108968448,1788867351000-632578958264631296-1536014695108968448,1788867351000,1788867560000,1,0.22,0.129,1.7054263565891472
789852692640956416,1788886897000-632578958264631296-789852692640956416,1788886897000,1788887204000,1,0.22,0.319,0.6896551724137931
931938734016823296,1788828579000-632578958264631296-931938734016823296,1788828579000,1788828837000,1,0.22,0.308,0.7142857142857143
1182027923075366912,1788832456000-632578958264631296-1182027923075366912,1788832456000,1788833158000,1,0.219,0.734,0.29836512261580383
1083726740557135872,1788864900000-632578958264631296-1083726740557135872,1788864900000,1788865404000,1,0.218,0.478,0.4560669456066946
947093103351693312,1788864677000-632578958264631296-947093103351693312,1788864677000,1788865010000,1,0.218,0.38,0.5736842105263158
1135529735623802880,1788851787000-632578958264631296-1135529735623802880,1788851787000,1788851983000,1,0.216,0.295,0.7322033898305085
1406586595699589120,1788879307000-632578958264631296-1406586595699589120,1788879307000,1788879677000,1,0.216,0.252,0.8571428571428571
1488156479612518400,1788863386000-632578958264631296-1488156479612518400,1788863386000,1788863612000,1,0.215,0.097,2.216494845360825
1061979678694178816,1788860141000-632578958264631296-1061979678694178816,1788860141000,1788860321000,1,0.214,0.13,1.646153846153846
902974583798235136,1788836702000-632578958264631296-902974583798235136,1788836702000,1788836934000,1,0.214,0.195,1.0974358974358973
931938734016823296,1788839813000-632578958264631296-931938734016823296,1788839813000,1788840734000,1,0.214,1.163,0.18400687876182287
877447567619653632,1788862481000-632578958264631296-877447567619653632,1788862481000,1788863648000,1,0.213,1.496,0.142379679144385
893133531117518848,1788841050000-632578958264631296-893133531117518848,1788841050000,1788841619000,1,0.213,0.35,0.6085714285714285
1067765189559975936,1788868199000-632578958264631296-1067765189559975936,1788868199000,1788868338000,1,0.212,0.138,1.536231884057971
1046752835124854784,1788849007000-632578958264631296-1046752835124854784,1788849007000,1788849372000,1,0.211,0.436,0.48394495412844035
1067776159577538560,1788863151000-632578958264631296-1067776159577538560,1788863151000,1788863341000,1,0.211,0.283,0.745583038869258
1428366867084345344,1788867646000-632578958264631296-1428366867084345344,1788867646000,1788867969000,1,0.211,0.272,0.775735294117647
932334786138079232,1788852492000-632578958264631296-932334786138079232,1788852492000,1788852843000,1,0.211,0.414,0.5096618357487923
946029060134273024,1788901271000-632578958264631296-946029060134273024,1788901271000,1788901406000,1,0.211,0.098,2.1530612244897958
1135566388677574656,1788865406000-632578958264631296-1135566388677574656,1788865406000,1788865600000,1,0.21,0.243,0.8641975308641975
1175796663680237568,1788860021000-632578958264631296-1175796663680237568,1788860021000,1788860469000,1,0.21,0.441,0.47619047619047616
1176184196838719488,1788863555000-632578958264631296-1176184196838719488,1788863555000,1788863846000,1,0.209,0.494,0.4230769230769231
1500491887742550016,1788840405000-632578958264631296-1500491887742550016,1788840405000,1788840970000,1,0.209,0.302,0.6920529801324503
947452563299500032,1788835760000-632578958264631296-947452563299500032,1788835760000,1788835917000,1,0.209,0.044,4.75
946029060134273024,1788843857000-632578958264631296-946029060134273024,1788843857000,1788844195000,1,0.208,0.13,1.5999999999999999
1067763553357791232,1788871857000-632578958264631296-1067763553357791232,1788871857000,1788872123000,1,0.207,0.283,0.7314487632508834
1067767656859303936,1788875887000-632578958264631296-1067767656859303936,1788875887000,1788876482000,1,0.207,0.643,0.32192846034214617
1083728245179809792,1788828791000-632578958264631296-1083728245179809792,1788828791000,1788828991000,1,0.207,0.229,0.9039301310043667
1536427445069021184,1788872208000-632578958264631296-1536427445069021184,1788872208000,1788872466000,1,0.207,0.289,0.7162629757785467
944574346884546560,1788881833000-632578958264631296-944574346884546560,1788881833000,1788882482000,1,0.207,0.186,1.1129032258064515
1536014737035231232,1788863367000-632578958264631296-1536014737035231232,1788863367000,1788864152000,1,0.206,0.322,0.639751552795031
786329294770012160,1788851666000-632578958264631296-786329294770012160,1788851666000,1788852088000,1,0.206,0.29,0.7103448275862069
932613192947859456,1788888108000-632578958264631296-932613192947859456,1788888108000,1788888481000,1,0.206,0.159,1.2955974842767295
1103352309556969472,1788844748000-632578958264631296-1103352309556969472,1788844748000,1788845006000,1,0.205,0.261,0.7854406130268199
800026217909583872,1788862751000-632578958264631296-800026217909583872,1788862751000,1788863115000,1,0.205,0.268,0.7649253731343283
1049976646406242304,1788889480000-632578958264631296-1049976646406242304,1788889480000,1788890286000,1,0.204,0.771,0.26459143968871596
1083728677599969280,1788903131000-632578958264631296-1083728677599969280,1788903131000,1788903470000,1,0.204,0.218,0.9357798165137614
1093087265762050048,1788834775000-632578958264631296-1093087265762050048,1788834775000,1788835011000,1,0.204,0.103,1.9805825242718447
1093088075828953088,1788847076000-632578958264631296-1093088075828953088,1788847076000,1788847346000,1,0.204,0.263,0.7756653992395437
1535695002116554752,1788888685000-632578958264631296-1535695002116554752,1788888685000,1788888889000,1,0.204,0.097,2.1030927835051543
1536014589357981696,1788880934000-632578958264631296-1536014589357981696,1788880934000,1788881125000,1,0.204,0.053,3.849056603773585
866686265431425024,1788866087000-632578958264631296-866686265431425024,1788866087000,1788866392000,1,0.204,0.243,0.8395061728395061
1083726613264203776,1788859372000-632578958264631296-1083726613264203776,1788859372000,1788859643000,1,0.203,0.316,0.6424050632911393
1132636490090676224,1788832384000-632578958264631296-1132636490090676224,1788832384000,1788833841000,1,0.203,1.018,0.1994106090373281
1536014618822967296,1788843446000-632578958264631296-1536014618822967296,1788843446000,1788843952000,1,0.203,0.285,0.7122807017543861
1464253789857906688,1788872056000-632578958264631296-1464253789857906688,1788872056000,1788872354000,1,0.202,0.167,1.2095808383233533
1593330894762934272,1788905476000-632578958264631296-1593330894762934272,1788905476000,1788905881000,1,0.202,0.268,0.753731343283582
1428366867084345344,1788862968000-632578958264631296-1428366867084345344,1788862968000,1788863386000,1,0.201,0.381,0.5275590551181103
931938734016823296,1788828914000-632578958264631296-931938734016823296,1788828914000,1788829465000,1,0.201,0.66,0.30454545454545456
1067763772824748032,1788871874000-632578958264631296-1067763772824748032,1788871874000,1788872550000,1,0.2,0.726,0.27548209366391185
1067776270814674944,1788857440000-632578958264631296-1067776270814674944,1788857440000,1788857809000,1,0.2,0.427,0.468384074941452
1073664045493518336,1788866772000-632578958264631296-1073664045493518336,1788866772000,1788867170000,1,0.2,0.388,0.5154639175257733
1083727207982956544,1788833070000-632578958264631296-1083727207982956544,1788833070000,1788833653000,1,0.2,0.798,0.2506265664160401
1181865772805259264,1788898171000-632578958264631296-1181865772805259264,1788898171000,1788898549000,1,0.2,0.457,0.437636761487965
790970372676648960,1788873684000-632578958264631296-790970372676648960,1788873684000,1788873920000,1,0.2,0.242,0.8264462809917356
836966844580495360,1788835533000-632578958264631296-836966844580495360,1788835533000,1788836770000,1,0.2,1.259,0.158856235107228
873916972050415616,1788896594000-632578958264631296-873916972050415616,1788896594000,1788897042000,1,0.2,0.585,0.34188034188034194
929717117048061952,1788905293000-632578958264631296-929717117048061952,1788905293000,1788906106000,1,0.2,0.463,0.4319654427645788
938442824968306688,1788885793000-632578958264631296-938442824968306688,1788885793000,1788886166000,1,0.2,0.223,0.8968609865470852
1083728245179809792,1788840222000-632578958264631296-1083728245179809792,1788840222000,1788840391000,1,0.199,0.389,0.5115681233933163
786545248472924160,1788901224000-632578958264631296-786545248472924160,1788901224000,1788902062000,1,0.199,0.722,0.275623268698061
1047650330055016448,1788847901000-632578958264631296-1047650330055016448,1788847901000,1788848109000,1,0.198,0.197,1.0050761421319796
947926207788220416,1788833550000-632578958264631296-947926207788220416,1788833550000,1788833666000,1,0.198,0.19,1.0421052631578949
951563481520275456,1788851995000-632578958264631296-951563481520275456,1788851995000,1788852906000,1,0.198,0.063,3.142857142857143
635414442816888832,1788835907000-632578958264631296-635414442816888832,1788835907000,1788836088000,1,0.197,0.087,2.2643678160919545
936665179544879104,1788848597000-632578958264631296-936665179544879104,1788848597000,1788849047000,1,0.197,0.518,0.3803088803088803
1385305128772304896,1788835789000-632578958264631296-1385305128772304896,1788835789000,1788835980000,1,0.196,0.231,0.8484848484848485
933416236518211584,1788859531000-632578958264631296-933416236518211584,1788859531000,1788859754000,1,0.196,0.271,0.7232472324723247
1064494636166283264,1788866531000-632578958264631296-1064494636166283264,1788866531000,1788866647000,1,0.195,0.195,1.0
947093103351693312,1788878828000-632578958264631296-947093103351693312,1788878828000,1788879188000,1,0.195,0.264,0.7386363636363636
1398705978894974976,1788851467000-632578958264631296-1398705978894974976,1788851467000,1788851652000,1,0.194,0.245,0.7918367346938776
1536014737035231232,1788875628000-632578958264631296-1536014737035231232,1788875628000,1788875876000,1,0.194,0.206,0.941747572815534
943858330336493568,1788861193000-632578958264631296-943858330336493568,1788861193000,1788861672000,1,0.194,0.471,0.4118895966029724
944587945103327232,1788865712000-632578958264631296-944587945103327232,1788865712000,1788866457000,1,0.194,0.345,0.5623188405797102
967085947369816064,1788883228000-632578958264631296-967085947369816064,1788883228000,1788883414000,1,0.194,0.224,0.8660714285714286
1046752835124854784,1788874783000-632578958264631296-1046752835124854784,1788874783000,1788875131000,1,0.193,0.392,0.4923469387755102
1428366867084345344,1788840772000-632578958264631296-1428366867084345344,1788840772000,1788841356000,1,0.193,0.369,0.5230352303523036
780451558935494656,1788861734000-632578958264631296-780451558935494656,1788861734000,1788862376000,1,0.193,0.555,0.34774774774774775
931855689733636096,1788866239000-632578958264631296-931855689733636096,1788866239000,1788866617000,1,0.193,0.403,0.4789081885856079
944587945103327232,1788856961000-632578958264631296-944587945103327232,1788856961000,1788857171000,1,0.193,0.065,2.9692307692307693
951561875261227008,1788865204000-632578958264631296-951561875261227008,1788865204000,1788865376000,1,0.193,0.136,1.4191176470588234
1464253789857906688,1788891705000-632578958264631296-1464253789857906688,1788891705000,1788891955000,1,0.192,0.168,1.1428571428571428
931938125880492032,1788882399000-632578958264631296-931938125880492032,1788882399000,1788883287000,1,0.192,1.112,0.1726618705035971
947452563299500032,1788838572000-632578958264631296-947452563299500032,1788838572000,1788838725000,1,0.192,0.18,1.0666666666666667
1428367002015105024,1788860916000-632578958264631296-1428367002015105024,1788860916000,1788861423000,1,0.191,0.295,0.6474576271186441
932335222958063616,1788878712000-632578958264631296-932335222958063616,1788878712000,1788879051000,1,0.19,0.523,0.3632887189292543
1088492376734826496,1788855980000-632578958264631296-1088492376734826496,1788855980000,1788856800000,1,0.189,0.349,0.5415472779369628
1135529735623802880,1788886870000-632578958264631296-1135529735623802880,1788886870000,1788887254000,1,0.188,0.477,0.39412997903563946
794226357327364096,1788901062000-632578958264631296-794226357327364096,1788901062000,1788904092000,1,0.188,2.187,0.08596250571559214
798605218047590400,1788871658000-632578958264631296-798605218047590400,1788871658000,1788872013000,1,0.188,0.262,0.7175572519083969
1067767656859303936,1788870992000-632578958264631296-1067767656859303936,1788870992000,1788871384000,1,0.187,0.435,0.4298850574712644
1079787761596104704,1788853217000-632578958264631296-1079787761596104704,1788853217000,1788853719000,1,0.187,0.124,1.5080645161290323
1161991673035620352,1788877985000-632578958264631296-1161991673035620352,1788877985000,1788878532000,1,0.187,0.488,0.3831967213114754
786329294770012160,1788856903000-632578958264631296-786329294770012160,1788856903000,1788857990000,1,0.187,0.617,0.30307941653160453
933392054296248320,1788848040000-632578958264631296-933392054296248320,1788848040000,1788848423000,1,0.187,0.385,0.4857142857142857
1046442858321543168,1788862548000-632578958264631296-1046442858321543168,1788862548000,1788863304000,1,0.186,0.221,0.8416289592760181
1065321017443876864,1788881818000-632578958264631296-1065321017443876864,1788881818000,1788882099000,1,0.186,0.128,1.453125
997896292355014656,1788911613000-632578958264631296-997896292355014656,1788911613000,1788911746000,1,0.186,0.078,2.3846153846153846
1065304732634972160,1788858794000-632578958264631296-1065304732634972160,1788858794000,1788858912000,1,0.185,0.07,2.642857142857143
1464253789857906688,1788863891000-632578958264631296-1464253789857906688,1788863891000,1788864018000,1,0.185,0.106,1.7452830188679245
932334220825591808,1788870747000-632578958264631296-932334220825591808,1788870747000,1788871091000,1,0.184,0.383,0.48041775456919056
1067765061260410880,1788852421000-632578958264631296-1067765061260410880,1788852421000,1788852607000,1,0.182,0.114,1.5964912280701753
1406586595699589120,1788879685000-632578958264631296-1406586595699589120,1788879685000,1788879827000,1,0.182,0.226,0.8053097345132743
1428366867084345344,1788866912000-632578958264631296-1428366867084345344,1788866912000,1788867317000,1,0.182,0.409,0.4449877750611247
929717117048061952,1788861986000-632578958264631296-929717117048061952,1788861986000,1788862638000,1,0.182,0.286,0.6363636363636364
939547417898909696,1788854770000-632578958264631296-939547417898909696,1788854770000,1788854967000,1,0.182,0.117,1.5555555555555554
1385305035948163072,1788867655000-632578958264631296-1385305035948163072,1788867655000,1788867937000,1,0.181,0.211,0.8578199052132701
1083726698509238272,1788860326000-632578958264631296-1083726698509238272,1788860326000,1788861012000,1,0.18,0.725,0.2482758620689655
1176582767303983104,1788902966000-632578958264631296-1176582767303983104,1788902966000,1788903444000,1,0.18,0.394,0.45685279187817257
1363836271826305024,1788874213000-632578958264631296-1363836271826305024,1788874213000,1788874873000,1,0.18,0.39,0.4615384615384615
871764433825693696,1788871640000-632578958264631296-871764433825693696,1788871640000,1788872056000,1,0.18,0.337,0.5341246290801186
1363836271826305024,1788911596000-632578958264631296-1363836271826305024,1788911596000,1788911784000,1,0.179,0.235,0.7617021276595745
1471144582421938176,1788844377000-632578958264631296-1471144582421938176,1788844377000,1788844610000,1,0.179,0.273,0.6556776556776556
786329086610898944,1788884093000-632578958264631296-786329086610898944,1788884093000,1788884760000,1,0.179,0.599,0.29883138564273787
1132636899983228928,1788860208000-632578958264631296-1132636899983228928,1788860208000,1788861554000,1,0.178,1.666,0.10684273709483794
944574346884546560,1788883361000-632578958264631296-944574346884546560,1788883361000,1788883869000,1,0.178,0.163,1.0920245398773005
946024601958219776,1788844474000-632578958264631296-946024601958219776,1788844474000,1788845261000,1,0.178,0.364,0.489010989010989
951563481520275456,1788851618000-632578958264631296-951563481520275456,1788851618000,1788851794000,1,0.178,0.052,3.423076923076923
1079774152119812096,1788886037000-632578958264631296-1079774152119812096,1788886037000,1788886220000,1,0.177,0.113,1.566371681415929
933416236518211584,1788860245000-632578958264631296-933416236518211584,1788860245000,1788860662000,1,0.177,0.199,0.8894472361809044
1464253789857906688,1788863424000-632578958264631296-1464253789857906688,1788863424000,1788863554000,1,0.176,0.117,1.504273504273504
1536014737035231232,1788880157000-632578958264631296-1536014737035231232,1788880157000,1788880343000,1,0.176,0.182,0.967032967032967
1079774152119812096,1788902243000-632578958264631296-1079774152119812096,1788902243000,1788902597000,1,0.175,0.197,0.8883248730964466
1176582767303983104,1788838975000-632578958264631296-1176582767303983104,1788838975000,1788839830000,1,0.175,1.108,0.15794223826714798
1385304935976927232,1788844599000-632578958264631296-1385304935976927232,1788844599000,1788844843000,1,0.175,0.096,1.8229166666666665
1422205425331208192,1788870265000-632578958264631296-1422205425331208192,1788870265000,1788870508000,1,0.175,0.294,0.5952380952380952
1540361729291059200,1788884938000-632578958264631296-1540361729291059200,1788884938000,1788885134000,1,0.175,0.119,1.4705882352941175
870286624469024768,1788885455000-632578958264631296-870286624469024768,1788885455000,1788885822000,1,0.175,0.374,0.4679144385026738
877447567619653632,1788864082000-632578958264631296-877447567619653632,1788864082000,1788864294000,1,0.175,0.172,1.0174418604651163
942471450843938816,1788856703000-632578958264631296-942471450843938816,1788856703000,1788857095000,1,0.175,0.193,0.9067357512953367
1083727207982956544,1788844961000-632578958264631296-1083727207982956544,1788844961000,1788845431000,1,0.174,0.55,0.3163636363636363
1050036904705130496,1788899580000-632578958264631296-1050036904705130496,1788899580000,1788900463000,1,0.173,0.151,1.1456953642384105
1525526061327056896,1788876331000-632578958264631296-1525526061327056896,1788876331000,1788876862000,1,0.173,0.287,0.6027874564459931
893821287409909760,1788839425000-632578958264631296-893821287409909760,1788839425000,1788839892000,1,0.173,0.051,3.392156862745098
1046752835124854784,1788844978000-632578958264631296-1046752835124854784,1788844978000,1788845626000,1,0.172,0.837,0.2054958183990442
1083727144086929408,1788857178000-632578958264631296-1083727144086929408,1788857178000,1788857533000,1,0.172,0.426,0.40375586854460094
946024601958219776,1788845966000-632578958264631296-946024601958219776,1788845966000,1788846133000,1,0.172,0.159,1.0817610062893082
1067776270814674944,1788865953000-632578958264631296-1067776270814674944,1788865953000,1788866357000,1,0.171,0.323,0.5294117647058824
1071019405950844928,1788862058000-632578958264631296-1071019405950844928,1788862058000,1788862502000,1,0.171,0.233,0.7339055793991417
1111626569580806144,1788837823000-632578958264631296-1111626569580806144,1788837823000,1788838014000,1,0.171,0.152,1.1250000000000002
1385305554984894464,1788858153000-632578958264631296-1385305554984894464,1788858153000,1788858494000,1,0.171,0.184,0.9293478260869567
1489984398731247616,1788836363000-632578958264631296-1489984398731247616,1788836363000,1788836537000,1,0.171,0.16,1.06875
789852692640956416,1788897654000-632578958264631296-789852692640956416,1788897654000,1788897858000,1,0.171,0.3,0.5700000000000001
1067775201233600512,1788855974000-632578958264631296-1067775201233600512,1788855974000,1788856321000,1,0.17,0.357,0.4761904761904762
1289307004661137408,1788860334000-632578958264631296-1289307004661137408,1788860334000,1788860637000,1,0.17,0.171,0.9941520467836257
1535695002116554752,1788850291000-632578958264631296-1535695002116554752,1788850291000,1788850767000,1,0.17,0.347,0.48991354466858794
1545823852121030656,1788860106000-632578958264631296-1545823852121030656,1788860106000,1788860247000,1,0.17,0.079,2.151898734177215
876422423786815488,1788886283000-632578958264631296-876422423786815488,1788886283000,1788886635000,1,0.17,0.406,0.4187192118226601
970288452387995648,1788859647000-632578958264631296-970288452387995648,1788859647000,1788859837000,1,0.17,0.049,3.469387755102041
1049976646406242304,1788905771000-632578958264631296-1049976646406242304,1788905771000,1788906054000,1,0.169,0.286,0.590909090909091
1073663431535493120,1788834593000-632578958264631296-1073663431535493120,1788834593000,1788834881000,1,0.169,0.41,0.41219512195121955
939547018001383424,1788845731000-632578958264631296-939547018001383424,1788845731000,1788846287000,1,0.169,0.494,0.34210526315789475
946034884164452352,1788845951000-632578958264631296-946034884164452352,1788845951000,1788846095000,1,0.169,0.084,2.011904761904762
1067776270814674944,1788867004000-632578958264631296-1067776270814674944,1788867004000,1788867221000,1,0.168,0.129,1.302325581395349
1135566388677574656,1788887248000-632578958264631296-1135566388677574656,1788887248000,1788887624000,1,0.168,0.432,0.3888888888888889
1545823503347875840,1788844723000-632578958264631296-1545823503347875840,1788844723000,1788845895000,1,0.168,0.964,0.17427385892116184
1109804807901675520,1788844850000-632578958264631296-1109804807901675520,1788844850000,1788845854000,1,0.167,1.139,0.1466198419666374
1385589109656911872,1788838449000-632578958264631296-1385589109656911872,1788838449000,1788838651000,1,0.167,0.134,1.2462686567164178
1471144582421938176,1788862776000-632578958264631296-1471144582421938176,1788862776000,1788863213000,1,0.167,0.511,0.32681017612524466
1593331058084937728,1788895500000-632578958264631296-1593331058084937728,1788895500000,1788896059000,1,0.167,0.306,0.5457516339869282
1061980520671346688,1788896341000-632578958264631296-1061980520671346688,1788896341000,1788897103000,1,0.166,0.247,0.6720647773279352
1385588816730914816,1788883276000-632578958264631296-1385588816730914816,1788883276000,1788884610000,1,0.166,0.484,0.34297520661157027
874363612666265600,1788853505000-632578958264631296-874363612666265600,1788853505000,1788853713000,1,0.166,0.076,2.18421052631579
929717117048061952,1788897431000-632578958264631296-929717117048061952,1788897431000,1788897958000,1,0.166,0.263,0.6311787072243346
933392054296248320,1788825434000-632578958264631296-933392054296248320,1788825434000,1788825897000,1,0.166,0.274,0.6058394160583942
973914141028777984,1788835645000-632578958264631296-973914141028777984,1788835645000,1788836127000,1,0.166,0.049,3.3877551020408165
1079774152119812096,1788898137000-632578958264631296-1079774152119812096,1788898137000,1788899025000,1,0.165,0.343,0.4810495626822157
1488156479612518400,1788844682000-632578958264631296-1488156479612518400,1788844682000,1788845147000,1,0.165,0.547,0.3016453382084095
635414442816888832,1788846786000-632578958264631296-635414442816888832,1788846786000,1788846929000,1,0.165,0.146,1.13013698630137
933416236518211584,1788845209000-632578958264631296-933416236518211584,1788845209000,1788845438000,1,0.165,0.126,1.3095238095238095
946024601958219776,1788866801000-632578958264631296-946024601958219776,1788866801000,1788867104000,1,0.165,0.228,0.7236842105263158
1062738807117316096,1788871939000-632578958264631296-1062738807117316096,1788871939000,1788872210000,1,0.164,0.282,0.5815602836879433
1065321017443876864,1788880705000-632578958264631296-1065321017443876864,1788880705000,1788880975000,1,0.164,0.213,0.7699530516431925
1067765189559975936,1788878914000-632578958264631296-1067765189559975936,1788878914000,1788879295000,1,0.164,0.312,0.5256410256410257
1181865772805259264,1788864163000-632578958264631296-1181865772805259264,1788864163000,1788864419000,1,0.164,0.221,0.7420814479638009
1536014737035231232,1788862310000-632578958264631296-1536014737035231232,1788862310000,1788862492000,1,0.164,0.082,2.0
947107003673608192,1788857498000-632578958264631296-947107003673608192,1788857498000,1788857803000,1,0.164,0.193,0.8497409326424871
1536014603211767808,1788893816000-632578958264631296-1536014603211767808,1788893816000,1788893932000,1,0.163,0.161,1.0124223602484472
967085947369816064,1788861221000-632578958264631296-967085947369816064,1788861221000,1788861408000,1,0.163,0.194,0.8402061855670103
1046752835124854784,1788856967000-632578958264631296-1046752835124854784,1788856967000,1788857211000,1,0.162,0.266,0.6090225563909775
1047650330055016448,1788849423000-632578958264631296-1047650330055016448,1788849423000,1788849597000,1,0.162,0.154,1.051948051948052
1475452919183572992,1788860071000-632578958264631296-1475452919183572992,1788860071000,1788860317000,1,0.162,0.102,1.5882352941176472
1067776196789403648,1788832528000-632578958264631296-1067776196789403648,1788832528000,1788832894000,1,0.161,0.506,0.3181818181818182
1536014667858575360,1788880932000-632578958264631296-1536014667858575360,1788880932000,1788881171000,1,0.161,0.131,1.2290076335877862
943858330336493568,1788869283000-632578958264631296-943858330336493568,1788869283000,1788869381000,1,0.161,0.266,0.6052631578947368
1067775063052255232,1788852205000-632578958264631296-1067775063052255232,1788852205000,1788852342000,1,0.16,0.079,2.0253164556962027
1093088075828953088,1788847507000-632578958264631296-1093088075828953088,1788847507000,1788847627000,1,0.16,0.142,1.1267605633802817
1105915143314735104,1788851265000-632578958264631296-1105915143314735104,1788851265000,1788852097000,1,0.16,1.034,0.15473887814313347
1536014618822967296,1788870286000-632578958264631296-1536014618822967296,1788870286000,1788870496000,1,0.16,0.245,0.653061224489796
1536014744312348672,1788862311000-632578958264631296-1536014744312348672,1788862311000,1788862539000,1,0.16,0.131,1.2213740458015268
943858330336493568,1788860991000-632578958264631296-943858330336493568,1788860991000,1788861159000,1,0.16,0.052,3.076923076923077
1081533146517733376,1788877273000-632578958264631296-1081533146517733376,1788877273000,1788877886000,1,0.159,0.656,0.2423780487804878
944574346884546560,1788884085000-632578958264631296-944574346884546560,1788884085000,1788884196000,1,0.159,0.044,3.6136363636363638
1062738807117316096,1788846621000-632578958264631296-1062738807117316096,1788846621000,1788846892000,1,0.158,0.285,0.5543859649122808
1079095522620342272,1788875827000-632578958264631296-1079095522620342272,1788875827000,1788876117000,1,0.158,0.181,0.8729281767955801
1083727772540469248,1788895492000-632578958264631296-1083727772540469248,1788895492000,1788895800000,1,0.158,0.386,0.40932642487046633
1175796546902425600,1788830074000-632578958264631296-1175796546902425600,1788830074000,1788830429000,1,0.158,0.412,0.383495145631068
792451319469178880,1788829485000-632578958264631296-792451319469178880,1788829485000,1788829671000,1,0.158,0.149,1.0604026845637584
1045014601197944832,1788846156000-632578958264631296-1045014601197944832,1788846156000,1788846339000,1,0.157,0.274,0.5729927007299269
1072572023244324864,1788895775000-632578958264631296-1072572023244324864,1788895775000,1788896108000,1,0.157,0.351,0.44729344729344733
1073966174624022528,1788869276000-632578958264631296-1073966174624022528,1788869276000,1788869525000,1,0.157,0.029,5.413793103448276
1175796663680237568,1788868892000-632578958264631296-1175796663680237568,1788868892000,1788869160000,1,0.157,0.282,0.5567375886524824
1175796663680237568,1788889871000-632578958264631296-1175796663680237568,1788889871000,1788890052000,1,0.157,0.124,1.2661290322580645
1396881703661731840,1788908915000-632578958264631296-1396881703661731840,1788908915000,1788909620000,1,0.157,0.349,0.44985673352435535
932334220825591808,1788870018000-632578958264631296-932334220825591808,1788870018000,1788870395000,1,0.157,0.563,0.2788632326820604
1060630916881186816,1788856279000-632578958264631296-1060630916881186816,1788856279000,1788856548000,1,0.156,0.315,0.49523809523809526
1067774753596506112,1788862659000-632578958264631296-1067774753596506112,1788862659000,1788862859000,1,0.156,0.175,0.8914285714285715
1449735637144961024,1788858302000-632578958264631296-1449735637144961024,1788858302000,1788858627000,1,0.156,0.047,3.3191489361702127
1462138501628690432,1788860984000-632578958264631296-1462138501628690432,1788860984000,1788861244000,1,0.156,0.167,0.934131736526946
792451146961649664,1788833630000-632578958264631296-792451146961649664,1788833630000,1788833908000,1,0.156,0.186,0.8387096774193549
800026217909583872,1788840458000-632578958264631296-800026217909583872,1788840458000,1788841068000,1,0.156,0.283,0.5512367491166078
1479447378401427456,1788863249000-632578958264631296-1479447378401427456,1788863249000,1788863981000,1,0.155,0.512,0.302734375
947583099720433664,1788857960000-632578958264631296-947583099720433664,1788857960000,1788859426000,1,0.155,0.572,0.270979020979021
967085947369816064,1788851955000-632578958264631296-967085947369816064,1788851955000,1788852287000,1,0.155,0.325,0.4769230769230769
1536014674678513664,1788876460000-632578958264631296-1536014674678513664,1788876460000,1788876787000,1,0.154,0.262,0.5877862595419847
946024601958219776,1788834902000-632578958264631296-946024601958219776,1788834902000,1788835762000,1,0.154,0.337,0.45697329376854595
1083727048683290624,1788876226000-632578958264631296-1083727048683290624,1788876226000,1788876722000,1,0.153,0.507,0.30177514792899407
1475453376262045696,1788840228000-632578958264631296-1475453376262045696,1788840228000,1788840679000,1,0.153,0.292,0.523972602739726
1477629515881512960,1788875613000-632578958264631296-1477629515881512960,1788875613000,1788876409000,1,0.153,0.311,0.49196141479099675
1050037591694376960,1788871894000-632578958264631296-1050037591694376960,1788871894000,1788872334000,1,0.152,0.288,0.5277777777777778
1071019405950844928,1788861674000-632578958264631296-1071019405950844928,1788861674000,1788862024000,1,0.152,0.073,2.0821917808219177
1135566388677574656,1788863771000-632578958264631296-1135566388677574656,1788863771000,1788864076000,1,0.152,0.302,0.5033112582781457
1087441747748847616,1788846887000-632578958264631296-1087441747748847616,1788846887000,1788847077000,1,0.151,0.065,2.323076923076923
1428366867084345344,1788863469000-632578958264631296-1428366867084345344,1788863469000,1788863970000,1,0.151,0.338,0.44674556213017746
866245373776101376,1788873623000-632578958264631296-866245373776101376,1788873623000,1788874152000,1,0.151,0.474,0.31856540084388185
877447351826907136,1788870201000-632578958264631296-877447351826907136,1788870201000,1788870409000,1,0.151,0.301,0.5016611295681063
1047650330055016448,1788850086000-632578958264631296-1047650330055016448,1788850086000,1788850264000,1,0.15,0.13,1.1538461538461537
1135541524696662016,1788830796000-632578958264631296-1135541524696662016,1788830796000,1788831088000,1,0.15,0.341,0.439882697947214
1535695002116554752,1788888998000-632578958264631296-1535695002116554752,1788888998000,1788889278000,1,0.15,0.264,0.5681818181818181
1536014603211767808,1788886232000-632578958264631296-1536014603211767808,1788886232000,1788886888000,1,0.15,0.335,0.4477611940298507
1536014716214706176,1788843459000-632578958264631296-1536014716214706176,1788843459000,1788843671000,1,0.15,0.103,1.4563106796116505
939139369715892224,1788867363000-632578958264631296-939139369715892224,1788867363000,1788867540000,1,0.15,0.132,1.1363636363636362
1362452416535986176,1788881343000-632578958264631296-1362452416535986176,1788881343000,1788882082000,1,0.149,0.427,0.34894613583138173
1385589109656911872,1788846769000-632578958264631296-1385589109656911872,1788846769000,1788847079000,1,0.149,0.2,0.7449999999999999
866686265431425024,1788864337000-632578958264631296-866686265431425024,1788864337000,1788865277000,1,0.149,0.999,0.14914914914914915
876422423786815488,1788904276000-632578958264631296-876422423786815488,1788904276000,1788904803000,1,0.149,0.634,0.23501577287066244
1056588446363025408,1788878217000-632578958264631296-1056588446363025408,1788878217000,1788878370000,1,0.148,0.029,5.1034482758620685
932613192947859456,1788890740000-632578958264631296-932613192947859456,1788890740000,1788890986000,1,0.148,0.098,1.510204081632653
1067776270814674944,1788865656000-632578958264631296-1067776270814674944,1788865656000,1788865863000,1,0.147,0.207,0.7101449275362319
786329086610898944,1788895397000-632578958264631296-786329086610898944,1788895397000,1788895560000,1,0.147,0.245,0.6
932334786138079232,1788846317000-632578958264631296-932334786138079232,1788846317000,1788846595000,1,0.147,0.319,0.46081504702194354
791672232936996864,1788853461000-632578958264631296-791672232936996864,1788853461000,1788853601000,1,0.146,0.063,2.317460317460317
944591832124227584,1788857415000-632578958264631296-944591832124227584,1788857415000,1788857780000,1,0.146,0.149,0.9798657718120806
1061351650800697344,1788832559000-632578958264631296-1061351650800697344,1788832559000,1788833170000,1,0.145,0.545,0.2660550458715596
1536014618822967296,1788848638000-632578958264631296-1536014618822967296,1788848638000,1788848787000,1,0.145,0.129,1.124031007751938
874363612666265600,1788849562000-632578958264631296-874363612666265600,1788849562000,1788849897000,1,0.145,0.254,0.5708661417322834
1067775063052255232,1788876784000-632578958264631296-1067775063052255232,1788876784000,1788877298000,1,0.144,0.199,0.7236180904522612
1182027923075366912,1788900233000-632578958264631296-1182027923075366912,1788900233000,1788900433000,1,0.144,0.207,0.6956521739130435
943458585302532096,1788883358000-632578958264631296-943458585302532096,1788883358000,1788883714000,1,0.144,0.398,0.3618090452261306
1073664045493518336,1788864722000-632578958264631296-1073664045493518336,1788864722000,1788865204000,1,0.143,0.36,0.3972222222222222
1536014618822967296,1788852343000-632578958264631296-1536014618822967296,1788852343000,1788852463000,1,0.143,0.201,0.7114427860696516
951563481520275456,1788861993000-632578958264631296-951563481520275456,1788861993000,1788862562000,1,0.143,0.043,3.3255813953488373
1140670395897085952,1788853221000-632578958264631296-1140670395897085952,1788853221000,1788853518000,1,0.142,0.331,0.4290030211480362
1134878026966761472,1788857084000-632578958264631296-1134878026966761472,1788857084000,1788857309000,1,0.141,0.161,0.8757763975155278
1183367596062277632,1788869146000-632578958264631296-1183367596062277632,1788869146000,1788870013000,1,0.141,0.866,0.16281755196304848
1536014618822967296,1788840603000-632578958264631296-1536014618822967296,1788840603000,1788841180000,1,0.141,0.394,0.3578680203045685
964171206683000832,1788885794000-632578958264631296-964171206683000832,1788885794000,1788886243000,1,0.141,0.226,0.6238938053097345
1076924285072703488,1788854625000-632578958264631296-1076924285072703488,1788854625000,1788854990000,1,0.14,0.127,1.1023622047244095
1175796663680237568,1788870574000-632578958264631296-1175796663680237568,1788870574000,1788870755000,1,0.14,0.181,0.7734806629834255
1181865772805259264,1788862442000-632578958264631296-1181865772805259264,1788862442000,1788862874000,1,0.14,0.442,0.31674208144796384
1486716779844599808,1788872486000-632578958264631296-1486716779844599808,1788872486000,1788872859000,1,0.14,0.245,0.5714285714285715
1536014695108968448,1788869743000-632578958264631296-1536014695108968448,1788869743000,1788869903000,1,0.14,0.099,1.4141414141414141
1131239137144209408,1788879634000-632578958264631296-1131239137144209408,1788879634000,1788879920000,1,0.139,0.256,0.54296875
893821287409909760,1788840210000-632578958264631296-893821287409909760,1788840210000,1788840424000,1,0.139,0.042,3.3095238095238098
946032113314955264,1788860240000-632578958264631296-946032113314955264,1788860240000,1788860467000,1,0.139,0.102,1.362745098039216
1499777554695847936,1788834110000-632578958264631296-1499777554695847936,1788834110000,1788834533000,1,0.138,0.262,0.5267175572519084
1050036776183267328,1788864500000-632578958264631296-1050036776183267328,1788864500000,1788864775000,1,0.137,0.336,0.40773809523809523
1422205425331208192,1788838148000-632578958264631296-1422205425331208192,1788838148000,1788838664000,1,0.137,0.193,0.7098445595854923
1475452919183572992,1788894006000-632578958264631296-1475452919183572992,1788894006000,1788894229000,1,0.137,0.139,0.9856115107913669
1484590862305329152,1788873762000-632578958264631296-1484590862305329152,1788873762000,1788875118000,1,0.137,0.82,0.16707317073170733
1536014709264744448,1788870902000-632578958264631296-1536014709264744448,1788870902000,1788871291000,1,0.137,0.227,0.6035242290748899
902974583798235136,1788858657000-632578958264631296-902974583798235136,1788858657000,1788858782000,1,0.137,0.242,0.566115702479339
1073664045493518336,1788838202000-632578958264631296-1073664045493518336,1788838202000,1788838665000,1,0.136,0.229,0.5938864628820961
1073664045493518336,1788887709000-632578958264631296-1073664045493518336,1788887709000,1788887988000,1,0.136,0.249,0.5461847389558233
1406586595699589120,1788881388000-632578958264631296-1406586595699589120,1788881388000,1788882061000,1,0.136,0.508,0.2677165354330709
1152270574152581120,1788848890000-632578958264631296-1152270574152581120,1788848890000,1788849440000,1,0.135,0.411,0.3284671532846716
1475452919183572992,1788861172000-632578958264631296-1475452919183572992,1788861172000,1788861399000,1,0.135,0.064,2.109375
1536014674678513664,1788870622000-632578958264631296-1536014674678513664,1788870622000,1788871607000,1,0.135,0.912,0.1480263157894737
1536427445069021184,1788871738000-632578958264631296-1536427445069021184,1788871738000,1788871922000,1,0.135,0.12,1.1250000000000002
876422423786815488,1788870882000-632578958264631296-876422423786815488,1788870882000,1788871205000,1,0.135,0.17,0.7941176470588235
944571594812948480,1788861294000-632578958264631296-944571594812948480,1788861294000,1788862037000,1,0.135,0.362,0.37292817679558016
971379691866816512,1788878441000-632578958264631296-971379691866816512,1788878441000,1788878886000,1,0.135,0.555,0.24324324324324323
1127222273418199040,1788864056000-632578958264631296-1127222273418199040,1788864056000,1788864431000,1,0.134,0.157,0.8535031847133758
1132635709874634752,1788866813000-632578958264631296-1132635709874634752,1788866813000,1788866990000,1,0.134,0.171,0.783625730994152
1385588816730914816,1788841281000-632578958264631296-1385588816730914816,1788841281000,1788841676000,1,0.134,0.321,0.4174454828660436
1471144582421938176,1788870327000-632578958264631296-1471144582421938176,1788870327000,1788870522000,1,0.134,0.093,1.4408602150537635
780444155561115648,1788872098000-632578958264631296-780444155561115648,1788872098000,1788872285000,1,0.134,0.182,0.7362637362637363
878252193440858112,1788867721000-632578958264631296-878252193440858112,1788867721000,1788867942000,1,0.134,0.089,1.50561797752809
931855689733636096,1788850243000-632578958264631296-931855689733636096,1788850243000,1788850975000,1,0.134,0.522,0.2567049808429119
1071858322266652672,1788872246000-632578958264631296-1071858322266652672,1788872246000,1788872421000,1,0.133,0.065,2.046153846153846
1083726698509238272,1788829271000-632578958264631296-1083726698509238272,1788829271000,1788829467000,1,0.133,0.168,0.7916666666666666
1299087047838924800,1788881322000-632578958264631296-1299087047838924800,1788881322000,1788881617000,1,0.133,0.376,0.3537234042553192
947581828959567872,1788866440000-632578958264631296-947581828959567872,1788866440000,1788867112000,1,0.133,0.398,0.3341708542713568
1046837731746906112,1788835481000-632578958264631296-1046837731746906112,1788835481000,1788836153000,1,0.132,0.439,0.3006833712984055
1389244302743306240,1788866180000-632578958264631296-1389244302743306240,1788866180000,1788866720000,1,0.132,0.318,0.41509433962264153
967085947369816064,1788848871000-632578958264631296-967085947369816064,1788848871000,1788849071000,1,0.132,0.192,0.6875
1089954932305428480,1788847091000-632578958264631296-1089954932305428480,1788847091000,1788847887000,1,0.131,0.343,0.3819241982507289
1131240373310455808,1788842733000-632578958264631296-1131240373310455808,1788842733000,1788842963000,1,0.131,0.106,1.2358490566037736
1138783076164304896,1788867793000-632578958264631296-1138783076164304896,1788867793000,1788869430000,1,0.131,0.519,0.2524084778420039
1067765061260410880,1788850831000-632578958264631296-1067765061260410880,1788850831000,1788850924000,1,0.13,0.078,1.6666666666666667
789852692640956416,1788881869000-632578958264631296-789852692640956416,1788881869000,1788882276000,1,0.13,0.435,0.2988505747126437
939138676678459392,1788837544000-632578958264631296-939138676678459392,1788837544000,1788837760000,1,0.13,0.102,1.2745098039215688
944574738938724352,1788886073000-632578958264631296-944574738938724352,1788886073000,1788894550000,1,0.13,1.837,0.07076755579749593
1067776270814674944,1788866464000-632578958264631296-1067776270814674944,1788866464000,1788866680000,1,0.129,0.083,1.5542168674698795
1073994678560358400,1788835661000-632578958264631296-1073994678560358400,1788835661000,1788835808000,1,0.129,0.159,0.8113207547169812
1545823503347875840,1788836843000-632578958264631296-1545823503347875840,1788836843000,1788837710000,1,0.129,0.527,0.24478178368121442
780451764301201408,1788858180000-632578958264631296-780451764301201408,1788858180000,1788859906000,1,0.129,1.459,0.0884167237834133
932334786138079232,1788875858000-632578958264631296-932334786138079232,1788875858000,1788876412000,1,0.129,0.649,0.1987673343605547
1536014603211767808,1788893473000-632578958264631296-1536014603211767808,1788893473000,1788893767000,1,0.128,0.321,0.3987538940809969
780116044227280896,1788861554000-632578958264631296-780116044227280896,1788861554000,1788862174000,1,0.128,0.504,0.25396825396825395
931938125880492032,1788864071000-632578958264631296-931938125880492032,1788864071000,1788864267000,1,0.128,0.249,0.5140562248995985
947583099720433664,1788859605000-632578958264631296-947583099720433664,1788859605000,1788860154000,1,0.128,0.217,0.5898617511520737
951558414842986496,1788860222000-632578958264631296-951558414842986496,1788860222000,1788860413000,1,0.128,0.056,2.2857142857142856
973914141028777984,1788842913000-632578958264631296-973914141028777984,1788842913000,1788843164000,1,0.128,0.04,3.2
1079095062366781440,1788869230000-632578958264631296-1079095062366781440,1788869230000,1788869337000,1,0.127,0.138,0.9202898550724637
1083727144086929408,1788843482000-632578958264631296-1083727144086929408,1788843482000,1788843929000,1,0.127,0.363,0.3498622589531681
1093088075828953088,1788853173000-632578958264631296-1093088075828953088,1788853173000,1788853439000,1,0.127,0.196,0.6479591836734694
1093476797997121536,1788881783000-632578958264631296-1093476797997121536,1788881783000,1788882072000,1,0.127,0.201,0.6318407960199005
1134878026966761472,1788849715000-632578958264631296-1134878026966761472,1788849715000,1788850046000,1,0.127,0.155,0.8193548387096774
1477629515881512960,1788844026000-632578958264631296-1477629515881512960,1788844026000,1788844197000,1,0.127,0.082,1.548780487804878
1505916014645215232,1788871146000-632578958264631296-1505916014645215232,1788871146000,1788871347000,1,0.127,0.265,0.47924528301886793
942427579615281152,1788861529000-632578958264631296-942427579615281152,1788861529000,1788862369000,1,0.127,0.495,0.25656565656565655
1088472759995990016,1788869615000-632578958264631296-1088472759995990016,1788869615000,1788869959000,1,0.126,0.297,0.42424242424242425
1489984398731247616,1788836013000-632578958264631296-1489984398731247616,1788836013000,1788836159000,1,0.126,0.172,0.7325581395348838
1047650330055016448,1788864175000-632578958264631296-1047650330055016448,1788864175000,1788864383000,1,0.125,0.064,1.953125
1062738070563979264,1788907329000-632578958264631296-1062738070563979264,1788907329000,1788907807000,1,0.125,0.23,0.5434782608695652
1067775063052255232,1788878815000-632578958264631296-1067775063052255232,1788878815000,1788878960000,1,0.125,0.053,2.358490566037736
1067775201233600512,1788898641000-632578958264631296-1067775201233600512,1788898641000,1788898824000,1,0.125,0.067,1.8656716417910446
1067776159577538560,1788850381000-632578958264631296-1067776159577538560,1788850381000,1788850554000,1,0.125,0.16,0.78125
1067793936933715968,1788884723000-632578958264631296-1067793936933715968,1788884723000,1788885078000,1,0.125,0.209,0.5980861244019139
1076924285072703488,1788853557000-632578958264631296-1076924285072703488,1788853557000,1788853801000,1,0.125,0.118,1.0593220338983051
1076924285072703488,1788879249000-632578958264631296-1076924285072703488,1788879249000,1788879407000,1,0.125,0.057,2.1929824561403506
1111626569580806144,1788844359000-632578958264631296-1111626569580806144,1788844359000,1788844783000,1,0.125,0.325,0.3846153846153846
1357047782162038784,1788841810000-632578958264631296-1357047782162038784,1788841810000,1788842077000,1,0.125,0.217,0.5760368663594471
1362128357327634432,1788875472000-632578958264631296-1362128357327634432,1788875472000,1788875629000,1,0.125,0.08,1.5625
1362452416535986176,1788827849000-632578958264631296-1362452416535986176,1788827849000,1788827985000,1,0.125,0.068,1.838235294117647
1363836271826305024,1788909201000-632578958264631296-1363836271826305024,1788909201000,1788909520000,1,0.125,0.23,0.5434782608695652
1385588586753032192,1788847771000-632578958264631296-1385588586753032192,1788847771000,1788848534000,1,0.125,0.454,0.2753303964757709
1397607242391355392,1788873409000-632578958264631296-1397607242391355392,1788873409000,1788873699000,1,0.125,0.278,0.44964028776978415
1422205727123963904,1788839188000-632578958264631296-1422205727123963904,1788839188000,1788839343000,1,0.125,0.053,2.358490566037736
1428367002015105024,1788843114000-632578958264631296-1428367002015105024,1788843114000,1788843374000,1,0.125,0.096,1.3020833333333333
1428367002015105024,1788861990000-632578958264631296-1428367002015105024,1788861990000,1788862273000,1,0.125,0.099,1.2626262626262625
1464260641047969792,1788868539000-632578958264631296-1464260641047969792,1788868539000,1788868787000,1,0.125,0.13,0.9615384615384615
1464286808345935872,1788885406000-632578958264631296-1464286808345935872,1788885406000,1788885618000,1,0.125,0.167,0.748502994011976
1477629515881512960,1788860973000-632578958264631296-1477629515881512960,1788860973000,1788861313000,1,0.125,0.16,0.78125
1477629515881512960,1788882597000-632578958264631296-1477629515881512960,1788882597000,1788882768000,1,0.125,0.083,1.506024096385542
1482772108667781120,1788859524000-632578958264631296-1482772108667781120,1788859524000,1788860023000,1,0.125,0.215,0.5813953488372093
1484590862305329152,1788858541000-632578958264631296-1484590862305329152,1788858541000,1788859655000,1,0.125,0.544,0.22977941176470587
1486716779844599808,1788863911000-632578958264631296-1486716779844599808,1788863911000,1788864503000,1,0.125,0.558,0.2240143369175627
1488160320575766528,1788881918000-632578958264631296-1488160320575766528,1788881918000,1788882699000,1,0.125,0.505,0.24752475247524752
1500136074981146624,1788852669000-632578958264631296-1500136074981146624,1788852669000,1788852867000,1,0.125,0.101,1.2376237623762376
1500484476822618112,1788873601000-632578958264631296-1500484476822618112,1788873601000,1788873773000,1,0.125,0.191,0.6544502617801047
1501934002158698496,1788895104000-632578958264631296-1501934002158698496,1788895104000,1788895791000,1,0.125,0.295,0.42372881355932207
1525526061327056896,1788875809000-632578958264631296-1525526061327056896,1788875809000,1788876077000,1,0.125,0.1,1.25
1525526061327056896,1788876903000-632578958264631296-1525526061327056896,1788876903000,1788877164000,1,0.125,0.107,1.1682242990654206
1525526061327056896,1788877723000-632578958264631296-1525526061327056896,1788877723000,1788878079000,1,0.125,0.483,0.2587991718426501
1526262198169501696,1788890106000-632578958264631296-1526262198169501696,1788890106000,1788890650000,1,0.125,0.534,0.2340823970037453
1536014660929585152,1788871867000-632578958264631296-1536014660929585152,1788871867000,1788871987000,1,0.125,0.095,1.3157894736842106
1536014702105067520,1788881099000-632578958264631296-1536014702105067520,1788881099000,1788882381000,1,0.125,0.599,0.20868113522537562
1536014716214706176,1788856120000-632578958264631296-1536014716214706176,1788856120000,1788856296000,1,0.125,0.116,1.0775862068965516
1540361830973571072,1788895795000-632578958264631296-1540361830973571072,1788895795000,1788896515000,1,0.125,0.513,0.24366471734892786
789852692640956416,1788885714000-632578958264631296-789852692640956416,1788885714000,1788885902000,1,0.125,0.227,0.5506607929515418
860146891080335360,1788862812000-632578958264631296-860146891080335360,1788862812000,1788863111000,1,0.125,0.15,0.8333333333333334
874363612666265600,1788850036000-632578958264631296-874363612666265600,1788850036000,1788850213000,1,0.125,0.071,1.7605633802816902
878252193440858112,1788897701000-632578958264631296-878252193440858112,1788897701000,1788897998000,1,0.125,0.225,0.5555555555555556
943859348893859840,1788862335000-632578958264631296-943859348893859840,1788862335000,1788862568000,1,0.125,0.095,1.3157894736842106
943859348893859840,1788873847000-632578958264631296-943859348893859840,1788873847000,1788874359000,1,0.125,0.255,0.49019607843137253
944591832124227584,1788856064000-632578958264631296-944591832124227584,1788856064000,1788856352000,1,0.125,0.061,2.0491803278688523
951561875261227008,1788864330000-632578958264631296-951561875261227008,1788864330000,1788864607000,1,0.125,0.088,1.4204545454545456
1536014535985463296,1788889914000-632578958264631296-1536014535985463296,1788889914000,1788890260000,1,0.124,0.227,0.5462555066079295
943859348893859840,1788874480000-632578958264631296-943859348893859840,1788874480000,1788874656000,1,0.124,0.173,0.7167630057803469
1080910261382021120,1788878163000-632578958264631296-1080910261382021120,1788878163000,1788878369000,1,0.123,0.096,1.28125
1120316268595904512,1788882589000-632578958264631296-1120316268595904512,1788882589000,1788882885000,1,0.123,0.415,0.2963855421686747
635414692210147328,1788897947000-632578958264631296-635414692210147328,1788897947000,1788898557000,1,0.123,0.613,0.200652528548124
1046752835124854784,1788877176000-632578958264631296-1046752835124854784,1788877176000,1788877488000,1,0.122,0.302,0.40397350993377484
1061351650800697344,1788878937000-632578958264631296-1061351650800697344,1788878937000,1788879326000,1,0.122,0.152,0.8026315789473685
1385589109656911872,1788848015000-632578958264631296-1385589109656911872,1788848015000,1788848183000,1,0.122,0.135,0.9037037037037037
942471450843938816,1788833822000-632578958264631296-942471450843938816,1788833822000,1788834014000,1,0.122,0.049,2.4897959183673466
1067776270814674944,1788856579000-632578958264631296-1067776270814674944,1788856579000,1788857009000,1,0.121,0.467,0.2591006423982869
1067776270814674944,1788870698000-632578958264631296-1067776270814674944,1788870698000,1788870899000,1,0.121,0.104,1.1634615384615385
1079774673618599936,1788878498000-632578958264631296-1079774673618599936,1788878498000,1788879137000,1,0.121,0.319,0.3793103448275862
1093087265762050048,1788831936000-632578958264631296-1093087265762050048,1788831936000,1788833030000,1,0.121,0.526,0.2300380228136882
1479447378401427456,1788907557000-632578958264631296-1479447378401427456,1788907557000,1788907734000,1,0.121,0.137,0.8832116788321167
1536014543027699712,1788864410000-632578958264631296-1536014543027699712,1788864410000,1788864798000,1,0.121,0.193,0.6269430051813472
1536014744312348672,1788863824000-632578958264631296-1536014744312348672,1788863824000,1788863982000,1,0.121,0.07,1.7285714285714284
1536014744312348672,1788888249000-632578958264631296-1536014744312348672,1788888249000,1788888368000,1,0.121,0.132,0.9166666666666666
964170762879500288,1788865987000-632578958264631296-964170762879500288,1788865987000,1788866167000,1,0.121,0.131,0.9236641221374046
967085947369816064,1788863148000-632578958264631296-967085947369816064,1788863148000,1788863596000,1,0.121,0.542,0.2232472324723247
1535695002116554752,1788892672000-632578958264631296-1535695002116554752,1788892672000,1788893177000,1,0.12,0.264,0.45454545454545453
1536014674678513664,1788855449000-632578958264631296-1536014674678513664,1788855449000,1788855855000,1,0.12,0.149,0.8053691275167786
1536014744312348672,1788872443000-632578958264631296-1536014744312348672,1788872443000,1788872572000,1,0.12,0.073,1.6438356164383563
1083726698509238272,1788842734000-632578958264631296-1083726698509238272,1788842734000,1788842876000,1,0.119,0.156,0.7628205128205128
1153273602804547584,1788864646000-632578958264631296-1153273602804547584,1788864646000,1788865207000,1,0.119,0.548,0.21715328467153283
1536014618822967296,1788841545000-632578958264631296-1536014618822967296,1788841545000,1788841781000,1,0.119,0.174,0.6839080459770115
870286624469024768,1788868597000-632578958264631296-870286624469024768,1788868597000,1788869328000,1,0.119,0.734,0.16212534059945505
1072572023244324864,1788892558000-632578958264631296-1072572023244324864,1788892558000,1788892980000,1,0.118,0.392,0.30102040816326525
1181865772805259264,1788891461000-632578958264631296-1181865772805259264,1788891461000,1788891823000,1,0.118,0.448,0.26339285714285715
870568761881526272,1788873646000-632578958264631296-870568761881526272,1788873646000,1788873793000,1,0.118,0.147,0.8027210884353742
932334220825591808,1788864477000-632578958264631296-932334220825591808,1788864477000,1788865048000,1,0.118,0.776,0.15206185567010308
932335222958063616,1788842091000-632578958264631296-932335222958063616,1788842091000,1788842276000,1,0.118,0.169,0.6982248520710058
947104748366987264,1788842302000-632578958264631296-947104748366987264,1788842302000,1788842496000,1,0.118,0.056,2.107142857142857
1062738070563979264,1788884157000-632578958264631296-1062738070563979264,1788884157000,1788884577000,1,0.117,0.152,0.7697368421052633
1071019405950844928,1788854748000-632578958264631296-1071019405950844928,1788854748000,1788855333000,1,0.117,0.142,0.8239436619718311
1500145408670695424,1788869044000-632578958264631296-1500145408670695424,1788869044000,1788869215000,1,0.117,0.131,0.8931297709923665
798236529196531712,1788845665000-632578958264631296-798236529196531712,1788845665000,1788845904000,1,0.117,0.159,0.7358490566037736
877447567619653632,1788830494000-632578958264631296-877447567619653632,1788830494000,1788831232000,1,0.117,0.994,0.11770623742454729
929717117048061952,1788851746000-632578958264631296-929717117048061952,1788851746000,1788851909000,1,0.117,0.075,1.56
947093103351693312,1788865818000-632578958264631296-947093103351693312,1788865818000,1788865966000,1,0.117,0.2,0.585
1488156479612518400,1788858498000-632578958264631296-1488156479612518400,1788858498000,1788858692000,1,0.116,0.165,0.703030303030303
1501934002158698496,1788872526000-632578958264631296-1501934002158698496,1788872526000,1788872858000,1,0.116,0.152,0.7631578947368421
1536014625517076480,1788868714000-632578958264631296-1536014625517076480,1788868714000,1788869108000,1,0.116,0.168,0.6904761904761905
1071019405950844928,1788849579000-632578958264631296-1071019405950844928,1788849579000,1788849812000,1,0.115,0.086,1.3372093023255816
1073664045493518336,1788854781000-632578958264631296-1073664045493518336,1788854781000,1788855228000,1,0.115,0.168,0.6845238095238095
1080454515951403008,1788847705000-632578958264631296-1080454515951403008,1788847705000,1788848263000,1,0.115,0.428,0.26869158878504673
1385304935976927232,1788851575000-632578958264631296-1385304935976927232,1788851575000,1788851819000,1,0.115,0.163,0.7055214723926381
1479447378401427456,1788893321000-632578958264631296-1479447378401427456,1788893321000,1788893712000,1,0.115,0.328,0.35060975609756095
878252193440858112,1788892580000-632578958264631296-878252193440858112,1788892580000,1788892946000,1,0.115,0.316,0.3639240506329114
1131240144423092224,1788874855000-632578958264631296-1131240144423092224,1788874855000,1788875337000,1,0.114,0.69,0.16521739130434784
1135529735623802880,1788850168000-632578958264631296-1135529735623802880,1788850168000,1788850549000,1,0.114,0.476,0.23949579831932774
1135529735623802880,1788851171000-632578958264631296-1135529735623802880,1788851171000,1788851684000,1,0.114,0.602,0.18936877076411962
946030376206204928,1788863117000-632578958264631296-946030376206204928,1788863117000,1788863831000,1,0.114,0.275,0.41454545454545455
952583803866447872,1788844929000-632578958264631296-952583803866447872,1788844929000,1788845105000,1,0.114,0.158,0.7215189873417722
1050035941135089664,1788858804000-632578958264631296-1050035941135089664,1788858804000,1788859878000,1,0.113,0.187,0.6042780748663101
1176582767303983104,1788886450000-632578958264631296-1176582767303983104,1788886450000,1788886833000,1,0.113,0.39,0.28974358974358977
1183367596062277632,1788880252000-632578958264631296-1183367596062277632,1788880252000,1788880440000,1,0.113,0.12,0.9416666666666668
836966844580495360,1788893229000-632578958264631296-836966844580495360,1788893229000,1788893677000,1,0.113,0.364,0.31043956043956045
1067776270814674944,1788865153000-632578958264631296-1067776270814674944,1788865153000,1788865455000,1,0.112,0.3,0.37333333333333335
1131240373310455808,1788849828000-632578958264631296-1131240373310455808,1788849828000,1788849993000,1,0.112,0.129,0.8682170542635659
1083726698509238272,1788846383000-632578958264631296-1083726698509238272,1788846383000,1788846593000,1,0.111,0.102,1.0882352941176472
1136252936335130624,1788875237000-632578958264631296-1136252936335130624,1788875237000,1788875936000,1,0.111,0.659,0.16843702579666162
1268615116379652096,1788871046000-632578958264631296-1268615116379652096,1788871046000,1788872156000,1,0.111,1.086,0.1022099447513812
1525526061327056896,1788878145000-632578958264631296-1525526061327056896,1788878145000,1788878782000,1,0.111,0.471,0.2356687898089172
927179928254808064,1788878866000-632578958264631296-927179928254808064,1788878866000,1788879279000,1,0.111,0.211,0.5260663507109005
946024601958219776,1788835927000-632578958264631296-946024601958219776,1788835927000,1788836293000,1,0.111,0.149,0.7449664429530202
1181865772805259264,1788901266000-632578958264631296-1181865772805259264,1788901266000,1788901458000,1,0.11,0.178,0.6179775280898877
1061350711461150720,1788833528000-632578958264631296-1061350711461150720,1788833528000,1788834421000,1,0.109,0.433,0.2517321016166282
1061980520671346688,1788852684000-632578958264631296-1061980520671346688,1788852684000,1788853109000,1,0.109,0.174,0.6264367816091955
1083727048683290624,1788902391000-632578958264631296-1083727048683290624,1788902391000,1788902978000,1,0.109,0.726,0.15013774104683195
929717117048061952,1788898977000-632578958264631296-929717117048061952,1788898977000,1788899156000,1,0.109,0.115,0.9478260869565217
944591832124227584,1788887908000-632578958264631296-944591832124227584,1788887908000,1788888252000,1,0.109,0.12,0.9083333333333333
1049976646406242304,1788899518000-632578958264631296-1049976646406242304,1788899518000,1788899669000,1,0.108,0.111,0.9729729729729729
1067763553357791232,1788872170000-632578958264631296-1067763553357791232,1788872170000,1788872487000,1,0.108,0.403,0.2679900744416873
1070378226594873344,1788875689000-632578958264631296-1070378226594873344,1788875689000,1788876190000,1,0.108,0.284,0.3802816901408451
1071019405950844928,1788847275000-632578958264631296-1071019405950844928,1788847275000,1788848086000,1,0.108,0.422,0.2559241706161137
1083726740557135872,1788865870000-632578958264631296-1083726740557135872,1788865870000,1788866299000,1,0.108,0.3,0.36
1535695002116554752,1788889507000-632578958264631296-1535695002116554752,1788889507000,1788889645000,1,0.108,0.122,0.8852459016393442
1176582451024101376,1788885475000-632578958264631296-1176582451024101376,1788885475000,1788885784000,1,0.107,0.323,0.33126934984520123
946024601958219776,1788865098000-632578958264631296-946024601958219776,1788865098000,1788865268000,1,0.107,0.073,1.4657534246575343
1134878026966761472,1788850249000-632578958264631296-1134878026966761472,1788850249000,1788850766000,1,0.106,0.773,0.1371280724450194
1135566388677574656,1788866163000-632578958264631296-1135566388677574656,1788866163000,1788866440000,1,0.106,0.273,0.38827838827838823
1385589109656911872,1788838116000-632578958264631296-1385589109656911872,1788838116000,1788838289000,1,0.106,0.177,0.5988700564971752
944591832124227584,1788859497000-632578958264631296-944591832124227584,1788859497000,1788859626000,1,0.106,0.1,1.0599999999999998
1082360641819246592,1788830521000-632578958264631296-1082360641819246592,1788830521000,1788830684000,1,0.105,0.114,0.9210526315789473
1134878026966761472,1788860211000-632578958264631296-1134878026966761472,1788860211000,1788860436000,1,0.105,0.266,0.3947368421052631
1067763772824748032,1788872980000-632578958264631296-1067763772824748032,1788872980000,1788873345000,1,0.104,0.315,0.33015873015873015
1136252936335130624,1788887930000-632578958264631296-1136252936335130624,1788887930000,1788888222000,1,0.104,0.357,0.2913165266106443
860146891080335360,1788827635000-632578958264631296-860146891080335360,1788827635000,1788827793000,1,0.104,0.17,0.6117647058823529
932335222958063616,1788850481000-632578958264631296-932335222958063616,1788850481000,1788850645000,1,0.104,0.111,0.9369369369369369
1131239137144209408,1788858580000-632578958264631296-1131239137144209408,1788858580000,1788858862000,1,0.103,0.301,0.3421926910299003
1464253789857906688,1788881437000-632578958264631296-1464253789857906688,1788881437000,1788881554000,1,0.103,0.143,0.7202797202797203
780085706063085568,1788848215000-632578958264631296-780085706063085568,1788848215000,1788848758000,1,0.103,0.532,0.19360902255639095
964170762879500288,1788846892000-632578958264631296-964170762879500288,1788846892000,1788847153000,1,0.103,0.231,0.44588744588744583
996808469547843584,1788853108000-632578958264631296-996808469547843584,1788853108000,1788853333000,1,0.103,0.097,1.0618556701030928
1061351650800697344,1788883503000-632578958264631296-1061351650800697344,1788883503000,1788884158000,1,0.102,0.228,0.4473684210526315
1067765061260410880,1788848461000-632578958264631296-1067765061260410880,1788848461000,1788849339000,1,0.102,0.575,0.1773913043478261
1175796546902425600,1788883907000-632578958264631296-1175796546902425600,1788883907000,1788884223000,1,0.102,0.216,0.4722222222222222
1464253789857906688,1788862406000-632578958264631296-1464253789857906688,1788862406000,1788863031000,1,0.102,0.363,0.2809917355371901
946024601958219776,1788845316000-632578958264631296-946024601958219776,1788845316000,1788845579000,1,0.102,0.184,0.5543478260869565
1176134230934028288,1788852630000-632578958264631296-1176134230934028288,1788852630000,1788853085000,1,0.101,0.629,0.16057233704292528
1536427445069021184,1788871015000-632578958264631296-1536427445069021184,1788871015000,1788871300000,1,0.101,0.185,0.545945945945946
798605218047590400,1788876766000-632578958264631296-798605218047590400,1788876766000,1788877076000,1,0.101,0.321,0.31464174454828664
931856805720489984,1788847509000-632578958264631296-931856805720489984,1788847509000,1788847774000,1,0.101,0.279,0.36200716845878134
944587945103327232,1788855914000-632578958264631296-944587945103327232,1788855914000,1788856102000,1,0.101,0.057,1.7719298245614035
1065321017443876864,1788890856000-632578958264631296-1065321017443876864,1788890856000,1788891130000,1,0.1,0.07,1.4285714285714286
1067765446171688960,1788874349000-632578958264631296-1067765446171688960,1788874349000,1788874643000,1,0.1,0.415,0.24096385542168677
1067772524470730752,1788834207000-632578958264631296-1067772524470730752,1788834207000,1788834789000,1,0.1,0.711,0.1406469760900141
1067776270814674944,1788859583000-632578958264631296-1067776270814674944,1788859583000,1788859783000,1,0.1,0.156,0.6410256410256411
1083726698509238272,1788845919000-632578958264631296-1083726698509238272,1788845919000,1788846220000,1,0.1,0.278,0.3597122302158273
1083727593376579584,1788865898000-632578958264631296-1083727593376579584,1788865898000,1788866084000,1,0.1,0.064,1.5625
1088472759995990016,1788880050000-632578958264631296-1088472759995990016,1788880050000,1788880408000,1,0.1,0.127,0.7874015748031497
1140670395897085952,1788837073000-632578958264631296-1140670395897085952,1788837073000,1788837255000,1,0.1,0.138,0.7246376811594203
1183367596062277632,1788870035000-632578958264631296-1183367596062277632,1788870035000,1788870232000,1,0.1,0.203,0.49261083743842365
1187402009754468352,1788875586000-632578958264631296-1187402009754468352,1788875586000,1788875928000,1,0.1,0.202,0.49504950495049505
1187437506908389376,1788863303000-632578958264631296-1187437506908389376,1788863303000,1788864244000,1,0.1,1.104,0.09057971014492754
1467925946630668288,1788839189000-632578958264631296-1467925946630668288,1788839189000,1788839634000,1,0.1,0.224,0.44642857142857145
1486716779844599808,1788841940000-632578958264631296-1486716779844599808,1788841940000,1788842270000,1,0.1,0.16,0.625
1536014535985463296,1788865799000-632578958264631296-1536014535985463296,1788865799000,1788866287000,1,0.1,0.427,0.234192037470726
780452749606125568,1788872285000-632578958264631296-780452749606125568,1788872285000,1788872659000,1,0.1,0.36,0.2777777777777778
786329086610898944,1788876636000-632578958264631296-786329086610898944,1788876636000,1788877088000,1,0.1,0.423,0.2364066193853428
786545248472924160,1788868947000-632578958264631296-786545248472924160,1788868947000,1788869267000,1,0.1,0.193,0.5181347150259068
786545248472924160,1788893004000-632578958264631296-786545248472924160,1788893004000,1788893231000,1,0.1,0.218,0.45871559633027525
787000328028422144,1788846160000-632578958264631296-787000328028422144,1788846160000,1788846410000,1,0.1,0.065,1.5384615384615385
789852612550721536,1788833369000-632578958264631296-789852612550721536,1788833369000,1788833543000,1,0.1,0.1,1.0
794950170587430912,1788827851000-632578958264631296-794950170587430912,1788827851000,1788828333000,1,0.1,0.327,0.3058103975535168
797458881650360320,1788876046000-632578958264631296-797458881650360320,1788876046000,1788876338000,1,0.1,0.264,0.3787878787878788
800026217909583872,1788860835000-632578958264631296-800026217909583872,1788860835000,1788862634000,1,0.1,1.377,0.07262164124909223
866686265431425024,1788830451000-632578958264631296-866686265431425024,1788830451000,1788830867000,1,0.1,0.49,0.20408163265306123
873916972050415616,1788888245000-632578958264631296-873916972050415616,1788888245000,1788888581000,1,0.1,0.333,0.3003003003003003
876422423786815488,1788871874000-632578958264631296-876422423786815488,1788871874000,1788872363000,1,0.1,0.221,0.45248868778280543
902974583798235136,1788842191000-632578958264631296-902974583798235136,1788842191000,1788842396000,1,0.1,0.201,0.4975124378109453
932334786138079232,1788846689000-632578958264631296-932334786138079232,1788846689000,1788846912000,1,0.1,0.182,0.5494505494505495
967085947369816064,1788844848000-632578958264631296-967085947369816064,1788844848000,1788845315000,1,0.1,0.669,0.14947683109118087
967085947369816064,1788866198000-632578958264631296-967085947369816064,1788866198000,1788866667000,1,0.1,0.562,0.1779359430604982
1486716779844599808,1788860508000-632578958264631296-1486716779844599808,1788860508000,1788860921000,1,0.099,0.366,0.27049180327868855
1536014716214706176,1788839490000-632578958264631296-1536014716214706176,1788839490000,1788839798000,1,0.099,0.225,0.44
789852612550721536,1788850058000-632578958264631296-789852612550721536,1788850058000,1788850357000,1,0.099,0.23,0.43043478260869567
792451319469178880,1788845837000-632578958264631296-792451319469178880,1788845837000,1788846078000,1,0.099,0.223,0.4439461883408072
866686265431425024,1788875491000-632578958264631296-866686265431425024,1788875491000,1788875641000,1,0.099,0.18,0.55
876422423786815488,1788869262000-632578958264631296-876422423786815488,1788869262000,1788869679000,1,0.099,0.45,0.22
926866983197081600,1788842001000-632578958264631296-926866983197081600,1788842001000,1788842391000,1,0.099,0.281,0.35231316725978645
944574738938724352,1788858138000-632578958264631296-944574738938724352,1788858138000,1788858565000,1,0.099,0.149,0.6644295302013423
951556794549796864,1788870333000-632578958264631296-951556794549796864,1788870333000,1788870567000,1,0.099,0.18,0.55
1047650330055016448,1788865722000-632578958264631296-1047650330055016448,1788865722000,1788866143000,1,0.098,0.094,1.0425531914893618
1125482414773108736,1788878149000-632578958264631296-1125482414773108736,1788878149000,1788878261000,1,0.098,0.127,0.7716535433070867
1138782810882965504,1788848859000-632578958264631296-1138782810882965504,1788848859000,1788849117000,1,0.098,0.313,0.31309904153354634
1499777554695847936,1788883315000-632578958264631296-1499777554695847936,1788883315000,1788883729000,1,0.098,0.298,0.3288590604026846
933416236518211584,1788867745000-632578958264631296-933416236518211584,1788867745000,1788867861000,1,0.098,0.141,0.6950354609929079
948575900767617024,1788900877000-632578958264631296-948575900767617024,1788900877000,1788901463000,1,0.098,0.471,0.208067940552017
952249131684855808,1788889919000-632578958264631296-952249131684855808,1788889919000,1788890104000,1,0.098,0.028,3.5
1047650330055016448,1788851290000-632578958264631296-1047650330055016448,1788851290000,1788851399000,1,0.097,0.02,4.85
1363836271826305024,1788904816000-632578958264631296-1363836271826305024,1788904816000,1788905598000,1,0.097,0.483,0.20082815734989648
1536014603211767808,1788884259000-632578958264631296-1536014603211767808,1788884259000,1788884659000,1,0.097,0.26,0.3730769230769231
1540361603277389824,1788838601000-632578958264631296-1540361603277389824,1788838601000,1788838742000,1,0.097,0.081,1.1975308641975309
873916972050415616,1788863518000-632578958264631296-873916972050415616,1788863518000,1788864850000,1,0.097,1.472,0.06589673913043478
915980150607183872,1788877715000-632578958264631296-915980150607183872,1788877715000,1788878056000,1,0.097,0.163,0.5950920245398773
944587945103327232,1788865421000-632578958264631296-944587945103327232,1788865421000,1788865660000,1,0.097,0.115,0.8434782608695652
973914141028777984,1788836376000-632578958264631296-973914141028777984,1788836376000,1788836552000,1,0.097,0.001,97.0
1067775201233600512,1788869098000-632578958264631296-1067775201233600512,1788869098000,1788869409000,1,0.096,0.226,0.4247787610619469
1079095785133441024,1788843172000-632578958264631296-1079095785133441024,1788843172000,1788843349000,1,0.096,0.196,0.4897959183673469
1093088075828953088,1788850445000-632578958264631296-1093088075828953088,1788850445000,1788850721000,1,0.096,0.155,0.6193548387096774
1120316721542987776,1788873761000-632578958264631296-1120316721542987776,1788873761000,1788874578000,1,0.096,0.816,0.11764705882352942
1187402009754468352,1788865122000-632578958264631296-1187402009754468352,1788865122000,1788865563000,1,0.096,0.293,0.3276450511945393
1385588816730914816,1788841718000-632578958264631296-1385588816730914816,1788841718000,1788841950000,1,0.096,0.195,0.4923076923076923
1428367002015105024,1788841169000-632578958264631296-1428367002015105024,1788841169000,1788841301000,1,0.096,0.077,1.2467532467532467
1536014529144553472,1788840861000-632578958264631296-1536014529144553472,1788840861000,1788841064000,1,0.096,0.143,0.6713286713286714
1536014737035231232,1788868577000-632578958264631296-1536014737035231232,1788868577000,1788869193000,1,0.096,0.203,0.4729064039408867
800734942576246784,1788868082000-632578958264631296-800734942576246784,1788868082000,1788868268000,1,0.096,0.161,0.5962732919254659
932613192947859456,1788847022000-632578958264631296-932613192947859456,1788847022000,1788847205000,1,0.096,0.039,2.4615384615384617
938815830156640256,1788871687000-632578958264631296-938815830156640256,1788871687000,1788871932000,1,0.096,0.166,0.5783132530120482
1136252936335130624,1788873922000-632578958264631296-1136252936335130624,1788873922000,1788874213000,1,0.095,0.313,0.3035143769968051
1525526061327056896,1788875114000-632578958264631296-1525526061327056896,1788875114000,1788875269000,1,0.095,0.105,0.9047619047619048
870309644059279360,1788882398000-632578958264631296-870309644059279360,1788882398000,1788882621000,1,0.095,0.37,0.25675675675675674
883046842797916160,1788837093000-632578958264631296-883046842797916160,1788837093000,1788837640000,1,0.095,0.415,0.22891566265060243
1131240373310455808,1788845268000-632578958264631296-1131240373310455808,1788845268000,1788845419000,1,0.094,0.169,0.5562130177514792
1175796663680237568,1788871463000-632578958264631296-1175796663680237568,1788871463000,1788871653000,1,0.094,0.179,0.5251396648044693
1363836271826305024,1788903580000-632578958264631296-1363836271826305024,1788903580000,1788903759000,1,0.094,0.118,0.7966101694915255
1385304935976927232,1788872393000-632578958264631296-1385304935976927232,1788872393000,1788872626000,1,0.094,0.167,0.562874251497006
1464260641047969792,1788863554000-632578958264631296-1464260641047969792,1788863554000,1788863708000,1,0.094,0.068,1.3823529411764706
789852692640956416,1788842149000-632578958264631296-789852692640956416,1788842149000,1788842465000,1,0.094,0.334,0.281437125748503
944573640047853568,1788868368000-632578958264631296-944573640047853568,1788868368000,1788868561000,1,0.094,0.031,3.032258064516129
964172050669240320,1788877413000-632578958264631296-964172050669240320,1788877413000,1788878116000,1,0.094,0.584,0.16095890410958905
973914141028777984,1788841928000-632578958264631296-973914141028777984,1788841928000,1788842086000,1,0.094,0.001,94.0
1079787761596104704,1788873151000-632578958264631296-1079787761596104704,1788873151000,1788873838000,1,0.093,0.633,0.14691943127962084
1094650284191252480,1788859715000-632578958264631296-1094650284191252480,1788859715000,1788859897000,1,0.093,0.147,0.6326530612244898
1105915143314735104,1788853202000-632578958264631296-1105915143314735104,1788853202000,1788853576000,1,0.093,0.339,0.2743362831858407
1131240373310455808,1788835334000-632578958264631296-1131240373310455808,1788835334000,1788835789000,1,0.093,0.556,0.1672661870503597
1536014570613637120,1788852013000-632578958264631296-1536014570613637120,1788852013000,1788852252000,1,0.093,0.231,0.40259740259740256
870286624469024768,1788889500000-632578958264631296-870286624469024768,1788889500000,1788889859000,1,0.093,0.297,0.31313131313131315
873916972050415616,1788832220000-632578958264631296-873916972050415616,1788832220000,1788832556000,1,0.093,0.378,0.24603174603174602
947107003673608192,1788879007000-632578958264631296-947107003673608192,1788879007000,1788879161000,1,0.093,0.119,0.7815126050420168
1073966174624022528,1788846448000-632578958264631296-1073966174624022528,1788846448000,1788846739000,1,0.092,0.019,4.842105263157895
1083729116835872768,1788877966000-632578958264631296-1083729116835872768,1788877966000,1788878346000,1,0.092,0.414,0.22222222222222224
1449735637144961024,1788838790000-632578958264631296-1449735637144961024,1788838790000,1788838963000,1,0.092,0.001,92.0
947107003673608192,1788838404000-632578958264631296-947107003673608192,1788838404000,1788838514000,1,0.092,0.117,0.7863247863247863
1045014601197944832,1788875376000-632578958264631296-1045014601197944832,1788875376000,1788875830000,1,0.091,0.379,0.24010554089709762
1065321017443876864,1788877670000-632578958264631296-1065321017443876864,1788877670000,1788877831000,1,0.091,0.109,0.8348623853211009
1067765133431799808,1788852602000-632578958264631296-1067765133431799808,1788852602000,1788852986000,1,0.091,0.332,0.27409638554216864
1083727986517082112,1788898269000-632578958264631296-1083727986517082112,1788898269000,1788898929000,1,0.091,0.718,0.12674094707520892
1385588816730914816,1788841166000-632578958264631296-1385588816730914816,1788841166000,1788841273000,1,0.091,0.131,0.6946564885496183
1475452919183572992,1788851140000-632578958264631296-1475452919183572992,1788851140000,1788851559000,1,0.091,0.21,0.43333333333333335
1536014640524296192,1788884411000-632578958264631296-1536014640524296192,1788884411000,1788885253000,1,0.091,0.524,0.17366412213740456
919290820798971904,1788873180000-632578958264631296-919290820798971904,1788873180000,1788873467000,1,0.091,0.375,0.24266666666666667
929717117048061952,1788832620000-632578958264631296-929717117048061952,1788832620000,1788833895000,1,0.091,0.763,0.11926605504587155
944574346884546560,1788860930000-632578958264631296-944574346884546560,1788860930000,1788861251000,1,0.091,0.102,0.8921568627450981
946032945880104960,1788878146000-632578958264631296-946032945880104960,1788878146000,1788878284000,1,0.091,0.03,3.033333333333333
951561875261227008,1788833225000-632578958264631296-951561875261227008,1788833225000,1788833859000,1,0.091,0.4,0.22749999999999998
964169792938311680,1788854515000-632578958264631296-964169792938311680,1788854515000,1788854698000,1,0.091,0.085,1.0705882352941176
1049976646406242304,1788830360000-632578958264631296-1049976646406242304,1788830360000,1788830559000,1,0.09,0.177,0.5084745762711864
1065671842468986880,1788833160000-632578958264631296-1065671842468986880,1788833160000,1788833436000,1,0.09,0.324,0.27777777777777773
1083727048683290624,1788857778000-632578958264631296-1083727048683290624,1788857778000,1788858034000,1,0.09,0.29,0.3103448275862069
1093089257012068352,1788867387000-632578958264631296-1093089257012068352,1788867387000,1788868040000,1,0.09,0.24,0.375
1120316268595904512,1788884527000-632578958264631296-1120316268595904512,1788884527000,1788884737000,1,0.09,0.211,0.4265402843601896
1135566388677574656,1788852277000-632578958264631296-1135566388677574656,1788852277000,1788852638000,1,0.09,0.352,0.2556818181818182
1385304935976927232,1788844043000-632578958264631296-1385304935976927232,1788844043000,1788844401000,1,0.09,0.221,0.4072398190045249
1501933902321680384,1788866880000-632578958264631296-1501933902321680384,1788866880000,1788867562000,1,0.09,0.399,0.22556390977443608
800734942576246784,1788871292000-632578958264631296-800734942576246784,1788871292000,1788871704000,1,0.09,0.322,0.2795031055900621
938500415001985024,1788885379000-632578958264631296-938500415001985024,1788885379000,1788885740000,1,0.09,0.026,3.4615384615384617
1126571257152667648,1788827368000-632578958264631296-1126571257152667648,1788827368000,1788827537000,1,0.089,0.202,0.44059405940594054
1486716779844599808,1788883461000-632578958264631296-1486716779844599808,1788883461000,1788883663000,1,0.089,0.165,0.5393939393939393
798605218047590400,1788882316000-632578958264631296-798605218047590400,1788882316000,1788882681000,1,0.089,0.352,0.2528409090909091
1050036987500691456,1788885783000-632578958264631296-1050036987500691456,1788885783000,1788886174000,1,0.088,0.302,0.2913907284768212
1083726789898928128,1788869262000-632578958264631296-1083726789898928128,1788869262000,1788869921000,1,0.088,0.734,0.11989100817438691
1449735637144961024,1788836597000-632578958264631296-1449735637144961024,1788836597000,1788836812000,1,0.088,0.001,88.0
1475452919183572992,1788856833000-632578958264631296-1475452919183572992,1788856833000,1788857182000,1,0.088,0.108,0.8148148148148148
1536427445069021184,1788873512000-632578958264631296-1536427445069021184,1788873512000,1788873979000,1,0.088,0.208,0.4230769230769231
798236529196531712,1788849210000-632578958264631296-798236529196531712,1788849210000,1788849356000,1,0.088,0.091,0.967032967032967
1050037048276156416,1788884707000-632578958264631296-1050037048276156416,1788884707000,1788885021000,1,0.087,0.187,0.4652406417112299
1073664045493518336,1788884936000-632578958264631296-1073664045493518336,1788884936000,1788885314000,1,0.087,0.164,0.5304878048780487
1073966174624022528,1788858473000-632578958264631296-1073966174624022528,1788858473000,1788859180000,1,0.087,0.018,4.833333333333333
929731076446748672,1788831675000-632578958264631296-929731076446748672,1788831675000,1788833035000,1,0.087,0.503,0.17296222664015903
1047650330055016448,1788849157000-632578958264631296-1047650330055016448,1788849157000,1788849338000,1,0.086,0.093,0.9247311827956989
1079787761596104704,1788857625000-632578958264631296-1079787761596104704,1788857625000,1788858508000,1,0.086,0.317,0.27129337539432175
1083726887294861312,1788844462000-632578958264631296-1083726887294861312,1788844462000,1788844720000,1,0.086,0.302,0.2847682119205298
943458585302532096,1788863341000-632578958264631296-943458585302532096,1788863341000,1788864329000,1,0.086,0.989,0.08695652173913043
944590362620461056,1788841694000-632578958264631296-944590362620461056,1788841694000,1788842502000,1,0.086,0.569,0.15114235500878734
964170762879500288,1788850853000-632578958264631296-964170762879500288,1788850853000,1788851288000,1,0.086,0.524,0.16412213740458012
1072572023244324864,1788888169000-632578958264631296-1072572023244324864,1788888169000,1788888352000,1,0.085,0.173,0.4913294797687862
1501933902321680384,1788830070000-632578958264631296-1501933902321680384,1788830070000,1788830311000,1,0.085,0.172,0.494186046511628
1536014589357981696,1788867836000-632578958264631296-1536014589357981696,1788867836000,1788868074000,1,0.085,0.24,0.3541666666666667
812260483275948032,1788829954000-632578958264631296-812260483275948032,1788829954000,1788830441000,1,0.085,0.406,0.20935960591133004
947583099720433664,1788862244000-632578958264631296-947583099720433664,1788862244000,1788862460000,1,0.085,0.1,0.85
952583803866447872,1788846660000-632578958264631296-952583803866447872,1788846660000,1788846961000,1,0.085,0.112,0.7589285714285715
997896292355014656,1788907491000-632578958264631296-997896292355014656,1788907491000,1788907667000,1,0.085,0.153,0.5555555555555556
1073994678560358400,1788878316000-632578958264631296-1073994678560358400,1788878316000,1788878607000,1,0.084,0.256,0.328125
1079774673618599936,1788869636000-632578958264631296-1079774673618599936,1788869636000,1788870467000,1,0.084,0.447,0.18791946308724833
1138782810882965504,1788857026000-632578958264631296-1138782810882965504,1788857026000,1788857289000,1,0.084,0.259,0.32432432432432434
1175796663680237568,1788887198000-632578958264631296-1175796663680237568,1788887198000,1788887517000,1,0.084,0.357,0.23529411764705885
1397607641592627200,1788852549000-632578958264631296-1397607641592627200,1788852549000,1788852719000,1,0.084,0.078,1.076923076923077
1501934002158698496,1788903928000-632578958264631296-1501934002158698496,1788903928000,1788904225000,1,0.084,0.152,0.5526315789473685
1536014589357981696,1788860389000-632578958264631296-1536014589357981696,1788860389000,1788860579000,1,0.084,0.113,0.7433628318584071
936665179544879104,1788865211000-632578958264631296-936665179544879104,1788865211000,1788865617000,1,0.084,0.378,0.22222222222222224
1067767656859303936,1788874718000-632578958264631296-1067767656859303936,1788874718000,1788875161000,1,0.083,0.379,0.21899736147757257
1083726887294861312,1788827233000-632578958264631296-1083726887294861312,1788827233000,1788827815000,1,0.083,0.819,0.10134310134310136
1083727448777949184,1788834569000-632578958264631296-1083727448777949184,1788834569000,1788835725000,1,0.083,1.319,0.06292645943896892
1536014702105067520,1788873170000-632578958264631296-1536014702105067520,1788873170000,1788874060000,1,0.083,0.4,0.2075
780444155561115648,1788871540000-632578958264631296-780444155561115648,1788871540000,1788871750000,1,0.083,0.175,0.47428571428571437
878252193440858112,1788864705000-632578958264631296-878252193440858112,1788864705000,1788865176000,1,0.083,0.129,0.6434108527131783
944574346884546560,1788892038000-632578958264631296-944574346884546560,1788892038000,1788892261000,1,0.083,0.046,1.8043478260869565
1050037048276156416,1788885795000-632578958264631296-1050037048276156416,1788885795000,1788886268000,1,0.082,0.275,0.29818181818181816
1067764843953520640,1788888227000-632578958264631296-1067764843953520640,1788888227000,1788889933000,1,0.082,1.773,0.04624929498025945
1127222273418199040,1788873262000-632578958264631296-1127222273418199040,1788873262000,1788873599000,1,0.082,0.283,0.2897526501766785
1175796663680237568,1788850742000-632578958264631296-1175796663680237568,1788850742000,1788851008000,1,0.082,0.211,0.3886255924170616
1286352128566099968,1788892488000-632578958264631296-1286352128566099968,1788892488000,1788893424000,1,0.082,0.993,0.08257804632426989
1363836271826305024,1788873756000-632578958264631296-1363836271826305024,1788873756000,1788874109000,1,0.082,0.213,0.38497652582159625
1406586595699589120,1788889003000-632578958264631296-1406586595699589120,1788889003000,1788889313000,1,0.082,0.233,0.351931330472103
1536014674678513664,1788851216000-632578958264631296-1536014674678513664,1788851216000,1788851412000,1,0.082,0.127,0.6456692913385826
964170762879500288,1788840750000-632578958264631296-964170762879500288,1788840750000,1788840933000,1,0.082,0.366,0.22404371584699456
1083727517765861376,1788894679000-632578958264631296-1083727517765861376,1788894679000,1788895063000,1,0.081,0.412,0.19660194174757284
1135529735623802880,1788855584000-632578958264631296-1135529735623802880,1788855584000,1788855829000,1,0.081,0.289,0.28027681660899656
1135541524696662016,1788841049000-632578958264631296-1135541524696662016,1788841049000,1788841249000,1,0.081,0.188,0.4308510638297873
1135566388677574656,1788862470000-632578958264631296-1135566388677574656,1788862470000,1788862650000,1,0.081,-0.025,0.0
1477629515881512960,1788848423000-632578958264631296-1477629515881512960,1788848423000,1788848819000,1,0.081,0.191,0.42408376963350786
873568577507033088,1788842819000-632578958264631296-873568577507033088,1788842819000,1788843097000,1,0.081,0.367,0.22070844686648503
1023491297677148160,1788832908000-632578958264631296-1023491297677148160,1788832908000,1788833255000,1,0.08,0.207,0.38647342995169087
1072572023244324864,1788887349000-632578958264631296-1072572023244324864,1788887349000,1788887539000,1,0.08,0.11,0.7272727272727273
1176582767303983104,1788894993000-632578958264631296-1176582767303983104,1788894993000,1788895375000,1,0.08,0.384,0.20833333333333334
1389244302743306240,1788836296000-632578958264631296-1389244302743306240,1788836296000,1788836544000,1,0.08,0.294,0.272108843537415
1536014681523617792,1788825104000-632578958264631296-1536014681523617792,1788825104000,1788825746000,1,0.08,0.493,0.16227180527383367
1067776159577538560,1788859018000-632578958264631296-1067776159577538560,1788859018000,1788859209000,1,0.079,0.196,0.4030612244897959
1079774152119812096,1788899517000-632578958264631296-1079774152119812096,1788899517000,1788900700000,1,0.079,0.632,0.125
1385589008028925952,1788834633000-632578958264631296-1385589008028925952,1788834633000,1788834883000,1,0.079,0.135,0.5851851851851851
878252193440858112,1788863426000-632578958264631296-878252193440858112,1788863426000,1788863576000,1,0.079,0.049,1.6122448979591837
951563481520275456,1788828832000-632578958264631296-951563481520275456,1788828832000,1788829762000,1,0.079,0.001,79.0
1083039951072788480,1788885916000-632578958264631296-1083039951072788480,1788885916000,1788886438000,1,0.078,0.557,0.14003590664272889
1428367002015105024,1788841890000-632578958264631296-1428367002015105024,1788841890000,1788842025000,1,0.078,0.079,0.9873417721518988
1536014667858575360,1788860686000-632578958264631296-1536014667858575360,1788860686000,1788860846000,1,0.078,0.149,0.5234899328859061
791672232936996864,1788849748000-632578958264631296-791672232936996864,1788849748000,1788850019000,1,0.078,0.102,0.7647058823529412
1067775916656033792,1788910070000-632578958264631296-1067775916656033792,1788910070000,1788910477000,1,0.077,0.325,0.2369230769230769
1112389405491855360,1788846987000-632578958264631296-1112389405491855360,1788846987000,1788847285000,1,0.077,0.121,0.6363636363636364
1464260641047969792,1788854217000-632578958264631296-1464260641047969792,1788854217000,1788854428000,1,0.077,0.109,0.7064220183486238
1500136074981146624,1788848059000-632578958264631296-1500136074981146624,1788848059000,1788848194000,1,0.077,0.095,0.8105263157894737
1536427445069021184,1788874171000-632578958264631296-1536427445069021184,1788874171000,1788874450000,1,0.077,0.192,0.40104166666666663
1067764779667423232,1788882662000-632578958264631296-1067764779667423232,1788882662000,1788882813000,1,0.076,0.135,0.5629629629629629
1067775063052255232,1788876310000-632578958264631296-1067775063052255232,1788876310000,1788876550000,1,0.076,0.075,1.0133333333333334
1068875501654769664,1788841285000-632578958264631296-1068875501654769664,1788841285000,1788841458000,1,0.076,0.147,0.5170068027210885
1083726345994764288,1788861107000-632578958264631296-1083726345994764288,1788861107000,1788861323000,1,0.076,0.178,0.42696629213483145
1182027923075366912,1788901530000-632578958264631296-1182027923075366912,1788901530000,1788901737000,1,0.076,0.102,0.7450980392156863
1350071704793120768,1788855345000-632578958264631296-1350071704793120768,1788855345000,1788855499000,1,0.076,0.087,0.8735632183908046
812260483275948032,1788851266000-632578958264631296-812260483275948032,1788851266000,1788851447000,1,0.076,0.2,0.37999999999999995
939547788868321280,1788883696000-632578958264631296-939547788868321280,1788883696000,1788883840000,1,0.076,0.023,3.3043478260869565
967085947369816064,1788882736000-632578958264631296-967085947369816064,1788882736000,1788883115000,1,0.076,0.391,0.19437340153452684
1079095062366781440,1788867940000-632578958264631296-1079095062366781440,1788867940000,1788868060000,1,0.075,0.089,0.8426966292134832
1081533146517733376,1788846062000-632578958264631296-1081533146517733376,1788846062000,1788847320000,1,0.075,0.682,0.1099706744868035
1277220593376165888,1788874793000-632578958264631296-1277220593376165888,1788874793000,1788875148000,1,0.075,0.24,0.3125
1449735637144961024,1788861828000-632578958264631296-1449735637144961024,1788861828000,1788862229000,1,0.075,0.001,75.0
1536014603211767808,1788885808000-632578958264631296-1536014603211767808,1788885808000,1788886138000,1,0.075,0.181,0.4143646408839779
1585283247909109760,1788886414000-632578958264631296-1585283247909109760,1788886414000,1788886942000,1,0.075,0.375,0.19999999999999998
1593331058084937728,1788897194000-632578958264631296-1593331058084937728,1788897194000,1788897667000,1,0.075,0.215,0.3488372093023256
932334220825591808,1788831266000-632578958264631296-932334220825591808,1788831266000,1788831533000,1,0.075,0.293,0.2559726962457338
967085947369816064,1788839803000-632578958264631296-967085947369816064,1788839803000,1788840439000,1,0.075,0.901,0.0832408435072142
1080910261382021120,1788872748000-632578958264631296-1080910261382021120,1788872748000,1788873309000,1,0.074,0.263,0.28136882129277563
1083726930487803904,1788847733000-632578958264631296-1083726930487803904,1788847733000,1788847918000,1,0.074,0.221,0.334841628959276
1536014589357981696,1788835390000-632578958264631296-1536014589357981696,1788835390000,1788835586000,1,0.074,0.086,0.8604651162790697
939139369715892224,1788870621000-632578958264631296-939139369715892224,1788870621000,1788870763000,1,0.074,0.088,0.8409090909090909
947094374120947712,1788885882000-632578958264631296-947094374120947712,1788885882000,1788886116000,1,0.074,0.084,0.8809523809523808
952583803866447872,1788845321000-632578958264631296-952583803866447872,1788845321000,1788845628000,1,0.074,0.091,0.8131868131868132
1135529735623802880,1788855358000-632578958264631296-1135529735623802880,1788855358000,1788855570000,1,0.073,0.214,0.3411214953271028
1138783076164304896,1788864154000-632578958264631296-1138783076164304896,1788864154000,1788864490000,1,0.073,0.31,0.23548387096774193
1187402009754468352,1788868960000-632578958264631296-1187402009754468352,1788868960000,1788869194000,1,0.073,0.133,0.5488721804511277
1357047782162038784,1788873524000-632578958264631296-1357047782162038784,1788873524000,1788874393000,1,0.073,0.487,0.14989733059548255
1464253789857906688,1788846281000-632578958264631296-1464253789857906688,1788846281000,1788846421000,1,0.073,0.053,1.3773584905660377
1464286463544786944,1788877969000-632578958264631296-1464286463544786944,1788877969000,1788878120000,1,0.073,0.132,0.553030303030303
1501933902321680384,1788907919000-632578958264631296-1501933902321680384,1788907919000,1788908244000,1,0.073,0.201,0.36318407960199
790970372676648960,1788855733000-632578958264631296-790970372676648960,1788855733000,1788856268000,1,0.073,0.206,0.35436893203883496
803716121332023296,1788866490000-632578958264631296-803716121332023296,1788866490000,1788866635000,1,0.073,0.148,0.49324324324324326
944591832124227584,1788869324000-632578958264631296-944591832124227584,1788869324000,1788869701000,1,0.073,0.101,0.7227722772277226
970288452387995648,1788871236000-632578958264631296-970288452387995648,1788871236000,1788871610000,1,0.073,0.338,0.2159763313609467
1067765133431799808,1788849621000-632578958264631296-1067765133431799808,1788849621000,1788849782000,1,0.072,0.127,0.5669291338582677
1080910261382021120,1788883624000-632578958264631296-1080910261382021120,1788883624000,1788883895000,1,0.072,0.194,0.37113402061855666
1464253789857906688,1788845318000-632578958264631296-1464253789857906688,1788845318000,1788845973000,1,0.072,0.318,0.22641509433962262
1536014695108968448,1788871285000-632578958264631296-1536014695108968448,1788871285000,1788871471000,1,0.072,0.086,0.8372093023255814
933416236518211584,1788838941000-632578958264631296-933416236518211584,1788838941000,1788839052000,1,0.072,0.047,1.5319148936170213
938500415001985024,1788878227000-632578958264631296-938500415001985024,1788878227000,1788878385000,1,0.072,0.022,3.2727272727272725
946030376206204928,1788849513000-632578958264631296-946030376206204928,1788849513000,1788849663000,1,0.072,0.064,1.125
946032113314955264,1788858041000-632578958264631296-946032113314955264,1788858041000,1788858251000,1,0.072,0.103,0.6990291262135923
1050036987500691456,1788886643000-632578958264631296-1050036987500691456,1788886643000,1788887127000,1,0.071,0.504,0.14087301587301587
1067767656859303936,1788851435000-632578958264631296-1067767656859303936,1788851435000,1788851630000,1,0.071,0.215,0.33023255813953484
1088472759995990016,1788880512000-632578958264631296-1088472759995990016,1788880512000,1788880834000,1,0.071,0.09,0.7888888888888889
1094650284191252480,1788887305000-632578958264631296-1094650284191252480,1788887305000,1788887547000,1,0.071,0.187,0.3796791443850267
1131972366507704320,1788869246000-632578958264631296-1131972366507704320,1788869246000,1788869606000,1,0.071,0.309,0.2297734627831715
1449735637144961024,1788863874000-632578958264631296-1449735637144961024,1788863874000,1788864091000,1,0.071,0.022,3.227272727272727
1536014716214706176,1788856412000-632578958264631296-1536014716214706176,1788856412000,1788856734000,1,0.071,0.157,0.4522292993630573
1536014716214706176,1788878782000-632578958264631296-1536014716214706176,1788878782000,1788879199000,1,0.071,0.31,0.2290322580645161
860146891080335360,1788839520000-632578958264631296-860146891080335360,1788839520000,1788839785000,1,0.071,0.108,0.6574074074074073
1049976646406242304,1788902573000-632578958264631296-1049976646406242304,1788902573000,1788902812000,1,0.07,0.224,0.3125
1061351650800697344,1788853840000-632578958264631296-1061351650800697344,1788853840000,1788854025000,1,0.07,0.185,0.3783783783783784
1062738807117316096,1788837383000-632578958264631296-1062738807117316096,1788837383000,1788837849000,1,0.07,0.624,0.11217948717948718
1067775201233600512,1788887999000-632578958264631296-1067775201233600512,1788887999000,1788888433000,1,0.07,0.272,0.2573529411764706
1073966174624022528,1788857370000-632578958264631296-1073966174624022528,1788857370000,1788857667000,1,0.07,0.013,5.384615384615385
1079795397515280384,1788894711000-632578958264631296-1079795397515280384,1788894711000,1788894889000,1,0.07,0.156,0.44871794871794873
1083728582527680512,1788875264000-632578958264631296-1083728582527680512,1788875264000,1788875516000,1,0.07,0.211,0.3317535545023697
1464253789857906688,1788875978000-632578958264631296-1464253789857906688,1788875978000,1788876149000,1,0.07,0.103,0.679611650485437
1536014702105067520,1788863073000-632578958264631296-1536014702105067520,1788863073000,1788864724000,1,0.07,0.776,0.09020618556701032
943858330336493568,1788878072000-632578958264631296-943858330336493568,1788878072000,1788878238000,1,0.07,0.11,0.6363636363636365
946029440482148352,1788878275000-632578958264631296-946029440482148352,1788878275000,1788878974000,1,0.07,0.2,0.35000000000000003
947094374120947712,1788885193000-632578958264631296-947094374120947712,1788885193000,1788885356000,1,0.07,0.073,0.9589041095890413
1067775063052255232,1788840686000-632578958264631296-1067775063052255232,1788840686000,1788840813000,1,0.069,0.057,1.2105263157894737
1593331058084937728,1788836934000-632578958264631296-1593331058084937728,1788836934000,1788837118000,1,0.069,0.142,0.48591549295774655
794219272623620096,1788902022000-632578958264631296-794219272623620096,1788902022000,1788902252000,1,0.069,0.163,0.4233128834355828
800026217909583872,1788859321000-632578958264631296-800026217909583872,1788859321000,1788859571000,1,0.069,0.308,0.22402597402597405
869954569466019840,1788881386000-632578958264631296-869954569466019840,1788881386000,1788881718000,1,0.069,0.13,0.5307692307692308
871730443827806208,1788858106000-632578958264631296-871730443827806208,1788858106000,1788858283000,1,0.069,0.165,0.4181818181818182
939545725614686208,1788875760000-632578958264631296-939545725614686208,1788875760000,1788875935000,1,0.069,0.222,0.31081081081081086
947452563299500032,1788835462000-632578958264631296-947452563299500032,1788835462000,1788835617000,1,0.069,0.142,0.48591549295774655
964170762879500288,1788846286000-632578958264631296-964170762879500288,1788846286000,1788846837000,1,0.069,0.702,0.0982905982905983
1067765133431799808,1788849315000-632578958264631296-1067765133431799808,1788849315000,1788849509000,1,0.068,0.184,0.3695652173913044
1067776270814674944,1788860094000-632578958264631296-1067776270814674944,1788860094000,1788860246000,1,0.068,0.079,0.8607594936708861
1076924285072703488,1788867084000-632578958264631296-1076924285072703488,1788867084000,1788867200000,1,0.068,0.031,2.1935483870967745
1079774152119812096,1788895719000-632578958264631296-1079774152119812096,1788895719000,1788895895000,1,0.068,0.039,1.7435897435897436
1079787761596104704,1788847521000-632578958264631296-1079787761596104704,1788847521000,1788847830000,1,0.068,0.195,0.34871794871794876
1083727048683290624,1788878254000-632578958264631296-1083727048683290624,1788878254000,1788879153000,1,0.068,1.028,0.06614785992217899
1132635709874634752,1788866991000-632578958264631296-1132635709874634752,1788866991000,1788879782000,1,0.068,0.074,0.9189189189189191
1449735637144961024,1788858690000-632578958264631296-1449735637144961024,1788858690000,1788858981000,1,0.068,0.001,68.0
1479447378401427456,1788843305000-632578958264631296-1479447378401427456,1788843305000,1788843458000,1,0.068,0.168,0.40476190476190477
1536014737035231232,1788857421000-632578958264631296-1536014737035231232,1788857421000,1788857603000,1,0.068,0.068,1.0
789852692640956416,1788866193000-632578958264631296-789852692640956416,1788866193000,1788866554000,1,0.068,0.4,0.17
929717117048061952,1788834418000-632578958264631296-929717117048061952,1788834418000,1788834528000,1,0.068,0.107,0.6355140186915889
938500415001985024,1788876034000-632578958264631296-938500415001985024,1788876034000,1788876500000,1,0.068,0.021,3.238095238095238
1050036904705130496,1788896338000-632578958264631296-1050036904705130496,1788896338000,1788896753000,1,0.067,0.261,0.2567049808429119
1067772524470730752,1788851345000-632578958264631296-1067772524470730752,1788851345000,1788851831000,1,0.067,0.657,0.10197869101978692
1079774152119812096,1788900828000-632578958264631296-1079774152119812096,1788900828000,1788901271000,1,0.067,0.267,0.250936329588015
1083726345994764288,1788871350000-632578958264631296-1083726345994764288,1788871350000,1788871526000,1,0.067,0.154,0.4350649350649351
1132636093246603264,1788852939000-632578958264631296-1132636093246603264,1788852939000,1788853239000,1,0.067,0.167,0.40119760479041916
1536014716214706176,1788857781000-632578958264631296-1536014716214706176,1788857781000,1788857991000,1,0.067,0.092,0.7282608695652174
1536014744312348672,1788857419000-632578958264631296-1536014744312348672,1788857419000,1788857744000,1,0.067,0.139,0.48201438848920863
938815830156640256,1788871596000-632578958264631296-938815830156640256,1788871596000,1788871683000,1,0.067,0.094,0.7127659574468086
946024601958219776,1788846205000-632578958264631296-946024601958219776,1788846205000,1788846390000,1,0.067,0.179,0.3743016759776537
952583803866447872,1788879583000-632578958264631296-952583803866447872,1788879583000,1788879956000,1,0.067,0.216,0.31018518518518523
1060630916881186816,1788856687000-632578958264631296-1060630916881186816,1788856687000,1788856940000,1,0.066,0.215,0.30697674418604654
1067767710965825536,1788825314000-632578958264631296-1067767710965825536,1788825314000,1788825994000,1,0.066,0.996,0.06626506024096386
1073277847704961024,1788838417000-632578958264631296-1073277847704961024,1788838417000,1788838597000,1,0.066,0.058,1.1379310344827587
1080818558042112000,1788886525000-632578958264631296-1080818558042112000,1788886525000,1788887416000,1,0.066,0.917,0.07197382769901854
1105915143314735104,1788840514000-632578958264631296-1105915143314735104,1788840514000,1788841401000,1,0.066,1.031,0.06401551891367604
1135566388677574656,1788862087000-632578958264631296-1135566388677574656,1788862087000,1788862326000,1,0.066,0.109,0.6055045871559633
931938125880492032,1788849278000-632578958264631296-931938125880492032,1788849278000,1788849639000,1,0.066,0.379,0.1741424802110818
932334786138079232,1788879040000-632578958264631296-932334786138079232,1788879040000,1788879372000,1,0.066,0.36,0.18333333333333335
951558904641224704,1788847481000-632578958264631296-951558904641224704,1788847481000,1788847738000,1,0.066,0.138,0.47826086956521735
1070378226594873344,1788871453000-632578958264631296-1070378226594873344,1788871453000,1788871567000,1,0.065,0.076,0.855263157894737
1093087265762050048,1788872061000-632578958264631296-1093087265762050048,1788872061000,1788872484000,1,0.065,0.206,0.3155339805825243
1138782810882965504,1788838188000-632578958264631296-1138782810882965504,1788838188000,1788838694000,1,0.065,0.489,0.13292433537832313
1173302979768352768,1788882705000-632578958264631296-1173302979768352768,1788882705000,1788883015000,1,0.065,0.245,0.2653061224489796
1385589109656911872,1788867062000-632578958264631296-1385589109656911872,1788867062000,1788867371000,1,0.065,0.169,0.3846153846153846
877447351826907136,1788883190000-632578958264631296-877447351826907136,1788883190000,1788883405000,1,0.065,0.167,0.38922155688622756
939547018001383424,1788839241000-632578958264631296-939547018001383424,1788839241000,1788839437000,1,0.065,0.155,0.41935483870967744
1049341310072258560,1788894200000-632578958264631296-1049341310072258560,1788894200000,1788894500000,1,0.064,0.296,0.21621621621621623
1050036776183267328,1788870560000-632578958264631296-1050036776183267328,1788870560000,1788870905000,1,0.064,0.534,0.1198501872659176
1061351650800697344,1788854739000-632578958264631296-1061351650800697344,1788854739000,1788855298000,1,0.064,0.173,0.36994219653179194
1062738807117316096,1788872443000-632578958264631296-1062738807117316096,1788872443000,1788872632000,1,0.064,0.156,0.41025641025641024
1082360641819246592,1788862025000-632578958264631296-1082360641819246592,1788862025000,1788862114000,1,0.064,0.02,3.2
1083728245179809792,1788872025000-632578958264631296-1083728245179809792,1788872025000,1788872269000,1,0.064,0.279,0.2293906810035842
1259200800735887360,1788862624000-632578958264631296-1259200800735887360,1788862624000,1788862827000,1,0.064,0.141,0.4539007092198582
1489984398731247616,1788832917000-632578958264631296-1489984398731247616,1788832917000,1788833077000,1,0.064,0.11,0.5818181818181818
1536014589357981696,1788868393000-632578958264631296-1536014589357981696,1788868393000,1788868605000,1,0.064,0.196,0.32653061224489793
936665179544879104,1788864475000-632578958264631296-936665179544879104,1788864475000,1788864758000,1,0.064,0.279,0.2293906810035842
1079787761596104704,1788858920000-632578958264631296-1079787761596104704,1788858920000,1788859170000,1,0.063,0.111,0.5675675675675675
1120316662394912768,1788858119000-632578958264631296-1120316662394912768,1788858119000,1788858480000,1,0.063,0.334,0.18862275449101795
1268615730958434304,1788853621000-632578958264631296-1268615730958434304,1788853621000,1788853816000,1,0.063,0.208,0.3028846153846154
1593331058084937728,1788847596000-632578958264631296-1593331058084937728,1788847596000,1788847708000,1,0.063,0.091,0.6923076923076923
797458881650360320,1788864399000-632578958264631296-797458881650360320,1788864399000,1788864808000,1,0.063,0.304,0.20723684210526316
926578486859005952,1788852228000-632578958264631296-926578486859005952,1788852228000,1788852636000,1,0.063,0.174,0.3620689655172414
1049976646406242304,1788902363000-632578958264631296-1049976646406242304,1788902363000,1788902514000,1,0.062,0.125,0.496
1083726345994764288,1788858198000-632578958264631296-1083726345994764288,1788858198000,1788858688000,1,0.062,0.344,0.1802325581395349
1083727048683290624,1788856995000-632578958264631296-1083727048683290624,1788856995000,1788857774000,1,0.062,0.852,0.07276995305164319
1132636490090676224,1788867129000-632578958264631296-1132636490090676224,1788867129000,1788867488000,1,0.062,0.167,0.3712574850299401
1428033112889098240,1788877589000-632578958264631296-1428033112889098240,1788877589000,1788877920000,1,0.062,0.151,0.4105960264900662
1536014674678513664,1788861156000-632578958264631296-1536014674678513664,1788861156000,1788861372000,1,0.062,0.063,0.9841269841269841
1545824860603678720,1788850597000-632578958264631296-1545824860603678720,1788850597000,1788850776000,1,0.062,0.113,0.5486725663716814
792451319469178880,1788846597000-632578958264631296-792451319469178880,1788846597000,1788846847000,1,0.062,0.23,0.26956521739130435
929721011920699392,1788836507000-632578958264631296-929721011920699392,1788836507000,1788836649000,1,0.062,0.093,0.6666666666666666
933416236518211584,1788847428000-632578958264631296-933416236518211584,1788847428000,1788847538000,1,0.062,0.046,1.3478260869565217
939140294748667904,1788870783000-632578958264631296-939140294748667904,1788870783000,1788871114000,1,0.062,0.152,0.40789473684210525
944591832124227584,1788866778000-632578958264631296-944591832124227584,1788866778000,1788867081000,1,0.062,0.126,0.49206349206349204
1067767656859303936,1788839561000-632578958264631296-1067767656859303936,1788839561000,1788839861000,1,0.061,0.32,0.190625
1073278104413143040,1788889646000-632578958264631296-1073278104413143040,1788889646000,1788890980000,1,0.061,0.461,0.13232104121475052
1083727931903049728,1788851080000-632578958264631296-1083727931903049728,1788851080000,1788851285000,1,0.061,0.181,0.3370165745856354
1135529735623802880,1788836179000-632578958264631296-1135529735623802880,1788836179000,1788836478000,1,0.061,0.376,0.1622340425531915
1138782810882965504,1788878897000-632578958264631296-1138782810882965504,1788878897000,1788879189000,1,0.061,0.306,0.19934640522875816
1385589008028925952,1788827278000-632578958264631296-1385589008028925952,1788827278000,1788827500000,1,0.061,0.154,0.3961038961038961
1486716779844599808,1788882600000-632578958264631296-1486716779844599808,1788882600000,1788882835000,1,0.061,0.16,0.38125
784445389880164352,1788847467000-632578958264631296-784445389880164352,1788847467000,1788847648000,1,0.061,0.139,0.4388489208633093
878252193440858112,1788893721000-632578958264631296-878252193440858112,1788893721000,1788894069000,1,0.061,0.108,0.5648148148148148
1061350580632420352,1788835060000-632578958264631296-1061350580632420352,1788835060000,1788835492000,1,0.06,0.291,0.2061855670103093
1067764901566480384,1788863711000-632578958264631296-1067764901566480384,1788863711000,1788864311000,1,0.06,0.718,0.08356545961002786
1082360641819246592,1788883429000-632578958264631296-1082360641819246592,1788883429000,1788883860000,1,0.06,0.159,0.3773584905660377
1094650284191252480,1788849193000-632578958264631296-1094650284191252480,1788849193000,1788849422000,1,0.06,0.44,0.13636363636363635
1113484110199783424,1788844810000-632578958264631296-1113484110199783424,1788844810000,1788844926000,1,0.06,0.083,0.7228915662650601
1153273602804547584,1788859973000-632578958264631296-1153273602804547584,1788859973000,1788860266000,1,0.06,0.326,0.18404907975460122
1181865772805259264,1788865245000-632578958264631296-1181865772805259264,1788865245000,1788865499000,1,0.06,0.144,0.4166666666666667
1536014556927623168,1788834020000-632578958264631296-1536014556927623168,1788834020000,1788834169000,1,0.06,0.073,0.8219178082191781
1570836903035404288,1788859781000-632578958264631296-1570836903035404288,1788859781000,1788860030000,1,0.06,0.121,0.49586776859504134
932334786138079232,1788858515000-632578958264631296-932334786138079232,1788858515000,1788858806000,1,0.06,0.336,0.17857142857142855
944574346884546560,1788883960000-632578958264631296-944574346884546560,1788883960000,1788884077000,1,0.06,0.021,2.8571428571428568
970285003134992384,1788834822000-632578958264631296-970285003134992384,1788834822000,1788834977000,1,0.06,0.066,0.9090909090909091
996808469547843584,1788885153000-632578958264631296-996808469547843584,1788885153000,1788885544000,1,0.06,0.173,0.3468208092485549
1001786725204230144,1788846347000-632578958264631296-1001786725204230144,1788846347000,1788846544000,1,0.059,0.204,0.28921568627450983
1046442858321543168,1788905404000-632578958264631296-1046442858321543168,1788905404000,1788905791000,1,0.059,0.081,0.728395061728395
1046752835124854784,1788861964000-632578958264631296-1046752835124854784,1788861964000,1788862146000,1,0.059,0.234,0.25213675213675213
1067763903368265728,1788834953000-632578958264631296-1067763903368265728,1788834953000,1788835554000,1,0.059,0.632,0.09335443037974683
1073664045493518336,1788857617000-632578958264631296-1073664045493518336,1788857617000,1788857806000,1,0.059,0.042,1.4047619047619047
1286352128566099968,1788893785000-632578958264631296-1286352128566099968,1788893785000,1788894190000,1,0.059,0.323,0.18266253869969037
1312806942439112704,1788876215000-632578958264631296-1312806942439112704,1788876215000,1788876525000,1,0.059,0.325,0.1815384615384615
1397607641592627200,1788851219000-632578958264631296-1397607641592627200,1788851219000,1788851509000,1,0.059,0.129,0.4573643410852713
780444155561115648,1788870246000-632578958264631296-780444155561115648,1788870246000,1788870664000,1,0.059,0.336,0.17559523809523808
790193276584984576,1788876853000-632578958264631296-790193276584984576,1788876853000,1788877028000,1,0.059,0.209,0.2822966507177033
866245373776101376,1788875212000-632578958264631296-866245373776101376,1788875212000,1788875417000,1,0.059,0.106,0.5566037735849056
929726540265029632,1788866530000-632578958264631296-929726540265029632,1788866530000,1788866814000,1,0.059,0.146,0.4041095890410959
942427579615281152,1788862462000-632578958264631296-942427579615281152,1788862462000,1788862683000,1,0.059,0.19,0.31052631578947365
946024601958219776,1788838789000-632578958264631296-946024601958219776,1788838789000,1788838991000,1,0.059,0.064,0.9218749999999999
946029060134273024,1788909440000-632578958264631296-946029060134273024,1788909440000,1788909573000,1,0.059,0.08,0.7374999999999999
1067775974323519488,1788847621000-632578958264631296-1067775974323519488,1788847621000,1788847910000,1,0.058,0.144,0.40277777777777785
1081533146517733376,1788840042000-632578958264631296-1081533146517733376,1788840042000,1788840413000,1,0.058,0.216,0.26851851851851855
1083727986517082112,1788846399000-632578958264631296-1083727986517082112,1788846399000,1788847177000,1,0.058,0.893,0.06494960806270997
1090633180173565952,1788879739000-632578958264631296-1090633180173565952,1788879739000,1788879958000,1,0.058,0.286,0.2027972027972028
786545248472924160,1788897131000-632578958264631296-786545248472924160,1788897131000,1788897414000,1,0.058,0.298,0.1946308724832215
901057526324264960,1788875409000-632578958264631296-901057526324264960,1788875409000,1788876021000,1,0.058,0.241,0.2406639004149378
944587945103327232,1788848235000-632578958264631296-944587945103327232,1788848235000,1788848346000,1,0.058,0.049,1.183673469387755
946032945880104960,1788877412000-632578958264631296-946032945880104960,1788877412000,1788877551000,1,0.058,0.029,2.0
947583099720433664,1788852967000-632578958264631296-947583099720433664,1788852967000,1788853207000,1,0.058,0.09,0.6444444444444445
1065321017443876864,1788877189000-632578958264631296-1065321017443876864,1788877189000,1788877474000,1,0.057,0.119,0.4789915966386555
1083727048683290624,1788903050000-632578958264631296-1083727048683290624,1788903050000,1788903827000,1,0.057,0.824,0.06917475728155341
1111626569580806144,1788844058000-632578958264631296-1111626569580806144,1788844058000,1788844290000,1,0.057,0.201,0.2835820895522388
1111626569580806144,1788849385000-632578958264631296-1111626569580806144,1788849385000,1788849604000,1,0.057,0.061,0.9344262295081968
1140670395897085952,1788846613000-632578958264631296-1140670395897085952,1788846613000,1788847192000,1,0.057,0.593,0.09612141652613829
1153273602804547584,1788868712000-632578958264631296-1153273602804547584,1788868712000,1788869159000,1,0.057,0.463,0.12311015118790497
1363836271826305024,1788868719000-632578958264631296-1363836271826305024,1788868719000,1788868970000,1,0.057,0.11,0.5181818181818182
1536014744312348672,1788859666000-632578958264631296-1536014744312348672,1788859666000,1788859784000,1,0.057,0.052,1.0961538461538463
1545823852121030656,1788888382000-632578958264631296-1545823852121030656,1788888382000,1788888498000,1,0.057,0.071,0.8028169014084509
800026217909583872,1788866548000-632578958264631296-800026217909583872,1788866548000,1788866758000,1,0.057,0.144,0.39583333333333337
938442824968306688,1788876589000-632578958264631296-938442824968306688,1788876589000,1788876789000,1,0.057,0.069,0.8260869565217391
944573640047853568,1788846969000-632578958264631296-944573640047853568,1788846969000,1788847176000,1,0.057,0.121,0.4710743801652893
951559578305167360,1788840875000-632578958264631296-951559578305167360,1788840875000,1788841429000,1,0.057,0.349,0.16332378223495703
1087441747748847616,1788878777000-632578958264631296-1087441747748847616,1788878777000,1788879080000,1,0.056,0.229,0.2445414847161572
1125482414773108736,1788877201000-632578958264631296-1125482414773108736,1788877201000,1788877566000,1,0.056,0.333,0.16816816816816815
1131240373310455808,1788844446000-632578958264631296-1131240373310455808,1788844446000,1788844602000,1,0.056,0.107,0.5233644859813085
870575606247456768,1788857430000-632578958264631296-870575606247456768,1788857430000,1788857609000,1,0.056,0.141,0.39716312056737596
932613192947859456,1788911756000-632578958264631296-932613192947859456,1788911756000,1788912025000,1,0.056,0.215,0.26046511627906976
944590362620461056,1788877445000-632578958264631296-944590362620461056,1788877445000,1788877699000,1,0.056,0.096,0.5833333333333334
1062738572429230080,1788840367000-632578958264631296-1062738572429230080,1788840367000,1788840634000,1,0.055,0.22,0.25
1071826388769570816,1788850042000-632578958264631296-1071826388769570816,1788850042000,1788850227000,1,0.055,0.187,0.29411764705882354
1083727448777949184,1788836997000-632578958264631296-1083727448777949184,1788836997000,1788837186000,1,0.055,0.12,0.45833333333333337
1479447378401427456,1788909025000-632578958264631296-1479447378401427456,1788909025000,1788909247000,1,0.055,0.159,0.34591194968553457
1536014647272931328,1788859303000-632578958264631296-1536014647272931328,1788859303000,1788859570000,1,0.055,0.128,0.4296875
794219272623620096,1788875480000-632578958264631296-794219272623620096,1788875480000,1788875694000,1,0.055,0.142,0.38732394366197187
878252193440858112,1788865177000-632578958264631296-878252193440858112,1788865177000,1788865557000,1,0.055,0.048,1.1458333333333333
929717117048061952,1788860781000-632578958264631296-929717117048061952,1788860781000,1788861744000,1,0.055,0.385,0.14285714285714285
936665179544879104,1788851057000-632578958264631296-936665179544879104,1788851057000,1788851599000,1,0.055,0.674,0.08160237388724036
947583099720433664,1788853479000-632578958264631296-947583099720433664,1788853479000,1788853595000,1,0.055,0.047,1.1702127659574468
964172050669240320,1788893280000-632578958264631296-964172050669240320,1788893280000,1788893895000,1,0.055,0.424,0.12971698113207547
1050036776183267328,1788872973000-632578958264631296-1050036776183267328,1788872973000,1788873166000,1,0.054,0.217,0.2488479262672811
1079778539525373952,1788877495000-632578958264631296-1079778539525373952,1788877495000,1788877742000,1,0.054,0.089,0.6067415730337079
1088168906306093056,1788890097000-632578958264631296-1088168906306093056,1788890097000,1788890449000,1,0.054,0.308,0.17532467532467533
1132636490090676224,1788861025000-632578958264631296-1132636490090676224,1788861025000,1788861407000,1,0.054,0.174,0.3103448275862069
1277220593376165888,1788850594000-632578958264631296-1277220593376165888,1788850594000,1788850736000,1,0.054,0.081,0.6666666666666666
1486716779844599808,1788852482000-632578958264631296-1486716779844599808,1788852482000,1788852696000,1,0.054,0.076,0.7105263157894737
967085947369816064,1788845888000-632578958264631296-967085947369816064,1788845888000,1788846060000,1,0.054,0.098,0.5510204081632653
1080818558042112000,1788895699000-632578958264631296-1080818558042112000,1788895699000,1788895973000,1,0.053,0.253,0.20948616600790512
1083728582527680512,1788843698000-632578958264631296-1083728582527680512,1788843698000,1788844179000,1,0.053,0.56,0.09464285714285713
1176582767303983104,1788905387000-632578958264631296-1176582767303983104,1788905387000,1788905871000,1,0.053,0.408,0.12990196078431374
1385304935976927232,1788877610000-632578958264631296-1385304935976927232,1788877610000,1788878137000,1,0.053,0.371,0.14285714285714285
1389244302743306240,1788866819000-632578958264631296-1389244302743306240,1788866819000,1788866991000,1,0.053,0.064,0.828125
1428366867084345344,1788863977000-632578958264631296-1428366867084345344,1788863977000,1788864167000,1,0.053,0.101,0.5247524752475247
1441118393376702464,1788856056000-632578958264631296-1441118393376702464,1788856056000,1788856332000,1,0.053,0.189,0.2804232804232804
1486716779844599808,1788838548000-632578958264631296-1486716779844599808,1788838548000,1788838952000,1,0.053,0.183,0.2896174863387978
946026878085365760,1788826614000-632578958264631296-946026878085365760,1788826614000,1788827347000,1,0.053,0.734,0.07220708446866485
967085947369816064,1788867588000-632578958264631296-967085947369816064,1788867588000,1788867779000,1,0.053,0.19,0.2789473684210526
1070370579279773696,1788910277000-632578958264631296-1070370579279773696,1788910277000,1788910969000,1,0.052,0.195,0.26666666666666666
1083728582527680512,1788862408000-632578958264631296-1083728582527680512,1788862408000,1788862603000,1,0.052,0.147,0.35374149659863946
1088512574191828992,1788906757000-632578958264631296-1088512574191828992,1788906757000,1788907120000,1,0.052,0.244,0.21311475409836064
1103352309556969472,1788869624000-632578958264631296-1103352309556969472,1788869624000,1788869778000,1,0.052,0.098,0.5306122448979591
1182027923075366912,1788857348000-632578958264631296-1182027923075366912,1788857348000,1788857735000,1,0.052,0.006,8.666666666666666
1488156479612518400,1788845399000-632578958264631296-1488156479612518400,1788845399000,1788845688000,1,0.052,0.347,0.14985590778097982
1491416395517263872,1788842538000-632578958264631296-1491416395517263872,1788842538000,1788845348000,1,0.052,1.162,0.04475043029259897
1526262198169501696,1788880341000-632578958264631296-1526262198169501696,1788880341000,1788880529000,1,0.052,0.15,0.3466666666666667
942471450843938816,1788829428000-632578958264631296-942471450843938816,1788829428000,1788830503000,1,0.052,0.76,0.06842105263157894
1046752835124854784,1788849509000-632578958264631296-1046752835124854784,1788849509000,1788849660000,1,0.051,0.115,0.44347826086956516
1062738572429230080,1788838611000-632578958264631296-1062738572429230080,1788838611000,1788838790000,1,0.051,0.112,0.4553571428571428
1073664045493518336,1788853518000-632578958264631296-1073664045493518336,1788853518000,1788854684000,1,0.051,0.526,0.09695817490494296
1073966174624022528,1788859927000-632578958264631296-1073966174624022528,1788859927000,1788860159000,1,0.051,0.01,5.1
1076924285072703488,1788851743000-632578958264631296-1076924285072703488,1788851743000,1788851893000,1,0.051,0.087,0.5862068965517241
1138167953473142784,1788871986000-632578958264631296-1138167953473142784,1788871986000,1788872340000,1,0.051,0.37,0.13783783783783782
1175796546902425600,1788847350000-632578958264631296-1175796546902425600,1788847350000,1788847524000,1,0.051,0.119,0.42857142857142855
1486716779844599808,1788861902000-632578958264631296-1486716779844599808,1788861902000,1788862096000,1,0.051,0.184,0.27717391304347827
1545824860603678720,1788869676000-632578958264631296-1545824860603678720,1788869676000,1788870221000,1,0.051,0.236,0.21610169491525424
932334786138079232,1788846917000-632578958264631296-932334786138079232,1788846917000,1788847189000,1,0.051,0.386,0.13212435233160622
939547788868321280,1788829574000-632578958264631296-939547788868321280,1788829574000,1788830180000,1,0.051,0.016,3.1874999999999996
942471450843938816,1788833084000-632578958264631296-942471450843938816,1788833084000,1788833279000,1,0.051,0.051,1.0
1065321017443876864,1788885813000-632578958264631296-1065321017443876864,1788885813000,1788886094000,1,0.05,0.067,0.746268656716418
1067776159577538560,1788863670000-632578958264631296-1067776159577538560,1788863670000,1788863965000,1,0.05,0.38,0.13157894736842105
1076104369969037312,1788874926000-632578958264631296-1076104369969037312,1788874926000,1788875396000,1,0.05,0.257,0.19455252918287938
1076924285072703488,1788849603000-632578958264631296-1076924285072703488,1788849603000,1788849910000,1,0.05,0.185,0.2702702702702703
1131239137144209408,1788847650000-632578958264631296-1131239137144209408,1788847650000,1788847810000,1,0.05,0.189,0.26455026455026454
1389244197004902400,1788850822000-632578958264631296-1389244197004902400,1788850822000,1788851220000,1,0.05,0.172,0.29069767441860467
1536014563953082368,1788880350000-632578958264631296-1536014563953082368,1788880350000,1788880594000,1,0.05,0.106,0.47169811320754723
1540361830973571072,1788842020000-632578958264631296-1540361830973571072,1788842020000,1788842503000,1,0.05,0.352,0.14204545454545456
780444155561115648,1788868968000-632578958264631296-780444155561115648,1788868968000,1788869114000,1,0.05,0.156,0.32051282051282054
787000328028422144,1788874573000-632578958264631296-787000328028422144,1788874573000,1788875154000,1,0.05,0.582,0.08591065292096221
870575606247456768,1788844694000-632578958264631296-870575606247456768,1788844694000,1788846456000,1,0.05,1.736,0.02880184331797235
873822835015942144,1788872573000-632578958264631296-873822835015942144,1788872573000,1788873377000,1,0.05,0.942,0.05307855626326965
893133531117518848,1788845983000-632578958264631296-893133531117518848,1788845983000,1788846172000,1,0.05,0.063,0.7936507936507937
919290820798971904,1788874870000-632578958264631296-919290820798971904,1788874870000,1788875111000,1,0.05,0.194,0.2577319587628866
927179928254808064,1788837947000-632578958264631296-927179928254808064,1788837947000,1788838272000,1,0.05,0.146,0.34246575342465757
936665179544879104,1788859740000-632578958264631296-936665179544879104,1788859740000,1788860217000,1,0.05,0.574,0.08710801393728224
940983317312831488,1788838035000-632578958264631296-940983317312831488,1788838035000,1788838169000,1,0.05,0.057,0.8771929824561404
944587945103327232,1788872182000-632578958264631296-944587945103327232,1788872182000,1788872340000,1,0.05,0.296,0.16891891891891894
997896292355014656,1788900292000-632578958264631296-997896292355014656,1788900292000,1788900553000,1,0.05,0.212,0.23584905660377362
1132636490090676224,1788861992000-632578958264631296-1132636490090676224,1788861992000,1788862198000,1,0.049,0.109,0.44954128440366975
1157003119578578944,1788826300000-632578958264631296-1157003119578578944,1788826300000,1788826683000,1,0.049,0.175,0.28
1526262198169501696,1788857260000-632578958264631296-1526262198169501696,1788857260000,1788857962000,1,0.049,0.426,0.11502347417840376
871764433825693696,1788860378000-632578958264631296-871764433825693696,1788860378000,1788860857000,1,0.049,0.443,0.11060948081264109
876422423786815488,1788887017000-632578958264631296-876422423786815488,1788887017000,1788887231000,1,0.049,0.158,0.310126582278481
929717117048061952,1788851982000-632578958264631296-929717117048061952,1788851982000,1788852521000,1,0.049,0.202,0.24257425742574257
938442824968306688,1788890131000-632578958264631296-938442824968306688,1788890131000,1788890488000,1,0.049,0.112,0.4375
1083727144086929408,1788866110000-632578958264631296-1083727144086929408,1788866110000,1788866321000,1,0.048,0.084,0.5714285714285714
1088512574191828992,1788894468000-632578958264631296-1088512574191828992,1788894468000,1788894650000,1,0.048,0.132,0.36363636363636365
1093476797997121536,1788851937000-632578958264631296-1093476797997121536,1788851937000,1788852105000,1,0.048,0.101,0.4752475247524752
1277220593376165888,1788845491000-632578958264631296-1277220593376165888,1788845491000,1788845766000,1,0.048,0.135,0.3555555555555555
1362128357327634432,1788825911000-632578958264631296-1362128357327634432,1788825911000,1788826076000,1,0.048,0.071,0.6760563380281691
1428367002015105024,1788837890000-632578958264631296-1428367002015105024,1788837890000,1788838052000,1,0.048,0.179,0.2681564245810056
1536014618822967296,1788842499000-632578958264631296-1536014618822967296,1788842499000,1788842618000,1,0.048,0.062,0.7741935483870968
932613192947859456,1788907916000-632578958264631296-932613192947859456,1788907916000,1788908084000,1,0.048,0.033,1.4545454545454546
933416236518211584,1788857034000-632578958264631296-933416236518211584,1788857034000,1788857499000,1,0.048,0.175,0.2742857142857143
938815830156640256,1788843447000-632578958264631296-938815830156640256,1788843447000,1788843607000,1,0.048,0.111,0.43243243243243246
939140294748667904,1788836853000-632578958264631296-939140294748667904,1788836853000,1788837605000,1,0.048,0.402,0.11940298507462686
947094374120947712,1788859897000-632578958264631296-947094374120947712,1788859897000,1788860048000,1,0.048,0.039,1.2307692307692308
1045015172411817984,1788880749000-632578958264631296-1045015172411817984,1788880749000,1788881181000,1,0.047,0.246,0.1910569105691057
1049976646406242304,1788834206000-632578958264631296-1049976646406242304,1788834206000,1788834388000,1,0.047,0.201,0.23383084577114427
1131239137144209408,1788836545000-632578958264631296-1131239137144209408,1788836545000,1788837350000,1,0.047,1.021,0.04603330068560235
1135598313102376960,1788849462000-632578958264631296-1135598313102376960,1788849462000,1788849955000,1,0.047,0.511,0.09197651663405088
1173302979768352768,1788872649000-632578958264631296-1173302979768352768,1788872649000,1788872846000,1,0.047,0.143,0.3286713286713287
798236529196531712,1788846167000-632578958264631296-798236529196531712,1788846167000,1788846408000,1,0.047,0.135,0.34814814814814815
866245373776101376,1788862056000-632578958264631296-866245373776101376,1788862056000,1788862279000,1,0.047,0.143,0.3286713286713287
929721011920699392,1788841215000-632578958264631296-929721011920699392,1788841215000,1788841415000,1,0.047,0.142,0.33098591549295775
1072572023244324864,1788881490000-632578958264631296-1072572023244324864,1788881490000,1788881669000,1,0.046,0.095,0.4842105263157895
1083726698509238272,1788880648000-632578958264631296-1083726698509238272,1788880648000,1788881162000,1,0.046,0.711,0.06469760900140648
1083726930487803904,1788839727000-632578958264631296-1083726930487803904,1788839727000,1788839914000,1,0.046,0.199,0.23115577889447234
1083727986517082112,1788866650000-632578958264631296-1083727986517082112,1788866650000,1788866942000,1,0.046,0.357,0.1288515406162465
1094650284191252480,1788863955000-632578958264631296-1094650284191252480,1788863955000,1788864130000,1,0.046,0.118,0.3898305084745763
1112389405491855360,1788858737000-632578958264631296-1112389405491855360,1788858737000,1788859451000,1,0.046,1.226,0.037520391517128875
1138783076164304896,1788862730000-632578958264631296-1138783076164304896,1788862730000,1788862949000,1,0.046,0.115,0.39999999999999997
1385304935976927232,1788877107000-632578958264631296-1385304935976927232,1788877107000,1788877356000,1,0.046,0.171,0.26900584795321636
1536014618822967296,1788830029000-632578958264631296-1536014618822967296,1788830029000,1788830465000,1,0.046,0.248,0.18548387096774194
1536014744312348672,1788873342000-632578958264631296-1536014744312348672,1788873342000,1788873611000,1,0.046,0.181,0.2541436464088398
939547788868321280,1788840530000-632578958264631296-939547788868321280,1788840530000,1788840753000,1,0.046,0.013,3.5384615384615388
947093103351693312,1788859247000-632578958264631296-947093103351693312,1788859247000,1788859525000,1,0.046,0.129,0.3565891472868217
964171206683000832,1788880926000-632578958264631296-964171206683000832,1788880926000,1788882815000,1,0.046,0.472,0.09745762711864407
1071019405950844928,1788861228000-632578958264631296-1071019405950844928,1788861228000,1788861542000,1,0.045,0.115,0.3913043478260869
1079095785133441024,1788851920000-632578958264631296-1079095785133441024,1788851920000,1788852284000,1,0.045,0.48,0.09375
1079774152119812096,1788904742000-632578958264631296-1079774152119812096,1788904742000,1788904978000,1,0.045,0.089,0.5056179775280899
1083726740557135872,1788865408000-632578958264631296-1083726740557135872,1788865408000,1788865690000,1,0.045,0.188,0.23936170212765956
1131240373310455808,1788837882000-632578958264631296-1131240373310455808,1788837882000,1788838035000,1,0.045,0.09,0.5
1406586595699589120,1788841280000-632578958264631296-1406586595699589120,1788841280000,1788841887000,1,0.045,0.349,0.12893982808022922
1476549608761982976,1788881090000-632578958264631296-1476549608761982976,1788881090000,1788881214000,1,0.045,0.102,0.4411764705882353
1593331058084937728,1788837835000-632578958264631296-1593331058084937728,1788837835000,1788838001000,1,0.045,0.072,0.625
860146891080335360,1788852063000-632578958264631296-860146891080335360,1788852063000,1788852596000,1,0.045,0.188,0.23936170212765956
866648789010612224,1788866709000-632578958264631296-866648789010612224,1788866709000,1788867018000,1,0.045,0.272,0.16544117647058823
893821287409909760,1788837814000-632578958264631296-893821287409909760,1788837814000,1788838385000,1,0.045,0.013,3.4615384615384617
927171595435245568,1788888491000-632578958264631296-927171595435245568,1788888491000,1788889778000,1,0.045,0.268,0.16791044776119401
943818542875148288,1788864357000-632578958264631296-943818542875148288,1788864357000,1788864547000,1,0.045,0.056,0.8035714285714285
1045014601197944832,1788865315000-632578958264631296-1045014601197944832,1788865315000,1788865683000,1,0.044,0.492,0.08943089430894309
1066703715756408832,1788888398000-632578958264631296-1066703715756408832,1788888398000,1788888866000,1,0.044,0.042,1.0476190476190474
1067765061260410880,1788849802000-632578958264631296-1067765061260410880,1788849802000,1788850094000,1,0.044,0.178,0.24719101123595505
1067765189559975936,1788867968000-632578958264631296-1067765189559975936,1788867968000,1788868122000,1,0.044,0.12,0.36666666666666664
1081533146517733376,1788839506000-632578958264631296-1081533146517733376,1788839506000,1788839950000,1,0.044,0.336,0.13095238095238093
1094584849307533312,1788845513000-632578958264631296-1094584849307533312,1788845513000,1788845944000,1,0.044,0.366,0.12021857923497267
1094650284191252480,1788842563000-632578958264631296-1094650284191252480,1788842563000,1788843032000,1,0.044,0.421,0.10451306413301663
1109804807901675520,1788859008000-632578958264631296-1109804807901675520,1788859008000,1788859450000,1,0.044,0.435,0.10114942528735632
1112389405491855360,1788874070000-632578958264631296-1112389405491855360,1788874070000,1788874502000,1,0.044,0.272,0.16176470588235292
1131972366507704320,1788862701000-632578958264631296-1131972366507704320,1788862701000,1788862978000,1,0.044,0.225,0.19555555555555554
1182027923075366912,1788896797000-632578958264631296-1182027923075366912,1788896797000,1788897185000,1,0.044,0.572,0.07692307692307693
1536014570613637120,1788857819000-632578958264631296-1536014570613637120,1788857819000,1788858021000,1,0.044,0.109,0.40366972477064217
1537822792169291776,1788832857000-632578958264631296-1537822792169291776,1788832857000,1788832987000,1,0.044,0.041,1.073170731707317
789852612550721536,1788864206000-632578958264631296-789852612550721536,1788864206000,1788864448000,1,0.044,0.149,0.2953020134228188
873101078441230336,1788855250000-632578958264631296-873101078441230336,1788855250000,1788855465000,1,0.044,0.143,0.3076923076923077
944574738938724352,1788856323000-632578958264631296-944574738938724352,1788856323000,1788856922000,1,0.044,0.241,0.1825726141078838
944591832124227584,1788872476000-632578958264631296-944591832124227584,1788872476000,1788872645000,1,0.044,0.072,0.6111111111111112
1050035941135089664,1788881279000-632578958264631296-1050035941135089664,1788881279000,1788881480000,1,0.043,0.255,0.16862745098039214
1050036904705130496,1788897808000-632578958264631296-1050036904705130496,1788897808000,1788898010000,1,0.043,0.08,0.5375
1067765061260410880,1788845632000-632578958264631296-1067765061260410880,1788845632000,1788845915000,1,0.043,0.203,0.21182266009852213
1067765061260410880,1788847252000-632578958264631296-1067765061260410880,1788847252000,1788847508000,1,0.043,0.13,0.3307692307692307
1083727207982956544,1788838869000-632578958264631296-1083727207982956544,1788838869000,1788838962000,1,0.043,0.143,0.3006993006993007
1083727448777949184,1788832087000-632578958264631296-1083727448777949184,1788832087000,1788832570000,1,0.043,0.547,0.0786106032906764
1093088075828953088,1788852344000-632578958264631296-1093088075828953088,1788852344000,1788852605000,1,0.043,0.213,0.20187793427230047
1362452416535986176,1788832390000-632578958264631296-1362452416535986176,1788832390000,1788832515000,1,0.043,0.044,0.9772727272727273
786545248472924160,1788892265000-632578958264631296-786545248472924160,1788892265000,1788892863000,1,0.043,0.525,0.0819047619047619
812260483275948032,1788849723000-632578958264631296-812260483275948032,1788849723000,1788850021000,1,0.043,0.184,0.23369565217391303
944574346884546560,1788883147000-632578958264631296-944574346884546560,1788883147000,1788883282000,1,0.043,0.025,1.7199999999999998
1062738572429230080,1788841472000-632578958264631296-1062738572429230080,1788841472000,1788841661000,1,0.042,0.066,0.6363636363636364
1065321017443876864,1788876614000-632578958264631296-1065321017443876864,1788876614000,1788876792000,1,0.042,0.111,0.3783783783783784
1076924285072703488,1788857413000-632578958264631296-1076924285072703488,1788857413000,1788857546000,1,0.042,0.043,0.9767441860465118
1083726423769743360,1788854102000-632578958264631296-1083726423769743360,1788854102000,1788854291000,1,0.042,0.163,0.25766871165644173
1088472759995990016,1788895762000-632578958264631296-1088472759995990016,1788895762000,1788896044000,1,0.042,0.085,0.49411764705882355
1132636899983228928,1788866972000-632578958264631296-1132636899983228928,1788866972000,1788867171000,1,0.042,0.102,0.411764705882353
1540361729291059200,1788859452000-632578958264631296-1540361729291059200,1788859452000,1788860246000,1,0.042,0.254,0.16535433070866143
794950170587430912,1788870401000-632578958264631296-794950170587430912,1788870401000,1788871021000,1,0.042,0.612,0.06862745098039216
944574738938724352,1788858904000-632578958264631296-944574738938724352,1788858904000,1788859029000,1,0.042,0.124,0.33870967741935487
1050766698002513920,1788873752000-632578958264631296-1050766698002513920,1788873752000,1788874154000,1,0.041,0.184,0.22282608695652176
1083727448777949184,1788861755000-632578958264631296-1083727448777949184,1788861755000,1788861939000,1,0.041,0.135,0.3037037037037037
1093476797997121536,1788830594000-632578958264631296-1093476797997121536,1788830594000,1788832063000,1,0.041,0.705,0.058156028368794334
1127222273418199040,1788884732000-632578958264631296-1127222273418199040,1788884732000,1788885108000,1,0.041,0.111,0.36936936936936937
780059706918961152,1788844920000-632578958264631296-780059706918961152,1788844920000,1788845386000,1,0.041,0.414,0.09903381642512078
873822835015942144,1788859909000-632578958264631296-873822835015942144,1788859909000,1788860365000,1,0.041,0.825,0.049696969696969705
893133531117518848,1788847464000-632578958264631296-893133531117518848,1788847464000,1788847842000,1,0.041,0.116,0.35344827586206895
929717117048061952,1788834069000-632578958264631296-929717117048061952,1788834069000,1788834237000,1,0.041,0.132,0.3106060606060606
933392054296248320,1788873981000-632578958264631296-933392054296248320,1788873981000,1788874420000,1,0.041,0.285,0.14385964912280705
942469459329679360,1788834198000-632578958264631296-942469459329679360,1788834198000,1788834339000,1,0.041,0.174,0.235632183908046
1050037048276156416,1788888263000-632578958264631296-1050037048276156416,1788888263000,1788888794000,1,0.04,0.201,0.1990049751243781
1067765133431799808,1788868420000-632578958264631296-1067765133431799808,1788868420000,1788868615000,1,0.04,0.182,0.2197802197802198
1067775201233600512,1788852729000-632578958264631296-1067775201233600512,1788852729000,1788852969000,1,0.04,0.143,0.27972027972027974
1083040452048846848,1788837061000-632578958264631296-1083040452048846848,1788837061000,1788837388000,1,0.04,0.219,0.182648401826484
1083726887294861312,1788828077000-632578958264631296-1083726887294861312,1788828077000,1788828270000,1,0.04,0.174,0.2298850574712644
1083727986517082112,1788875931000-632578958264631296-1083727986517082112,1788875931000,1788876199000,1,0.04,0.239,0.1673640167364017
1090633180173565952,1788854018000-632578958264631296-1090633180173565952,1788854018000,1788858283000,1,0.04,7.55,0.005298013245033113
1131240373310455808,1788861648000-632578958264631296-1131240373310455808,1788861648000,1788861838000,1,0.04,0.162,0.24691358024691357
1464628801508999168,1788832129000-632578958264631296-1464628801508999168,1788832129000,1788832580000,1,0.04,0.259,0.15444015444015444
1536014589357981696,1788878145000-632578958264631296-1536014589357981696,1788878145000,1788878431000,1,0.04,0.117,0.3418803418803419
1536427445069021184,1788870545000-632578958264631296-1536427445069021184,1788870545000,1788870729000,1,0.04,0.042,0.9523809523809523
938815830156640256,1788839187000-632578958264631296-938815830156640256,1788839187000,1788839382000,1,0.04,0.091,0.4395604395604396
939547788868321280,1788841880000-632578958264631296-939547788868321280,1788841880000,1788842288000,1,0.04,0.012,3.3333333333333335
943859348893859840,1788877660000-632578958264631296-943859348893859840,1788877660000,1788877943000,1,0.04,0.19,0.21052631578947367
951561875261227008,1788833877000-632578958264631296-951561875261227008,1788833877000,1788834839000,1,0.04,0.37,0.10810810810810811
967085947369816064,1788868812000-632578958264631296-967085947369816064,1788868812000,1788869089000,1,0.04,0.302,0.13245033112582782
1064532839803912192,1788834352000-632578958264631296-1064532839803912192,1788834352000,1788835975000,1,0.039,0.49,0.07959183673469387
1067767656859303936,1788835708000-632578958264631296-1067767656859303936,1788835708000,1788836017000,1,0.039,0.224,0.17410714285714285
1067775149379420160,1788836920000-632578958264631296-1067775149379420160,1788836920000,1788837478000,1,0.039,0.489,0.07975460122699386
1068875501654769664,1788834644000-632578958264631296-1068875501654769664,1788834644000,1788834755000,1,0.039,0.076,0.5131578947368421
1097510484225032192,1788834392000-632578958264631296-1097510484225032192,1788834392000,1788835451000,1,0.039,0.716,0.054469273743016765
1140670395897085952,1788839104000-632578958264631296-1140670395897085952,1788839104000,1788839282000,1,0.039,0.116,0.33620689655172414
1157003119578578944,1788854858000-632578958264631296-1157003119578578944,1788854858000,1788855065000,1,0.039,0.022,1.772727272727273
1464260641047969792,1788873360000-632578958264631296-1464260641047969792,1788873360000,1788873486000,1,0.039,0.045,0.8666666666666667
1501933902321680384,1788907609000-632578958264631296-1501933902321680384,1788907609000,1788907775000,1,0.039,0.115,0.3391304347826087
1536014695108968448,1788893783000-632578958264631296-1536014695108968448,1788893783000,1788894218000,1,0.039,0.241,0.16182572614107885
780451764301201408,1788832245000-632578958264631296-780451764301201408,1788832245000,1788832792000,1,0.039,0.512,0.076171875
857602255610707968,1788872822000-632578958264631296-857602255610707968,1788872822000,1788873351000,1,0.039,0.55,0.07090909090909091
866686329780436992,1788853308000-632578958264631296-866686329780436992,1788853308000,1788853484000,1,0.039,0.171,0.22807017543859648
951561875261227008,1788864625000-632578958264631296-951561875261227008,1788864625000,1788865029000,1,0.039,0.134,0.291044776119403
964170762879500288,1788870381000-632578958264631296-964170762879500288,1788870381000,1788870468000,1,0.039,0.123,0.3170731707317073
1062738807117316096,1788844980000-632578958264631296-1062738807117316096,1788844980000,1788845360000,1,0.038,0.393,0.09669211195928752
1083728919393206272,1788846154000-632578958264631296-1083728919393206272,1788846154000,1788846320000,1,0.038,0.11,0.34545454545454546
1132636490090676224,1788847146000-632578958264631296-1132636490090676224,1788847146000,1788847437000,1,0.038,0.159,0.2389937106918239
1385304935976927232,1788853711000-632578958264631296-1385304935976927232,1788853711000,1788854031000,1,0.038,0.157,0.24203821656050956
1396881508228136960,1788839685000-632578958264631296-1396881508228136960,1788839685000,1788839910000,1,0.038,0.137,0.2773722627737226
1545824860603678720,1788883855000-632578958264631296-1545824860603678720,1788883855000,1788884139000,1,0.038,0.197,0.19289340101522842
870286624469024768,1788890064000-632578958264631296-870286624469024768,1788890064000,1788890421000,1,0.038,0.357,0.10644257703081232
942723675356921856,1788850638000-632578958264631296-942723675356921856,1788850638000,1788850885000,1,0.038,0.165,0.2303030303030303
964169792938311680,1788863639000-632578958264631296-964169792938311680,1788863639000,1788863811000,1,0.038,0.099,0.3838383838383838
964170762879500288,1788849141000-632578958264631296-964170762879500288,1788849141000,1788849409000,1,0.038,0.295,0.1288135593220339
1067775916656033792,1788866341000-632578958264631296-1067775916656033792,1788866341000,1788866738000,1,0.037,0.159,0.23270440251572325
1073278104413143040,1788866936000-632578958264631296-1073278104413143040,1788866936000,1788867300000,1,0.037,0.196,0.18877551020408162
1083726988146900992,1788870464000-632578958264631296-1083726988146900992,1788870464000,1788870745000,1,0.037,0.288,0.12847222222222224
1183367596062277632,1788876617000-632578958264631296-1183367596062277632,1788876617000,1788877186000,1,0.037,0.671,0.05514157973174366
1471165126924042240,1788848204000-632578958264631296-1471165126924042240,1788848204000,1788848377000,1,0.037,0.1,0.36999999999999994
1482772108667781120,1788860109000-632578958264631296-1482772108667781120,1788860109000,1788860441000,1,0.037,0.155,0.23870967741935484
1501933614227521536,1788838641000-632578958264631296-1501933614227521536,1788838641000,1788839112000,1,0.037,0.28,0.13214285714285712
1536014667858575360,1788881234000-632578958264631296-1536014667858575360,1788881234000,1788881889000,1,0.037,0.348,0.10632183908045978
870286624469024768,1788842984000-632578958264631296-870286624469024768,1788842984000,1788843529000,1,0.037,0.79,0.046835443037974676
932334786138079232,1788850510000-632578958264631296-932334786138079232,1788850510000,1788850787000,1,0.037,0.164,0.22560975609756095
944591832124227584,1788855526000-632578958264631296-944591832124227584,1788855526000,1788855901000,1,0.037,0.11,0.33636363636363636
1065321017443876864,1788875024000-632578958264631296-1065321017443876864,1788875024000,1788875590000,1,0.036,0.139,0.2589928057553956
1071120101278744576,1788866836000-632578958264631296-1071120101278744576,1788866836000,1788866985000,1,0.036,0.078,0.4615384615384615
1073277847704961024,1788885317000-632578958264631296-1073277847704961024,1788885317000,1788886639000,1,0.036,0.359,0.10027855153203342
1073966174624022528,1788849561000-632578958264631296-1073966174624022528,1788849561000,1788849826000,1,0.036,0.007,5.142857142857142
1175796663680237568,1788852144000-632578958264631296-1175796663680237568,1788852144000,1788852505000,1,0.036,0.388,0.09278350515463916
1187402009754468352,1788872605000-632578958264631296-1187402009754468352,1788872605000,1788872824000,1,0.036,0.1,0.35999999999999993
1482772108667781120,1788826905000-632578958264631296-1482772108667781120,1788826905000,1788827313000,1,0.036,0.192,0.18749999999999997
1486716779844599808,1788878655000-632578958264631296-1486716779844599808,1788878655000,1788878888000,1,0.036,0.159,0.22641509433962262
1050036721544069120,1788850214000-632578958264631296-1050036721544069120,1788850214000,1788850404000,1,0.035,0.245,0.14285714285714288
1065321017443876864,1788884227000-632578958264631296-1065321017443876864,1788884227000,1788884416000,1,0.035,0.045,0.7777777777777779
1101156788989853696,1788852389000-632578958264631296-1101156788989853696,1788852389000,1788852512000,1,0.035,0.048,0.7291666666666667
1268615116379652096,1788832463000-632578958264631296-1268615116379652096,1788832463000,1788833563000,1,0.035,1.209,0.02894954507857734
1449735637144961024,1788835776000-632578958264631296-1449735637144961024,1788835776000,1788836401000,1,0.035,0.011,3.181818181818182
1536014667858575360,1788835250000-632578958264631296-1536014667858575360,1788835250000,1788835423000,1,0.035,0.083,0.42168674698795183
1536014744312348672,1788889985000-632578958264631296-1536014744312348672,1788889985000,1788890230000,1,0.035,0.086,0.40697674418604657
1545824860603678720,1788873022000-632578958264631296-1545824860603678720,1788873022000,1788873153000,1,0.035,0.065,0.5384615384615385
1570836903035404288,1788835715000-632578958264631296-1570836903035404288,1788835715000,1788835954000,1,0.035,0.098,0.35714285714285715
1571542304466927616,1788852797000-632578958264631296-1571542304466927616,1788852797000,1788853207000,1,0.035,0.211,0.16587677725118485
1571542304466927616,1788861784000-632578958264631296-1571542304466927616,1788861784000,1788861960000,1,0.035,0.061,0.5737704918032788
1593331058084937728,1788896957000-632578958264631296-1593331058084937728,1788896957000,1788897109000,1,0.035,0.069,0.5072463768115942
1593331058084937728,1788907078000-632578958264631296-1593331058084937728,1788907078000,1788907862000,1,0.035,0.379,0.09234828496042218
947093103351693312,1788852935000-632578958264631296-947093103351693312,1788852935000,1788854171000,1,0.035,0.729,0.04801097393689987
947094374120947712,1788843622000-632578958264631296-947094374120947712,1788843622000,1788843798000,1,0.035,0.06,0.5833333333333334
966356141711818752,1788859824000-632578958264631296-966356141711818752,1788859824000,1788860077000,1,0.035,0.365,0.09589041095890412
1072572023244324864,1788907486000-632578958264631296-1072572023244324864,1788907486000,1788907831000,1,0.034,0.351,0.09686609686609687
1079774152119812096,1788910932000-632578958264631296-1079774152119812096,1788910932000,1788911297000,1,0.034,0.174,0.19540229885057475
1082303861131051008,1788891951000-632578958264631296-1082303861131051008,1788891951000,1788892249000,1,0.034,0.321,0.10591900311526481
1083727448777949184,1788862663000-632578958264631296-1083727448777949184,1788862663000,1788862862000,1,0.034,0.224,0.1517857142857143
1170761528379441152,1788862705000-632578958264631296-1170761528379441152,1788862705000,1788863094000,1,0.034,0.215,0.15813953488372096
1176184196838719488,1788840369000-632578958264631296-1176184196838719488,1788840369000,1788840659000,1,0.034,0.346,0.09826589595375725
1187402009754468352,1788875093000-632578958264631296-1187402009754468352,1788875093000,1788875406000,1,0.034,0.165,0.20606060606060606
1363836271826305024,1788863820000-632578958264631296-1363836271826305024,1788863820000,1788864324000,1,0.034,0.297,0.1144781144781145
1449735637144961024,1788864195000-632578958264631296-1449735637144961024,1788864195000,1788864438000,1,0.034,0.01,3.4000000000000004
1471144582421938176,1788868205000-632578958264631296-1471144582421938176,1788868205000,1788868604000,1,0.034,0.352,0.0965909090909091
1499777554695847936,1788834540000-632578958264631296-1499777554695847936,1788834540000,1788834746000,1,0.034,0.085,0.4
1536014589357981696,1788834790000-632578958264631296-1536014589357981696,1788834790000,1788835146000,1,0.034,0.223,0.15246636771300448
1536014589357981696,1788865553000-632578958264631296-1536014589357981696,1788865553000,1788865716000,1,0.034,0.076,0.44736842105263164
1536014737035231232,1788855651000-632578958264631296-1536014737035231232,1788855651000,1788855820000,1,0.034,0.042,0.8095238095238095
1585283247909109760,1788867605000-632578958264631296-1585283247909109760,1788867605000,1788867798000,1,0.034,0.089,0.3820224719101124
780059706918961152,1788844052000-632578958264631296-780059706918961152,1788844052000,1788844262000,1,0.034,0.214,0.15887850467289721
780452749606125568,1788828164000-632578958264631296-780452749606125568,1788828164000,1788828492000,1,0.034,0.225,0.1511111111111111
792451146961649664,1788868974000-632578958264631296-792451146961649664,1788868974000,1788870247000,1,0.034,0.666,0.05105105105105105
873900831743672320,1788869092000-632578958264631296-873900831743672320,1788869092000,1788870035000,1,0.034,1.155,0.02943722943722944
901057526324264960,1788879064000-632578958264631296-901057526324264960,1788879064000,1788879197000,1,0.034,0.05,0.68
932335222958063616,1788861985000-632578958264631296-932335222958063616,1788861985000,1788862179000,1,0.034,0.145,0.23448275862068968
943819597830684672,1788880267000-632578958264631296-943819597830684672,1788880267000,1788880407000,1,0.034,0.122,0.27868852459016397
1023491297677148160,1788873051000-632578958264631296-1023491297677148160,1788873051000,1788873415000,1,0.033,0.193,0.17098445595854922
1071858322266652672,1788863884000-632578958264631296-1071858322266652672,1788863884000,1788864075000,1,0.033,0.129,0.2558139534883721
1073664045493518336,1788855507000-632578958264631296-1073664045493518336,1788855507000,1788855696000,1,0.033,0.052,0.6346153846153847
1083726988146900992,1788836578000-632578958264631296-1083726988146900992,1788836578000,1788836969000,1,0.033,0.386,0.08549222797927461
1131240144423092224,1788861055000-632578958264631296-1131240144423092224,1788861055000,1788861555000,1,0.033,0.624,0.052884615384615384
1135566388677574656,1788867001000-632578958264631296-1135566388677574656,1788867001000,1788867249000,1,0.033,0.282,0.1170212765957447
1136252936335130624,1788888332000-632578958264631296-1136252936335130624,1788888332000,1788888810000,1,0.033,0.505,0.06534653465346535
1138782810882965504,1788852028000-632578958264631296-1138782810882965504,1788852028000,1788852223000,1,0.033,0.287,0.11498257839721256
1153273602804547584,1788865785000-632578958264631296-1153273602804547584,1788865785000,1788866060000,1,0.033,0.233,0.14163090128755365
1173302979768352768,1788870874000-632578958264631296-1173302979768352768,1788870874000,1788871465000,1,0.033,0.693,0.04761904761904762
1268615116379652096,1788834150000-632578958264631296-1268615116379652096,1788834150000,1788834409000,1,0.033,0.215,0.15348837209302327
1422205425331208192,1788882997000-632578958264631296-1422205425331208192,1788882997000,1788883172000,1,0.033,0.135,0.24444444444444444
1477629515881512960,1788861343000-632578958264631296-1477629515881512960,1788861343000,1788861596000,1,0.033,0.068,0.4852941176470588
1482772108667781120,1788860716000-632578958264631296-1482772108667781120,1788860716000,1788861497000,1,0.033,0.298,0.11073825503355705
1500145408670695424,1788882907000-632578958264631296-1500145408670695424,1788882907000,1788883344000,1,0.033,0.238,0.13865546218487396
1535704124731949056,1788879867701-632578958264631296-1535704124731949056,1788879867000,1788880428000,1,0.033,0.26,0.12692307692307692
1536014667858575360,1788874954000-632578958264631296-1536014667858575360,1788874954000,1788876302000,1,0.033,0.6,0.05500000000000001
635414442816888832,1788847045000-632578958264631296-635414442816888832,1788847045000,1788847174000,1,0.033,0.089,0.3707865168539326
780451558935494656,1788864947000-632578958264631296-780451558935494656,1788864947000,1788865117000,1,0.033,0.132,0.25
789852612550721536,1788848226000-632578958264631296-789852612550721536,1788848226000,1788848389000,1,0.033,0.076,0.4342105263157895
803716121332023296,1788899834000-632578958264631296-803716121332023296,1788899834000,1788899997000,1,0.033,0.129,0.2558139534883721
876422423786815488,1788888238000-632578958264631296-876422423786815488,1788888238000,1788888550000,1,0.033,0.285,0.11578947368421054
901057526324264960,1788880584000-632578958264631296-901057526324264960,1788880584000,1788880700000,1,0.033,0.04,0.8250000000000001
946030376206204928,1788867182000-632578958264631296-946030376206204928,1788867182000,1788868575000,1,0.033,0.088,0.37500000000000006
951561875261227008,1788863833000-632578958264631296-951561875261227008,1788863833000,1788864012000,1,0.033,0.065,0.5076923076923077
1045646397224779776,1788856340000-632578958264631296-1045646397224779776,1788856340000,1788856518000,1,0.032,0.113,0.2831858407079646
1062738070563979264,1788832110000-632578958264631296-1062738070563979264,1788832110000,1788832321000,1,0.032,0.08,0.4
1062738070563979264,1788845869000-632578958264631296-1062738070563979264,1788845869000,1788846269000,1,0.032,0.18,0.17777777777777778
1065671842468986880,1788851454000-632578958264631296-1065671842468986880,1788851454000,1788851701000,1,0.032,0.233,0.13733905579399142
1079774152119812096,1788883536000-632578958264631296-1079774152119812096,1788883536000,1788883989000,1,0.032,0.185,0.17297297297297298
1080454515951403008,1788858732000-632578958264631296-1080454515951403008,1788858732000,1788858897000,1,0.032,0.024,1.3333333333333333
1094584670655348736,1788871520000-632578958264631296-1094584670655348736,1788871520000,1788871933000,1,0.032,0.483,0.06625258799171843
1111626569580806144,1788840857000-632578958264631296-1111626569580806144,1788840857000,1788841098000,1,0.032,0.136,0.23529411764705882
1120316662394912768,1788854441000-632578958264631296-1120316662394912768,1788854441000,1788854739000,1,0.032,0.297,0.10774410774410775
1468940686052032512,1788889291000-632578958264631296-1468940686052032512,1788889291000,1788890124000,1,0.032,0.479,0.06680584551148226
1504892206538817536,1788862056000-632578958264631296-1504892206538817536,1788862056000,1788862296000,1,0.032,0.14,0.22857142857142856
1505916014645215232,1788876470000-632578958264631296-1505916014645215232,1788876470000,1788876589000,1,0.032,0.13,0.24615384615384614
870286624469024768,1788884608000-632578958264631296-870286624469024768,1788884608000,1788885147000,1,0.032,0.507,0.0631163708086785
938499921487593472,1788879610000-632578958264631296-938499921487593472,1788879610000,1788880077000,1,0.032,0.518,0.06177606177606178
951556794549796864,1788872890000-632578958264631296-951556794549796864,1788872890000,1788873911000,1,0.032,0.378,0.08465608465608465
961238953837461504,1788880361000-632578958264631296-961238953837461504,1788880361000,1788880476000,1,0.032,0.077,0.4155844155844156
964170762879500288,1788868398000-632578958264631296-964170762879500288,1788868398000,1788868769000,1,0.032,0.362,0.08839779005524863
1046837731746906112,1788845905000-632578958264631296-1046837731746906112,1788845905000,1788847273000,1,0.031,0.465,0.06666666666666667
1061979678694178816,1788881307000-632578958264631296-1061979678694178816,1788881307000,1788881649000,1,0.031,0.134,0.23134328358208953
1079444806125486080,1788859546000-632578958264631296-1079444806125486080,1788859546000,1788860009000,1,0.031,0.496,0.0625
1131239137144209408,1788846920000-632578958264631296-1131239137144209408,1788846920000,1788847095000,1,0.031,0.185,0.16756756756756758
1362128357327634432,1788882092000-632578958264631296-1362128357327634432,1788882092000,1788882223000,1,0.031,0.051,0.607843137254902
1363836271826305024,1788908937000-632578958264631296-1363836271826305024,1788908937000,1788909125000,1,0.031,0.103,0.3009708737864078
1370798572273926144,1788873761000-632578958264631296-1370798572273926144,1788873761000,1788874007000,1,0.031,0.132,0.23484848484848483
1385588586753032192,1788876672000-632578958264631296-1385588586753032192,1788876672000,1788876996000,1,0.031,0.186,0.16666666666666666
1422205425331208192,1788892937000-632578958264631296-1422205425331208192,1788892937000,1788893087000,1,0.031,0.074,0.4189189189189189
1469693281720860672,1788837802000-632578958264631296-1469693281720860672,1788837802000,1788838147000,1,0.031,0.112,0.2767857142857143
1477629515881512960,1788835843000-632578958264631296-1477629515881512960,1788835843000,1788836096000,1,0.031,0.159,0.19496855345911948
1501933614227521536,1788847612000-632578958264631296-1501933614227521536,1788847612000,1788847798000,1,0.031,0.093,0.3333333333333333
1536014618822967296,1788850234000-632578958264631296-1536014618822967296,1788850234000,1788850364000,1,0.031,0.083,0.37349397590361444
857602255610707968,1788859670000-632578958264631296-857602255610707968,1788859670000,1788859875000,1,0.031,0.21,0.14761904761904762
860146891080335360,1788877901000-632578958264631296-860146891080335360,1788877901000,1788878167000,1,0.031,0.131,0.23664122137404578
866648789010612224,1788853141000-632578958264631296-866648789010612224,1788853141000,1788853359000,1,0.031,0.086,0.3604651162790698
915980150607183872,1788880169000-632578958264631296-915980150607183872,1788880169000,1788880653000,1,0.031,0.217,0.14285714285714285
936665179544879104,1788851603000-632578958264631296-936665179544879104,1788851603000,1788851897000,1,0.031,0.311,0.09967845659163987
947104748366987264,1788846156000-632578958264631296-947104748366987264,1788846156000,1788846317000,1,0.031,0.095,0.3263157894736842
1050036776183267328,1788885709000-632578958264631296-1050036776183267328,1788885709000,1788886158000,1,0.03,0.496,0.06048387096774193
1050781444223270912,1788884268000-632578958264631296-1050781444223270912,1788884268000,1788884639000,1,0.03,0.394,0.07614213197969542
1067775063052255232,1788879098000-632578958264631296-1067775063052255232,1788879098000,1788879345000,1,0.03,0.073,0.4109589041095891
1083728677599969280,1788877957000-632578958264631296-1083728677599969280,1788877957000,1788879654000,1,0.03,1.451,0.020675396278428668
1489984398731247616,1788834619000-632578958264631296-1489984398731247616,1788834619000,1788834798000,1,0.03,0.06,0.5
1501933902321680384,1788866652000-632578958264631296-1501933902321680384,1788866652000,1788866761000,1,0.03,0.043,0.6976744186046512
1535704124731949056,1788833139000-632578958264631296-1535704124731949056,1788833139000,1788833468000,1,0.03,0.126,0.23809523809523808
1536014674678513664,1788860102000-632578958264631296-1536014674678513664,1788860102000,1788860313000,1,0.03,0.11,0.2727272727272727
1536014744312348672,1788862977000-632578958264631296-1536014744312348672,1788862977000,1788863143000,1,0.03,0.08,0.375
1536014744312348672,1788879074000-632578958264631296-1536014744312348672,1788879074000,1788879243000,1,0.03,0.076,0.39473684210526316
1536014744312348672,1788889705000-632578958264631296-1536014744312348672,1788889705000,1788889895000,1,0.03,0.101,0.297029702970297
1571542304466927616,1788856720000-632578958264631296-1571542304466927616,1788856720000,1788857103000,1,0.03,0.133,0.22556390977443608
1593693995681185792,1788871475000-632578958264631296-1593693995681185792,1788871475000,1788871633000,1,0.03,0.052,0.576923076923077
780451764301201408,1788850387000-632578958264631296-780451764301201408,1788850387000,1788850611000,1,0.03,0.17,0.1764705882352941
789852692640956416,1788880481000-632578958264631296-789852692640956416,1788880481000,1788880752000,1,0.03,0.267,0.11235955056179774
893821287409909760,1788860228000-632578958264631296-893821287409909760,1788860228000,1788860331000,1,0.03,0.001,30.0
922469481249243136,1788852295000-632578958264631296-922469481249243136,1788852295000,1788852507000,1,0.03,0.387,0.07751937984496124
944590362620461056,1788874131000-632578958264631296-944590362620461056,1788874131000,1788874310000,1,0.03,0.085,0.3529411764705882
951563481520275456,1788853207000-632578958264631296-951563481520275456,1788853207000,1788853337000,1,0.03,0.001,30.0
1049976646406242304,1788898645000-632578958264631296-1049976646406242304,1788898645000,1788898813000,1,0.029,0.117,0.24786324786324787
1067767656859303936,1788881065000-632578958264631296-1067767656859303936,1788881065000,1788881357000,1,0.029,0.43,0.06744186046511629
1073966174624022528,1788851709000-632578958264631296-1073966174624022528,1788851709000,1788851988000,1,0.029,0.006,4.833333333333333
1083726698509238272,1788881170000-632578958264631296-1083726698509238272,1788881170000,1788881430000,1,0.029,0.278,0.10431654676258992
1108703058243616768,1788864126000-632578958264631296-1108703058243616768,1788864126000,1788864898000,1,0.029,0.604,0.048013245033112585
1175796546902425600,1788881734000-632578958264631296-1175796546902425600,1788881734000,1788881946000,1,0.029,0.16,0.18125
1385589109656911872,1788842171000-632578958264631296-1385589109656911872,1788842171000,1788842422000,1,0.029,0.106,0.27358490566037735
1389244197004902400,1788852090000-632578958264631296-1389244197004902400,1788852090000,1788852434000,1,0.029,0.16,0.18125
1462138501628690432,1788857516000-632578958264631296-1462138501628690432,1788857516000,1788857879000,1,0.029,0.417,0.0695443645083933
1484590862305329152,1788863609000-632578958264631296-1484590862305329152,1788863609000,1788863867000,1,0.029,0.158,0.18354430379746836
1501933614227521536,1788834873000-632578958264631296-1501933614227521536,1788834873000,1788835011000,1,0.029,0.07,0.41428571428571426
1536014589357981696,1788879980000-632578958264631296-1536014589357981696,1788879980000,1788880119000,1,0.029,0.045,0.6444444444444445
1536427445069021184,1788883225000-632578958264631296-1536427445069021184,1788883225000,1788883455000,1,0.029,0.121,0.2396694214876033
878252193440858112,1788857689000-632578958264631296-878252193440858112,1788857689000,1788858199000,1,0.029,0.177,0.16384180790960454
944573988506435584,1788872672000-632578958264631296-944573988506435584,1788872672000,1788872806000,1,0.029,0.032,0.90625
947581828959567872,1788846699000-632578958264631296-947581828959567872,1788846699000,1788847721000,1,0.029,0.554,0.052346570397111915
951561875261227008,1788836194000-632578958264631296-951561875261227008,1788836194000,1788836437000,1,0.029,0.093,0.3118279569892473
951561875261227008,1788836885000-632578958264631296-951561875261227008,1788836885000,1788837111000,1,0.029,0.124,0.2338709677419355
1046752835124854784,1788855676000-632578958264631296-1046752835124854784,1788855676000,1788855915000,1,0.028,0.318,0.0880503144654088
1083727048683290624,1788862333000-632578958264631296-1083727048683290624,1788862333000,1788862803000,1,0.028,0.623,0.0449438202247191
1113484110199783424,1788841935000-632578958264631296-1113484110199783424,1788841935000,1788842263000,1,0.028,0.303,0.09240924092409242
1135630948969218048,1788841022000-632578958264631296-1135630948969218048,1788841022000,1788841206000,1,0.028,0.156,0.1794871794871795
1153273602804547584,1788860316000-632578958264631296-1153273602804547584,1788860316000,1788860515000,1,0.028,0.106,0.2641509433962264
1268615019327651840,1788833642000-632578958264631296-1268615019327651840,1788833642000,1788833987000,1,0.028,0.412,0.0679611650485437
1422205727123963904,1788855550000-632578958264631296-1422205727123963904,1788855550000,1788855971000,1,0.028,0.19,0.1473684210526316
1464253789857906688,1788848823000-632578958264631296-1464253789857906688,1788848823000,1788849420000,1,0.028,0.297,0.09427609427609428
1488156307717357568,1788850365000-632578958264631296-1488156307717357568,1788850365000,1788850642000,1,0.028,0.124,0.22580645161290322
1501933614227521536,1788826790000-632578958264631296-1501933614227521536,1788826790000,1788827357000,1,0.028,0.313,0.08945686900958466
1536014535985463296,1788857016000-632578958264631296-1536014535985463296,1788857016000,1788857167000,1,0.028,0.061,0.45901639344262296
1536014589357981696,1788878720000-632578958264631296-1536014589357981696,1788878720000,1788878962000,1,0.028,0.091,0.3076923076923077
1536014716214706176,1788869290000-632578958264631296-1536014716214706176,1788869290000,1788869467000,1,0.028,0.1,0.27999999999999997
786329086610898944,1788871043000-632578958264631296-786329086610898944,1788871043000,1788871246000,1,0.028,0.136,0.20588235294117646
873201356771426304,1788885049000-632578958264631296-873201356771426304,1788885049000,1788885617000,1,0.028,0.31,0.0903225806451613
938442824968306688,1788859798000-632578958264631296-938442824968306688,1788859798000,1788860279000,1,0.028,0.218,0.12844036697247707
942436996423352320,1788853446000-632578958264631296-942436996423352320,1788853446000,1788853641000,1,0.028,0.009,3.1111111111111116
944574738938724352,1788866400000-632578958264631296-944574738938724352,1788866400000,1788866507000,1,0.028,0.034,0.8235294117647058
967085947369816064,1788871517000-632578958264631296-967085947369816064,1788871517000,1788871793000,1,0.028,0.231,0.12121212121212122
1023491297677148160,1788839602000-632578958264631296-1023491297677148160,1788839602000,1788840055000,1,0.027,0.188,0.14361702127659573
1047650330055016448,1788872626000-632578958264631296-1047650330055016448,1788872626000,1788872770000,1,0.027,0.033,0.8181818181818181
1050036987500691456,1788888537000-632578958264631296-1050036987500691456,1788888537000,1788889023000,1,0.027,0.809,0.03337453646477132
1056588446363025408,1788872819000-632578958264631296-1056588446363025408,1788872819000,1788872937000,1,0.027,0.079,0.34177215189873417
1061979678694178816,1788875890000-632578958264631296-1061979678694178816,1788875890000,1788876218000,1,0.027,0.131,0.20610687022900762
1073966174624022528,1788854665000-632578958264631296-1073966174624022528,1788854665000,1788854898000,1,0.027,0.005,5.3999999999999995
1083727448777949184,1788850673000-632578958264631296-1083727448777949184,1788850673000,1788850829000,1,0.027,0.145,0.18620689655172415
1083728870357598208,1788870133000-632578958264631296-1083728870357598208,1788870133000,1788870321000,1,0.027,0.093,0.2903225806451613
1090633180173565952,1788858287000-632578958264631296-1090633180173565952,1788858287000,1788858878000,1,0.027,0.495,0.05454545454545454
1094650284191252480,1788874342000-632578958264631296-1094650284191252480,1788874342000,1788874500000,1,0.027,0.19,0.14210526315789473
1094650284191252480,1788889881000-632578958264631296-1094650284191252480,1788889881000,1788890061000,1,0.027,0.132,0.20454545454545453
1108736100332994560,1788860918000-632578958264631296-1108736100332994560,1788860918000,1788861189000,1,0.027,0.295,0.09152542372881356
1209168031477923840,1788906610000-632578958264631296-1209168031477923840,1788906610000,1788906941000,1,0.027,0.263,0.1026615969581749
861290333428776960,1788865942000-632578958264631296-861290333428776960,1788865942000,1788866068000,1,0.027,0.104,0.25961538461538464
871764433825693696,1788859937000-632578958264631296-871764433825693696,1788859937000,1788860339000,1,0.027,0.478,0.056485355648535567
873916972050415616,1788829652000-632578958264631296-873916972050415616,1788829652000,1788830431000,1,0.027,0.807,0.03345724907063197
938815406225752064,1788875839000-632578958264631296-938815406225752064,1788875839000,1788876957000,1,0.027,0.375,0.072
942427579615281152,1788872720000-632578958264631296-942427579615281152,1788872720000,1788872875000,1,0.027,0.087,0.3103448275862069
942469459329679360,1788833647000-632578958264631296-942469459329679360,1788833647000,1788833761000,1,0.027,0.042,0.6428571428571428
943818030159233024,1788881454000-632578958264631296-943818030159233024,1788881454000,1788882771000,1,0.027,0.51,0.052941176470588235
1046442314819436544,1788844611000-632578958264631296-1046442314819436544,1788844611000,1788844727000,1,0.026,0.073,0.3561643835616438
1050036987500691456,1788889583000-632578958264631296-1050036987500691456,1788889583000,1788890263000,1,0.026,0.773,0.03363518758085381
1050037591694376960,1788868148000-632578958264631296-1050037591694376960,1788868148000,1788868374000,1,0.026,0.08,0.32499999999999996
1061351650800697344,1788831727000-632578958264631296-1061351650800697344,1788831727000,1788832060000,1,0.026,0.173,0.15028901734104047
1071120101278744576,1788863276000-632578958264631296-1071120101278744576,1788863276000,1788863550000,1,0.026,0.186,0.13978494623655913
1080454515951403008,1788858449000-632578958264631296-1080454515951403008,1788858449000,1788858627000,1,0.026,0.05,0.5199999999999999
1131972366507704320,1788860276000-632578958264631296-1131972366507704320,1788860276000,1788860455000,1,0.026,0.064,0.40625
1132636490090676224,1788872295000-632578958264631296-1132636490090676224,1788872295000,1788872454000,1,0.026,0.065,0.39999999999999997
1176582451024101376,1788892141000-632578958264631296-1176582451024101376,1788892141000,1788892615000,1,0.026,0.571,0.04553415061295972
1428367002015105024,1788864923000-632578958264631296-1428367002015105024,1788864923000,1788865033000,1,0.026,0.037,0.7027027027027027
1501934002158698496,1788895803000-632578958264631296-1501934002158698496,1788895803000,1788895934000,1,0.026,0.066,0.3939393939393939
1536014723353411584,1788829416000-632578958264631296-1536014723353411584,1788829416000,1788830018000,1,0.026,0.31,0.08387096774193548
915980150607183872,1788867102000-632578958264631296-915980150607183872,1788867102000,1788867281000,1,0.026,0.184,0.14130434782608695
932333591893901312,1788831995000-632578958264631296-932333591893901312,1788831995000,1788832193000,1,0.026,0.163,0.15950920245398773
943859348893859840,1788889646000-632578958264631296-943859348893859840,1788889646000,1788889813000,1,0.026,0.102,0.2549019607843137
951561875261227008,1788860146000-632578958264631296-951561875261227008,1788860146000,1788860307000,1,0.026,0.104,0.25
967085947369816064,1788868559000-632578958264631296-967085947369816064,1788868559000,1788868805000,1,0.026,0.253,0.10276679841897232
1050024168621342720,1788887076000-632578958264631296-1050024168621342720,1788887076000,1788887371000,1,0.025,0.001,25.0
1066703715756408832,1788829957000-632578958264631296-1066703715756408832,1788829957000,1788830149000,1,0.025,0.073,0.34246575342465757
1067776270814674944,1788847716000-632578958264631296-1067776270814674944,1788847716000,1788847945000,1,0.025,0.128,0.1953125
1083727048683290624,1788889968000-632578958264631296-1083727048683290624,1788889968000,1788890551000,1,0.025,0.167,0.1497005988023952
1093087738300727296,1788872448000-632578958264631296-1093087738300727296,1788872448000,1788872593000,1,0.025,0.063,0.39682539682539686
1112389405491855360,1788871446000-632578958264631296-1112389405491855360,1788871446000,1788871788000,1,0.025,0.112,0.22321428571428573
1363836271826305024,1788911791000-632578958264631296-1363836271826305024,1788911791000,1788911940000,1,0.025,0.121,0.2066115702479339
1397607641592627200,1788850960000-632578958264631296-1397607641592627200,1788850960000,1788851208000,1,0.025,0.148,0.16891891891891894
1406586595699589120,1788874431000-632578958264631296-1406586595699589120,1788874431000,1788874581000,1,0.025,0.104,0.24038461538461542
1479440816106635264,1788862987000-632578958264631296-1479440816106635264,1788862987000,1788863413000,1,0.025,0.153,0.16339869281045752
1536014577374855168,1788830809000-632578958264631296-1536014577374855168,1788830809000,1788830964000,1,0.025,0.073,0.34246575342465757
1536014589357981696,1788880657000-632578958264631296-1536014589357981696,1788880657000,1788880875000,1,0.025,0.092,0.27173913043478265
1536014660929585152,1788840204000-632578958264631296-1536014660929585152,1788840204000,1788840406000,1,0.025,0.112,0.22321428571428573
780451764301201408,1788864361000-632578958264631296-780451764301201408,1788864361000,1788864519000,1,0.025,0.178,0.1404494382022472
915980150607183872,1788876941000-632578958264631296-915980150607183872,1788876941000,1788877461000,1,0.025,0.358,0.06983240223463688
943859348893859840,1788860640000-632578958264631296-943859348893859840,1788860640000,1788860787000,1,0.025,0.059,0.42372881355932207
944590362620461056,1788872869000-632578958264631296-944590362620461056,1788872869000,1788873174000,1,0.025,0.109,0.22935779816513763
966356141711818752,1788847706000-632578958264631296-966356141711818752,1788847706000,1788847934000,1,0.025,0.237,0.10548523206751056
1023491297677148160,1788867004000-632578958264631296-1023491297677148160,1788867004000,1788867152000,1,0.024,0.061,0.39344262295081966
1046837731746906112,1788870760000-632578958264631296-1046837731746906112,1788870760000,1788871633000,1,0.024,0.346,0.06936416184971099
1073278104413143040,1788879666000-632578958264631296-1073278104413143040,1788879666000,1788880250000,1,0.024,0.213,0.11267605633802817
1079787761596104704,1788876529000-632578958264631296-1079787761596104704,1788876529000,1788876772000,1,0.024,0.175,0.13714285714285715
1105914860262129664,1788838757000-632578958264631296-1105914860262129664,1788838757000,1788839135000,1,0.024,0.113,0.21238938053097345
1396881703661731840,1788881555000-632578958264631296-1396881703661731840,1788881555000,1788881841000,1,0.024,0.088,0.27272727272727276
1406228892573761536,1788849433000-632578958264631296-1406228892573761536,1788849433000,1788849601000,1,0.024,0.067,0.3582089552238806
1479447378401427456,1788876926000-632578958264631296-1479447378401427456,1788876926000,1788877117000,1,0.024,0.099,0.24242424242424243
873104331912511488,1788884019000-632578958264631296-873104331912511488,1788884019000,1788884289000,1,0.024,0.273,0.0879120879120879
873570129613422592,1788878716000-632578958264631296-873570129613422592,1788878716000,1788878898000,1,0.024,0.194,0.12371134020618557
932334220825591808,1788863760000-632578958264631296-932334220825591808,1788863760000,1788863949000,1,0.024,0.196,0.12244897959183673
934473019407990784,1788832647000-632578958264631296-934473019407990784,1788832647000,1788833320000,1,0.024,0.765,0.03137254901960784
943859348893859840,1788890634000-632578958264631296-943859348893859840,1788890634000,1788890746000,1,0.024,0.038,0.6315789473684211
944574346884546560,1788875969000-632578958264631296-944574346884546560,1788875969000,1788876416000,1,0.024,0.104,0.23076923076923078
961239466377216000,1788844783000-632578958264631296-961239466377216000,1788844783000,1788844878000,1,0.024,0.052,0.46153846153846156
1062738070563979264,1788840693000-632578958264631296-1062738070563979264,1788840693000,1788840807000,1,0.023,0.063,0.36507936507936506
1067763553357791232,1788845614000-632578958264631296-1067763553357791232,1788845614000,1788845814000,1,0.023,0.247,0.0931174089068826
1067763553357791232,1788851391000-632578958264631296-1067763553357791232,1788851391000,1788851543000,1,0.023,0.182,0.12637362637362637
1067793936933715968,1788910301000-632578958264631296-1067793936933715968,1788910301000,1788910693000,1,0.023,0.131,0.17557251908396945
1073663863301341184,1788868037000-632578958264631296-1073663863301341184,1788868037000,1788868573000,1,0.023,0.166,0.13855421686746988
1073664045493518336,1788858019000-632578958264631296-1073664045493518336,1788858019000,1788858569000,1,0.023,0.273,0.08424908424908424
1076924285072703488,1788846966000-632578958264631296-1076924285072703488,1788846966000,1788847243000,1,0.023,0.117,0.19658119658119658
1079774152119812096,1788904265000-632578958264631296-1079774152119812096,1788904265000,1788904636000,1,0.023,0.124,0.18548387096774194
1080454515951403008,1788873081000-632578958264631296-1080454515951403008,1788873081000,1788873777000,1,0.023,0.29,0.07931034482758621
1080910261382021120,1788830828000-632578958264631296-1080910261382021120,1788830828000,1788831502000,1,0.023,0.357,0.06442577030812326
1080910261382021120,1788874192000-632578958264631296-1080910261382021120,1788874192000,1788874548000,1,0.023,0.151,0.152317880794702
1131239137144209408,1788859645000-632578958264631296-1131239137144209408,1788859645000,1788860007000,1,0.023,0.391,0.058823529411764705
1131972366507704320,1788865807000-632578958264631296-1131972366507704320,1788865807000,1788865993000,1,0.023,0.01,2.3
1135598313102376960,1788880038000-632578958264631296-1135598313102376960,1788880038000,1788880258000,1,0.023,0.093,0.24731182795698925
1475453376262045696,1788838425000-632578958264631296-1475453376262045696,1788838425000,1788838671000,1,0.023,0.175,0.13142857142857142
1488160320575766528,1788879652000-632578958264631296-1488160320575766528,1788879652000,1788880218000,1,0.023,0.344,0.06686046511627908
1489984398731247616,1788834802000-632578958264631296-1489984398731247616,1788834802000,1788835036000,1,0.023,0.11,0.20909090909090908
786246735176400896,1788856794000-632578958264631296-786246735176400896,1788856794000,1788857145000,1,0.023,0.125,0.184
870575606247456768,1788829208000-632578958264631296-870575606247456768,1788829208000,1788830511000,1,0.023,1.374,0.016739446870451237
943859348893859840,1788876147000-632578958264631296-943859348893859840,1788876147000,1788876338000,1,0.023,0.079,0.2911392405063291
943859348893859840,1788890954000-632578958264631296-943859348893859840,1788890954000,1788891263000,1,0.023,0.151,0.152317880794702
946030376206204928,1788841840000-632578958264631296-946030376206204928,1788841840000,1788842702000,1,0.023,0.323,0.07120743034055728
1067764779667423232,1788862053000-632578958264631296-1067764779667423232,1788862053000,1788862218000,1,0.022,0.138,0.15942028985507245
1067767771279917056,1788842877000-632578958264631296-1067767771279917056,1788842877000,1788843144000,1,0.022,0.226,0.09734513274336282
1071858322266652672,1788865163000-632578958264631296-1071858322266652672,1788865163000,1788865619000,1,0.022,0.221,0.09954751131221719
1079026604165824512,1788857012000-632578958264631296-1079026604165824512,1788857012000,1788857125000,1,0.022,0.054,0.4074074074074074
1080454515951403008,1788860755000-632578958264631296-1080454515951403008,1788860755000,1788860874000,1,0.022,0.064,0.34375
1083726698509238272,1788829641000-632578958264631296-1083726698509238272,1788829641000,1788830324000,1,0.022,0.731,0.030095759233926128
1157003119578578944,1788827075000-632578958264631296-1157003119578578944,1788827075000,1788827459000,1,0.022,0.155,0.14193548387096774
1187402009754468352,1788863382000-632578958264631296-1187402009754468352,1788863382000,1788863756000,1,0.022,0.194,0.11340206185567009
1268615116379652096,1788881499000-632578958264631296-1268615116379652096,1788881499000,1788881721000,1,0.022,0.103,0.21359223300970873
1396881703661731840,1788887501000-632578958264631296-1396881703661731840,1788887501000,1788887683000,1,0.022,0.05,0.43999999999999995
1428367002015105024,1788842772000-632578958264631296-1428367002015105024,1788842772000,1788842994000,1,0.022,0.087,0.25287356321839083
1464253789857906688,1788844638000-632578958264631296-1464253789857906688,1788844638000,1788845145000,1,0.022,0.245,0.08979591836734693
1464628801508999168,1788834477000-632578958264631296-1464628801508999168,1788834477000,1788835061000,1,0.022,0.252,0.0873015873015873
1486725792942522368,1788831686000-632578958264631296-1486725792942522368,1788831686000,1788831916000,1,0.022,0.074,0.2972972972972973
1536014744312348672,1788856831000-632578958264631296-1536014744312348672,1788856831000,1788856944000,1,0.022,0.038,0.5789473684210527
1536427445069021184,1788892391000-632578958264631296-1536427445069021184,1788892391000,1788892854000,1,0.022,0.209,0.10526315789473684
1593331058084937728,1788896174000-632578958264631296-1593331058084937728,1788896174000,1788896575000,1,0.022,0.152,0.14473684210526316
926578486859005952,1788861039000-632578958264631296-926578486859005952,1788861039000,1788861147000,1,0.022,0.082,0.26829268292682923
939546576563470336,1788836192000-632578958264631296-939546576563470336,1788836192000,1788836391000,1,0.022,0.153,0.1437908496732026
944590362620461056,1788877226000-632578958264631296-944590362620461056,1788877226000,1788877395000,1,0.022,0.077,0.2857142857142857
946025328671719424,1788838600000-632578958264631296-946025328671719424,1788838600000,1788838709000,1,0.022,0.043,0.5116279069767442
964171206683000832,1788886247000-632578958264631296-964171206683000832,1788886247000,1788887172000,1,0.022,0.458,0.04803493449781659
967085947369816064,1788864904000-632578958264631296-967085947369816064,1788864904000,1788865081000,1,0.022,0.103,0.21359223300970873
1050036987500691456,1788887956000-632578958264631296-1050036987500691456,1788887956000,1788888132000,1,0.021,0.158,0.1329113924050633
1067767771279917056,1788838455000-632578958264631296-1067767771279917056,1788838455000,1788838939000,1,0.021,0.521,0.04030710172744722
1082330521322651648,1788851978000-632578958264631296-1082330521322651648,1788851978000,1788852319000,1,0.021,0.39,0.05384615384615385
1083726345994764288,1788870179000-632578958264631296-1083726345994764288,1788870179000,1788870859000,1,0.021,0.71,0.029577464788732397
1083727772540469248,1788887011000-632578958264631296-1083727772540469248,1788887011000,1788887222000,1,0.021,0.213,0.09859154929577466
1131240847388442624,1788896805000-632578958264631296-1131240847388442624,1788896805000,1788897055000,1,0.021,0.187,0.11229946524064172
1536014758619119616,1788851793000-632578958264631296-1536014758619119616,1788851793000,1788852074000,1,0.021,0.143,0.14685314685314688
780059706918961152,1788847597000-632578958264631296-780059706918961152,1788847597000,1788848017000,1,0.021,0.319,0.06583072100313479
786329294770012160,1788852239000-632578958264631296-786329294770012160,1788852239000,1788852562000,1,0.021,0.172,0.12209302325581398
788429534713085952,1788841435000-632578958264631296-788429534713085952,1788841435000,1788842450000,1,0.021,3.359,0.006251860672819292
809467481230934016,1788888261000-632578958264631296-809467481230934016,1788888261000,1788888614000,1,0.021,0.24,0.08750000000000001
938815830156640256,1788827489000-632578958264631296-938815830156640256,1788827489000,1788827844000,1,0.021,0.354,0.05932203389830509
1046442858321543168,1788837998000-632578958264631296-1046442858321543168,1788837998000,1788838427000,1,0.02,0.124,0.16129032258064516
1049976646406242304,1788870383000-632578958264631296-1049976646406242304,1788870383000,1788870639000,1,0.02,0.304,0.06578947368421052
1050035941135089664,1788846018000-632578958264631296-1050035941135089664,1788846018000,1788846207000,1,0.02,0.137,0.145985401459854
1050037537222950912,1788870133000-632578958264631296-1050037537222950912,1788870133000,1788871206000,1,0.02,0.562,0.03558718861209964
1072572023244324864,1788875524000-632578958264631296-1072572023244324864,1788875524000,1788875770000,1,0.02,0.189,0.10582010582010583
1073663431535493120,1788848817000-632578958264631296-1073663431535493120,1788848817000,1788849285000,1,0.02,0.588,0.034013605442176874
1076924285072703488,1788857095000-632578958264631296-1076924285072703488,1788857095000,1788857232000,1,0.02,0.036,0.5555555555555556
1101156788989853696,1788887504000-632578958264631296-1101156788989853696,1788887504000,1788887877000,1,0.02,0.075,0.26666666666666666
1105915143314735104,1788867889000-632578958264631296-1105915143314735104,1788867889000,1788868248000,1,0.02,0.386,0.05181347150259067
1111626569580806144,1788840509000-632578958264631296-1111626569580806144,1788840509000,1788840799000,1,0.02,0.101,0.198019801980198
1131240144423092224,1788863138000-632578958264631296-1131240144423092224,1788863138000,1788863333000,1,0.02,0.182,0.1098901098901099
1135566388677574656,1788864658000-632578958264631296-1135566388677574656,1788864658000,1788864924000,1,0.02,0.249,0.08032128514056225
1312806942439112704,1788882669000-632578958264631296-1312806942439112704,1788882669000,1788883087000,1,0.02,0.209,0.09569377990430622
1385588586753032192,1788856985000-632578958264631296-1385588586753032192,1788856985000,1788857952000,1,0.02,0.496,0.04032258064516129
1449735637144961024,1788861358000-632578958264631296-1449735637144961024,1788861358000,1788861777000,1,0.02,0.006,3.3333333333333335
1464628801508999168,1788854062000-632578958264631296-1464628801508999168,1788854062000,1788854387000,1,0.02,0.169,0.11834319526627218
1464628801508999168,1788866483000-632578958264631296-1464628801508999168,1788866483000,1788866698000,1,0.02,0.076,0.2631578947368421
1465365829724930048,1788838325000-632578958264631296-1465365829724930048,1788838325000,1788838590000,1,0.02,0.167,0.11976047904191617
1471165126924042240,1788860889000-632578958264631296-1471165126924042240,1788860889000,1788861085000,1,0.02,0.102,0.19607843137254904
1488156479612518400,1788883697000-632578958264631296-1488156479612518400,1788883697000,1788884107000,1,0.02,0.174,0.1149425287356322
1501933902321680384,1788840327000-632578958264631296-1501933902321680384,1788840327000,1788840552000,1,0.02,0.151,0.13245033112582782
1501934002158698496,1788872942000-632578958264631296-1501934002158698496,1788872942000,1788873046000,1,0.02,0.032,0.625
1536014589357981696,1788850654000-632578958264631296-1536014589357981696,1788850654000,1788850813000,1,0.02,0.068,0.29411764705882354
1536014667858575360,1788867489000-632578958264631296-1536014667858575360,1788867489000,1788867743000,1,0.02,0.104,0.19230769230769232
1536014744312348672,1788856071000-632578958264631296-1536014744312348672,1788856071000,1788856317000,1,0.02,0.065,0.3076923076923077
1536427445069021184,1788874453000-632578958264631296-1536427445069021184,1788874453000,1788874639000,1,0.02,0.042,0.47619047619047616
1540361293100220416,1788911681000-632578958264631296-1540361293100220416,1788911681000,1788911928000,1,0.02,0.16,0.125
1540361830973571072,1788890990000-632578958264631296-1540361830973571072,1788890990000,1788891329000,1,0.02,0.168,0.11904761904761904
809467481230934016,1788880458000-632578958264631296-809467481230934016,1788880458000,1788880735000,1,0.02,0.186,0.10752688172043011
869903934959910912,1788869811000-632578958264631296-869903934959910912,1788869811000,1788870017000,1,0.02,0.186,0.10752688172043011
871764525957775360,1788891728000-632578958264631296-871764525957775360,1788891728000,1788891896000,1,0.02,0.157,0.12738853503184713
915980150607183872,1788864911000-632578958264631296-915980150607183872,1788864911000,1788865073000,1,0.02,0.096,0.20833333333333334
939546232131420160,1788837029000-632578958264631296-939546232131420160,1788837029000,1788837186000,1,0.02,0.087,0.2298850574712644
1050037048276156416,1788829237000-632578958264631296-1050037048276156416,1788829237000,1788829451000,1,0.019,0.119,0.1596638655462185
1067763772824748032,1788872568000-632578958264631296-1067763772824748032,1788872568000,1788872824000,1,0.019,0.249,0.07630522088353414
1067775974323519488,1788848302000-632578958264631296-1067775974323519488,1788848302000,1788848472000,1,0.019,0.03,0.6333333333333333
1067793936933715968,1788828530000-632578958264631296-1067793936933715968,1788828530000,1788828922000,1,0.019,0.133,0.14285714285714285
1072572023244324864,1788900644000-632578958264631296-1072572023244324864,1788900644000,1788900991000,1,0.019,0.293,0.06484641638225257
1076924285072703488,1788857574000-632578958264631296-1076924285072703488,1788857574000,1788857785000,1,0.019,0.056,0.33928571428571425
1079774152119812096,1788903793000-632578958264631296-1079774152119812096,1788903793000,1788903973000,1,0.019,0.028,0.6785714285714285
1088485622458351616,1788839339000-632578958264631296-1088485622458351616,1788839339000,1788839496000,1,0.019,0.038,0.5
1088512574191828992,1788905756000-632578958264631296-1088512574191828992,1788905756000,1788906024000,1,0.019,0.156,0.12179487179487179
1135566388677574656,1788860370000-632578958264631296-1135566388677574656,1788860370000,1788860816000,1,0.019,0.523,0.03632887189292543
1170761528379441152,1788858880000-632578958264631296-1170761528379441152,1788858880000,1788859070000,1,0.019,0.08,0.2375
1182027923075366912,1788907002000-632578958264631296-1182027923075366912,1788907002000,1788907156000,1,0.019,0.064,0.296875
1268615730958434304,1788859865000-632578958264631296-1268615730958434304,1788859865000,1788860174000,1,0.019,0.492,0.03861788617886179
1524760784293330944,1788836599000-632578958264631296-1524760784293330944,1788836599000,1788836962000,1,0.019,0.354,0.05367231638418079
1536427445069021184,1788872569000-632578958264631296-1536427445069021184,1788872569000,1788872752000,1,0.019,0.025,0.7599999999999999
1593693995681185792,1788832020000-632578958264631296-1593693995681185792,1788832020000,1788832220000,1,0.019,0.087,0.21839080459770116
794219272623620096,1788881987000-632578958264631296-794219272623620096,1788881987000,1788882166000,1,0.019,0.016,1.1875
866648789010612224,1788852815000-632578958264631296-866648789010612224,1788852815000,1788853133000,1,0.019,0.244,0.0778688524590164
873916972050415616,1788858599000-632578958264631296-873916972050415616,1788858599000,1788858745000,1,0.019,0.15,0.12666666666666668
901057526324264960,1788878225000-632578958264631296-901057526324264960,1788878225000,1788878336000,1,0.019,0.029,0.6551724137931034
932334786138079232,1788875668000-632578958264631296-932334786138079232,1788875668000,1788875820000,1,0.019,0.157,0.12101910828025478
943458585302532096,1788862793000-632578958264631296-943458585302532096,1788862793000,1788863099000,1,0.019,0.399,0.047619047619047616
946025328671719424,1788825814000-632578958264631296-946025328671719424,1788825814000,1788825956000,1,0.019,0.074,0.25675675675675674
966356141711818752,1788861601000-632578958264631296-966356141711818752,1788861601000,1788861787000,1,0.019,0.166,0.1144578313253012
967085947369816064,1788864478000-632578958264631296-967085947369816064,1788864478000,1788864673000,1,0.019,0.185,0.1027027027027027
997896292355014656,1788851463000-632578958264631296-997896292355014656,1788851463000,1788852889000,1,0.019,0.892,0.021300448430493273
1050036721544069120,1788845159000-632578958264631296-1050036721544069120,1788845159000,1788845348000,1,0.018,0.04,0.44999999999999996
1061350711461150720,1788862438000-632578958264631296-1061350711461150720,1788862438000,1788862775000,1,0.018,0.16,0.11249999999999999
1067774958987378688,1788839791000-632578958264631296-1067774958987378688,1788839791000,1788839940000,1,0.018,0.14,0.12857142857142856
1071457116943810560,1788830940000-632578958264631296-1071457116943810560,1788830940000,1788831110000,1,0.018,0.07,0.2571428571428571
1071826388769570816,1788838321000-632578958264631296-1071826388769570816,1788838321000,1788838709000,1,0.018,0.37,0.048648648648648644
1073664045493518336,1788861173000-632578958264631296-1073664045493518336,1788861173000,1788861908000,1,0.018,0.384,0.04687499999999999
1079444806125486080,1788852952000-632578958264631296-1079444806125486080,1788852952000,1788853155000,1,0.018,0.103,0.17475728155339806
1083726740557135872,1788866693000-632578958264631296-1083726740557135872,1788866693000,1788866894000,1,0.018,0.088,0.20454545454545453
1083727144086929408,1788851960000-632578958264631296-1083727144086929408,1788851960000,1788852302000,1,0.018,0.156,0.11538461538461538
1140670395897085952,1788847198000-632578958264631296-1140670395897085952,1788847198000,1788847364000,1,0.018,0.026,0.6923076923076923
1144224275478085632,1788849176000-632578958264631296-1144224275478085632,1788849176000,1788849603000,1,0.018,0.273,0.06593406593406592
1175796546902425600,1788837133000-632578958264631296-1175796546902425600,1788837133000,1788838077000,1,0.018,1.113,0.016172506738544472
1176134230934028288,1788845975000-632578958264631296-1176134230934028288,1788845975000,1788846165000,1,0.018,0.169,0.10650887573964496
1183367596062277632,1788880486000-632578958264631296-1183367596062277632,1788880486000,1788880643000,1,0.018,0.154,0.11688311688311688
1277220593376165888,1788857869000-632578958264631296-1277220593376165888,1788857869000,1788858133000,1,0.018,0.203,0.08866995073891625
1370798572273926144,1788864709000-632578958264631296-1370798572273926144,1788864709000,1788865232000,1,0.018,0.492,0.036585365853658534
1449735637144961024,1788872605000-632578958264631296-1449735637144961024,1788872605000,1788872701000,1,0.018,0.001,18.0
1471165126924042240,1788869424000-632578958264631296-1471165126924042240,1788869424000,1788869635000,1,0.018,0.119,0.15126050420168066
1482772108667781120,1788856537000-632578958264631296-1482772108667781120,1788856537000,1788856915000,1,0.018,0.139,0.1294964028776978
1535704124731949056,1788832599000-632578958264631296-1535704124731949056,1788832599000,1788832929000,1,0.018,0.135,0.1333333333333333
1536014517601828864,1788860177000-632578958264631296-1536014517601828864,1788860177000,1788860295000,1,0.018,0.07,0.2571428571428571
919290820798971904,1788854091000-632578958264631296-919290820798971904,1788854091000,1788854242000,1,0.018,0.111,0.16216216216216214
944574738938724352,1788827799000-632578958264631296-944574738938724352,1788827799000,1788830353000,1,0.018,0.842,0.021377672209026127
946030376206204928,1788846408000-632578958264631296-946030376206204928,1788846408000,1788847078000,1,0.018,0.267,0.06741573033707864
946034884164452352,1788852482000-632578958264631296-946034884164452352,1788852482000,1788852616000,1,0.018,0.051,0.35294117647058826
947094374120947712,1788839145000-632578958264631296-947094374120947712,1788839145000,1788839332000,1,0.018,0.044,0.40909090909090906
996808469547843584,1788872376000-632578958264631296-996808469547843584,1788872376000,1788872512000,1,0.018,0.04,0.44999999999999996
1045014601197944832,1788850710000-632578958264631296-1045014601197944832,1788850710000,1788850862000,1,0.017,0.118,0.1440677966101695
1050036776183267328,1788835882000-632578958264631296-1050036776183267328,1788835882000,1788836655000,1,0.017,0.934,0.018201284796573874
1050036987500691456,1788827050000-632578958264631296-1050036987500691456,1788827050000,1788827352000,1,0.017,0.34,0.05
1067765061260410880,1788845990000-632578958264631296-1067765061260410880,1788845990000,1788846206000,1,0.017,0.081,0.20987654320987656
1067765061260410880,1788846490000-632578958264631296-1067765061260410880,1788846490000,1788846681000,1,0.017,0.048,0.3541666666666667
1067765061260410880,1788848062000-632578958264631296-1067765061260410880,1788848062000,1788848257000,1,0.017,0.142,0.11971830985915495
1067765061260410880,1788866207000-632578958264631296-1067765061260410880,1788866207000,1788866803000,1,0.017,0.527,0.03225806451612903
1067771070980816896,1788863047000-632578958264631296-1067771070980816896,1788863047000,1788863533000,1,0.017,0.449,0.0378619153674833
1076924285072703488,1788874296000-632578958264631296-1076924285072703488,1788874296000,1788874647000,1,0.017,0.064,0.265625
1083726930487803904,1788886847000-632578958264631296-1083726930487803904,1788886847000,1788887032000,1,0.017,0.194,0.08762886597938145
1083727986517082112,1788848605000-632578958264631296-1083727986517082112,1788848605000,1788848897000,1,0.017,0.262,0.0648854961832061
1087441747748847616,1788877691000-632578958264631296-1087441747748847616,1788877691000,1788877862000,1,0.017,0.256,0.06640625
1131972366507704320,1788874553000-632578958264631296-1131972366507704320,1788874553000,1788874742000,1,0.017,0.165,0.10303030303030303
1132636899983228928,1788836734000-632578958264631296-1132636899983228928,1788836734000,1788836929000,1,0.017,0.2,0.085
1138783076164304896,1788856733000-632578958264631296-1138783076164304896,1788856733000,1788857027000,1,0.017,0.455,0.03736263736263736
1488156479612518400,1788858744000-632578958264631296-1488156479612518400,1788858744000,1788858974000,1,0.017,0.185,0.0918918918918919
1536014737035231232,1788889676000-632578958264631296-1536014737035231232,1788889676000,1788889895000,1,0.017,0.117,0.1452991452991453
1536014744312348672,1788883143000-632578958264631296-1536014744312348672,1788883143000,1788883333000,1,0.017,0.08,0.21250000000000002
1571542304466927616,1788859233000-632578958264631296-1571542304466927616,1788859233000,1788859541000,1,0.017,0.12,0.1416666666666667
878252193440858112,1788896594000-632578958264631296-878252193440858112,1788896594000,1788896795000,1,0.017,0.089,0.1910112359550562
902974583798235136,1788848278000-632578958264631296-902974583798235136,1788848278000,1788848886000,1,0.017,0.197,0.08629441624365483
938442824968306688,1788876988000-632578958264631296-938442824968306688,1788876988000,1788877525000,1,0.017,0.227,0.07488986784140969
943818542875148288,1788864979000-632578958264631296-943818542875148288,1788864979000,1788865125000,1,0.017,0.039,0.4358974358974359
943859348893859840,1788857725000-632578958264631296-943859348893859840,1788857725000,1788858534000,1,0.017,0.424,0.040094339622641514
946030376206204928,1788862806000-632578958264631296-946030376206204928,1788862806000,1788863090000,1,0.017,0.18,0.09444444444444446
1064532839803912192,1788883171000-632578958264631296-1064532839803912192,1788883171000,1788883930000,1,0.016,0.25,0.064
1071826388769570816,1788842586000-632578958264631296-1071826388769570816,1788842586000,1788842940000,1,0.016,0.366,0.04371584699453552
1073664045493518336,1788865220000-632578958264631296-1073664045493518336,1788865220000,1788865622000,1,0.016,0.199,0.08040201005025126
1080454515951403008,1788867178000-632578958264631296-1080454515951403008,1788867178000,1788867360000,1,0.016,0.113,0.1415929203539823
1083727448777949184,1788860424000-632578958264631296-1083727448777949184,1788860424000,1788860627000,1,0.016,0.118,0.13559322033898305
1083727593376579584,1788876261000-632578958264631296-1083727593376579584,1788876261000,1788876522000,1,0.016,0.194,0.08247422680412371
1120316662394912768,1788858493000-632578958264631296-1120316662394912768,1788858493000,1788858683000,1,0.016,0.18,0.08888888888888889
1125482414773108736,1788875748000-632578958264631296-1125482414773108736,1788875748000,1788875858000,1,0.016,0.056,0.2857142857142857
1135566388677574656,1788861231000-632578958264631296-1135566388677574656,1788861231000,1788861415000,1,0.016,0.12,0.13333333333333333
1135566388677574656,1788864222000-632578958264631296-1135566388677574656,1788864222000,1788864618000,1,0.016,0.278,0.05755395683453237
1175796546902425600,1788845298000-632578958264631296-1175796546902425600,1788845298000,1788845782000,1,0.016,0.612,0.026143790849673203
1385588705250508800,1788874099000-632578958264631296-1385588705250508800,1788874099000,1788874315000,1,0.016,0.113,0.1415929203539823
1422205425331208192,1788840194000-632578958264631296-1422205425331208192,1788840194000,1788840384000,1,0.016,0.099,0.1616161616161616
1475453376262045696,1788888418000-632578958264631296-1475453376262045696,1788888418000,1788889524000,1,0.016,0.379,0.04221635883905013
1486716779844599808,1788882921000-632578958264631296-1486716779844599808,1788882921000,1788883046000,1,0.016,0.059,0.2711864406779661
1536014589357981696,1788836655000-632578958264631296-1536014589357981696,1788836655000,1788836936000,1,0.016,0.218,0.07339449541284404
789852692640956416,1788877847000-632578958264631296-789852692640956416,1788877847000,1788878015000,1,0.016,0.091,0.17582417582417584
879404563604439040,1788839858000-632578958264631296-879404563604439040,1788839858000,1788840046000,1,0.016,0.061,0.26229508196721313
919290820798971904,1788854988000-632578958264631296-919290820798971904,1788854988000,1788855395000,1,0.016,0.257,0.0622568093385214
932334220825591808,1788863532000-632578958264631296-932334220825591808,1788863532000,1788863620000,1,0.016,0.101,0.15841584158415842
939547788868321280,1788830648000-632578958264631296-939547788868321280,1788830648000,1788830829000,1,0.016,0.005,3.2
943818542875148288,1788864628000-632578958264631296-943818542875148288,1788864628000,1788864960000,1,0.016,0.048,0.3333333333333333
947926207788220416,1788834057000-632578958264631296-947926207788220416,1788834057000,1788834198000,1,0.016,0.082,0.1951219512195122
951882940915122176,1788865630000-632578958264631296-951882940915122176,1788865630000,1788866110000,1,0.016,0.364,0.04395604395604396
967085947369816064,1788868091000-632578958264631296-967085947369816064,1788868091000,1788868461000,1,0.016,0.41,0.03902439024390244
1073994678560358400,1788826742000-632578958264631296-1073994678560358400,1788826742000,1788827206000,1,0.015,0.571,0.02626970227670753
1076924285072703488,1788909602000-632578958264631296-1076924285072703488,1788909602000,1788909982000,1,0.015,0.127,0.11811023622047244
1101157025884143616,1788829615000-632578958264631296-1101157025884143616,1788829615000,1788829783000,1,0.015,0.054,0.2777777777777778
1109804807901675520,1788844122000-632578958264631296-1109804807901675520,1788844122000,1788844390000,1,0.015,0.211,0.07109004739336493
1134878026966761472,1788857542000-632578958264631296-1134878026966761472,1788857542000,1788857804000,1,0.015,0.231,0.06493506493506493
1138782810882965504,1788844821000-632578958264631296-1138782810882965504,1788844821000,1788845132000,1,0.015,0.031,0.48387096774193544
1175796546902425600,1788832124000-632578958264631296-1175796546902425600,1788832124000,1788832342000,1,0.015,0.158,0.09493670886075949
1181865772805259264,1788894361000-632578958264631296-1181865772805259264,1788894361000,1788894521000,1,0.015,0.144,0.10416666666666667
1182027923075366912,1788857933000-632578958264631296-1182027923075366912,1788857933000,1788858339000,1,0.015,0.344,0.0436046511627907
1355523374926790656,1788869695000-632578958264631296-1355523374926790656,1788869695000,1788870270000,1,0.015,0.255,0.058823529411764705
1464286677953413120,1788882596000-632578958264631296-1464286677953413120,1788882596000,1788882766000,1,0.015,0.112,0.13392857142857142
1488160320575766528,1788862007000-632578958264631296-1488160320575766528,1788862007000,1788863450000,1,0.015,0.764,0.01963350785340314
1500491887742550016,1788827464000-632578958264631296-1500491887742550016,1788827464000,1788827773000,1,0.015,0.13,0.11538461538461538
1506655599683698688,1788841753000-632578958264631296-1506655599683698688,1788841753000,1788841997000,1,0.015,0.138,0.10869565217391303
1526262198169501696,1788897533000-632578958264631296-1526262198169501696,1788897533000,1788898063000,1,0.015,0.311,0.04823151125401929
1536014535985463296,1788857771000-632578958264631296-1536014535985463296,1788857771000,1788857895000,1,0.015,0.089,0.16853932584269662
1536014570613637120,1788867334000-632578958264631296-1536014570613637120,1788867334000,1788867494000,1,0.015,0.063,0.23809523809523808
1536014633725329408,1788873091000-632578958264631296-1536014633725329408,1788873091000,1788875237000,1,0.015,0.997,0.015045135406218655
1536014660929585152,1788867061000-632578958264631296-1536014660929585152,1788867061000,1788867222000,1,0.015,0.091,0.16483516483516483
1536014744312348672,1788890234000-632578958264631296-1536014744312348672,1788890234000,1788890397000,1,0.015,0.066,0.22727272727272727
1593330894762934272,1788903766000-632578958264631296-1593330894762934272,1788903766000,1788904074000,1,0.015,0.162,0.09259259259259259
878252193440858112,1788893483000-632578958264631296-878252193440858112,1788893483000,1788893692000,1,0.015,0.079,0.18987341772151897
927179928254808064,1788886470000-632578958264631296-927179928254808064,1788886470000,1788886849000,1,0.015,0.13,0.11538461538461538
944574738938724352,1788846110000-632578958264631296-944574738938724352,1788846110000,1788846286000,1,0.015,0.17,0.08823529411764705
951559578305167360,1788895623000-632578958264631296-951559578305167360,1788895623000,1788896270000,1,0.015,0.297,0.050505050505050504
951561875261227008,1788850603000-632578958264631296-951561875261227008,1788850603000,1788850721000,1,0.015,0.079,0.18987341772151897
1050036509840769024,1788882382000-632578958264631296-1050036509840769024,1788882382000,1788883855000,1,0.014,2.108,0.006641366223908918
1079095785133441024,1788849504000-632578958264631296-1079095785133441024,1788849504000,1788849692000,1,0.014,0.357,0.0392156862745098
1079774152119812096,1788904069000-632578958264631296-1079774152119812096,1788904069000,1788904225000,1,0.014,0.027,0.5185185185185185
1132636093246603264,1788852578000-632578958264631296-1132636093246603264,1788852578000,1788852786000,1,0.014,0.071,0.1971830985915493
1135566388677574656,1788874831000-632578958264631296-1135566388677574656,1788874831000,1788875191000,1,0.014,0.398,0.035175879396984924
1183367596062277632,1788864357000-632578958264631296-1183367596062277632,1788864357000,1788864645000,1,0.014,0.248,0.056451612903225805
1405177997576634368,1788825060000-632578958264631296-1405177997576634368,1788825060000,1788825737000,1,0.014,0.415,0.033734939759036145
1471164933021368320,1788866281000-632578958264631296-1471164933021368320,1788866281000,1788866888000,1,0.014,0.35,0.04
1526262198169501696,1788881359000-632578958264631296-1526262198169501696,1788881359000,1788881667000,1,0.014,0.171,0.08187134502923976
1536014589357981696,1788877443000-632578958264631296-1536014589357981696,1788877443000,1788877619000,1,0.014,0.08,0.175
1536014589357981696,1788878450000-632578958264631296-1536014589357981696,1788878450000,1788878583000,1,0.014,0.038,0.368421052631579
1536014695108968448,1788876766000-632578958264631296-1536014695108968448,1788876766000,1788877027000,1,0.014,0.157,0.089171974522293
1536427445069021184,1788854757000-632578958264631296-1536427445069021184,1788854757000,1788854942000,1,0.014,0.111,0.12612612612612611
1540361830973571072,1788867406000-632578958264631296-1540361830973571072,1788867406000,1788867623000,1,0.014,0.149,0.09395973154362416
780059706918961152,1788846439000-632578958264631296-780059706918961152,1788846439000,1788846911000,1,0.014,0.331,0.04229607250755287
786545248472924160,1788882782000-632578958264631296-786545248472924160,1788882782000,1788883087000,1,0.014,0.203,0.06896551724137931
787000328028422144,1788872425000-632578958264631296-787000328028422144,1788872425000,1788873227000,1,0.014,0.616,0.022727272727272728
866686265431425024,1788861402000-632578958264631296-866686265431425024,1788861402000,1788861548000,1,0.014,0.076,0.1842105263157895
951556794549796864,1788871625000-632578958264631296-951556794549796864,1788871625000,1788871886000,1,0.014,0.086,0.16279069767441862
952583803866447872,1788882654000-632578958264631296-952583803866447872,1788882654000,1788882839000,1,0.014,0.151,0.09271523178807947
964172050669240320,1788846800000-632578958264631296-964172050669240320,1788846800000,1788847159000,1,0.014,0.251,0.055776892430278883
964172050669240320,1788853866000-632578958264631296-964172050669240320,1788853866000,1788854215000,1,0.014,0.268,0.05223880597014925
997896292355014656,1788881920000-632578958264631296-997896292355014656,1788881920000,1788883408000,1,0.014,0.958,0.014613778705636744
1046442858321543168,1788909454000-632578958264631296-1046442858321543168,1788909454000,1788909941000,1,0.013,0.216,0.06018518518518518
1046837731746906112,1788843667000-632578958264631296-1046837731746906112,1788843667000,1788843861000,1,0.013,0.068,0.19117647058823528
1050036776183267328,1788845863000-632578958264631296-1050036776183267328,1788845863000,1788846142000,1,0.013,0.243,0.053497942386831275
1067767771279917056,1788840172000-632578958264631296-1067767771279917056,1788840172000,1788840375000,1,0.013,0.168,0.07738095238095237
1079774152119812096,1788884098000-632578958264631296-1079774152119812096,1788884098000,1788884374000,1,0.013,0.059,0.22033898305084745
1357047782162038784,1788867518000-632578958264631296-1357047782162038784,1788867518000,1788867728000,1,0.013,0.099,0.1313131313131313
1385588586753032192,1788875871000-632578958264631296-1385588586753032192,1788875871000,1788876048000,1,0.013,0.044,0.29545454545454547
1385588586753032192,1788885448000-632578958264631296-1385588586753032192,1788885448000,1788885779000,1,0.013,0.175,0.07428571428571429
1389244302743306240,1788850122000-632578958264631296-1389244302743306240,1788850122000,1788850825000,1,0.013,0.414,0.03140096618357488
1422205727123963904,1788834597000-632578958264631296-1422205727123963904,1788834597000,1788834977000,1,0.013,0.13,0.09999999999999999
1501933614227521536,1788892987000-632578958264631296-1501933614227521536,1788892987000,1788893245000,1,0.013,0.135,0.09629629629629628
1536014550107684864,1788880770000-632578958264631296-1536014550107684864,1788880770000,1788880886000,1,0.013,0.077,0.16883116883116883
1536014660929585152,1788868745000-632578958264631296-1536014660929585152,1788868745000,1788868867000,1,0.013,0.048,0.2708333333333333
786329086610898944,1788868747000-632578958264631296-786329086610898944,1788868747000,1788868972000,1,0.013,0.172,0.07558139534883722
789852692640956416,1788828534000-632578958264631296-789852692640956416,1788828534000,1788828841000,1,0.013,0.22,0.05909090909090909
929717117048061952,1788850418000-632578958264631296-929717117048061952,1788850418000,1788850552000,1,0.013,0.081,0.16049382716049382
932334220825591808,1788862547000-632578958264631296-932334220825591808,1788862547000,1788862714000,1,0.013,0.103,0.1262135922330097
932613192947859456,1788882992000-632578958264631296-932613192947859456,1788882992000,1788883309000,1,0.013,0.17,0.07647058823529411
938815830156640256,1788838742000-632578958264631296-938815830156640256,1788838742000,1788838899000,1,0.013,0.109,0.11926605504587155
940246634145513472,1788876211000-632578958264631296-940246634145513472,1788876211000,1788876405000,1,0.013,0.247,0.05263157894736842
944587945103327232,1788854047000-632578958264631296-944587945103327232,1788854047000,1788854691000,1,0.013,0.266,0.04887218045112782
964171206683000832,1788868134000-632578958264631296-964171206683000832,1788868134000,1788868605000,1,0.013,0.233,0.05579399141630901
1067775063052255232,1788839499000-632578958264631296-1067775063052255232,1788839499000,1788839605000,1,0.012,0.046,0.2608695652173913
1067775974323519488,1788848012000-632578958264631296-1067775974323519488,1788848012000,1788848200000,1,0.012,0.074,0.16216216216216217
1073278104413143040,1788868513000-632578958264631296-1073278104413143040,1788868513000,1788868769000,1,0.012,0.142,0.08450704225352114
1073278104413143040,1788873976000-632578958264631296-1073278104413143040,1788873976000,1788874302000,1,0.012,0.264,0.045454545454545456
1079787761596104704,1788863407000-632578958264631296-1079787761596104704,1788863407000,1788864393000,1,0.012,0.299,0.04013377926421405
1080454515951403008,1788858927000-632578958264631296-1080454515951403008,1788858927000,1788859236000,1,0.012,0.159,0.07547169811320754
1083726423769743360,1788870906000-632578958264631296-1083726423769743360,1788870906000,1788871482000,1,0.012,0.668,0.017964071856287425
1131239137144209408,1788866242000-632578958264631296-1131239137144209408,1788866242000,1788866601000,1,0.012,0.384,0.03125
1464260641047969792,1788851461000-632578958264631296-1464260641047969792,1788851461000,1788851866000,1,0.012,0.294,0.04081632653061225
1464286808345935872,1788875792000-632578958264631296-1464286808345935872,1788875792000,1788876199000,1,0.012,0.259,0.04633204633204633
1488156307717357568,1788890301000-632578958264631296-1488156307717357568,1788890301000,1788890602000,1,0.012,0.202,0.0594059405940594
1489984398731247616,1788852837000-632578958264631296-1489984398731247616,1788852837000,1788853040000,1,0.012,0.05,0.24
1501933614227521536,1788835727000-632578958264631296-1501933614227521536,1788835727000,1788835851000,1,0.012,0.104,0.11538461538461539
1536014556927623168,1788838122000-632578958264631296-1536014556927623168,1788838122000,1788838390000,1,0.012,0.144,0.08333333333333334
1536402078727929856,1788881935000-632578958264631296-1536402078727929856,1788881935000,1788882438000,1,0.012,0.002,6.0
1540361830973571072,1788887446000-632578958264631296-1540361830973571072,1788887446000,1788887864000,1,0.012,0.33,0.03636363636363636
932302785804763136,1788876632000-632578958264631296-932302785804763136,1788876632000,1788876790000,1,0.012,0.033,0.36363636363636365
933392054296248320,1788854235000-632578958264631296-933392054296248320,1788854235000,1788854528000,1,0.012,0.144,0.08333333333333334
940246634145513472,1788854001000-632578958264631296-940246634145513472,1788854001000,1788854194000,1,0.012,0.199,0.06030150753768844
952583803866447872,1788876543000-632578958264631296-952583803866447872,1788876543000,1788876807000,1,0.012,0.121,0.09917355371900827
1066703715756408832,1788890482000-632578958264631296-1066703715756408832,1788890482000,1788890577000,1,0.011,0.028,0.39285714285714285
1083727448777949184,1788837191000-632578958264631296-1083727448777949184,1788837191000,1788837409000,1,0.011,0.069,0.15942028985507245
1089954932305428480,1788846544000-632578958264631296-1089954932305428480,1788846544000,1788846991000,1,0.011,0.137,0.0802919708029197
1093089257012068352,1788864143000-632578958264631296-1093089257012068352,1788864143000,1788865223000,1,0.011,0.665,0.016541353383458645
1109804807901675520,1788881949000-632578958264631296-1109804807901675520,1788881949000,1788882404000,1,0.011,0.46,0.023913043478260867
1505944797024616448,1788839599000-632578958264631296-1505944797024616448,1788839599000,1788839755000,1,0.011,0.073,0.1506849315068493
878252193440858112,1788865558000-632578958264631296-878252193440858112,1788865558000,1788865842000,1,0.011,0.014,0.7857142857142857
942469061864849408,1788838054000-632578958264631296-942469061864849408,1788838054000,1788838369000,1,0.011,0.172,0.06395348837209303
944590866851299328,1788882932000-632578958264631296-944590866851299328,1788882932000,1788883623000,1,0.011,0.321,0.03426791277258567
966356141711818752,1788861474000-632578958264631296-966356141711818752,1788861474000,1788861593000,1,0.011,0.103,0.10679611650485436
1023491297677148160,1788842422000-632578958264631296-1023491297677148160,1788842422000,1788842512000,1,0.01,0.063,0.15873015873015872
1050037048276156416,1788867880000-632578958264631296-1050037048276156416,1788867880000,1788868078000,1,0.01,0.068,0.14705882352941177
1060533930890887168,1788887643000-632578958264631296-1060533930890887168,1788887643000,1788887916000,1,0.01,0.341,0.029325513196480937
1060579746913452032,1788829326000-632578958264631296-1060579746913452032,1788829326000,1788829625000,1,0.01,0.109,0.09174311926605505
1060630916881186816,1788831122000-632578958264631296-1060630916881186816,1788831122000,1788831478000,1,0.01,0.387,0.025839793281653745
1061350580632420352,1788864180000-632578958264631296-1061350580632420352,1788864180000,1788865212000,1,0.01,0.704,0.014204545454545456
1061351650800697344,1788858803000-632578958264631296-1061351650800697344,1788858803000,1788859360000,1,0.01,0.209,0.04784688995215311
1064550465066237952,1788853706000-632578958264631296-1064550465066237952,1788853706000,1788854051000,1,0.01,0.214,0.04672897196261683
1079774152119812096,1788876060000-632578958264631296-1079774152119812096,1788876060000,1788876999000,1,0.01,0.559,0.017889087656529516
1083727931903049728,1788911393000-632578958264631296-1083727931903049728,1788911393000,1788911796000,1,0.01,0.387,0.025839793281653745
1088485622458351616,1788872242000-632578958264631296-1088485622458351616,1788872242000,1788872822000,1,0.01,0.254,0.03937007874015748
1093088075828953088,1788846054000-632578958264631296-1093088075828953088,1788846054000,1788846549000,1,0.01,0.241,0.041493775933609964
1093089257012068352,1788865437000-632578958264631296-1093089257012068352,1788865437000,1788865616000,1,0.01,0.062,0.16129032258064516
1094584670655348736,1788848191000-632578958264631296-1094584670655348736,1788848191000,1788848415000,1,0.01,0.172,0.058139534883720936
1105914860262129664,1788834831000-632578958264631296-1105914860262129664,1788834831000,1788835418000,1,0.01,0.219,0.045662100456621
1135630948969218048,1788844519000-632578958264631296-1135630948969218048,1788844519000,1788844738000,1,0.01,0.107,0.09345794392523366
1153273602804547584,1788861837000-632578958264631296-1153273602804547584,1788861837000,1788862051000,1,0.01,0.106,0.09433962264150944
1176582451024101376,1788868429000-632578958264631296-1176582451024101376,1788868429000,1788868753000,1,0.01,0.271,0.03690036900369004
1176582451024101376,1788888574000-632578958264631296-1176582451024101376,1788888574000,1788889060000,1,0.01,0.565,0.01769911504424779
1396881382210273280,1788882296000-632578958264631296-1396881382210273280,1788882296000,1788883220000,1,0.01,0.538,0.01858736059479554
1422205727123963904,1788834285000-632578958264631296-1422205727123963904,1788834285000,1788834531000,1,0.01,0.08,0.125
1428031634325635072,1788874897000-632578958264631296-1428031634325635072,1788874897000,1788875627000,1,0.01,0.345,0.028985507246376815
1464628801508999168,1788890737000-632578958264631296-1464628801508999168,1788890737000,1788891822000,1,0.01,0.503,0.019880715705765408
1469693281720860672,1788850952000-632578958264631296-1469693281720860672,1788850952000,1788851184000,1,0.01,0.623,0.01605136436597111
1477629515881512960,1788841732000-632578958264631296-1477629515881512960,1788841732000,1788841973000,1,0.01,0.082,0.12195121951219512
1482772108667781120,1788855622000-632578958264631296-1482772108667781120,1788855622000,1788855953000,1,0.01,0.066,0.15151515151515152
1486716779844599808,1788852212000-632578958264631296-1486716779844599808,1788852212000,1788852391000,1,0.01,0.075,0.13333333333333333
1501933902321680384,1788827323000-632578958264631296-1501933902321680384,1788827323000,1788827819000,1,0.01,0.205,0.04878048780487805
1536014577374855168,1788845418000-632578958264631296-1536014577374855168,1788845418000,1788845631000,1,0.01,0.117,0.08547008547008547
1536014577374855168,1788871488000-632578958264631296-1536014577374855168,1788871488000,1788871872000,1,0.01,0.179,0.0558659217877095
1536014609964597248,1788852847000-632578958264631296-1536014609964597248,1788852847000,1788853002000,1,0.01,0.073,0.13698630136986303
1536014633725329408,1788879424000-632578958264631296-1536014633725329408,1788879424000,1788880149000,1,0.01,0.316,0.03164556962025317
1536014674678513664,1788835649000-632578958264631296-1536014674678513664,1788835649000,1788836002000,1,0.01,0.158,0.06329113924050633
1536014674678513664,1788860341000-632578958264631296-1536014674678513664,1788860341000,1788860677000,1,0.01,0.112,0.08928571428571429
1536014674678513664,1788893907000-632578958264631296-1536014674678513664,1788893907000,1788894168000,1,0.01,0.119,0.08403361344537816
1536393085787832320,1788878349000-632578958264631296-1536393085787832320,1788878349000,1788878665000,1,0.01,0.001,10.0
1536427445069021184,1788872756000-632578958264631296-1536427445069021184,1788872756000,1788873038000,1,0.01,0.055,0.18181818181818182
1545824482457812992,1788838115000-632578958264631296-1545824482457812992,1788838115000,1788839051000,1,0.01,0.592,0.016891891891891893
1585283247909109760,1788883967000-632578958264631296-1585283247909109760,1788883967000,1788884502000,1,0.01,0.234,0.042735042735042736
784445514740400128,1788886798000-632578958264631296-784445514740400128,1788886798000,1788886922000,1,0.01,0.096,0.10416666666666667
786545248472924160,1788871451000-632578958264631296-786545248472924160,1788871451000,1788871763000,1,0.01,0.194,0.05154639175257732
790970372676648960,1788856841000-632578958264631296-790970372676648960,1788856841000,1788857177000,1,0.01,0.2,0.049999999999999996
866686329780436992,1788841141000-632578958264631296-866686329780436992,1788841141000,1788842415000,1,0.01,1.285,0.007782101167315176
901057526324264960,1788879407000-632578958264631296-901057526324264960,1788879407000,1788879518000,1,0.01,0.023,0.4347826086956522
929717117048061952,1788847641000-632578958264631296-929717117048061952,1788847641000,1788847757000,1,0.01,0.111,0.09009009009009009
938442824968306688,1788833532000-632578958264631296-938442824968306688,1788833532000,1788834375000,1,0.01,0.486,0.0205761316872428
939139369715892224,1788827025000-632578958264631296-939139369715892224,1788827025000,1788827798000,1,0.01,0.382,0.02617801047120419
947094374120947712,1788884347000-632578958264631296-947094374120947712,1788884347000,1788884882000,1,0.01,0.245,0.04081632653061225
947094374120947712,1788895229000-632578958264631296-947094374120947712,1788895229000,1788895502000,1,0.01,0.121,0.08264462809917356
948575900767617024,1788893662000-632578958264631296-948575900767617024,1788893662000,1788893921000,1,0.01,0.091,0.1098901098901099
951559578305167360,1788891651000-632578958264631296-951559578305167360,1788891651000,1788892021000,1,0.01,0.12,0.08333333333333334
1050037424450699264,1788877065000-632578958264631296-1050037424450699264,1788877065000,1788877178000,1,0.009,0.038,0.23684210526315788
1067767656859303936,1788835281000-632578958264631296-1067767656859303936,1788835281000,1788835480000,1,0.009,0.124,0.07258064516129031
1071826388769570816,1788850931000-632578958264631296-1071826388769570816,1788850931000,1788851127000,1,0.009,0.167,0.05389221556886227
1073966174624022528,1788857059000-632578958264631296-1073966174624022528,1788857059000,1788857345000,1,0.009,0.002,4.5
1079095785133441024,1788853304000-632578958264631296-1079095785133441024,1788853304000,1788853495000,1,0.009,0.109,0.08256880733944953
1079444806125486080,1788829978000-632578958264631296-1079444806125486080,1788829978000,1788830364000,1,0.009,0.029,0.31034482758620685
1112389405491855360,1788874587000-632578958264631296-1112389405491855360,1788874587000,1788874767000,1,0.009,0.081,0.1111111111111111
1131240373310455808,1788837122000-632578958264631296-1131240373310455808,1788837122000,1788837300000,1,0.009,0.173,0.05202312138728324
1135529735623802880,1788854218000-632578958264631296-1135529735623802880,1788854218000,1788854364000,1,0.009,0.074,0.12162162162162161
1144224275478085632,1788835132000-632578958264631296-1144224275478085632,1788835132000,1788835750000,1,0.009,0.445,0.020224719101123594
1175796546902425600,1788867249000-632578958264631296-1175796546902425600,1788867249000,1788868221000,1,0.009,1.179,0.007633587786259541
1286311379313098752,1788841158000-632578958264631296-1286311379313098752,1788841158000,1788841538000,1,0.009,0.143,0.06293706293706294
1441118393376702464,1788853171000-632578958264631296-1441118393376702464,1788853171000,1788853528000,1,0.009,0.131,0.06870229007633587
1464286808345935872,1788888570000-632578958264631296-1464286808345935872,1788888570000,1788888799000,1,0.009,0.112,0.08035714285714285
1536014589357981696,1788877657000-632578958264631296-1536014589357981696,1788877657000,1788877895000,1,0.009,0.07,0.12857142857142856
1536014667858575360,1788874338000-632578958264631296-1536014667858575360,1788874338000,1788874785000,1,0.009,0.202,0.044554455445544545
866648852977942528,1788879071000-632578958264631296-866648852977942528,1788879071000,1788879266000,1,0.009,0.106,0.08490566037735849
871764525957775360,1788891316000-632578958264631296-871764525957775360,1788891316000,1788891522000,1,0.009,0.176,0.05113636363636363
931855689733636096,1788865886000-632578958264631296-931855689733636096,1788865886000,1788866033000,1,0.009,0.101,0.08910891089108909
944574738938724352,1788848952000-632578958264631296-944574738938724352,1788848952000,1788849065000,1,0.009,0.032,0.28125
947452563299500032,1788856099000-632578958264631296-947452563299500032,1788856099000,1788856247000,1,0.009,0.085,0.10588235294117646
964172050669240320,1788889462000-632578958264631296-964172050669240320,1788889462000,1788889989000,1,0.009,0.24,0.0375
971379691866816512,1788843916000-632578958264631296-971379691866816512,1788843916000,1788844008000,1,0.009,0.12,0.075
996809766619578368,1788891074000-632578958264631296-996809766619578368,1788891074000,1788891327000,1,0.009,0.11,0.08181818181818182
1045646209449984000,1788910380000-632578958264631296-1045646209449984000,1788910380000,1788910962000,1,0.008,0.23,0.034782608695652174
1060533930890887168,1788897105000-632578958264631296-1060533930890887168,1788897105000,1788897283000,1,0.008,0.14,0.05714285714285714
1067775201233600512,1788851530000-632578958264631296-1067775201233600512,1788851530000,1788851895000,1,0.008,0.185,0.043243243243243246
1067776270814674944,1788857242000-632578958264631296-1067776270814674944,1788857242000,1788857405000,1,0.008,0.119,0.06722689075630253
1079774152119812096,1788887248000-632578958264631296-1079774152119812096,1788887248000,1788887993000,1,0.008,0.433,0.018475750577367205
1083727048683290624,1788865849000-632578958264631296-1083727048683290624,1788865849000,1788866361000,1,0.008,0.48,0.016666666666666666
1120316662394912768,1788845697000-632578958264631296-1120316662394912768,1788845697000,1788846189000,1,0.008,0.52,0.015384615384615384
1131239476161413120,1788880811000-632578958264631296-1131239476161413120,1788880811000,1788880958000,1,0.008,0.065,0.12307692307692307
1136252936335130624,1788848510000-632578958264631296-1136252936335130624,1788848510000,1788849185000,1,0.008,0.78,0.010256410256410256
1138782810882965504,1788889479000-632578958264631296-1138782810882965504,1788889479000,1788889775000,1,0.008,0.332,0.024096385542168672
1175796809117728768,1788850955000-632578958264631296-1175796809117728768,1788850955000,1788851149000,1,0.008,0.188,0.0425531914893617
1286311379313098752,1788829511000-632578958264631296-1286311379313098752,1788829511000,1788829931000,1,0.008,0.168,0.047619047619047616
1389244302743306240,1788865053000-632578958264631296-1389244302743306240,1788865053000,1788865222000,1,0.008,0.046,0.17391304347826086
1479447378401427456,1788908632000-632578958264631296-1479447378401427456,1788908632000,1788908970000,1,0.008,0.161,0.049689440993788817
1535704124731949056,1788834148000-632578958264631296-1535704124731949056,1788834148000,1788834715000,1,0.008,0.342,0.023391812865497075
1536014535985463296,1788848867000-632578958264631296-1536014535985463296,1788848867000,1788849319000,1,0.008,0.271,0.02952029520295203
1536014577374855168,1788872201000-632578958264631296-1536014577374855168,1788872201000,1788872858000,1,0.008,0.334,0.02395209580838323
787000328028422144,1788873422000-632578958264631296-787000328028422144,1788873422000,1788873651000,1,0.008,0.158,0.05063291139240506
788429534713085952,1788846783000-632578958264631296-788429534713085952,1788846783000,1788847060000,1,0.008,0.121,0.06611570247933884
790970454885007360,1788877122000-632578958264631296-790970454885007360,1788877122000,1788877440000,1,0.008,0.219,0.0365296803652968
869903934959910912,1788871331000-632578958264631296-869903934959910912,1788871331000,1788871536000,1,0.008,0.209,0.038277511961722493
870575606247456768,1788876638000-632578958264631296-870575606247456768,1788876638000,1788876810000,1,0.008,0.169,0.047337278106508875
893133531117518848,1788845390000-632578958264631296-893133531117518848,1788845390000,1788845714000,1,0.008,0.082,0.0975609756097561
933416236518211584,1788859843000-632578958264631296-933416236518211584,1788859843000,1788860079000,1,0.008,0.042,0.19047619047619047
938815830156640256,1788829960000-632578958264631296-938815830156640256,1788829960000,1788830225000,1,0.008,0.24,0.03333333333333333
943818030159233024,1788830443000-632578958264631296-943818030159233024,1788830443000,1788831850000,1,0.008,0.443,0.01805869074492099
966356141711818752,1788847180000-632578958264631296-966356141711818752,1788847180000,1788847631000,1,0.008,0.615,0.013008130081300813
1046442858321543168,1788874102000-632578958264631296-1046442858321543168,1788874102000,1788874310000,1,0.007,0.038,0.1842105263157895
1050036657417355264,1788852602000-632578958264631296-1050036657417355264,1788852602000,1788853340000,1,0.007,0.803,0.008717310087173101
1050037048276156416,1788880743000-632578958264631296-1050037048276156416,1788880743000,1788881481000,1,0.007,0.215,0.03255813953488372
1060533930890887168,1788897551000-632578958264631296-1060533930890887168,1788897551000,1788898100000,1,0.007,0.579,0.012089810017271158
1071826388769570816,1788847735000-632578958264631296-1071826388769570816,1788847735000,1788848309000,1,0.007,0.675,0.01037037037037037
1073278104413143040,1788873426000-632578958264631296-1073278104413143040,1788873426000,1788873642000,1,0.007,0.076,0.09210526315789475
1079787761596104704,1788856828000-632578958264631296-1079787761596104704,1788856828000,1788857158000,1,0.007,0.104,0.06730769230769232
1111626569580806144,1788848671000-632578958264631296-1111626569580806144,1788848671000,1788849345000,1,0.007,0.287,0.024390243902439025
1176582767303983104,1788898486000-632578958264631296-1176582767303983104,1788898486000,1788898868000,1,0.007,0.395,0.017721518987341773
1209168031477923840,1788875414000-632578958264631296-1209168031477923840,1788875414000,1788875815000,1,0.007,0.409,0.017114914425427875
1299087047838924800,1788885649000-632578958264631296-1299087047838924800,1788885649000,1788885844000,1,0.007,0.226,0.030973451327433628
1355523374926790656,1788839787000-632578958264631296-1355523374926790656,1788839787000,1788839949000,1,0.007,0.078,0.08974358974358974
1449735637144961024,1788839024000-632578958264631296-1449735637144961024,1788839024000,1788839170000,1,0.007,0.002,3.5
1475453376262045696,1788839645000-632578958264631296-1475453376262045696,1788839645000,1788840043000,1,0.007,0.127,0.05511811023622047
1536014667858575360,1788867246000-632578958264631296-1536014667858575360,1788867246000,1788867352000,1,0.007,0.046,0.15217391304347827
780122893064339456,1788875180000-632578958264631296-780122893064339456,1788875180000,1788875816000,1,0.007,0.38,0.01842105263157895
932334220825591808,1788870444000-632578958264631296-932334220825591808,1788870444000,1788870719000,1,0.007,0.27,0.025925925925925925
933416236518211584,1788858956000-632578958264631296-933416236518211584,1788858956000,1788859126000,1,0.007,0.094,0.07446808510638298
939138676678459392,1788877418000-632578958264631296-939138676678459392,1788877418000,1788877647000,1,0.007,0.073,0.09589041095890412
944590362620461056,1788870745000-632578958264631296-944590362620461056,1788870745000,1788871704000,1,0.007,0.516,0.013565891472868217
951882940915122176,1788831352000-632578958264631296-951882940915122176,1788831352000,1788832292000,1,0.007,0.427,0.01639344262295082
1046752835124854784,1788851510000-632578958264631296-1046752835124854784,1788851510000,1788851655000,1,0.006,0.18,0.03333333333333333
1050781444223270912,1788865919000-632578958264631296-1050781444223270912,1788865919000,1788866382000,1,0.006,0.651,0.009216589861751152
1060533930890887168,1788880387000-632578958264631296-1060533930890887168,1788880387000,1788881191000,1,0.006,0.901,0.006659267480577136
1067764843953520640,1788837168000-632578958264631296-1067764843953520640,1788837168000,1788837528000,1,0.006,0.385,0.015584415584415584
1067775063052255232,1788878344000-632578958264631296-1067775063052255232,1788878344000,1788878554000,1,0.006,0.063,0.09523809523809523
1080454515951403008,1788852982000-632578958264631296-1080454515951403008,1788852982000,1788853181000,1,0.006,0.059,0.1016949152542373
1082303861131051008,1788865546000-632578958264631296-1082303861131051008,1788865546000,1788865907000,1,0.006,0.398,0.01507537688442211
1112389405491855360,1788872608000-632578958264631296-1112389405491855360,1788872608000,1788872763000,1,0.006,0.036,0.16666666666666669
1112389405491855360,1788872848000-632578958264631296-1112389405491855360,1788872848000,1788873315000,1,0.006,0.15,0.04
1134878026966761472,1788875388000-632578958264631296-1134878026966761472,1788875388000,1788877649000,1,0.006,2.461,0.002438033319788704
1135630948969218048,1788838512000-632578958264631296-1135630948969218048,1788838512000,1788839183000,1,0.006,0.769,0.007802340702210663
1175796809117728768,1788827031000-632578958264631296-1175796809117728768,1788827031000,1788827418000,1,0.006,0.349,0.017191977077363897
1183367596062277632,1788837461000-632578958264631296-1183367596062277632,1788837461000,1788837632000,1,0.006,0.117,0.05128205128205128
1389244302743306240,1788839657000-632578958264631296-1389244302743306240,1788839657000,1788839842000,1,0.006,0.139,0.043165467625899276
1484590862305329152,1788878541000-632578958264631296-1484590862305329152,1788878541000,1788878893000,1,0.006,0.214,0.028037383177570093
1489984398731247616,1788833484000-632578958264631296-1489984398731247616,1788833484000,1788833599000,1,0.006,0.124,0.04838709677419355
869954569466019840,1788876731000-632578958264631296-869954569466019840,1788876731000,1788877818000,1,0.006,0.461,0.013015184381778741
936665179544879104,1788862610000-632578958264631296-936665179544879104,1788862610000,1788862990000,1,0.006,0.513,0.011695906432748537
939547018001383424,1788838720000-632578958264631296-939547018001383424,1788838720000,1788838974000,1,0.006,0.293,0.020477815699658706
940245549137788928,1788845926000-632578958264631296-940245549137788928,1788845926000,1788846106000,1,0.006,0.04,0.15
947093723013971968,1788865899000-632578958264631296-947093723013971968,1788865899000,1788866705000,1,0.006,0.422,0.014218009478672987
951882940915122176,1788838230000-632578958264631296-951882940915122176,1788838230000,1788838617000,1,0.006,0.158,0.0379746835443038
967085947369816064,1788864721000-632578958264631296-967085947369816064,1788864721000,1788864899000,1,0.006,0.008,0.75
1046442314819436544,1788910423000-632578958264631296-1046442314819436544,1788910423000,1788910823000,1,0.005,0.126,0.03968253968253968
1060533930890887168,1788893874000-632578958264631296-1060533930890887168,1788893874000,1788894247000,1,0.005,0.428,0.011682242990654207
1071018553202704384,1788841251000-632578958264631296-1071018553202704384,1788841251000,1788841343000,1,0.005,0.054,0.0925925925925926
1073278104413143040,1788870187000-632578958264631296-1073278104413143040,1788870187000,1788870317000,1,0.005,0.043,0.11627906976744187
1073278104413143040,1788879066000-632578958264631296-1073278104413143040,1788879066000,1788879200000,1,0.005,0.033,0.15151515151515152
1073994678560358400,1788878129000-632578958264631296-1073994678560358400,1788878129000,1788878312000,1,0.005,0.194,0.02577319587628866
1089902742123577344,1788896165000-632578958264631296-1089902742123577344,1788896165000,1788896451000,1,0.005,0.059,0.08474576271186442
1093089257012068352,1788865931000-632578958264631296-1093089257012068352,1788865931000,1788866393000,1,0.005,0.155,0.03225806451612903
1094955908762435584,1788880959000-632578958264631296-1094955908762435584,1788880959000,1788882026000,1,0.005,0.503,0.009940357852882704
1112389405491855360,1788873618000-632578958264631296-1112389405491855360,1788873618000,1788874033000,1,0.005,0.192,0.026041666666666668
1131240847388442624,1788885628000-632578958264631296-1131240847388442624,1788885628000,1788885911000,1,0.005,0.214,0.023364485981308414
1135529735623802880,1788862241000-632578958264631296-1135529735623802880,1788862241000,1788866028000,1,0.005,7.172,0.0006971556051310653
1385588816730914816,1788834699000-632578958264631296-1385588816730914816,1788834699000,1788835406000,1,0.005,0.322,0.015527950310559006
1501934002158698496,1788848749000-632578958264631296-1501934002158698496,1788848749000,1788849024000,1,0.005,0.189,0.026455026455026457
1536014603211767808,1788833133000-632578958264631296-1536014603211767808,1788833133000,1788833290000,1,0.005,0.102,0.04901960784313726
1536014695108968448,1788866685000-632578958264631296-1536014695108968448,1788866685000,1788866905000,1,0.005,0.134,0.03731343283582089
787000328028422144,1788847136000-632578958264631296-787000328028422144,1788847136000,1788847503000,1,0.005,0.33,0.015151515151515152
860146891080335360,1788834764000-632578958264631296-860146891080335360,1788834764000,1788834840000,1,0.005,0.017,0.29411764705882354
869903934959910912,1788833916000-632578958264631296-869903934959910912,1788833916000,1788834431000,1,0.005,0.562,0.00889679715302491
873821465244336128,1788869448000-632578958264631296-873821465244336128,1788869448000,1788869713000,1,0.005,0.248,0.020161290322580645
919290820798971904,1788850689000-632578958264631296-919290820798971904,1788850689000,1788850862000,1,0.005,-0.158,0.0
939139369715892224,1788842946000-632578958264631296-939139369715892224,1788842946000,1788843264000,1,0.005,0.141,0.03546099290780142
942471450843938816,1788846431000-632578958264631296-942471450843938816,1788846431000,1788846703000,1,0.005,0.15,0.03333333333333333
964171206683000832,1788829894000-632578958264631296-964171206683000832,1788829894000,1788830545000,1,0.005,0.261,0.019157088122605363
1045014601197944832,1788841696000-632578958264631296-1045014601197944832,1788841696000,1788842238000,1,0.004,0.685,0.00583941605839416
1050036721544069120,1788881780000-632578958264631296-1050036721544069120,1788881780000,1788882030000,1,0.004,0.179,0.0223463687150838
1050037109068398592,1788859660000-632578958264631296-1050037109068398592,1788859660000,1788860213000,1,0.004,0.202,0.019801980198019802
1050037109068398592,1788868164000-632578958264631296-1050037109068398592,1788868164000,1788868305000,1,0.004,0.065,0.061538461538461535
1067793936933715968,1788871179000-632578958264631296-1067793936933715968,1788871179000,1788871296000,1,0.004,0.033,0.12121212121212122
1073983957575401472,1788884197000-632578958264631296-1073983957575401472,1788884197000,1788884580000,1,0.004,0.479,0.008350730688935283
1079026604165824512,1788856534000-632578958264631296-1079026604165824512,1788856534000,1788856639000,1,0.004,0.044,0.09090909090909091
1079774673618599936,1788882057000-632578958264631296-1079774673618599936,1788882057000,1788882854000,1,0.004,0.523,0.0076481835564053535
1089902742123577344,1788828054000-632578958264631296-1089902742123577344,1788828054000,1788828328000,1,0.004,0.119,0.033613445378151266
1093088075828953088,1788851997000-632578958264631296-1093088075828953088,1788851997000,1788852214000,1,0.004,0.098,0.04081632653061224
1134878026966761472,1788877650000-632578958264631296-1134878026966761472,1788877650000,1788879026000,1,0.004,1.353,0.0029563932002956393
1138782810882965504,1788832740000-632578958264631296-1138782810882965504,1788832740000,1788833221000,1,0.004,0.633,0.00631911532385466
1138783076164304896,1788845073000-632578958264631296-1138783076164304896,1788845073000,1788845472000,1,0.004,0.447,0.008948545861297539
1141991039255445504,1788836048000-632578958264631296-1141991039255445504,1788836048000,1788836457000,1,0.004,0.495,0.00808080808080808
1153273376152748032,1788825517000-632578958264631296-1153273376152748032,1788825517000,1788825929000,1,0.004,0.352,0.011363636363636364
1153273602804547584,1788861077000-632578958264631296-1153273602804547584,1788861077000,1788861237000,1,0.004,0.117,0.034188034188034185
1176582767303983104,1788840190000-632578958264631296-1176582767303983104,1788840190000,1788840585000,1,0.004,0.421,0.009501187648456057
1362452416535986176,1788845522000-632578958264631296-1362452416535986176,1788845522000,1788846242000,1,0.004,0.367,0.010899182561307902
1389244302743306240,1788852481000-632578958264631296-1389244302743306240,1788852481000,1788853100000,1,0.004,0.041,0.0975609756097561
1428064485414797312,1788893463000-632578958264631296-1428064485414797312,1788893463000,1788893887000,1,0.004,0.194,0.020618556701030927
1428367002015105024,1788846661000-632578958264631296-1428367002015105024,1788846661000,1788848276000,1,0.004,0.987,0.004052684903748734
1491416395517263872,1788865514000-632578958264631296-1491416395517263872,1788865514000,1788865754000,1,0.004,0.104,0.038461538461538464
1526262198169501696,1788849016000-632578958264631296-1526262198169501696,1788849016000,1788849207000,1,0.004,0.115,0.034782608695652174
635414692210147328,1788887691000-632578958264631296-635414692210147328,1788887691000,1788887860000,1,0.004,0.099,0.0404040404040404
798236529196531712,1788844210000-632578958264631296-798236529196531712,1788844210000,1788844705000,1,0.004,0.328,0.012195121951219513
939545725614686208,1788876079000-632578958264631296-939545725614686208,1788876079000,1788876263000,1,0.004,0.208,0.019230769230769232
946033927888306176,1788887327000-632578958264631296-946033927888306176,1788887327000,1788887617000,1,0.004,0.165,0.024242424242424242
947926207788220416,1788883748000-632578958264631296-947926207788220416,1788883748000,1788884236000,1,0.004,0.207,0.019323671497584544
964172050669240320,1788878229000-632578958264631296-964172050669240320,1788878229000,1788878565000,1,0.004,0.124,0.03225806451612903
1050037109068398592,1788828032000-632578958264631296-1050037109068398592,1788828032000,1788828398000,1,0.003,0.175,0.017142857142857144
1061351650800697344,1788854026000-632578958264631296-1061351650800697344,1788854026000,1788854362000,1,0.003,0.096,0.03125
1067771070980816896,1788863541000-632578958264631296-1067771070980816896,1788863541000,1788863753000,1,0.003,0.109,0.027522935779816515
1079095785133441024,1788853496000-632578958264631296-1079095785133441024,1788853496000,1788853737000,1,0.003,0.168,0.017857142857142856
1080910261382021120,1788863163000-632578958264631296-1080910261382021120,1788863163000,1788863534000,1,0.003,0.222,0.013513513513513514
1083728677599969280,1788834269000-632578958264631296-1083728677599969280,1788834269000,1788836939000,1,0.003,2.318,0.0012942191544434857
1088485622458351616,1788830898000-632578958264631296-1088485622458351616,1788830898000,1788831789000,1,0.003,0.333,0.009009009009009009
1101524127430213632,1788857744000-632578958264631296-1101524127430213632,1788857744000,1788857855000,1,0.003,0.067,0.04477611940298507
1105914860262129664,1788865205000-632578958264631296-1105914860262129664,1788865205000,1788865498000,1,0.003,0.061,0.04918032786885246
1134878026966761472,1788855327000-632578958264631296-1134878026966761472,1788855327000,1788855603000,1,0.003,0.217,0.013824884792626729
1182027923075366912,1788897570000-632578958264631296-1182027923075366912,1788897570000,1788898249000,1,0.003,0.677,0.0044313146233382564
1464260641047969792,1788854643000-632578958264631296-1464260641047969792,1788854643000,1788854777000,1,0.003,0.045,0.06666666666666667
1468940686052032512,1788837706000-632578958264631296-1468940686052032512,1788837706000,1788838631000,1,0.003,0.378,0.007936507936507936
1501933902321680384,1788837115000-632578958264631296-1501933902321680384,1788837115000,1788837455000,1,0.003,0.191,0.015706806282722512
1536014589357981696,1788836944000-632578958264631296-1536014589357981696,1788836944000,1788837184000,1,0.003,0.096,0.03125
1536014633725329408,1788867411000-632578958264631296-1536014633725329408,1788867411000,1788867638000,1,0.003,0.117,0.02564102564102564
836966844580495360,1788844254000-632578958264631296-836966844580495360,1788844254000,1788844535000,1,0.003,0.244,0.012295081967213115
847116116999274496,1788836156000-632578958264631296-847116116999274496,1788836156000,1788836550000,1,0.003,0.135,0.02222222222222222
929717117048061952,1788852753000-632578958264631296-929717117048061952,1788852753000,1788853310000,1,0.003,0.23,0.013043478260869565
940983317312831488,1788899872000-632578958264631296-940983317312831488,1788899872000,1788900250000,1,0.003,0.097,0.030927835051546393
946025653910634496,1788911004000-632578958264631296-946025653910634496,1788911004000,1788911332000,1,0.003,0.12,0.025
951559578305167360,1788892495000-632578958264631296-951559578305167360,1788892495000,1788892848000,1,0.003,0.123,0.024390243902439025
1046752835124854784,1788868418000-632578958264631296-1046752835124854784,1788868418000,1788868597000,1,0.002,0.137,0.014598540145985401
1050036721544069120,1788877321000-632578958264631296-1050036721544069120,1788877321000,1788877473000,1,0.002,0.038,0.052631578947368425
1061979678694178816,1788882322000-632578958264631296-1061979678694178816,1788882322000,1788882464000,1,0.002,0.111,0.018018018018018018
1067765061260410880,1788838188000-632578958264631296-1067765061260410880,1788838188000,1788838480000,1,0.002,0.254,0.007874015748031496
1071826388769570816,1788848896000-632578958264631296-1071826388769570816,1788848896000,1788849147000,1,0.002,0.226,0.008849557522123894
1094956363722784768,1788873926000-632578958264631296-1094956363722784768,1788873926000,1788874086000,1,0.002,0.092,0.021739130434782608
1103352309556969472,1788878170000-632578958264631296-1103352309556969472,1788878170000,1788878319000,1,0.002,0.117,0.017094017094017092
1105914860262129664,1788845748000-632578958264631296-1105914860262129664,1788845748000,1788846829000,1,0.002,0.385,0.005194805194805195
1140670395897085952,1788845501000-632578958264631296-1140670395897085952,1788845501000,1788845664000,1,0.002,0.04,0.05
1182027923075366912,1788883629000-632578958264631296-1182027923075366912,1788883629000,1788884311000,1,0.002,0.745,0.0026845637583892616
1370798572273926144,1788884206000-632578958264631296-1370798572273926144,1788884206000,1788884456000,1,0.002,0.191,0.010471204188481676
1389244302743306240,1788863095000-632578958264631296-1389244302743306240,1788863095000,1788864021000,1,0.002,0.332,0.006024096385542168
1488160320575766528,1788871545000-632578958264631296-1488160320575766528,1788871545000,1788871716000,1,0.002,0.097,0.020618556701030927
1536014517601828864,1788859491000-632578958264631296-1536014517601828864,1788859491000,1788859642000,1,0.002,0.006,0.3333333333333333
1536397466075660288,1788868055000-632578958264631296-1536397466075660288,1788868055000,1788868185000,1,0.002,0.063,0.031746031746031744
1536397466075660288,1788887728000-632578958264631296-1536397466075660288,1788887728000,1788888565000,1,0.002,0.414,0.004830917874396136
788429534713085952,1788849246000-632578958264631296-788429534713085952,1788849246000,1788849550000,1,0.002,0.296,0.006756756756756757
866245373776101376,1788861397000-632578958264631296-866245373776101376,1788861397000,1788861709000,1,0.002,0.225,0.008888888888888889
944573640047853568,1788910163000-632578958264631296-944573640047853568,1788910163000,1788910420000,1,0.002,0.105,0.01904761904761905
946029060134273024,1788880848000-632578958264631296-946029060134273024,1788880848000,1788881062000,1,0.002,0.105,0.01904761904761905
996809766619578368,1788832703000-632578958264631296-996809766619578368,1788832703000,1788833223000,1,0.002,0.245,0.00816326530612245
1001786725204230144,1788846986000-632578958264631296-1001786725204230144,1788846986000,1788847253000,1,0.001,0.236,0.00423728813559322
1060533930890887168,1788883150000-632578958264631296-1060533930890887168,1788883150000,1788883493000,1,0.001,0.361,0.002770083102493075
1060579746913452032,1788829830000-632578958264631296-1060579746913452032,1788829830000,1788830231000,1,0.001,0.084,0.011904761904761904
1060630916881186816,1788910259000-632578958264631296-1060630916881186816,1788910259000,1788910602000,1,0.001,0.354,0.0028248587570621473
1061351650800697344,1788856167000-632578958264631296-1061351650800697344,1788856167000,1788857004000,1,0.001,0.31,0.0032258064516129032
1061979678694178816,1788842687000-632578958264631296-1061979678694178816,1788842687000,1788843354000,1,0.001,0.227,0.004405286343612334
1067771070980816896,1788852444000-632578958264631296-1067771070980816896,1788852444000,1788852665000,1,0.001,0.077,0.012987012987012988
1067771070980816896,1788876187000-632578958264631296-1067771070980816896,1788876187000,1788877526000,1,0.001,0.649,0.0015408320493066256
1067771070980816896,1788877530000-632578958264631296-1067771070980816896,1788877530000,1788878820000,1,0.001,0.376,0.0026595744680851063
1083727048683290624,1788873370000-632578958264631296-1083727048683290624,1788873370000,1788873662000,1,0.001,0.005,0.2
1093087265762050048,1788838582000-632578958264631296-1093087265762050048,1788838582000,1788838922000,1,0.001,0.142,0.007042253521126762
1093088075828953088,1788851529000-632578958264631296-1093088075828953088,1788851529000,1788851678000,1,0.001,0.069,0.014492753623188404
1294723291725955072,1788844095000-632578958264631296-1294723291725955072,1788844095000,1788844290000,1,0.001,0.116,0.008620689655172414
1363836271826305024,1788892034000-632578958264631296-1363836271826305024,1788892034000,1788892552000,1,0.001,0.311,0.003215434083601286
1428367002015105024,1788837685000-632578958264631296-1428367002015105024,1788837685000,1788837836000,1,0.001,0.076,0.013157894736842106
1428367002015105024,1788875545000-632578958264631296-1428367002015105024,1788875545000,1788877310000,1,0.001,0.7,0.0014285714285714288
1488156479612518400,1788843617000-632578958264631296-1488156479612518400,1788843617000,1788843969000,1,0.001,0.218,0.0045871559633027525
1488160320575766528,1788892567000-632578958264631296-1488160320575766528,1788892567000,1788893173000,1,0.001,0.347,0.0028818443804034585
1524760784293330944,1788854477000-632578958264631296-1524760784293330944,1788854477000,1788855245000,1,0.001,0.942,0.0010615711252653928
1536014667858575360,1788859829000-632578958264631296-1536014667858575360,1788859829000,1788859968000,1,0.001,0.036,0.02777777777777778
1536014737035231232,1788869218000-632578958264631296-1536014737035231232,1788869218000,1788869476000,1,0.001,0.104,0.009615384615384616
871764433825693696,1788853764000-632578958264631296-871764433825693696,1788853764000,1788854293000,1,0.001,0.579,0.0017271157167530226
915980150607183872,1788828305000-632578958264631296-915980150607183872,1788828305000,1788829276000,1,0.001,0.439,0.002277904328018223
932334220825591808,1788863993000-632578958264631296-932334220825591808,1788863993000,1788864243000,1,0.001,0.258,0.003875968992248062
951561875261227008,1788861933000-632578958264631296-951561875261227008,1788861933000,1788862073000,1,0.001,0.063,0.015873015873015872
1001786725204230144,1788845875000-632578958264631296-1001786725204230144,1788845875000,1788846290000,1,0.0,0.486,0.0
1045014601197944832,1788892821000-632578958264631296-1045014601197944832,1788892821000,1788893057000,1,0.0,0.247,0.0
1045015172411817984,1788880411000-632578958264631296-1045015172411817984,1788880411000,1788880744000,1,0.0,0.144,0.0
1046442514266980352,1788835748000-632578958264631296-1046442514266980352,1788835748000,1788835925000,1,0.0,0.061,0.0
1046442858321543168,1788875247000-632578958264631296-1046442858321543168,1788875247000,1788875429000,1,0.0,0.043,0.0
1046836268442320896,1788840266000-632578958264631296-1046836268442320896,1788840266000,1788840450000,1,0.0,0.283,0.0
1046837731746906112,1788872665000-632578958264631296-1046837731746906112,1788872665000,1788873143000,1,0.0,0.134,0.0
1046837731746906112,1788873909000-632578958264631296-1046837731746906112,1788873909000,1788874200000,1,0.0,0.095,0.0
1046837731746906112,1788884719000-632578958264631296-1046837731746906112,1788884719000,1788886967000,1,0.0,0.821,0.0
1046837731746906112,1788893287000-632578958264631296-1046837731746906112,1788893287000,1788897777000,1,0.0,1.254,0.0
1047649870816477184,1788910230000-632578958264631296-1047649870816477184,1788910230000,1788910616000,1,0.0,0.145,0.0
1047649870816477184,1788910717000-632578958264631296-1047649870816477184,1788910717000,1788911045000,1,0.0,0.125,0.0
1049976646406242304,1788906107000-632578958264631296-1049976646406242304,1788906107000,1788906354000,1,0.0,0.24,0.0
1050036657417355264,1788837158000-632578958264631296-1050036657417355264,1788837158000,1788837521000,1,0.0,0.416,0.0
1050036657417355264,1788878894000-632578958264631296-1050036657417355264,1788878894000,1788880085000,1,0.0,1.507,0.0
1050036721544069120,1788877578000-632578958264631296-1050036721544069120,1788877578000,1788877755000,1,0.0,0.187,0.0
1050036721544069120,1788877851000-632578958264631296-1050036721544069120,1788877851000,1788878126000,1,0.0,0.406,0.0
1050036721544069120,1788881217000-632578958264631296-1050036721544069120,1788881217000,1788881384000,1,0.0,0.097,0.0
1050037048276156416,1788882570000-632578958264631296-1050037048276156416,1788882570000,1788882953000,1,0.0,0.119,0.0
1050037109068398592,1788876637000-632578958264631296-1050037109068398592,1788876637000,1788877074000,1,0.0,0.253,0.0
1050037109068398592,1788882553000-632578958264631296-1050037109068398592,1788882553000,1788882823000,1,0.0,0.105,0.0
1050037109068398592,1788910872000-632578958264631296-1050037109068398592,1788910872000,1788911204000,1,0.0,0.188,0.0
1050037424450699264,1788876664000-632578958264631296-1050037424450699264,1788876664000,1788876813000,1,0.0,0.027,0.0
1050037591694376960,1788838595000-632578958264631296-1050037591694376960,1788838595000,1788838969000,1,0.0,0.143,0.0
1050037649940676608,1788910989000-632578958264631296-1050037649940676608,1788910989000,1788911382000,1,0.0,0.279,0.0
1050781444223270912,1788842415000-632578958264631296-1050781444223270912,1788842415000,1788842597000,1,0.0,0.24,0.0
1050781444223270912,1788892445000-632578958264631296-1050781444223270912,1788892445000,1788893458000,1,0.0,1.129,0.0
1056588446363025408,1788827281000-632578958264631296-1056588446363025408,1788827281000,1788827673000,1,0.0,0.085,0.0
1061350580632420352,1788827161000-632578958264631296-1061350580632420352,1788827161000,1788827863000,1,0.0,0.275,0.0
1061350580632420352,1788828919000-632578958264631296-1061350580632420352,1788828919000,1788829269000,1,0.0,0.116,0.0
1061350580632420352,1788831519000-632578958264631296-1061350580632420352,1788831519000,1788831845000,1,0.0,0.096,0.0
1061350580632420352,1788834433000-632578958264631296-1061350580632420352,1788834433000,1788834630000,1,0.0,0.098,0.0
1061350580632420352,1788865709000-632578958264631296-1061350580632420352,1788865709000,1788865898000,1,0.0,0.086,0.0
1061350580632420352,1788867483000-632578958264631296-1061350580632420352,1788867483000,1788867647000,1,0.0,0.262,0.0
1061350580632420352,1788868423000-632578958264631296-1061350580632420352,1788868423000,1788868817000,1,0.0,0.105,0.0
1061979678694178816,1788843360000-632578958264631296-1061979678694178816,1788843360000,1788843690000,1,0.0,0.068,0.0
1061980520671346688,1788869330000-632578958264631296-1061980520671346688,1788869330000,1788869455000,1,0.0,0.066,0.0
1061980520671346688,1788871474000-632578958264631296-1061980520671346688,1788871474000,1788871920000,1,0.0,0.1,0.0
1062738070563979264,1788851562000-632578958264631296-1062738070563979264,1788851562000,1788851689000,1,0.0,0.029,0.0
1062738572429230080,1788828799000-632578958264631296-1062738572429230080,1788828799000,1788829069000,1,0.0,0.17,0.0
1062738572429230080,1788829073000-632578958264631296-1062738572429230080,1788829073000,1788829430000,1,0.0,0.112,0.0
1062738807117316096,1788877936000-632578958264631296-1062738807117316096,1788877936000,1788878308000,1,0.0,0.361,0.0
1064550465066237952,1788879923000-632578958264631296-1064550465066237952,1788879923000,1788880294000,1,0.0,0.156,0.0
1065321017443876864,1788881279000-632578958264631296-1065321017443876864,1788881279000,1788881526000,1,0.0,0.115,0.0
1067763772824748032,1788845128000-632578958264631296-1067763772824748032,1788845128000,1788845512000,1,0.0,0.362,0.0
1067763772824748032,1788845516000-632578958264631296-1067763772824748032,1788845516000,1788845808000,1,0.0,0.289,0.0
1067763903368265728,1788837988000-632578958264631296-1067763903368265728,1788837988000,1788838372000,1,0.0,0.356,0.0
1067764779667423232,1788838708000-632578958264631296-1067764779667423232,1788838708000,1788839179000,1,0.0,0.634,0.0
1067764779667423232,1788854332000-632578958264631296-1067764779667423232,1788854332000,1788855269000,1,0.0,1.14,0.0
1067764901566480384,1788843200000-632578958264631296-1067764901566480384,1788843200000,1788843565000,1,0.0,0.396,0.0
1067764901566480384,1788843577000-632578958264631296-1067764901566480384,1788843577000,1788843961000,1,0.0,0.369,0.0
1067764901566480384,1788878976000-632578958264631296-1067764901566480384,1788878976000,1788880554000,1,0.0,1.77,0.0
1067765189559975936,1788866692000-632578958264631296-1067765189559975936,1788866692000,1788866976000,1,0.0,0.278,0.0
1067765309810671616,1788887362000-632578958264631296-1067765309810671616,1788887362000,1788887746000,1,0.0,0.355,0.0
1067765309810671616,1788887750000-632578958264631296-1067765309810671616,1788887750000,1788888113000,1,0.0,0.368,0.0
1067765446171688960,1788873545000-632578958264631296-1067765446171688960,1788873545000,1788873936000,1,0.0,0.387,0.0
1067765446171688960,1788883965000-632578958264631296-1067765446171688960,1788883965000,1788884351000,1,0.0,0.389,0.0
1067765446171688960,1788884356000-632578958264631296-1067765446171688960,1788884356000,1788884743000,1,0.0,0.351,0.0
1067765446171688960,1788885922000-632578958264631296-1067765446171688960,1788885922000,1788886412000,1,0.0,0.367,0.0
1067765446171688960,1788890148000-632578958264631296-1067765446171688960,1788890148000,1788890535000,1,0.0,0.371,0.0
1067767656859303936,1788853634000-632578958264631296-1067767656859303936,1788853634000,1788854212000,1,0.0,0.551,0.0
1067772524470730752,1788910185000-632578958264631296-1067772524470730752,1788910185000,1788910472000,1,0.0,0.258,0.0
1067774753596506112,1788881417000-632578958264631296-1067774753596506112,1788881417000,1788881782000,1,0.0,0.333,0.0
1067775063052255232,1788828603000-632578958264631296-1067775063052255232,1788828603000,1788828887000,1,0.0,0.154,0.0
1067775063052255232,1788828889000-632578958264631296-1067775063052255232,1788828889000,1788829566000,1,0.0,0.444,0.0
1067775063052255232,1788882596000-632578958264631296-1067775063052255232,1788882596000,1788882879000,1,0.0,0.102,0.0
1067775063052255232,1788882880000-632578958264631296-1067775063052255232,1788882880000,1788883147000,1,0.0,0.091,0.0
1067775201233600512,1788879672000-632578958264631296-1067775201233600512,1788879672000,1788880000000,1,0.0,0.189,0.0
1067776159577538560,1788857538000-632578958264631296-1067776159577538560,1788857538000,1788857833000,1,0.0,0.078,0.0
1067776270814674944,1788843207000-632578958264631296-1067776270814674944,1788843207000,1788843383000,1,0.0,0.076,0.0
1071018553202704384,1788838249000-632578958264631296-1071018553202704384,1788838249000,1788838340000,1,0.0,0.049,0.0
1071018553202704384,1788838344000-632578958264631296-1071018553202704384,1788838344000,1788838549000,1,0.0,0.098,0.0
1071018553202704384,1788853634000-632578958264631296-1071018553202704384,1788853634000,1788853770000,1,0.0,0.059,0.0
1071018553202704384,1788854608000-632578958264631296-1071018553202704384,1788854608000,1788854738000,1,0.0,0.022,0.0
1071018553202704384,1788854858000-632578958264631296-1071018553202704384,1788854858000,1788854972000,1,0.0,0.052,0.0
1071826388769570816,1788862222000-632578958264631296-1071826388769570816,1788862222000,1788862517000,1,0.0,0.303,0.0
1071826388769570816,1788885707000-632578958264631296-1071826388769570816,1788885707000,1788885992000,1,0.0,0.318,0.0
1072871041421803520,1788856874000-632578958264631296-1072871041421803520,1788856874000,1788857515000,1,0.0,0.757,0.0
1073278104413143040,1788865909000-632578958264631296-1073278104413143040,1788865909000,1788866139000,1,0.0,0.126,0.0
1073278104413143040,1788877072000-632578958264631296-1073278104413143040,1788877072000,1788877183000,1,0.0,0.014,0.0
1073278104413143040,1788877287000-632578958264631296-1073278104413143040,1788877287000,1788877448000,1,0.0,0.094,0.0
1073966174624022528,1788872872000-632578958264631296-1073966174624022528,1788872872000,1788873037000,1,0.0,0.001,0.0
1073983957575401472,1788840064000-632578958264631296-1073983957575401472,1788840064000,1788840538000,1,0.0,0.551,0.0
1073983957575401472,1788876311000-632578958264631296-1073983957575401472,1788876311000,1788876760000,1,0.0,0.663,0.0
1076104369969037312,1788852859000-632578958264631296-1076104369969037312,1788852859000,1788853154000,1,0.0,0.141,0.0
1079026604165824512,1788845625000-632578958264631296-1079026604165824512,1788845625000,1788845801000,1,0.0,0.047,0.0
1079095062366781440,1788827585000-632578958264631296-1079095062366781440,1788827585000,1788828158000,1,0.0,0.246,0.0
1079444806125486080,1788910771000-632578958264631296-1079444806125486080,1788910771000,1788911158000,1,0.0,0.401,0.0
1079774152119812096,1788832076000-632578958264631296-1079774152119812096,1788832076000,1788832526000,1,0.0,0.239,0.0
1079778539525373952,1788830620000-632578958264631296-1079778539525373952,1788830620000,1788830967000,1,0.0,0.208,0.0
1079795397515280384,1788906357000-632578958264631296-1079795397515280384,1788906357000,1788906909000,1,0.0,0.326,0.0
1079795397515280384,1788906996000-632578958264631296-1079795397515280384,1788906996000,1788907245000,1,0.0,0.29,0.0
1080910261382021120,1788864381000-632578958264631296-1080910261382021120,1788864381000,1788865030000,1,0.0,0.233,0.0
1080910261382021120,1788865335000-632578958264631296-1080910261382021120,1788865335000,1788865890000,1,0.0,0.211,0.0
1080910261382021120,1788866807000-632578958264631296-1080910261382021120,1788866807000,1788867175000,1,0.0,0.144,0.0
1080910261382021120,1788889316000-632578958264631296-1080910261382021120,1788889316000,1788889686000,1,0.0,0.124,0.0
1081223436249858048,1788837044000-632578958264631296-1081223436249858048,1788837044000,1788843812000,1,0.0,1.145,0.0
1081614639520808960,1788847616000-632578958264631296-1081614639520808960,1788847616000,1788847813000,1,0.0,0.032,0.0
1082007973238145024,1788879477000-632578958264631296-1082007973238145024,1788879477000,1788880327000,1,0.0,1.074,0.0
1083040210243026944,1788875030000-632578958264631296-1083040210243026944,1788875030000,1788875659000,1,0.0,0.281,0.0
1083726517403385856,1788882778000-632578958264631296-1083726517403385856,1788882778000,1788883189000,1,0.0,0.368,0.0
1083726561296777216,1788885035000-632578958264631296-1083726561296777216,1788885035000,1788885913000,1,0.0,0.919,0.0
1083726887294861312,1788881941000-632578958264631296-1083726887294861312,1788881941000,1788882283000,1,0.0,0.368,0.0
1083727048683290624,1788850034000-632578958264631296-1083727048683290624,1788850034000,1788851202000,1,0.0,1.355,0.0
1083727144086929408,1788829571000-632578958264631296-1083727144086929408,1788829571000,1788829955000,1,0.0,0.257,0.0
1083727207982956544,1788825599000-632578958264631296-1083727207982956544,1788825599000,1788826068000,1,0.0,0.527,0.0
1083727207982956544,1788828633000-632578958264631296-1083727207982956544,1788828633000,1788828821000,1,0.0,0.177,0.0
1083727289243402240,1788826615000-632578958264631296-1083727289243402240,1788826615000,1788826999000,1,0.0,0.39,0.0
1083727517765861376,1788898364000-632578958264631296-1083727517765861376,1788898364000,1788899807000,1,0.0,1.337,0.0
1083727593376579584,1788836295000-632578958264631296-1083727593376579584,1788836295000,1788836651000,1,0.0,0.401,0.0
1083728245179809792,1788828209000-632578958264631296-1083728245179809792,1788828209000,1788828593000,1,0.0,0.389,0.0
1083728677599969280,1788884809000-632578958264631296-1083728677599969280,1788884809000,1788886142000,1,0.0,1.129,0.0
1083728919393206272,1788837712000-632578958264631296-1083728919393206272,1788837712000,1788838098000,1,0.0,0.379,0.0
1083728919393206272,1788838102000-632578958264631296-1083728919393206272,1788838102000,1788838588000,1,0.0,0.438,0.0
1083729116835872768,1788843645000-632578958264631296-1083729116835872768,1788843645000,1788844159000,1,0.0,0.602,0.0
1083778254826897408,1788826734000-632578958264631296-1083778254826897408,1788826734000,1788826846000,1,0.0,0.052,0.0
1083778254826897408,1788878953000-632578958264631296-1083778254826897408,1788878953000,1788879064000,1,0.0,0.037,0.0
1087441747748847616,1788825518000-632578958264631296-1087441747748847616,1788825518000,1788825879000,1,0.0,0.39,0.0
1088472759995990016,1788884656000-632578958264631296-1088472759995990016,1788884656000,1788884928000,1,0.0,0.281,0.0
1088492376734826496,1788838560000-632578958264631296-1088492376734826496,1788838560000,1788839028000,1,0.0,0.566,0.0
1088492376734826496,1788896895000-632578958264631296-1088492376734826496,1788896895000,1788897267000,1,0.0,0.182,0.0
1088512574191828992,1788906029000-632578958264631296-1088512574191828992,1788906029000,1788906297000,1,0.0,0.079,0.0
1089954932305428480,1788829480000-632578958264631296-1089954932305428480,1788829480000,1788829814000,1,0.0,0.183,0.0
1089954932305428480,1788860997000-632578958264631296-1089954932305428480,1788860997000,1788861488000,1,0.0,0.225,0.0
1090633180173565952,1788833630000-632578958264631296-1090633180173565952,1788833630000,1788833883000,1,0.0,0.394,0.0
1093087738300727296,1788872095000-632578958264631296-1093087738300727296,1788872095000,1788872360000,1,0.0,0.099,0.0
1093089257012068352,1788862931000-632578958264631296-1093089257012068352,1788862931000,1788863210000,1,0.0,0.105,0.0
1093089257012068352,1788866605000-632578958264631296-1093089257012068352,1788866605000,1788866783000,1,0.0,0.062,0.0
1093089257012068352,1788866892000-632578958264631296-1093089257012068352,1788866892000,1788867076000,1,0.0,0.052,0.0
1093476797997121536,1788866986000-632578958264631296-1093476797997121536,1788866986000,1788867091000,1,0.0,0.051,0.0
1093476797997121536,1788870497000-632578958264631296-1093476797997121536,1788870497000,1788870602000,1,0.0,0.03,0.0
1094226815196594176,1788881587000-632578958264631296-1094226815196594176,1788881587000,1788881912000,1,0.0,0.121,0.0
1094955908762435584,1788834406000-632578958264631296-1094955908762435584,1788834406000,1788835048000,1,0.0,0.309,0.0
1094956363722784768,1788880196000-632578958264631296-1094956363722784768,1788880196000,1788880438000,1,0.0,0.336,0.0
1097510484225032192,1788850137000-632578958264631296-1097510484225032192,1788850137000,1788850515000,1,0.0,0.241,0.0
1097510484225032192,1788872501000-632578958264631296-1097510484225032192,1788872501000,1788873255000,1,0.0,0.376,0.0
1097510484225032192,1788881993000-632578958264631296-1097510484225032192,1788881993000,1788883491000,1,0.0,0.779,0.0
1101156788989853696,1788833745000-632578958264631296-1101156788989853696,1788833745000,1788834273000,1,0.0,0.236,0.0
1101156788989853696,1788850220000-632578958264631296-1101156788989853696,1788850220000,1788850595000,1,0.0,0.129,0.0
1101157025884143616,1788911226000-632578958264631296-1101157025884143616,1788911226000,1788911495000,1,0.0,0.243,0.0
1103352309556969472,1788876696000-632578958264631296-1103352309556969472,1788876696000,1788877241000,1,0.0,0.685,0.0
1103352309556969472,1788881089000-632578958264631296-1103352309556969472,1788881089000,1788881446000,1,0.0,0.369,0.0
1105914583932993536,1788879971000-632578958264631296-1105914583932993536,1788879971000,1788880267000,1,0.0,0.083,0.0
1105914860262129664,1788849266000-632578958264631296-1105914860262129664,1788849266000,1788849736000,1,0.0,0.247,0.0
1108703058243616768,1788860834000-632578958264631296-1108703058243616768,1788860834000,1788861508000,1,0.0,0.445,0.0
1108703058243616768,1788862095000-632578958264631296-1108703058243616768,1788862095000,1788862963000,1,0.0,0.688,0.0
1108703058243616768,1788863160000-632578958264631296-1108703058243616768,1788863160000,1788863928000,1,0.0,0.615,0.0
1108703058243616768,1788879793000-632578958264631296-1108703058243616768,1788879793000,1788880369000,1,0.0,0.362,0.0
1108703058243616768,1788880567000-632578958264631296-1108703058243616768,1788880567000,1788880758000,1,0.0,0.037,0.0
1108703058243616768,1788880763000-632578958264631296-1108703058243616768,1788880763000,1788881030000,1,0.0,0.036,0.0
1108703058243616768,1788883256000-632578958264631296-1108703058243616768,1788883256000,1788883838000,1,0.0,0.424,0.0
1108703058243616768,1788883936000-632578958264631296-1108703058243616768,1788883936000,1788884176000,1,0.0,0.231,0.0
1108703058243616768,1788886187000-632578958264631296-1108703058243616768,1788886187000,1788886442000,1,0.0,0.361,0.0
1113484110199783424,1788846369000-632578958264631296-1113484110199783424,1788846369000,1788846642000,1,0.0,0.118,0.0
1120316481867874304,1788833191000-632578958264631296-1120316481867874304,1788833191000,1788833548000,1,0.0,0.423,0.0
1120316662394912768,1788845105000-632578958264631296-1120316662394912768,1788845105000,1788845415000,1,0.0,0.38,0.0
1120316662394912768,1788854027000-632578958264631296-1120316662394912768,1788854027000,1788854234000,1,0.0,0.145,0.0
1125482414773108736,1788852526000-632578958264631296-1125482414773108736,1788852526000,1788852754000,1,0.0,0.272,0.0
1126869078934290432,1788846884000-632578958264631296-1126869078934290432,1788846884000,1788847359000,1,0.0,0.517,0.0
1127222273418199040,1788846561000-632578958264631296-1127222273418199040,1788846561000,1788847406000,1,0.0,0.358,0.0
1131239137144209408,1788875026000-632578958264631296-1131239137144209408,1788875026000,1788875389000,1,0.0,0.369,0.0
1131239137144209408,1788889213000-632578958264631296-1131239137144209408,1788889213000,1788889577000,1,0.0,0.355,0.0
1131239137144209408,1788893686000-632578958264631296-1131239137144209408,1788893686000,1788894138000,1,0.0,0.546,0.0
1131239137144209408,1788903730000-632578958264631296-1131239137144209408,1788903730000,1788904200000,1,0.0,0.495,0.0
1131239137144209408,1788907047000-632578958264631296-1131239137144209408,1788907047000,1788907419000,1,0.0,0.386,0.0
1131239476161413120,1788842979000-632578958264631296-1131239476161413120,1788842979000,1788843159000,1,0.0,0.233,0.0
1131239476161413120,1788880268000-632578958264631296-1131239476161413120,1788880268000,1788880653000,1,0.0,0.446,0.0
1131240373310455808,1788825550000-632578958264631296-1131240373310455808,1788825550000,1788825994000,1,0.0,0.519,0.0
1131240847388442624,1788849940000-632578958264631296-1131240847388442624,1788849940000,1788850300000,1,0.0,0.419,0.0
1131240847388442624,1788875307000-632578958264631296-1131240847388442624,1788875307000,1788875656000,1,0.0,0.374,0.0
1131972366507704320,1788837029000-632578958264631296-1131972366507704320,1788837029000,1788837199000,1,0.0,0.117,0.0
1132635709874634752,1788910160000-632578958264631296-1132635709874634752,1788910160000,1788910518000,1,0.0,0.227,0.0
1132636490090676224,1788878971000-632578958264631296-1132636490090676224,1788878971000,1788879525000,1,0.0,0.234,0.0
1135529735623802880,1788826467000-632578958264631296-1135529735623802880,1788826467000,1788826632000,1,0.0,0.037,0.0
1135529735623802880,1788848766000-632578958264631296-1135529735623802880,1788848766000,1788848957000,1,0.0,0.192,0.0
1135630948969218048,1788875450000-632578958264631296-1135630948969218048,1788875450000,1788876583000,1,0.0,1.214,0.0
1136692610564358144,1788884489000-632578958264631296-1136692610564358144,1788884489000,1788884769000,1,0.0,0.079,0.0
1136692610564358144,1788885768000-632578958264631296-1136692610564358144,1788885768000,1788886200000,1,0.0,0.112,0.0
1136692610564358144,1788886752000-632578958264631296-1136692610564358144,1788886752000,1788886934000,1,0.0,0.054,0.0
1138782810882965504,1788833516000-632578958264631296-1138782810882965504,1788833516000,1788833900000,1,0.0,0.355,0.0
1141991039255445504,1788850161000-632578958264631296-1141991039255445504,1788850161000,1788850476000,1,0.0,0.375,0.0
1152270574152581120,1788833532000-632578958264631296-1152270574152581120,1788833532000,1788833892000,1,0.0,0.256,0.0
1152270574152581120,1788833895000-632578958264631296-1152270574152581120,1788833895000,1788834249000,1,0.0,0.193,0.0
1153273602804547584,1788865394000-632578958264631296-1153273602804547584,1788865394000,1788865780000,1,0.0,0.422,0.0
1157003119578578944,1788906834000-632578958264631296-1157003119578578944,1788906834000,1788907277000,1,0.0,0.247,0.0
1161991673035620352,1788876977000-632578958264631296-1161991673035620352,1788876977000,1788877293000,1,0.0,0.198,0.0
1161991673035620352,1788883464000-632578958264631296-1161991673035620352,1788883464000,1788883724000,1,0.0,0.261,0.0
1168836102002311168,1788834099000-632578958264631296-1168836102002311168,1788834099000,1788834499000,1,0.0,0.127,0.0
1176134230934028288,1788840771000-632578958264631296-1176134230934028288,1788840771000,1788841158000,1,0.0,0.37,0.0
1176184196838719488,1788878405000-632578958264631296-1176184196838719488,1788878405000,1788879000000,1,0.0,0.349,0.0
1176184196838719488,1788879421000-632578958264631296-1176184196838719488,1788879421000,1788879808000,1,0.0,0.158,0.0
1176184196838719488,1788884486000-632578958264631296-1176184196838719488,1788884486000,1788884875000,1,0.0,0.203,0.0
1184409623537385472,1788841769000-632578958264631296-1184409623537385472,1788841769000,1788842105000,1,0.0,0.223,0.0
1187402009754468352,1788862437000-632578958264631296-1187402009754468352,1788862437000,1788862718000,1,0.0,0.153,0.0
1187437506908389376,1788897572000-632578958264631296-1187437506908389376,1788897572000,1788897864000,1,0.0,0.218,0.0
1268615019327651840,1788891086000-632578958264631296-1268615019327651840,1788891086000,1788891242000,1,0.0,0.111,0.0
1286352128566099968,1788872641000-632578958264631296-1286352128566099968,1788872641000,1788872913000,1,0.0,0.546,0.0
1286352128566099968,1788890736000-632578958264631296-1286352128566099968,1788890736000,1788891234000,1,0.0,0.569,0.0
1286352128566099968,1788892066000-632578958264631296-1286352128566099968,1788892066000,1788892484000,1,0.0,0.262,0.0
1289307004661137408,1788845408000-632578958264631296-1289307004661137408,1788845408000,1788845563000,1,0.0,0.09,0.0
1294704486559776768,1788893037000-632578958264631296-1294704486559776768,1788893037000,1788893236000,1,0.0,0.101,0.0
1294723291725955072,1788845109000-632578958264631296-1294723291725955072,1788845109000,1788845413000,1,0.0,0.166,0.0
1299087047838924800,1788910883000-632578958264631296-1299087047838924800,1788910883000,1788911246000,1,0.0,0.233,0.0
1332765289414131712,1788880495000-632578958264631296-1332765289414131712,1788880495000,1788880872000,1,0.0,0.421,0.0
1345798361172672512,1788889757000-632578958264631296-1345798361172672512,1788889757000,1788890161000,1,0.0,0.136,0.0
1355523374926790656,1788829849000-632578958264631296-1355523374926790656,1788829849000,1788830757000,1,0.0,0.438,0.0
1355523374926790656,1788847325000-632578958264631296-1355523374926790656,1788847325000,1788847459000,1,0.0,0.074,0.0
1361380561528029184,1788884464000-632578958264631296-1361380561528029184,1788884464000,1788887386000,1,0.0,0.163,0.0
1361380561528029184,1788888140000-632578958264631296-1361380561528029184,1788888140000,1788888389000,1,0.0,0.132,0.0
1361380561528029184,1788891349000-632578958264631296-1361380561528029184,1788891349000,1788891680000,1,0.0,0.16,0.0
1362128357327634432,1788825307000-632578958264631296-1362128357327634432,1788825307000,1788825644000,1,0.0,0.087,0.0
1362452416535986176,1788883582000-632578958264631296-1362452416535986176,1788883582000,1788883803000,1,0.0,0.081,0.0
1363836271826305024,1788850245000-632578958264631296-1363836271826305024,1788850245000,1788851240000,1,0.0,0.76,0.0
1385305434218299392,1788835956000-632578958264631296-1385305434218299392,1788835956000,1788836269000,1,0.0,0.148,0.0
1385588586753032192,1788849074000-632578958264631296-1385588586753032192,1788849074000,1788849322000,1,0.0,0.121,0.0
1385588586753032192,1788849648000-632578958264631296-1385588586753032192,1788849648000,1788849821000,1,0.0,0.071,0.0
1385588586753032192,1788850348000-632578958264631296-1385588586753032192,1788850348000,1788850601000,1,0.0,0.119,0.0
1385588705250508800,1788858373000-632578958264631296-1385588705250508800,1788858373000,1788858658000,1,0.0,0.112,0.0
1385588705250508800,1788879890000-632578958264631296-1385588705250508800,1788879890000,1788880256000,1,0.0,0.129,0.0
1389244197004902400,1788829579000-632578958264631296-1389244197004902400,1788829579000,1788829973000,1,0.0,0.175,0.0
1389244302743306240,1788888130000-632578958264631296-1389244302743306240,1788888130000,1788888642000,1,0.0,0.199,0.0
1389244302743306240,1788894244000-632578958264631296-1389244302743306240,1788894244000,1788900770000,1,0.0,2.745,0.0
1396880990281924608,1788882652000-632578958264631296-1396880990281924608,1788882652000,1788882819000,1,0.0,0.06,0.0
1396881232180019200,1788859185000-632578958264631296-1396881232180019200,1788859185000,1788860411000,1,0.0,0.547,0.0
1396881232180019200,1788877466000-632578958264631296-1396881232180019200,1788877466000,1788878240000,1,0.0,0.365,0.0
1396881232180019200,1788885071000-632578958264631296-1396881232180019200,1788885071000,1788885440000,1,0.0,0.128,0.0
1396881382210273280,1788854983000-632578958264631296-1396881382210273280,1788854983000,1788855636000,1,0.0,0.325,0.0
1396881382210273280,1788872335000-632578958264631296-1396881382210273280,1788872335000,1788872855000,1,0.0,0.308,0.0
1396881382210273280,1788885807000-632578958264631296-1396881382210273280,1788885807000,1788886449000,1,0.0,0.339,0.0
1396881703661731840,1788828779000-632578958264631296-1396881703661731840,1788828779000,1788830444000,1,0.0,0.625,0.0
1397607641592627200,1788881707000-632578958264631296-1397607641592627200,1788881707000,1788882635000,1,0.0,0.455,0.0
1398705978894974976,1788888611000-632578958264631296-1398705978894974976,1788888611000,1788889182000,1,0.0,0.281,0.0
1398705978894974976,1788905200000-632578958264631296-1398705978894974976,1788905200000,1788905454000,1,0.0,0.138,0.0
1401196266230120448,1788894968000-632578958264631296-1401196266230120448,1788894968000,1788895343000,1,0.0,0.227,0.0
1405141042860130304,1788883909000-632578958264631296-1405141042860130304,1788883909000,1788884127000,1,0.0,0.126,0.0
1405141042860130304,1788885210000-632578958264631296-1405141042860130304,1788885210000,1788885451000,1,0.0,0.119,0.0
1405141042860130304,1788887534000-632578958264631296-1405141042860130304,1788887534000,1788888173000,1,0.0,0.317,0.0
1405177997576634368,1788850151000-632578958264631296-1405177997576634368,1788850151000,1788850840000,1,0.0,0.333,0.0
1405177997576634368,1788854113000-632578958264631296-1405177997576634368,1788854113000,1788854440000,1,0.0,0.168,0.0
1406229042385911808,1788890127000-632578958264631296-1406229042385911808,1788890127000,1788895512000,1,0.0,2.311,0.0
1422205318414204928,1788836090000-632578958264631296-1422205318414204928,1788836090000,1788836433000,1,0.0,0.152,0.0
1422205634715058176,1788879437000-632578958264631296-1422205634715058176,1788879437000,1788883871000,1,0.0,2.122,0.0
1422205634715058176,1788884949000-632578958264631296-1422205634715058176,1788884949000,1788885266000,1,0.0,0.105,0.0
1428064485414797312,1788903686000-632578958264631296-1428064485414797312,1788903686000,1788903765000,1,0.0,0.043,0.0
1441118393376702464,1788880477000-632578958264631296-1441118393376702464,1788880477000,1788880860000,1,0.0,0.238,0.0
1454186236603269120,1788891146000-632578958264631296-1454186236603269120,1788891146000,1788891610000,1,0.0,0.119,0.0
1464260641047969792,1788851274000-632578958264631296-1464260641047969792,1788851274000,1788851423000,1,0.0,0.07,0.0
1464286677953413120,1788884796000-632578958264631296-1464286677953413120,1788884796000,1788885098000,1,0.0,0.152,0.0
1464286808345935872,1788890020000-632578958264631296-1464286808345935872,1788890020000,1788890507000,1,0.0,0.241,0.0
1464286808345935872,1788895126000-632578958264631296-1464286808345935872,1788895126000,1788895483000,1,0.0,0.192,0.0
1464286808345935872,1788898227000-632578958264631296-1464286808345935872,1788898227000,1788898610000,1,0.0,0.19,0.0
1464628801508999168,1788830701000-632578958264631296-1464628801508999168,1788830701000,1788831114000,1,0.0,0.189,0.0
1464628801508999168,1788832937000-632578958264631296-1464628801508999168,1788832937000,1788833050000,1,0.0,0.029,0.0
1464628801508999168,1788841977000-632578958264631296-1464628801508999168,1788841977000,1788842605000,1,0.0,0.316,0.0
1464628801508999168,1788847005000-632578958264631296-1464628801508999168,1788847005000,1788847361000,1,0.0,0.125,0.0
1465365829724930048,1788845951000-632578958264631296-1465365829724930048,1788845951000,1788846137000,1,0.0,0.387,0.0
1467925946630668288,1788843112000-632578958264631296-1467925946630668288,1788843112000,1788843356000,1,0.0,0.028,0.0
1467925946630668288,1788863268000-632578958264631296-1467925946630668288,1788863268000,1788863535000,1,0.0,0.239,0.0
1469693281720860672,1788833561000-632578958264631296-1469693281720860672,1788833561000,1788834438000,1,0.0,0.237,0.0
1471144582421938176,1788867830000-632578958264631296-1471144582421938176,1788867830000,1788868139000,1,0.0,0.153,0.0
1471165126924042240,1788866877000-632578958264631296-1471165126924042240,1788866877000,1788866982000,1,0.0,0.056,0.0
1471165285556813824,1788876083000-632578958264631296-1471165285556813824,1788876083000,1788876903000,1,0.0,0.36,0.0
1471165285556813824,1788878027000-632578958264631296-1471165285556813824,1788878027000,1788878301000,1,0.0,0.118,0.0
1475452919183572992,1788885200000-632578958264631296-1475452919183572992,1788885200000,1788885541000,1,0.0,0.12,0.0
1475453376262045696,1788829743000-632578958264631296-1475453376262045696,1788829743000,1788831173000,1,0.0,0.564,0.0
1477629515881512960,1788872172000-632578958264631296-1477629515881512960,1788872172000,1788872311000,1,0.0,0.055,0.0
1477629723302428672,1788883047000-632578958264631296-1477629723302428672,1788883047000,1788883658000,1,0.0,0.287,0.0
1478819140813717504,1788910296000-632578958264631296-1478819140813717504,1788910296000,1788910733000,1,0.0,0.214,0.0
1484590862305329152,1788856676000-632578958264631296-1484590862305329152,1788856676000,1788857195000,1,0.0,0.265,0.0
1484590862305329152,1788863404000-632578958264631296-1484590862305329152,1788863404000,1788863576000,1,0.0,0.057,0.0
1486716779844599808,1788868613000-632578958264631296-1486716779844599808,1788868613000,1788869155000,1,0.0,0.17,0.0
1486716779844599808,1788892938000-632578958264631296-1486716779844599808,1788892938000,1788893521000,1,0.0,0.318,0.0
1488129049464143872,1788836433000-632578958264631296-1488129049464143872,1788836433000,1788837869000,1,0.0,0.562,0.0
1488156307717357568,1788854864000-632578958264631296-1488156307717357568,1788854864000,1788855060000,1,0.0,0.112,0.0
1489984398731247616,1788832286000-632578958264631296-1489984398731247616,1788832286000,1788832615000,1,0.0,0.16,0.0
1489984398731247616,1788887575000-632578958264631296-1489984398731247616,1788887575000,1788887726000,1,0.0,0.046,0.0
1491416395517263872,1788858359000-632578958264631296-1491416395517263872,1788858359000,1788859757000,1,0.0,0.71,0.0
1500848886552461312,1788827758000-632578958264631296-1500848886552461312,1788827758000,1788827943000,1,0.0,0.0,0.0
1500848886552461312,1788828227000-632578958264631296-1500848886552461312,1788828227000,1788828405000,1,0.0,0.0,0.0
1500848886552461312,1788829294000-632578958264631296-1500848886552461312,1788829294000,1788829386000,1,0.0,0.0,0.0
1500848886552461312,1788845779000-632578958264631296-1500848886552461312,1788845779000,1788846686000,1,0.0,0.0,0.0
1500848886552461312,1788869021000-632578958264631296-1500848886552461312,1788869021000,1788869485000,1,0.0,0.0,0.0
1500848886552461312,1788869852000-632578958264631296-1500848886552461312,1788869852000,1788871913000,1,0.0,0.0,0.0
1500848886552461312,1788873973000-632578958264631296-1500848886552461312,1788873973000,1788883918000,1,0.0,0.0,0.0
1501933902321680384,1788839495000-632578958264631296-1501933902321680384,1788839495000,1788839634000,1,0.0,0.067,0.0
1501933902321680384,1788847234000-632578958264631296-1501933902321680384,1788847234000,1788847403000,1,0.0,0.034,0.0
1501933902321680384,1788850086000-632578958264631296-1501933902321680384,1788850086000,1788850198000,1,0.0,0.03,0.0
1501934002158698496,1788850690000-632578958264631296-1501934002158698496,1788850690000,1788851021000,1,0.0,0.212,0.0
1501934002158698496,1788875477000-632578958264631296-1501934002158698496,1788875477000,1788875642000,1,0.0,0.069,0.0
1506655599683698688,1788872364000-632578958264631296-1506655599683698688,1788872364000,1788872738000,1,0.0,0.135,0.0
1536004619845500928,1788910769000-632578958264631296-1536004619845500928,1788910769000,1788910948000,1,0.0,0.06,0.0
1536014535985463296,1788889323000-632578958264631296-1536014535985463296,1788889323000,1788889480000,1,0.0,0.052,0.0
1536014550107684864,1788887148000-632578958264631296-1536014550107684864,1788887148000,1788888025000,1,0.0,0.375,0.0
1536014577374855168,1788881228000-632578958264631296-1536014577374855168,1788881228000,1788881593000,1,0.0,0.169,0.0
1536014589357981696,1788832584000-632578958264631296-1536014589357981696,1788832584000,1788832789000,1,0.0,0.083,0.0
1536014589357981696,1788832844000-632578958264631296-1536014589357981696,1788832844000,1788833607000,1,0.0,0.355,0.0
1536014589357981696,1788834533000-632578958264631296-1536014589357981696,1788834533000,1788834786000,1,0.0,0.091,0.0
1536014589357981696,1788835595000-632578958264631296-1536014589357981696,1788835595000,1788835711000,1,0.0,0.039,0.0
1536014603211767808,1788850783000-632578958264631296-1536014603211767808,1788850783000,1788851746000,1,0.0,0.504,0.0
1536014633725329408,1788838151000-632578958264631296-1536014633725329408,1788838151000,1788839059000,1,0.0,0.469,0.0
1536014633725329408,1788853993000-632578958264631296-1536014633725329408,1788853993000,1788854606000,1,0.0,0.315,0.0
1536014633725329408,1788855141000-632578958264631296-1536014633725329408,1788855141000,1788855682000,1,0.0,0.237,0.0
1536014633725329408,1788878181000-632578958264631296-1536014633725329408,1788878181000,1788878532000,1,0.0,0.159,0.0
1536014633725329408,1788882260000-632578958264631296-1536014633725329408,1788882260000,1788882628000,1,0.0,0.164,0.0
1536014640524296192,1788848337000-632578958264631296-1536014640524296192,1788848337000,1788849492000,1,0.0,0.633,0.0
1536014640524296192,1788849677000-632578958264631296-1536014640524296192,1788849677000,1788850342000,1,0.0,0.279,0.0
1536014640524296192,1788872461000-632578958264631296-1536014640524296192,1788872461000,1788872628000,1,0.0,0.083,0.0
1536014654021566464,1788883068000-632578958264631296-1536014654021566464,1788883068000,1788883763000,1,0.0,0.41,0.0
1536014660929585152,1788867725000-632578958264631296-1536014660929585152,1788867725000,1788868055000,1,0.0,0.131,0.0
1536014660929585152,1788868141000-632578958264631296-1536014660929585152,1788868141000,1788868275000,1,0.0,0.01,0.0
1536014660929585152,1788868520000-632578958264631296-1536014660929585152,1788868520000,1788868707000,1,0.0,0.082,0.0
1536014667858575360,1788834913000-632578958264631296-1536014667858575360,1788834913000,1788835093000,1,0.0,0.043,0.0
1536014667858575360,1788870070000-632578958264631296-1536014667858575360,1788870070000,1788870184000,1,0.0,0.041,0.0
1536014667858575360,1788890275000-632578958264631296-1536014667858575360,1788890275000,1788891154000,1,0.0,0.429,0.0
1536014674678513664,1788862604000-632578958264631296-1536014674678513664,1788862604000,1788862901000,1,0.0,0.177,0.0
1536014674678513664,1788874036000-632578958264631296-1536014674678513664,1788874036000,1788874199000,1,0.0,0.114,0.0
1536014681523617792,1788865871000-632578958264631296-1536014681523617792,1788865871000,1788865999000,1,0.0,0.037,0.0
1536014709264744448,1788842044000-632578958264631296-1536014709264744448,1788842044000,1788842285000,1,0.0,0.095,0.0
1536014709264744448,1788842315000-632578958264631296-1536014709264744448,1788842315000,1788842713000,1,0.0,0.228,0.0
1536014730089463808,1788862763000-632578958264631296-1536014730089463808,1788862763000,1788863165000,1,0.0,0.48,0.0
1536014730089463808,1788863439000-632578958264631296-1536014730089463808,1788863439000,1788863705000,1,0.0,0.562,0.0
1536014730089463808,1788864451000-632578958264631296-1536014730089463808,1788864451000,1788864712000,1,0.0,0.479,0.0
1536014744312348672,1788857871000-632578958264631296-1536014744312348672,1788857871000,1788858045000,1,0.0,0.011,0.0
1540361293100220416,1788884126000-632578958264631296-1540361293100220416,1788884126000,1788884485000,1,0.0,0.14,0.0
1540361603277389824,1788871760000-632578958264631296-1540361603277389824,1788871760000,1788872391000,1,0.0,0.279,0.0
1540361603277389824,1788879140000-632578958264631296-1540361603277389824,1788879140000,1788879581000,1,0.0,0.179,0.0
1540361603277389824,1788882676000-632578958264631296-1540361603277389824,1788882676000,1788882877000,1,0.0,0.079,0.0
1540361603277389824,1788894106000-632578958264631296-1540361603277389824,1788894106000,1788894334000,1,0.0,0.093,0.0
1540361729291059200,1788883624000-632578958264631296-1540361729291059200,1788883624000,1788883904000,1,0.0,0.084,0.0
1540361729291059200,1788890773000-632578958264631296-1540361729291059200,1788890773000,1788891024000,1,0.0,0.123,0.0
1540361729291059200,1788893505000-632578958264631296-1540361729291059200,1788893505000,1788894091000,1,0.0,0.222,0.0
1545823852121030656,1788840830000-632578958264631296-1545823852121030656,1788840830000,1788841040000,1,0.0,0.074,0.0
1545823852121030656,1788892839000-632578958264631296-1545823852121030656,1788892839000,1788893191000,1,0.0,0.157,0.0
1545824482457812992,1788884806000-632578958264631296-1545824482457812992,1788884806000,1788885973000,1,0.0,0.694,0.0
1545824482457812992,1788891916000-632578958264631296-1545824482457812992,1788891916000,1788892747000,1,0.0,0.493,0.0
1545824482457812992,1788896958000-632578958264631296-1545824482457812992,1788896958000,1788897411000,1,0.0,0.256,0.0
1545824860603678720,1788871429000-632578958264631296-1545824860603678720,1788871429000,1788871677000,1,0.0,0.065,0.0
1570836903035404288,1788845738000-632578958264631296-1570836903035404288,1788845738000,1788845909000,1,0.0,0.084,0.0
1585283247909109760,1788883611000-632578958264631296-1585283247909109760,1788883611000,1788883965000,1,0.0,0.122,0.0
1593330894762934272,1788873460000-632578958264631296-1593330894762934272,1788873460000,1788874365000,1,0.0,0.563,0.0
635414692210147328,1788901391000-632578958264631296-635414692210147328,1788901391000,1788902001000,1,0.0,0.315,0.0
780085706063085568,1788885536000-632578958264631296-780085706063085568,1788885536000,1788888191000,1,0.0,1.769,0.0
780122893064339456,1788875890000-632578958264631296-780122893064339456,1788875890000,1788876507000,1,0.0,0.33,0.0
780444155561115648,1788847630000-632578958264631296-780444155561115648,1788847630000,1788848424000,1,0.0,0.539,0.0
784445514740400128,1788879536000-632578958264631296-784445514740400128,1788879536000,1788879761000,1,0.0,0.078,0.0
786329086610898944,1788842123000-632578958264631296-786329086610898944,1788842123000,1788842788000,1,0.0,0.488,0.0
787000328028422144,1788877962000-632578958264631296-787000328028422144,1788877962000,1788878259000,1,0.0,0.173,0.0
788429534713085952,1788849577000-632578958264631296-788429534713085952,1788849577000,1788849912000,1,0.0,0.146,0.0
790193276584984576,1788872877000-632578958264631296-790193276584984576,1788872877000,1788873618000,1,0.0,0.523,0.0
790970372676648960,1788874457000-632578958264631296-790970372676648960,1788874457000,1788874642000,1,0.0,0.124,0.0
790970372676648960,1788875254000-632578958264631296-790970372676648960,1788875254000,1788875474000,1,0.0,0.162,0.0
790970454885007360,1788831015000-632578958264631296-790970454885007360,1788831015000,1788831401000,1,0.0,0.417,0.0
792451319469178880,1788848362000-632578958264631296-792451319469178880,1788848362000,1788848595000,1,0.0,0.063,0.0
794226357327364096,1788832895000-632578958264631296-794226357327364096,1788832895000,1788833046000,1,0.0,0.094,0.0
796706773456125952,1788869759000-632578958264631296-796706773456125952,1788869759000,1788870521000,1,0.0,0.511,0.0
800734942576246784,1788864810000-632578958264631296-800734942576246784,1788864810000,1788865115000,1,0.0,0.162,0.0
809467481230934016,1788869246000-632578958264631296-809467481230934016,1788869246000,1788869602000,1,0.0,0.301,0.0
809467481230934016,1788903583000-632578958264631296-809467481230934016,1788903583000,1788903915000,1,0.0,0.151,0.0
812260483275948032,1788851472000-632578958264631296-812260483275948032,1788851472000,1788851630000,1,0.0,0.067,0.0
818154714091749376,1788848941000-632578958264631296-818154714091749376,1788848941000,1788849171000,1,0.0,0.109,0.0
818154714091749376,1788853605000-632578958264631296-818154714091749376,1788853605000,1788853884000,1,0.0,0.13,0.0
836966844580495360,1788845281000-632578958264631296-836966844580495360,1788845281000,1788845427000,1,0.0,0.106,0.0
848986467664396288,1788878831000-632578958264631296-848986467664396288,1788878831000,1788879122000,1,0.0,0.41,0.0
857602255610707968,1788863580000-632578958264631296-857602255610707968,1788863580000,1788864637000,1,0.0,0.845,0.0
860147487929794560,1788872178000-632578958264631296-860147487929794560,1788872178000,1788872496000,1,0.0,0.139,0.0
862287863801184256,1788828238000-632578958264631296-862287863801184256,1788828238000,1788828887000,1,0.0,0.286,0.0
862287863801184256,1788884867000-632578958264631296-862287863801184256,1788884867000,1788885208000,1,0.0,0.128,0.0
866648789010612224,1788835842000-632578958264631296-866648789010612224,1788835842000,1788836485000,1,0.0,0.614,0.0
866686329780436992,1788832362000-632578958264631296-866686329780436992,1788832362000,1788832998000,1,0.0,0.63,0.0
866686329780436992,1788867386000-632578958264631296-866686329780436992,1788867386000,1788868020000,1,0.0,0.706,0.0
866686329780436992,1788878542000-632578958264631296-866686329780436992,1788878542000,1788879806000,1,0.0,1.349,0.0
870309644059279360,1788846069000-632578958264631296-870309644059279360,1788846069000,1788846805000,1,0.0,0.911,0.0
870568761881526272,1788888635000-632578958264631296-870568761881526272,1788888635000,1788889029000,1,0.0,0.41,0.0
871764433825693696,1788845678000-632578958264631296-871764433825693696,1788845678000,1788846102000,1,0.0,0.533,0.0
871764433825693696,1788861980000-632578958264631296-871764433825693696,1788861980000,1788862298000,1,0.0,0.254,0.0
871764433825693696,1788882464000-632578958264631296-871764433825693696,1788882464000,1788882632000,1,0.0,0.162,0.0
873104331912511488,1788882926000-632578958264631296-873104331912511488,1788882926000,1788883565000,1,0.0,0.476,0.0
873201356771426304,1788832484000-632578958264631296-873201356771426304,1788832484000,1788832863000,1,0.0,0.134,0.0
873570129613422592,1788837003000-632578958264631296-873570129613422592,1788837003000,1788837217000,1,0.0,0.236,0.0
873897783357079552,1788849333000-632578958264631296-873897783357079552,1788849333000,1788849702000,1,0.0,0.424,0.0
874363612666265600,1788865849000-632578958264631296-874363612666265600,1788865849000,1788865959000,1,0.0,0.099,0.0
876044057397166080,1788870371000-632578958264631296-876044057397166080,1788870371000,1788870683000,1,0.0,0.549,0.0
876422423786815488,1788876888000-632578958264631296-876422423786815488,1788876888000,1788877292000,1,0.0,0.231,0.0
877447467317067776,1788885310000-632578958264631296-877447467317067776,1788885310000,1788886255000,1,0.0,1.206,0.0
877447467317067776,1788890572000-632578958264631296-877447467317067776,1788890572000,1788891519000,1,0.0,1.205,0.0
877447567619653632,1788834445000-632578958264631296-877447567619653632,1788834445000,1788834584000,1,0.0,0.232,0.0
879404563604439040,1788888508000-632578958264631296-879404563604439040,1788888508000,1788888659000,1,0.0,0.046,0.0
893133531117518848,1788846459000-632578958264631296-893133531117518848,1788846459000,1788846861000,1,0.0,0.142,0.0
901057526324264960,1788845200000-632578958264631296-901057526324264960,1788845200000,1788845637000,1,0.0,0.181,0.0
901057526324264960,1788846011000-632578958264631296-901057526324264960,1788846011000,1788847000000,1,0.0,0.394,0.0
901057526324264960,1788849602000-632578958264631296-901057526324264960,1788849602000,1788850489000,1,0.0,0.25,0.0
901057526324264960,1788850592000-632578958264631296-901057526324264960,1788850592000,1788850787000,1,0.0,0.011,0.0
901057526324264960,1788857628000-632578958264631296-901057526324264960,1788857628000,1788857783000,1,0.0,0.036,0.0
916722872880201728,1788828699000-632578958264631296-916722872880201728,1788828699000,1788829261000,1,0.0,0.199,0.0
925753337108758528,1788831150000-632578958264631296-925753337108758528,1788831150000,1788831305000,1,0.0,0.081,0.0
927179928254808064,1788865994000-632578958264631296-927179928254808064,1788865994000,1788866253000,1,0.0,0.106,0.0
927179928254808064,1788868151000-632578958264631296-927179928254808064,1788868151000,1788868569000,1,0.0,0.439,0.0
931855689733636096,1788837952000-632578958264631296-931855689733636096,1788837952000,1788838398000,1,0.0,0.464,0.0
931938734016823296,1788828210000-632578958264631296-931938734016823296,1788828210000,1788828574000,1,0.0,0.35,0.0
939546576563470336,1788835740000-632578958264631296-939546576563470336,1788835740000,1788835943000,1,0.0,0.028,0.0
940983317312831488,1788891135000-632578958264631296-940983317312831488,1788891135000,1788891797000,1,0.0,0.196,0.0
940983317312831488,1788907442000-632578958264631296-940983317312831488,1788907442000,1788907820000,1,0.0,0.122,0.0
942427579615281152,1788837040000-632578958264631296-942427579615281152,1788837040000,1788837424000,1,0.0,0.263,0.0
942427579615281152,1788864915000-632578958264631296-942427579615281152,1788864915000,1788865131000,1,0.0,0.107,0.0
943458585302532096,1788835098000-632578958264631296-943458585302532096,1788835098000,1788835256000,1,0.0,0.1,0.0
943458912718290944,1788885191000-632578958264631296-943458912718290944,1788885191000,1788885480000,1,0.0,0.132,0.0
944574346884546560,1788853178000-632578958264631296-944574346884546560,1788853178000,1788853690000,1,0.0,0.205,0.0
944587945103327232,1788861679000-632578958264631296-944587945103327232,1788861679000,1788861858000,1,0.0,0.109,0.0
944590362620461056,1788911166000-632578958264631296-944590362620461056,1788911166000,1788911447000,1,0.0,0.131,0.0
944590362620461056,1788911450000-632578958264631296-944590362620461056,1788911450000,1788911831000,1,0.0,0.116,0.0
944591832124227584,1788856745000-632578958264631296-944591832124227584,1788856745000,1788856922000,1,0.0,0.022,0.0
944591832124227584,1788891741000-632578958264631296-944591832124227584,1788891741000,1788891966000,1,0.0,0.082,0.0
946030376206204928,1788845240000-632578958264631296-946030376206204928,1788845240000,1788845331000,1,0.0,0.043,0.0
946032113314955264,1788851821000-632578958264631296-946032113314955264,1788851821000,1788852104000,1,0.0,0.087,0.0
947093723013971968,1788876354000-632578958264631296-947093723013971968,1788876354000,1788876675000,1,0.0,0.149,0.0
947104127047958528,1788888002000-632578958264631296-947104127047958528,1788888002000,1788888493000,1,0.0,0.001,0.0
948575900767617024,1788883022000-632578958264631296-948575900767617024,1788883022000,1788883434000,1,0.0,0.118,0.0
951556794549796864,1788826666000-632578958264631296-951556794549796864,1788826666000,1788827037000,1,0.0,0.135,0.0
951556794549796864,1788852294000-632578958264631296-951556794549796864,1788852294000,1788852401000,1,0.0,0.02,0.0
951559578305167360,1788901938000-632578958264631296-951559578305167360,1788901938000,1788902217000,1,0.0,0.096,0.0
951559578305167360,1788902221000-632578958264631296-951559578305167360,1788902221000,1788902405000,1,0.0,0.032,0.0
951563481520275456,1788853509000-632578958264631296-951563481520275456,1788853509000,1788853635000,1,0.0,0.001,0.0
951563481520275456,1788857105000-632578958264631296-951563481520275456,1788857105000,1788857398000,1,0.0,0.001,0.0
951882940915122176,1788854766000-632578958264631296-951882940915122176,1788854766000,1788854895000,1,0.0,0.056,0.0
961238953837461504,1788825354000-632578958264631296-961238953837461504,1788825354000,1788825771000,1,0.0,0.167,0.0
964169792938311680,1788829150000-632578958264631296-964169792938311680,1788829150000,1788829735000,1,0.0,0.266,0.0
964171206683000832,1788848020000-632578958264631296-964171206683000832,1788848020000,1788848381000,1,0.0,0.14,0.0
966356141711818752,1788848773000-632578958264631296-966356141711818752,1788848773000,1788848960000,1,0.0,0.16,0.0
967085947369816064,1788840764000-632578958264631296-967085947369816064,1788840764000,1788841137000,1,0.0,0.41,0.0
