vehicle_id,trip_id,start_time,end_time,counts,total_distance,total_fuel_consumed,mean_mileage
1176582451024101376,1777963883000-632578958264631296-1176582451024101376,1777963883000,1777964237000,1,695.0,0.399,1741.8546365914785
1176582451024101376,1777964730000-632578958264631296-1176582451024101376,1777964730000,1777964933000,1,307.0,0.212,1448.1132075471698
1176582451024101376,1777990168000-632578958264631296-1176582451024101376,1777990168000,1777990380000,1,299.0,0.107,2794.392523364486
1176582451024101376,1777993636000-632578958264631296-1176582451024101376,1777993636000,1777993795000,1,295.0,0.143,2062.9370629370633
1478688867300147200,1778004610000-632578958264631296-1478688867300147200,1778004610000,1778004845000,1,286.0,0.102,2803.921568627451
1082330521322651648,1777984197000-632578958264631296-1082330521322651648,1777984197000,1777984558000,1,245.0,0.412,594.6601941747573
1176582451024101376,1777965437000-632578958264631296-1176582451024101376,1777965437000,1777965601000,1,227.0,0.136,1669.1176470588234
1083726698509238272,1777958543000-632578958264631296-1083726698509238272,1777958543000,1777977043000,1,225.815,71.236,3.1699562019203773
1046836268442320896,1777940670000-632578958264631296-1046836268442320896,1777940670000,1777959555000,1,218.521,91.929,2.377062733196271
1152269356621627392,1777994244000-632578958264631296-1152269356621627392,1777994244000,1777994984000,1,216.0,0.902,239.46784922394679
780059706918961152,1777983718000-632578958264631296-780059706918961152,1777983718000,1777984046000,1,202.0,0.179,1128.491620111732
933416236518211584,1777982359000-632578958264631296-933416236518211584,1777982359000,1777999223000,1,198.541,51.912,3.824568500539374
1389244197004902400,1777969222000-632578958264631296-1389244197004902400,1777969222000,1777984553000,1,188.651,59.788,3.1553321736803377
1465365829724930048,1777968751000-632578958264631296-1465365829724930048,1777968751000,1777983037000,1,185.865,42.822,4.340409135491103
1525526061327056896,1777938933000-632578958264631296-1525526061327056896,1777938933000,1777952870000,1,184.585,65.448,2.820330644175529
1071457116943810560,1777985315000-632578958264631296-1071457116943810560,1777985315000,1778000409000,1,179.037,68.327,2.6202965152867828
1536014543027699712,1777983932000-632578958264631296-1536014543027699712,1777983932000,1778000376000,1,177.62,58.138,3.0551446558189137
927171595435245568,1777989584000-632578958264631296-927171595435245568,1777989584000,1778013805000,1,172.812,83.01,2.0818214672930972
1385588816730914816,1777986517000-632578958264631296-1385588816730914816,1777986517000,1778009188000,1,172.444,66.446,2.595250278421575
1071457116943810560,1777967947000-632578958264631296-1071457116943810560,1777967947000,1777982542000,1,172.216,67.399,2.555171441712785
1152269356621627392,1777999269000-632578958264631296-1152269356621627392,1777999269000,1777999730000,1,172.0,0.558,308.2437275985663
1071457116943810560,1777901475000-632578958264631296-1071457116943810560,1777901475000,1777919616000,1,170.801,69.187,2.468686313902901
1073277847704961024,1777982210000-632578958264631296-1073277847704961024,1777982210000,1777982320000,1,169.0,0.048,3520.8333333333335
1083726613264203776,1777943915000-632578958264631296-1083726613264203776,1777943915000,1777944196000,1,169.0,0.295,572.8813559322034
927153603469115392,1777975839000-632578958264631296-927153603469115392,1777975839000,1777990538000,1,165.773,34.189,4.848723273567521
916722872880201728,1777936446000-632578958264631296-916722872880201728,1777936446000,1777950731000,1,163.765,50.114,3.2678493035878198
1094584849307533312,1777973321000-632578958264631296-1094584849307533312,1777973321000,1777986892000,1,163.675,49.0,3.34030612244898
1464283595349688320,1777908983000-632578958264631296-1464283595349688320,1777908983000,1777921203000,1,163.438,53.071,3.0796103333270524
1535695002116554752,1777906820000-632578958264631296-1535695002116554752,1777906820000,1777921118000,1,163.053,58.63,2.7810506566604127
1536022277991170048,1777975077000-632578958264631296-1536022277991170048,1777975077000,1777989439000,1,162.747,36.378,4.473775358733301
1176184196838719488,1777939436000-632578958264631296-1176184196838719488,1777939436000,1777953001000,1,161.937,30.683,5.27774337581071
1187437506908389376,1777966552000-632578958264631296-1187437506908389376,1777966552000,1777980245000,1,161.14,57.515,2.801703903329566
1475453057469775872,1777976635000-632578958264631296-1475453057469775872,1777976635000,1777990834000,1,161.116,54.776,2.9413611800788666
1396881232180019200,1777950596000-632578958264631296-1396881232180019200,1777950596000,1777964324000,1,160.843,49.946,3.2203379650022024
1083727144086929408,1777950527000-632578958264631296-1083727144086929408,1777950527000,1777963808000,1,160.557,50.281,3.1931942483244167
1156948637754851328,1777938618000-632578958264631296-1156948637754851328,1777938618000,1777951648000,1,159.91,47.762,3.3480591265022404
1136252936335130624,1777956070000-632578958264631296-1136252936335130624,1777956070000,1777969259000,1,159.691,58.173,2.7451051174943704
1152269748554170368,1777957224000-632578958264631296-1152269748554170368,1777957224000,1777970501000,1,159.183,31.416,5.0669404125286475
1468940686052032512,1777967281000-632578958264631296-1468940686052032512,1777967281000,1777982040000,1,159.085,40.458,3.9321024272084633
1361380561528029184,1777963008000-632578958264631296-1361380561528029184,1777963008000,1777981149000,1,158.125,37.075,4.265003371544167
1504892206538817536,1777979000000-632578958264631296-1504892206538817536,1777979000000,1777991320000,1,155.984,31.378,4.971126266811142
784445514740400128,1777973092000-632578958264631296-784445514740400128,1777973092000,1777984958000,1,154.985,50.553,3.065792336755485
1461772563532218368,1777943515000-632578958264631296-1461772563532218368,1777943515000,1777956256000,1,154.803,47.17,3.2818104727581088
1067776159577538560,1777969124000-632578958264631296-1067776159577538560,1777969124000,1777981534000,1,153.47,49.383,3.1077496304396246
1504892206538817536,1777965866000-632578958264631296-1504892206538817536,1777965866000,1777977243000,1,152.99,31.294,4.888796574423212
1286311379313098752,1777988943000-632578958264631296-1286311379313098752,1777988943000,1778000482000,1,152.917,47.94,3.1897580308719236
1136252936335130624,1777908614000-632578958264631296-1136252936335130624,1777908614000,1777921877000,1,152.849,47.381,3.2259555518034655
1157003119578578944,1777950342000-632578958264631296-1157003119578578944,1777950342000,1777951114000,1,152.0,0.26,584.6153846153846
1065304732634972160,1777950319000-632578958264631296-1065304732634972160,1777950319000,1777950794000,1,151.0,0.257,587.5486381322957
943461119844941824,1777976956000-632578958264631296-943461119844941824,1777976956000,1777990006000,1,150.837,57.785,2.6103140953534654
1156948637754851328,1777970744000-632578958264631296-1156948637754851328,1777970744000,1777983665000,1,149.824,44.917,3.335574504085313
862677558196436992,1777977944000-632578958264631296-862677558196436992,1777977944000,1777991608000,1,149.062,45.457,3.279186923906109
1094955908762435584,1777971475000-632578958264631296-1094955908762435584,1777971475000,1777985086000,1,148.738,36.256,4.102438217122683
800734942576246784,1777983612000-632578958264631296-800734942576246784,1777983612000,1777983768000,1,148.0,0.118,1254.2372881355932
1486716779844599808,1777935485000-632578958264631296-1486716779844599808,1777935485000,1777947441000,1,147.807,45.903,3.2199856218547804
1111626569580806144,1777971242000-632578958264631296-1111626569580806144,1777971242000,1777971551000,1,147.0,0.228,644.7368421052631
1050036836505747456,1777978815000-632578958264631296-1050036836505747456,1777978815000,1777993190000,1,146.373,62.763,2.3321542947277853
787687496786903040,1777984431000-632578958264631296-787687496786903040,1777984431000,1777998517000,1,145.936,46.174,3.1605665526053626
1152269748554170368,1777937453000-632578958264631296-1152269748554170368,1777937453000,1777950509000,1,145.402,32.541,4.468270796840908
931856805720489984,1777935991000-632578958264631296-931856805720489984,1777935991000,1777948295000,1,145.198,60.001,2.419926334561091
1176582451024101376,1777966031000-632578958264631296-1176582451024101376,1777966031000,1777966203000,1,145.0,0.15,966.6666666666667
862677844923252736,1777952753000-632578958264631296-862677844923252736,1777952753000,1777965085000,1,144.887,28.874,5.017905382004572
1462138501628690432,1777979884000-632578958264631296-1462138501628690432,1777979884000,1777995322000,1,144.635,47.041,3.0746582768223463
1120316721542987776,1777972533000-632578958264631296-1120316721542987776,1777972533000,1777985416000,1,144.602,41.574,3.478183480059653
1464269416886697984,1777964641000-632578958264631296-1464269416886697984,1777964641000,1777977531000,1,144.59,47.733,3.0291412649529676
1536427445069021184,1777973881000-632578958264631296-1536427445069021184,1777973881000,1777974032000,1,144.0,0.085,1694.1176470588234
857602255610707968,1777974424000-632578958264631296-857602255610707968,1777974424000,1777987555000,1,143.624,46.262,3.104578271583589
1405141042860130304,1777987000000-632578958264631296-1405141042860130304,1777987000000,1778000036000,1,143.297,42.772,3.350252501636585
1067775256489361408,1777973446000-632578958264631296-1067775256489361408,1777973446000,1777985245000,1,142.38,46.635,3.053071727243487
1500136074981146624,1777966084000-632578958264631296-1500136074981146624,1777966084000,1777977616000,1,142.309,48.224,2.950999502322495
1073663431535493120,1777960687000-632578958264631296-1073663431535493120,1777960687000,1777974262000,1,141.624,47.115,3.005921680993314
1050035941135089664,1777973495000-632578958264631296-1050035941135089664,1777973495000,1777986561000,1,141.376,47.606,2.9697097004579254
1536014529144553472,1777973505000-632578958264631296-1536014529144553472,1777973505000,1777986391000,1,141.342,44.057,3.2081621535737797
1461772563532218368,1777989259000-632578958264631296-1461772563532218368,1777989259000,1778001706000,1,140.477,45.343,3.0980967293738835
1083728919393206272,1777955534000-632578958264631296-1083728919393206272,1777955534000,1777967366000,1,140.216,27.634,5.0740392270391546
944571594812948480,1777954487000-632578958264631296-944571594812948480,1777954487000,1777954718000,1,140.0,0.135,1037.037037037037
1094955908762435584,1777956395000-632578958264631296-1094955908762435584,1777956395000,1777969571000,1,139.894,33.907,4.125814728522134
938815406225752064,1777969815000-632578958264631296-938815406225752064,1777969815000,1777982882000,1,139.836,57.333,2.4390141803150023
1385305291104452608,1777971647000-632578958264631296-1385305291104452608,1777971647000,1777972024000,1,139.0,0.3,463.33333333333337
1126869078934290432,1777952841000-632578958264631296-1126869078934290432,1777952841000,1777965458000,1,138.777,44.281,3.1340078137350105
1345798361172672512,1777936891000-632578958264631296-1345798361172672512,1777936891000,1777951394000,1,138.358,51.563,2.6832806469755446
1050035941135089664,1777989757000-632578958264631296-1050035941135089664,1777989757000,1778003212000,1,138.245,53.535,2.5823293172690764
1536014529144553472,1777989661000-632578958264631296-1536014529144553472,1777989661000,1778003258000,1,138.234,48.004,2.8796350304141325
942470042409238528,1777954410000-632578958264631296-942470042409238528,1777954410000,1777965611000,1,137.37,35.003,3.924520755363826
1067776159577538560,1777937244000-632578958264631296-1067776159577538560,1777937244000,1777948401000,1,136.78,44.612,3.065991213126513
1464286677953413120,1778001570000-632578958264631296-1464286677953413120,1778001570000,1778014423000,1,136.516,25.519,5.349582663897488
847126508215468032,1777925326000-632578958264631296-847126508215468032,1777925326000,1777935494000,1,136.211,48.776,2.7925824175824174
1396881508228136960,1777972412000-632578958264631296-1396881508228136960,1777972412000,1777984479000,1,136.153,44.025,3.0926291879613856
1071457116943810560,1777944219000-632578958264631296-1071457116943810560,1777944219000,1777956405000,1,135.814,56.302,2.412241128201485
1475453057469775872,1777961405000-632578958264631296-1475453057469775872,1777961405000,1777973191000,1,135.159,46.0,2.9382391304347824
1157003119578578944,1777961078000-632578958264631296-1157003119578578944,1777961078000,1777961462000,1,135.0,0.181,745.8563535911602
1385305291104452608,1777970978000-632578958264631296-1385305291104452608,1777970978000,1777971452000,1,135.0,0.264,511.3636363636363
939547018001383424,1777957336000-632578958264631296-939547018001383424,1777957336000,1777968769000,1,134.348,44.513,3.0181744658863705
1067775974323519488,1777954074000-632578958264631296-1067775974323519488,1777954074000,1777964689000,1,133.65,31.935,4.185063410051668
964172050669240320,1777984405000-632578958264631296-964172050669240320,1777984405000,1777996308000,1,132.397,34.599,3.8266134859389003
939138676678459392,1777940025000-632578958264631296-939138676678459392,1777940025000,1777951165000,1,132.325,27.324,4.842812179768701
1132636843020386304,1777979577000-632578958264631296-1132636843020386304,1777979577000,1777994534000,1,132.28,46.73,2.8307297239460736
1050036836505747456,1777966287000-632578958264631296-1050036836505747456,1777966287000,1777977079000,1,132.202,44.064,3.0002269426289034
1076186718555602944,1777984092000-632578958264631296-1076186718555602944,1777984092000,1777984401000,1,132.0,0.097,1360.8247422680413
944571594812948480,1777922213000-632578958264631296-944571594812948480,1777922213000,1777922524000,1,132.0,0.153,862.7450980392157
1067776159577538560,1777955223000-632578958264631296-1067776159577538560,1777955223000,1777967274000,1,131.827,45.06,2.925588104749223
786246735176400896,1777942296000-632578958264631296-786246735176400896,1777942296000,1777954539000,1,131.447,36.822,3.569795231111835
1093088075828953088,1777952333000-632578958264631296-1093088075828953088,1777952333000,1777964207000,1,131.156,48.701,2.693086384263157
1063501597117513728,1777985271000-632578958264631296-1063501597117513728,1777985271000,1777997774000,1,130.489,37.328,3.4957404629232744
1083727289243402240,1777978121000-632578958264631296-1083727289243402240,1777978121000,1777990950000,1,130.425,56.156,2.322547902272242
959434235414839296,1777986403000-632578958264631296-959434235414839296,1777986403000,1777986749000,1,130.0,0.369,352.30352303523034
1441118393376702464,1777979950000-632578958264631296-1441118393376702464,1777979950000,1777993079000,1,129.965,29.764,4.366516597231555
1138167953473142784,1777944495000-632578958264631296-1138167953473142784,1777944495000,1777955940000,1,129.646,45.371,2.8574640188666764
1486716779844599808,1777977446000-632578958264631296-1486716779844599808,1777977446000,1777987808000,1,129.534,42.948,3.0160659402067616
1083727517765861376,1777940320000-632578958264631296-1083727517765861376,1777940320000,1777951538000,1,129.29,36.731,3.5199150581252887
1063501597117513728,1777955687000-632578958264631296-1063501597117513728,1777955687000,1777967144000,1,129.247,39.107,3.304958191628098
1094955908762435584,1777986988000-632578958264631296-1094955908762435584,1777986988000,1778001242000,1,129.23,43.848,2.94722678343368
1083726517403385856,1777959292000-632578958264631296-1083726517403385856,1777959292000,1777959847000,1,129.0,0.596,216.44295302013424
1501933902321680384,1777970101000-632578958264631296-1501933902321680384,1777970101000,1777983455000,1,128.97,49.5,2.6054545454545455
939546232131420160,1777967456000-632578958264631296-939546232131420160,1777967456000,1777979250000,1,128.529,57.146,2.2491337976411296
940245549137788928,1777935610000-632578958264631296-940245549137788928,1777935610000,1777949208000,1,128.302,39.256,3.2683411453026285
927179928254808064,1777998155000-632578958264631296-927179928254808064,1777998155000,1777998352000,1,128.0,0.078,1641.025641025641
1464286463544786944,1777953648000-632578958264631296-1464286463544786944,1777953648000,1777965307000,1,127.776,47.858,2.6698984495800078
1023491297677148160,1777948180000-632578958264631296-1023491297677148160,1777948180000,1777960571000,1,127.748,37.527,3.4041623364510887
1486716779844599808,1777949226000-632578958264631296-1486716779844599808,1777949226000,1777962029000,1,127.642,50.642,2.520477074365151
1475453057469775872,1777948994000-632578958264631296-1475453057469775872,1777948994000,1777959471000,1,127.561,41.407,3.0806626898833533
792451319469178880,1777970213000-632578958264631296-792451319469178880,1777970213000,1777983576000,1,127.33,43.573,2.922222477222133
1477629723302428672,1777991275000-632578958264631296-1477629723302428672,1777991275000,1777991558000,1,127.0,0.207,613.5265700483092
1071826388769570816,1777989127000-632578958264631296-1071826388769570816,1777989127000,1777999699000,1,126.885,38.81,3.269389332646225
1540361934212169728,1777976784000-632578958264631296-1540361934212169728,1777976784000,1777987096000,1,126.507,24.865,5.087753870902876
1405141042860130304,1777969775000-632578958264631296-1405141042860130304,1777969775000,1777985217000,1,126.035,46.121,2.732703107044513
1389244197004902400,1777951817000-632578958264631296-1389244197004902400,1777951817000,1777962270000,1,125.945,45.091,2.793129449335787
938499921487593472,1777979654000-632578958264631296-938499921487593472,1777979654000,1777992600000,1,125.92,63.112,1.9951831664342756
1136252936335130624,1777980698000-632578958264631296-1136252936335130624,1777980698000,1777992531000,1,125.857,54.08,2.327237426035503
1083726698509238272,1777942549000-632578958264631296-1083726698509238272,1777942549000,1777952952000,1,125.751,38.943,3.229104075186812
1464260641047969792,1777939430000-632578958264631296-1464260641047969792,1777939430000,1777950545000,1,125.684,47.169,2.6645466302020395
947104748366987264,1777985578000-632578958264631296-947104748366987264,1777985578000,1777999942000,1,125.356,49.182,2.548818673498434
1046442858321543168,1777966691000-632578958264631296-1046442858321543168,1777966691000,1777979619000,1,125.071,47.019,2.6600097832791
1461772563532218368,1777976261000-632578958264631296-1461772563532218368,1777976261000,1777986891000,1,124.964,34.763,3.594741535540661
936665179544879104,1777945348000-632578958264631296-936665179544879104,1777945348000,1777955760000,1,123.885,42.97,2.8830579474051667
1083726698509238272,1777982540000-632578958264631296-1083726698509238272,1777982540000,1777993624000,1,123.359,40.938,3.0133128144999755
1181865650805538816,1778004495000-632578958264631296-1181865650805538816,1778004495000,1778016710000,1,123.259,46.979,2.6237042082632667
798236529196531712,1777979731000-632578958264631296-798236529196531712,1777979731000,1777989003000,1,122.939,40.477,3.037255725473726
1389243940330274816,1777973772000-632578958264631296-1389243940330274816,1777973772000,1777985784000,1,122.838,41.703,2.9455434860801377
1083727144086929408,1777976883000-632578958264631296-1083727144086929408,1777976883000,1777987451000,1,122.066,41.335,2.953090601185436
780085706063085568,1777968023000-632578958264631296-780085706063085568,1777968023000,1777979872000,1,122.009,42.412,2.8767565783268885
1536014543027699712,1777952807000-632578958264631296-1536014543027699712,1777952807000,1777963065000,1,121.897,43.01,2.834154847709835
877447351826907136,1777952056000-632578958264631296-877447351826907136,1777952056000,1777961233000,1,121.877,29.324,4.156220160960305
1535695002116554752,1777939445000-632578958264631296-1535695002116554752,1777939445000,1777949924000,1,120.683,41.112,2.935468962833236
1050037243114160128,1777983725000-632578958264631296-1050037243114160128,1777983725000,1777995340000,1,120.598,42.994,2.8049960459599013
1464286463544786944,1777972434000-632578958264631296-1464286463544786944,1777972434000,1777984623000,1,120.501,48.948,2.46181662172101
780109531760820224,1777947084000-632578958264631296-780109531760820224,1777947084000,1777958285000,1,120.183,35.328,3.4019191576086953
862677666426257408,1777970537000-632578958264631296-862677666426257408,1777970537000,1777980169000,1,120.135,36.096,3.328208111702128
1406586435233906688,1777990130000-632578958264631296-1406586435233906688,1777990130000,1778001020000,1,119.519,36.75,3.2522176870748303
1050036568242257920,1777952092000-632578958264631296-1050036568242257920,1777952092000,1777962667000,1,118.637,41.472,2.8606529706790123
1177288436235632640,1777964336000-632578958264631296-1177288436235632640,1777964336000,1777974252000,1,117.6,29.048,4.048471495455797
1094226815196594176,1777945370000-632578958264631296-1094226815196594176,1777945370000,1777955186000,1,117.568,28.127,4.179898318341807
1132636843020386304,1777937963000-632578958264631296-1132636843020386304,1777937963000,1777949394000,1,117.427,38.291,3.066699746676765
933416236518211584,1777953257000-632578958264631296-933416236518211584,1777953257000,1777963345000,1,117.418,31.007,3.786822330441513
877447351826907136,1777940318000-632578958264631296-877447351826907136,1777940318000,1777950023000,1,117.359,43.877,2.6747270779679555
1535704124731949056,1777960832000-632578958264631296-1535704124731949056,1777960832000,1777969889000,1,117.16,36.926,3.172832150788062
1131571393566081024,1777946049000-632578958264631296-1131571393566081024,1777946049000,1777955252000,1,117.084,27.738,4.221068570192516
1406586435233906688,1777977893000-632578958264631296-1406586435233906688,1777977893000,1777988189000,1,116.829,34.733,3.36363112889759
946030864989421568,1777948035000-632578958264631296-946030864989421568,1777948035000,1777959942000,1,116.014,28.821,4.025328753339578
1050036509840769024,1777928838000-632578958264631296-1050036509840769024,1777928838000,1777929153000,1,116.0,0.283,409.8939929328622
1428031634325635072,1777982182000-632578958264631296-1428031634325635072,1777982182000,1777994653000,1,115.986,37.214,3.116730262804321
1385305554984894464,1777983156000-632578958264631296-1385305554984894464,1777983156000,1777998323000,1,115.85,23.697,4.888804490019834
1050036568242257920,1777964797000-632578958264631296-1050036568242257920,1777964797000,1777978157000,1,115.756,37.006,3.128033291898611
794950170587430912,1777966584000-632578958264631296-794950170587430912,1777966584000,1777977419000,1,115.693,42.5,2.7221882352941176
1454186236603269120,1777943316000-632578958264631296-1454186236603269120,1777943316000,1777954345000,1,115.426,29.363,3.931001600653884
1294723291725955072,1777953911000-632578958264631296-1294723291725955072,1777953911000,1777963394000,1,115.076,35.806,3.2138747695916887
1464286808345935872,1777936758000-632578958264631296-1464286808345935872,1777936758000,1777947156000,1,114.792,20.842,5.507724786488821
1535700301011484672,1777970462000-632578958264631296-1535700301011484672,1777970462000,1777981707000,1,114.441,47.833,2.392511446072795
1465365829724930048,1777956924000-632578958264631296-1465365829724930048,1777956924000,1777967043000,1,114.209,27.09,4.215909929863418
927179928254808064,1777997568000-632578958264631296-927179928254808064,1777997568000,1777997981000,1,114.0,0.191,596.8586387434555
1050037109068398592,1777972968000-632578958264631296-1050037109068398592,1777972968000,1777981782000,1,113.981,19.992,5.701330532212885
870275474985582592,1777931281000-632578958264631296-870275474985582592,1777931281000,1777940884000,1,113.898,32.238,3.533035548110925
1389243940330274816,1777942864000-632578958264631296-1389243940330274816,1777942864000,1777953681000,1,113.507,35.398,3.2065935928583533
1268614873160351744,1777951261000-632578958264631296-1268614873160351744,1777951261000,1777961155000,1,113.461,37.428,3.0314470449930537
1083727333329731584,1777967538000-632578958264631296-1083727333329731584,1777967538000,1777978497000,1,113.448,23.777,4.771333641754636
1536014543027699712,1777938961000-632578958264631296-1536014543027699712,1777938961000,1777948321000,1,113.105,34.392,3.288700860665271
1050766698002513920,1777993847000-632578958264631296-1050766698002513920,1777993847000,1777994096000,1,113.0,0.079,1430.379746835443
862677844923252736,1777986495000-632578958264631296-862677844923252736,1777986495000,1777995665000,1,112.768,23.264,4.847317744154058
1537822792169291776,1777958072000-632578958264631296-1537822792169291776,1777958072000,1777966246000,1,112.726,25.015,4.506336198281031
1500145408670695424,1777977523000-632578958264631296-1500145408670695424,1777977523000,1777990356000,1,112.655,49.822,2.261149692906748
1398705978894974976,1777980698000-632578958264631296-1398705978894974976,1777980698000,1777993356000,1,112.613,39.968,2.8175790632506
1046442314819436544,1777944302000-632578958264631296-1046442314819436544,1777944302000,1777958509000,1,112.541,55.28,2.0358357452966716
1083016936570224640,1777937037000-632578958264631296-1083016936570224640,1777937037000,1777947530000,1,112.487,47.857,2.3504816432287856
860147487929794560,1777972115000-632578958264631296-860147487929794560,1777972115000,1777983482000,1,112.486,54.408,2.0674533156888693
866686329780436992,1777940604000-632578958264631296-866686329780436992,1777940604000,1777954072000,1,112.228,45.666,2.4575833223842682
870286624469024768,1777987377000-632578958264631296-870286624469024768,1777987377000,1777997939000,1,112.226,31.5,3.5627301587301585
1132635709874634752,1777968279000-632578958264631296-1132635709874634752,1777968279000,1777978661000,1,112.042,27.901,4.0156983620658755
870575606247456768,1777983404000-632578958264631296-870575606247456768,1777983404000,1777983716000,1,112.0,0.349,320.9169054441261
943857890790211584,1777969977000-632578958264631296-943857890790211584,1777969977000,1777980561000,1,111.996,22.926,4.885108610311437
1536014543027699712,1777971908000-632578958264631296-1536014543027699712,1777971908000,1777981162000,1,111.872,37.622,2.9735792887140504
821719550704746496,1777944786000-632578958264631296-821719550704746496,1777944786000,1777952339000,1,111.821,21.414,5.221864200990006
798236529196531712,1777959406000-632578958264631296-798236529196531712,1777959406000,1777967786000,1,111.561,34.041,3.2772538997091747
871764525957775360,1777940483000-632578958264631296-871764525957775360,1777940483000,1777951644000,1,111.221,35.339,3.1472594017940523
1083728919393206272,1777944278000-632578958264631296-1083728919393206272,1777944278000,1777953678000,1,111.098,21.84,5.086904761904762
1131571393566081024,1777957494000-632578958264631296-1131571393566081024,1777957494000,1777970582000,1,110.863,30.012,3.69395575103292
939547018001383424,1777939785000-632578958264631296-939547018001383424,1777939785000,1777949665000,1,110.848,32.786,3.3809552857927163
952583803866447872,1777967673000-632578958264631296-952583803866447872,1777967673000,1777980373000,1,110.52,46.922,2.3553983206171947
1067775916656033792,1777969923000-632578958264631296-1067775916656033792,1777969923000,1777979267000,1,110.512,27.122,4.074625765061573
1286352128566099968,1777973509000-632578958264631296-1286352128566099968,1777973509000,1777984885000,1,110.344,48.766,2.2627240290366237
1047649870816477184,1777987752000-632578958264631296-1047649870816477184,1777987752000,1777997729000,1,110.128,34.357,3.2054021014640393
1075729411988258816,1777959494000-632578958264631296-1075729411988258816,1777959494000,1777968777000,1,110.09,10.248,10.742583918813429
1152269356621627392,1777993759000-632578958264631296-1152269356621627392,1777993759000,1777994143000,1,110.0,0.461,238.6117136659436
1157003119578578944,1777999919000-632578958264631296-1157003119578578944,1777999919000,1778000303000,1,110.0,0.159,691.8238993710692
1422205318414204928,1777972946000-632578958264631296-1422205318414204928,1777972946000,1777982691000,1,109.353,27.057,4.041578889012086
1471148657502846976,1777972700000-632578958264631296-1471148657502846976,1777972700000,1777982513000,1,109.257,27.554,3.9651956158815422
1183367596062277632,1777972699000-632578958264631296-1183367596062277632,1777972699000,1777982086000,1,109.228,26.469,4.126638709433677
961239466377216000,1777945622000-632578958264631296-961239466377216000,1777945622000,1777954309000,1,109.208,21.029,5.193209377526273
1094956363722784768,1777972805000-632578958264631296-1094956363722784768,1777972805000,1777982596000,1,109.165,26.835,4.068008198248556
1112389405491855360,1777925979000-632578958264631296-1112389405491855360,1777925979000,1777926422000,1,109.0,0.321,339.5638629283489
876149191938670592,1777952873000-632578958264631296-876149191938670592,1777952873000,1777961960000,1,108.959,30.912,3.524812370600414
1462138214197231616,1777953086000-632578958264631296-1462138214197231616,1777953086000,1777962386000,1,108.915,29.855,3.6481326410986434
1070370579279773696,1777939678000-632578958264631296-1070370579279773696,1777939678000,1777948777000,1,108.648,27.953,3.8868100025042036
1501933614227521536,1777967114000-632578958264631296-1501933614227521536,1777967114000,1777976627000,1,108.62,37.352,2.908010280573999
1462138758710165504,1777945539000-632578958264631296-1462138758710165504,1777945539000,1777954989000,1,108.536,20.998,5.1688732260215255
862677844923252736,1777975761000-632578958264631296-862677844923252736,1777975761000,1777984598000,1,108.497,21.907,4.95261788469439
1505916014645215232,1777989122000-632578958264631296-1505916014645215232,1777989122000,1777998354000,1,108.418,35.338,3.06802875091969
1464269416886697984,1777942391000-632578958264631296-1464269416886697984,1777942391000,1777952496000,1,108.397,37.167,2.9164850539457046
1500136074981146624,1777955375000-632578958264631296-1500136074981146624,1777955375000,1777963549000,1,107.972,34.269,3.150719308996469
938499921487593472,1777966075000-632578958264631296-938499921487593472,1777966075000,1777977539000,1,107.944,42.522,2.5385447533041723
1461772563532218368,1777962468000-632578958264631296-1461772563532218368,1777962468000,1777971685000,1,107.804,39.044,2.761090052248745
1083727931903049728,1777953899000-632578958264631296-1083727931903049728,1777953899000,1777963104000,1,107.75,32.878,3.2772674736906136
946034884164452352,1777939779000-632578958264631296-946034884164452352,1777939779000,1777950084000,1,107.697,31.727,3.3944904970529834
1067775974323519488,1777940508000-632578958264631296-1067775974323519488,1777940508000,1777949817000,1,107.575,28.917,3.72013002731957
862677844923252736,1777941356000-632578958264631296-862677844923252736,1777941356000,1777949872000,1,107.391,22.394,4.795525587210861
1545824482457812992,1777961161000-632578958264631296-1545824482457812992,1777961161000,1777976325000,1,107.311,56.525,1.8984697036709421
1156948637754851328,1777993341000-632578958264631296-1156948637754851328,1777993341000,1778002945000,1,107.143,37.896,2.8272904792062485
1177288436235632640,1777976028000-632578958264631296-1177288436235632640,1777976028000,1777985821000,1,106.852,29.577,3.612672008655374
1101122257968693248,1777965546000-632578958264631296-1101122257968693248,1777965546000,1777976930000,1,106.524,48.392,2.2012729376756486
1385305291104452608,1777927807000-632578958264631296-1385305291104452608,1777927807000,1777939798000,1,106.253,43.5,2.4425977011494253
928334310946111488,1777940974000-632578958264631296-928334310946111488,1777940974000,1777950559000,1,106.191,39.604,2.6813200686799314
821719550704746496,1777954533000-632578958264631296-821719550704746496,1777954533000,1777962907000,1,106.163,19.332,5.491568384026484
786329294770012160,1777938651000-632578958264631296-786329294770012160,1777938651000,1777950720000,1,106.143,51.38,2.065842740365901
787325260482478080,1777975336000-632578958264631296-787325260482478080,1777975336000,1777989503000,1,105.811,42.515,2.488792190991415
780085706063085568,1777946629000-632578958264631296-780085706063085568,1777946629000,1777957068000,1,105.746,34.947,3.025896357341116
877447351826907136,1777988054000-632578958264631296-877447351826907136,1777988054000,1777996913000,1,105.605,28.88,3.656682825484765
1181865650805538816,1777959684000-632578958264631296-1181865650805538816,1777959684000,1777969960000,1,105.48,45.598,2.313259353480416
942470042409238528,1777967778000-632578958264631296-942470042409238528,1777967778000,1777977095000,1,105.33,27.068,3.8913107728683314
1277220593376165888,1777976476000-632578958264631296-1277220593376165888,1777976476000,1777988049000,1,104.842,39.235,2.6721549636803874
938815830156640256,1777969297000-632578958264631296-938815830156640256,1777969297000,1777979880000,1,104.399,38.779,2.692152969390649
797458881650360320,1777970015000-632578958264631296-797458881650360320,1777970015000,1777979620000,1,104.366,19.173,5.443383925311637
836966844580495360,1777960353000-632578958264631296-836966844580495360,1777960353000,1777968738000,1,104.344,38.19,2.7322335689971196
1491416395517263872,1777993972000-632578958264631296-1491416395517263872,1777993972000,1778004486000,1,104.066,33.365,3.119016933912783
1050036509840769024,1777959583000-632578958264631296-1050036509840769024,1777959583000,1777959792000,1,104.0,0.135,770.3703703703703
1082330521322651648,1777953292000-632578958264631296-1082330521322651648,1777953292000,1777955109000,1,104.0,1.891,54.99735589635114
1064532839803912192,1777981436000-632578958264631296-1064532839803912192,1777981436000,1777990237000,1,103.965,21.261,4.889939325525611
947582270531698688,1777980570000-632578958264631296-947582270531698688,1777980570000,1777990904000,1,103.876,40.62,2.55726243229936
1488156479612518400,1777980621000-632578958264631296-1488156479612518400,1777980621000,1777991222000,1,103.832,34.276,3.0292916326292443
1083727986517082112,1777989362000-632578958264631296-1083727986517082112,1777989362000,1778000995000,1,103.382,43.053,2.4012728497433398
780451764301201408,1777947258000-632578958264631296-780451764301201408,1777947258000,1777955444000,1,103.314,24.157,4.276772778076747
1127222273418199040,1777957678000-632578958264631296-1127222273418199040,1777957678000,1777965688000,1,103.244,32.287,3.197695666986713
1536014535985463296,1777989339000-632578958264631296-1536014535985463296,1777989339000,1778000771000,1,103.215,41.069,2.5132094767342763
798991075485155328,1777949879000-632578958264631296-798991075485155328,1777949879000,1777957345000,1,103.043,19.268,5.347882499481005
1079796452147855360,1777985010000-632578958264631296-1079796452147855360,1777985010000,1777996752000,1,102.825,32.04,3.2092696629213484
1406586435233906688,1777962391000-632578958264631296-1406586435233906688,1777962391000,1777972261000,1,102.824,40.187,2.55863836564063
1083728870357598208,1777966458000-632578958264631296-1083728870357598208,1777966458000,1777980309000,1,102.818,28.228,3.6424117897123423
1396881508228136960,1777990495000-632578958264631296-1396881508228136960,1777990495000,1777999898000,1,102.623,31.149,3.294584095797618
1385588909638942720,1777975218000-632578958264631296-1385588909638942720,1777975218000,1777984460000,1,102.611,19.732,5.200233123859721
1397607242391355392,1777966428000-632578958264631296-1397607242391355392,1777966428000,1777980544000,1,102.467,24.724,4.144434557514965
1482772108667781120,1777951871000-632578958264631296-1482772108667781120,1777951871000,1777961527000,1,102.236,42.377,2.4125351015881256
1389244082743672832,1777941364000-632578958264631296-1389244082743672832,1777941364000,1777949225000,1,102.189,18.364,5.564637333914179
861290333428776960,1777990801000-632578958264631296-861290333428776960,1777990801000,1778000335000,1,101.875,34.456,2.9566693754353377
1132635709874634752,1777980472000-632578958264631296-1132635709874634752,1777980472000,1777991451000,1,101.535,26.943,3.7685113016367886
1067775012183736320,1777984518000-632578958264631296-1067775012183736320,1777984518000,1777995571000,1,101.403,36.214,2.800104931794334
1045646687990710272,1777955529000-632578958264631296-1045646687990710272,1777955529000,1777966958000,1,101.319,50.046,2.0245174439515647
1073966174624022528,1777986367000-632578958264631296-1073966174624022528,1777986367000,1777999069000,1,101.292,134.257,0.7544634544195088
1488129049464143872,1777946009000-632578958264631296-1488129049464143872,1777946009000,1777954558000,1,101.271,31.69,3.195676869674976
1476549608761982976,1777938619000-632578958264631296-1476549608761982976,1777938619000,1777949396000,1,101.219,38.0,2.663657894736842
873101078441230336,1777937810000-632578958264631296-873101078441230336,1777937810000,1777949202000,1,100.947,33.819,2.9849197196842012
1501933614227521536,1777939341000-632578958264631296-1501933614227521536,1777939341000,1777949293000,1,100.946,36.859,2.7387069643777635
1138167953473142784,1777969452000-632578958264631296-1138167953473142784,1777969452000,1777978666000,1,100.821,33.735,2.9886171631836373
860147487929794560,1777987018000-632578958264631296-860147487929794560,1777987018000,1777997649000,1,100.737,38.501,2.6164774940910625
1350071704793120768,1777978376000-632578958264631296-1350071704793120768,1777978376000,1777988571000,1,100.723,21.436,4.698777757044224
1094226815196594176,1777975080000-632578958264631296-1094226815196594176,1777975080000,1777983825000,1,100.564,22.12,4.5462929475587694
1120316481867874304,1777957973000-632578958264631296-1120316481867874304,1777957973000,1777967972000,1,100.557,20.99,4.790709861838971
936665179544879104,1777991917000-632578958264631296-936665179544879104,1777991917000,1778002522000,1,100.48,35.095,2.863085909673743
1067765061260410880,1777976261000-632578958264631296-1067765061260410880,1777976261000,1777984812000,1,100.469,31.062,3.2344665507694286
1120316662394912768,1777938191000-632578958264631296-1120316662394912768,1777938191000,1777948272000,1,100.25,34.858,2.875953869986804
1067764977248501760,1777966371000-632578958264631296-1067764977248501760,1777966371000,1777979471000,1,99.698,43.556,2.288961337129213
780109531760820224,1777967486000-632578958264631296-780109531760820224,1777967486000,1777978936000,1,99.538,33.5,2.9712835820895522
1545823503347875840,1777943842000-632578958264631296-1545823503347875840,1777943842000,1777951840000,1,99.389,37.44,2.6546207264957267
1471165126924042240,1777938709000-632578958264631296-1471165126924042240,1777938709000,1777946588000,1,99.088,17.647,5.615005383351278
1135630948969218048,1778004261000-632578958264631296-1135630948969218048,1778004261000,1778004432000,1,99.0,0.043,2302.325581395349
939546232131420160,1777942194000-632578958264631296-939546232131420160,1777942194000,1777951069000,1,98.696,40.488,2.437660541394981
966383863687282688,1777959321000-632578958264631296-966383863687282688,1777959321000,1777969317000,1,98.311,29.998,3.277251816787786
1176184196838719488,1777973500000-632578958264631296-1176184196838719488,1777973500000,1777982055000,1,97.902,19.534,5.011876727756732
1501933902321680384,1777958829000-632578958264631296-1501933902321680384,1777958829000,1777967936000,1,97.739,31.339,3.1187657551293917
1070378226594873344,1777943379000-632578958264631296-1070378226594873344,1777943379000,1777951670000,1,97.697,21.363,4.573187286429809
861290333428776960,1777944467000-632578958264631296-861290333428776960,1777944467000,1777953292000,1,97.625,35.829,2.7247481090736554
1184409623537385472,1777964761000-632578958264631296-1184409623537385472,1777964761000,1777973809000,1,97.506,24.479,3.983250949793701
908732861828300800,1777977833000-632578958264631296-908732861828300800,1777977833000,1777986729000,1,97.454,28.769,3.3874656748583543
1046442858321543168,1777981678000-632578958264631296-1046442858321543168,1777981678000,1777991831000,1,97.401,34.842,2.795505424487687
873900831743672320,1777986095000-632578958264631296-873900831743672320,1777986095000,1777995785000,1,97.221,37.123,2.6188885596530453
1477629515881512960,1777988760000-632578958264631296-1477629515881512960,1777988760000,1777989904000,1,97.0,0.533,181.98874296435272
1477629723302428672,1777957587000-632578958264631296-1477629723302428672,1777957587000,1777967112000,1,96.75,45.0,2.15
1535700301011484672,1777942534000-632578958264631296-1535700301011484672,1777942534000,1777954618000,1,96.713,37.007,2.613370443429621
1479440816106635264,1777936011000-632578958264631296-1479440816106635264,1777936011000,1777946861000,1,96.703,38.613,2.5044156113226115
1094584849307533312,1777947535000-632578958264631296-1094584849307533312,1777947535000,1777956995000,1,96.046,32.797,2.9284995578863926
1047649870816477184,1777973837000-632578958264631296-1047649870816477184,1777973837000,1777982551000,1,95.869,26.208,3.6580051892551895
1063501597117513728,1777973844000-632578958264631296-1063501597117513728,1777973844000,1777982965000,1,95.849,24.136,3.9712048392442827
1067765247101632512,1777967568000-632578958264631296-1067765247101632512,1777967568000,1777976208000,1,95.776,24.258,3.9482232665512407
1093088075828953088,1777941180000-632578958264631296-1093088075828953088,1777941180000,1777950122000,1,95.763,33.677,2.8435727647949642
1088511709141794816,1777939406000-632578958264631296-1088511709141794816,1777939406000,1777948189000,1,95.747,40.222,2.3804634279747403
1389243940330274816,1777987793000-632578958264631296-1389243940330274816,1777987793000,1777998428000,1,95.542,40.0,2.38855
1045646687990710272,1777944611000-632578958264631296-1045646687990710272,1777944611000,1777953650000,1,95.518,37.874,2.5219939800390767
943818030159233024,1777968148000-632578958264631296-943818030159233024,1777968148000,1777976442000,1,95.323,20.217,4.714992333184943
873201356771426304,1777980013000-632578958264631296-873201356771426304,1777980013000,1777989268000,1,95.292,29.065,3.2785824875279546
1079796452147855360,1777969154000-632578958264631296-1079796452147855360,1777969154000,1777980316000,1,95.195,27.875,3.415067264573991
1364616390270517248,1777972418000-632578958264631296-1364616390270517248,1777972418000,1777980435000,1,95.195,16.171,5.8867726176488775
871730443827806208,1777939446000-632578958264631296-871730443827806208,1777939446000,1777947774000,1,95.164,15.93,5.973885750156937
1050037424450699264,1777980014000-632578958264631296-1050037424450699264,1777980014000,1777989279000,1,95.147,29.992,3.172412643371566
857602255610707968,1777940908000-632578958264631296-857602255610707968,1777940908000,1777948423000,1,95.081,23.565,4.034839804795247
1050036776183267328,1777993022000-632578958264631296-1050036776183267328,1777993022000,1777994431000,1,95.0,1.723,55.136390017411486
1134877765846171648,1777961931000-632578958264631296-1134877765846171648,1777961931000,1777970701000,1,94.879,30.938,3.0667463960178423
1050037243114160128,1777948068000-632578958264631296-1050037243114160128,1777948068000,1777956333000,1,94.755,28.526,3.3217065133562365
1370798572273926144,1777912315000-632578958264631296-1370798572273926144,1777912315000,1777921038000,1,94.53,19.185,4.92728694292416
870286624469024768,1777971371000-632578958264631296-870286624469024768,1777971371000,1777979276000,1,94.472,28.705,3.2911339487894096
1101122257968693248,1777940926000-632578958264631296-1101122257968693248,1777940926000,1777952407000,1,94.238,36.317,2.594872924525704
1462138214197231616,1777970728000-632578958264631296-1462138214197231616,1777970728000,1777978798000,1,94.149,25.369,3.7111829398084275
876149191938670592,1777970778000-632578958264631296-876149191938670592,1777970778000,1777978790000,1,94.112,26.718,3.522419342765177
938499921487593472,1777953240000-632578958264631296-938499921487593472,1777953240000,1777961277000,1,93.787,33.142,2.829853358276507
862677666426257408,1777982624000-632578958264631296-862677666426257408,1777982624000,1777990127000,1,93.692,27.965,3.3503307706061145
942436996423352320,1777963894000-632578958264631296-942436996423352320,1777963894000,1777973196000,1,93.371,26.968,3.4622886383862355
1286311379313098752,1777973465000-632578958264631296-1286311379313098752,1777973465000,1777980655000,1,93.232,27.131,3.436364306512845
1428031634325635072,1777967600000-632578958264631296-1428031634325635072,1777967600000,1777975353000,1,93.182,25.456,3.6605122564424892
1268615116379652096,1777941445000-632578958264631296-1268615116379652096,1777941445000,1777949597000,1,93.147,20.866,4.4640563596281035
1268615233111326720,1777975616000-632578958264631296-1268615233111326720,1777975616000,1777983687000,1,93.144,18.899,4.92851473622943
1476549765217910784,1777966303000-632578958264631296-1476549765217910784,1777966303000,1777977135000,1,93.055,36.628,2.5405427541771326
1156948637754851328,1777953623000-632578958264631296-1156948637754851328,1777953623000,1777961371000,1,93.004,29.344,3.1694383860414397
1475453057469775872,1777940105000-632578958264631296-1475453057469775872,1777940105000,1777946928000,1,92.945,27.677,3.35820356252484
1132635709874634752,1777941902000-632578958264631296-1132635709874634752,1777941902000,1777950446000,1,92.295,23.643,3.9036924248191855
1082303861131051008,1777989664000-632578958264631296-1082303861131051008,1777989664000,1777999899000,1,92.057,27.848,3.3056952025280095
1142833661045899264,1777979870000-632578958264631296-1142833661045899264,1777979870000,1777991891000,1,91.565,42.314,2.163941012430874
877447567619653632,1777938165000-632578958264631296-877447567619653632,1777938165000,1777945480000,1,91.483,26.442,3.459760986309659
1083727517765861376,1777956406000-632578958264631296-1083727517765861376,1777956406000,1777964665000,1,91.429,32.751,2.7916399499251936
869905949161160704,1777938015000-632578958264631296-869905949161160704,1777938015000,1777945571000,1,91.397,25.277,3.615816750405507
1396880990281924608,1777936072000-632578958264631296-1396880990281924608,1777936072000,1777946030000,1,91.369,27.817,3.284646079735414
1067776196789403648,1777988785000-632578958264631296-1067776196789403648,1777988785000,1777997961000,1,91.276,18.931,4.8215096930959795
1501934002158698496,1777983698000-632578958264631296-1501934002158698496,1777983698000,1777993317000,1,91.276,22.769,4.008783872809522
1070370579279773696,1777951378000-632578958264631296-1070370579279773696,1777951378000,1777958680000,1,91.18,19.724,4.622794564996958
943458912718290944,1777975130000-632578958264631296-943458912718290944,1777975130000,1777982754000,1,90.963,18.595,4.891798870664157
1079796452147855360,1777943262000-632578958264631296-1079796452147855360,1777943262000,1777952483000,1,90.918,42.168,2.156089926010245
1047649870816477184,1777940792000-632578958264631296-1047649870816477184,1777940792000,1777949113000,1,90.66,26.816,3.3808174224343674
1464260641047969792,1777981438000-632578958264631296-1464260641047969792,1777981438000,1777990255000,1,90.391,51.073,1.769839249701408
1464286463544786944,1777942206000-632578958264631296-1464286463544786944,1777942206000,1777951680000,1,90.368,33.295,2.7141612854783
862677558196436992,1777968744000-632578958264631296-862677558196436992,1777968744000,1777975722000,1,90.286,23.28,3.8782646048109966
1063501597117513728,1777940858000-632578958264631296-1063501597117513728,1777940858000,1777949106000,1,90.261,26.245,3.439169365593446
947583099720433664,1777985432000-632578958264631296-947583099720433664,1777985432000,1777994651000,1,90.187,20.596,4.378859972810254
1083726789898928128,1777957153000-632578958264631296-1083726789898928128,1777957153000,1777964712000,1,90.186,39.11,2.3059575556123755
1157003119578578944,1778000307000-632578958264631296-1157003119578578944,1778000307000,1778000720000,1,90.0,0.121,743.8016528925621
1094584849307533312,1777960855000-632578958264631296-1094584849307533312,1777960855000,1777968703000,1,89.856,32.845,2.73575886740752
939138676678459392,1777954181000-632578958264631296-939138676678459392,1777954181000,1777961864000,1,89.83,17.911,5.015353693261124
784445514740400128,1777954385000-632578958264631296-784445514740400128,1777954385000,1777962559000,1,89.501,32.295,2.7713577953243536
947104748366987264,1777941769000-632578958264631296-947104748366987264,1777941769000,1777951396000,1,89.293,26.513,3.3678949949081582
1345798361172672512,1777992557000-632578958264631296-1345798361172672512,1777992557000,1778000765000,1,89.127,31.726,2.809273151358507
873101078441230336,1777992579000-632578958264631296-873101078441230336,1777992579000,1778000520000,1,89.048,27.87,3.1951202009329025
1482772108667781120,1777974654000-632578958264631296-1482772108667781120,1777974654000,1777982982000,1,89.0,29.5,3.016949152542373
1131239476161413120,1777953383000-632578958264631296-1131239476161413120,1777953383000,1777964795000,1,88.874,42.647,2.0839449433723356
800361869549240320,1777941912000-632578958264631296-800361869549240320,1777941912000,1777950427000,1,88.518,22.123,4.001175247479998
1045015172411817984,1777965416000-632578958264631296-1045015172411817984,1777965416000,1777973660000,1,88.257,38.465,2.2944754972052515
1294704486559776768,1777961166000-632578958264631296-1294704486559776768,1777961166000,1777974352000,1,88.203,22.228,3.9681032931437823
1536014625517076480,1777999710000-632578958264631296-1536014625517076480,1777999710000,1777999943000,1,88.0,0.106,830.1886792452831
934473019407990784,1777952055000-632578958264631296-934473019407990784,1777952055000,1777952385000,1,88.0,0.31,283.8709677419355
943859348893859840,1777989545000-632578958264631296-943859348893859840,1777989545000,1777999384000,1,87.967,27.319,3.219993411179033
1131239476161413120,1777989538000-632578958264631296-1131239476161413120,1777989538000,1777999548000,1,87.911,30.94,2.841338073691015
946030864989421568,1777970827000-632578958264631296-946030864989421568,1777970827000,1777979117000,1,87.708,17.403,5.03982072056542
1501933902321680384,1777990139000-632578958264631296-1501933902321680384,1777990139000,1777999217000,1,87.461,28.163,3.105528530341228
1083726345994764288,1777960066000-632578958264631296-1083726345994764288,1777960066000,1777969668000,1,87.383,34.989,2.497442053216725
1405177997576634368,1777940571000-632578958264631296-1405177997576634368,1777940571000,1777951260000,1,87.355,38.087,2.293564733373592
1406586435233906688,1777937683000-632578958264631296-1406586435233906688,1777937683000,1777946824000,1,87.164,27.298,3.1930544362224342
1385304935976927232,1777962188000-632578958264631296-1385304935976927232,1777962188000,1777962612000,1,87.0,0.255,341.1764705882353
970288452387995648,1777962969000-632578958264631296-970288452387995648,1777962969000,1777963319000,1,87.0,0.173,502.89017341040466
1464283595349688320,1777921237000-632578958264631296-1464283595349688320,1777921237000,1777929818000,1,86.793,31.231,2.7790656719285325
1488160320575766528,1777964281000-632578958264631296-1488160320575766528,1777964281000,1777972453000,1,86.593,34.591,2.5033390188199243
1464628801508999168,1777941334000-632578958264631296-1464628801508999168,1777941334000,1777949882000,1,86.583,35.202,2.4596045679222773
946030864989421568,1777927230000-632578958264631296-946030864989421568,1777927230000,1777938398000,1,86.395,17.971,4.807467586667408
1476549765217910784,1777991656000-632578958264631296-1476549765217910784,1777991656000,1778001117000,1,86.29,31.517,2.7378874892914937
870286624469024768,1777936883000-632578958264631296-870286624469024768,1777936883000,1777945833000,1,86.047,29.272,2.939566821535939
1050036509840769024,1777957227000-632578958264631296-1050036509840769024,1777957227000,1777957435000,1,86.0,0.246,349.5934959349594
780109531760820224,1777981690000-632578958264631296-780109531760820224,1777981690000,1777989000000,1,85.781,19.192,4.469622759483118
784445514740400128,1777986962000-632578958264631296-784445514740400128,1777986962000,1777993893000,1,85.772,24.313,3.527824620573356
794950170587430912,1777979650000-632578958264631296-794950170587430912,1777979650000,1777988742000,1,85.723,29.283,2.9273981490967453
1080454515951403008,1777969762000-632578958264631296-1080454515951403008,1777969762000,1777978002000,1,85.663,23.791,3.6006473036022024
939139369715892224,1777930891000-632578958264631296-939139369715892224,1777930891000,1777942139000,1,85.623,49.375,1.7341367088607595
1093088075828953088,1777973594000-632578958264631296-1093088075828953088,1777973594000,1777981514000,1,85.583,28.067,3.0492393201980974
1389244302743306240,1777967650000-632578958264631296-1389244302743306240,1777967650000,1777976432000,1,85.562,29.254,2.9247966090107336
1540361934212169728,1777946331000-632578958264631296-1540361934212169728,1777946331000,1777954608000,1,85.465,19.626,4.3546825639457865
1385588816730914816,1777937653000-632578958264631296-1385588816730914816,1777937653000,1777946477000,1,85.314,30.047,2.8393516823642955
1067774753596506112,1777975465000-632578958264631296-1067774753596506112,1777975465000,1777984557000,1,85.311,18.255,4.67329498767461
1187437506908389376,1777952271000-632578958264631296-1187437506908389376,1777952271000,1777960463000,1,85.271,32.524,2.621786988070348
1156948637754851328,1777986195000-632578958264631296-1156948637754851328,1777986195000,1777993240000,1,85.234,23.387,3.644503356565613
862677558196436992,1777947340000-632578958264631296-862677558196436992,1777947340000,1777954992000,1,85.172,24.868,3.4249638089110506
862677666426257408,1777948238000-632578958264631296-862677666426257408,1777948238000,1777956167000,1,85.029,31.759,2.677319814855631
873897783357079552,1777948340000-632578958264631296-873897783357079552,1777948340000,1777955490000,1,85.017,20.544,4.138288551401869
1464286677953413120,1777982805000-632578958264631296-1464286677953413120,1777982805000,1777982939000,1,85.0,0.067,1268.6567164179103
1462138758710165504,1777963681000-632578958264631296-1462138758710165504,1777963681000,1777971179000,1,84.945,17.279,4.916083106661265
1298646515224412160,1777953607000-632578958264631296-1298646515224412160,1777953607000,1777962294000,1,84.739,30.306,2.796112980927869
1537822792169291776,1777944255000-632578958264631296-1537822792169291776,1777944255000,1777950727000,1,84.683,17.452,4.852337840935136
1428031634325635072,1777939483000-632578958264631296-1428031634325635072,1777939483000,1777948702000,1,84.598,28.182,3.001845149386133
940245549137788928,1777978867000-632578958264631296-940245549137788928,1777978867000,1777988158000,1,84.495,28.546,2.9599593638338124
847116116999274496,1777974730000-632578958264631296-847116116999274496,1777974730000,1777983890000,1,84.489,33.673,2.509102248091943
1083727931903049728,1777968666000-632578958264631296-1083727931903049728,1777968666000,1777977864000,1,84.446,35.39,2.3861542808703025
1385588586753032192,1777934944000-632578958264631296-1385588586753032192,1777934944000,1777941932000,1,84.439,16.945,4.98312186485689
939546576563470336,1777993747000-632578958264631296-939546576563470336,1777993747000,1778000978000,1,84.326,30.091,2.8023661559934863
916722872880201728,1777981848000-632578958264631296-916722872880201728,1777981848000,1777992393000,1,84.114,26.369,3.189882058477758
1050036509840769024,1777962384000-632578958264631296-1050036509840769024,1777962384000,1777962574000,1,84.0,0.228,368.42105263157896
794950170587430912,1778000076000-632578958264631296-794950170587430912,1778000076000,1778000281000,1,84.0,0.156,538.4615384615385
940981890892955648,1777985541000-632578958264631296-940981890892955648,1777985541000,1777985691000,1,84.0,0.141,595.7446808510639
1175796546902425600,1777960892000-632578958264631296-1175796546902425600,1777960892000,1777968448000,1,83.996,29.0,2.896413793103448
1094588896550846464,1777943546000-632578958264631296-1094588896550846464,1777943546000,1777956086000,1,83.928,31.016,2.7059582151147796
1468940686052032512,1777943619000-632578958264631296-1468940686052032512,1777943619000,1777952085000,1,83.91,26.349,3.1845610839121026
1120316662394912768,1777961175000-632578958264631296-1120316662394912768,1777961175000,1777969414000,1,83.663,27.195,3.0764111049825336
1083727289243402240,1777955060000-632578958264631296-1083727289243402240,1777955060000,1777965107000,1,83.495,34.888,2.393229763815639
862693652038680576,1777959190000-632578958264631296-862693652038680576,1777959190000,1777965108000,1,83.457,20.628,4.045811518324607
938815830156640256,1777991352000-632578958264631296-938815830156640256,1777991352000,1778000073000,1,83.429,29.824,2.7973779506437766
786246735176400896,1777957702000-632578958264631296-786246735176400896,1777957702000,1777964599000,1,83.388,24.791,3.3636400306562866
792451146961649664,1777989245000-632578958264631296-792451146961649664,1777989245000,1778000644000,1,83.315,39.143,2.128477633293309
1120316585941139456,1777991925000-632578958264631296-1120316585941139456,1777991925000,1778000730000,1,83.175,17.659,4.710062857466448
1097510484225032192,1777928351000-632578958264631296-1097510484225032192,1777928351000,1777940814000,1,83.169,20.561,4.044988084237148
879404563604439040,1777991895000-632578958264631296-879404563604439040,1777991895000,1778000801000,1,83.108,17.99,4.619677598665926
1050781532765028352,1777991885000-632578958264631296-1050781532765028352,1777991885000,1778000752000,1,83.099,17.932,4.634117778273478
1405141042860130304,1777938695000-632578958264631296-1405141042860130304,1777938695000,1777950886000,1,83.081,40.044,2.0747427829387677
866686265431425024,1777964216000-632578958264631296-866686265431425024,1777964216000,1777971412000,1,83.059,25.243,3.2903775304044687
1070370579279773696,1777982364000-632578958264631296-1070370579279773696,1777982364000,1777982746000,1,83.0,0.19,436.84210526315786
927179928254808064,1777986453000-632578958264631296-927179928254808064,1777986453000,1777986642000,1,83.0,0.088,943.1818181818182
873900831743672320,1777977002000-632578958264631296-873900831743672320,1777977002000,1777983648000,1,82.965,22.824,3.6349894847528916
939546232131420160,1777993340000-632578958264631296-939546232131420160,1777993340000,1778000965000,1,82.961,32.875,2.523528517110266
786246735176400896,1777977741000-632578958264631296-786246735176400896,1777977741000,1777984982000,1,82.768,21.308,3.8843626806833114
1536014529144553472,1777963211000-632578958264631296-1536014529144553472,1777963211000,1777971098000,1,82.755,26.673,3.102575638285907
1050441880044568576,1777980388000-632578958264631296-1050441880044568576,1777980388000,1777991669000,1,82.733,48.494,1.7060461087969647
1545823503347875840,1777934274000-632578958264631296-1545823503347875840,1777934274000,1777942269000,1,82.639,31.736,2.6039513486261656
946033560920260608,1777979912000-632578958264631296-946033560920260608,1777979912000,1777988260000,1,82.63,27.533,3.001125921621327
1050035941135089664,1777963209000-632578958264631296-1050035941135089664,1777963209000,1777971267000,1,82.6,31.336,2.635945876946643
1469693281720860672,1777937515000-632578958264631296-1469693281720860672,1777937515000,1777944786000,1,82.543,20.536,4.019429294896766
966383863687282688,1777935983000-632578958264631296-966383863687282688,1777935983000,1777945974000,1,82.506,21.955,3.757959462537008
878252193440858112,1777965128000-632578958264631296-878252193440858112,1777965128000,1777972472000,1,82.464,18.39,4.484176182707993
1083019060351860736,1777941628000-632578958264631296-1083019060351860736,1777941628000,1777949644000,1,82.422,32.308,2.5511328463538443
862677666426257408,1777958259000-632578958264631296-862677666426257408,1777958259000,1777964806000,1,82.409,24.408,3.3763110455588334
1177288436235632640,1777942583000-632578958264631296-1177288436235632640,1777942583000,1777949367000,1,82.207,21.732,3.782762746180747
1067776159577538560,1777983472000-632578958264631296-1067776159577538560,1777983472000,1777989771000,1,82.182,24.022,3.4211139788527185
952583803866447872,1777988450000-632578958264631296-952583803866447872,1777988450000,1777996855000,1,82.084,29.52,2.7806233062330623
942469061864849408,1777988961000-632578958264631296-942469061864849408,1777988961000,1777997907000,1,82.074,35.339,2.3224765839440846
1488160320575766528,1777977804000-632578958264631296-1488160320575766528,1777977804000,1777985362000,1,81.963,22.485,3.6452301534356235
1120316662394912768,1777949925000-632578958264631296-1120316662394912768,1777949925000,1777959619000,1,81.746,27.949,2.9248273641275175
1108736100332994560,1777938697000-632578958264631296-1108736100332994560,1777938697000,1777948807000,1,81.6,38.546,2.1169511752192185
790970372676648960,1777982328000-632578958264631296-790970372676648960,1777982328000,1777988376000,1,81.59,20.424,3.9948100274187235
951563481520275456,1777947018000-632578958264631296-951563481520275456,1777947018000,1777953745000,1,81.586,24.192,3.3724371693121693
947583099720433664,1777967146000-632578958264631296-947583099720433664,1777967146000,1777976130000,1,81.534,23.981,3.3999416204495225
786329294770012160,1777959543000-632578958264631296-786329294770012160,1777959543000,1777968242000,1,81.354,27.647,2.9425977502079794
946032744595456000,1777975499000-632578958264631296-946032744595456000,1777975499000,1777982560000,1,81.228,27.46,2.958048069919883
1501934002158698496,1777935971000-632578958264631296-1501934002158698496,1777935971000,1777944622000,1,81.14,24.804,3.2712465731333658
1441118393376702464,1777935820000-632578958264631296-1441118393376702464,1777935820000,1777944906000,1,81.047,26.573,3.049975539081022
1385588586753032192,1777996076000-632578958264631296-1385588586753032192,1777996076000,1777996378000,1,81.0,0.175,462.8571428571429
861290333428776960,1777938151000-632578958264631296-861290333428776960,1777938151000,1777938889000,1,81.0,0.275,294.5454545454545
947105297703370752,1777976345000-632578958264631296-947105297703370752,1777976345000,1777993557000,1,81.0,4.213,19.22620460479468
1454186236603269120,1777971960000-632578958264631296-1454186236603269120,1777971960000,1777979335000,1,80.947,20.093,4.028616931269596
1079026604165824512,1777938855000-632578958264631296-1079026604165824512,1777938855000,1777950495000,1,80.933,28.582,2.83160730529704
1389243940330274816,1778001747000-632578958264631296-1389243940330274816,1778001747000,1778016172000,1,80.674,34.166,2.361236316806182
1050036987500691456,1777954238000-632578958264631296-1050036987500691456,1777954238000,1777963532000,1,80.478,42.818,1.8795366434677006
847124352678756352,1777954419000-632578958264631296-847124352678756352,1777954419000,1777963286000,1,80.316,44.102,1.8211418983266068
1094584849307533312,1777990046000-632578958264631296-1094584849307533312,1777990046000,1777997235000,1,80.251,27.246,2.945423181384424
1389244302743306240,1777954734000-632578958264631296-1389244302743306240,1777954734000,1777962362000,1,80.14,26.14,3.065799540933435
1103352309556969472,1777944772000-632578958264631296-1103352309556969472,1777944772000,1777952023000,1,80.032,29.314,2.730163062018148
1083726613264203776,1777942873000-632578958264631296-1083726613264203776,1777942873000,1777943228000,1,80.0,0.347,230.54755043227667
1083727593376579584,1777954985000-632578958264631296-1083727593376579584,1777954985000,1777955668000,1,80.0,0.808,99.009900990099
1536014625517076480,1778000156000-632578958264631296-1536014625517076480,1778000156000,1778000395000,1,80.0,0.093,860.2150537634409
1083016936570224640,1777951114000-632578958264631296-1083016936570224640,1777951114000,1777958325000,1,79.966,33.949,2.3554743880526674
966383863687282688,1777983575000-632578958264631296-966383863687282688,1777983575000,1777992484000,1,79.863,19.512,4.093019680196802
946033560920260608,1777962137000-632578958264631296-946033560920260608,1777962137000,1777970966000,1,79.513,26.796,2.9673458725182864
1094956363722784768,1777941446000-632578958264631296-1094956363722784768,1777941446000,1777949093000,1,79.119,20.249,3.907304064398242
1138167953473142784,1777958455000-632578958264631296-1138167953473142784,1777958455000,1777965346000,1,79.009,20.437,3.865978372559573
902974583798235136,1777997753000-632578958264631296-902974583798235136,1777997753000,1777998331000,1,79.0,0.228,346.49122807017545
1161991673035620352,1777994591000-632578958264631296-1161991673035620352,1777994591000,1778002170000,1,78.923,35.701,2.2106663678888547
1389244197004902400,1777942232000-632578958264631296-1389244197004902400,1777942232000,1777949500000,1,78.91,31.051,2.5413030176161797
947582270531698688,1777994646000-632578958264631296-947582270531698688,1777994646000,1778003272000,1,78.84,37.36,2.1102783725910066
1535700301011484672,1777957679000-632578958264631296-1535700301011484672,1777957679000,1777966569000,1,78.803,30.056,2.6218725046579716
1488156479612518400,1777994623000-632578958264631296-1488156479612518400,1777994623000,1778003354000,1,78.796,33.106,2.380112366338428
792451319469178880,1777948204000-632578958264631296-792451319469178880,1777948204000,1777955126000,1,78.602,25.357,3.099814646843081
1454186236603269120,1777957295000-632578958264631296-1454186236603269120,1777957295000,1777964881000,1,78.38,22.492,3.4847945936332914
836966844580495360,1777979107000-632578958264631296-836966844580495360,1777979107000,1777986361000,1,78.231,29.477,2.6539675000848115
1462138214197231616,1777944502000-632578958264631296-1462138214197231616,1777944502000,1777950907000,1,78.158,21.559,3.6253072962567834
1501934002158698496,1777953366000-632578958264631296-1501934002158698496,1777953366000,1777959548000,1,78.141,19.306,4.047498187092096
876149191938670592,1777944505000-632578958264631296-876149191938670592,1777944505000,1777950954000,1,78.127,21.852,3.575279150649826
873900831743672320,1777939920000-632578958264631296-873900831743672320,1777939920000,1777949065000,1,78.071,28.93,2.6986173522295194
1441118393376702464,1777953356000-632578958264631296-1441118393376702464,1777953356000,1777959529000,1,78.053,19.958,3.910862811905001
1126869078934290432,1777978981000-632578958264631296-1126869078934290432,1777978981000,1777989117000,1,78.048,28.844,2.7058660379975037
1540361729291059200,1777963631000-632578958264631296-1540361729291059200,1777963631000,1777970509000,1,78.035,19.913,3.9187967659318033
1064532839803912192,1777992768000-632578958264631296-1064532839803912192,1777992768000,1777999673000,1,78.002,16.246,4.801304936599778
1067772524470730752,1777979457000-632578958264631296-1067772524470730752,1777979457000,1777979654000,1,78.0,0.103,757.2815533980583
971379691866816512,1778005344000-632578958264631296-971379691866816512,1778005344000,1778005583000,1,78.0,0.16,487.5
936665179544879104,1777958375000-632578958264631296-936665179544879104,1777958375000,1777965184000,1,77.869,33.175,2.347219291635268
798991075485155328,1777941866000-632578958264631296-798991075485155328,1777941866000,1777947120000,1,77.812,13.018,5.977262252266093
1073278104413143040,1777944104000-632578958264631296-1073278104413143040,1777944104000,1777950953000,1,77.809,29.438,2.6431483117059584
1046836268442320896,1777974526000-632578958264631296-1046836268442320896,1777974526000,1777980985000,1,77.658,27.738,2.7996971663422023
1079095785133441024,1777960293000-632578958264631296-1079095785133441024,1777960293000,1777967821000,1,77.568,38.815,1.9984026793765297
1083726789898928128,1777938054000-632578958264631296-1083726789898928128,1777938054000,1777944796000,1,77.29,27.694,2.790857225391782
870275474985582592,1777974210000-632578958264631296-870275474985582592,1777974210000,1777974526000,1,77.0,0.374,205.88235294117646
926835749754503168,1777986044000-632578958264631296-926835749754503168,1777986044000,1777986153000,1,77.0,0.091,846.1538461538462
940983317312831488,1777972202000-632578958264631296-940983317312831488,1777972202000,1777978600000,1,76.947,24.603,3.1275454212900864
1083727931903049728,1777979730000-632578958264631296-1083727931903049728,1777979730000,1777987656000,1,76.729,29.119,2.635014938699818
1545824482457812992,1777993720000-632578958264631296-1545824482457812992,1777993720000,1778002031000,1,76.43,34.461,2.2178694756391284
1488160320575766528,1777950351000-632578958264631296-1488160320575766528,1777950351000,1777957839000,1,76.344,32.026,2.3838131518141505
1083016936570224640,1777969503000-632578958264631296-1083016936570224640,1777969503000,1777976332000,1,76.321,20.514,3.7204348249975627
877447351826907136,1777978912000-632578958264631296-877447351826907136,1777978912000,1777985778000,1,76.263,20.042,3.805159165751921
1177288436235632640,1777990196000-632578958264631296-1177288436235632640,1777990196000,1777997268000,1,76.258,20.602,3.70148529269003
1362452416535986176,1777969572000-632578958264631296-1362452416535986176,1777969572000,1777976315000,1,76.247,18.888,4.036795849216434
786246735176400896,1777987719000-632578958264631296-786246735176400896,1777987719000,1777997970000,1,76.166,26.801,2.841908883996866
1491416395517263872,1777949028000-632578958264631296-1491416395517263872,1777949028000,1777956606000,1,76.074,18.602,4.089560262337383
1050036987500691456,1777938992000-632578958264631296-1050036987500691456,1777938992000,1777939570000,1,76.0,0.696,109.19540229885058
1067763553357791232,1777997557000-632578958264631296-1067763553357791232,1777997557000,1777997818000,1,76.0,0.244,311.4754098360656
1188144161019133952,1777958855000-632578958264631296-1188144161019133952,1777958855000,1777959113000,1,76.0,0.001,76000.0
932302785804763136,1777994293000-632578958264631296-932302785804763136,1777994293000,1777994555000,1,76.0,0.045,1688.888888888889
1079095785133441024,1777944960000-632578958264631296-1079095785133441024,1777944960000,1777951679000,1,75.787,35.81,2.116364144093829
860146891080335360,1777954895000-632578958264631296-860146891080335360,1777954895000,1777961793000,1,75.781,24.982,3.033424065327036
940983317312831488,1777944710000-632578958264631296-940983317312831488,1777944710000,1777952365000,1,75.775,45.222,1.675622484631374
906488270454521856,1777946753000-632578958264631296-906488270454521856,1777946753000,1777954053000,1,75.761,18.03,4.201941209095951
1161574576161816576,1777955000000-632578958264631296-1161574576161816576,1777955000000,1777962534000,1,75.724,32.645,2.319620156226068
1477629723302428672,1777969508000-632578958264631296-1477629723302428672,1777969508000,1777976335000,1,75.687,20.195,3.747808863580094
1500491887742550016,1777971246000-632578958264631296-1500491887742550016,1777971246000,1777978170000,1,75.625,14.161,5.3403714426947255
1177288436235632640,1777951676000-632578958264631296-1177288436235632640,1777951676000,1777958344000,1,75.438,17.769,4.245483707580618
1362452416535986176,1777920426000-632578958264631296-1362452416535986176,1777920426000,1777928948000,1,75.326,28.094,2.6812130704064923
800361869549240320,1777952694000-632578958264631296-800361869549240320,1777952694000,1777958619000,1,75.325,17.592,4.281775807185085
932612842287267840,1777958720000-632578958264631296-932612842287267840,1777958720000,1777965542000,1,75.224,24.131,3.1173179727321703
1477629723302428672,1777920485000-632578958264631296-1477629723302428672,1777920485000,1777929004000,1,75.169,26.695,2.815845663982019
1465365829724930048,1777993938000-632578958264631296-1465365829724930048,1777993938000,1778000710000,1,75.099,15.783,4.758220870556928
966356141711818752,1777927751000-632578958264631296-966356141711818752,1777927751000,1777927904000,1,75.0,0.125,600.0
1385588816730914816,1777970407000-632578958264631296-1385588816730914816,1777970407000,1777977881000,1,74.962,25.478,2.942224664416359
836966844580495360,1777949817000-632578958264631296-836966844580495360,1777949817000,1777955812000,1,74.777,23.294,3.2101399502017687
873568577507033088,1777971978000-632578958264631296-873568577507033088,1777971978000,1777979792000,1,74.431,14.449,5.151290746764482
908732861828300800,1777970825000-632578958264631296-908732861828300800,1777970825000,1777977832000,1,74.302,21.459,3.462509902604968
947452563299500032,1777942647000-632578958264631296-947452563299500032,1777942647000,1777949528000,1,74.077,14.466,5.120765933914005
929731076446748672,1777960050000-632578958264631296-929731076446748672,1777960050000,1777960763000,1,74.0,0.389,190.23136246786632
925753337108758528,1777942842000-632578958264631296-925753337108758528,1777942842000,1777949563000,1,73.98,16.509,4.481192077048883
1545823503347875840,1777954775000-632578958264631296-1545823503347875840,1777954775000,1777961546000,1,73.903,27.514,2.6860143926728215
1083019060351860736,1777984533000-632578958264631296-1083019060351860736,1777984533000,1777991284000,1,73.866,25.464,2.9008011310084827
1488160320575766528,1777940070000-632578958264631296-1488160320575766528,1777940070000,1777948057000,1,73.865,29.707,2.48645100481368
862677666426257408,1777941123000-632578958264631296-862677666426257408,1777941123000,1777947685000,1,73.808,22.981,3.211696618946086
1083727289243402240,1777992982000-632578958264631296-1083727289243402240,1777992982000,1778000713000,1,73.77,34.124,2.161821591841519
1540361934212169728,1777958562000-632578958264631296-1540361934212169728,1777958562000,1777964100000,1,73.663,14.245,5.171147771147771
940988876032311296,1777975158000-632578958264631296-940988876032311296,1777975158000,1777981707000,1,73.647,14.564,5.056783850590498
869216733288726528,1777936224000-632578958264631296-869216733288726528,1777936224000,1777942806000,1,73.507,21.398,3.435227591363679
857602255610707968,1777993400000-632578958264631296-857602255610707968,1777993400000,1777999440000,1,73.501,17.862,4.11493673720748
1462138501628690432,1777947222000-632578958264631296-1462138501628690432,1777947222000,1777953959000,1,73.441,21.421,3.428458055179497
877447567619653632,1777948260000-632578958264631296-877447567619653632,1777948260000,1777953921000,1,73.344,19.439,3.7730335922629763
869905949161160704,1777948262000-632578958264631296-869905949161160704,1777948262000,1777953686000,1,73.341,19.051,3.8497191748464648
1168836102002311168,1777979313000-632578958264631296-1168836102002311168,1777979313000,1777985776000,1,73.2,28.865,2.535943183786593
1389244197004902400,1777987177000-632578958264631296-1389244197004902400,1777987177000,1777993109000,1,73.125,13.32,5.489864864864865
1073277847704961024,1777967277000-632578958264631296-1073277847704961024,1777967277000,1777967457000,1,73.0,0.06,1216.6666666666667
1396880990281924608,1777957077000-632578958264631296-1396880990281924608,1777957077000,1777957233000,1,73.0,0.102,715.686274509804
1422205727123963904,1777979554000-632578958264631296-1422205727123963904,1777979554000,1777979823000,1,73.0,0.099,737.3737373737373
1168836102002311168,1777937698000-632578958264631296-1168836102002311168,1777937698000,1777945146000,1,72.998,22.508,3.2432024169184293
877447351826907136,1777970664000-632578958264631296-877447351826907136,1777970664000,1777976158000,1,72.971,18.611,3.9208532588254257
1385588816730914816,1777956244000-632578958264631296-1385588816730914816,1777956244000,1777963295000,1,72.954,21.196,3.441875825627476
942469061864849408,1777954119000-632578958264631296-942469061864849408,1777954119000,1777960503000,1,72.949,26.136,2.791131007040098
1161991673035620352,1777980604000-632578958264631296-1161991673035620352,1777980604000,1777986909000,1,72.921,26.684,2.7327612052166095
1050037424450699264,1777963208000-632578958264631296-1050037424450699264,1777963208000,1777970366000,1,72.798,18.536,3.9273845489857573
1127222273418199040,1777968928000-632578958264631296-1127222273418199040,1777968928000,1777974569000,1,72.766,21.405,3.3994861013781827
873201356771426304,1777963282000-632578958264631296-873201356771426304,1777963282000,1777970208000,1,72.695,16.364,4.442373502811048
1422205318414204928,1777933593000-632578958264631296-1422205318414204928,1777933593000,1777940197000,1,72.599,20.027,3.6250561741648775
1471148657502846976,1777934014000-632578958264631296-1471148657502846976,1777934014000,1777940221000,1,72.592,20.803,3.4894967072056913
1183367596062277632,1777934424000-632578958264631296-1183367596062277632,1777934424000,1777940802000,1,72.554,19.341,3.7513055167778293
946031139108159488,1777971289000-632578958264631296-946031139108159488,1777971289000,1777978159000,1,72.549,16.37,4.431826511912035
951882940915122176,1777971292000-632578958264631296-951882940915122176,1777971292000,1777977983000,1,72.46,14.528,4.98761013215859
939141093658722304,1777939830000-632578958264631296-939141093658722304,1777939830000,1777946115000,1,72.407,15.007,4.824881721863131
860147487929794560,1777947153000-632578958264631296-860147487929794560,1777947153000,1777955688000,1,72.355,24.934,2.901860912809818
1103352309556969472,1777954976000-632578958264631296-1103352309556969472,1777954976000,1777961052000,1,72.195,23.178,3.1148071447061865
866686265431425024,1777954925000-632578958264631296-866686265431425024,1777954925000,1777961158000,1,72.011,19.816,3.6339826402906743
1101524127430213632,1778000993000-632578958264631296-1101524127430213632,1778000993000,1778001240000,1,72.0,0.095,757.8947368421052
1396880990281924608,1777923856000-632578958264631296-1396880990281924608,1777923856000,1777924371000,1,72.0,0.272,264.70588235294116
1389243940330274816,1777956034000-632578958264631296-1389243940330274816,1777956034000,1777964181000,1,71.978,25.084,2.869478552065061
1184409623537385472,1777943183000-632578958264631296-1184409623537385472,1777943183000,1777949642000,1,71.951,26.814,2.683337062728425
1050036568242257920,1777939404000-632578958264631296-1050036568242257920,1777939404000,1777945930000,1,71.888,18.491,3.8877291655399926
942470042409238528,1777945608000-632578958264631296-942470042409238528,1777945608000,1777952157000,1,71.775,16.944,4.236012747875355
1050036509840769024,1777921439000-632578958264631296-1050036509840769024,1777921439000,1777927355000,1,71.716,25.563,2.8054610178774007
1088511709141794816,1777963180000-632578958264631296-1088511709141794816,1777963180000,1777970741000,1,71.59,26.517,2.699777501225629
942436996423352320,1777986358000-632578958264631296-942436996423352320,1777986358000,1777993412000,1,71.558,21.711,3.295932937220764
870568761881526272,1777973303000-632578958264631296-870568761881526272,1777973303000,1777979787000,1,71.541,23.551,3.037705405290646
1083019060351860736,1777952520000-632578958264631296-1083019060351860736,1777952520000,1777961116000,1,71.392,34.737,2.0552149005383304
1056588446363025408,1777916709000-632578958264631296-1056588446363025408,1777916709000,1777924115000,1,71.316,15.031,4.744594504690307
1396881232180019200,1777987061000-632578958264631296-1396881232180019200,1777987061000,1777994567000,1,71.193,20.801,3.4225758377001108
1067772524470730752,1777973372000-632578958264631296-1067772524470730752,1777973372000,1777973756000,1,71.0,0.389,182.51928020565552
787687496786903040,1777976125000-632578958264631296-787687496786903040,1777976125000,1777981732000,1,70.911,21.285,3.3315010570824524
1476549765217910784,1777940584000-632578958264631296-1476549765217910784,1777940584000,1777947219000,1,70.906,29.5,2.4035932203389834
1067775974323519488,1777994875000-632578958264631296-1067775974323519488,1777994875000,1778001713000,1,70.877,17.336,4.088428703276419
1468940686052032512,1777955465000-632578958264631296-1468940686052032512,1777955465000,1777961641000,1,70.778,19.001,3.724961844113468
1082303861131051008,1777954925000-632578958264631296-1082303861131051008,1777954925000,1777961660000,1,70.565,23.152,3.047900829302004
787687496786903040,1777947593000-632578958264631296-787687496786903040,1777947593000,1777954244000,1,70.5,28.869,2.4420658838200144
1545823503347875840,1777961916000-632578958264631296-1545823503347875840,1777961916000,1777967748000,1,70.352,24.989,2.8153187402457083
1046442314819436544,1777973719000-632578958264631296-1046442314819436544,1777973719000,1777979793000,1,70.045,14.628,4.7884194695105275
1389244082743672832,1777962389000-632578958264631296-1389244082743672832,1777962389000,1777963035000,1,70.0,0.256,273.4375
1082303861131051008,1777947209000-632578958264631296-1082303861131051008,1777947209000,1777953704000,1,69.86,19.738,3.5393656905461546
784445514740400128,1777940469000-632578958264631296-784445514740400128,1777940469000,1777945530000,1,69.836,22.54,3.0983141082519965
876149191938670592,1777981393000-632578958264631296-876149191938670592,1777981393000,1777988131000,1,69.657,19.777,3.5221216564696363
1462138214197231616,1777981382000-632578958264631296-1462138214197231616,1777981382000,1777987779000,1,69.61,19.407,3.5868501056319886
862693652038680576,1777943963000-632578958264631296-862693652038680576,1777943963000,1777949364000,1,69.531,26.371,2.6366463160289717
1045646687990710272,1777970324000-632578958264631296-1045646687990710272,1777970324000,1777976453000,1,69.528,27.353,2.541878404562571
1500136074981146624,1777941698000-632578958264631296-1500136074981146624,1777941698000,1777947689000,1,69.504,20.768,3.346687211093991
1211786303754993664,1777974263000-632578958264631296-1211786303754993664,1777974263000,1777980270000,1,69.262,24.663,2.808336374325913
946034884164452352,1777952344000-632578958264631296-946034884164452352,1777952344000,1777958861000,1,69.236,23.195,2.9849536538046992
1067765061260410880,1777916059000-632578958264631296-1067765061260410880,1777916059000,1777926824000,1,69.031,35.544,1.9421280666216523
873897783357079552,1777958964000-632578958264631296-873897783357079552,1777958964000,1777965574000,1,69.011,19.412,3.5550690294663094
1477629723302428672,1777950680000-632578958264631296-1477629723302428672,1777950680000,1777956769000,1,69.0,26.0,2.6538461538461537
939140294748667904,1777924520000-632578958264631296-939140294748667904,1777924520000,1777924693000,1,69.0,0.106,650.9433962264151
1536022277991170048,1777966824000-632578958264631296-1536022277991170048,1777966824000,1777972322000,1,68.761,16.968,4.052392739273927
1050036987500691456,1777975241000-632578958264631296-1050036987500691456,1777975241000,1777983647000,1,68.608,28.202,2.4327352670023403
1536014609964597248,1777945189000-632578958264631296-1536014609964597248,1777945189000,1777951157000,1,68.544,15.041,4.557143806927731
940983317312831488,1777992342000-632578958264631296-940983317312831488,1777992342000,1777999034000,1,68.537,24.864,2.7564752252252256
1168836102002311168,1777989953000-632578958264631296-1168836102002311168,1777989953000,1777998161000,1,68.524,22.233,3.0820851886834886
944587945103327232,1777938283000-632578958264631296-944587945103327232,1777938283000,1777944223000,1,68.411,13.436,5.091619529621911
870568761881526272,1777953629000-632578958264631296-870568761881526272,1777953629000,1777959635000,1,68.331,25.164,2.7154268001907487
951563481520275456,1777976137000-632578958264631296-951563481520275456,1777976137000,1777982617000,1,68.308,20.882,3.2711426108610286
1131239476161413120,1777976030000-632578958264631296-1131239476161413120,1777976030000,1777984249000,1,68.305,36.909,1.8506326370261998
1536427445069021184,1777927606000-632578958264631296-1536427445069021184,1777927606000,1777928186000,1,68.0,0.306,222.22222222222223
943856131652976640,1777942534000-632578958264631296-943856131652976640,1777942534000,1777943643000,1,68.0,0.486,139.91769547325103
1045015172411817984,1777993931000-632578958264631296-1045015172411817984,1777993931000,1778000439000,1,67.967,26.16,2.5981269113149845
1060872975626010624,1778003816000-632578958264631296-1060872975626010624,1778003816000,1778015873000,1,67.828,31.811,2.1322184150136745
1079095785133441024,1777937804000-632578958264631296-1079095785133441024,1777937804000,1777943830000,1,67.807,31.373,2.161317056067319
847124352678756352,1777975313000-632578958264631296-847124352678756352,1777975313000,1777983240000,1,67.727,29.659,2.2835227081155804
1428031634325635072,1777961011000-632578958264631296-1428031634325635072,1777961011000,1777966976000,1,67.716,20.713,3.269251194901752
1067763553357791232,1777997836000-632578958264631296-1067763553357791232,1777997836000,1778009415000,1,67.354,19.052,3.535271887465883
1112389405491855360,1777953585000-632578958264631296-1112389405491855360,1777953585000,1777959838000,1,67.351,27.775,2.424878487848785
800026217909583872,1778004812000-632578958264631296-800026217909583872,1778004812000,1778014982000,1,67.341,23.304,2.8896755921730173
931856805720489984,1777950087000-632578958264631296-931856805720489984,1777950087000,1777957060000,1,67.317,31.608,2.1297456340167042
1286352128566099968,1777988728000-632578958264631296-1286352128566099968,1777988728000,1777996272000,1,67.174,25.802,2.6034415936749093
790970454885007360,1777982403000-632578958264631296-790970454885007360,1777982403000,1777988389000,1,67.127,12.22,5.493207855973813
1385589109656911872,1777939366000-632578958264631296-1385589109656911872,1777939366000,1777946424000,1,67.08,25.86,2.593967517401392
847116116999274496,1777951199000-632578958264631296-847116116999274496,1777951199000,1777958606000,1,67.03,25.676,2.6106091291478424
1045015172411817984,1777984749000-632578958264631296-1045015172411817984,1777984749000,1777991752000,1,67.028,30.996,2.162472577106724
1067775063052255232,1777987657000-632578958264631296-1067775063052255232,1777987657000,1777987961000,1,67.0,0.134,499.99999999999994
1148896718033518592,1777976853000-632578958264631296-1148896718033518592,1777976853000,1777977104000,1,67.0,0.177,378.5310734463277
882591537697914880,1777976774000-632578958264631296-882591537697914880,1777976774000,1777977437000,1,67.0,0.337,198.81305637982194
943818030159233024,1777952880000-632578958264631296-943818030159233024,1777952880000,1777953181000,1,67.0,0.107,626.1682242990654
935627425390264320,1777970101000-632578958264631296-935627425390264320,1777970101000,1777978489000,1,66.979,16.057,4.171327147038675
869905949161160704,1777958503000-632578958264631296-869905949161160704,1777958503000,1777963859000,1,66.902,20.597,3.2481429334369083
1501933614227521536,1777992652000-632578958264631296-1501933614227521536,1777992652000,1778000903000,1,66.845,22.67,2.9486104984561092
940988876032311296,1777965337000-632578958264631296-940988876032311296,1777965337000,1777971963000,1,66.839,13.927,4.799238888489984
821719550704746496,1777939317000-632578958264631296-821719550704746496,1777939317000,1777944430000,1,66.658,12.541,5.315206123913564
1406229042385911808,1777963475000-632578958264631296-1406229042385911808,1777963475000,1777970586000,1,66.61,13.044,5.1065624041705
1422205727123963904,1777963379000-632578958264631296-1422205727123963904,1777963379000,1777969844000,1,66.552,12.455,5.343396226415095
1083727289243402240,1777946200000-632578958264631296-1083727289243402240,1777946200000,1777951898000,1,66.532,19.967,3.3320979616367006
1067772524470730752,1777987222000-632578958264631296-1067772524470730752,1777987222000,1777993480000,1,66.398,14.509,4.576331931904335
1140670395897085952,1777915199000-632578958264631296-1140670395897085952,1777915199000,1777921504000,1,66.359,12.456,5.32747270391779
877447567619653632,1777958614000-632578958264631296-877447567619653632,1777958614000,1777964008000,1,66.358,21.512,3.084696913350688
1454186236603269120,1777981518000-632578958264631296-1454186236603269120,1777981518000,1777988207000,1,66.318,19.392,3.4198638613861387
940981890892955648,1777960814000-632578958264631296-940981890892955648,1777960814000,1777966850000,1,66.084,24.228,2.7275879148093116
1073277847704961024,1777971717000-632578958264631296-1073277847704961024,1777971717000,1777971828000,1,66.0,0.046,1434.7826086956522
997896292355014656,1777974651000-632578958264631296-997896292355014656,1777974651000,1777980739000,1,65.933,19.136,3.445495401337793
1083729038846984192,1777974883000-632578958264631296-1083729038846984192,1777974883000,1777980921000,1,65.916,21.954,3.002459688439464
1486716779844599808,1777964396000-632578958264631296-1486716779844599808,1777964396000,1777970411000,1,65.784,23.911,2.7512023754757227
873900831743672320,1777953105000-632578958264631296-873900831743672320,1777953105000,1777961022000,1,65.689,23.967,2.74081028080277
1083727144086929408,1777966840000-632578958264631296-1083727144086929408,1777966840000,1777973242000,1,65.67,19.219,3.416931161871065
1181865650805538816,1777942262000-632578958264631296-1181865650805538816,1777942262000,1777948468000,1,65.641,22.169,2.960936442780459
1535704124731949056,1777953318000-632578958264631296-1535704124731949056,1777953318000,1777958689000,1,65.582,20.134,3.257276249130823
1396881232180019200,1777967040000-632578958264631296-1396881232180019200,1777967040000,1777973706000,1,65.531,18.8,3.4856914893617024
943458912718290944,1777967356000-632578958264631296-943458912718290944,1777967356000,1777973147000,1,65.5,13.002,5.0376865097677275
1183367596062277632,1777961137000-632578958264631296-1183367596062277632,1777961137000,1777967828000,1,65.351,17.716,3.6888123729961615
798236529196531712,1777970409000-632578958264631296-798236529196531712,1777970409000,1777975886000,1,65.294,24.857,2.626785211409261
1471148657502846976,1777961110000-632578958264631296-1471148657502846976,1777961110000,1777967783000,1,65.263,18.135,3.598731734215605
1083726423769743360,1777918666000-632578958264631296-1083726423769743360,1777918666000,1777927467000,1,65.246,19.0,3.4339999999999997
1094956363722784768,1777961179000-632578958264631296-1094956363722784768,1777961179000,1777967785000,1,65.183,17.148,3.801201306274785
873101078441230336,1777971291000-632578958264631296-873101078441230336,1777971291000,1777976564000,1,65.035,19.647,3.310174581361022
1050036509840769024,1777988672000-632578958264631296-1050036509840769024,1777988672000,1777988965000,1,65.0,0.284,228.87323943661974
971379691866816512,1777997807000-632578958264631296-971379691866816512,1777997807000,1777997970000,1,65.0,0.105,619.047619047619
857602255610707968,1777950961000-632578958264631296-857602255610707968,1777950961000,1777955803000,1,64.949,16.82,3.8614149821640904
1345798361172672512,1777971201000-632578958264631296-1345798361172672512,1777971201000,1777976751000,1,64.944,22.913,2.8343734997599617
862677558196436992,1777961748000-632578958264631296-862677558196436992,1777961748000,1777966800000,1,64.92,18.445,3.5196530224993223
1080454515951403008,1777927575000-632578958264631296-1080454515951403008,1777927575000,1777936357000,1,64.694,24.501,2.6404636545447127
1101524127430213632,1777971549000-632578958264631296-1101524127430213632,1777971549000,1777978373000,1,64.558,29.318,2.2019919503376766
932302785804763136,1777942359000-632578958264631296-932302785804763136,1777942359000,1777947734000,1,64.369,10.785,5.9683820120537785
1083727517765861376,1777987528000-632578958264631296-1083727517765861376,1777987528000,1777994731000,1,64.318,23.742,2.7090388341336027
938815830156640256,1777981604000-632578958264631296-938815830156640256,1777981604000,1777989051000,1,64.222,27.312,2.351420620972466
1286311379313098752,1777982506000-632578958264631296-1286311379313098752,1777982506000,1777987153000,1,64.22,18.07,3.5539568345323738
1083726476706054144,1778002000000-632578958264631296-1083726476706054144,1778002000000,1778002185000,1,64.0,0.15,426.6666666666667
1067776270814674944,1777930060000-632578958264631296-1067776270814674944,1777930060000,1777939038000,1,63.916,26.439,2.4174893150270433
1396881508228136960,1777956305000-632578958264631296-1396881508228136960,1777956305000,1777962686000,1,63.855,20.138,3.1708709901678414
1142833661045899264,1777960607000-632578958264631296-1142833661045899264,1777960607000,1777967779000,1,63.847,30.236,2.1116219076597433
1093088075828953088,1777984940000-632578958264631296-1093088075828953088,1777984940000,1777992647000,1,63.76,23.064,2.7644814429413804
942436996423352320,1777996810000-632578958264631296-942436996423352320,1777996810000,1778003075000,1,63.721,19.69,3.2362112747587606
1067764977248501760,1777956073000-632578958264631296-1067764977248501760,1777956073000,1777963555000,1,63.719,26.352,2.4179948391013966
1132636843020386304,1777954821000-632578958264631296-1132636843020386304,1777954821000,1777963847000,1,63.71,26.22,2.429824561403509
1138167953473142784,1777981801000-632578958264631296-1138167953473142784,1777981801000,1777988096000,1,63.677,26.55,2.3983804143126175
1175796546902425600,1777941032000-632578958264631296-1175796546902425600,1777941032000,1777947018000,1,63.53,22.443,2.8307267299380654
946032744595456000,1777984399000-632578958264631296-946032744595456000,1777984399000,1777989983000,1,63.473,19.871,3.194252931407579
1176184196838719488,1777988134000-632578958264631296-1176184196838719488,1777988134000,1777994442000,1,63.373,12.869,4.924469655761908
1083727289243402240,1777939041000-632578958264631296-1083727289243402240,1777939041000,1777945248000,1,63.189,23.27,2.7154705629565967
1060872975626010624,1777938061000-632578958264631296-1060872975626010624,1777938061000,1777946150000,1,63.071,34.564,1.8247598657562782
1468940686052032512,1777984273000-632578958264631296-1468940686052032512,1777984273000,1777990367000,1,63.065,17.251,3.6557301026027473
1545824482457812992,1777981255000-632578958264631296-1545824482457812992,1777981255000,1777987093000,1,63.052,30.812,2.0463455796442944
1067771070980816896,1777980229000-632578958264631296-1067771070980816896,1777980229000,1777980503000,1,63.0,0.055,1145.4545454545455
780109531760820224,1777992536000-632578958264631296-780109531760820224,1777992536000,1777998396000,1,62.939,15.309,4.111241753217062
1540361729291059200,1777981665000-632578958264631296-1540361729291059200,1777981665000,1777988257000,1,62.888,20.034,3.139063591893781
1067765247101632512,1777985690000-632578958264631296-1067765247101632512,1777985690000,1777991397000,1,62.638,15.631,4.007293199411426
971379691866816512,1777936836000-632578958264631296-971379691866816512,1777936836000,1777943267000,1,62.631,28.554,2.193422988022694
1134877765846171648,1777986666000-632578958264631296-1134877765846171648,1777986666000,1777991956000,1,62.561,22.232,2.814006836991724
870286624469024768,1777956763000-632578958264631296-870286624469024768,1777956763000,1777962099000,1,62.561,16.221,3.8567905801122
1132636252537880576,1777973053000-632578958264631296-1132636252537880576,1777973053000,1777978259000,1,62.557,14.689,4.258765062291511
1396880990281924608,1777986658000-632578958264631296-1396880990281924608,1777986658000,1777992250000,1,62.551,22.473,2.7833845058514664
1298646515224412160,1778005537000-632578958264631296-1298646515224412160,1778005537000,1778014159000,1,62.469,30.845,2.025255308802075
1103352309556969472,1777969252000-632578958264631296-1103352309556969472,1777969252000,1777975228000,1,62.336,29.966,2.0802242541547087
1132635162635403264,1777948552000-632578958264631296-1132635162635403264,1777948552000,1777956148000,1,62.273,25.264,2.4648907536415456
944591832124227584,1777991705000-632578958264631296-944591832124227584,1777991705000,1777996984000,1,62.242,16.091,3.868125038841588
1050037109068398592,1777984429000-632578958264631296-1050037109068398592,1777984429000,1777989577000,1,62.204,11.549,5.386094034115508
938815830156640256,1777946019000-632578958264631296-938815830156640256,1777946019000,1777953983000,1,62.2,29.232,2.1278051450465245
1536014625517076480,1777995409000-632578958264631296-1536014625517076480,1777995409000,1777995578000,1,62.0,0.084,738.0952380952381
1535695002116554752,1777952048000-632578958264631296-1535695002116554752,1777952048000,1777957960000,1,61.933,20.391,3.0372713452013147
942436996423352320,1777977995000-632578958264631296-942436996423352320,1777977995000,1777983749000,1,61.868,19.202,3.2219560462451824
1120316721542987776,1777943595000-632578958264631296-1120316721542987776,1777943595000,1777949554000,1,61.799,21.942,2.8164706954698753
1067765247101632512,1777978046000-632578958264631296-1067765247101632512,1777978046000,1777983515000,1,61.772,14.415,4.285258411377038
1385588816730914816,1777978439000-632578958264631296-1385588816730914816,1777978439000,1777984485000,1,61.73,23.429,2.6347688761790944
1067764977248501760,1777983023000-632578958264631296-1067764977248501760,1777983023000,1777988241000,1,61.714,19.0,3.248105263157895
1168836102002311168,1777953843000-632578958264631296-1168836102002311168,1777953843000,1777959347000,1,61.709,18.175,3.3952682255845943
1083726613264203776,1777956815000-632578958264631296-1083726613264203776,1777956815000,1777963084000,1,61.628,12.556,4.90825103536158
1103352309556969472,1777987605000-632578958264631296-1103352309556969472,1777987605000,1777993519000,1,61.609,21.844,2.820408350119026
862693652038680576,1777951369000-632578958264631296-862693652038680576,1777951369000,1777956904000,1,61.531,14.97,4.110287241148964
1067764685513687040,1778004675000-632578958264631296-1067764685513687040,1778004675000,1778013483000,1,61.517,25.5,2.41243137254902
951559578305167360,1777945934000-632578958264631296-951559578305167360,1777945934000,1777951675000,1,61.424,16.735,3.6703913952793545
1505916014645215232,1778002056000-632578958264631296-1505916014645215232,1778002056000,1778007221000,1,61.336,20.388,3.0084363350990775
1083726887294861312,1777976080000-632578958264631296-1083726887294861312,1777976080000,1777976337000,1,61.0,0.388,157.2164948453608
1047649870816477184,1777960966000-632578958264631296-1047649870816477184,1777960966000,1777966347000,1,60.946,18.052,3.376135608242854
1135630948969218048,1777936794000-632578958264631296-1135630948969218048,1777936794000,1777942626000,1,60.716,29.522,2.0566357292866337
877447567619653632,1777976749000-632578958264631296-877447567619653632,1777976749000,1777982750000,1,60.703,21.985,2.7611098476233797
869905949161160704,1777976762000-632578958264631296-869905949161160704,1777976762000,1777982661000,1,60.683,20.828,2.9135298636450933
1075729411988258816,1777987249000-632578958264631296-1075729411988258816,1777987249000,1777992836000,1,60.677,6.224,9.74887532133676
939546576563470336,1777937135000-632578958264631296-939546576563470336,1777937135000,1777944289000,1,60.512,31.834,1.900860714958849
1464260641047969792,1777962007000-632578958264631296-1464260641047969792,1777962007000,1777967323000,1,60.452,19.798,3.053439741388019
1462138501628690432,1777960783000-632578958264631296-1462138501628690432,1777960783000,1777966204000,1,60.405,19.279,3.133201929560662
1083016936570224640,1777926523000-632578958264631296-1083016936570224640,1777926523000,1777933275000,1,60.352,25.157,2.3990141908812657
935627425390264320,1777983719000-632578958264631296-935627425390264320,1777983719000,1777990183000,1,60.26,12.185,4.945424702503077
1079796452147855360,1777937226000-632578958264631296-1079796452147855360,1777937226000,1777942596000,1,60.233,19.331,3.115876054006518
1184409623537385472,1777937032000-632578958264631296-1184409623537385472,1777937032000,1777942482000,1,60.202,16.846,3.5736673394277574
1088511709141794816,1777986088000-632578958264631296-1088511709141794816,1777986088000,1777992431000,1,60.174,30.52,1.9716251638269986
1079796452147855360,1777956136000-632578958264631296-1079796452147855360,1777956136000,1777962567000,1,60.133,22.309,2.6954592317002106
1083729116835872768,1777957159000-632578958264631296-1083729116835872768,1777957159000,1777965364000,1,60.132,13.637,4.409474224536188
1132635162635403264,1777940266000-632578958264631296-1132635162635403264,1777940266000,1777946671000,1,60.125,22.394,2.6848709475752437
788429534713085952,1777954321000-632578958264631296-788429534713085952,1777954321000,1777954470000,1,60.0,0.116,517.2413793103448
1067774753596506112,1777958901000-632578958264631296-1067774753596506112,1777958901000,1777964038000,1,59.896,12.362,4.845170684355282
946027472992862208,1777938966000-632578958264631296-946027472992862208,1777938966000,1777945602000,1,59.848,23.348,2.563303066643824
939546576563470336,1777988222000-632578958264631296-939546576563470336,1777988222000,1777993446000,1,59.745,23.681,2.522908660951818
939546576563470336,1777981039000-632578958264631296-939546576563470336,1777981039000,1777986348000,1,59.646,20.649,2.8885660322533777
1536014589357981696,1777986656000-632578958264631296-1536014589357981696,1777986656000,1777991842000,1,59.471,12.444,4.779090324654451
939141093658722304,1777947287000-632578958264631296-939141093658722304,1777947287000,1777951793000,1,59.356,11.637,5.100627309444015
1047649870816477184,1777955825000-632578958264631296-1047649870816477184,1777955825000,1777960961000,1,59.168,20.702,2.8580813447976037
1094956363722784768,1777953090000-632578958264631296-1094956363722784768,1777953090000,1777958608000,1,59.065,15.822,3.7330931614208067
1491416395517263872,1777967515000-632578958264631296-1491416395517263872,1777967515000,1777973480000,1,59.057,18.228,3.2399056396752246
862677666426257408,1777915104000-632578958264631296-862677666426257408,1777915104000,1777924297000,1,59.012,24.57,2.401790801790802
1464283595349688320,1777999263000-632578958264631296-1464283595349688320,1777999263000,1777999479000,1,59.0,0.095,621.0526315789474
1479447378401427456,1777975182000-632578958264631296-1479447378401427456,1777975182000,1777976173000,1,59.0,0.414,142.512077294686
916722872880201728,1777981419000-632578958264631296-916722872880201728,1777981419000,1777981648000,1,59.0,0.119,495.7983193277311
944590362620461056,1777987593000-632578958264631296-944590362620461056,1777987593000,1777987732000,1,59.0,0.046,1282.608695652174
966356141711818752,1777944994000-632578958264631296-966356141711818752,1777944994000,1777945269000,1,59.0,0.277,212.99638989169674
1385588586753032192,1777948624000-632578958264631296-1385588586753032192,1777948624000,1777953351000,1,58.99,11.742,5.02384602282405
1471148657502846976,1777953083000-632578958264631296-1471148657502846976,1777953083000,1777958548000,1,58.982,17.15,3.439183673469388
1422205318414204928,1777953063000-632578958264631296-1422205318414204928,1777953063000,1777958559000,1,58.94,17.551,3.3582132072246598
966383863687282688,1777954844000-632578958264631296-966383863687282688,1777954844000,1777959317000,1,58.924,16.438,3.5846210001216696
1131239476161413120,1777941747000-632578958264631296-1131239476161413120,1777941747000,1777948204000,1,58.92,16.952,3.475696083058046
1132636252537880576,1777946435000-632578958264631296-1132636252537880576,1777946435000,1777952524000,1,58.884,13.839,4.254931714719271
790193276584984576,1777985594000-632578958264631296-790193276584984576,1777985594000,1777990537000,1,58.854,9.805,6.002447730749617
873568577507033088,1777985605000-632578958264631296-873568577507033088,1777985605000,1777990575000,1,58.833,9.971,5.900411192458129
1464269416886697984,1777985043000-632578958264631296-1464269416886697984,1777985043000,1777992938000,1,58.758,24.577,2.390771859868983
940981890892955648,1777937015000-632578958264631296-940981890892955648,1777937015000,1777942873000,1,58.737,21.593,2.7201870976705416
1501933614227521536,1777979506000-632578958264631296-1501933614227521536,1777979506000,1777985214000,1,58.57,27.473,2.131911331125105
938815830156640256,1777956453000-632578958264631296-938815830156640256,1777956453000,1777965602000,1,58.55,32.089,1.8246127956620648
873101078441230336,1777979388000-632578958264631296-873101078441230336,1777979388000,1777985194000,1,58.499,23.416,2.4982490604714727
1389244302743306240,1777983503000-632578958264631296-1389244302743306240,1777983503000,1777989284000,1,58.466,15.128,3.8647540983606556
1050036987500691456,1777939574000-632578958264631296-1050036987500691456,1777939574000,1777946530000,1,58.424,33.376,1.7504793863854267
1103352309556969472,1777982192000-632578958264631296-1103352309556969472,1777982192000,1777986906000,1,58.218,15.374,3.7867828801873293
929707161364201472,1777977580000-632578958264631296-929707161364201472,1777977580000,1777982756000,1,58.155,24.295,2.3937024079028606
946033560920260608,1777954270000-632578958264631296-946033560920260608,1777954270000,1777959810000,1,58.117,18.575,3.1287752355316285
1097510484225032192,1777942627000-632578958264631296-1097510484225032192,1777942627000,1777948135000,1,58.099,14.094,4.122250603093515
931856805720489984,1777957065000-632578958264631296-931856805720489984,1777957065000,1777963365000,1,58.069,24.869,2.33499537576903
1083726345994764288,1777970080000-632578958264631296-1083726345994764288,1777970080000,1777976089000,1,58.001,23.247,2.4949886006796573
1140670395897085952,1777947776000-632578958264631296-1140670395897085952,1777947776000,1777948078000,1,58.0,0.254,228.3464566929134
1389244302743306240,1777946986000-632578958264631296-1389244302743306240,1777946986000,1777952007000,1,57.98,15.213,3.8112140932097547
800734942576246784,1777947348000-632578958264631296-800734942576246784,1777947348000,1777953272000,1,57.795,11.508,5.022158498435871
1385589109656911872,1777946950000-632578958264631296-1385589109656911872,1777946950000,1777952177000,1,57.671,24.332,2.370170968272234
847116116999274496,1777964780000-632578958264631296-847116116999274496,1777964780000,1777973603000,1,57.61,26.577,2.1676637694246903
1064532839803912192,1777945952000-632578958264631296-1064532839803912192,1777945952000,1777950593000,1,57.563,19.94,2.8868104312938816
1184409623537385472,1777985048000-632578958264631296-1184409623537385472,1777985048000,1777990624000,1,57.561,16.242,3.5439601034355372
1501933902321680384,1777944599000-632578958264631296-1501933902321680384,1777944599000,1777950681000,1,57.515,22.694,2.5343703181457657
836966844580495360,1777944286000-632578958264631296-836966844580495360,1777944286000,1777949678000,1,57.5,19.28,2.9823651452282154
946033560920260608,1777939636000-632578958264631296-946033560920260608,1777939636000,1777946070000,1,57.458,22.174,2.5912329755569585
847124352678756352,1777939374000-632578958264631296-847124352678756352,1777939374000,1777946170000,1,57.418,35.761,1.6056038701378594
1050035941135089664,1777955424000-632578958264631296-1050035941135089664,1777955424000,1777961338000,1,57.385,23.785,2.4126550346857263
940245549137788928,1777951341000-632578958264631296-940245549137788928,1777951341000,1777957332000,1,57.382,17.289,3.318988952513158
873201356771426304,1777971892000-632578958264631296-873201356771426304,1777971892000,1777977575000,1,57.333,16.271,3.5236309999385407
1050037424450699264,1777971895000-632578958264631296-1050037424450699264,1777971895000,1777977573000,1,57.312,17.656,3.2460353420933394
1462138214197231616,1777939328000-632578958264631296-1462138214197231616,1777939328000,1777944116000,1,57.275,16.758,3.4177706170187374
876149191938670592,1777938876000-632578958264631296-876149191938670592,1777938876000,1777944052000,1,57.245,16.94,3.3792798110979927
1067775974323519488,1777986909000-632578958264631296-1067775974323519488,1777986909000,1777992900000,1,57.214,11.987,4.773004087761742
1094955908762435584,1777938352000-632578958264631296-1094955908762435584,1777938352000,1777946569000,1,57.11,20.179,2.8301699786907184
1067776270814674944,1777965953000-632578958264631296-1067776270814674944,1777965953000,1777971954000,1,57.032,11.659,4.891671669954541
1065321017443876864,1777983543000-632578958264631296-1065321017443876864,1777983543000,1777983748000,1,57.0,0.039,1461.5384615384614
1083726887294861312,1777966646000-632578958264631296-1083726887294861312,1777966646000,1777966927000,1,57.0,0.288,197.91666666666669
1113484110199783424,1777990743000-632578958264631296-1113484110199783424,1777990743000,1777991069000,1,57.0,0.174,327.58620689655174
1501934002158698496,1777968416000-632578958264631296-1501934002158698496,1777968416000,1777973080000,1,56.913,15.118,3.764585262600873
1176184196838719488,1777967855000-632578958264631296-1176184196838719488,1777967855000,1777973100000,1,56.878,12.146,4.682858554256545
1023491297677148160,1777962494000-632578958264631296-1023491297677148160,1777962494000,1777967751000,1,56.843,16.928,3.3579276937618148
1441118393376702464,1777968450000-632578958264631296-1441118393376702464,1777968450000,1777973396000,1,56.814,16.033,3.543566394311732
944574346884546560,1777982943000-632578958264631296-944574346884546560,1777982943000,1777988508000,1,56.813,11.52,4.931684027777778
780451764301201408,1777970560000-632578958264631296-780451764301201408,1777970560000,1777975650000,1,56.573,16.392,3.451256710590532
1501933902321680384,1777951044000-632578958264631296-1501933902321680384,1777951044000,1777956765000,1,56.561,21.024,2.690306316590563
997896292355014656,1777954405000-632578958264631296-997896292355014656,1777954405000,1777960862000,1,56.529,20.052,2.819120287253142
1083729038846984192,1777954594000-632578958264631296-1083729038846984192,1777954594000,1777961224000,1,56.521,22.67,2.493206881340979
916722872880201728,1777953417000-632578958264631296-916722872880201728,1777953417000,1777958875000,1,56.464,17.083,3.305274249253644
877447467317067776,1777946898000-632578958264631296-877447467317067776,1777946898000,1777951295000,1,56.388,8.491,6.640913908844659
1536014609964597248,1777982730000-632578958264631296-1536014609964597248,1777982730000,1777989278000,1,56.339,22.883,2.462046060394179
951563481520275456,1777963918000-632578958264631296-951563481520275456,1777963918000,1777969975000,1,56.27,17.699,3.1792756652918244
1168836102002311168,1777973400000-632578958264631296-1168836102002311168,1777973400000,1777979309000,1,56.269,19.685,2.858470916941834
1536014618822967296,1777976751000-632578958264631296-1536014618822967296,1777976751000,1777983815000,1,56.24,12.494,4.501360653113495
798991075485155328,1777936882000-632578958264631296-798991075485155328,1777936882000,1777941517000,1,56.181,10.33,5.4386253630203285
1067764977248501760,1777991188000-632578958264631296-1067764977248501760,1777991188000,1777996411000,1,56.152,22.622,2.4821854831579877
1464286677953413120,1777951849000-632578958264631296-1464286677953413120,1777951849000,1777956736000,1,56.034,18.401,3.0451605890984186
1536014535985463296,1778002894000-632578958264631296-1536014535985463296,1778002894000,1778008080000,1,56.026,20.503,2.73257572062625
1083727986517082112,1778002842000-632578958264631296-1083727986517082112,1778002842000,1778008122000,1,56.018,22.756,2.4616804359289857
1209168031477923840,1777953801000-632578958264631296-1209168031477923840,1777953801000,1777953963000,1,56.0,0.048,1166.6666666666667
787000328028422144,1777943391000-632578958264631296-787000328028422144,1777943391000,1777943596000,1,56.0,0.163,343.55828220858893
780444155561115648,1777941325000-632578958264631296-780444155561115648,1777941325000,1777947132000,1,55.803,9.438,5.912587412587412
938499921487593472,1777995817000-632578958264631296-938499921487593472,1777995817000,1778002950000,1,55.796,26.873,2.0762847467718526
1406586435233906688,1777954936000-632578958264631296-1406586435233906688,1777954936000,1777960443000,1,55.776,18.323,3.04404300605796
1405177997576634368,1777973710000-632578958264631296-1405177997576634368,1777973710000,1777979612000,1,55.326,20.585,2.6876852076754916
1120316721542987776,1777949559000-632578958264631296-1120316721542987776,1777949559000,1777954218000,1,55.158,16.105,3.424899099658491
1464269416886697984,1777979651000-632578958264631296-1464269416886697984,1777979651000,1777984886000,1,55.023,20.0,2.75115
1067763553357791232,1777945139000-632578958264631296-1067763553357791232,1777945139000,1777945405000,1,55.0,0.297,185.1851851851852
1389244082743672832,1777959627000-632578958264631296-1389244082743672832,1777959627000,1777959868000,1,55.0,0.042,1309.5238095238094
916722872880201728,1777965038000-632578958264631296-916722872880201728,1777965038000,1777965164000,1,55.0,0.114,482.45614035087715
1486716779844599808,1777990067000-632578958264631296-1486716779844599808,1777990067000,1777994894000,1,54.993,17.207,3.1959667577148836
939140294748667904,1777957939000-632578958264631296-939140294748667904,1777957939000,1777962841000,1,54.983,23.859,2.304497254704723
1094955908762435584,1777947422000-632578958264631296-1094955908762435584,1777947422000,1777952955000,1,54.981,13.774,3.991650936547118
906488270454521856,1777955605000-632578958264631296-906488270454521856,1777955605000,1777961110000,1,54.915,12.144,4.521986166007905
1067775063052255232,1777938340000-632578958264631296-1067775063052255232,1777938340000,1777943608000,1,54.911,13.428,4.089291033661007
946032744595456000,1777966562000-632578958264631296-946032744595456000,1777966562000,1777971772000,1,54.872,18.918,2.9005180251612224
942469061864849408,1777965287000-632578958264631296-942469061864849408,1777965287000,1777970272000,1,54.76,16.584,3.3019778099372887
916722872880201728,1777958876000-632578958264631296-916722872880201728,1777958876000,1777963323000,1,54.706,12.827,4.264909955562485
939546576563470336,1777963001000-632578958264631296-939546576563470336,1777963001000,1777969333000,1,54.64,24.626,2.218793145456022
1103352309556969472,1777977023000-632578958264631296-1103352309556969472,1777977023000,1777981469000,1,54.637,17.987,3.037582698615667
1286311379313098752,1777963676000-632578958264631296-1286311379313098752,1777963676000,1777969269000,1,54.636,17.976,3.039385847797063
780059706918961152,1777948884000-632578958264631296-780059706918961152,1777948884000,1777953272000,1,54.57,9.393,5.8096454806771
929707161364201472,1777983035000-632578958264631296-929707161364201472,1777983035000,1777990149000,1,54.53,28.067,1.942851035023337
1083726613264203776,1777949626000-632578958264631296-1083726613264203776,1777949626000,1777955143000,1,54.37,10.025,5.423441396508728
1536022277991170048,1777995124000-632578958264631296-1536022277991170048,1777995124000,1777999916000,1,54.262,11.897,4.56098176010759
1067776196789403648,1777983257000-632578958264631296-1067776196789403648,1777983257000,1777987655000,1,54.157,11.771,4.600883527312887
1362452416535986176,1777950675000-632578958264631296-1362452416535986176,1777950675000,1777955450000,1,54.102,21.973,2.4622036135256904
946030864989421568,1777964813000-632578958264631296-946030864989421568,1777964813000,1777970605000,1,54.087,10.322,5.239972873474134
939547018001383424,1777973384000-632578958264631296-939547018001383424,1777973384000,1777978550000,1,54.067,14.44,3.744252077562327
1073966174624022528,1778003781000-632578958264631296-1073966174624022528,1778003781000,1778008808000,1,54.002,9.897,5.4564009295746185
1157003119578578944,1777966993000-632578958264631296-1157003119578578944,1777966993000,1777967377000,1,54.0,0.121,446.2809917355372
866648852977942528,1777949236000-632578958264631296-866648852977942528,1777949236000,1777949502000,1,54.0,0.288,187.5
1152270574152581120,1777963737000-632578958264631296-1152270574152581120,1777963737000,1777969311000,1,53.992,16.588,3.254883047986496
1362452416535986176,1777979116000-632578958264631296-1362452416535986176,1777979116000,1777984239000,1,53.908,18.483,2.916626088838392
1050037424450699264,1777952875000-632578958264631296-1050037424450699264,1777952875000,1777958755000,1,53.895,21.795,2.472814865794907
1491416395517263872,1777960069000-632578958264631296-1491416395517263872,1777960069000,1777966035000,1,53.846,15.676,3.4349323807093644
1477629723302428672,1777979103000-632578958264631296-1477629723302428672,1777979103000,1777984150000,1,53.82,18.204,2.9564930784442978
1083726789898928128,1777977538000-632578958264631296-1083726789898928128,1777977538000,1777982785000,1,53.809,19.289,2.789621027528643
1083729038846984192,1777993800000-632578958264631296-1083729038846984192,1777993800000,1777999147000,1,53.625,20.545,2.6101241177902166
1406229042385911808,1777998805000-632578958264631296-1406229042385911808,1777998805000,1778009411000,1,53.567,13.605,3.9373024623300257
1536014570613637120,1777994454000-632578958264631296-1536014570613637120,1777994454000,1777998941000,1,53.516,10.825,4.943741339491917
1500145408670695424,1777969709000-632578958264631296-1500145408670695424,1777969709000,1777974709000,1,53.5,18.412,2.905713665001086
1370798572273926144,1777948954000-632578958264631296-1370798572273926144,1777948954000,1777954213000,1,53.481,17.65,3.0300849858356944
1088511709141794816,1777976295000-632578958264631296-1088511709141794816,1777976295000,1777982568000,1,53.322,30.69,1.7374389051808408
1187437506908389376,1777982453000-632578958264631296-1187437506908389376,1777982453000,1777987596000,1,53.289,21.655,2.460817363195567
1211786303754993664,1777980906000-632578958264631296-1211786303754993664,1777980906000,1777985802000,1,53.273,18.296,2.911729339746393
860146891080335360,1777978831000-632578958264631296-860146891080335360,1777978831000,1777984096000,1,53.206,18.71,2.8437199358631746
939546576563470336,1777951837000-632578958264631296-939546576563470336,1777951837000,1777957560000,1,53.158,26.882,1.9774570344468416
1482772108667781120,1777964878000-632578958264631296-1482772108667781120,1777964878000,1777970914000,1,53.138,24.131,2.2020637354440344
1070370579279773696,1777960575000-632578958264631296-1070370579279773696,1777960575000,1777965905000,1,53.009,12.365,4.287019813991104
1083728870357598208,1777946044000-632578958264631296-1083728870357598208,1777946044000,1777946220000,1,53.0,0.108,490.74074074074076
1157003119578578944,1777961660000-632578958264631296-1157003119578578944,1777961660000,1777962044000,1,53.0,0.158,335.44303797468353
1464286677953413120,1777981957000-632578958264631296-1464286677953413120,1777981957000,1777982081000,1,53.0,0.059,898.3050847457628
1464286808345935872,1777974583000-632578958264631296-1464286808345935872,1777974583000,1777979407000,1,53.0,1.982,26.74066599394551
1046836268442320896,1777968527000-632578958264631296-1046836268442320896,1777968527000,1777973120000,1,52.971,18.483,2.8659308553806198
1050037109068398592,1777996153000-632578958264631296-1050037109068398592,1777996153000,1778001087000,1,52.891,11.202,4.721567577218353
966356141711818752,1777989421000-632578958264631296-966356141711818752,1777989421000,1777994687000,1,52.757,24.723,2.133923876552198
862677844923252736,1777999374000-632578958264631296-862677844923252736,1777999374000,1778005872000,1,52.716,12.964,4.066337550138846
1064532839803912192,1777938913000-632578958264631296-1064532839803912192,1777938913000,1777943468000,1,52.693,20.094,2.622325072160844
1094588896550846464,1777982272000-632578958264631296-1094588896550846464,1777982272000,1777987667000,1,52.616,15.898,3.3095986916593283
1138782810882965504,1777999595000-632578958264631296-1138782810882965504,1777999595000,1778004444000,1,52.505,10.164,5.165781188508461
940245549137788928,1777971347000-632578958264631296-940245549137788928,1777971347000,1777976117000,1,52.473,13.473,3.894678245379648
932612842287267840,1777946500000-632578958264631296-932612842287267840,1777946500000,1777951524000,1,52.425,14.838,3.533158107561666
1540361729291059200,1777952027000-632578958264631296-1540361729291059200,1777952027000,1777957222000,1,52.401,20.175,2.5973234200743494
786545248472924160,1777945103000-632578958264631296-786545248472924160,1777945103000,1777951516000,1,52.24,15.089,3.4621247266220427
1046836268442320896,1777981325000-632578958264631296-1046836268442320896,1777981325000,1777985648000,1,52.229,20.271,2.57653791130186
1079095785133441024,1777981295000-632578958264631296-1079095785133441024,1777981295000,1777985599000,1,52.224,23.072,2.263522884882108
784445514740400128,1777964609000-632578958264631296-784445514740400128,1777964609000,1777968444000,1,52.205,14.114,3.6988096925038967
931939397496995840,1777972291000-632578958264631296-931939397496995840,1777972291000,1777976768000,1,52.05,11.676,4.457862281603289
860146891080335360,1777949824000-632578958264631296-860146891080335360,1777949824000,1777954296000,1,52.043,17.668,2.945607878650668
1062738572429230080,1777972345000-632578958264631296-1062738572429230080,1777972345000,1777976641000,1,52.019,11.793,4.41100652929704
1083726613264203776,1777941669000-632578958264631296-1083726613264203776,1777941669000,1777941864000,1,52.0,0.231,225.1082251082251
1397607641592627200,1777934302000-632578958264631296-1397607641592627200,1777934302000,1777940842000,1,51.936,22.441,2.3143353682990955
947104748366987264,1777978400000-632578958264631296-947104748366987264,1777978400000,1777983566000,1,51.923,17.32,2.997863741339492
971379691866816512,1777987064000-632578958264631296-971379691866816512,1777987064000,1777994842000,1,51.877,12.764,4.06432152930116
1161574576161816576,1777989852000-632578958264631296-1161574576161816576,1777989852000,1777995695000,1,51.834,21.573,2.402725629258796
1488160320575766528,1777990606000-632578958264631296-1488160320575766528,1777990606000,1777995742000,1,51.833,17.354,2.9868041949982715
1131631502098956288,1777978209000-632578958264631296-1131631502098956288,1777978209000,1777984211000,1,51.791,17.742,2.9191184759328146
861290333428776960,1777971959000-632578958264631296-861290333428776960,1777971959000,1777978802000,1,51.7,23.081,2.239937611022053
1067765061260410880,1777932411000-632578958264631296-1067765061260410880,1777932411000,1777939172000,1,51.499,25.013,2.0588893775236876
1082303861131051008,1777940262000-632578958264631296-1082303861131051008,1777940262000,1777945442000,1,51.477,15.305,3.3634106501143415
1286352128566099968,1777946692000-632578958264631296-1286352128566099968,1777946692000,1777952371000,1,51.447,20.266,2.5385867956182775
1126869078934290432,1777942359000-632578958264631296-1126869078934290432,1777942359000,1777949151000,1,51.446,19.534,2.633664380055288
1023491297677148160,1777939344000-632578958264631296-1023491297677148160,1777939344000,1777946107000,1,51.431,17.277,2.976847832378306
1211786303754993664,1777987045000-632578958264631296-1211786303754993664,1777987045000,1777992090000,1,51.385,17.651,2.9111665061469605
952583803866447872,1777950819000-632578958264631296-952583803866447872,1777950819000,1777955865000,1,51.328,18.309,2.8034300071003333
1132636843020386304,1777971468000-632578958264631296-1132636843020386304,1777971468000,1777977684000,1,51.245,16.915,3.029559562518475
946030864989421568,1777984784000-632578958264631296-946030864989421568,1777984784000,1777989982000,1,51.125,10.581,4.831773934410736
870568761881526272,1777965388000-632578958264631296-870568761881526272,1777965388000,1777971300000,1,51.122,24.968,2.047500801025312
1064527564812320768,1777985844000-632578958264631296-1064527564812320768,1777985844000,1777985959000,1,51.0,0.037,1378.3783783783786
1080454515951403008,1777987835000-632578958264631296-1080454515951403008,1777987835000,1777988008000,1,51.0,0.078,653.8461538461538
1120316585941139456,1777986586000-632578958264631296-1120316585941139456,1777986586000,1777986749000,1,51.0,0.124,411.2903225806452
893821287409909760,1777974458000-632578958264631296-893821287409909760,1777974458000,1777974630000,1,51.0,0.001,51000.0
1396881232180019200,1777977307000-632578958264631296-1396881232180019200,1777977307000,1777982423000,1,50.929,19.192,2.6536577740725305
870286624469024768,1777946701000-632578958264631296-870286624469024768,1777946701000,1777952417000,1,50.846,14.222,3.575165236956827
946025653910634496,1777947443000-632578958264631296-946025653910634496,1777947443000,1777952363000,1,50.669,18.916,2.6786318460562484
936665179544879104,1777974668000-632578958264631296-936665179544879104,1777974668000,1777980358000,1,50.552,20.094,2.5157758534886034
1109445504082640896,1777968011000-632578958264631296-1109445504082640896,1777968011000,1777973037000,1,50.524,12.319,4.101306924263333
1132636843020386304,1777965620000-632578958264631296-1132636843020386304,1777965620000,1777971368000,1,50.496,15.348,3.2900703674745895
1079095785133441024,1777952952000-632578958264631296-1079095785133441024,1777952952000,1777958611000,1,50.437,29.396,1.7157776568240575
1462138758710165504,1777957437000-632578958264631296-1462138758710165504,1777957437000,1777961833000,1,50.423,10.9,4.625963302752294
860146891080335360,1777965706000-632578958264631296-860146891080335360,1777965706000,1777970346000,1,50.176,16.498,3.041338344041702
951563481520275456,1777983099000-632578958264631296-951563481520275456,1777983099000,1777990452000,1,50.102,15.996,3.132158039509877
1156948637754851328,1777962252000-632578958264631296-1156948637754851328,1777962252000,1777968782000,1,50.098,19.547,2.56295083644549
879404563604439040,1777958894000-632578958264631296-879404563604439040,1777958894000,1777959096000,1,50.0,0.138,362.3188405797101
939546232131420160,1777964501000-632578958264631296-939546232131420160,1777964501000,1777964784000,1,50.0,0.304,164.47368421052633
1046836268442320896,1777989913000-632578958264631296-1046836268442320896,1777989913000,1777995049000,1,49.921,24.271,2.0568167772238475
1362452416535986176,1777957568000-632578958264631296-1362452416535986176,1777957568000,1777962771000,1,49.893,28.155,1.7720831113478954
1079095785133441024,1777989924000-632578958264631296-1079095785133441024,1777989924000,1777994635000,1,49.837,28.738,1.734184703180458
940245549137788928,1777966277000-632578958264631296-940245549137788928,1777966277000,1777971344000,1,49.698,18.749,2.650701370739773
1067765061260410880,1777967614000-632578958264631296-1067765061260410880,1777967614000,1777972075000,1,49.668,16.712,2.971996170416467
1168836102002311168,1777966025000-632578958264631296-1168836102002311168,1777966025000,1777971125000,1,49.578,16.044,3.0901271503365746
936665179544879104,1777982491000-632578958264631296-936665179544879104,1777982491000,1777989464000,1,49.567,21.982,2.254890364843963
862693652038680576,1777968392000-632578958264631296-862693652038680576,1777968392000,1777972399000,1,49.556,13.513,3.667283356767557
1536022277991170048,1777991237000-632578958264631296-1536022277991170048,1777991237000,1777995100000,1,49.403,9.515,5.192117708880714
951559578305167360,1777953110000-632578958264631296-951559578305167360,1777953110000,1777957174000,1,49.385,14.407,3.4278475740959253
1464260641047969792,1777956041000-632578958264631296-1464260641047969792,1777956041000,1777960198000,1,49.366,13.759,3.5879060978268766
1454186236603269120,1777993300000-632578958264631296-1454186236603269120,1777993300000,1777998145000,1,49.353,12.553,3.9315701425953953
944574346884546560,1777989554000-632578958264631296-944574346884546560,1777989554000,1777994636000,1,49.316,9.765,5.050281618023553
1370798572273926144,1777942725000-632578958264631296-1370798572273926144,1777942725000,1777947409000,1,49.185,17.74,2.772547914317926
971379691866816512,1777951934000-632578958264631296-971379691866816512,1777951934000,1777957937000,1,49.16,20.833,2.3597177554840876
1094956363722784768,1777935430000-632578958264631296-1094956363722784768,1777935430000,1777940018000,1,49.092,12.152,4.03982883475971
1127222273418199040,1777952093000-632578958264631296-1127222273418199040,1777952093000,1777957190000,1,49.008,18.631,2.6304546186463424
1462138501628690432,1777941571000-632578958264631296-1462138501628690432,1777941571000,1777947034000,1,49.007,16.354,2.9966369084016145
1157003119578578944,1777966315000-632578958264631296-1157003119578578944,1777966315000,1777966796000,1,49.0,0.15,326.6666666666667
1268615233111326720,1777947788000-632578958264631296-1268615233111326720,1777947788000,1777948132000,1,49.0,0.439,111.61731207289294
787000328028422144,1777941018000-632578958264631296-787000328028422144,1777941018000,1777941791000,1,49.0,0.575,85.21739130434783
862693652038680576,1777983759000-632578958264631296-862693652038680576,1777983759000,1777983975000,1,49.0,0.16,306.25
869918310366445568,1777957162000-632578958264631296-869918310366445568,1777957162000,1777957483000,1,49.0,0.277,176.89530685920576
966356141711818752,1777964957000-632578958264631296-966356141711818752,1777964957000,1777965119000,1,49.0,0.091,538.4615384615385
1370798572273926144,1777998278000-632578958264631296-1370798572273926144,1777998278000,1778004347000,1,48.908,10.014,4.883962452566408
873201356771426304,1777947359000-632578958264631296-873201356771426304,1777947359000,1777951869000,1,48.87,15.259,3.2027000458745656
1385305035948163072,1777990125000-632578958264631296-1385305035948163072,1777990125000,1777994814000,1,48.755,8.286,5.884021240646875
1536014603211767808,1777931899000-632578958264631296-1536014603211767808,1777931899000,1777935897000,1,48.609,21.42,2.269327731092437
952583803866447872,1777983128000-632578958264631296-952583803866447872,1777983128000,1777987849000,1,48.562,14.878,3.264013980373706
1536014596580573184,1777931811000-632578958264631296-1536014596580573184,1777931811000,1777935911000,1,48.548,20.872,2.325986968187045
961239466377216000,1777954487000-632578958264631296-961239466377216000,1777954487000,1777958822000,1,48.467,9.635,5.030306175402179
1083019060351860736,1777975364000-632578958264631296-1083019060351860736,1777975364000,1777981492000,1,48.436,31.126,1.5561267107884083
936665179544879104,1777969111000-632578958264631296-936665179544879104,1777969111000,1777973541000,1,48.433,15.178,3.1910001317696666
1465365829724930048,1777988194000-632578958264631296-1465365829724930048,1777988194000,1777992101000,1,48.4,10.904,4.438738077769626
1536014570613637120,1777989846000-632578958264631296-1536014570613637120,1777989846000,1777993877000,1,48.372,10.777,4.4884476199313355
1067776196789403648,1777978318000-632578958264631296-1067776196789403648,1777978318000,1777982837000,1,48.367,9.822,4.924353492160456
1083727772540469248,1777988843000-632578958264631296-1083727772540469248,1777988843000,1777993846000,1,48.248,8.885,5.430275745638717
1476549765217910784,1777985278000-632578958264631296-1476549765217910784,1777985278000,1777990725000,1,48.181,23.5,2.050255319148936
780122893064339456,1777988863000-632578958264631296-780122893064339456,1777988863000,1777994052000,1,48.142,9.672,4.977460711331679
1500145408670695424,1777993103000-632578958264631296-1500145408670695424,1777993103000,1777997659000,1,48.125,18.909,2.5450843513670742
1061350711461150720,1777988831000-632578958264631296-1061350711461150720,1777988831000,1777988933000,1,48.0,0.041,1170.7317073170732
1070370579279773696,1777994012000-632578958264631296-1070370579279773696,1777994012000,1777994295000,1,48.0,0.106,452.8301886792453
1076186718555602944,1777955884000-632578958264631296-1076186718555602944,1777955884000,1777956354000,1,48.0,0.163,294.47852760736197
1389244082743672832,1777960619000-632578958264631296-1389244082743672832,1777960619000,1777960806000,1,48.0,0.061,786.8852459016393
1540361293100220416,1778000445000-632578958264631296-1540361293100220416,1778000445000,1778000599000,1,48.0,0.068,705.8823529411765
951558414842986496,1777981480000-632578958264631296-951558414842986496,1777981480000,1777981995000,1,48.0,0.25,192.0
1405141042860130304,1777952803000-632578958264631296-1405141042860130304,1777952803000,1777958439000,1,47.979,21.146,2.2689397521989974
1101524127430213632,1777939498000-632578958264631296-1101524127430213632,1777939498000,1777943854000,1,47.969,19.033,2.5203068354962435
790970372676648960,1777990517000-632578958264631296-790970372676648960,1777990517000,1777994579000,1,47.88,12.0,3.99
1083726345994764288,1777985533000-632578958264631296-1083726345994764288,1777985533000,1777990771000,1,47.77,15.352,3.111646690984888
1294723291725955072,1777948208000-632578958264631296-1294723291725955072,1777948208000,1777953817000,1,47.548,12.51,3.800799360511591
1389244302743306240,1777941477000-632578958264631296-1389244302743306240,1777941477000,1777946328000,1,47.471,13.998,3.391270181454493
1536014618822967296,1777966627000-632578958264631296-1536014618822967296,1777966627000,1777971650000,1,47.468,9.832,4.827908868999186
947583099720433664,1777996665000-632578958264631296-947583099720433664,1777996665000,1778001304000,1,47.281,11.972,3.9492983628466423
942469061864849408,1777973247000-632578958264631296-942469061864849408,1777973247000,1777977789000,1,47.27,19.952,2.369186046511628
1083726345994764288,1777996663000-632578958264631296-1083726345994764288,1777996663000,1778000993000,1,47.269,15.751,3.0010158085200938
1046442314819436544,1777960368000-632578958264631296-1046442314819436544,1777960368000,1777966023000,1,47.223,21.675,2.178685121107266
964172050669240320,1777976041000-632578958264631296-964172050669240320,1777976041000,1777979736000,1,47.198,12.361,3.8182994903324974
1138167953473142784,1777938628000-632578958264631296-1138167953473142784,1777938628000,1777942745000,1,47.163,16.256,2.9012672244094486
1385588586753032192,1777942768000-632578958264631296-1385588586753032192,1777942768000,1777946617000,1,47.113,9.468,4.976024503591043
939546576563470336,1777974123000-632578958264631296-939546576563470336,1777974123000,1777978581000,1,47.086,19.355,2.432756393696719
1488129049464143872,1777968781000-632578958264631296-1488129049464143872,1777968781000,1777974303000,1,47.024,18.384,2.5578764142732813
1083729038846984192,1777985667000-632578958264631296-1083729038846984192,1777985667000,1777991955000,1,47.005,20.668,2.2742887555641573
1073277847704961024,1777976527000-632578958264631296-1073277847704961024,1777976527000,1777976677000,1,47.0,0.07,671.4285714285713
1268615233111326720,1777955292000-632578958264631296-1268615233111326720,1777955292000,1777955592000,1,47.0,0.352,133.52272727272728
1299087047838924800,1777970956000-632578958264631296-1299087047838924800,1777970956000,1777971371000,1,47.0,0.44,106.81818181818181
893133531117518848,1777987070000-632578958264631296-893133531117518848,1777987070000,1777987510000,1,47.0,0.186,252.68817204301075
943859348893859840,1777943775000-632578958264631296-943859348893859840,1777943775000,1777948247000,1,46.938,10.089,4.652393696104668
1428031634325635072,1777951021000-632578958264631296-1428031634325635072,1777951021000,1777955378000,1,46.911,14.5,3.2352413793103447
1478819140813717504,1777937845000-632578958264631296-1478819140813717504,1777937845000,1777944193000,1,46.759,22.941,2.0382284991935835
940988876032311296,1777982746000-632578958264631296-940988876032311296,1777982746000,1777988272000,1,46.714,9.723,4.8044842126915555
1536402078727929856,1777991317000-632578958264631296-1536402078727929856,1777991317000,1777996889000,1,46.697,19.859,2.351427564328516
932612842287267840,1777951822000-632578958264631296-932612842287267840,1777951822000,1777956777000,1,46.681,19.945,2.3404863374279268
873897783357079552,1777971412000-632578958264631296-873897783357079552,1777971412000,1777976069000,1,46.613,14.099,3.3061210014894673
1536014609964597248,1777991144000-632578958264631296-1536014609964597248,1777991144000,1777995281000,1,46.603,16.489,2.82630844805628
932302785804763136,1777950631000-632578958264631296-932302785804763136,1777950631000,1777954833000,1,46.573,8.698,5.354449298689354
1396881508228136960,1777940479000-632578958264631296-1396881508228136960,1777940479000,1777946066000,1,46.532,23.136,2.011237897648686
877447467317067776,1777942323000-632578958264631296-877447467317067776,1777942323000,1777946542000,1,46.397,8.591,5.400651844954022
1535704124731949056,1777975191000-632578958264631296-1535704124731949056,1777975191000,1777979835000,1,46.348,16.081,2.882159069709595
1050036836505747456,1777995004000-632578958264631296-1050036836505747456,1777995004000,1777999918000,1,46.262,26.911,1.7190739846159562
1362452416535986176,1777962772000-632578958264631296-1362452416535986176,1777962772000,1777966798000,1,46.256,19.319,2.394326828510793
877447567619653632,1777984163000-632578958264631296-877447567619653632,1777984163000,1777988265000,1,46.24,14.359,3.2202799637857793
1441118393376702464,1777973430000-632578958264631296-1441118393376702464,1777973430000,1777977528000,1,46.232,14.063,3.287492000284434
1501934002158698496,1777973416000-632578958264631296-1501934002158698496,1777973416000,1777976787000,1,46.228,14.191,3.2575576069339722
1083728245179809792,1777957593000-632578958264631296-1083728245179809792,1777957593000,1777961875000,1,46.113,9.92,4.648487903225806
1477689128190476288,1777983584000-632578958264631296-1477689128190476288,1777983584000,1777988497000,1,46.055,11.172,4.122359470103831
932612842287267840,1777989323000-632578958264631296-932612842287267840,1777989323000,1777994088000,1,46.055,16.06,2.867683686176837
1067776196789403648,1777965222000-632578958264631296-1067776196789403648,1777965222000,1777965506000,1,46.0,0.285,161.40350877192984
1140670395897085952,1777977528000-632578958264631296-1140670395897085952,1777977528000,1777977877000,1,46.0,0.38,121.05263157894737
944589217739046912,1777942224000-632578958264631296-944589217739046912,1777942224000,1777943242000,1,46.0,0.352,130.6818181818182
1464628801508999168,1777974385000-632578958264631296-1464628801508999168,1777974385000,1777978577000,1,45.816,15.362,2.982424163520375
929707161364201472,1777993087000-632578958264631296-929707161364201472,1777993087000,1777997766000,1,45.715,19.819,2.306624955850447
1476549765217910784,1777953746000-632578958264631296-1476549765217910784,1777953746000,1777957804000,1,45.706,14.6,3.1305479452054796
938815406225752064,1777993230000-632578958264631296-938815406225752064,1777993230000,1777997636000,1,45.649,18.122,2.5189824522679616
1073994678560358400,1777961334000-632578958264631296-1073994678560358400,1777961334000,1777966057000,1,45.622,10.244,4.453533775868801
1050036509840769024,1777944522000-632578958264631296-1050036509840769024,1777944522000,1777948286000,1,45.558,16.035,2.841159962581852
861290333428776960,1777980665000-632578958264631296-861290333428776960,1777980665000,1777985310000,1,45.548,17.711,2.5717350798938514
1073994678560358400,1777983949000-632578958264631296-1073994678560358400,1777983949000,1777988530000,1,45.468,20.956,2.169688871922123
1525526061327056896,1777960259000-632578958264631296-1525526061327056896,1777960259000,1777964015000,1,45.449,15.785,2.8792524548622107
1153273602804547584,1777978857000-632578958264631296-1153273602804547584,1777978857000,1777983459000,1,45.398,16.59,2.7364677516576252
1067775916656033792,1777963497000-632578958264631296-1067775916656033792,1777963497000,1777967604000,1,45.363,10.678,4.248267465817569
951559578305167360,1777959486000-632578958264631296-951559578305167360,1777959486000,1777963375000,1,45.113,10.449,4.31744664561202
1067763722711203840,1777950543000-632578958264631296-1067763722711203840,1777950543000,1777954645000,1,45.027,9.209,4.889455966988816
1385304935976927232,1777938673000-632578958264631296-1385304935976927232,1777938673000,1777943510000,1,45.008,17.175,2.620553129548763
1060533930890887168,1777965755000-632578958264631296-1060533930890887168,1777965755000,1777965924000,1,45.0,0.133,338.3458646616541
1462138214197231616,1777963225000-632578958264631296-1462138214197231616,1777963225000,1777963371000,1,45.0,0.059,762.7118644067797
1298646515224412160,1777976093000-632578958264631296-1298646515224412160,1777976093000,1777981909000,1,44.999,17.166,2.6214027729232203
1076924285072703488,1777962319000-632578958264631296-1076924285072703488,1777962319000,1777967567000,1,44.97,18.779,2.3946962032057084
1080454515951403008,1777990035000-632578958264631296-1080454515951403008,1777990035000,1777995555000,1,44.97,19.538,2.3016685433514175
790970372676648960,1777955188000-632578958264631296-790970372676648960,1777955188000,1777958953000,1,44.94,13.006,3.455328310010764
1083016936570224640,1777989775000-632578958264631296-1083016936570224640,1777989775000,1777995527000,1,44.899,18.033,2.4898242111684135
951557397191589888,1777956734000-632578958264631296-951557397191589888,1777956734000,1777960895000,1,44.889,9.737,4.610146862483312
786329294770012160,1777951290000-632578958264631296-786329294770012160,1777951290000,1777955941000,1,44.838,13.251,3.3837446230473174
1050037537222950912,1777957200000-632578958264631296-1050037537222950912,1777957200000,1777962793000,1,44.779,7.226,6.196927760863549
1067764685513687040,1777940613000-632578958264631296-1067764685513687040,1777940613000,1777946386000,1,44.736,21.23,2.107206782854451
970285003134992384,1777992480000-632578958264631296-970285003134992384,1777992480000,1777997253000,1,44.733,13.753,3.252599432851014
1142833661045899264,1777951306000-632578958264631296-1142833661045899264,1777951306000,1777955664000,1,44.634,20.476,2.1798202773979294
1477629515881512960,1777938625000-632578958264631296-1477629515881512960,1777938625000,1777944029000,1,44.625,15.498,2.8794037940379407
931939397496995840,1777979442000-632578958264631296-931939397496995840,1777979442000,1777983601000,1,44.613,8.78,5.08120728929385
1067775974323519488,1777981790000-632578958264631296-1067775974323519488,1777981790000,1777985794000,1,44.6,9.489,4.700179154810833
786246735176400896,1777973156000-632578958264631296-786246735176400896,1777973156000,1777977229000,1,44.582,17.079,2.6103401838515135
971379691866816512,1777944579000-632578958264631296-971379691866816512,1777944579000,1777948824000,1,44.537,19.459,2.2887609846343593
1135630948969218048,1777944633000-632578958264631296-1135630948969218048,1777944633000,1777948582000,1,44.531,18.129,2.4563406696453196
1067764685513687040,1777952151000-632578958264631296-1067764685513687040,1777952151000,1777959391000,1,44.513,14.199,3.134939080216917
1067767771279917056,1777932045000-632578958264631296-1067767771279917056,1777932045000,1777937135000,1,44.487,9.56,4.6534518828451885
1080454515951403008,1777979905000-632578958264631296-1080454515951403008,1777979905000,1777984916000,1,44.471,16.767,2.652293194966303
1535700301011484672,1777984043000-632578958264631296-1535700301011484672,1777984043000,1777988716000,1,44.455,10.294,4.318535068972216
1060872975626010624,1777952283000-632578958264631296-1060872975626010624,1777952283000,1777959063000,1,44.453,13.714,3.2414321131690245
1062738572429230080,1777979451000-632578958264631296-1062738572429230080,1777979451000,1777983406000,1,44.443,8.861,5.015573862995146
1050037424450699264,1777940226000-632578958264631296-1050037424450699264,1777940226000,1777944461000,1,44.411,26.432,1.6801982445520582
847126508215468032,1777913872000-632578958264631296-847126508215468032,1777913872000,1777922132000,1,44.367,27.498,1.6134627972943485
1050037424450699264,1777947300000-632578958264631296-1050037424450699264,1777947300000,1777951254000,1,44.348,15.293,2.8998888380304715
1080454515951403008,1777948933000-632578958264631296-1080454515951403008,1777948933000,1777954234000,1,44.295,25.307,1.7503062393804087
1152269748554170368,1777986964000-632578958264631296-1152269748554170368,1777986964000,1777991447000,1,44.211,9.128,4.843448729184925
862677558196436992,1777993775000-632578958264631296-862677558196436992,1777993775000,1777998283000,1,44.164,14.727,2.998845657635635
944589217739046912,1777947960000-632578958264631296-944589217739046912,1777947960000,1777951544000,1,44.144,9.009,4.8999888999889
1083729038846984192,1777967727000-632578958264631296-1083729038846984192,1777967727000,1777972795000,1,44.106,16.367,2.6948127329382294
997896292355014656,1777967506000-632578958264631296-997896292355014656,1777967506000,1777972554000,1,44.095,14.95,2.9494983277591973
940245549137788928,1777994801000-632578958264631296-940245549137788928,1777994801000,1777998901000,1,44.029,15.842,2.779257669486176
1183367596062277632,1777948568000-632578958264631296-1183367596062277632,1777948568000,1777953801000,1,44.027,15.311,2.87551433609823
932302785804763136,1777994558000-632578958264631296-932302785804763136,1777994558000,1777994736000,1,44.0,0.053,830.1886792452831
946036270407090176,1777961642000-632578958264631296-946036270407090176,1777961642000,1777963078000,1,44.0,0.599,73.45575959933223
873201356771426304,1777939844000-632578958264631296-873201356771426304,1777939844000,1777945532000,1,43.981,26.379,1.6672732097501801
1126869078934290432,1777989582000-632578958264631296-1126869078934290432,1777989582000,1777994117000,1,43.907,10.574,4.152354832608284
1176184196838719488,1777983921000-632578958264631296-1176184196838719488,1777983921000,1777987799000,1,43.901,8.682,5.056553789449436
1464260641047969792,1777975582000-632578958264631296-1464260641047969792,1777975582000,1777980296000,1,43.822,18.664,2.3479425632233175
1094226815196594176,1777985871000-632578958264631296-1094226815196594176,1777985871000,1777990240000,1,43.796,9.645,4.540798341109383
1464269416886697984,1777994237000-632578958264631296-1464269416886697984,1777994237000,1777998581000,1,43.796,16.408,2.6691857630424183
1067775974323519488,1777975778000-632578958264631296-1067775974323519488,1777975778000,1777979576000,1,43.771,13.986,3.1296296296296298
780085706063085568,1777959148000-632578958264631296-780085706063085568,1777959148000,1777963895000,1,43.754,15.884,2.7545958196927725
1083016936570224640,1777981457000-632578958264631296-1083016936570224640,1777981457000,1777985833000,1,43.602,16.799,2.595511637597476
873101078441230336,1777967165000-632578958264631296-873101078441230336,1777967165000,1777970543000,1,43.598,12.182,3.578886882285339
942469061864849408,1777982609000-632578958264631296-942469061864849408,1777982609000,1777986750000,1,43.578,17.506,2.489317948132069
1385305554984894464,1777966058000-632578958264631296-1385305554984894464,1777966058000,1777971269000,1,43.558,8.014,5.435238332917395
1268614873160351744,1777971928000-632578958264631296-1268614873160351744,1777971928000,1777975857000,1,43.369,15.084,2.8751657385308937
792451319469178880,1777986004000-632578958264631296-792451319469178880,1777986004000,1777990216000,1,43.349,14.064,3.082266780432309
1023491297677148160,1777968673000-632578958264631296-1023491297677148160,1777968673000,1777973169000,1,43.297,12.384,3.4962047803617566
946032744595456000,1777942109000-632578958264631296-946032744595456000,1777942109000,1777946332000,1,43.25,15.162,2.8525260519720352
933416236518211584,1777941653000-632578958264631296-933416236518211584,1777941653000,1777945751000,1,43.125,14.513,2.971473851030111
940245549137788928,1777990121000-632578958264631296-940245549137788928,1777990121000,1777994798000,1,43.12,10.799,3.9929623113251225
1067774753596506112,1777964274000-632578958264631296-1067774753596506112,1777964274000,1777968053000,1,43.098,9.51,4.53186119873817
869905949161160704,1777984175000-632578958264631296-869905949161160704,1777984175000,1777987426000,1,43.044,11.291,3.812239837038349
997896292355014656,1777985734000-632578958264631296-997896292355014656,1777985734000,1777991690000,1,43.032,16.268,2.645193016965822
1067776270814674944,1777981895000-632578958264631296-1067776270814674944,1777981895000,1777985952000,1,43.003,9.089,4.731323577951369
1080454515951403008,1777987321000-632578958264631296-1080454515951403008,1777987321000,1777987446000,1,43.0,0.058,741.3793103448276
939141093658722304,1777938459000-632578958264631296-939141093658722304,1777938459000,1777938948000,1,43.0,0.226,190.26548672566372
857602255610707968,1777960983000-632578958264631296-857602255610707968,1777960983000,1777964284000,1,42.929,13.042,3.2915963809231714
1067763553357791232,1777912749000-632578958264631296-1067763553357791232,1777912749000,1777919946000,1,42.917,22.845,1.8786167651564896
906488270454521856,1777941830000-632578958264631296-906488270454521856,1777941830000,1777946121000,1,42.874,8.31,5.159326113116727
866686329780436992,1777961748000-632578958264631296-866686329780436992,1777961748000,1777967120000,1,42.859,16.819,2.5482490041025034
1067775916656033792,1777996242000-632578958264631296-1067775916656033792,1777996242000,1778001431000,1,42.784,12.133,3.5262507211736587
790193276584984576,1777980900000-632578958264631296-790193276584984576,1777980900000,1777984421000,1,42.776,7.392,5.786796536796537
1094588896550846464,1777991416000-632578958264631296-1094588896550846464,1777991416000,1777996000000,1,42.749,17.008,2.5134642521166515
927153603469115392,1777947726000-632578958264631296-927153603469115392,1777947726000,1777951539000,1,42.73,8.16,5.236519607843137
1067764977248501760,1777951410000-632578958264631296-1067764977248501760,1777951410000,1777955979000,1,42.587,19.943,2.1354359925788495
1462138214197231616,1777988797000-632578958264631296-1462138214197231616,1777988797000,1777994009000,1,42.528,17.634,2.4117046614494724
1101524127430213632,1777958475000-632578958264631296-1101524127430213632,1777958475000,1777963140000,1,42.499,21.029,2.0209710399923915
926866983197081600,1777975641000-632578958264631296-926866983197081600,1777975641000,1777980055000,1,42.279,8.615,4.907603017991875
876149191938670592,1777988823000-632578958264631296-876149191938670592,1777988823000,1777993994000,1,42.273,18.903,2.2363116965561027
862677666426257408,1777992468000-632578958264631296-862677666426257408,1777992468000,1777996386000,1,42.248,15.418,2.7401738228045143
1083728870357598208,1777960659000-632578958264631296-1083728870357598208,1777960659000,1777965854000,1,42.188,10.703,3.941698589180604
860147487929794560,1777957585000-632578958264631296-860147487929794560,1777957585000,1777961873000,1,42.14,15.188,2.7745588622596786
946027472992862208,1777956645000-632578958264631296-946027472992862208,1777956645000,1777960733000,1,42.098,15.113,2.7855488652153775
932612842287267840,1777973715000-632578958264631296-932612842287267840,1777973715000,1777978223000,1,42.016,14.156,2.968070076292738
1046442514266980352,1777934244000-632578958264631296-1046442514266980352,1777934244000,1777934540000,1,42.0,0.14,299.99999999999994
1157003119578578944,1777948132000-632578958264631296-1157003119578578944,1777948132000,1777948301000,1,42.0,0.352,119.31818181818183
942470042409238528,1777979792000-632578958264631296-942470042409238528,1777979792000,1777979928000,1,42.0,0.046,913.0434782608696
947581828959567872,1777959423000-632578958264631296-947581828959567872,1777959423000,1777959713000,1,42.0,0.464,90.51724137931033
1101524127430213632,1777986144000-632578958264631296-1101524127430213632,1777986144000,1777993898000,1,41.7,23.597,1.7671737932788067
1108736100332994560,1777984278000-632578958264631296-1108736100332994560,1777984278000,1777989877000,1,41.7,21.108,1.975554292211484
800361869549240320,1777961265000-632578958264631296-800361869549240320,1777961265000,1777966116000,1,41.571,10.083,4.122880095209759
1277220593376165888,1777968071000-632578958264631296-1277220593376165888,1777968071000,1777973475000,1,41.558,16.616,2.5010832932113627
1537822792169291776,1777970232000-632578958264631296-1537822792169291776,1777970232000,1777973860000,1,41.492,9.259,4.4812614753213085
1050036987500691456,1777966102000-632578958264631296-1050036987500691456,1777966102000,1777969749000,1,41.484,10.343,4.01082857971575
1050037243114160128,1777964990000-632578958264631296-1050037243114160128,1777964990000,1777968674000,1,41.419,10.731,3.8597521200260925
847124352678756352,1777966096000-632578958264631296-847124352678756352,1777966096000,1777969543000,1,41.418,9.861,4.2001825372680255
1083727144086929408,1777943933000-632578958264631296-1083727144086929408,1777943933000,1777948293000,1,41.374,15.158,2.7295157672516166
946025653910634496,1777952588000-632578958264631296-946025653910634496,1777952588000,1777956807000,1,41.341,14.799,2.793499560781134
1396881232180019200,1777943921000-632578958264631296-1396881232180019200,1777943921000,1777948646000,1,41.315,15.088,2.7382688229056202
1094956363722784768,1777990418000-632578958264631296-1094956363722784768,1777990418000,1777995081000,1,41.288,10.035,4.1143996013951165
1396881508228136960,1777984485000-632578958264631296-1396881508228136960,1777984485000,1777988090000,1,41.211,12.314,3.34667857722917
1471148657502846976,1777990073000-632578958264631296-1471148657502846976,1777990073000,1777994814000,1,41.192,10.442,3.9448381536104193
1464628801508999168,1777952154000-632578958264631296-1464628801508999168,1777952154000,1777956797000,1,41.121,20.481,2.0077632928079683
1050036836505747456,1777962171000-632578958264631296-1050036836505747456,1777962171000,1777966283000,1,41.109,14.36,2.8627437325905296
1183367596062277632,1777990295000-632578958264631296-1183367596062277632,1777990295000,1777994854000,1,41.08,10.906,3.7667339079405826
1491416395517263872,1777939389000-632578958264631296-1491416395517263872,1777939389000,1777946849000,1,41.058,18.324,2.240667976424361
906488270454521856,1777963031000-632578958264631296-906488270454521856,1777963031000,1777967271000,1,41.056,9.104,4.509666080843585
1080454515951403008,1777963189000-632578958264631296-1080454515951403008,1777963189000,1777967547000,1,41.019,18.182,2.2560224397756024
1184409623537385472,1777991842000-632578958264631296-1184409623537385472,1777991842000,1777996493000,1,41.017,11.79,3.478965224766752
1536014609964597248,1777939539000-632578958264631296-1536014609964597248,1777939539000,1777943609000,1,41.013,8.9,4.608202247191011
1083727986517082112,1777985592000-632578958264631296-1083727986517082112,1777985592000,1777985787000,1,41.0,0.098,418.3673469387755
1536014556927623168,1777972067000-632578958264631296-1536014556927623168,1777972067000,1777977432000,1,41.0,2.318,17.687661777394304
939140294748667904,1777931617000-632578958264631296-939140294748667904,1777931617000,1777931819000,1,41.0,0.125,328.0
847116116999274496,1777945459000-632578958264631296-847116116999274496,1777945459000,1777950200000,1,40.969,15.695,2.610321758521822
1093088075828953088,1777994356000-632578958264631296-1093088075828953088,1777994356000,1777998666000,1,40.963,14.977,2.7350604259865126
1177288436235632640,1777938253000-632578958264631296-1177288436235632640,1777938253000,1777942100000,1,40.764,11.656,3.497254632807138
1080454515951403008,1777944360000-632578958264631296-1080454515951403008,1777944360000,1777948542000,1,40.493,19.753,2.0499670936060346
938499921487593472,1777948844000-632578958264631296-938499921487593472,1777948844000,1777952497000,1,40.414,13.677,2.9548877677853334
1152270574152581120,1777944125000-632578958264631296-1152270574152581120,1777944125000,1777948760000,1,40.37,13.677,2.9516706880163777
1067765247101632512,1777991846000-632578958264631296-1067765247101632512,1777991846000,1777995914000,1,40.343,10.519,3.8352504990968725
1482772108667781120,1777945470000-632578958264631296-1482772108667781120,1777945470000,1777949886000,1,40.323,14.444,2.7916782054832456
1277220593376165888,1777945092000-632578958264631296-1277220593376165888,1777945092000,1777949179000,1,40.132,15.779,2.5433804423600987
1067763722711203840,1777959285000-632578958264631296-1067763722711203840,1777959285000,1777962510000,1,40.075,7.773,5.155667052618037
1073663431535493120,1777982554000-632578958264631296-1073663431535493120,1777982554000,1777982698000,1,40.0,0.095,421.05263157894734
878252193440858112,1777925446000-632578958264631296-878252193440858112,1777925446000,1777925564000,1,40.0,0.039,1025.6410256410256
997896292355014656,1777947802000-632578958264631296-997896292355014656,1777947802000,1777952104000,1,39.976,14.32,2.7916201117318433
847124352678756352,1777947978000-632578958264631296-847124352678756352,1777947978000,1777952000000,1,39.973,21.03,1.90076081787922
944589217739046912,1777956618000-632578958264631296-944589217739046912,1777956618000,1777960100000,1,39.94,8.601,4.643646087664225
1083729038846984192,1777947817000-632578958264631296-1083729038846984192,1777947817000,1777952196000,1,39.932,15.429,2.5881132931492643
1108736100332994560,1777954952000-632578958264631296-1108736100332994560,1777954952000,1777961406000,1,39.9,14.865,2.6841574167507565
1050036987500691456,1777947973000-632578958264631296-1050036987500691456,1777947973000,1777951894000,1,39.895,20.356,1.9598644134407546
1120316721542987776,1777987229000-632578958264631296-1120316721542987776,1777987229000,1777991001000,1,39.885,11.645,3.425075139544869
1469693281720860672,1777967965000-632578958264631296-1469693281720860672,1777967965000,1777971909000,1,39.784,9.601,4.143735027601291
1268615116379652096,1777982165000-632578958264631296-1268615116379652096,1777982165000,1777986331000,1,39.77,16.45,2.4176291793313074
940981890892955648,1777951083000-632578958264631296-940981890892955648,1777951083000,1777954485000,1,39.757,12.53,3.1729449321628094
1298646515224412160,1777941833000-632578958264631296-1298646515224412160,1777941833000,1777945624000,1,39.672,13.233,2.9979596463386984
1397607242391355392,1777960662000-632578958264631296-1397607242391355392,1777960662000,1777965809000,1,39.661,8.758,4.5285453299840155
932612842287267840,1777966477000-632578958264631296-932612842287267840,1777966477000,1777970246000,1,39.641,15.955,2.4845502977123157
946033560920260608,1777988860000-632578958264631296-946033560920260608,1777988860000,1777994676000,1,39.583,15.207,2.6029460117051357
873897783357079552,1777967493000-632578958264631296-873897783357079552,1777967493000,1777970845000,1,39.574,10.091,3.9217124170052524
1083727931903049728,1777936514000-632578958264631296-1083727931903049728,1777936514000,1777940230000,1,39.393,15.122,2.6050125644755986
1050036019790872576,1777978956000-632578958264631296-1050036019790872576,1777978956000,1777983082000,1,39.353,14.906,2.640077821011673
1083726789898928128,1777933218000-632578958264631296-1083726789898928128,1777933218000,1777937603000,1,39.31,17.088,2.300444756554307
1050036019790872576,1777965711000-632578958264631296-1050036019790872576,1777965711000,1777969648000,1,39.289,15.171,2.58974358974359
1176184196838719488,1777954975000-632578958264631296-1176184196838719488,1777954975000,1777958736000,1,39.286,8.263,4.754447537214087
1469693281720860672,1777949922000-632578958264631296-1469693281720860672,1777949922000,1777953974000,1,39.23,13.691,2.865386020013147
1181865650805538816,1777952137000-632578958264631296-1181865650805538816,1777952137000,1777955813000,1,39.153,14.817,2.642437740433286
1536014609964597248,1777996178000-632578958264631296-1536014609964597248,1777996178000,1777999740000,1,39.135,13.776,2.840810104529617
997896292355014656,1777993822000-632578958264631296-997896292355014656,1777993822000,1777997904000,1,39.049,14.03,2.783250178189594
1501934002158698496,1777945708000-632578958264631296-1501934002158698496,1777945708000,1777950829000,1,39.037,11.529,3.3859831728684187
870309644059279360,1777997014000-632578958264631296-870309644059279360,1777997014000,1777997337000,1,39.0,0.347,112.39193083573488
871730443827806208,1777964785000-632578958264631296-871730443827806208,1777964785000,1777964951000,1,39.0,0.104,375.0
1294723291725955072,1777966791000-632578958264631296-1294723291725955072,1777966791000,1777970053000,1,38.968,13.738,2.836511864900277
860146891080335360,1777984644000-632578958264631296-860146891080335360,1777984644000,1777988825000,1,38.8,15.324,2.5319759853824064
1501934002158698496,1777979902000-632578958264631296-1501934002158698496,1777979902000,1777983337000,1,38.761,7.553,5.131868131868132
932612842287267840,1777942292000-632578958264631296-932612842287267840,1777942292000,1777945943000,1,38.693,12.36,3.1305016181229774
926866983197081600,1777964655000-632578958264631296-926866983197081600,1777964655000,1777969336000,1,38.685,8.769,4.411563462196374
1127222273418199040,1777938509000-632578958264631296-1127222273418199040,1777938509000,1777942797000,1,38.684,15.967,2.4227469155132457
1464260641047969792,1777969800000-632578958264631296-1464260641047969792,1777969800000,1777973408000,1,38.612,15.1,2.557086092715232
943818030159233024,1777955642000-632578958264631296-943818030159233024,1777955642000,1777960406000,1,38.61,8.152,4.736261040235525
862677844923252736,1777971262000-632578958264631296-862677844923252736,1777971262000,1777974726000,1,38.605,7.728,4.995471014492753
1294704486559776768,1777974383000-632578958264631296-1294704486559776768,1777974383000,1777979182000,1,38.603,9.225,4.184607046070461
1161574576161816576,1777962930000-632578958264631296-1161574576161816576,1777962930000,1777967711000,1,38.572,24.289,1.5880439705216354
964172050669240320,1777968557000-632578958264631296-964172050669240320,1777968557000,1777972935000,1,38.351,19.144,2.003290848307564
1504892206538817536,1777961187000-632578958264631296-1504892206538817536,1777961187000,1777964952000,1,38.329,9.298,4.122284362228436
1385304935976927232,1777974642000-632578958264631296-1385304935976927232,1777974642000,1777978192000,1,38.26,7.161,5.342829213796956
1067775916656033792,1777989165000-632578958264631296-1067775916656033792,1777989165000,1777994424000,1,38.18,9.82,3.8879837067209775
1484590862305329152,1777939221000-632578958264631296-1484590862305329152,1777939221000,1777943482000,1,38.139,7.477,5.100842583924034
1073966174624022528,1777999710000-632578958264631296-1073966174624022528,1777999710000,1778003708000,1,38.126,6.943,5.491286187527005
1385305035948163072,1777985114000-632578958264631296-1385305035948163072,1777985114000,1777989019000,1,38.036,6.917,5.498915714905306
1050036776183267328,1777998037000-632578958264631296-1050036776183267328,1777998037000,1777998579000,1,38.0,0.579,65.63039723661485
1067765309810671616,1777999163000-632578958264631296-1067765309810671616,1777999163000,1777999672000,1,38.0,0.497,76.45875251509054
1083726423769743360,1777982753000-632578958264631296-1083726423769743360,1777982753000,1777983031000,1,38.0,0.268,141.7910447761194
964172050669240320,1777947537000-632578958264631296-964172050669240320,1777947537000,1777950659000,1,38.0,11.616,3.2713498622589534
944591832124227584,1777987467000-632578958264631296-944591832124227584,1777987467000,1777990380000,1,37.968,9.761,3.8897653928900735
939140294748667904,1777963519000-632578958264631296-939140294748667904,1777963519000,1777967332000,1,37.887,19.017,1.9922700741441868
1083727289243402240,1777967956000-632578958264631296-1083727289243402240,1777967956000,1777971741000,1,37.754,13.954,2.705604127848645
1067775974323519488,1777967647000-632578958264631296-1067775974323519488,1777967647000,1777971436000,1,37.726,12.093,3.1196559993384603
1406586595699589120,1777978905000-632578958264631296-1406586595699589120,1777978905000,1777984274000,1,37.527,24.301,1.544257437965516
1079026604165824512,1777950959000-632578958264631296-1079026604165824512,1777950959000,1777956110000,1,37.441,14.139,2.648065634061815
1175796546902425600,1777947777000-632578958264631296-1175796546902425600,1777947777000,1777951541000,1,37.395,15.121,2.473050724158455
780109531760820224,1777962150000-632578958264631296-780109531760820224,1777962150000,1777965680000,1,37.386,12.921,2.893429301137683
873897783357079552,1777981957000-632578958264631296-873897783357079552,1777981957000,1777986196000,1,37.343,14.218,2.626459417639612
938815830156640256,1777939278000-632578958264631296-938815830156640256,1777939278000,1777944327000,1,37.328,22.192,1.6820475847152128
780451764301201408,1777942553000-632578958264631296-780451764301201408,1777942553000,1777945613000,1,37.282,9.636,3.869032793690328
1476549765217910784,1777958250000-632578958264631296-1476549765217910784,1777958250000,1777962095000,1,37.275,14.906,2.5006708707902856
1093087738300727296,1777989219000-632578958264631296-1093087738300727296,1777989219000,1777993178000,1,37.248,13.513,2.7564567453563233
1441118393376702464,1777945963000-632578958264631296-1441118393376702464,1777945963000,1777950943000,1,37.221,10.618,3.5054624223017514
1478819140813717504,1777969347000-632578958264631296-1478819140813717504,1777969347000,1777973838000,1,37.143,14.906,2.491815376358513
1148896718033518592,1777991951000-632578958264631296-1148896718033518592,1777991951000,1777996909000,1,37.085,13.463,2.754586644878556
1545823503347875840,1777969894000-632578958264631296-1545823503347875840,1777969894000,1777973157000,1,37.056,13.632,2.7183098591549295
1422205318414204928,1777961126000-632578958264631296-1422205318414204928,1777961126000,1777964592000,1,37.044,11.833,3.130567058226992
1398705978894974976,1777994330000-632578958264631296-1398705978894974976,1777994330000,1777999150000,1,37.035,14.455,2.5620892424766515
1046442514266980352,1777934678000-632578958264631296-1046442514266980352,1777934678000,1777935218000,1,37.0,0.15,246.66666666666669
1056588446363025408,1777981427000-632578958264631296-1056588446363025408,1777981427000,1777981568000,1,37.0,0.02,1850.0
1182027923075366912,1777991682000-632578958264631296-1182027923075366912,1777991682000,1777992065000,1,37.0,0.408,90.68627450980392
1396880990281924608,1777962294000-632578958264631296-1396880990281924608,1777962294000,1777962527000,1,37.0,0.098,377.55102040816325
1526262198169501696,1777959759000-632578958264631296-1526262198169501696,1777959759000,1777960406000,1,37.0,0.318,116.35220125786164
1535704124731949056,1777951538000-632578958264631296-1535704124731949056,1777951538000,1777951675000,1,37.0,0.064,578.125
787737136659955712,1777971333000-632578958264631296-787737136659955712,1777971333000,1777971574000,1,37.0,0.124,298.38709677419354
939546232131420160,1777956061000-632578958264631296-939546232131420160,1777956061000,1777956236000,1,37.0,0.145,255.17241379310346
961239466377216000,1777997552000-632578958264631296-961239466377216000,1777997552000,1777997743000,1,37.0,0.09,411.11111111111114
1103352309556969472,1777917135000-632578958264631296-1103352309556969472,1777917135000,1777921575000,1,36.878,18.381,2.0063108644796257
836966844580495360,1777975285000-632578958264631296-836966844580495360,1777975285000,1777978835000,1,36.864,11.781,3.129106187929717
1385588586753032192,1777955255000-632578958264631296-1385588586753032192,1777955255000,1777958397000,1,36.84,8.033,4.586082410058509
1083727517765861376,1777970264000-632578958264631296-1083727517765861376,1777970264000,1777974210000,1,36.785,17.772,2.0698289444069324
1406586435233906688,1777947484000-632578958264631296-1406586435233906688,1777947484000,1777951467000,1,36.77,11.356,3.2379358929200426
931856805720489984,1777968042000-632578958264631296-931856805720489984,1777968042000,1777972462000,1,36.714,17.527,2.0947110172876133
873201356771426304,1777955452000-632578958264631296-873201356771426304,1777955452000,1777959108000,1,36.686,11.519,3.1848250716208004
1067775256489361408,1777967888000-632578958264631296-1067775256489361408,1777967888000,1777971142000,1,36.405,11.546,3.153040013857613
1277220593376165888,1777952320000-632578958264631296-1277220593376165888,1777952320000,1777956343000,1,36.348,16.955,2.1437923916248898
1476549765217910784,1777979560000-632578958264631296-1476549765217910784,1777979560000,1777983075000,1,36.338,17.472,2.0797847985347984
932612842287267840,1777979440000-632578958264631296-932612842287267840,1777979440000,1777982321000,1,36.302,10.294,3.526520303089178
1067774753596506112,1777951311000-632578958264631296-1067774753596506112,1777951311000,1777954162000,1,36.219,7.465,4.85184192900201
860146891080335360,1777943480000-632578958264631296-860146891080335360,1777943480000,1777947712000,1,36.172,14.179,2.5510966922914164
1079026604165824512,1777960402000-632578958264631296-1079026604165824512,1777960402000,1777966896000,1,36.054,17.652,2.0424881033310673
943859348893859840,1777982152000-632578958264631296-943859348893859840,1777982152000,1777987729000,1,36.004,25.25,1.4259009900990098
1061980520671346688,1777933791000-632578958264631296-1061980520671346688,1777933791000,1777934420000,1,36.0,0.235,153.19148936170214
1083726476706054144,1778002236000-632578958264631296-1083726476706054144,1778002236000,1778002464000,1,36.0,0.212,169.81132075471697
1312806942439112704,1777972428000-632578958264631296-1312806942439112704,1777972428000,1777972708000,1,36.0,0.089,404.49438202247194
1422205318414204928,1777987016000-632578958264631296-1422205318414204928,1777987016000,1777987134000,1,36.0,0.06,600.0
847116116999274496,1777942049000-632578958264631296-847116116999274496,1777942049000,1777942304000,1,36.0,0.262,137.40458015267174
926866983197081600,1777956293000-632578958264631296-926866983197081600,1777956293000,1777956708000,1,36.0,0.315,114.28571428571429
943857890790211584,1777959647000-632578958264631296-943857890790211584,1777959647000,1777959792000,1,36.0,0.045,800.0
1385588816730914816,1777947581000-632578958264631296-1385588816730914816,1777947581000,1777952295000,1,35.997,13.13,2.7415841584158414
1060533930890887168,1778001606000-632578958264631296-1060533930890887168,1778001606000,1778005862000,1,35.98,14.75,2.439322033898305
1083726345994764288,1777982333000-632578958264631296-1083726345994764288,1777982333000,1777985529000,1,35.966,16.381,2.195592454673097
1468940686052032512,1777961645000-632578958264631296-1468940686052032512,1777961645000,1777964899000,1,35.926,7.425,4.838518518518519
1478819140813717504,1777983816000-632578958264631296-1478819140813717504,1777983816000,1777989018000,1,35.872,12.372,2.899450371807307
1385305434218299392,1777932837000-632578958264631296-1385305434218299392,1777932837000,1777936065000,1,35.858,11.584,3.0954765193370166
946032744595456000,1777948950000-632578958264631296-946032744595456000,1777948950000,1777952260000,1,35.748,15.355,2.328101595571475
1298646515224412160,1777984227000-632578958264631296-1298646515224412160,1777984227000,1777988023000,1,35.697,11.574,3.0842405391394507
1464286677953413120,1777960850000-632578958264631296-1464286677953413120,1777960850000,1777963792000,1,35.669,11.546,3.089294993937294
847116116999274496,1777958642000-632578958264631296-847116116999274496,1777958642000,1777962822000,1,35.64,16.978,2.0991871834138296
947092625956012032,1777963670000-632578958264631296-947092625956012032,1777963670000,1777968619000,1,35.581,7.448,4.777255639097745
1545823503347875840,1777974967000-632578958264631296-1545823503347875840,1777974967000,1777978282000,1,35.573,13.799,2.577940430465976
1469693281720860672,1777944790000-632578958264631296-1469693281720860672,1777944790000,1777947644000,1,35.519,11.112,3.196454283657307
943818921138454528,1777942727000-632578958264631296-943818921138454528,1777942727000,1777946468000,1,35.504,13.578,2.614818088083665
792451319469178880,1777955311000-632578958264631296-792451319469178880,1777955311000,1777958878000,1,35.477,14.592,2.4312637061403506
942721856836730880,1777976951000-632578958264631296-942721856836730880,1777976951000,1777980179000,1,35.449,6.569,5.396407367940325
1050037109068398592,1778001406000-632578958264631296-1050037109068398592,1778001406000,1778004322000,1,35.401,7.474,4.736553385068237
946027472992862208,1778005220000-632578958264631296-946027472992862208,1778005220000,1778012647000,1,35.329,17.576,2.010070550751024
943458912718290944,1777963555000-632578958264631296-943458912718290944,1777963555000,1777966883000,1,35.319,7.848,4.5003822629969426
792451146961649664,1778002542000-632578958264631296-792451146961649664,1778002542000,1778006963000,1,35.17,15.539,2.2633374090996847
1491416395517263872,1777983175000-632578958264631296-1491416395517263872,1777983175000,1777986764000,1,35.16,15.106,2.3275519661061828
1131571393566081024,1777941147000-632578958264631296-1131571393566081024,1777941147000,1777944506000,1,35.132,9.963,3.526247114322995
1091761897729949696,1777946198000-632578958264631296-1091761897729949696,1777946198000,1777950788000,1,35.13,8.052,4.362891207153503
1046836268442320896,1777962780000-632578958264631296-1046836268442320896,1777962780000,1777966021000,1,35.09,16.563,2.1185775523757777
893821287409909760,1777943649000-632578958264631296-893821287409909760,1777943649000,1777947460000,1,35.013,10.661,3.2842134884157206
1083726423769743360,1777979100000-632578958264631296-1083726423769743360,1777979100000,1777979332000,1,35.0,0.225,155.55555555555554
1396880990281924608,1777974801000-632578958264631296-1396880990281924608,1777974801000,1777975025000,1,35.0,0.053,660.377358490566
926835749754503168,1777987647000-632578958264631296-926835749754503168,1777987647000,1777987739000,1,35.0,0.045,777.7777777777778
928334310946111488,1777982814000-632578958264631296-928334310946111488,1777982814000,1777982927000,1,35.0,0.061,573.7704918032787
951558414842986496,1777935822000-632578958264631296-951558414842986496,1777935822000,1777941755000,1,34.934,18.484,1.88995888335858
997896292355014656,1777981595000-632578958264631296-997896292355014656,1777981595000,1777985435000,1,34.877,11.059,3.1537209512614166
1067765061260410880,1777961064000-632578958264631296-1067765061260410880,1777961064000,1777965231000,1,34.761,15.367,2.2620550530357257
1536014529144553472,1777957717000-632578958264631296-1536014529144553472,1777957717000,1777961186000,1,34.589,12.767,2.7092504112164173
1396880990281924608,1777979252000-632578958264631296-1396880990281924608,1777979252000,1777982562000,1,34.535,11.858,2.912379827964243
1134877765846171648,1777979438000-632578958264631296-1134877765846171648,1777979438000,1777982570000,1,34.513,11.066,3.118832459786734
946032744595456000,1777957587000-632578958264631296-946032744595456000,1777957587000,1777960734000,1,34.389,12.256,2.805890992167102
1161574576161816576,1777978731000-632578958264631296-1161574576161816576,1777978731000,1777982747000,1,34.366,14.591,2.3552875059968477
1441118393376702464,1777959532000-632578958264631296-1441118393376702464,1777959532000,1777962809000,1,34.274,13.625,2.5155229357798166
926866983197081600,1777969405000-632578958264631296-926866983197081600,1777969405000,1777972696000,1,34.26,6.739,5.08384033239353
1050036568242257920,1777948075000-632578958264631296-1050036568242257920,1777948075000,1777951443000,1,34.229,10.473,3.2683089850090705
939546576563470336,1777944294000-632578958264631296-939546576563470336,1777944294000,1777947738000,1,34.218,14.572,2.348202031292891
1094226815196594176,1777955478000-632578958264631296-1094226815196594176,1777955478000,1777958823000,1,34.142,8.007,4.264018983389534
1501934002158698496,1777959550000-632578958264631296-1501934002158698496,1777959550000,1777962504000,1,34.139,13.741,2.48446255731024
1545824482457812992,1777987098000-632578958264631296-1545824482457812992,1777987098000,1777991551000,1,34.05,23.552,1.4457370923913042
873897783357079552,1777978017000-632578958264631296-873897783357079552,1777978017000,1777981824000,1,34.03,12.992,2.6193041871921183
1082330521322651648,1777997542000-632578958264631296-1082330521322651648,1777997542000,1777997987000,1,34.0,0.473,71.8816067653277
1396880990281924608,1777927503000-632578958264631296-1396880990281924608,1777927503000,1777927734000,1,34.0,0.127,267.7165354330709
1406229042385911808,1777923838000-632578958264631296-1406229042385911808,1777923838000,1777924187000,1,34.0,0.193,176.1658031088083
863411203819438080,1777986246000-632578958264631296-863411203819438080,1777986246000,1777986569000,1,34.0,0.251,135.4581673306773
947452563299500032,1777940215000-632578958264631296-947452563299500032,1777940215000,1777940515000,1,34.0,0.129,263.5658914728682
1536022277991170048,1777945922000-632578958264631296-1536022277991170048,1777945922000,1777949008000,1,33.911,8.59,3.9477299185098955
1476549608761982976,1777949924000-632578958264631296-1476549608761982976,1777949924000,1777953342000,1,33.858,13.089,2.5867522347008935
1484590862305329152,1777995698000-632578958264631296-1484590862305329152,1777995698000,1777999817000,1,33.787,13.904,2.430020138089758
1067765061260410880,1777941641000-632578958264631296-1067765061260410880,1777941641000,1777944524000,1,33.691,12.164,2.769730351857942
1535704124731949056,1777969894000-632578958264631296-1535704124731949056,1777969894000,1777972852000,1,33.677,10.524,3.2000190041809202
942469061864849408,1777944992000-632578958264631296-942469061864849408,1777944992000,1777949882000,1,33.639,18.255,1.8427280197206248
1083726345994764288,1777990989000-632578958264631296-1083726345994764288,1777990989000,1777994481000,1,33.635,11.807,2.848733801981875
939547018001383424,1777951858000-632578958264631296-939547018001383424,1777951858000,1777954955000,1,33.496,10.824,3.0946045824094606
1080454515951403008,1777956038000-632578958264631296-1080454515951403008,1777956038000,1777959270000,1,33.492,16.372,2.045687759589543
1127222273418199040,1777942805000-632578958264631296-1127222273418199040,1777942805000,1777945570000,1,33.444,11.654,2.8697442938047026
1063501597117513728,1777949111000-632578958264631296-1063501597117513728,1777949111000,1777953190000,1,33.399,15.462,2.160069848661234
1389243594644127744,1777990907000-632578958264631296-1389243594644127744,1777990907000,1777994453000,1,33.375,11.73,2.8452685421994883
946030864989421568,1777940630000-632578958264631296-946030864989421568,1777940630000,1777944108000,1,33.313,8.312,4.007820019249278
964172050669240320,1777950663000-632578958264631296-964172050669240320,1777950663000,1777954261000,1,33.236,13.374,2.485120382832361
1047649870816477184,1777949118000-632578958264631296-1047649870816477184,1777949118000,1777952963000,1,33.177,15.205,2.1819796119697465
1101524127430213632,1777963710000-632578958264631296-1101524127430213632,1777963710000,1777967465000,1,33.174,16.089,2.0619056498228603
1464628801508999168,1777981627000-632578958264631296-1464628801508999168,1777981627000,1777984531000,1,33.169,9.884,3.355827600161877
1083728919393206272,1777970252000-632578958264631296-1083728919393206272,1777970252000,1777973671000,1,33.125,6.707,4.938869837483226
1168836102002311168,1777959351000-632578958264631296-1168836102002311168,1777959351000,1777963829000,1,33.021,11.045,2.9896785875961975
1083727593376579584,1777955868000-632578958264631296-1083727593376579584,1777955868000,1777956053000,1,33.0,0.143,230.7692307692308
1464286677953413120,1777975843000-632578958264631296-1464286677953413120,1777975843000,1777976633000,1,33.0,0.395,83.54430379746834
925753337108758528,1777974933000-632578958264631296-925753337108758528,1777974933000,1777975093000,1,33.0,0.053,622.6415094339623
947092625956012032,1777950155000-632578958264631296-947092625956012032,1777950155000,1777950308000,1,33.0,0.07,471.4285714285714
871764525957775360,1777955598000-632578958264631296-871764525957775360,1777955598000,1777958929000,1,32.981,8.413,3.9202424818732915
794950170587430912,1777994917000-632578958264631296-794950170587430912,1777994917000,1777999000000,1,32.944,14.159,2.326717988558514
971379691866816512,1777961898000-632578958264631296-971379691866816512,1777961898000,1777966311000,1,32.912,16.361,2.011612982091559
951563481520275456,1777970035000-632578958264631296-951563481520275456,1777970035000,1777973621000,1,32.868,10.109,3.2513601741022855
1535704124731949056,1777945877000-632578958264631296-1535704124731949056,1777945877000,1777948656000,1,32.852,11.326,2.9005827300017653
1135630948969218048,1777962427000-632578958264631296-1135630948969218048,1777962427000,1777966215000,1,32.8,16.364,2.0043999022243946
1462138501628690432,1777956301000-632578958264631296-1462138501628690432,1777956301000,1777959465000,1,32.729,11.14,2.937971274685817
1067775916656033792,1777980227000-632578958264631296-1067775916656033792,1777980227000,1777983687000,1,32.712,8.863,3.6908495994584234
1079095785133441024,1777969633000-632578958264631296-1079095785133441024,1777969633000,1777972803000,1,32.679,15.493,2.1092751565223007
1134877765846171648,1777993254000-632578958264631296-1134877765846171648,1777993254000,1777995971000,1,32.584,9.309,3.5002685573101306
1067765061260410880,1777986912000-632578958264631296-1067765061260410880,1777986912000,1777989531000,1,32.578,9.538,3.415600754875236
1475453057469775872,1777935570000-632578958264631296-1475453057469775872,1777935570000,1777939054000,1,32.557,11.37,2.8634124890061567
1071457116943810560,1778002375000-632578958264631296-1071457116943810560,1778002375000,1778005388000,1,32.536,12.105,2.687814952498967
1396880990281924608,1777993072000-632578958264631296-1396880990281924608,1777993072000,1777995883000,1,32.451,8.156,3.978788621873467
869903934959910912,1777939303000-632578958264631296-869903934959910912,1777939303000,1777943450000,1,32.398,12.65,2.561106719367589
1050036509840769024,1777940925000-632578958264631296-1050036509840769024,1777940925000,1777944223000,1,32.383,12.481,2.5945837673263363
1120316721542987776,1777956650000-632578958264631296-1120316721542987776,1777956650000,1777959560000,1,32.374,7.602,4.258616153643778
1406586595699589120,1777984277000-632578958264631296-1406586595699589120,1777984277000,1777989138000,1,32.336,14.988,2.1574593007739526
780085706063085568,1777982477000-632578958264631296-780085706063085568,1777982477000,1777986435000,1,32.291,13.0,2.4839230769230767
1525526061327056896,1777954821000-632578958264631296-1525526061327056896,1777954821000,1777957509000,1,32.285,10.833,2.9802455460168003
943859348893859840,1777978343000-632578958264631296-943859348893859840,1777978343000,1777981630000,1,32.262,9.587,3.3651820173151146
1464286463544786944,1777967406000-632578958264631296-1464286463544786944,1777967406000,1777970533000,1,32.243,9.754,3.305618207914702
786246735176400896,1777968110000-632578958264631296-786246735176400896,1777968110000,1777970843000,1,32.219,8.136,3.9600540806293023
1082303861131051008,1777963490000-632578958264631296-1082303861131051008,1777963490000,1777967111000,1,32.185,8.704,3.6977251838235294
784445514740400128,1777937348000-632578958264631296-784445514740400128,1777937348000,1777940011000,1,32.181,10.539,3.0535155138058636
1268615233111326720,1777971703000-632578958264631296-1268615233111326720,1777971703000,1777975032000,1,32.049,7.41,4.325101214574898
1071457116943810560,1777957234000-632578958264631296-1071457116943810560,1777957234000,1777960876000,1,32.029,14.716,2.1764745854851864
1050036019790872576,1777987664000-632578958264631296-1050036019790872576,1777987664000,1777987935000,1,32.0,0.209,153.11004784688996
1157003119578578944,1777951215000-632578958264631296-1157003119578578944,1777951215000,1777951573000,1,32.0,0.105,304.76190476190476
863411203819438080,1777976913000-632578958264631296-863411203819438080,1777976913000,1777977090000,1,32.0,0.189,169.31216931216932
946029440482148352,1777964572000-632578958264631296-946029440482148352,1777964572000,1777965087000,1,32.0,0.316,101.26582278481013
862693652038680576,1777939129000-632578958264631296-862693652038680576,1777939129000,1777941957000,1,31.748,13.228,2.400060477774418
1135630948969218048,1777951947000-632578958264631296-1135630948969218048,1777951947000,1777955240000,1,31.607,13.057,2.4206938806770313
1082303861131051008,1777985232000-632578958264631296-1082303861131051008,1777985232000,1777989509000,1,31.585,13.617,2.319527061761034
939138676678459392,1777965309000-632578958264631296-939138676678459392,1777965309000,1777968316000,1,31.534,6.395,4.931039874902267
1491416395517263872,1777979131000-632578958264631296-1491416395517263872,1777979131000,1777982498000,1,31.482,11.241,2.800640512409928
939546232131420160,1777989868000-632578958264631296-939546232131420160,1777989868000,1777993244000,1,31.471,12.573,2.5030621172353453
1406229042385911808,1777979325000-632578958264631296-1406229042385911808,1777979325000,1777984662000,1,31.456,8.324,3.778952426717924
1132635709874634752,1777961622000-632578958264631296-1132635709874634752,1777961622000,1777965359000,1,31.439,8.401,3.7422925842161647
1405141042860130304,1777959568000-632578958264631296-1405141042860130304,1777959568000,1777963026000,1,31.328,10.905,2.8728106373223294
1050036509840769024,1777916952000-632578958264631296-1050036509840769024,1777916952000,1777919482000,1,31.237,10.803,2.8915116171433857
1464269416886697984,1777958524000-632578958264631296-1464269416886697984,1777958524000,1777961499000,1,31.2,9.707,3.2141753373853916
870568761881526272,1777949650000-632578958264631296-870568761881526272,1777949650000,1777952702000,1,31.194,11.938,2.6130005025967495
1112389405491855360,1777949780000-632578958264631296-1112389405491855360,1777949780000,1777952811000,1,31.174,12.616,2.4709892200380468
870286624469024768,1777980322000-632578958264631296-870286624469024768,1777980322000,1777983634000,1,31.065,13.231,2.347895094852997
1083727517765861376,1777984196000-632578958264631296-1083727517765861376,1777984196000,1777987273000,1,31.044,11.205,2.770548862115127
1268614873160351744,1777965660000-632578958264631296-1268614873160351744,1777965660000,1777968434000,1,31.014,10.371,2.9904541509979747
1093087738300727296,1777983556000-632578958264631296-1093087738300727296,1777983556000,1777983662000,1,31.0,0.146,212.3287671232877
1396880990281924608,1777978430000-632578958264631296-1396880990281924608,1777978430000,1777978784000,1,31.0,0.126,246.03174603174602
1396881382210273280,1777969521000-632578958264631296-1396881382210273280,1777969521000,1777969686000,1,31.0,0.09,344.44444444444446
1422205425331208192,1777988938000-632578958264631296-1422205425331208192,1777988938000,1777989102000,1,31.0,0.062,500.0
1464269416886697984,1777938958000-632578958264631296-1464269416886697984,1777938958000,1777941959000,1,31.0,15.637,1.9824774573127837
893133531117518848,1777997495000-632578958264631296-893133531117518848,1777997495000,1777998224000,1,31.0,0.341,90.9090909090909
928334310946111488,1777978299000-632578958264631296-928334310946111488,1777978299000,1777978410000,1,31.0,0.05,620.0
1161991673035620352,1777987521000-632578958264631296-1161991673035620352,1777987521000,1777990825000,1,30.927,11.647,2.6553618957671503
1083729038846984192,1777981636000-632578958264631296-1083729038846984192,1777981636000,1777984650000,1,30.884,10.14,3.0457593688362916
1094588896550846464,1777964677000-632578958264631296-1094588896550846464,1777964677000,1777968756000,1,30.843,12.863,2.3978076653968747
964172050669240320,1777958652000-632578958264631296-964172050669240320,1777958652000,1777961739000,1,30.82,10.531,2.926597664039502
787687496786903040,1777958627000-632578958264631296-787687496786903040,1777958627000,1777961808000,1,30.809,12.0,2.567416666666667
1500136074981146624,1777950626000-632578958264631296-1500136074981146624,1777950626000,1777953925000,1,30.792,10.583,2.9095719550222054
1067776159577538560,1777950166000-632578958264631296-1067776159577538560,1777950166000,1777952908000,1,30.79,11.074,2.7803864908795375
1536014589357981696,1777996914000-632578958264631296-1536014589357981696,1777996914000,1777999444000,1,30.663,6.511,4.709414836430656
908732861828300800,1777989181000-632578958264631296-908732861828300800,1777989181000,1777992220000,1,30.66,7.905,3.878557874762808
1103352309556969472,1777962130000-632578958264631296-1103352309556969472,1777962130000,1777964470000,1,30.527,7.373,4.14037705140377
1540361729291059200,1777959144000-632578958264631296-1540361729291059200,1777959144000,1777962350000,1,30.482,15.712,1.9400458248472505
1486716779844599808,1777970522000-632578958264631296-1486716779844599808,1777970522000,1777974628000,1,30.327,13.842,2.190940615517989
966356141711818752,1777982055000-632578958264631296-966356141711818752,1777982055000,1777986648000,1,30.292,13.493,2.2450159341880975
784445514740400128,1777946174000-632578958264631296-784445514740400128,1777946174000,1777949027000,1,30.287,13.177,2.2984746148592246
1067774753596506112,1777946162000-632578958264631296-1067774753596506112,1777946162000,1777948883000,1,30.275,6.649,4.553316288163633
942469061864849408,1777950269000-632578958264631296-942469061864849408,1777950269000,1777953307000,1,30.124,11.592,2.5986887508626637
1464260641047969792,1777953298000-632578958264631296-1464260641047969792,1777953298000,1777956039000,1,30.11,11.483,2.6221370721936776
947452563299500032,1777950211000-632578958264631296-947452563299500032,1777950211000,1777952973000,1,30.105,5.853,5.143516145566377
925753337108758528,1777950228000-632578958264631296-925753337108758528,1777950228000,1777952978000,1,30.075,6.09,4.938423645320197
1536014543027699712,1777965554000-632578958264631296-1536014543027699712,1777965554000,1777968329000,1,30.04,12.908,2.3272389215990086
1050037336936546304,1777917767000-632578958264631296-1050037336936546304,1777917767000,1777921351000,1,30.0,1.536,19.53125
1076186718555602944,1777979433000-632578958264631296-1076186718555602944,1777979433000,1777979726000,1,30.0,0.097,309.2783505154639
1083016936570224640,1777987819000-632578958264631296-1083016936570224640,1777987819000,1777987984000,1,30.0,0.124,241.93548387096774
1083016936570224640,1777988969000-632578958264631296-1083016936570224640,1777988969000,1777989249000,1,30.0,0.269,111.52416356877323
1083726423769743360,1777986421000-632578958264631296-1083726423769743360,1777986421000,1777986827000,1,30.0,0.464,64.6551724137931
1094226778622263296,1777951199000-632578958264631296-1094226778622263296,1777951199000,1777952461000,1,30.0,1.43,20.97902097902098
1397607242391355392,1777996302000-632578958264631296-1397607242391355392,1777996302000,1777996517000,1,30.0,0.088,340.90909090909093
1471165126924042240,1777988761000-632578958264631296-1471165126924042240,1777988761000,1777988897000,1,30.0,0.044,681.8181818181819
940981890892955648,1777987349000-632578958264631296-940981890892955648,1777987349000,1777987500000,1,30.0,0.043,697.6744186046512
1406229042385911808,1777958401000-632578958264631296-1406229042385911808,1777958401000,1777961847000,1,29.979,6.375,4.702588235294118
1536014535985463296,1777980651000-632578958264631296-1536014535985463296,1777980651000,1777984695000,1,29.953,13.238,2.262652968726394
1083727986517082112,1777980647000-632578958264631296-1083727986517082112,1777980647000,1777985007000,1,29.943,13.895,2.1549478229578987
1142833661045899264,1777974397000-632578958264631296-1142833661045899264,1777974397000,1777978196000,1,29.898,11.45,2.61117903930131
1046836268442320896,1777986790000-632578958264631296-1046836268442320896,1777986790000,1777989417000,1,29.824,12.581,2.3705587791113585
1045015172411817984,1777975347000-632578958264631296-1045015172411817984,1777975347000,1777978928000,1,29.696,18.723,1.5860706083426803
780085706063085568,1777987027000-632578958264631296-780085706063085568,1777987027000,1777991116000,1,29.694,11.76,2.525
862677558196436992,1777940069000-632578958264631296-862677558196436992,1777940069000,1777943226000,1,29.477,9.762,3.0195656627740215
902974583798235136,1777987694000-632578958264631296-902974583798235136,1777987694000,1777990697000,1,29.44,6.619,4.447801782746639
932302785804763136,1777948010000-632578958264631296-932302785804763136,1777948010000,1777950562000,1,29.361,5.25,5.5925714285714285
928334310946111488,1777951861000-632578958264631296-928334310946111488,1777951861000,1777956406000,1,29.318,13.338,2.1980806717648824
964172050669240320,1777939561000-632578958264631296-964172050669240320,1777939561000,1777942528000,1,29.3,9.604,3.050812161599334
1428031634325635072,1777978871000-632578958264631296-1428031634325635072,1777978871000,1777981762000,1,29.189,9.343,3.124157122979771
1067774753596506112,1777968481000-632578958264631296-1067774753596506112,1777968481000,1777971097000,1,29.183,6.569,4.442533110062414
1079095785133441024,1777986884000-632578958264631296-1079095785133441024,1777986884000,1777989166000,1,29.177,14.758,1.977029407778832
1083726613264203776,1777967940000-632578958264631296-1083726613264203776,1777967940000,1777971669000,1,29.172,6.762,4.314108251996451
1050035879038418944,1777979907000-632578958264631296-1050035879038418944,1777979907000,1777983061000,1,29.12,6.739,4.321115892565663
1345798361172672512,1777979655000-632578958264631296-1345798361172672512,1777979655000,1777982367000,1,29.106,13.691,2.1259221386312177
1083728870357598208,1777987314000-632578958264631296-1083728870357598208,1777987314000,1777990908000,1,29.09,6.648,4.3757521058965105
1079095785133441024,1777977829000-632578958264631296-1079095785133441024,1777977829000,1777980421000,1,29.085,11.587,2.510140674894278
1501933902321680384,1777986321000-632578958264631296-1501933902321680384,1777986321000,1777989578000,1,29.077,11.61,2.5044788975021537
939138676678459392,1777977146000-632578958264631296-939138676678459392,1777977146000,1777980512000,1,29.077,5.721,5.082503058905786
929707161364201472,1777973394000-632578958264631296-929707161364201472,1777973394000,1777975818000,1,29.061,11.56,2.513927335640138
1397607242391355392,1777987285000-632578958264631296-1397607242391355392,1777987285000,1777990823000,1,29.06,5.802,5.008617718028266
1094588896550846464,1777988055000-632578958264631296-1094588896550846464,1777988055000,1777991078000,1,29.021,12.094,2.3996196461055073
1536022277991170048,1777941460000-632578958264631296-1536022277991170048,1777941460000,1777945008000,1,29.007,8.159,3.555215099889692
1083726423769743360,1777989537000-632578958264631296-1083726423769743360,1777989537000,1777989942000,1,29.0,0.346,83.81502890173411
1083727048683290624,1777964026000-632578958264631296-1083727048683290624,1777964026000,1777964313000,1,29.0,0.279,103.9426523297491
1083727048683290624,1777967711000-632578958264631296-1083727048683290624,1777967711000,1777968192000,1,29.0,0.495,58.58585858585859
1401196266230120448,1777982373000-632578958264631296-1401196266230120448,1777982373000,1777983186000,1,29.0,1.165,24.892703862660944
818154714091749376,1777978994000-632578958264631296-818154714091749376,1777978994000,1777979218000,1,29.0,0.132,219.6969696969697
927179928254808064,1777988080000-632578958264631296-927179928254808064,1777988080000,1777988217000,1,29.0,0.035,828.5714285714284
860146891080335360,1777971135000-632578958264631296-860146891080335360,1777971135000,1777974751000,1,28.975,10.257,2.824900068246076
861290333428776960,1777960955000-632578958264631296-861290333428776960,1777960955000,1777965046000,1,28.97,13.353,2.1695499138770313
1465365829724930048,1777985658000-632578958264631296-1465365829724930048,1777985658000,1777988172000,1,28.92,6.72,4.303571428571429
1157003119578578944,1777936004000-632578958264631296-1157003119578578944,1777936004000,1777940311000,1,28.883,14.087,2.0503300915737914
866686265431425024,1777974245000-632578958264631296-866686265431425024,1777974245000,1777976875000,1,28.857,6.793,4.2480494626821725
938817698895233024,1777955606000-632578958264631296-938817698895233024,1777955606000,1777957761000,1,28.793,12.29,2.34279902359642
947104748366987264,1777975100000-632578958264631296-947104748366987264,1777975100000,1777978034000,1,28.757,10.122,2.8410393202924324
1073966174624022528,1777950859000-632578958264631296-1073966174624022528,1777950859000,1777955660000,1,28.755,5.608,5.127496433666192
780122893064339456,1777996786000-632578958264631296-780122893064339456,1777996786000,1777999165000,1,28.745,5.542,5.18675568386864
946030864989421568,1777981549000-632578958264631296-946030864989421568,1777981549000,1777984620000,1,28.736,6.589,4.361208074062832
1464269416886697984,1777954545000-632578958264631296-1464269416886697984,1777954545000,1777957310000,1,28.733,10.012,2.8698561725928884
940983317312831488,1777965710000-632578958264631296-940983317312831488,1777965710000,1777968246000,1,28.683,10.684,2.6846686634219394
1298646515224412160,1777946006000-632578958264631296-1298646515224412160,1777946006000,1777949431000,1,28.677,10.045,2.8548531607765057
1488129049464143872,1777965186000-632578958264631296-1488129049464143872,1777965186000,1777967811000,1,28.663,9.633,2.9755008823834737
1540361934212169728,1777928488000-632578958264631296-1540361934212169728,1777928488000,1777931630000,1,28.567,6.326,4.515807777426494
780085706063085568,1777942555000-632578958264631296-780085706063085568,1777942555000,1777946110000,1,28.553,9.809,2.9108981547558366
798991075485155328,1777959905000-632578958264631296-798991075485155328,1777959905000,1777962238000,1,28.526,4.701,6.068070623271645
1127222273418199040,1777947309000-632578958264631296-1127222273418199040,1777947309000,1777950054000,1,28.48,9.931,2.8677877353740815
1398705978894974976,1777975796000-632578958264631296-1398705978894974976,1777975796000,1777979194000,1,28.274,10.829,2.610952073136947
787687496786903040,1777939442000-632578958264631296-787687496786903040,1777939442000,1777942542000,1,28.187,11.288,2.4970765414599576
1067775256489361408,1777991421000-632578958264631296-1067775256489361408,1777991421000,1777994828000,1,28.176,13.712,2.0548424737456243
1422205318414204928,1777964597000-632578958264631296-1422205318414204928,1777964597000,1777968127000,1,28.171,6.627,4.2509431115135055
1067775012183736320,1777973891000-632578958264631296-1067775012183736320,1777973891000,1777976578000,1,28.1,9.934,2.8286692168310856
1152270574152581120,1777960918000-632578958264631296-1152270574152581120,1777960918000,1777963734000,1,28.058,8.02,3.4985037406483794
1050036776183267328,1777971282000-632578958264631296-1050036776183267328,1777971282000,1777972062000,1,28.0,1.007,27.805362462760677
1083019060351860736,1777951919000-632578958264631296-1083019060351860736,1777951919000,1777952071000,1,28.0,0.108,259.25925925925924
1111626569580806144,1777976473000-632578958264631296-1111626569580806144,1777976473000,1777976637000,1,28.0,0.11,254.54545454545453
1141991039255445504,1777967617000-632578958264631296-1141991039255445504,1777967617000,1777969243000,1,28.0,1.736,16.129032258064516
1464628801508999168,1777920615000-632578958264631296-1464628801508999168,1777920615000,1777920942000,1,28.0,0.151,185.43046357615896
788429534713085952,1777957030000-632578958264631296-788429534713085952,1777957030000,1777957227000,1,28.0,0.056,500.0
931856805720489984,1777990284000-632578958264631296-931856805720489984,1777990284000,1777990475000,1,28.0,0.15,186.66666666666669
938817698895233024,1777991712000-632578958264631296-938817698895233024,1777991712000,1777991836000,1,28.0,0.037,756.7567567567568
1364616390270517248,1777982472000-632578958264631296-1364616390270517248,1777982472000,1777985059000,1,27.886,5.249,5.3126309773290155
1050037243114160128,1777972998000-632578958264631296-1050037243114160128,1777972998000,1777976031000,1,27.824,10.021,2.7765692046701926
1050036019790872576,1777971873000-632578958264631296-1050036019790872576,1777971873000,1777975263000,1,27.795,11.009,2.5247524752475248
1140670395897085952,1777923439000-632578958264631296-1140670395897085952,1777923439000,1777926737000,1,27.743,6.863,4.042401282238088
1211786303754993664,1777992253000-632578958264631296-1211786303754993664,1777992253000,1777995834000,1,27.693,10.109,2.739440102878623
1345798361172672512,1777982372000-632578958264631296-1345798361172672512,1777982372000,1777985103000,1,27.535,12.911,2.132677561769034
847126508215468032,1777935741000-632578958264631296-847126508215468032,1777935741000,1777939268000,1,27.458,14.46,1.8988934993084368
943818030159233024,1777945615000-632578958264631296-943818030159233024,1777945615000,1777949055000,1,27.447,5.661,4.848436671966084
869216733288726528,1777943715000-632578958264631296-869216733288726528,1777943715000,1777946266000,1,27.446,8.024,3.42048853439681
1537822792169291776,1777966401000-632578958264631296-1537822792169291776,1777966401000,1777968438000,1,27.425,6.056,4.528566710700132
1476549765217910784,1777950033000-632578958264631296-1476549765217910784,1777950033000,1777952432000,1,27.378,9.296,2.9451376936316698
927153603469115392,1777973462000-632578958264631296-927153603469115392,1777973462000,1777975833000,1,27.349,5.451,5.01724454228582
1073966174624022528,1777957312000-632578958264631296-1073966174624022528,1777957312000,1777960919000,1,27.226,5.359,5.080425452509797
1103352309556969472,1777965804000-632578958264631296-1103352309556969472,1777965804000,1777968357000,1,27.224,11.117,2.448862103085365
944591832124227584,1777997370000-632578958264631296-944591832124227584,1777997370000,1777999683000,1,27.185,5.884,4.620156356220257
1464286677953413120,1777946190000-632578958264631296-1464286677953413120,1777946190000,1777948735000,1,27.095,8.641,3.1356324499479227
1535695002116554752,1777967257000-632578958264631296-1535695002116554752,1777967257000,1777970166000,1,27.078,5.795,4.672648835202761
1385305291104452608,1777989033000-632578958264631296-1385305291104452608,1777989033000,1777989143000,1,27.0,0.04,675.0
1385305554984894464,1777953496000-632578958264631296-1385305554984894464,1777953496000,1777953652000,1,27.0,0.074,364.8648648648649
1385589109656911872,1777986801000-632578958264631296-1385589109656911872,1777986801000,1777986974000,1,27.0,0.13,207.69230769230768
1397607641592627200,1778002668000-632578958264631296-1397607641592627200,1778002668000,1778002963000,1,27.0,0.104,259.61538461538464
1471148657502846976,1777988942000-632578958264631296-1471148657502846976,1777988942000,1777989307000,1,27.0,0.165,163.63636363636363
800026217909583872,1778003524000-632578958264631296-800026217909583872,1778003524000,1778004446000,1,27.0,0.614,43.97394136807818
870275474985582592,1777978563000-632578958264631296-870275474985582592,1777978563000,1777978883000,1,27.0,0.265,101.88679245283018
951559578305167360,1777985946000-632578958264631296-951559578305167360,1777985946000,1777986130000,1,27.0,0.055,490.90909090909093
939547788868321280,1777944394000-632578958264631296-939547788868321280,1777944394000,1777946868000,1,26.952,8.526,3.1611541168191417
1083726789898928128,1777949686000-632578958264631296-1083726789898928128,1777949686000,1777952235000,1,26.912,12.281,2.191352495725104
938817698895233024,1777988015000-632578958264631296-938817698895233024,1777988015000,1777990773000,1,26.852,14.164,1.8957921491104208
1152270574152581120,1777971752000-632578958264631296-1152270574152581120,1777971752000,1777975305000,1,26.7,10.742,2.4855706572332896
1545824482457812992,1777951507000-632578958264631296-1545824482457812992,1777951507000,1777955353000,1,26.681,13.246,2.0142684584025368
970285003134992384,1777987648000-632578958264631296-970285003134992384,1777987648000,1777990395000,1,26.65,10.301,2.5871274633530725
1405177997576634368,1777982045000-632578958264631296-1405177997576634368,1777982045000,1777987109000,1,26.648,19.12,1.393723849372385
1083727517765861376,1777953221000-632578958264631296-1083727517765861376,1777953221000,1777955908000,1,26.636,9.376,2.8408703071672354
862677558196436992,1777998442000-632578958264631296-862677558196436992,1777998442000,1778001076000,1,26.593,9.222,2.8836477987421385
947091862986948608,1777935534000-632578958264631296-947091862986948608,1777935534000,1777938964000,1,26.578,10.571,2.5142370636647433
939140294748667904,1777973878000-632578958264631296-939140294748667904,1777973878000,1777976627000,1,26.526,14.084,1.8834138028969043
857602255610707968,1777966521000-632578958264631296-857602255610707968,1777966521000,1777968665000,1,26.525,7.403,3.583006889099014
1046442514266980352,1777935572000-632578958264631296-1046442514266980352,1777935572000,1777938966000,1,26.51,9.585,2.7657798643714138
1488129049464143872,1777961389000-632578958264631296-1488129049464143872,1777961389000,1777963485000,1,26.501,8.714,3.0411980720679366
939138676678459392,1777920485000-632578958264631296-939138676678459392,1777920485000,1777923914000,1,26.411,5.597,4.718777916741111
943859348893859840,1777959505000-632578958264631296-943859348893859840,1777959505000,1777962713000,1,26.404,9.208,2.86750651607298
1537822792169291776,1777950866000-632578958264631296-1537822792169291776,1777950866000,1777952930000,1,26.375,6.015,4.3848711554447215
947094374120947712,1777935132000-632578958264631296-947094374120947712,1777935132000,1777938541000,1,26.154,6.508,4.0187461585740625
943859348893859840,1777963286000-632578958264631296-943859348893859840,1777963286000,1777965963000,1,26.119,5.841,4.471665810648862
1478819140813717504,1777956440000-632578958264631296-1478819140813717504,1777956440000,1777963872000,1,26.044,20.5,1.270439024390244
1056588446363025408,1777980991000-632578958264631296-1056588446363025408,1777980991000,1777981336000,1,26.0,0.059,440.67796610169495
1067772524470730752,1777975436000-632578958264631296-1067772524470730752,1777975436000,1777975631000,1,26.0,0.176,147.72727272727275
1083727333329731584,1777964102000-632578958264631296-1083727333329731584,1777964102000,1777965959000,1,26.0,1.803,14.420410427066
1138782810882965504,1777967932000-632578958264631296-1138782810882965504,1777967932000,1777968315000,1,26.0,0.419,62.05250596658711
1176582451024101376,1777998006000-632578958264631296-1176582451024101376,1777998006000,1777998160000,1,26.0,0.128,203.125
1422205634715058176,1777997047000-632578958264631296-1422205634715058176,1777997047000,1777997755000,1,26.0,0.366,71.03825136612022
818154714091749376,1777988033000-632578958264631296-818154714091749376,1777988033000,1777988259000,1,26.0,0.147,176.87074829931973
873916972050415616,1777981675000-632578958264631296-873916972050415616,1777981675000,1777981870000,1,26.0,0.172,151.16279069767444
1406586435233906688,1777972618000-632578958264631296-1406586435233906688,1777972618000,1777975193000,1,25.959,7.98,3.2530075187969922
790970372676648960,1777943959000-632578958264631296-790970372676648960,1777943959000,1777946156000,1,25.94,7.192,3.60678531701891
926835749754503168,1777995566000-632578958264631296-926835749754503168,1777995566000,1777999186000,1,25.875,9.944,2.602071600965406
1088511709141794816,1777954464000-632578958264631296-1088511709141794816,1777954464000,1777957838000,1,25.863,12.232,2.114372138652714
1083728919393206272,1777980605000-632578958264631296-1083728919393206272,1777980605000,1777983346000,1,25.851,5.152,5.017663043478261
1373358446576926720,1777995129000-632578958264631296-1373358446576926720,1777995129000,1777998765000,1,25.827,1.487,17.36852723604573
1488129049464143872,1777941759000-632578958264631296-1488129049464143872,1777941759000,1777944852000,1,25.81,9.252,2.7896670990056203
1101122257968693248,1777955643000-632578958264631296-1101122257968693248,1777955643000,1777958411000,1,25.806,10.461,2.466876971608833
1540361729291059200,1777945262000-632578958264631296-1540361729291059200,1777945262000,1777947426000,1,25.682,7.997,3.21145429536076
1132636252537880576,1777941600000-632578958264631296-1132636252537880576,1777941600000,1777944452000,1,25.679,6.533,3.930659727537119
1478819140813717504,1777992770000-632578958264631296-1478819140813717504,1777992770000,1777995778000,1,25.631,9.335,2.745688269951794
1477629723302428672,1777946779000-632578958264631296-1477629723302428672,1777946779000,1777949590000,1,25.625,6.567,3.902086188518349
1357047782162038784,1777981034000-632578958264631296-1357047782162038784,1777981034000,1777983526000,1,25.586,5.1,5.016862745098039
1484590862305329152,1777945177000-632578958264631296-1484590862305329152,1777945177000,1777947806000,1,25.521,4.614,5.531209362808843
847126508215468032,1778004081000-632578958264631296-847126508215468032,1778004081000,1778008693000,1,25.4,13.209,1.9229313346960406
1161574576161816576,1777984876000-632578958264631296-1161574576161816576,1777984876000,1777987720000,1,25.344,8.771,2.8895222893626724
946033560920260608,1777950262000-632578958264631296-946033560920260608,1777950262000,1777953653000,1,25.241,9.277,2.720814918615932
1083727931903049728,1777948883000-632578958264631296-1083727931903049728,1777948883000,1777951619000,1,25.12,8.462,2.968565350980856
1067764685513687040,1777935545000-632578958264631296-1067764685513687040,1777935545000,1777939482000,1,25.101,14.965,1.67731373204143
786246735176400896,1777964987000-632578958264631296-786246735176400896,1777964987000,1777967292000,1,25.013,9.664,2.5882657284768213
1046442858321543168,1777992299000-632578958264631296-1046442858321543168,1777992299000,1777993422000,1,25.0,0.174,143.67816091954023
1385305554984894464,1777951161000-632578958264631296-1385305554984894464,1777951161000,1777951351000,1,25.0,0.078,320.5128205128205
1486716779844599808,1777975985000-632578958264631296-1486716779844599808,1777975985000,1777976449000,1,25.0,0.248,100.80645161290323
870309644059279360,1777979657000-632578958264631296-870309644059279360,1777979657000,1777979831000,1,25.0,0.165,151.5151515151515
931938125880492032,1777989009000-632578958264631296-931938125880492032,1777989009000,1777989206000,1,25.0,0.163,153.37423312883436
931939397496995840,1777998260000-632578958264631296-931939397496995840,1777998260000,1777998838000,1,25.0,0.219,114.15525114155251
977133830013976576,1777997848000-632578958264631296-977133830013976576,1777997848000,1777998400000,1,25.0,0.466,53.648068669527895
1181865650805538816,1778000441000-632578958264631296-1181865650805538816,1778000441000,1778003659000,1,24.947,8.461,2.948469448055785
862693652038680576,1777994972000-632578958264631296-862693652038680576,1777994972000,1777997389000,1,24.942,7.355,3.391162474507138
939140294748667904,1777971183000-632578958264631296-939140294748667904,1777971183000,1777973873000,1,24.928,16.416,1.5185185185185186
1491416395517263872,1777986768000-632578958264631296-1491416395517263872,1777986768000,1777990920000,1,24.901,9.444,2.636700550614146
942470042409238528,1777937045000-632578958264631296-942470042409238528,1777937045000,1777939745000,1,24.892,5.319,4.679827035156984
1422205318414204928,1777948612000-632578958264631296-1422205318414204928,1777948612000,1777951786000,1,24.883,8.04,3.094900497512438
947104748366987264,1777961554000-632578958264631296-947104748366987264,1777961554000,1777963889000,1,24.875,6.92,3.5946531791907517
1046442314819436544,1777966467000-632578958264631296-1046442314819436544,1777966467000,1777969631000,1,24.872,10.413,2.3885527705752425
1471148657502846976,1777948598000-632578958264631296-1471148657502846976,1777948598000,1777951794000,1,24.826,8.35,2.973173652694611
947092625956012032,1777958503000-632578958264631296-947092625956012032,1777958503000,1777960723000,1,24.821,5.069,4.896626553560861
1094226815196594176,1777971351000-632578958264631296-1094226815196594176,1777971351000,1777973702000,1,24.816,6.12,4.0549019607843135
1175796546902425600,1777968452000-632578958264631296-1175796546902425600,1777968452000,1777970979000,1,24.816,12.316,2.0149399155569987
1079026604165824512,1777967643000-632578958264631296-1079026604165824512,1777967643000,1777972219000,1,24.804,17.592,1.4099590723055935
873897783357079552,1777955910000-632578958264631296-873897783357079552,1777955910000,1777958303000,1,24.757,6.469,3.827021177925491
1536014589357981696,1777992552000-632578958264631296-1536014589357981696,1777992552000,1777994681000,1,24.746,5.48,4.515693430656934
1152270574152581120,1777957898000-632578958264631296-1152270574152581120,1777957898000,1777960915000,1,24.667,10.802,2.2835586002592114
787687496786903040,1777970877000-632578958264631296-787687496786903040,1777970877000,1777973489000,1,24.665,11.974,2.0598797394354436
780122893064339456,1777994478000-632578958264631296-780122893064339456,1777994478000,1777996719000,1,24.655,4.717,5.22683909264363
939140294748667904,1777953114000-632578958264631296-939140294748667904,1777953114000,1777955909000,1,24.503,11.3,2.1684070796460175
946030864989421568,1777990098000-632578958264631296-946030864989421568,1777990098000,1777992740000,1,24.5,4.908,4.991850040749796
1138167953473142784,1777990435000-632578958264631296-1138167953473142784,1777990435000,1777992668000,1,24.458,5.744,4.258008356545961
1083726789898928128,1777971820000-632578958264631296-1083726789898928128,1777971820000,1777974503000,1,24.366,10.431,2.3359217716422203
916722872880201728,1777972815000-632578958264631296-916722872880201728,1777972815000,1777975770000,1,24.363,7.736,3.1493019648397107
836966844580495360,1777971138000-632578958264631296-836966844580495360,1777971138000,1777973352000,1,24.313,7.796,3.1186505900461774
1536014603211767808,1777936744000-632578958264631296-1536014603211767808,1777936744000,1777939233000,1,24.272,11.078,2.1910092074381655
1536014596580573184,1777936754000-632578958264631296-1536014596580573184,1777936754000,1777939185000,1,24.265,10.593,2.290663645803833
1073966174624022528,1777981381000-632578958264631296-1073966174624022528,1777981381000,1777984485000,1,24.24,4.858,4.989707698641416
1479440816106635264,1777947329000-632578958264631296-1479440816106635264,1777947329000,1777950723000,1,24.22,10.481,2.31084820150749
798236529196531712,1777990559000-632578958264631296-798236529196531712,1777990559000,1777992767000,1,24.115,8.418,2.8646947018294133
1101156788989853696,1777969879000-632578958264631296-1101156788989853696,1777969879000,1777969995000,1,24.0,0.035,685.7142857142857
866686265431425024,1777953794000-632578958264631296-866686265431425024,1777953794000,1777954011000,1,24.0,0.137,175.1824817518248
893133531117518848,1777973307000-632578958264631296-893133531117518848,1777973307000,1777973992000,1,24.0,0.265,90.56603773584905
946036270407090176,1778000144000-632578958264631296-946036270407090176,1778000144000,1778000953000,1,24.0,0.315,76.19047619047619
970285003134992384,1777924929000-632578958264631296-970285003134992384,1777924929000,1777925111000,1,24.0,0.042,571.4285714285714
940983317312831488,1777968251000-632578958264631296-940983317312831488,1777968251000,1777970608000,1,23.973,7.518,3.1887470071827613
784445514740400128,1777949428000-632578958264631296-784445514740400128,1777949428000,1777951948000,1,23.926,10.232,2.3383502736512902
1101122257968693248,1777916923000-632578958264631296-1101122257968693248,1777916923000,1777920374000,1,23.856,10.231,2.331736878115531
1080454515951403008,1777938831000-632578958264631296-1080454515951403008,1777938831000,1777941155000,1,23.808,9.196,2.588951718138321
1471148657502846976,1777941847000-632578958264631296-1471148657502846976,1777941847000,1777943991000,1,23.803,6.637,3.5864095223745673
1183367596062277632,1777941878000-632578958264631296-1183367596062277632,1777941878000,1777944082000,1,23.799,6.498,3.662511542012927
1093476797997121536,1777934885000-632578958264631296-1093476797997121536,1777934885000,1777938326000,1,23.769,5.636,4.2173527324343505
946030864989421568,1777945942000-632578958264631296-946030864989421568,1777945942000,1777948028000,1,23.764,6.758,3.516424977804084
1067776159577538560,1777989776000-632578958264631296-1067776159577538560,1777989776000,1777992418000,1,23.741,12.217,1.9432757632806743
862677666426257408,1777967057000-632578958264631296-862677666426257408,1777967057000,1777969809000,1,23.741,10.187,2.330519289290272
927171595435245568,1777983451000-632578958264631296-927171595435245568,1777983451000,1777986276000,1,23.734,13.406,1.770401312844995
1268615233111326720,1777985955000-632578958264631296-1268615233111326720,1777985955000,1777988163000,1,23.712,4.922,4.817553839902479
1422205318414204928,1777941889000-632578958264631296-1422205318414204928,1777941889000,1777943982000,1,23.707,6.643,3.568718952280596
1082303861131051008,1777968188000-632578958264631296-1082303861131051008,1777968188000,1777970791000,1,23.67,8.043,2.9429317418873557
940988876032311296,1777942041000-632578958264631296-940988876032311296,1777942041000,1777944406000,1,23.653,5.846,4.046014368799178
1464628801508999168,1777965418000-632578958264631296-1464628801508999168,1777965418000,1777967742000,1,23.548,4.185,5.626762246117085
870568761881526272,1777979794000-632578958264631296-870568761881526272,1777979794000,1777982089000,1,23.535,9.83,2.394201424211597
1370798572273926144,1777954909000-632578958264631296-1370798572273926144,1777954909000,1777958189000,1,23.501,8.079,2.9088996162891445
1464286463544786944,1777938888000-632578958264631296-1464286463544786944,1777938888000,1777941590000,1,23.469,7.837,2.9946408064310326
1094588896550846464,1777960304000-632578958264631296-1094588896550846464,1777960304000,1777964194000,1,23.467,10.304,2.277465062111801
1175796546902425600,1777955193000-632578958264631296-1175796546902425600,1777955193000,1777957715000,1,23.466,8.515,2.7558426306517907
869903934959910912,1777935365000-632578958264631296-869903934959910912,1777935365000,1777938593000,1,23.452,10.31,2.2746847720659553
1112389405491855360,1777965440000-632578958264631296-1112389405491855360,1777965440000,1777969073000,1,23.389,18.044,1.2962203502549323
1389243940330274816,1777939441000-632578958264631296-1389243940330274816,1777939441000,1777942183000,1,23.384,7.55,3.097218543046358
1083728919393206272,1777941080000-632578958264631296-1083728919393206272,1777941080000,1777943768000,1,23.34,5.067,4.606275902901125
939546232131420160,1777985300000-632578958264631296-939546232131420160,1777985300000,1777988078000,1,23.323,9.679,2.409649757206323
1537822792169291776,1777940846000-632578958264631296-1537822792169291776,1777940846000,1777943360000,1,23.301,5.455,4.271494042163153
1467925946630668288,1777984557000-632578958264631296-1467925946630668288,1777984557000,1777987799000,1,23.3,6.903,3.3753440533101555
1464286677953413120,1777967315000-632578958264631296-1464286677953413120,1777967315000,1777969811000,1,23.262,10.328,2.252323780015492
1462138501628690432,1777973320000-632578958264631296-1462138501628690432,1777973320000,1777977200000,1,23.221,9.943,2.3354118475309265
1363836271826305024,1777978576000-632578958264631296-1363836271826305024,1777978576000,1777984135000,1,23.182,13.92,1.6653735632183908
1373358446576926720,1777966413000-632578958264631296-1373358446576926720,1777966413000,1777968997000,1,23.156,1.318,17.569044006069802
873201356771426304,1777996063000-632578958264631296-873201356771426304,1777996063000,1777999074000,1,23.143,8.951,2.585521170818903
1050037243114160128,1777979200000-632578958264631296-1050037243114160128,1777979200000,1777981929000,1,23.123,7.406,3.122198217661356
1067764977248501760,1777997256000-632578958264631296-1067764977248501760,1777997256000,1778000329000,1,23.123,8.514,2.7158797275076347
940983317312831488,1777980432000-632578958264631296-940983317312831488,1777980432000,1777982673000,1,23.082,9.735,2.3710323574730356
946032744595456000,1777954750000-632578958264631296-946032744595456000,1777954750000,1777957169000,1,23.04,6.454,3.569879144716455
1050024168621342720,1777994658000-632578958264631296-1050024168621342720,1777994658000,1777995827000,1,23.0,0.001,23000.0
1079095062366781440,1777991944000-632578958264631296-1079095062366781440,1777991944000,1777992707000,1,23.0,0.283,81.27208480565372
1083019060351860736,1777951414000-632578958264631296-1083019060351860736,1777951414000,1777951563000,1,23.0,0.093,247.31182795698925
1422205425331208192,1777995150000-632578958264631296-1422205425331208192,1777995150000,1777995490000,1,23.0,0.134,171.6417910447761
1526262198169501696,1777997938000-632578958264631296-1526262198169501696,1777997938000,1777998115000,1,23.0,0.076,302.63157894736844
869903934959910912,1777989304000-632578958264631296-869903934959910912,1777989304000,1777989676000,1,23.0,0.221,104.07239819004525
1083727772540469248,1777934462000-632578958264631296-1083727772540469248,1777934462000,1777936784000,1,22.976,11.436,2.0090940888422524
1545823852121030656,1777988954000-632578958264631296-1545823852121030656,1777988954000,1777991210000,1,22.93,4.795,4.782064650677789
790970372676648960,1777971526000-632578958264631296-790970372676648960,1777971526000,1777973206000,1,22.92,5.686,4.030953218431235
790970372676648960,1777997006000-632578958264631296-790970372676648960,1777997006000,1777999307000,1,22.911,6.169,3.7138920408494087
1536427445069021184,1777947882000-632578958264631296-1536427445069021184,1777947882000,1777952489000,1,22.908,6.67,3.43448275862069
1083019060351860736,1777962725000-632578958264631296-1083019060351860736,1777962725000,1777965935000,1,22.899,11.084,2.065950920245399
1268614873160351744,1777977859000-632578958264631296-1268614873160351744,1777977859000,1777979868000,1,22.88,7.794,2.9355914806261225
1073966174624022528,1777977188000-632578958264631296-1073966174624022528,1777977188000,1777980019000,1,22.873,4.623,4.9476530391520654
961239466377216000,1777941840000-632578958264631296-961239466377216000,1777941840000,1777944207000,1,22.845,4.242,5.385431400282886
1083726887294861312,1777948814000-632578958264631296-1083726887294861312,1777948814000,1777952031000,1,22.758,6.258,3.636625119846596
1083727931903049728,1777940234000-632578958264631296-1083727931903049728,1777940234000,1777942300000,1,22.71,6.264,3.625478927203065
1097510484225032192,1777994692000-632578958264631296-1097510484225032192,1777994692000,1777998656000,1,22.652,8.364,2.7082735533237683
1067774753596506112,1777988769000-632578958264631296-1067774753596506112,1777988769000,1777991396000,1,22.64,4.758,4.758301807482136
1184409623537385472,1777973919000-632578958264631296-1184409623537385472,1777973919000,1777976181000,1,22.636,6.124,3.696276943174396
1294723291725955072,1777986466000-632578958264631296-1294723291725955072,1777986466000,1777989035000,1,22.539,9.712,2.3207372322899507
1132636843020386304,1777951684000-632578958264631296-1132636843020386304,1777951684000,1777954745000,1,22.492,9.101,2.47137677178332
1183367596062277632,1777953917000-632578958264631296-1183367596062277632,1777953917000,1777955872000,1,22.488,5.979,3.7611640742599097
790970372676648960,1777988401000-632578958264631296-790970372676648960,1777988401000,1777990492000,1,22.47,6.642,3.383017163504968
1545823503347875840,1777979367000-632578958264631296-1545823503347875840,1777979367000,1777981526000,1,22.457,9.514,2.3604162287155774
1464260641047969792,1777992191000-632578958264631296-1464260641047969792,1777992191000,1777994723000,1,22.43,10.364,2.1642223079891934
1464628801508999168,1777968338000-632578958264631296-1464628801508999168,1777968338000,1777970964000,1,22.423,7.571,2.9616959450534934
1385305434218299392,1777936217000-632578958264631296-1385305434218299392,1777936217000,1777939268000,1,22.384,11.89,1.8825904121110175
947582270531698688,1777976340000-632578958264631296-947582270531698688,1777976340000,1777978880000,1,22.28,11.775,1.8921443736730361
1488156479612518400,1777976421000-632578958264631296-1488156479612518400,1777976421000,1777978954000,1,22.255,9.376,2.373613481228669
1464628801508999168,1777956925000-632578958264631296-1464628801508999168,1777956925000,1777959293000,1,22.248,11.78,1.8886247877758915
1540361729291059200,1777974294000-632578958264631296-1540361729291059200,1777974294000,1777976647000,1,22.242,7.665,2.901761252446184
946034884164452352,1777959247000-632578958264631296-946034884164452352,1777959247000,1777963135000,1,22.23,10.942,2.0316212758179493
1477689128190476288,1777953397000-632578958264631296-1477689128190476288,1777953397000,1777955034000,1,22.182,5.372,4.129188384214445
1286352128566099968,1777984888000-632578958264631296-1286352128566099968,1777984888000,1777986923000,1,22.049,7.457,2.9568190961512673
1345798361172672512,1777968737000-632578958264631296-1345798361172672512,1777968737000,1777970912000,1,22.021,7.925,2.7786750788643535
1050036776183267328,1777981581000-632578958264631296-1050036776183267328,1777981581000,1777981764000,1,22.0,0.2,110.0
1050036836505747456,1777961034000-632578958264631296-1050036836505747456,1777961034000,1777961193000,1,22.0,0.216,101.85185185185185
1073663431535493120,1777994500000-632578958264631296-1073663431535493120,1777994500000,1777994699000,1,22.0,0.148,148.64864864864865
1073994678560358400,1777975641000-632578958264631296-1073994678560358400,1777975641000,1777975810000,1,22.0,0.131,167.93893129770993
1091761897729949696,1777965315000-632578958264631296-1091761897729949696,1777965315000,1777965546000,1,22.0,0.135,162.96296296296296
1389244082743672832,1777960037000-632578958264631296-1389244082743672832,1777960037000,1777960214000,1,22.0,0.063,349.2063492063492
1396881382210273280,1777996939000-632578958264631296-1396881382210273280,1777996939000,1777997253000,1,22.0,0.128,171.875
1488156479612518400,1777971787000-632578958264631296-1488156479612518400,1777971787000,1777974169000,1,22.0,8.207,2.6806384793468987
943461119844941824,1777965585000-632578958264631296-943461119844941824,1777965585000,1777965957000,1,22.0,0.081,271.6049382716049
1135541524696662016,1777991394000-632578958264631296-1135541524696662016,1777991394000,1777993797000,1,21.919,4.468,4.9057743957027755
1471165285556813824,1777991599000-632578958264631296-1471165285556813824,1777991599000,1777994687000,1,21.914,4.441,4.934474217518577
902974583798235136,1777990926000-632578958264631296-902974583798235136,1777990926000,1777992568000,1,21.912,4.73,4.632558139534883
1471165126924042240,1777991542000-632578958264631296-1471165126924042240,1777991542000,1777993910000,1,21.868,4.006,5.458811782326509
1536402078727929856,1777985724000-632578958264631296-1536402078727929856,1777985724000,1777989102000,1,21.861,12.513,1.7470630544233998
1477689128190476288,1777951111000-632578958264631296-1477689128190476288,1777951111000,1777952952000,1,21.85,4.164,5.247358309317964
1294723291725955072,1777989849000-632578958264631296-1294723291725955072,1777989849000,1777992848000,1,21.83,9.774,2.233476570493145
1050037424450699264,1777991417000-632578958264631296-1050037424450699264,1777991417000,1777994298000,1,21.821,8.879,2.457596576191013
951559578305167360,1777967633000-632578958264631296-951559578305167360,1777967633000,1777970039000,1,21.821,6.925,3.1510469314079423
1075729411988258816,1777985031000-632578958264631296-1075729411988258816,1777985031000,1777986648000,1,21.814,1.91,11.420942408376964
1389244302743306240,1777989710000-632578958264631296-1389244302743306240,1777989710000,1777993707000,1,21.771,9.745,2.234068753206773
1396881232180019200,1777996152000-632578958264631296-1396881232180019200,1777996152000,1777998671000,1,21.701,7.259,2.989530238324838
1462138501628690432,1777967111000-632578958264631296-1462138501628690432,1777967111000,1777969593000,1,21.671,8.133,2.6645764170662734
1536402078727929856,1777949210000-632578958264631296-1536402078727929856,1777949210000,1777952083000,1,21.665,5.755,3.7645525629887056
876149191938670592,1777965544000-632578958264631296-876149191938670592,1777965544000,1777967620000,1,21.664,7.075,3.0620494699646645
929707161364201472,1777969924000-632578958264631296-929707161364201472,1777969924000,1777972309000,1,21.631,9.197,2.3519625964988586
1083727144086929408,1777989589000-632578958264631296-1083727144086929408,1777989589000,1777992106000,1,21.629,7.617,2.839569384272023
1462138214197231616,1777965540000-632578958264631296-1462138214197231616,1777965540000,1777967640000,1,21.589,6.542,3.300061143381229
1083726887294861312,1777990706000-632578958264631296-1083726887294861312,1777990706000,1777993740000,1,21.581,12.583,1.7150917905110068
1083727333329731584,1777952547000-632578958264631296-1083727333329731584,1777952547000,1777955536000,1,21.471,4.79,4.482463465553236
1361380561528029184,1777985147000-632578958264631296-1361380561528029184,1777985147000,1777988644000,1,21.446,4.759,4.5064089094347555
1112389405491855360,1777979262000-632578958264631296-1112389405491855360,1777979262000,1777981253000,1,21.403,8.228,2.6012396694214877
1536432469593554944,1777950701000-632578958264631296-1536432469593554944,1777950701000,1777953916000,1,21.356,5.836,3.6593557230980123
1071826388769570816,1777979484000-632578958264631296-1071826388769570816,1777979484000,1777982304000,1,21.339,7.886,2.705934567588131
964172050669240320,1777979795000-632578958264631296-964172050669240320,1777979795000,1777981458000,1,21.251,6.615,3.2125472411186697
1385304935976927232,1777979842000-632578958264631296-1385304935976927232,1777979842000,1777982482000,1,21.127,4.377,4.826822024217501
798236529196531712,1777936235000-632578958264631296-798236529196531712,1777936235000,1777938633000,1,21.035,9.731,2.1616483403555646
1060533930890887168,1777999968000-632578958264631296-1060533930890887168,1777999968000,1778000206000,1,21.0,0.252,83.33333333333333
1083726789898928128,1777984285000-632578958264631296-1083726789898928128,1777984285000,1777984442000,1,21.0,0.117,179.48717948717947
1141991039255445504,1778001997000-632578958264631296-1141991039255445504,1778001997000,1778002199000,1,21.0,0.162,129.62962962962962
1385304935976927232,1777993168000-632578958264631296-1385304935976927232,1777993168000,1777993364000,1,21.0,0.077,272.72727272727275
794950170587430912,1777940315000-632578958264631296-794950170587430912,1777940315000,1777940667000,1,21.0,0.3,70.0
964171206683000832,1777938056000-632578958264631296-964171206683000832,1777938056000,1777938802000,1,21.0,0.639,32.863849765258216
1050037424450699264,1777996095000-632578958264631296-1050037424450699264,1777996095000,1777999080000,1,20.988,9.393,2.2344298946023633
1345798361172672512,1777967017000-632578958264631296-1345798361172672512,1777967017000,1777968700000,1,20.958,6.903,3.036071273359409
947582270531698688,1777971684000-632578958264631296-947582270531698688,1777971684000,1777974374000,1,20.917,10.44,2.0035440613026823
946027472992862208,1777949631000-632578958264631296-946027472992862208,1777949631000,1777952457000,1,20.851,11.896,1.752774041694687
790970372676648960,1777980170000-632578958264631296-790970372676648960,1777980170000,1777982303000,1,20.82,6.514,3.1961928154743626
1536014529144553472,1777954062000-632578958264631296-1536014529144553472,1777954062000,1777957187000,1,20.732,7.65,2.710065359477124
1101524127430213632,1777981460000-632578958264631296-1101524127430213632,1777981460000,1777984268000,1,20.689,15.743,1.3141713777551927
927153603469115392,1777990590000-632578958264631296-927153603469115392,1777990590000,1777992414000,1,20.613,4.312,4.780380333951762
970288452387995648,1777941357000-632578958264631296-970288452387995648,1777941357000,1777943353000,1,20.595,4.415,4.664779161947904
1132636252537880576,1777970254000-632578958264631296-1132636252537880576,1777970254000,1777971960000,1,20.587,4.787,4.300605807395028
1050037243114160128,1777976476000-632578958264631296-1050037243114160128,1777976476000,1777978751000,1,20.515,8.034,2.5535225292506842
1101524127430213632,1777951690000-632578958264631296-1101524127430213632,1777951690000,1777954528000,1,20.483,10.003,2.0476856942917125
1061351650800697344,1777978452000-632578958264631296-1061351650800697344,1777978452000,1777981345000,1,20.455,10.231,1.9993158049066562
1505916014645215232,1777985311000-632578958264631296-1505916014645215232,1777985311000,1777988315000,1,20.426,8.948,2.282744747429593
1083726698509238272,1777980225000-632578958264631296-1083726698509238272,1777980225000,1777982061000,1,20.384,6.366,3.20201068174678
862677558196436992,1777943713000-632578958264631296-862677558196436992,1777943713000,1777945393000,1,20.378,5.896,3.4562415196743554
1047649870816477184,1777985289000-632578958264631296-1047649870816477184,1777985289000,1777987524000,1,20.376,6.433,3.167418000932691
790970454885007360,1777979008000-632578958264631296-790970454885007360,1777979008000,1777980857000,1,20.27,4.43,4.575620767494357
1065321017443876864,1777951320000-632578958264631296-1065321017443876864,1777951320000,1777954155000,1,20.247,3.986,5.079528349222278
947583099720433664,1777982259000-632578958264631296-947583099720433664,1777982259000,1777984372000,1,20.215,6.074,3.3281198551201845
1093088075828953088,1777969160000-632578958264631296-1093088075828953088,1777969160000,1777970928000,1,20.212,7.234,2.7940282001658834
939546232131420160,1777983469000-632578958264631296-939546232131420160,1777983469000,1777985296000,1,20.144,9.65,2.087461139896373
1097510484225032192,1777948671000-632578958264631296-1097510484225032192,1777948671000,1777951107000,1,20.121,4.613,4.3618035985259045
1187437506908389376,1777949700000-632578958264631296-1187437506908389376,1777949700000,1777951479000,1,20.079,6.85,2.931240875912409
1067776196789403648,1777955545000-632578958264631296-1067776196789403648,1777955545000,1777955968000,1,20.0,0.488,40.98360655737705
1083726423769743360,1777988564000-632578958264631296-1083726423769743360,1777988564000,1777988920000,1,20.0,0.378,52.91005291005291
1083727333329731584,1777997014000-632578958264631296-1083727333329731584,1777997014000,1777997516000,1,20.0,0.489,40.899795501022496
1083727986517082112,1777925388000-632578958264631296-1083727986517082112,1777925388000,1777925549000,1,20.0,0.108,185.1851851851852
1093087738300727296,1777975648000-632578958264631296-1093087738300727296,1777975648000,1777976047000,1,20.0,0.247,80.97165991902834
1094226778622263296,1777991503000-632578958264631296-1094226778622263296,1777991503000,1777994192000,1,20.0,2.769,7.222824124232575
1161991673035620352,1777918765000-632578958264631296-1161991673035620352,1777918765000,1777919639000,1,20.0,0.747,26.77376171352075
1362452416535986176,1777987810000-632578958264631296-1362452416535986176,1777987810000,1777987932000,1,20.0,0.076,263.15789473684214
1396881703661731840,1777982761000-632578958264631296-1396881703661731840,1777982761000,1777983470000,1,20.0,0.312,64.1025641025641
1405141042860130304,1777963539000-632578958264631296-1405141042860130304,1777963539000,1777963672000,1,20.0,0.046,434.7826086956522
1464286808345935872,1777972227000-632578958264631296-1464286808345935872,1777972227000,1777973211000,1,20.0,0.396,50.505050505050505
1488129049464143872,1777939857000-632578958264631296-1488129049464143872,1777939857000,1777940805000,1,20.0,0.426,46.948356807511736
1536022277991170048,1777907003000-632578958264631296-1536022277991170048,1777907003000,1777924025000,1,20.0,5.297,3.775722106852936
927179928254808064,1777997161000-632578958264631296-927179928254808064,1777997161000,1777997499000,1,20.0,0.124,161.29032258064515
938815406225752064,1777990374000-632578958264631296-938815406225752064,1777990374000,1777990500000,1,20.0,0.037,540.5405405405405
939548220361539584,1777967978000-632578958264631296-939548220361539584,1777967978000,1777974242000,1,20.0,5.324,3.756574004507889
862677844923252736,1777967064000-632578958264631296-862677844923252736,1777967064000,1777969060000,1,19.993,4.317,4.631225388000926
790970372676648960,1777995401000-632578958264631296-790970372676648960,1777995401000,1777996981000,1,19.933,6.391,3.118917227350962
1536014517601828864,1777952018000-632578958264631296-1536014517601828864,1777952018000,1777955664000,1,19.929,9.029,2.20722117620999
940983317312831488,1777940392000-632578958264631296-940983317312831488,1777940392000,1777942796000,1,19.912,9.413,2.115372357378094
946027472992862208,1777947116000-632578958264631296-946027472992862208,1777947116000,1777949123000,1,19.875,8.705,2.283170591614015
1536014543027699712,1777968931000-632578958264631296-1536014543027699712,1777968931000,1777970812000,1,19.858,8.036,2.4711299153807866
1464286677953413120,1777940542000-632578958264631296-1464286677953413120,1777940542000,1777942505000,1,19.856,6.559,3.027290745540479
873897783357079552,1777943301000-632578958264631296-873897783357079552,1777943301000,1777945145000,1,19.846,7.318,2.711943153867177
1083728870357598208,1777982778000-632578958264631296-1083728870357598208,1777982778000,1777984975000,1,19.845,4.313,4.601205657315094
1168836102002311168,1777987523000-632578958264631296-1168836102002311168,1777987523000,1777989949000,1,19.835,9.077,2.1851933458191035
1397607242391355392,1777982770000-632578958264631296-1397607242391355392,1777982770000,1777984830000,1,19.799,3.594,5.508903728436283
1294704486559776768,1777984109000-632578958264631296-1294704486559776768,1777984109000,1777986586000,1,19.736,4.236,4.659112370160529
946027472992862208,1777961606000-632578958264631296-946027472992862208,1777961606000,1777963617000,1,19.722,6.274,3.143449155243864
1064527564812320768,1777958940000-632578958264631296-1064527564812320768,1777958940000,1777961948000,1,19.626,4.87,4.029979466119097
1464628801508999168,1777986903000-632578958264631296-1464628801508999168,1777986903000,1777989173000,1,19.624,6.731,2.9154657554598127
1462138214197231616,1777968525000-632578958264631296-1462138214197231616,1777968525000,1777970543000,1,19.508,5.878,3.3188159237835997
1050036019790872576,1777976625000-632578958264631296-1050036019790872576,1777976625000,1777978464000,1,19.467,7.91,2.4610619469026545
878252193440858112,1777963159000-632578958264631296-878252193440858112,1777963159000,1777965123000,1,19.461,4.332,4.492382271468144
916722872880201728,1777970246000-632578958264631296-916722872880201728,1777970246000,1777972440000,1,19.439,5.582,3.4824435686134003
938815406225752064,1777987084000-632578958264631296-938815406225752064,1777987084000,1777990363000,1,19.417,9.642,2.0137938187098117
876149191938670592,1777968569000-632578958264631296-876149191938670592,1777968569000,1777970508000,1,19.382,6.062,3.1972946222368854
947104748366987264,1777972832000-632578958264631296-947104748366987264,1777972832000,1777974830000,1,19.376,6.297,3.0770208035572497
798991075485155328,1777966314000-632578958264631296-798991075485155328,1777966314000,1777969214000,1,19.374,4.557,4.251481237656352
1142833661045899264,1777993632000-632578958264631296-1142833661045899264,1777993632000,1777996063000,1,19.366,7.32,2.6456284153005463
1536014589357981696,1777970107000-632578958264631296-1536014589357981696,1777970107000,1777971810000,1,19.274,4.72,4.083474576271187
938817698895233024,1777967117000-632578958264631296-938817698895233024,1777967117000,1777968949000,1,19.268,9.302,2.0713824983874436
1468940686052032512,1778005564000-632578958264631296-1468940686052032512,1778005564000,1778010633000,1,19.262,9.464,2.0352916314454776
1050037424450699264,1777994304000-632578958264631296-1050037424450699264,1777994304000,1777996090000,1,19.245,8.216,2.342380720545278
940981890892955648,1777945176000-632578958264631296-940981890892955648,1777945176000,1777947124000,1,19.232,7.264,2.647577092511013
847126508215468032,1777922192000-632578958264631296-847126508215468032,1777922192000,1777923913000,1,19.142,7.737,2.474085562879669
1464286677953413120,1777965262000-632578958264631296-1464286677953413120,1777965262000,1777966786000,1,19.081,7.869,2.4248316177405007
1045015172411817984,1777973664000-632578958264631296-1045015172411817984,1777973664000,1777975343000,1,19.08,11.432,1.6689993002099368
1184409623537385472,1777949937000-632578958264631296-1184409623537385472,1777949937000,1777951508000,1,19.064,5.28,3.6106060606060604
1045015172411817984,1777991756000-632578958264631296-1045015172411817984,1777991756000,1777993926000,1,19.047,10.123,1.881556850735948
1067774753596506112,1777954163000-632578958264631296-1067774753596506112,1777954163000,1777955714000,1,19.035,4.115,4.625759416767922
873101078441230336,1777951831000-632578958264631296-873101078441230336,1777951831000,1777954039000,1,19.008,5.2,3.655384615384615
1093087738300727296,1777928568000-632578958264631296-1093087738300727296,1777928568000,1777928787000,1,19.0,0.114,166.66666666666666
1536014535985463296,1777944731000-632578958264631296-1536014535985463296,1777944731000,1777944874000,1,19.0,0.07,271.4285714285714
882591537697914880,1777977439000-632578958264631296-882591537697914880,1777977439000,1777977589000,1,19.0,0.054,351.85185185185185
1345798361172672512,1777953739000-632578958264631296-1345798361172672512,1777953739000,1777955716000,1,18.941,6.885,2.7510530137981117
1501933614227521536,1777953465000-632578958264631296-1501933614227521536,1777953465000,1777955332000,1,18.927,5.883,3.2172361040285566
790970372676648960,1777968708000-632578958264631296-790970372676648960,1777968708000,1777971501000,1,18.822,6.332,2.972520530638029
1083727517765861376,1777981168000-632578958264631296-1083727517765861376,1777981168000,1777982994000,1,18.809,7.305,2.574811772758385
1406586595699589120,1777992287000-632578958264631296-1406586595699589120,1777992287000,1777996267000,1,18.741,10.51,1.7831588962892484
1076923642098483200,1777953085000-632578958264631296-1076923642098483200,1777953085000,1777955513000,1,18.668,4.354,4.2875516766192
1385305291104452608,1777995290000-632578958264631296-1385305291104452608,1777995290000,1777999376000,1,18.625,5.712,3.2606792717086837
1385304935976927232,1777969779000-632578958264631296-1385304935976927232,1777969779000,1777972164000,1,18.577,4.359,4.261757283780684
1101524127430213632,1777948981000-632578958264631296-1101524127430213632,1777948981000,1777951016000,1,18.525,7.304,2.5362814895947423
947583451614150656,1777953196000-632578958264631296-947583451614150656,1777953196000,1777954956000,1,18.471,3.683,5.015204995927234
1050037243114160128,1777961881000-632578958264631296-1050037243114160128,1777961881000,1777963580000,1,18.407,5.515,3.3376246600181325
946033560920260608,1777948356000-632578958264631296-946033560920260608,1777948356000,1777950260000,1,18.407,9.287,1.9820178744481531
857602255610707968,1777988200000-632578958264631296-857602255610707968,1777988200000,1777990190000,1,18.402,4.743,3.879822896900696
943859348893859840,1777953370000-632578958264631296-943859348893859840,1777953370000,1777956403000,1,18.358,8.764,2.094705613874943
1079796452147855360,1777966481000-632578958264631296-1079796452147855360,1777966481000,1777968686000,1,18.339,3.822,4.7982731554160125
1067767710965825536,1777958305000-632578958264631296-1067767710965825536,1777958305000,1777962240000,1,18.256,6.165,2.9612327656123276
1168836102002311168,1777945231000-632578958264631296-1168836102002311168,1777945231000,1777947057000,1,18.238,6.129,2.975689345733399
939546576563470336,1777960226000-632578958264631296-939546576563470336,1777960226000,1777962315000,1,18.186,8.267,2.1998306519898394
873900831743672320,1777963161000-632578958264631296-873900831743672320,1777963161000,1777964946000,1,18.136,4.956,3.6594027441485064
1083729038846984192,1777944390000-632578958264631296-1083729038846984192,1777944390000,1777947520000,1,18.103,8.46,2.1398345153664304
997896292355014656,1777944530000-632578958264631296-997896292355014656,1777944530000,1777947380000,1,18.101,7.894,2.2930073473524195
1070334753032372224,1777974869000-632578958264631296-1070334753032372224,1777974869000,1777977768000,1,18.092,4.674,3.870774497218656
943818921138454528,1777953733000-632578958264631296-943818921138454528,1777953733000,1777956847000,1,18.042,8.104,2.2263079960513332
935627425390264320,1777990850000-632578958264631296-935627425390264320,1777990850000,1777993063000,1,18.017,3.716,4.848493003229279
1083726423769743360,1777979443000-632578958264631296-1083726423769743360,1777979443000,1777979653000,1,18.0,0.135,133.33333333333331
1083726423769743360,1777987309000-632578958264631296-1083726423769743360,1777987309000,1777987543000,1,18.0,0.258,69.76744186046511
1088168906306093056,1777961400000-632578958264631296-1088168906306093056,1777961400000,1777961928000,1,18.0,0.573,31.41361256544503
1484590862305329152,1777994656000-632578958264631296-1484590862305329152,1777994656000,1777994787000,1,18.0,0.064,281.25
882591537697914880,1777959555000-632578958264631296-882591537697914880,1777959555000,1777959691000,1,18.0,0.045,400.0
943859348893859840,1777956736000-632578958264631296-943859348893859840,1777956736000,1777959501000,1,17.972,12.31,1.4599512591389114
1127222273418199040,1777980894000-632578958264631296-1127222273418199040,1777980894000,1777982400000,1,17.936,5.423,3.3073944311266827
1183367596062277632,1777957085000-632578958264631296-1183367596062277632,1777957085000,1777958652000,1,17.883,5.078,3.521662071681764
1083726789898928128,1777969871000-632578958264631296-1083726789898928128,1777969871000,1777971499000,1,17.835,3.944,4.522058823529412
1063501597117513728,1777969787000-632578958264631296-1063501597117513728,1777969787000,1777971464000,1,17.799,3.677,4.840630949143323
873897783357079552,1777940532000-632578958264631296-873897783357079552,1777940532000,1777942458000,1,17.752,7.382,2.404768355459225
1131631502098956288,1777972479000-632578958264631296-1131631502098956288,1777972479000,1777975842000,1,17.722,7.604,2.3306154655444504
877447467317067776,1777956971000-632578958264631296-877447467317067776,1777956971000,1777958480000,1,17.719,3.893,4.551502697148729
1540361293100220416,1777974478000-632578958264631296-1540361293100220416,1777974478000,1777977468000,1,17.709,5.251,3.3725004760997903
1537822792169291776,1777980274000-632578958264631296-1537822792169291776,1777980274000,1777982159000,1,17.683,4.657,3.7970796650203993
1299087047838924800,1777945280000-632578958264631296-1299087047838924800,1777945280000,1777948096000,1,17.661,5.171,3.4153935409011797
1047649870816477184,1777969890000-632578958264631296-1047649870816477184,1777969890000,1777971481000,1,17.657,3.675,4.804625850340137
1083726789898928128,1777974721000-632578958264631296-1083726789898928128,1777974721000,1777976346000,1,17.581,3.371,5.215366360130525
1083727144086929408,1777937814000-632578958264631296-1083727144086929408,1777937814000,1777940245000,1,17.555,7.498,2.3412910109362497
1135630948969218048,1777955244000-632578958264631296-1135630948969218048,1777955244000,1777957823000,1,17.536,8.28,2.117874396135266
1536014609964597248,1778001066000-632578958264631296-1536014609964597248,1778001066000,1778003567000,1,17.521,7.67,2.284354628422425
1396881232180019200,1777938216000-632578958264631296-1396881232180019200,1777938216000,1777940464000,1,17.517,6.754,2.593574178264732
1268614873160351744,1777946400000-632578958264631296-1268614873160351744,1777946400000,1777947944000,1,17.503,6.231,2.809019419033863
790970372676648960,1777947507000-632578958264631296-790970372676648960,1777947507000,1777948801000,1,17.43,4.434,3.9309878213802434
873201356771426304,1777952917000-632578958264631296-873201356771426304,1777952917000,1777955245000,1,17.395,8.776,1.9821103008204193
1294723291725955072,1777972788000-632578958264631296-1294723291725955072,1777972788000,1777974410000,1,17.368,6.094,2.8500164095831964
1050036019790872576,1777983170000-632578958264631296-1050036019790872576,1777983170000,1777985401000,1,17.337,6.456,2.6854089219330852
1067775256489361408,1777965093000-632578958264631296-1067775256489361408,1777965093000,1777967402000,1,17.325,6.683,2.5923986233727367
1083726789898928128,1777987531000-632578958264631296-1083726789898928128,1777987531000,1777989819000,1,17.305,6.974,2.4813593346716374
1050036568242257920,1777978265000-632578958264631296-1050036568242257920,1777978265000,1777980977000,1,17.286,5.433,3.181667586968526
1478819140813717504,1777966291000-632578958264631296-1478819140813717504,1777966291000,1777969068000,1,17.196,7.127,2.4127964080258177
1109445504082640896,1777973378000-632578958264631296-1109445504082640896,1777973378000,1777976796000,1,17.1,6.759,2.529960053262317
1120316721542987776,1777939938000-632578958264631296-1120316721542987776,1777939938000,1777941730000,1,17.098,8.062,2.1208136938724884
1067774753596506112,1777949858000-632578958264631296-1067774753596506112,1777949858000,1777951307000,1,17.07,3.544,4.816591422121896
1088511709141794816,1777958610000-632578958264631296-1088511709141794816,1777958610000,1777960681000,1,17.067,5.832,2.926440329218107
1067764977248501760,1777981166000-632578958264631296-1067764977248501760,1777981166000,1777981515000,1,17.0,0.22,77.27272727272727
1083727289243402240,1778002900000-632578958264631296-1083727289243402240,1778002900000,1778003168000,1,17.0,0.215,79.06976744186046
1152269748554170368,1777953413000-632578958264631296-1152269748554170368,1777953413000,1777953699000,1,17.0,0.163,104.29447852760735
1157003119578578944,1777988624000-632578958264631296-1157003119578578944,1777988624000,1777989008000,1,17.0,0.174,97.70114942528737
1299087047838924800,1777964574000-632578958264631296-1299087047838924800,1777964574000,1777964988000,1,17.0,0.465,36.55913978494623
1428367002015105024,1777990185000-632578958264631296-1428367002015105024,1777990185000,1777991855000,1,17.0,1.962,8.664627930682977
1482772108667781120,1777941849000-632578958264631296-1482772108667781120,1777941849000,1777942349000,1,17.0,0.226,75.22123893805309
861290333428776960,1777987527000-632578958264631296-861290333428776960,1777987527000,1777988612000,1,17.0,0.462,36.79653679653679
869918310366445568,1777978573000-632578958264631296-869918310366445568,1777978573000,1777978712000,1,17.0,0.122,139.34426229508196
944591832124227584,1777984654000-632578958264631296-944591832124227584,1777984654000,1777985225000,1,17.0,0.245,69.38775510204081
1540361934212169728,1777973461000-632578958264631296-1540361934212169728,1777973461000,1777974968000,1,16.92,3.755,4.505992010652464
1131631502098956288,1777951168000-632578958264631296-1131631502098956288,1777951168000,1777953622000,1,16.902,7.094,2.3825768254863267
1501934002158698496,1777998269000-632578958264631296-1501934002158698496,1777998269000,1778000720000,1,16.724,4.559,3.6683483220004387
1103352309556969472,1777921851000-632578958264631296-1103352309556969472,1777921851000,1777923942000,1,16.716,5.903,2.83178045061833
1441118393376702464,1777998275000-632578958264631296-1441118393376702464,1777998275000,1778001149000,1,16.67,4.82,3.45850622406639
940988876032311296,1777938931000-632578958264631296-940988876032311296,1777938931000,1777941160000,1,16.661,4.782,3.484107068172313
1467925946630668288,1777978403000-632578958264631296-1467925946630668288,1777978403000,1777982508000,1,16.619,6.494,2.5591315060055435
1477629723302428672,1777988898000-632578958264631296-1477629723302428672,1777988898000,1777991159000,1,16.599,6.376,2.6033563362609784
862677558196436992,1777956589000-632578958264631296-862677558196436992,1777956589000,1777959029000,1,16.599,6.721,2.469721767594108
946027472992862208,1778001491000-632578958264631296-946027472992862208,1778001491000,1778004966000,1,16.599,8.06,2.059429280397022
1362452416535986176,1777988969000-632578958264631296-1362452416535986176,1777988969000,1777991159000,1,16.591,6.296,2.6351651842439643
947092625956012032,1777969208000-632578958264631296-947092625956012032,1777969208000,1777972229000,1,16.59,3.56,4.660112359550562
1540361729291059200,1777970543000-632578958264631296-1540361729291059200,1777970543000,1777972489000,1,16.582,5.455,3.0397800183318058
1094584849307533312,1777944642000-632578958264631296-1094584849307533312,1777944642000,1777946832000,1,16.578,6.796,2.439376103590347
940245549137788928,1777959847000-632578958264631296-940245549137788928,1777959847000,1777961360000,1,16.459,5.423,3.0350359579568504
1050036509840769024,1777962679000-632578958264631296-1050036509840769024,1777962679000,1777964720000,1,16.425,6.195,2.651331719128329
916722872880201728,1777977653000-632578958264631296-916722872880201728,1777977653000,1777979339000,1,16.332,5.442,3.0011025358324144
1088511709141794816,1777948460000-632578958264631296-1088511709141794816,1777948460000,1777950496000,1,16.291,8.002,2.0358660334916268
787325260482478080,1777991541000-632578958264631296-787325260482478080,1777991541000,1777993600000,1,16.125,6.391,2.523079330308246
951882940915122176,1777963598000-632578958264631296-951882940915122176,1777963598000,1777966197000,1,16.118,5.26,3.0642585551330797
1073278104413143040,1777939126000-632578958264631296-1073278104413143040,1777939126000,1777940529000,1,16.052,6.048,2.654100529100529
1050037649940676608,1777944519000-632578958264631296-1050037649940676608,1777944519000,1777944709000,1,16.0,0.118,135.59322033898306
1056588446363025408,1777978937000-632578958264631296-1056588446363025408,1777978937000,1777979165000,1,16.0,0.039,410.2564102564103
1083727289243402240,1777992594000-632578958264631296-1083727289243402240,1777992594000,1777992978000,1,16.0,0.436,36.69724770642202
1101157025884143616,1777958035000-632578958264631296-1101157025884143616,1777958035000,1777959660000,1,16.0,1.544,10.362694300518134
1144224275478085632,1778003126000-632578958264631296-1144224275478085632,1778003126000,1778003451000,1,16.0,0.007,2285.714285714286
1363836271826305024,1777984323000-632578958264631296-1363836271826305024,1777984323000,1777984434000,1,16.0,0.114,140.35087719298244
1385304935976927232,1777982620000-632578958264631296-1385304935976927232,1777982620000,1777982886000,1,16.0,0.049,326.53061224489795
1464286677953413120,1777979458000-632578958264631296-1464286677953413120,1777979458000,1777979731000,1,16.0,0.154,103.8961038961039
1471148657502846976,1777915616000-632578958264631296-1471148657502846976,1777915616000,1777931072000,1,16.0,6.134,2.6084121291164
1478688867300147200,1777977270000-632578958264631296-1478688867300147200,1777977270000,1777977427000,1,16.0,0.112,142.85714285714286
1478688867300147200,1777995866000-632578958264631296-1478688867300147200,1777995866000,1777996115000,1,16.0,0.111,144.14414414414415
932302785804763136,1777961407000-632578958264631296-932302785804763136,1777961407000,1777961566000,1,16.0,0.015,1066.6666666666667
946029060134273024,1777974241000-632578958264631296-946029060134273024,1777974241000,1777974335000,1,16.0,0.04,400.0
947102733284933632,1777973163000-632578958264631296-947102733284933632,1777973163000,1777973750000,1,16.0,0.043,372.093023255814
870575606247456768,1777934984000-632578958264631296-870575606247456768,1777934984000,1777937419000,1,15.989,3.822,4.183411826268969
873897783357079552,1777988349000-632578958264631296-873897783357079552,1777988349000,1777990303000,1,15.962,5.103,3.1279639427787576
944589217739046912,1777960217000-632578958264631296-944589217739046912,1777960217000,1777962235000,1,15.952,3.42,4.664327485380117
1088511709141794816,1777992680000-632578958264631296-1088511709141794816,1777992680000,1777994632000,1,15.943,5.544,2.8757215007215007
1268615116379652096,1777979256000-632578958264631296-1268615116379652096,1777979256000,1777981870000,1,15.848,7.675,2.0648859934853423
940245549137788928,1777998905000-632578958264631296-940245549137788928,1777998905000,1778000727000,1,15.838,6.56,2.414329268292683
1067774753596506112,1777971463000-632578958264631296-1067774753596506112,1777971463000,1777973207000,1,15.743,3.342,4.710652304009575
1536014570613637120,1777966359000-632578958264631296-1536014570613637120,1777966359000,1777967863000,1,15.742,4.159,3.7850444818465983
1268615116379652096,1777956352000-632578958264631296-1268615116379652096,1777956352000,1777958197000,1,15.645,3.766,4.154275092936802
1422205318414204928,1777990370000-632578958264631296-1422205318414204928,1777990370000,1777992763000,1,15.631,4.855,3.2195674562306897
961239466377216000,1777959866000-632578958264631296-961239466377216000,1777959866000,1777961396000,1,15.622,2.919,5.351832819458719
1060872975626010624,1777948453000-632578958264631296-1060872975626010624,1777948453000,1777950489000,1,15.559,8.859,1.7562930353313013
1067764685513687040,1777948454000-632578958264631296-1067764685513687040,1777948454000,1777950701000,1,15.543,8.387,1.853225229521879
1545824482457812992,1777946492000-632578958264631296-1545824482457812992,1777946492000,1777949708000,1,15.541,11.2,1.3875892857142857
1540361934212169728,1777964224000-632578958264631296-1540361934212169728,1777964224000,1777965631000,1,15.527,3.038,5.110928242264648
1101524127430213632,1777967470000-632578958264631296-1101524127430213632,1777967470000,1777968804000,1,15.485,6.175,2.5076923076923077
1132636843020386304,1777996773000-632578958264631296-1132636843020386304,1777996773000,1777998647000,1,15.479,5.637,2.7459641653361717
931939397496995840,1777961023000-632578958264631296-931939397496995840,1777961023000,1777962757000,1,15.465,3.274,4.723579718998168
1062738572429230080,1777961058000-632578958264631296-1062738572429230080,1777961058000,1777962876000,1,15.446,3.641,4.242241142543257
1504876024033181696,1777953215000-632578958264631296-1504876024033181696,1777953215000,1777955007000,1,15.359,3.344,4.593002392344498
926835749754503168,1777999599000-632578958264631296-926835749754503168,1777999599000,1778000995000,1,15.24,5.063,3.0100730792020545
1545823852121030656,1778003713000-632578958264631296-1545823852121030656,1778003713000,1778006024000,1,15.239,5.117,2.9781121751025994
1152270574152581120,1777942227000-632578958264631296-1152270574152581120,1777942227000,1777943781000,1,15.218,4.931,3.086189413911985
866686265431425024,1777951722000-632578958264631296-866686265431425024,1777951722000,1777953300000,1,15.172,4.651,3.2620941732960658
1161991673035620352,1777971543000-632578958264631296-1161991673035620352,1777971543000,1777973282000,1,15.163,7.255,2.0900068917987595
1132636252537880576,1777957290000-632578958264631296-1132636252537880576,1777957290000,1777958740000,1,15.161,3.395,4.465684830633284
1469693281720860672,1777975613000-632578958264631296-1469693281720860672,1777975613000,1777977049000,1,15.125,3.849,3.929592101844635
1362452416535986176,1777948264000-632578958264631296-1362452416535986176,1777948264000,1777949593000,1,15.093,3.11,4.853054662379422
1094588896550846464,1777973374000-632578958264631296-1094588896550846464,1777973374000,1777975012000,1,15.085,6.833,2.2076686667642327
1396881508228136960,1777962915000-632578958264631296-1396881508228136960,1777962915000,1777965315000,1,15.071,7.384,2.0410346695557964
943458912718290944,1777953096000-632578958264631296-943458912718290944,1777953096000,1777955048000,1,15.002,5.452,2.7516507703595012
1065321017443876864,1777947547000-632578958264631296-1065321017443876864,1777947547000,1777947916000,1,15.0,0.167,89.82035928143712
1067764977248501760,1777982054000-632578958264631296-1067764977248501760,1777982054000,1777982246000,1,15.0,0.123,121.95121951219512
1083728919393206272,1777975232000-632578958264631296-1083728919393206272,1777975232000,1777975624000,1,15.0,0.481,31.185031185031185
1083778254826897408,1777921725000-632578958264631296-1083778254826897408,1777921725000,1777922421000,1,15.0,0.265,56.60377358490566
1094588896550846464,1777996478000-632578958264631296-1094588896550846464,1777996478000,1777996634000,1,15.0,0.068,220.58823529411762
1422205727123963904,1777978412000-632578958264631296-1422205727123963904,1777978412000,1777978704000,1,15.0,0.103,145.63106796116506
1454186236603269120,1778002330000-632578958264631296-1454186236603269120,1778002330000,1778002689000,1,15.0,0.125,120.0
1540361603277389824,1777981678000-632578958264631296-1540361603277389824,1777981678000,1777981942000,1,15.0,0.1,150.0
780451764301201408,1778002099000-632578958264631296-780451764301201408,1778002099000,1778002318000,1,15.0,0.167,89.82035928143712
818154714091749376,1777988813000-632578958264631296-818154714091749376,1777988813000,1777989073000,1,15.0,0.159,94.33962264150944
873916972050415616,1777950836000-632578958264631296-873916972050415616,1777950836000,1777950975000,1,15.0,0.15,100.0
939139369715892224,1777974218000-632578958264631296-939139369715892224,1777974218000,1777974327000,1,15.0,0.117,128.2051282051282
946032945880104960,1777956933000-632578958264631296-946032945880104960,1777956933000,1777957322000,1,15.0,0.164,91.46341463414633
1131631502098956288,1777946190000-632578958264631296-1131631502098956288,1777946190000,1777948567000,1,14.929,7.635,1.9553372626064178
1181865650805538816,1777939545000-632578958264631296-1181865650805538816,1777939545000,1777942090000,1,14.928,8.018,1.86181092541781
1142833661045899264,1777971725000-632578958264631296-1142833661045899264,1777971725000,1777973271000,1,14.923,6.608,2.258323244552058
1152270574152581120,1777975330000-632578958264631296-1152270574152581120,1777975330000,1777977372000,1,14.8,5.093,2.9059493422344396
933416236518211584,1777947327000-632578958264631296-933416236518211584,1777947327000,1777949365000,1,14.736,4.875,3.022769230769231
1464286463544786944,1777986572000-632578958264631296-1464286463544786944,1777986572000,1777988776000,1,14.675,6.128,2.3947454308093996
915980150607183872,1777935185000-632578958264631296-915980150607183872,1777935185000,1777936804000,1,14.633,3.098,4.723369916074887
870309644059279360,1777934978000-632578958264631296-870309644059279360,1777934978000,1777936972000,1,14.532,3.415,4.255344070278184
862693652038680576,1777942243000-632578958264631296-862693652038680576,1777942243000,1777943551000,1,14.511,3.934,3.6886120996441276
1073278104413143040,1777942139000-632578958264631296-1073278104413143040,1777942139000,1777943611000,1,14.5,5.708,2.5402943237561315
1046443765134262272,1777949812000-632578958264631296-1046443765134262272,1777949812000,1777952350000,1,14.496,6.925,2.093285198555957
1535704124731949056,1777983607000-632578958264631296-1535704124731949056,1777983607000,1777985026000,1,14.458,3.958,3.652854977261243
1385589109656911872,1777962075000-632578958264631296-1385589109656911872,1777962075000,1777965674000,1,14.456,8.849,1.633630918747881
947104748366987264,1777955679000-632578958264631296-947104748366987264,1777955679000,1777957772000,1,14.409,5.762,2.500694203401597
635414692210147328,1777936951000-632578958264631296-635414692210147328,1777936951000,1777939143000,1,14.363,3.057,4.698397121360811
873568577507033088,1777994603000-632578958264631296-873568577507033088,1777994603000,1777995972000,1,14.354,2.838,5.0577871740662435
780067386190462976,1777979260000-632578958264631296-780067386190462976,1777979260000,1777982154000,1,14.32,3.986,3.5925740090316105
1094588896550846464,1777976012000-632578958264631296-1094588896550846464,1777976012000,1777977274000,1,14.313,4.395,3.2566552901023895
790193276584984576,1777994603000-632578958264631296-790193276584984576,1777994603000,1777995891000,1,14.29,2.393,5.971583786042625
1464286463544786944,1777989022000-632578958264631296-1464286463544786944,1777989022000,1777991596000,1,14.258,7.929,1.7982091058140999
1108736100332994560,1777991326000-632578958264631296-1108736100332994560,1777991326000,1777993840000,1,14.2,9.715,1.4616572310859495
940981890892955648,1777943349000-632578958264631296-940981890892955648,1777943349000,1777944633000,1,14.194,3.778,3.757014293276866
1108736100332994560,1777917444000-632578958264631296-1108736100332994560,1777917444000,1777919452000,1,14.183,10.236,1.385599843688941
1168836102002311168,1777951574000-632578958264631296-1168836102002311168,1777951574000,1777953354000,1,14.129,4.179,3.3809523809523805
1184409623537385472,1777956229000-632578958264631296-1184409623537385472,1777956229000,1777957597000,1,14.123,6.048,2.3351521164021163
1184409623537385472,1777958880000-632578958264631296-1184409623537385472,1777958880000,1777960218000,1,14.114,3.633,3.8849435728048447
862677558196436992,1777938699000-632578958264631296-862677558196436992,1777938699000,1777940063000,1,14.109,6.227,2.265778063272844
1094226815196594176,1777969544000-632578958264631296-1094226815196594176,1777969544000,1777971233000,1,14.093,3.545,3.9754583921015514
1540361934212169728,1777989091000-632578958264631296-1540361934212169728,1777989091000,1777990969000,1,14.08,2.845,4.949033391915641
1161991673035620352,1777976081000-632578958264631296-1161991673035620352,1777976081000,1777977652000,1,14.077,8.023,1.7545805808301136
1298646515224412160,1777938379000-632578958264631296-1298646515224412160,1777938379000,1777940411000,1,14.062,5.347,2.629885917336824
862693652038680576,1777993054000-632578958264631296-862693652038680576,1777993054000,1777994329000,1,14.051,4.306,3.2631212261960054
1046443765134262272,1777990593000-632578958264631296-1046443765134262272,1777990593000,1777993045000,1,14.024,3.785,3.705151915455746
1064527564812320768,1777993489000-632578958264631296-1064527564812320768,1777993489000,1777993862000,1,14.0,0.127,110.23622047244095
1067767710965825536,1777946372000-632578958264631296-1067767710965825536,1777946372000,1777946671000,1,14.0,0.326,42.94478527607362
1177288436235632640,1777962785000-632578958264631296-1177288436235632640,1777962785000,1777963847000,1,14.0,0.39,35.8974358974359
1385304935976927232,1777964528000-632578958264631296-1385304935976927232,1777964528000,1777964753000,1,14.0,0.029,482.7586206896552
1396881382210273280,1777997289000-632578958264631296-1396881382210273280,1777997289000,1777997649000,1,14.0,0.134,104.4776119402985
1401196266230120448,1777981342000-632578958264631296-1401196266230120448,1777981342000,1777981548000,1,14.0,0.09,155.55555555555557
1464286808345935872,1777967728000-632578958264631296-1464286808345935872,1777967728000,1777968475000,1,14.0,0.416,33.65384615384615
1464286808345935872,1777970143000-632578958264631296-1464286808345935872,1777970143000,1777971156000,1,14.0,0.498,28.11244979919679
946029060134273024,1777950088000-632578958264631296-946029060134273024,1777950088000,1777950278000,1,14.0,0.085,164.70588235294116
959434235414839296,1777951687000-632578958264631296-959434235414839296,1777951687000,1777952031000,1,14.0,0.366,38.25136612021858
1067763553357791232,1777948806000-632578958264631296-1067763553357791232,1777948806000,1777951942000,1,13.98,9.21,1.517915309446254
836966844580495360,1777969257000-632578958264631296-836966844580495360,1777969257000,1777970625000,1,13.975,4.768,2.930998322147651
878252193440858112,1777961239000-632578958264631296-878252193440858112,1777961239000,1777962936000,1,13.934,3.125,4.45888
971379691866816512,1777969879000-632578958264631296-971379691866816512,1777969879000,1777974759000,1,13.924,9.562,1.4561807153315207
1454186236603269120,1777967129000-632578958264631296-1454186236603269120,1777967129000,1777968509000,1,13.885,4.925,2.819289340101523
1067763553357791232,1777983313000-632578958264631296-1067763553357791232,1777983313000,1777986627000,1,13.876,4.95,2.803232323232323
860147487929794560,1777969856000-632578958264631296-860147487929794560,1777969856000,1777971375000,1,13.873,5.268,2.633447228549734
1076924285072703488,1777969069000-632578958264631296-1076924285072703488,1777969069000,1777970888000,1,13.85,6.117,2.264181788458395
927153603469115392,1777992667000-632578958264631296-927153603469115392,1777992667000,1777994528000,1,13.839,2.898,4.77536231884058
933416236518211584,1777968777000-632578958264631296-933416236518211584,1777968777000,1777970197000,1,13.822,4.775,2.894659685863874
860146891080335360,1777947757000-632578958264631296-860146891080335360,1777947757000,1777949581000,1,13.819,5.321,2.59706822025935
787687496786903040,1777968537000-632578958264631296-787687496786903040,1777968537000,1777970731000,1,13.815,10.951,1.2615286275226005
1050036568242257920,1777937030000-632578958264631296-1050036568242257920,1777937030000,1777939400000,1,13.807,5.633,2.4510917805787327
1103352309556969472,1777940873000-632578958264631296-1103352309556969472,1777940873000,1777943071000,1,13.766,8.062,1.7075167452245101
1108736100332994560,1777998783000-632578958264631296-1108736100332994560,1777998783000,1778001556000,1,13.765,7.318,1.880978409401476
1500136074981146624,1777954101000-632578958264631296-1500136074981146624,1777954101000,1777955241000,1,13.728,4.267,3.217248652449027
1535700301011484672,1777990063000-632578958264631296-1535700301011484672,1777990063000,1777991896000,1,13.719,5.105,2.687365328109696
1108736100332994560,1777962586000-632578958264631296-1108736100332994560,1777962586000,1777964711000,1,13.7,7.511,1.823991479163893
964172050669240320,1777996312000-632578958264631296-964172050669240320,1777996312000,1777998574000,1,13.663,7.217,1.8931689067479562
1468940686052032512,1777993082000-632578958264631296-1468940686052032512,1777993082000,1777994579000,1,13.629,3.908,3.487461617195496
1478819140813717504,1777978167000-632578958264631296-1478819140813717504,1777978167000,1777979882000,1,13.55,5.926,2.286533918326021
1536014529144553472,1777916255000-632578958264631296-1536014529144553472,1777916255000,1777919570000,1,13.529,8.607,1.571860113860811
1079026604165824512,1777975954000-632578958264631296-1079026604165824512,1777975954000,1777978781000,1,13.479,6.328,2.130056890012642
790970454885007360,1777997018000-632578958264631296-790970454885007360,1777997018000,1777998488000,1,13.448,2.389,5.629133528673085
940981890892955648,1777956924000-632578958264631296-940981890892955648,1777956924000,1777958241000,1,13.433,5.703,2.355426968262318
1536014543027699712,1777949381000-632578958264631296-1536014543027699712,1777949381000,1777950898000,1,13.421,5.178,2.5919273850907687
1389243940330274816,1777971518000-632578958264631296-1389243940330274816,1777971518000,1777972957000,1,13.4,4.843,2.7668800330373737
794950170587430912,1777990679000-632578958264631296-794950170587430912,1777990679000,1777992470000,1,13.36,5.604,2.38401142041399
1504876024033181696,1777993582000-632578958264631296-1504876024033181696,1777993582000,1777994940000,1,13.341,2.878,4.635510771369006
951563481520275456,1777994877000-632578958264631296-951563481520275456,1777994877000,1777997040000,1,13.288,4.211,3.1555450011873662
1083727772540469248,1777937989000-632578958264631296-1083727772540469248,1777937989000,1777939440000,1,13.281,5.403,2.458078845086064
1153273602804547584,1777985200000-632578958264631296-1153273602804547584,1777985200000,1777986955000,1,13.281,6.223,2.1341796561144144
1060872975626010624,1777935467000-632578958264631296-1060872975626010624,1777935467000,1777938056000,1,13.27,8.979,1.477892861120392
1385589109656911872,1777955670000-632578958264631296-1385589109656911872,1777955670000,1777957211000,1,13.26,6.318,2.0987654320987654
1079095785133441024,1777973296000-632578958264631296-1079095785133441024,1777973296000,1777974447000,1,13.207,3.897,3.3890171927123434
947583451614150656,1777954964000-632578958264631296-947583451614150656,1777954964000,1777956893000,1,13.205,3.085,4.280388978930308
1152270574152581120,1777950123000-632578958264631296-1152270574152581120,1777950123000,1777951515000,1,13.159,4.158,3.1647426647426644
1080454515951403008,1777941159000-632578958264631296-1080454515951403008,1777941159000,1777943422000,1,13.06,2.562,5.097580015612803
964172050669240320,1777973553000-632578958264631296-964172050669240320,1777973553000,1777975224000,1,13.021,5.394,2.413978494623656
1536014618822967296,1777972149000-632578958264631296-1536014618822967296,1777972149000,1777974249000,1,13.02,2.738,4.755295836376917
1045015172411817984,1777962390000-632578958264631296-1045015172411817984,1777962390000,1777962782000,1,13.0,0.148,87.83783783783784
1144224275478085632,1777989163000-632578958264631296-1144224275478085632,1777989163000,1777989488000,1,13.0,0.203,64.03940886699507
1312806942439112704,1777983903000-632578958264631296-1312806942439112704,1777983903000,1777984163000,1,13.0,0.122,106.55737704918033
1373358446576926720,1777972702000-632578958264631296-1373358446576926720,1777972702000,1777972774000,1,13.0,0.015,866.6666666666667
1441118393376702464,1777934022000-632578958264631296-1441118393376702464,1777934022000,1777934391000,1,13.0,0.198,65.65656565656565
1484590862305329152,1777975667000-632578958264631296-1484590862305329152,1777975667000,1777975782000,1,13.0,0.038,342.10526315789474
1536014535985463296,1777946555000-632578958264631296-1536014535985463296,1777946555000,1777946694000,1,13.0,0.088,147.72727272727275
787000328028422144,1777988825000-632578958264631296-787000328028422144,1777988825000,1777989041000,1,13.0,0.132,98.48484848484848
862693652038680576,1777983169000-632578958264631296-862693652038680576,1777983169000,1777983307000,1,13.0,0.182,71.42857142857143
1396881508228136960,1777947958000-632578958264631296-1396881508228136960,1777947958000,1777949453000,1,12.95,5.819,2.2254682935212236
1184409623537385472,1777954859000-632578958264631296-1184409623537385472,1777954859000,1777956224000,1,12.926,4.935,2.619250253292807
1070378226594873344,1777979028000-632578958264631296-1070378226594873344,1777979028000,1777980953000,1,12.919,3.141,4.113021330786374
1079095785133441024,1777975794000-632578958264631296-1079095785133441024,1777975794000,1777977041000,1,12.914,6.544,1.9734107579462103
1050037424450699264,1777938402000-632578958264631296-1050037424450699264,1777938402000,1777940219000,1,12.887,5.659,2.2772574659833893
800361869549240320,1777985443000-632578958264631296-800361869549240320,1777985443000,1777987575000,1,12.864,2.666,4.8252063015753945
787687496786903040,1777973568000-632578958264631296-787687496786903040,1777973568000,1777974970000,1,12.843,6.044,2.124917273328921
1067765247101632512,1777996398000-632578958264631296-1067765247101632512,1777996398000,1777997806000,1,12.766,3.995,3.1954943679599497
1108736100332994560,1777996273000-632578958264631296-1108736100332994560,1777996273000,1777998482000,1,12.763,5.869,2.1746464474356793
1491416395517263872,1777991284000-632578958264631296-1491416395517263872,1777991284000,1777992790000,1,12.726,4.324,2.943108233117484
1478819140813717504,1777948050000-632578958264631296-1478819140813717504,1777948050000,1777951288000,1,12.721,8.147,1.5614336565606972
940988876032311296,1777944505000-632578958264631296-940988876032311296,1777944505000,1777945974000,1,12.718,3.245,3.9192604006163325
926835749754503168,1777974526000-632578958264631296-926835749754503168,1777974526000,1777975903000,1,12.717,2.312,5.500432525951558
946031139108159488,1777964603000-632578958264631296-946031139108159488,1777964603000,1777966145000,1,12.697,4.026,3.1537506209637356
932302785804763136,1777958009000-632578958264631296-932302785804763136,1777958009000,1777959409000,1,12.687,2.423,5.236070986380519
1500491887742550016,1777964615000-632578958264631296-1500491887742550016,1777964615000,1777966213000,1,12.615,3.242,3.891116594694633
1535700301011484672,1777991901000-632578958264631296-1535700301011484672,1777991901000,1777993257000,1,12.599,4.736,2.6602618243243246
1268615116379652096,1777989050000-632578958264631296-1268615116379652096,1777989050000,1777990708000,1,12.524,5.545,2.258611361587015
1138782810882965504,1777976663000-632578958264631296-1138782810882965504,1777976663000,1777978410000,1,12.522,3.091,4.051116143642834
928334310946111488,1777995104000-632578958264631296-928334310946111488,1777995104000,1777997231000,1,12.511,3.433,3.644334401398194
1488129049464143872,1777954846000-632578958264631296-1488129049464143872,1777954846000,1777956064000,1,12.475,4.315,2.8910776361529544
1045646687990710272,1777981148000-632578958264631296-1045646687990710272,1777981148000,1777982491000,1,12.452,6.406,1.9438026849828287
932612842287267840,1777987361000-632578958264631296-932612842287267840,1777987361000,1777988530000,1,12.428,3.7,3.358918918918919
933416236518211584,1777950518000-632578958264631296-933416236518211584,1777950518000,1777952389000,1,12.408,2.786,4.453697056712132
780067386190462976,1777991717000-632578958264631296-780067386190462976,1777991717000,1777994882000,1,12.392,4.065,3.048462484624846
873101078441230336,1777990102000-632578958264631296-873101078441230336,1777990102000,1777991891000,1,12.325,5.297,2.3267887483481218
1268615116379652096,1777987110000-632578958264631296-1268615116379652096,1777987110000,1777988852000,1,12.302,4.526,2.718073353954927
1500136074981146624,1777984743000-632578958264631296-1500136074981146624,1777984743000,1777986513000,1,12.279,6.558,1.8723696248856359
1183367596062277632,1777944151000-632578958264631296-1183367596062277632,1777944151000,1777946085000,1,12.255,4.067,3.013277600196705
951563481520275456,1777992437000-632578958264631296-951563481520275456,1777992437000,1777994593000,1,12.243,3.501,3.4970008568980293
1184409623537385472,1777957708000-632578958264631296-1184409623537385472,1777957708000,1777958854000,1,12.219,3.418,3.57489760093622
970285003134992384,1777979712000-632578958264631296-970285003134992384,1777979712000,1777982531000,1,12.155,6.801,1.787237171004264
1504876024033181696,1777991085000-632578958264631296-1504876024033181696,1777991085000,1777992453000,1,12.139,2.554,4.752936570086139
860147487929794560,1777943598000-632578958264631296-860147487929794560,1777943598000,1777945266000,1,12.124,8.249,1.4697539095647958
929707161364201472,1777964959000-632578958264631296-929707161364201472,1777964959000,1777966278000,1,12.05,4.68,2.574786324786325
970285003134992384,1777918865000-632578958264631296-970285003134992384,1777918865000,1777920681000,1,12.047,5.807,2.0745651799552265
943818921138454528,1777948946000-632578958264631296-943818921138454528,1777948946000,1777950069000,1,12.028,5.746,2.093282283327532
1067775063052255232,1777952908000-632578958264631296-1067775063052255232,1777952908000,1777954516000,1,12.014,2.79,4.306093189964157
1132636843020386304,1777935486000-632578958264631296-1132636843020386304,1777935486000,1777937048000,1,12.011,4.799,2.502813086059595
1050036776183267328,1778004421000-632578958264631296-1050036776183267328,1778004421000,1778004791000,1,12.0,0.404,29.7029702970297
1065304732634972160,1777998878000-632578958264631296-1065304732634972160,1777998878000,1777999463000,1,12.0,0.269,44.60966542750929
1067775063052255232,1777937993000-632578958264631296-1067775063052255232,1777937993000,1777938335000,1,12.0,0.145,82.75862068965517
1073277847704961024,1778000855000-632578958264631296-1073277847704961024,1778000855000,1778001228000,1,12.0,0.109,110.09174311926606
1142833661045899264,1777968352000-632578958264631296-1142833661045899264,1777968352000,1777968744000,1,12.0,0.297,40.40404040404041
1362452416535986176,1777985564000-632578958264631296-1362452416535986176,1777985564000,1777985792000,1,12.0,0.103,116.50485436893204
1422205727123963904,1777944961000-632578958264631296-1422205727123963904,1777944961000,1777945698000,1,12.0,0.336,35.714285714285715
1464283595349688320,1777946413000-632578958264631296-1464283595349688320,1777946413000,1777946650000,1,12.0,0.135,88.88888888888889
1488160320575766528,1777933000000-632578958264631296-1488160320575766528,1777933000000,1777933398000,1,12.0,0.216,55.55555555555556
1536014535985463296,1777946128000-632578958264631296-1536014535985463296,1777946128000,1777946267000,1,12.0,0.067,179.1044776119403
1545825206881222656,1777957032000-632578958264631296-1545825206881222656,1777957032000,1777957225000,1,12.0,0.251,47.808764940239044
635414692210147328,1777995665000-632578958264631296-635414692210147328,1777995665000,1777995909000,1,12.0,0.123,97.5609756097561
788429534713085952,1777975937000-632578958264631296-788429534713085952,1777975937000,1777976405000,1,12.0,1.083,11.0803324099723
862693652038680576,1777977683000-632578958264631296-862693652038680576,1777977683000,1777978036000,1,12.0,0.664,18.072289156626503
964169792938311680,1777944823000-632578958264631296-964169792938311680,1777944823000,1777945212000,1,12.0,0.146,82.19178082191782
964172050669240320,1777999908000-632578958264631296-964172050669240320,1777999908000,1778000277000,1,12.0,0.103,116.50485436893204
1471165126924042240,1777946926000-632578958264631296-1471165126924042240,1777946926000,1777948105000,1,11.99,2.349,5.104299702000851
1540361934212169728,1777968959000-632578958264631296-1540361934212169728,1777968959000,1777970124000,1,11.985,2.863,4.186168354872511
1075729411988258816,1777993934000-632578958264631296-1075729411988258816,1777993934000,1777994806000,1,11.968,0.851,14.063454759106934
1067764585097854976,1777919433000-632578958264631296-1067764585097854976,1777919433000,1777923224000,1,11.926,5.527,2.1577709426451963
1536014577374855168,1777920149000-632578958264631296-1536014577374855168,1777920149000,1777923538000,1,11.898,4.929,2.4138770541692023
1464286808345935872,1777997217000-632578958264631296-1464286808345935872,1777997217000,1777998745000,1,11.873,4.855,2.445520082389289
943859348893859840,1777941746000-632578958264631296-943859348893859840,1777941746000,1777943354000,1,11.817,4.198,2.8149118627918055
1112389405491855360,1777959840000-632578958264631296-1112389405491855360,1777959840000,1777961245000,1,11.802,8.565,1.3779334500875657
939138676678459392,1777986775000-632578958264631296-939138676678459392,1777986775000,1777988719000,1,11.784,2.385,4.940880503144655
1067776196789403648,1777974787000-632578958264631296-1067776196789403648,1777974787000,1777976157000,1,11.72,2.421,4.8409748038000835
1127222273418199040,1777980003000-632578958264631296-1127222273418199040,1777980003000,1777980887000,1,11.701,3.541,3.304433775769557
1385305291104452608,1777985621000-632578958264631296-1385305291104452608,1777985621000,1777988574000,1,11.7,3.761,3.110874767349109
938815406225752064,1777964959000-632578958264631296-938815406225752064,1777964959000,1777966073000,1,11.671,4.605,2.5344191096634088
861290333428776960,1777954881000-632578958264631296-861290333428776960,1777954881000,1777956463000,1,11.657,6.338,1.839223729883244
780122893064339456,1777984652000-632578958264631296-780122893064339456,1777984652000,1777986350000,1,11.651,2.995,3.890150250417362
1067775916656033792,1777962267000-632578958264631296-1067775916656033792,1777962267000,1777963484000,1,11.643,2.861,4.0695560992659905
1471165126924042240,1777986923000-632578958264631296-1471165126924042240,1777986923000,1777988208000,1,11.581,2.323,4.985363753766681
942470042409238528,1777941641000-632578958264631296-942470042409238528,1777941641000,1777942951000,1,11.581,3.061,3.783404116301862
1385588909638942720,1777991277000-632578958264631296-1385588909638942720,1777991277000,1777993203000,1,11.549,2.378,4.856602186711521
790970454885007360,1777976743000-632578958264631296-790970454885007360,1777976743000,1777978458000,1,11.539,3.344,3.450657894736842
1065321017443876864,1777962168000-632578958264631296-1065321017443876864,1777962168000,1777964372000,1,11.528,2.428,4.7479406919275124
790970372676648960,1777953001000-632578958264631296-790970372676648960,1777953001000,1777954071000,1,11.526,4.081,2.824307767703994
933416236518211584,1777949462000-632578958264631296-933416236518211584,1777949462000,1777950517000,1,11.474,4.243,2.7042187131746402
1079796452147855360,1777954822000-632578958264631296-1079796452147855360,1777954822000,1777956134000,1,11.449,5.506,2.079367962223029
1120316721542987776,1777970389000-632578958264631296-1120316721542987776,1777970389000,1777971606000,1,11.444,4.309,2.65583662102576
1083726789898928128,1777952507000-632578958264631296-1083726789898928128,1777952507000,1777954139000,1,11.426,12.513,0.9131303444417805
1389244302743306240,1777964452000-632578958264631296-1389244302743306240,1777964452000,1777965464000,1,11.412,2.411,4.733305682289506
1161574576161816576,1777942649000-632578958264631296-1161574576161816576,1777942649000,1777944256000,1,11.395,3.574,3.188304420817012
1362452416535986176,1777955453000-632578958264631296-1362452416535986176,1777955453000,1777956354000,1,11.393,3.658,3.1145434663750686
1396880990281924608,1777947952000-632578958264631296-1396880990281924608,1777947952000,1777949090000,1,11.388,3.373,3.376222946931515
1161574576161816576,1777945508000-632578958264631296-1161574576161816576,1777945508000,1777946954000,1,11.379,3.071,3.7053077173559097
1126869078934290432,1777976042000-632578958264631296-1126869078934290432,1777976042000,1777977496000,1,11.372,3.553,3.200675485505207
1135541524696662016,1777988643000-632578958264631296-1135541524696662016,1777988643000,1777990034000,1,11.365,2.635,4.313092979127135
1049341310072258560,1777986196000-632578958264631296-1049341310072258560,1777986196000,1777987392000,1,11.339,2.645,4.286956521739131
1471165285556813824,1777987592000-632578958264631296-1471165285556813824,1777987592000,1777988826000,1,11.333,2.322,4.880706287683032
942469061864849408,1777964187000-632578958264631296-942469061864849408,1777964187000,1777965282000,1,11.329,4.785,2.36760710553814
860147487929794560,1777998135000-632578958264631296-860147487929794560,1777998135000,1777999718000,1,11.273,4.021,2.803531459835862
1536014570613637120,1777987066000-632578958264631296-1536014570613637120,1777987066000,1777988019000,1,11.267,3.032,3.7160290237467017
1131631502098956288,1777955021000-632578958264631296-1131631502098956288,1777955021000,1777956666000,1,11.216,5.84,1.9205479452054794
1396881508228136960,1777953943000-632578958264631296-1396881508228136960,1777953943000,1777955843000,1,11.207,10.119,1.1075205059788518
1103352309556969472,1777994899000-632578958264631296-1103352309556969472,1777994899000,1777996284000,1,11.2,5.995,1.8682235195996661
1540361729291059200,1777948083000-632578958264631296-1540361729291059200,1777948083000,1777949487000,1,11.193,5.184,2.159143518518518
860146891080335360,1777975115000-632578958264631296-860146891080335360,1777975115000,1777976316000,1,11.157,3.735,2.9871485943775102
1046836268442320896,1777938103000-632578958264631296-1046836268442320896,1777938103000,1777939670000,1,11.131,5.58,1.9948028673835125
1389243594644127744,1777989020000-632578958264631296-1389243594644127744,1777989020000,1777990432000,1,11.125,4.239,2.6244397263505546
1060579746913452032,1777946668000-632578958264631296-1060579746913452032,1777946668000,1777947102000,1,11.0,0.155,70.96774193548387
1065304732634972160,1777971168000-632578958264631296-1065304732634972160,1777971168000,1777971423000,1,11.0,0.125,88.0
1073278104413143040,1777967498000-632578958264631296-1073278104413143040,1777967498000,1777967673000,1,11.0,0.044,250.00000000000003
1083726740557135872,1777981401000-632578958264631296-1083726740557135872,1777981401000,1777981979000,1,11.0,0.569,19.332161687170476
1083778254826897408,1777998854000-632578958264631296-1083778254826897408,1777998854000,1777999994000,1,11.0,0.574,19.16376306620209
1153273376152748032,1777959312000-632578958264631296-1153273376152748032,1777959312000,1777960076000,1,11.0,0.928,11.853448275862068
1385305554984894464,1777949610000-632578958264631296-1385305554984894464,1777949610000,1777950090000,1,11.0,0.256,42.96875
1396881703661731840,1777994675000-632578958264631296-1396881703661731840,1777994675000,1777994849000,1,11.0,0.064,171.875
1504876024033181696,1777956807000-632578958264631296-1504876024033181696,1777956807000,1777957448000,1,11.0,0.253,43.47826086956522
635414692210147328,1777952974000-632578958264631296-635414692210147328,1777952974000,1777953378000,1,11.0,0.238,46.21848739495798
780059706918961152,1777945499000-632578958264631296-780059706918961152,1777945499000,1777946562000,1,11.0,0.689,15.965166908563136
780451764301201408,1777993519000-632578958264631296-780451764301201408,1777993519000,1777994064000,1,11.0,0.605,18.181818181818183
818154714091749376,1777973828000-632578958264631296-818154714091749376,1777973828000,1777974350000,1,11.0,0.248,44.354838709677416
871730443827806208,1777975617000-632578958264631296-871730443827806208,1777975617000,1777975787000,1,11.0,0.104,105.76923076923077
902974583798235136,1777961596000-632578958264631296-902974583798235136,1777961596000,1777961919000,1,11.0,0.238,46.21848739495798
947094374120947712,1777990813000-632578958264631296-947094374120947712,1777990813000,1777990944000,1,11.0,0.029,379.31034482758616
1476549765217910784,1777948659000-632578958264631296-1476549765217910784,1777948659000,1777949883000,1,10.935,3.961,2.7606664983590004
1070370579279773696,1777966038000-632578958264631296-1070370579279773696,1777966038000,1777967373000,1,10.887,2.999,3.6302100700233413
1112389405491855360,1777981255000-632578958264631296-1112389405491855360,1777981255000,1777982580000,1,10.875,5.92,1.8369932432432432
1535704124731949056,1777981277000-632578958264631296-1535704124731949056,1777981277000,1777982383000,1,10.87,4.72,2.3029661016949152
929731076446748672,1777991656000-632578958264631296-929731076446748672,1777991656000,1777993550000,1,10.794,5.412,1.9944567627494458
944587945103327232,1777936770000-632578958264631296-944587945103327232,1777936770000,1777938057000,1,10.794,2.217,4.868741542625169
1362452416535986176,1777947097000-632578958264631296-1362452416535986176,1777947097000,1777948263000,1,10.787,4.059,2.6575511209657554
790970454885007360,1777992264000-632578958264631296-790970454885007360,1777992264000,1777993375000,1,10.735,2.105,5.0997624703087885
943458912718290944,1777960419000-632578958264631296-943458912718290944,1777960419000,1777961681000,1,10.728,2.618,4.097784568372804
1491416395517263872,1777974916000-632578958264631296-1491416395517263872,1777974916000,1777976027000,1,10.714,4.121,2.599854404270808
790970372676648960,1777943085000-632578958264631296-790970372676648960,1777943085000,1777943935000,1,10.71,4.349,2.462635088526098
1067775256489361408,1777985650000-632578958264631296-1067775256489361408,1777985650000,1777987782000,1,10.688,3.957,2.7010361384887545
1073278104413143040,1777966008000-632578958264631296-1073278104413143040,1777966008000,1777967470000,1,10.675,3.152,3.386738578680203
1065304732634972160,1778002559000-632578958264631296-1065304732634972160,1778002559000,1778004723000,1,10.667,3.584,2.976283482142857
1135630948969218048,1777934758000-632578958264631296-1135630948969218048,1777934758000,1777936596000,1,10.664,6.591,1.6179638901532392
971379691866816512,1777934572000-632578958264631296-971379691866816512,1777934572000,1777936313000,1,10.646,5.976,1.781459170013387
935627425390264320,1777979623000-632578958264631296-935627425390264320,1777979623000,1777980930000,1,10.628,2.523,4.212445501387237
932612842287267840,1777982393000-632578958264631296-932612842287267840,1777982393000,1777983614000,1,10.591,3.453,3.067187952505068
1076924285072703488,1777970892000-632578958264631296-1076924285072703488,1777970892000,1777972645000,1,10.587,5.007,2.114439784301977
947104748366987264,1777952076000-632578958264631296-947104748366987264,1777952076000,1777953284000,1,10.561,3.751,2.815515862436684
1075729411988258816,1777997390000-632578958264631296-1075729411988258816,1777997390000,1777998514000,1,10.466,0.854,12.255269320843091
1545824482457812992,1777977776000-632578958264631296-1545824482457812992,1777977776000,1777979237000,1,10.448,4.917,2.1248728899735614
873201356771426304,1777994111000-632578958264631296-873201356771426304,1777994111000,1777995263000,1,10.416,5.97,1.7447236180904524
1138782810882965504,1777995731000-632578958264631296-1138782810882965504,1777995731000,1777996992000,1,10.394,2.344,4.434300341296929
1161574576161816576,1777983111000-632578958264631296-1161574576161816576,1777983111000,1777984254000,1,10.392,4.229,2.45731851501537
940988876032311296,1777973977000-632578958264631296-940988876032311296,1777973977000,1777975154000,1,10.391,2.294,4.529642545771578
1083726613264203776,1777965942000-632578958264631296-1083726613264203776,1777965942000,1777966987000,1,10.367,2.099,4.939018580276322
1083016936570224640,1777979110000-632578958264631296-1083016936570224640,1777979110000,1777980283000,1,10.353,3.598,2.877431906614786
870568761881526272,1777959641000-632578958264631296-870568761881526272,1777959641000,1777960794000,1,10.3,5.821,1.7694554200309227
966383863687282688,1777992959000-632578958264631296-966383863687282688,1777992959000,1777994021000,1,10.29,2.554,4.028974158183242
1046442314819436544,1777983895000-632578958264631296-1046442314819436544,1777983895000,1777985430000,1,10.228,4.06,2.5192118226600986
790970372676648960,1777951891000-632578958264631296-790970372676648960,1777951891000,1777952751000,1,10.226,4.412,2.317769718948323
862693652038680576,1777984494000-632578958264631296-862693652038680576,1777984494000,1777985949000,1,10.218,4.355,2.3462686567164175
1050037243114160128,1777971972000-632578958264631296-1050037243114160128,1777971972000,1777972985000,1,10.213,3.457,2.9542956320509113
1131239476161413120,1777949857000-632578958264631296-1131239476161413120,1777949857000,1777951055000,1,10.21,3.918,2.6059213884635017
1540361729291059200,1777943756000-632578958264631296-1540361729291059200,1777943756000,1777944926000,1,10.127,4.117,2.4598008258440616
943859348893859840,1777949855000-632578958264631296-943859348893859840,1777949855000,1777950863000,1,10.122,3.192,3.1710526315789473
1064532839803912192,1778000857000-632578958264631296-1064532839803912192,1778000857000,1778001879000,1,10.043,1.996,5.031563126252505
943818921138454528,1777950091000-632578958264631296-943818921138454528,1777950091000,1777950934000,1,10.04,2.649,3.7901094752736877
1364616390270517248,1777970015000-632578958264631296-1364616390270517248,1777970015000,1777972038000,1,10.019,2.862,3.5006988120195666
1049341310072258560,1777962112000-632578958264631296-1049341310072258560,1777962112000,1777964802000,1,10.0,1.145,8.73362445414847
1067764585097854976,1777962951000-632578958264631296-1067764585097854976,1777962951000,1777963585000,1,10.0,0.822,12.165450121654501
1067774958987378688,1777958202000-632578958264631296-1067774958987378688,1777958202000,1777959271000,1,10.0,0.833,12.004801920768308
1073994678560358400,1778005189000-632578958264631296-1073994678560358400,1778005189000,1778005546000,1,10.0,0.383,26.109660574412533
1079095522620342272,1777966360000-632578958264631296-1079095522620342272,1777966360000,1777966494000,1,10.0,0.172,58.139534883720934
1082007973238145024,1777953400000-632578958264631296-1082007973238145024,1777953400000,1777953722000,1,10.0,0.551,18.148820326678763
1083726345994764288,1778004904000-632578958264631296-1083726345994764288,1778004904000,1778005394000,1,10.0,0.503,19.880715705765407
1083726423769743360,1777984141000-632578958264631296-1083726423769743360,1777984141000,1777984491000,1,10.0,0.031,322.5806451612903
1083726423769743360,1777996183000-632578958264631296-1083726423769743360,1777996183000,1777996541000,1,10.0,0.39,25.64102564102564
1083726613264203776,1777938522000-632578958264631296-1083726613264203776,1777938522000,1777939003000,1,10.0,0.6,16.666666666666668
1083727333329731584,1777945318000-632578958264631296-1083727333329731584,1777945318000,1777945799000,1,10.0,0.582,17.18213058419244
1101156788989853696,1777998793000-632578958264631296-1101156788989853696,1777998793000,1777999039000,1,10.0,0.159,62.893081761006286
1113484110199783424,1777991753000-632578958264631296-1113484110199783424,1777991753000,1777992019000,1,10.0,0.114,87.71929824561403
1184409623537385472,1777996925000-632578958264631296-1184409623537385472,1777996925000,1778001749000,1,10.0,3.272,3.056234718826406
1294704486559776768,1777919688000-632578958264631296-1294704486559776768,1777919688000,1777920032000,1,10.0,0.191,52.35602094240838
1385588705250508800,1777994288000-632578958264631296-1385588705250508800,1777994288000,1777994769000,1,10.0,0.185,54.054054054054056
1397607641592627200,1777991768000-632578958264631296-1397607641592627200,1777991768000,1777992212000,1,10.0,0.245,40.816326530612244
1406586595699589120,1777972259000-632578958264631296-1406586595699589120,1777972259000,1777972843000,1,10.0,0.358,27.932960893854748
1422205425331208192,1777967170000-632578958264631296-1422205425331208192,1777967170000,1777967709000,1,10.0,0.27,37.03703703703704
1466797477431607296,1777986258000-632578958264631296-1466797477431607296,1777986258000,1777986739000,1,10.0,0.245,40.816326530612244
1488156479612518400,1777944690000-632578958264631296-1488156479612518400,1777944690000,1777944900000,1,10.0,0.101,99.009900990099
1488160320575766528,1777933403000-632578958264631296-1488160320575766528,1777933403000,1777933942000,1,10.0,0.267,37.45318352059925
1526262198169501696,1777977040000-632578958264631296-1526262198169501696,1777977040000,1777977285000,1,10.0,0.131,76.33587786259541
1536014550107684864,1777983229000-632578958264631296-1536014550107684864,1777983229000,1777984694000,1,10.0,0.795,12.578616352201257
1536014556927623168,1777962376000-632578958264631296-1536014556927623168,1777962376000,1777962714000,1,10.0,0.128,78.125
1536014625517076480,1777968345000-632578958264631296-1536014625517076480,1777968345000,1777969997000,1,10.0,0.914,10.940919037199125
1545823503347875840,1778003526000-632578958264631296-1545823503347875840,1778003526000,1778003689000,1,10.0,0.083,120.48192771084337
788429534713085952,1777979153000-632578958264631296-788429534713085952,1777979153000,1777979287000,1,10.0,0.138,72.46376811594202
818154714091749376,1777949891000-632578958264631296-818154714091749376,1777949891000,1777950346000,1,10.0,0.303,33.00330033003301
848986467664396288,1777985991000-632578958264631296-848986467664396288,1777985991000,1777986361000,1,10.0,0.259,38.61003861003861
866245373776101376,1777943569000-632578958264631296-866245373776101376,1777943569000,1777944098000,1,10.0,0.585,17.094017094017094
870275474985582592,1777980503000-632578958264631296-870275474985582592,1777980503000,1777981241000,1,10.0,0.554,18.050541516245485
915980150607183872,1777933646000-632578958264631296-915980150607183872,1777933646000,1777933978000,1,10.0,0.142,70.42253521126761
932334786138079232,1777956121000-632578958264631296-932334786138079232,1777956121000,1777956482000,1,10.0,0.379,26.385224274406333
944591832124227584,1777956804000-632578958264631296-944591832124227584,1777956804000,1777957057000,1,10.0,0.127,78.74015748031496
944591832124227584,1777963181000-632578958264631296-944591832124227584,1777963181000,1777963414000,1,10.0,0.402,24.87562189054726
1462138501628690432,1777997701000-632578958264631296-1462138501628690432,1777997701000,1777998762000,1,9.998,3.43,2.9148688046647226
1478819140813717504,1777995782000-632578958264631296-1478819140813717504,1777995782000,1777997202000,1,9.933,4.464,2.2251344086021505
927171595435245568,1777979565000-632578958264631296-927171595435245568,1777979565000,1777981283000,1,9.909,4.513,2.1956569909151344
1536014589357981696,1777966798000-632578958264631296-1536014589357981696,1777966798000,1777968052000,1,9.824,2.756,3.5645863570391874
1112389405491855360,1777984277000-632578958264631296-1112389405491855360,1777984277000,1777985878000,1,9.8,8.887,1.1027343310453472
1184409623537385472,1777977860000-632578958264631296-1184409623537385472,1777977860000,1777979320000,1,9.759,3.659,2.667122164525827
1505916014645215232,1777998979000-632578958264631296-1505916014645215232,1777998979000,1777999964000,1,9.759,4.093,2.384314683606157
1073278104413143040,1777937089000-632578958264631296-1073278104413143040,1777937089000,1777939048000,1,9.734,5.089,1.9127529966594614
873897783357079552,1777945895000-632578958264631296-873897783357079552,1777945895000,1777947407000,1,9.732,1.634,5.9559363525091795
1067776196789403648,1777987882000-632578958264631296-1067776196789403648,1777987882000,1777988781000,1,9.704,1.947,4.984078068823831
1536427445069021184,1777985634000-632578958264631296-1536427445069021184,1777985634000,1777987041000,1,9.632,4.504,2.13854351687389
1441118393376702464,1777963148000-632578958264631296-1441118393376702464,1777963148000,1777964350000,1,9.628,4.315,2.231286210892236
1501934002158698496,1777963164000-632578958264631296-1501934002158698496,1777963164000,1777964376000,1,9.626,5.169,1.8622557554652739
964172050669240320,1777981463000-632578958264631296-964172050669240320,1777981463000,1777982469000,1,9.613,3.209,2.995637270177625
946023492644503552,1777974997000-632578958264631296-946023492644503552,1777974997000,1777976112000,1,9.608,1.835,5.235967302452316
800361869549240320,1777940543000-632578958264631296-800361869549240320,1777940543000,1777941911000,1,9.607,2.83,3.3946996466431094
1187402009754468352,1777987730000-632578958264631296-1187402009754468352,1777987730000,1777989836000,1,9.575,6.039,1.5855274051995363
790970372676648960,1777959844000-632578958264631296-790970372676648960,1777959844000,1777960694000,1,9.533,3.068,3.1072359843546282
1138167953473142784,1777993206000-632578958264631296-1138167953473142784,1777993206000,1777994541000,1,9.529,5.2,1.8325
1268614873160351744,1777976033000-632578958264631296-1268614873160351744,1777976033000,1777976973000,1,9.521,3.96,2.4042929292929296
1500145408670695424,1777957014000-632578958264631296-1500145408670695424,1777957014000,1777958187000,1,9.5,4.378,2.1699406121516676
1405141042860130304,1777967289000-632578958264631296-1405141042860130304,1777967289000,1777969282000,1,9.437,8.536,1.1055529522024368
866245373776101376,1777972135000-632578958264631296-866245373776101376,1777972135000,1777974141000,1,9.432,3.155,2.9895404120443745
1047649870816477184,1777966351000-632578958264631296-1047649870816477184,1777966351000,1777967421000,1,9.393,1.893,4.961965134706815
1268614873160351744,1777949722000-632578958264631296-1268614873160351744,1777949722000,1777950587000,1,9.378,3.525,2.6604255319148935
1112389405491855360,1777947553000-632578958264631296-1112389405491855360,1777947553000,1777949006000,1,9.366,3.441,2.7218831734960767
803716121332023296,1777952483000-632578958264631296-803716121332023296,1777952483000,1777953656000,1,9.322,1.814,5.1389195148842335
870568761881526272,1777947647000-632578958264631296-870568761881526272,1777947647000,1777949012000,1,9.282,3.522,2.635434412265758
1535704124731949056,1777982388000-632578958264631296-1535704124731949056,1777982388000,1777983387000,1,9.265,2.909,3.184943279477484
1187437506908389376,1777947602000-632578958264631296-1187437506908389376,1777947602000,1777949480000,1,9.2,3.473,2.649006622516556
944587945103327232,1777951853000-632578958264631296-944587945103327232,1777951853000,1777952904000,1,9.185,2.123,4.326424870466321
1536014618822967296,1777964049000-632578958264631296-1536014618822967296,1777964049000,1777965055000,1,9.174,2.009,4.566450970632156
1101156788989853696,1777968152000-632578958264631296-1101156788989853696,1777968152000,1777969705000,1,9.161,2.85,3.2143859649122803
1389244302743306240,1777962366000-632578958264631296-1389244302743306240,1777962366000,1777963240000,1,9.16,3.764,2.4335812964930925
952583803866447872,1777946294000-632578958264631296-952583803866447872,1777946294000,1777948432000,1,9.115,3.441,2.6489392618424876
862677844923252736,1777937832000-632578958264631296-862677844923252736,1777937832000,1777939398000,1,9.1,3.742,2.4318546231961515
790970372676648960,1777941550000-632578958264631296-790970372676648960,1777941550000,1777942802000,1,9.03,4.007,2.253556276516097
1540361934212169728,1777955507000-632578958264631296-1540361934212169728,1777955507000,1777956259000,1,9.029,1.898,4.757112750263436
966383863687282688,1777951438000-632578958264631296-966383863687282688,1777951438000,1777952373000,1,9.028,1.949,4.632119035402771
940988876032311296,1777946067000-632578958264631296-940988876032311296,1777946067000,1777947174000,1,9.009,2.285,3.9426695842450763
1050035879038418944,1777976244000-632578958264631296-1050035879038418944,1777976244000,1777976409000,1,9.0,0.075,120.0
1067764585097854976,1777984704000-632578958264631296-1067764585097854976,1777984704000,1777984859000,1,9.0,0.14,64.28571428571428
1082330521322651648,1777999739000-632578958264631296-1082330521322651648,1777999739000,1778000193000,1,9.0,0.394,22.84263959390863
1141991039255445504,1777992725000-632578958264631296-1141991039255445504,1777992725000,1777993012000,1,9.0,0.215,41.86046511627907
970285003134992384,1777942981000-632578958264631296-970285003134992384,1777942981000,1777943278000,1,9.0,0.089,101.12359550561798
873201356771426304,1777995266000-632578958264631296-873201356771426304,1777995266000,1777996061000,1,8.984,2.718,3.3053715967623254
1471148657502846976,1777996008000-632578958264631296-1471148657502846976,1777996008000,1777997370000,1,8.964,2.399,3.736556898707795
1094956363722784768,1777996013000-632578958264631296-1094956363722784768,1777996013000,1777997089000,1,8.954,2.357,3.7988969028425963
1067775063052255232,1777947211000-632578958264631296-1067775063052255232,1777947211000,1777948381000,1,8.937,2.187,4.08641975308642
1071826388769570816,1777976830000-632578958264631296-1071826388769570816,1777976830000,1777977823000,1,8.933,3.529,2.5313119863984133
873101078441230336,1777950239000-632578958264631296-873101078441230336,1777950239000,1777951411000,1,8.908,2.871,3.1027516544757923
1501933614227521536,1777950233000-632578958264631296-1501933614227521536,1777950233000,1777951315000,1,8.878,3.865,2.297024579560155
1046442858321543168,1777963598000-632578958264631296-1046442858321543168,1777963598000,1777964667000,1,8.875,3.063,2.897486124714332
1045646687990710272,1777939333000-632578958264631296-1045646687990710272,1777939333000,1777940404000,1,8.841,4.888,1.8087152209492634
1454186236603269120,1777941648000-632578958264631296-1454186236603269120,1777941648000,1777942836000,1,8.839,3.321,2.661547726588377
790970372676648960,1777946624000-632578958264631296-790970372676648960,1777946624000,1777947483000,1,8.82,4.926,1.7904993909866016
1501933614227521536,1777990288000-632578958264631296-1501933614227521536,1777990288000,1777991284000,1,8.797,4.856,1.8115733113673806
947583099720433664,1777963283000-632578958264631296-947583099720433664,1777963283000,1777965682000,1,8.765,3.53,2.48300283286119
947093103351693312,1777981577000-632578958264631296-947093103351693312,1777981577000,1777982524000,1,8.758,1.994,4.392176529588766
942721856836730880,1777980948000-632578958264631296-942721856836730880,1777980948000,1777981848000,1,8.749,1.481,5.907494935854152
1183367596062277632,1777996132000-632578958264631296-1183367596062277632,1777996132000,1777997393000,1,8.743,2.736,3.1955409356725144
939138676678459392,1777983201000-632578958264631296-939138676678459392,1777983201000,1777984082000,1,8.728,1.677,5.204531902206321
873201356771426304,1777938800000-632578958264631296-873201356771426304,1777938800000,1777939843000,1,8.727,4.094,2.131656082071324
1268614873160351744,1777948820000-632578958264631296-1268614873160351744,1777948820000,1777949591000,1,8.7,3.014,2.8865295288652955
790970372676648960,1777951013000-632578958264631296-790970372676648960,1777951013000,1777951867000,1,8.683,3.896,2.2286960985626285
1120316721542987776,1777942299000-632578958264631296-1120316721542987776,1777942299000,1777943252000,1,8.562,5.041,1.6984725252926005
1464286463544786944,1777965309000-632578958264631296-1464286463544786944,1777965309000,1777966755000,1,8.535,4.583,1.8623172594370498
939547788868321280,1777942522000-632578958264631296-939547788868321280,1777942522000,1777943848000,1,8.501,2.601,3.268358323721645
932302785804763136,1777963099000-632578958264631296-932302785804763136,1777963099000,1777964301000,1,8.467,2.316,3.6558721934369607
944587945103327232,1777953307000-632578958264631296-944587945103327232,1777953307000,1777954207000,1,8.456,1.662,5.0878459687123945
1396881508228136960,1777951599000-632578958264631296-1396881508228136960,1777951599000,1777952975000,1,8.452,3.511,2.4072913699800624
1127222273418199040,1777974577000-632578958264631296-1127222273418199040,1777974577000,1777975950000,1,8.406,4.858,1.7303417044051053
916722872880201728,1777994489000-632578958264631296-916722872880201728,1777994489000,1777995564000,1,8.33,3.074,2.709824333116461
1079026604165824512,1777974918000-632578958264631296-1079026604165824512,1777974918000,1777975947000,1,8.329,2.772,3.004689754689755
932302785804763136,1777964991000-632578958264631296-932302785804763136,1777964991000,1777965842000,1,8.255,1.453,5.681348933241569
1161991673035620352,1777977900000-632578958264631296-1161991673035620352,1777977900000,1777979065000,1,8.217,2.575,3.1910679611650483
790970372676648960,1777967640000-632578958264631296-790970372676648960,1777967640000,1777968490000,1,8.2,3.291,2.49164387724096
1079095785133441024,1777995790000-632578958264631296-1079095785133441024,1777995790000,1777996813000,1,8.197,3.686,2.2238198589256646
1134877765846171648,1777936944000-632578958264631296-1134877765846171648,1777936944000,1777938897000,1,8.179,3.494,2.3408700629650827
938817698895233024,1777954041000-632578958264631296-938817698895233024,1777954041000,1777955301000,1,8.15,5.203,1.5664039976936384
1478819140813717504,1777981211000-632578958264631296-1478819140813717504,1777981211000,1777982343000,1,8.081,2.088,3.870210727969348
1268614873160351744,1777945202000-632578958264631296-1268614873160351744,1777945202000,1777946033000,1,8.048,3.399,2.367755222124154
1065321017443876864,1777990330000-632578958264631296-1065321017443876864,1777990330000,1777992036000,1,8.01,3.886,2.061245496654658
787687496786903040,1777945191000-632578958264631296-787687496786903040,1777945191000,1777946902000,1,8.005,3.948,2.0276089159067885
1050781532765028352,1777932496000-632578958264631296-1050781532765028352,1777932496000,1777932649000,1,8.0,0.092,86.95652173913044
1061350711461150720,1777987751000-632578958264631296-1061350711461150720,1777987751000,1777988096000,1,8.0,0.115,69.56521739130434
1067765309810671616,1777954629000-632578958264631296-1067765309810671616,1777954629000,1777955006000,1,8.0,0.398,20.100502512562812
1083727048683290624,1777987616000-632578958264631296-1083727048683290624,1777987616000,1777988000000,1,8.0,0.373,21.447721179624665
1088492376734826496,1777927470000-632578958264631296-1088492376734826496,1777927470000,1777927913000,1,8.0,0.148,54.054054054054056
1188144161019133952,1777974789000-632578958264631296-1188144161019133952,1777974789000,1777975011000,1,8.0,0.034,235.2941176470588
1363836271826305024,1777999333000-632578958264631296-1363836271826305024,1777999333000,1777999891000,1,8.0,0.313,25.559105431309906
818154714091749376,1777979583000-632578958264631296-818154714091749376,1777979583000,1777979895000,1,8.0,0.192,41.666666666666664
861290333428776960,1777958281000-632578958264631296-861290333428776960,1777958281000,1777959565000,1,8.0,2.652,3.0165912518853695
862693652038680576,1777935883000-632578958264631296-862693652038680576,1777935883000,1777936201000,1,8.0,0.324,24.691358024691358
870309644059279360,1777980202000-632578958264631296-870309644059279360,1777980202000,1777980413000,1,8.0,0.163,49.079754601226995
938442824968306688,1777949691000-632578958264631296-938442824968306688,1777949691000,1777950063000,1,8.0,0.219,36.529680365296805
932612842287267840,1777972851000-632578958264631296-932612842287267840,1777972851000,1777973670000,1,7.999,1.691,4.730337078651685
1385304935976927232,1777972339000-632578958264631296-1385304935976927232,1777972339000,1777973121000,1,7.987,1.573,5.077558804831532
964172050669240320,1777945281000-632578958264631296-964172050669240320,1777945281000,1777946904000,1,7.975,3.442,2.3169668797210923
943458912718290944,1777983415000-632578958264631296-943458912718290944,1777983415000,1777985301000,1,7.973,2.757,2.891911498005078
866686265431425024,1777946564000-632578958264631296-866686265431425024,1777946564000,1777947615000,1,7.897,2.745,2.8768670309653914
1083727931903049728,1777952798000-632578958264631296-1083727931903049728,1777952798000,1777953765000,1,7.859,2.853,2.754644234139502
788429534713085952,1777946523000-632578958264631296-788429534713085952,1777946523000,1777947814000,1,7.859,1.737,4.524467472654001
1083728245179809792,1777963070000-632578958264631296-1083728245179809792,1777963070000,1777964379000,1,7.832,2.154,3.6360259981429897
1093088075828953088,1777972963000-632578958264631296-1093088075828953088,1777972963000,1777973588000,1,7.817,3.162,2.472169512966477
1083727772540469248,1777994961000-632578958264631296-1083727772540469248,1777994961000,1777995831000,1,7.787,2.075,3.752771084337349
1478688867300147200,1777972270000-632578958264631296-1478688867300147200,1777972270000,1777973668000,1,7.753,1.919,4.040125065138093
1061351650800697344,1778001731000-632578958264631296-1061351650800697344,1778001731000,1778003532000,1,7.73,3.873,1.9958688355280145
870568761881526272,1777985504000-632578958264631296-870568761881526272,1777985504000,1777986666000,1,7.7,2.804,2.7460770328102715
977133830013976576,1777962831000-632578958264631296-977133830013976576,1777962831000,1777964008000,1,7.7,2.125,3.623529411764706
1023491297677148160,1777983538000-632578958264631296-1023491297677148160,1777983538000,1777984710000,1,7.699,1.915,4.020365535248041
1046836268442320896,1777995900000-632578958264631296-1046836268442320896,1777995900000,1777996774000,1,7.692,2.644,2.909228441754917
879404563604439040,1777973188000-632578958264631296-879404563604439040,1777973188000,1777974623000,1,7.692,1.571,4.896244430299173
1132636252537880576,1777965378000-632578958264631296-1132636252537880576,1777965378000,1777966132000,1,7.687,1.915,4.014099216710183
1464628801508999168,1777972493000-632578958264631296-1464628801508999168,1777972493000,1777974076000,1,7.663,3.098,2.4735313105229184
1050781532765028352,1777973220000-632578958264631296-1050781532765028352,1777973220000,1777974553000,1,7.646,1.701,4.495002939447383
1211786303754993664,1777972528000-632578958264631296-1211786303754993664,1777972528000,1777973891000,1,7.635,3.544,2.1543453724604964
1396881508228136960,1777947169000-632578958264631296-1396881508228136960,1777947169000,1777947949000,1,7.629,1.919,3.9755080771235014
1120316585941139456,1777973231000-632578958264631296-1120316585941139456,1777973231000,1777974601000,1,7.614,2.156,3.5315398886827456
1488160320575766528,1777973228000-632578958264631296-1488160320575766528,1777973228000,1777974062000,1,7.603,2.681,2.835882133532264
938499921487593472,1777962305000-632578958264631296-938499921487593472,1777962305000,1777963583000,1,7.577,2.997,2.528194861528195
797458881650360320,1777979644000-632578958264631296-797458881650360320,1777979644000,1777980527000,1,7.564,1.441,5.24913254684247
1181865650805538816,1777983595000-632578958264631296-1181865650805538816,1777983595000,1777984533000,1,7.563,1.687,4.483106105512745
1405177997576634368,1777954404000-632578958264631296-1405177997576634368,1777954404000,1777955150000,1,7.558,1.968,3.8404471544715446
1082303861131051008,1777938544000-632578958264631296-1082303861131051008,1777938544000,1777939733000,1,7.544,3.14,2.402547770700637
939546576563470336,1777979790000-632578958264631296-939546576563470336,1777979790000,1777980794000,1,7.538,3.511,2.146966676160638
1478819140813717504,1777997206000-632578958264631296-1478819140813717504,1777997206000,1777998696000,1,7.5,5.043,1.48720999405116
939547788868321280,1777948292000-632578958264631296-939547788868321280,1777948292000,1777948917000,1,7.479,2.333,3.205743677668238
862693652038680576,1777991546000-632578958264631296-862693652038680576,1777991546000,1777992390000,1,7.47,4.215,1.7722419928825623
1268615116379652096,1777990990000-632578958264631296-1268615116379652096,1777990990000,1777992150000,1,7.44,3.757,1.9803034335906309
1536427445069021184,1777984230000-632578958264631296-1536427445069021184,1777984230000,1777985226000,1,7.376,4.362,1.6909674461256305
932302785804763136,1777955076000-632578958264631296-932302785804763136,1777955076000,1777955860000,1,7.347,1.647,4.460837887067395
873201356771426304,1777993351000-632578958264631296-873201356771426304,1777993351000,1777994110000,1,7.345,3.345,2.1958146487294465
790970372676648960,1777966754000-632578958264631296-790970372676648960,1777966754000,1777967615000,1,7.33,2.694,2.720861172976986
1540361729291059200,1777930808000-632578958264631296-1540361729291059200,1777930808000,1777933505000,1,7.316,4.077,1.794456708363993
1088511709141794816,1777996144000-632578958264631296-1088511709141794816,1777996144000,1777997323000,1,7.303,2.697,2.707823507601038
1083726789898928128,1777946304000-632578958264631296-1083726789898928128,1777946304000,1777947110000,1,7.272,3.356,2.1668653158522053
947583451614150656,1777952588000-632578958264631296-947583451614150656,1777952588000,1777953188000,1,7.24,1.743,4.153757888697648
1385588816730914816,1777954319000-632578958264631296-1385588816730914816,1777954319000,1777955239000,1,7.204,3.05,2.361967213114754
1187402009754468352,1777990448000-632578958264631296-1187402009754468352,1777990448000,1778001060000,1,7.183,5.613,1.2797078211295205
1176184196838719488,1777996168000-632578958264631296-1176184196838719488,1777996168000,1777997234000,1,7.181,1.841,3.9005975013579577
1385589109656911872,1777998963000-632578958264631296-1385589109656911872,1777998963000,1778000192000,1,7.176,2.065,3.4750605326876514
1422205318414204928,1777944183000-632578958264631296-1422205318414204928,1777944183000,1777945624000,1,7.144,2.521,2.833796112653709
1488160320575766528,1777937415000-632578958264631296-1488160320575766528,1777937415000,1777938319000,1,7.122,3.747,1.900720576461169
1112389405491855360,1777978559000-632578958264631296-1112389405491855360,1777978559000,1777979260000,1,7.097,2.469,2.8744430943701906
1471148657502846976,1777944179000-632578958264631296-1471148657502846976,1777944179000,1777945454000,1,7.08,2.278,3.1079894644424932
1131631502098956288,1777943175000-632578958264631296-1131631502098956288,1777943175000,1777945266000,1,7.077,3.984,1.776355421686747
1187437506908389376,1777962659000-632578958264631296-1187437506908389376,1777962659000,1777963463000,1,7.076,2.756,2.567489114658926
951563481520275456,1777961850000-632578958264631296-951563481520275456,1777961850000,1777962982000,1,7.05,2.217,3.179972936400541
1545824482457812992,1777949712000-632578958264631296-1545824482457812992,1777949712000,1777951164000,1,7.045,2.406,2.92809642560266
1385589109656911872,1777997476000-632578958264631296-1385589109656911872,1777997476000,1777998554000,1,7.029,2.192,3.2066605839416056
800361869549240320,1777978663000-632578958264631296-800361869549240320,1777978663000,1777980669000,1,7.013,2.468,2.841572123176661
1050781532765028352,1777950894000-632578958264631296-1050781532765028352,1777950894000,1777951012000,1,7.0,0.059,118.64406779661017
1067775149379420160,1777967208000-632578958264631296-1067775149379420160,1777967208000,1777967644000,1,7.0,0.365,19.178082191780824
1385589109656911872,1777991935000-632578958264631296-1385589109656911872,1777991935000,1777992109000,1,7.0,0.052,134.6153846153846
1422205318414204928,1777993315000-632578958264631296-1422205318414204928,1777993315000,1777994508000,1,7.0,2.484,2.818035426731079
1428033112889098240,1777946266000-632578958264631296-1428033112889098240,1777946266000,1777946524000,1,7.0,0.12,58.333333333333336
915980150607183872,1777968230000-632578958264631296-915980150607183872,1777968230000,1777968410000,1,7.0,0.101,69.3069306930693
938442824968306688,1777950804000-632578958264631296-938442824968306688,1777950804000,1777951088000,1,7.0,0.184,38.04347826086956
939547788868321280,1777949057000-632578958264631296-939547788868321280,1777949057000,1777949991000,1,6.988,2.2,3.1763636363636363
1083727517765861376,1777974402000-632578958264631296-1083727517765861376,1777974402000,1777975236000,1,6.96,1.797,3.8731218697829717
1047649870816477184,1777999144000-632578958264631296-1047649870816477184,1777999144000,1777999964000,1,6.955,2.517,2.7632101708383
947583099720433664,1777984643000-632578958264631296-947583099720433664,1777984643000,1777985428000,1,6.952,2.797,2.4855202002145154
942470042409238528,1777939763000-632578958264631296-942470042409238528,1777939763000,1777940729000,1,6.949,1.902,3.653522607781283
1156948637754851328,1777937104000-632578958264631296-1156948637754851328,1777937104000,1777938346000,1,6.945,2.804,2.476818830242511
1067776159577538560,1777935943000-632578958264631296-1067776159577538560,1777935943000,1777936986000,1,6.862,3.078,2.229369720597791
1299087047838924800,1777942001000-632578958264631296-1299087047838924800,1777942001000,1777944144000,1,6.819,3.152,2.1633883248730963
1405177997576634368,1777979836000-632578958264631296-1405177997576634368,1777979836000,1777980767000,1,6.792,2.976,2.282258064516129
1075729411988258816,1777958433000-632578958264631296-1075729411988258816,1777958433000,1777959159000,1,6.791,0.638,10.644200626959249
1064532839803912192,1777963284000-632578958264631296-1064532839803912192,1777963284000,1777964305000,1,6.776,2.76,2.4550724637681163
1478819140813717504,1777944198000-632578958264631296-1478819140813717504,1777944198000,1777945227000,1,6.73,4.866,1.3830661734484178
932302785804763136,1777959458000-632578958264631296-932302785804763136,1777959458000,1777960097000,1,6.72,1.135,5.920704845814978
927171595435245568,1777978126000-632578958264631296-927171595435245568,1777978126000,1777979561000,1,6.635,6.314,1.050839404497941
1422205318414204928,1778001541000-632578958264631296-1422205318414204928,1778001541000,1778002317000,1,6.629,1.966,3.371820956256358
1385588586753032192,1777985762000-632578958264631296-1385588586753032192,1777985762000,1777987531000,1,6.602,1.98,3.3343434343434346
942436996423352320,1777960383000-632578958264631296-942436996423352320,1777960383000,1777961516000,1,6.556,2.081,3.150408457472369
1050766698002513920,1777982705000-632578958264631296-1050766698002513920,1777982705000,1777983795000,1,6.522,1.618,4.030902348578492
1132636252537880576,1777967307000-632578958264631296-1132636252537880576,1777967307000,1777967935000,1,6.502,1.556,4.17866323907455
1389244082743672832,1777950009000-632578958264631296-1389244082743672832,1777950009000,1777950590000,1,6.478,1.356,4.777286135693215
1075729411988258816,1777981216000-632578958264631296-1075729411988258816,1777981216000,1777981991000,1,6.447,0.543,11.872928176795579
790970372676648960,1777954343000-632578958264631296-790970372676648960,1777954343000,1777954945000,1,6.4,2.036,3.1434184675834973
944589217739046912,1777944434000-632578958264631296-944589217739046912,1777944434000,1777945165000,1,6.398,1.431,4.47099930118798
873201356771426304,1777992226000-632578958264631296-873201356771426304,1777992226000,1777993255000,1,6.396,2.203,2.903313663186564
1067764685513687040,1777939634000-632578958264631296-1067764685513687040,1777939634000,1777940511000,1,6.394,4.231,1.5112266603639801
780451764301201408,1777975861000-632578958264631296-780451764301201408,1777975861000,1777977131000,1,6.386,2.817,2.2669506567270146
873568577507033088,1777980196000-632578958264631296-873568577507033088,1777980196000,1777980939000,1,6.374,1.452,4.389807162534435
860146891080335360,1777991246000-632578958264631296-860146891080335360,1777991246000,1777992447000,1,6.352,2.992,2.122994652406417
944574346884546560,1777996415000-632578958264631296-944574346884546560,1777996415000,1777997121000,1,6.299,1.312,4.8010670731707314
1079026604165824512,1777972226000-632578958264631296-1079026604165824512,1777972226000,1777973041000,1,6.28,1.012,6.205533596837945
1131631502098956288,1777986164000-632578958264631296-1131631502098956288,1777986164000,1777987311000,1,6.228,2.702,2.304959289415248
1181865650805538816,1777948569000-632578958264631296-1181865650805538816,1777948569000,1777949315000,1,6.217,4.123,1.5078826097501818
1405177997576634368,1777955747000-632578958264631296-1405177997576634368,1777955747000,1777956396000,1,6.163,2.304,2.6749131944444446
860146891080335360,1777962132000-632578958264631296-860146891080335360,1777962132000,1777962811000,1,6.158,2.281,2.699693117053924
1127222273418199040,1777976518000-632578958264631296-1127222273418199040,1777976518000,1777977098000,1,6.154,2.963,2.0769490381370233
1536014570613637120,1777973629000-632578958264631296-1536014570613637120,1777973629000,1777974646000,1,6.148,1.976,3.111336032388664
952583803866447872,1777982551000-632578958264631296-952583803866447872,1777982551000,1777983123000,1,6.138,3.065,2.002610114192496
1108736100332994560,1777949698000-632578958264631296-1108736100332994560,1777949698000,1777950618000,1,6.13,4.117,1.4889482632985183
1120316662394912768,1777972338000-632578958264631296-1120316662394912768,1777972338000,1777973658000,1,6.108,2.73,2.2373626373626374
871730443827806208,1777954130000-632578958264631296-871730443827806208,1777954130000,1777955075000,1,6.104,1.499,4.072048032021347
943818921138454528,1777951521000-632578958264631296-943818921138454528,1777951521000,1777952790000,1,6.092,2.924,2.0834473324213407
944591832124227584,1777940518000-632578958264631296-944591832124227584,1777940518000,1777941541000,1,6.083,2.008,3.029382470119522
1061351650800697344,1777982657000-632578958264631296-1061351650800697344,1777982657000,1777983689000,1,6.016,2.436,2.4696223316912973
1073966174624022528,1777980120000-632578958264631296-1073966174624022528,1777980120000,1777980967000,1,6.01,1.206,4.983416252072969
1067765309810671616,1777994021000-632578958264631296-1067765309810671616,1777994021000,1777995186000,1,6.0,1.221,4.914004914004914
1071826388769570816,1777974135000-632578958264631296-1071826388769570816,1777974135000,1777975334000,1,6.0,1.214,4.942339373970346
1083728919393206272,1777974939000-632578958264631296-1083728919393206272,1777974939000,1777975228000,1,6.0,0.239,25.104602510460253
1152269356621627392,1777973533000-632578958264631296-1152269356621627392,1777973533000,1777973917000,1,6.0,0.384,15.625
1405177997576634368,1777997880000-632578958264631296-1405177997576634368,1777997880000,1777998532000,1,6.0,0.329,18.2370820668693
1441118393376702464,1778003240000-632578958264631296-1441118393376702464,1778003240000,1778003525000,1,6.0,0.139,43.165467625899275
1500491887742550016,1777961607000-632578958264631296-1500491887742550016,1777961607000,1777961828000,1,6.0,0.105,57.142857142857146
869216733288726528,1777983019000-632578958264631296-869216733288726528,1777983019000,1777983319000,1,6.0,0.357,16.80672268907563
1067765061260410880,1777965429000-632578958264631296-1067765061260410880,1777965429000,1777966061000,1,5.981,2.497,2.395274329195034
800361869549240320,1777980831000-632578958264631296-800361869549240320,1777980831000,1777983932000,1,5.917,2.313,2.5581495892779937
939547018001383424,1777981079000-632578958264631296-939547018001383424,1777981079000,1777982105000,1,5.892,1.991,2.9593169261677548
1061351650800697344,1777976388000-632578958264631296-1061351650800697344,1777976388000,1777977612000,1,5.868,3.438,1.706806282722513
1298646515224412160,1777949507000-632578958264631296-1298646515224412160,1777949507000,1777950207000,1,5.812,2.098,2.770257387988561
792451319469178880,1777960727000-632578958264631296-792451319469178880,1777960727000,1777961353000,1,5.809,2.574,2.256798756798757
1535704124731949056,1777941966000-632578958264631296-1535704124731949056,1777941966000,1777942856000,1,5.797,2.021,2.8683819891142996
1396881508228136960,1777946070000-632578958264631296-1396881508228136960,1777946070000,1777946925000,1,5.791,2.936,1.9724114441416896
1161991673035620352,1777973518000-632578958264631296-1161991673035620352,1777973518000,1777974465000,1,5.774,2.965,1.9473861720067454
1101524127430213632,1777947849000-632578958264631296-1101524127430213632,1777947849000,1777948526000,1,5.769,2.473,2.3327941771128184
1488160320575766528,1777972589000-632578958264631296-1488160320575766528,1777972589000,1777973223000,1,5.75,2.304,2.4956597222222223
916722872880201728,1777980135000-632578958264631296-916722872880201728,1777980135000,1777981398000,1,5.746,2.299,2.4993475424097435
1067776270814674944,1777964063000-632578958264631296-1067776270814674944,1777964063000,1777965492000,1,5.736,2.049,2.7994143484626646
1312806942439112704,1777984275000-632578958264631296-1312806942439112704,1777984275000,1777985018000,1,5.733,1.341,4.275167785234899
1075729411988258816,1777982386000-632578958264631296-1075729411988258816,1777982386000,1777982847000,1,5.726,0.451,12.696230598669622
873201356771426304,1777991425000-632578958264631296-873201356771426304,1777991425000,1777992197000,1,5.719,2.428,2.3554365733113674
1067775916656033792,1778002887000-632578958264631296-1067775916656033792,1778002887000,1778003934000,1,5.687,1.644,3.459245742092458
1345798361172672512,1777990142000-632578958264631296-1345798361172672512,1777990142000,1777990981000,1,5.661,2.919,1.9393627954779031
966356141711818752,1777987215000-632578958264631296-966356141711818752,1777987215000,1777988033000,1,5.63,3.041,1.8513646826701744
1478819140813717504,1777999524000-632578958264631296-1478819140813717504,1777999524000,1778000943000,1,5.625,3.218,1.7479801118707272
1068875501654769664,1777959381000-632578958264631296-1068875501654769664,1777959381000,1777960485000,1,5.622,2.249,2.4997776789684303
1083727986517082112,1777987121000-632578958264631296-1083727986517082112,1777987121000,1777988002000,1,5.617,3.141,1.7882839859917223
946024601958219776,1777945080000-632578958264631296-946024601958219776,1777945080000,1777945839000,1,5.614,1.305,4.301915708812261
1209168031477923840,1777987711000-632578958264631296-1209168031477923840,1777987711000,1777988719000,1,5.612,1.415,3.966077738515901
939547788868321280,1777953276000-632578958264631296-939547788868321280,1777953276000,1777954072000,1,5.594,1.63,3.431901840490798
1076104369969037312,1777955614000-632578958264631296-1076104369969037312,1777955614000,1777957074000,1,5.589,1.653,3.381125226860254
1120316721542987776,1777969691000-632578958264631296-1120316721542987776,1777969691000,1777970376000,1,5.552,2.351,2.361548277328796
1385588816730914816,1777947011000-632578958264631296-1385588816730914816,1777947011000,1777947577000,1,5.541,1.159,4.780845556514237
1050035879038418944,1777959141000-632578958264631296-1050035879038418944,1777959141000,1777961469000,1,5.426,3.831,1.41634038110154
1067776196789403648,1777965723000-632578958264631296-1067776196789403648,1777965723000,1777966594000,1,5.418,1.435,3.7756097560975608
1422205318414204928,1777999574000-632578958264631296-1422205318414204928,1777999574000,1778000677000,1,5.411,1.767,3.0622524052065647
1073278104413143040,1777940537000-632578958264631296-1073278104413143040,1777940537000,1777940979000,1,5.376,1.64,3.278048780487805
926866983197081600,1777974768000-632578958264631296-926866983197081600,1777974768000,1777975275000,1,5.276,1.067,4.944704779756326
790970372676648960,1777950584000-632578958264631296-790970372676648960,1777950584000,1777950988000,1,5.244,1.254,4.181818181818182
882591537697914880,1778003299000-632578958264631296-882591537697914880,1778003299000,1778004955000,1,5.236,1.866,2.806002143622722
939547018001383424,1777956143000-632578958264631296-939547018001383424,1777956143000,1777957057000,1,5.224,1.981,2.6370519939424533
942721856836730880,1777959698000-632578958264631296-942721856836730880,1777959698000,1777960249000,1,5.205,1.248,4.170673076923077
787687496786903040,1777981932000-632578958264631296-787687496786903040,1777981932000,1777982461000,1,5.195,1.501,3.461025982678215
943818030159233024,1777983645000-632578958264631296-943818030159233024,1777983645000,1777984912000,1,5.193,0.998,5.203406813627254
780451764301201408,1777961839000-632578958264631296-780451764301201408,1777961839000,1777962541000,1,5.159,1.62,3.184567901234568
1536014535985463296,1777987204000-632578958264631296-1536014535985463296,1777987204000,1777987960000,1,5.152,2.201,2.340754202635166
947093103351693312,1777977475000-632578958264631296-947093103351693312,1777977475000,1777979121000,1,5.142,1.882,2.732199787460149
932612842287267840,1777983795000-632578958264631296-932612842287267840,1777983795000,1777984433000,1,5.139,2.56,2.007421875
1094956363722784768,1777950695000-632578958264631296-1094956363722784768,1777950695000,1777951543000,1,5.125,2.053,2.4963468095470045
870568761881526272,1777984660000-632578958264631296-870568761881526272,1777984660000,1777985497000,1,5.123,6.484,0.790098704503393
977133830013976576,1777964365000-632578958264631296-977133830013976576,1777964365000,1777965756000,1,5.1,1.797,2.8380634390651083
1422205318414204928,1777946129000-632578958264631296-1422205318414204928,1777946129000,1777946740000,1,5.098,1.662,3.0673886883273167
1080454515951403008,1777959444000-632578958264631296-1080454515951403008,1777959444000,1777960062000,1,5.094,3.025,1.6839669421487604
1535704124731949056,1777951818000-632578958264631296-1535704124731949056,1777951818000,1777952700000,1,5.075,2.061,2.4623968947113055
1471148657502846976,1777946142000-632578958264631296-1471148657502846976,1777946142000,1777946691000,1,5.054,1.679,3.010125074449077
1083019060351860736,1777982046000-632578958264631296-1083019060351860736,1777982046000,1777982495000,1,5.044,1.217,4.144617912900575
1050036019790872576,1777978468000-632578958264631296-1050036019790872576,1777978468000,1777978952000,1,5.043,2.424,2.0804455445544554
966383863687282688,1777947148000-632578958264631296-966383863687282688,1777947148000,1777947855000,1,5.034,1.355,3.7151291512915128
789852612550721536,1777986416000-632578958264631296-789852612550721536,1777986416000,1777987184000,1,5.033,1.222,4.118657937806875
1083019060351860736,1777982499000-632578958264631296-1083019060351860736,1777982499000,1777983516000,1,5.014,3.996,1.2547547547547548
1067764977248501760,1778002615000-632578958264631296-1067764977248501760,1778002615000,1778002782000,1,5.0,0.07,71.42857142857142
1067771070980816896,1777953725000-632578958264631296-1067771070980816896,1777953725000,1777954221000,1,5.0,0.136,36.76470588235294
1073201833905750016,1777950023000-632578958264631296-1073201833905750016,1777950023000,1777950776000,1,5.0,0.443,11.28668171557562
1083726655622479872,1777964272000-632578958264631296-1083726655622479872,1777964272000,1777964557000,1,5.0,0.251,19.9203187250996
1132636252537880576,1777920691000-632578958264631296-1132636252537880576,1777920691000,1777921004000,1,5.0,0.106,47.16981132075472
1294704486559776768,1777952035000-632578958264631296-1294704486559776768,1777952035000,1777952374000,1,5.0,0.205,24.390243902439025
1385588909638942720,1777986216000-632578958264631296-1385588909638942720,1777986216000,1777986557000,1,5.0,0.114,43.859649122807014
1465365829724930048,1777954707000-632578958264631296-1465365829724930048,1777954707000,1777955153000,1,5.0,0.303,16.501650165016503
1471165285556813824,1777987222000-632578958264631296-1471165285556813824,1777987222000,1777987365000,1,5.0,0.023,217.3913043478261
1545823852121030656,1777987266000-632578958264631296-1545823852121030656,1777987266000,1777987863000,1,5.0,0.232,21.551724137931032
862693652038680576,1777973443000-632578958264631296-862693652038680576,1777973443000,1777974088000,1,5.0,1.172,4.266211604095563
902974583798235136,1777960787000-632578958264631296-902974583798235136,1777960787000,1777961115000,1,5.0,0.191,26.17801047120419
915980150607183872,1777934953000-632578958264631296-915980150607183872,1777934953000,1777935179000,1,5.0,0.076,65.78947368421053
935627425390264320,1777949762000-632578958264631296-935627425390264320,1777949762000,1777950133000,1,5.0,0.393,12.72264631043257
943820363614126080,1777990777000-632578958264631296-943820363614126080,1777990777000,1777990895000,1,5.0,0.001,5000.0
946026878085365760,1777996129000-632578958264631296-946026878085365760,1777996129000,1777997132000,1,5.0,1.067,4.686035613870666
927153603469115392,1777970853000-632578958264631296-927153603469115392,1777970853000,1777971750000,1,4.978,1.203,4.137988362427265
1132635709874634752,1777965691000-632578958264631296-1132635709874634752,1777965691000,1777966332000,1,4.952,1.328,3.728915662650602
1067775012183736320,1777972127000-632578958264631296-1067775012183736320,1777972127000,1777972936000,1,4.93,2.355,2.0934182590233545
790970372676648960,1777949277000-632578958264631296-790970372676648960,1777949277000,1777949699000,1,4.93,1.775,2.777464788732394
1067774753596506112,1777945147000-632578958264631296-1067774753596506112,1777945147000,1777946115000,1,4.923,1.624,3.0314039408866993
1073277847704961024,1778003695000-632578958264631296-1073277847704961024,1778003695000,1778005049000,1,4.867,3.785,1.2858652575957727
1536427445069021184,1777982501000-632578958264631296-1536427445069021184,1777982501000,1777983733000,1,4.861,2.59,1.8768339768339768
1294723291725955072,1777971788000-632578958264631296-1294723291725955072,1777971788000,1777972415000,1,4.852,2.605,1.8625719769673705
786545248472924160,1777975939000-632578958264631296-786545248472924160,1777975939000,1777976948000,1,4.832,1.26,3.8349206349206346
1067775974323519488,1777964693000-632578958264631296-1067775974323519488,1777964693000,1777965228000,1,4.804,1.157,4.152117545375972
1405141042860130304,1777958445000-632578958264631296-1405141042860130304,1777958445000,1777959204000,1,4.8,2.01,2.3880597014925375
1120316662394912768,1777982513000-632578958264631296-1120316662394912768,1777982513000,1777984463000,1,4.79,3.009,1.5918909936856098
1045015172411817984,1777961413000-632578958264631296-1045015172411817984,1777961413000,1777962267000,1,4.785,2.404,1.9904326123128122
1045015172411817984,1777963821000-632578958264631296-1045015172411817984,1777963821000,1777964432000,1,4.702,2.78,1.6913669064748202
940988876032311296,1777962977000-632578958264631296-940988876032311296,1777962977000,1777964094000,1,4.699,1.494,3.14524765729585
1067776270814674944,1777943444000-632578958264631296-1067776270814674944,1777943444000,1777944659000,1,4.682,2.556,1.8317683881064164
1083016936570224640,1777934534000-632578958264631296-1083016936570224640,1777934534000,1777935082000,1,4.639,1.95,2.378974358974359
1385588586753032192,1777987634000-632578958264631296-1385588586753032192,1777987634000,1777988349000,1,4.638,1.653,2.805807622504537
1482772108667781120,1777971447000-632578958264631296-1482772108667781120,1777971447000,1777972133000,1,4.625,1.647,2.8081360048573165
943818921138454528,1777950992000-632578958264631296-943818921138454528,1777950992000,1777951513000,1,4.612,1.735,2.65821325648415
1046442314819436544,1777985945000-632578958264631296-1046442314819436544,1777985945000,1777987096000,1,4.596,2.247,2.0453938584779707
1385588586753032192,1777991681000-632578958264631296-1385588586753032192,1777991681000,1777992454000,1,4.505,1.294,3.48145285935085
1389244302743306240,1777940281000-632578958264631296-1389244302743306240,1777940281000,1777941241000,1,4.501,1.905,2.362729658792651
1464283595349688320,1777931834000-632578958264631296-1464283595349688320,1777931834000,1777933951000,1,4.498,2.98,1.5093959731543625
1067765061260410880,1777972513000-632578958264631296-1067765061260410880,1777972513000,1777973105000,1,4.491,1.677,2.6779964221824684
927179928254808064,1777984422000-632578958264631296-927179928254808064,1777984422000,1777986178000,1,4.49,2.191,2.0492925604746692
932302785804763136,1777940925000-632578958264631296-932302785804763136,1777940925000,1777941845000,1,4.489,0.831,5.401925391095066
1153273602804547584,1777994970000-632578958264631296-1153273602804547584,1777994970000,1777996350000,1,4.483,3.324,1.348676293622142
1050441880044568576,1777979614000-632578958264631296-1050441880044568576,1777979614000,1777980383000,1,4.481,3.014,1.4867285998672861
1067765247101632512,1777965024000-632578958264631296-1067765247101632512,1777965024000,1777965941000,1,4.474,2.057,2.1750121536217795
943458912718290944,1777955639000-632578958264631296-943458912718290944,1777955639000,1777956512000,1,4.43,1.584,2.7967171717171713
1132636252537880576,1777972084000-632578958264631296-1132636252537880576,1777972084000,1777972531000,1,4.416,1.242,3.555555555555556
1345798361172672512,1777991190000-632578958264631296-1345798361172672512,1777991190000,1777991670000,1,4.413,2.119,2.0825861255309106
1093088075828953088,1777971053000-632578958264631296-1093088075828953088,1777971053000,1777971865000,1,4.347,2.142,2.0294117647058827
947093103351693312,1777994814000-632578958264631296-947093103351693312,1777994814000,1777996382000,1,4.347,1.853,2.3459255261737724
1132635709874634752,1777951261000-632578958264631296-1132635709874634752,1777951261000,1777952038000,1,4.327,1.501,2.8827448367754833
1373358446576926720,1777999428000-632578958264631296-1373358446576926720,1777999428000,1778000163000,1,4.32,0.278,15.53956834532374
1135630948969218048,1777969846000-632578958264631296-1135630948969218048,1777969846000,1777970727000,1,4.202,2.141,1.9626342830453058
940988876032311296,1777947339000-632578958264631296-940988876032311296,1777947339000,1777948543000,1,4.184,1.362,3.0719530102790014
935627425390264320,1777960511000-632578958264631296-935627425390264320,1777960511000,1777961238000,1,4.178,1.53,2.730718954248366
1373358446576926720,1777971815000-632578958264631296-1373358446576926720,1777971815000,1777972464000,1,4.152,0.272,15.26470588235294
1184409623537385472,1777990970000-632578958264631296-1184409623537385472,1777990970000,1777991454000,1,4.145,1.692,2.4497635933806143
1373358446576926720,1777957451000-632578958264631296-1373358446576926720,1777957451000,1777958202000,1,4.142,0.29,14.282758620689657
926866983197081600,1777963506000-632578958264631296-926866983197081600,1777963506000,1777964633000,1,4.141,1.516,2.7315303430079156
1362453820235317248,1777944827000-632578958264631296-1362453820235317248,1777944827000,1777945479000,1,4.138,1.1,3.7618181818181813
1153273602804547584,1777984170000-632578958264631296-1153273602804547584,1777984170000,1777984966000,1,4.111,2.053,2.002435460301997
1187402009754468352,1777965719000-632578958264631296-1187402009754468352,1777965719000,1777967213000,1,4.105,3.801,1.0799789529071298
1108736100332994560,1777981852000-632578958264631296-1108736100332994560,1777981852000,1777982575000,1,4.1,2.319,1.7680034497628287
869903934959910912,1777957569000-632578958264631296-869903934959910912,1777957569000,1777958392000,1,4.098,2.208,1.855978260869565
932302785804763136,1777960233000-632578958264631296-932302785804763136,1777960233000,1777960967000,1,4.08,0.803,5.080946450809464
1083726789898928128,1777965195000-632578958264631296-1083726789898928128,1777965195000,1777965553000,1,4.056,1.151,3.523892267593397
1073278104413143040,1777940987000-632578958264631296-1073278104413143040,1777940987000,1777941750000,1,4.047,1.334,3.033733133433283
939547788868321280,1777955567000-632578958264631296-939547788868321280,1777955567000,1777956141000,1,4.028,1.243,3.2405470635559124
836966844580495360,1777956331000-632578958264631296-836966844580495360,1777956331000,1777957053000,1,4.024,1.72,2.33953488372093
1536014618822967296,1777962101000-632578958264631296-1536014618822967296,1777962101000,1777963257000,1,4.02,1.391,2.8900071890726093
1067771070980816896,1777979778000-632578958264631296-1067771070980816896,1777979778000,1777980146000,1,4.0,0.161,24.84472049689441
1093088075828953088,1777972170000-632578958264631296-1093088075828953088,1777972170000,1777972333000,1,4.0,0.038,105.26315789473685
1109445504082640896,1777988082000-632578958264631296-1109445504082640896,1777988082000,1777988259000,1,4.0,0.127,31.496062992125985
1385589109656911872,1777991149000-632578958264631296-1385589109656911872,1777991149000,1777991320000,1,4.0,0.062,64.51612903225806
1396881382210273280,1777989694000-632578958264631296-1396881382210273280,1777989694000,1777989871000,1,4.0,0.054,74.07407407407408
1488160320575766528,1777923694000-632578958264631296-1488160320575766528,1777923694000,1777924594000,1,4.0,0.436,9.174311926605505
1536393085787832320,1778001184000-632578958264631296-1536393085787832320,1778001184000,1778001508000,1,4.0,0.166,24.096385542168672
942721856836730880,1777957937000-632578958264631296-942721856836730880,1777957937000,1777958281000,1,4.0,0.117,34.18803418803419
964172050669240320,1777919821000-632578958264631296-964172050669240320,1777919821000,1777919999000,1,4.0,0.048,83.33333333333333
1131239834900234240,1777995678000-632578958264631296-1131239834900234240,1777995678000,1777996639000,1,3.976,1.299,3.0608160123171673
1188144161019133952,1777956393000-632578958264631296-1188144161019133952,1777956393000,1777957894000,1,3.93,0.755,5.2052980132450335
1063501597117513728,1777999434000-632578958264631296-1063501597117513728,1777999434000,1778000098000,1,3.915,1.138,3.4402460456942006
1385588586753032192,1777992796000-632578958264631296-1385588586753032192,1777992796000,1777993838000,1,3.903,1.096,3.5611313868613137
1152269748554170368,1777952832000-632578958264631296-1152269748554170368,1777952832000,1777953409000,1,3.897,1.435,2.7156794425087107
1120316721542987776,1777961772000-632578958264631296-1120316721542987776,1777961772000,1777962202000,1,3.889,1.757,2.213431986340353
1545823503347875840,1777983430000-632578958264631296-1545823503347875840,1777983430000,1777984592000,1,3.876,2.498,1.55164131305044
1350071704793120768,1777977265000-632578958264631296-1350071704793120768,1777977265000,1777977915000,1,3.874,1.25,3.0992
1067775063052255232,1777945545000-632578958264631296-1067775063052255232,1777945545000,1777946080000,1,3.844,1.086,3.5395948434622464
1125482414773108736,1777965367000-632578958264631296-1125482414773108736,1777965367000,1777966472000,1,3.833,1.448,2.6470994475138125
1076923642098483200,1777958620000-632578958264631296-1076923642098483200,1777958620000,1777959760000,1,3.812,0.97,3.9298969072164947
946029060134273024,1777976437000-632578958264631296-946029060134273024,1777976437000,1777977718000,1,3.812,0.825,4.620606060606061
1067775916656033792,1777947482000-632578958264631296-1067775916656033792,1777947482000,1777948669000,1,3.81,1.756,2.1697038724373576
792451319469178880,1777961355000-632578958264631296-792451319469178880,1777961355000,1777962145000,1,3.809,0.697,5.464849354375898
1061351650800697344,1777973242000-632578958264631296-1061351650800697344,1777973242000,1777973991000,1,3.793,2.23,1.7008968609865471
1536014556927623168,1777950563000-632578958264631296-1536014556927623168,1777950563000,1777952076000,1,3.773,2.906,1.2983482450103234
1083019060351860736,1777991288000-632578958264631296-1083019060351860736,1777991288000,1777992205000,1,3.771,3.006,1.2544910179640718
1093476797997121536,1777964144000-632578958264631296-1093476797997121536,1777964144000,1777965161000,1,3.755,1.157,3.2454624027657735
1398705978894974976,1777959954000-632578958264631296-1398705978894974976,1777959954000,1777961066000,1,3.751,2.142,1.7511671335200747
1500145408670695424,1777958612000-632578958264631296-1500145408670695424,1777958612000,1777959179000,1,3.75,0.822,4.562043795620438
944589217739046912,1777945978000-632578958264631296-944589217739046912,1777945978000,1777946360000,1,3.75,0.75,5.0
1071826388769570816,1777984789000-632578958264631296-1071826388769570816,1777984789000,1777985284000,1,3.748,1.362,2.751835535976505
635414692210147328,1777965442000-632578958264631296-635414692210147328,1777965442000,1777966472000,1,3.732,1.117,3.3410922112802153
1536014563953082368,1777950638000-632578958264631296-1536014563953082368,1777950638000,1777952385000,1,3.723,2.778,1.3401727861771058
1188144161019133952,1777952291000-632578958264631296-1188144161019133952,1777952291000,1777953383000,1,3.72,1.16,3.2068965517241383
947104748366987264,1777978042000-632578958264631296-947104748366987264,1777978042000,1777978393000,1,3.703,1.3,2.8484615384615384
1067763722711203840,1777946059000-632578958264631296-1067763722711203840,1777946059000,1777946531000,1,3.7,0.974,3.798767967145791
1127222273418199040,1777979544000-632578958264631296-1127222273418199040,1777979544000,1777979806000,1,3.69,0.83,4.445783132530121
1536014563953082368,1777954557000-632578958264631296-1536014563953082368,1777954557000,1777956920000,1,3.671,2.362,1.5541913632514817
1073277847704961024,1777964085000-632578958264631296-1073277847704961024,1777964085000,1777965861000,1,3.666,0.909,4.033003300330033
933416236518211584,1777970703000-632578958264631296-933416236518211584,1777970703000,1777971811000,1,3.66,2.068,1.769825918762089
1152269748554170368,1777950525000-632578958264631296-1152269748554170368,1777950525000,1777950914000,1,3.646,0.968,3.7665289256198347
1471164933021368320,1777961853000-632578958264631296-1471164933021368320,1777961853000,1777963292000,1,3.641,1.178,3.0908319185059425
1385588586753032192,1777961910000-632578958264631296-1385588586753032192,1777961910000,1777962617000,1,3.63,1.287,2.8205128205128207
1536014556927623168,1777953084000-632578958264631296-1536014556927623168,1777953084000,1777956488000,1,3.628,2.846,1.2747716092761772
1461772563532218368,1777960302000-632578958264631296-1461772563532218368,1777960302000,1777960759000,1,3.596,1.135,3.168281938325991
1067765061260410880,1777966450000-632578958264631296-1067765061260410880,1777966450000,1777967222000,1,3.582,2.356,1.5203735144312394
1157003119578578944,1777934860000-632578958264631296-1157003119578578944,1777934860000,1777935835000,1,3.582,1.505,2.3800664451827243
970288452387995648,1777940739000-632578958264631296-970288452387995648,1777940739000,1777941087000,1,3.557,0.702,5.066951566951567
873568577507033088,1777969671000-632578958264631296-873568577507033088,1777969671000,1777970213000,1,3.554,0.974,3.648870636550308
1127222273418199040,1777986931000-632578958264631296-1127222273418199040,1777986931000,1777987265000,1,3.552,2.03,1.749753694581281
877447467317067776,1777940389000-632578958264631296-877447467317067776,1777940389000,1777940923000,1,3.548,0.994,3.569416498993964
1357047782162038784,1777980003000-632578958264631296-1357047782162038784,1777980003000,1777980993000,1,3.547,1.217,2.914543960558751
933416236518211584,1777975740000-632578958264631296-933416236518211584,1777975740000,1777976626000,1,3.542,1.611,2.1986343885785224
942470042409238528,1777944450000-632578958264631296-942470042409238528,1777944450000,1777945022000,1,3.539,0.885,3.998870056497175
1540361729291059200,1777942612000-632578958264631296-1540361729291059200,1777942612000,1777943375000,1,3.537,2.003,1.765851223165252
1389244302743306240,1777963931000-632578958264631296-1389244302743306240,1777963931000,1777964440000,1,3.526,0.857,4.114352392065344
961239466377216000,1777963512000-632578958264631296-961239466377216000,1777963512000,1777963982000,1,3.525,0.692,5.09393063583815
931856805720489984,1777976367000-632578958264631296-931856805720489984,1777976367000,1777978014000,1,3.515,3.389,1.0371791088816762
1063501597117513728,1777998945000-632578958264631296-1063501597117513728,1777998945000,1777999430000,1,3.513,1.481,2.3720459149223494
1067776270814674944,1777972347000-632578958264631296-1067776270814674944,1777972347000,1777973062000,1,3.499,1.002,3.4920159680638725
1120316662394912768,1777969514000-632578958264631296-1120316662394912768,1777969514000,1777970771000,1,3.497,2.386,1.4656328583403184
1073966174624022528,1777961499000-632578958264631296-1073966174624022528,1777961499000,1777962066000,1,3.489,0.684,5.1008771929824555
787737136659955712,1777943675000-632578958264631296-787737136659955712,1777943675000,1777944478000,1,3.487,0.976,3.5727459016393444
1083726789898928128,1777952239000-632578958264631296-1083726789898928128,1777952239000,1777952503000,1,3.457,1.015,3.4059113300492614
1501933614227521536,1777991286000-632578958264631296-1501933614227521536,1777991286000,1777991840000,1,3.457,1.131,3.0565870910698494
929731076446748672,1777977461000-632578958264631296-929731076446748672,1777977461000,1777978334000,1,3.455,1.662,2.078820697954272
1373358446576926720,1778000534000-632578958264631296-1373358446576926720,1778000534000,1778001043000,1,3.442,0.227,15.162995594713657
940988876032311296,1777964429000-632578958264631296-940988876032311296,1777964429000,1777965333000,1,3.429,1.104,3.105978260869565
1500491887742550016,1777963847000-632578958264631296-1500491887742550016,1777963847000,1777964605000,1,3.383,1.259,2.6870532168387613
790970372676648960,1777994604000-632578958264631296-790970372676648960,1777994604000,1777995331000,1,3.383,1.926,1.7564901349948079
946031139108159488,1777963627000-632578958264631296-946031139108159488,1777963627000,1777964393000,1,3.376,1.547,2.182288299935359
873897783357079552,1777976237000-632578958264631296-873897783357079552,1777976237000,1777976668000,1,3.362,1.51,2.2264900662251654
790970372676648960,1777948826000-632578958264631296-790970372676648960,1777948826000,1777949252000,1,3.36,1.606,2.092154420921544
940245549137788928,1777961364000-632578958264631296-940245549137788928,1777961364000,1777961736000,1,3.358,1.07,3.1383177570093457
1065321017443876864,1777930002000-632578958264631296-1065321017443876864,1777930002000,1777932278000,1,3.352,1.255,2.6709163346613547
938815406225752064,1777990815000-632578958264631296-938815406225752064,1777990815000,1777991219000,1,3.342,1.882,1.7757704569606803
1065304732634972160,1778004730000-632578958264631296-1065304732634972160,1778004730000,1778006623000,1,3.32,1.29,2.573643410852713
1385305554984894464,1777954661000-632578958264631296-1385305554984894464,1777954661000,1777955690000,1,3.284,1.272,2.581761006289308
1067775916656033792,1778001990000-632578958264631296-1067775916656033792,1778001990000,1778002680000,1,3.28,1.333,2.460615153788447
1073277847704961024,1777959480000-632578958264631296-1073277847704961024,1777959480000,1777960376000,1,3.24,0.851,3.8072855464159816
1050035941135089664,1777953631000-632578958264631296-1050035941135089664,1777953631000,1777954407000,1,3.239,2.464,1.3145292207792207
1465365829724930048,1777955901000-632578958264631296-1465365829724930048,1777955901000,1777956351000,1,3.235,1.067,3.0318650421743207
940983317312831488,1777942874000-632578958264631296-940983317312831488,1777942874000,1777943268000,1,3.235,2.03,1.5935960591133005
947092625956012032,1777972267000-632578958264631296-947092625956012032,1777972267000,1777973310000,1,3.226,0.793,4.068095838587642
1127222273418199040,1777984980000-632578958264631296-1127222273418199040,1777984980000,1777985222000,1,3.223,0.928,3.473060344827586
938499921487593472,1777992604000-632578958264631296-938499921487593472,1777992604000,1777993589000,1,3.219,3.093,1.040737148399612
927171595435245568,1777981287000-632578958264631296-927171595435245568,1777981287000,1777982052000,1,3.212,2.983,1.0767683540060342
1385305554984894464,1777953664000-632578958264631296-1385305554984894464,1777953664000,1777954634000,1,3.21,0.875,3.6685714285714286
794950170587430912,1777965340000-632578958264631296-794950170587430912,1777965340000,1777966172000,1,3.198,1.498,2.1348464619492655
1131239834900234240,1777963728000-632578958264631296-1131239834900234240,1777963728000,1777964755000,1,3.181,1.482,2.1464237516869096
1385305554984894464,1777956939000-632578958264631296-1385305554984894464,1777956939000,1777957706000,1,3.15,1.104,2.853260869565217
869918310366445568,1777984759000-632578958264631296-869918310366445568,1777984759000,1777985818000,1,3.138,1.314,2.3881278538812785
1083016936570224640,1777947576000-632578958264631296-1083016936570224640,1777947576000,1777948638000,1,3.134,4.185,0.7488649940262844
1125482414773108736,1777949817000-632578958264631296-1125482414773108736,1777949817000,1777950901000,1,3.134,1.292,2.4256965944272446
1083727772540469248,1777977859000-632578958264631296-1083727772540469248,1777977859000,1777979113000,1,3.122,2.395,1.3035490605427975
970288452387995648,1777990125000-632578958264631296-970288452387995648,1777990125000,1777990863000,1,3.121,1.655,1.8858006042296072
1478819140813717504,1777946835000-632578958264631296-1478819140813717504,1777946835000,1777947564000,1,3.093,1.811,1.7078961899503038
935627425390264320,1777981108000-632578958264631296-935627425390264320,1777981108000,1777981551000,1,3.087,0.758,4.072559366754618
1050037109068398592,1777982538000-632578958264631296-1050037109068398592,1777982538000,1777982942000,1,3.084,0.717,4.301255230125523
1061350711461150720,1777992700000-632578958264631296-1061350711461150720,1777992700000,1777993358000,1,3.058,0.741,4.126855600539811
1091761897729949696,1777962330000-632578958264631296-1091761897729949696,1777962330000,1777963910000,1,3.054,1.241,2.4609186140209505
942469061864849408,1777979334000-632578958264631296-942469061864849408,1777979334000,1777980237000,1,3.046,2.23,1.3659192825112108
1083726789898928128,1777995212000-632578958264631296-1083726789898928128,1777995212000,1777995848000,1,3.036,1.622,1.8717632552404437
1152270574152581120,1777971389000-632578958264631296-1152270574152581120,1777971389000,1777971748000,1,3.026,1.19,2.5428571428571427
933416236518211584,1777963350000-632578958264631296-933416236518211584,1777963350000,1777963852000,1,3.003,1.179,2.5470737913486006
1050036776183267328,1777964674000-632578958264631296-1050036776183267328,1777964674000,1777965143000,1,3.0,0.632,4.746835443037974
1050037424450699264,1777990811000-632578958264631296-1050037424450699264,1777990811000,1777990953000,1,3.0,0.045,66.66666666666667
1062738572429230080,1778005438000-632578958264631296-1062738572429230080,1778005438000,1778005991000,1,3.0,0.275,10.909090909090908
1064532839803912192,1777962926000-632578958264631296-1064532839803912192,1777962926000,1777963142000,1,3.0,0.044,68.18181818181819
1079796452147855360,1777936847000-632578958264631296-1079796452147855360,1777936847000,1777937224000,1,3.0,0.106,28.30188679245283
1083727289243402240,1777921249000-632578958264631296-1083727289243402240,1777921249000,1777921633000,1,3.0,0.38,7.894736842105263
1144224275478085632,1778000530000-632578958264631296-1144224275478085632,1778000530000,1778000751000,1,3.0,0.192,15.625
1422205318414204928,1777995733000-632578958264631296-1422205318414204928,1777995733000,1777995949000,1,3.0,0.095,31.57894736842105
1464286808345935872,1777971433000-632578958264631296-1464286808345935872,1777971433000,1777971804000,1,3.0,0.17,17.64705882352941
882591537697914880,1777948530000-632578958264631296-882591537697914880,1777948530000,1777949133000,1,3.0,0.274,10.94890510948905
932334786138079232,1777931012000-632578958264631296-932334786138079232,1777931012000,1777931933000,1,3.0,1.132,2.65017667844523
869918310366445568,1777951553000-632578958264631296-869918310366445568,1777951553000,1777953342000,1,2.988,3.283,0.9101431617423089
1478819140813717504,1777989324000-632578958264631296-1478819140813717504,1777989324000,1777989887000,1,2.984,1.031,2.8942774005819594
869905949161160704,1777987430000-632578958264631296-869905949161160704,1777987430000,1777988261000,1,2.983,1.211,2.463253509496284
1406229042385911808,1777924240000-632578958264631296-1406229042385911808,1777924240000,1777926019000,1,2.978,1.737,1.7144502014968337
938815406225752064,1777985130000-632578958264631296-938815406225752064,1777985130000,1777986616000,1,2.966,2.203,1.3463458919655018
943818921138454528,1777940313000-632578958264631296-943818921138454528,1777940313000,1777941137000,1,2.954,2.033,1.4530250860796854
939546576563470336,1777948922000-632578958264631296-939546576563470336,1777948922000,1777949364000,1,2.918,1.473,1.9809911744738629
1187402009754468352,1777968534000-632578958264631296-1187402009754468352,1777968534000,1777969282000,1,2.869,1.615,1.7764705882352942
790970372676648960,1777946181000-632578958264631296-790970372676648960,1777946181000,1777946600000,1,2.867,1.216,2.3577302631578947
1462138501628690432,1777998764000-632578958264631296-1462138501628690432,1777998764000,1777999211000,1,2.866,0.888,3.2274774774774775
1362452416535986176,1777956355000-632578958264631296-1362452416535986176,1777956355000,1777956709000,1,2.856,1.283,2.2260327357755263
1067774753596506112,1777986275000-632578958264631296-1067774753596506112,1777986275000,1777986759000,1,2.854,0.695,4.106474820143886
1073277847704961024,1777995009000-632578958264631296-1073277847704961024,1777995009000,1777996005000,1,2.849,1.665,1.7111111111111112
1462138758710165504,1777971237000-632578958264631296-1462138758710165504,1777971237000,1777971794000,1,2.8,0.832,3.3653846153846154
1073966174624022528,1777968520000-632578958264631296-1073966174624022528,1777968520000,1777969262000,1,2.769,0.562,4.927046263345195
931856805720489984,1777979082000-632578958264631296-931856805720489984,1777979082000,1777980658000,1,2.763,2.895,0.9544041450777202
1476549765217910784,1777964786000-632578958264631296-1476549765217910784,1777964786000,1777965131000,1,2.752,1.469,1.8733832539142272
1075729411988258816,1777970759000-632578958264631296-1075729411988258816,1777970759000,1777971328000,1,2.72,0.344,7.906976744186048
947092625956012032,1777957007000-632578958264631296-947092625956012032,1777957007000,1777958074000,1,2.704,0.631,4.2852614896988905
926866983197081600,1777972718000-632578958264631296-926866983197081600,1777972718000,1777974062000,1,2.701,1.219,2.2157506152584086
1484590862305329152,1777943737000-632578958264631296-1484590862305329152,1777943737000,1777944224000,1,2.67,0.607,4.398682042833608
780059706918961152,1777947329000-632578958264631296-780059706918961152,1777947329000,1777948520000,1,2.667,1.117,2.387645478961504
1083727772540469248,1777960003000-632578958264631296-1083727772540469248,1777960003000,1777962034000,1,2.649,3.506,0.755561893896178
1142833661045899264,1777970904000-632578958264631296-1142833661045899264,1777970904000,1777971451000,1,2.64,1.826,1.4457831325301205
882591537697914880,1778001069000-632578958264631296-882591537697914880,1778001069000,1778002253000,1,2.632,1.087,2.421343146274149
1067765061260410880,1777990156000-632578958264631296-1067765061260410880,1777990156000,1777990933000,1,2.626,1.74,1.5091954022988505
1127222273418199040,1777987272000-632578958264631296-1127222273418199040,1777987272000,1777987492000,1,2.605,0.97,2.6855670103092786
1050035879038418944,1777974518000-632578958264631296-1050035879038418944,1777974518000,1777975251000,1,2.6,0.869,2.991944764096663
873897783357079552,1777942813000-632578958264631296-873897783357079552,1777942813000,1777943129000,1,2.594,1.249,2.076861489191353
1088511709141794816,1777952846000-632578958264631296-1088511709141794816,1777952846000,1777953667000,1,2.584,1.842,1.4028230184581976
800361869549240320,1777984032000-632578958264631296-800361869549240320,1777984032000,1777985021000,1,2.569,0.706,3.6388101983002836
931939397496995840,1777965867000-632578958264631296-931939397496995840,1777965867000,1777966436000,1,2.553,0.801,3.187265917602996
947094374120947712,1777961888000-632578958264631296-947094374120947712,1777961888000,1777963131000,1,2.553,0.943,2.707317073170732
1373358446576926720,1777964868000-632578958264631296-1373358446576926720,1777964868000,1777965307000,1,2.536,0.187,13.56149732620321
1464260641047969792,1777960768000-632578958264631296-1464260641047969792,1777960768000,1777961473000,1,2.53,1.437,1.7606123869171884
1127222273418199040,1777979813000-632578958264631296-1127222273418199040,1777979813000,1777979996000,1,2.529,0.737,3.4314789687924017
1062738572429230080,1777965848000-632578958264631296-1062738572429230080,1777965848000,1777966408000,1,2.526,0.722,3.498614958448753
1061350711461150720,1777992117000-632578958264631296-1061350711461150720,1777992117000,1777992521000,1,2.516,0.568,4.429577464788733
1050766698002513920,1777985685000-632578958264631296-1050766698002513920,1777985685000,1777986149000,1,2.5,0.659,3.793626707132018
1500145408670695424,1777953786000-632578958264631296-1500145408670695424,1777953786000,1777955442000,1,2.5,1.673,1.4943215780035863
1050037243114160128,1777961581000-632578958264631296-1050037243114160128,1777961581000,1777961856000,1,2.478,1.07,2.31588785046729
1545824482457812992,1777940135000-632578958264631296-1545824482457812992,1777940135000,1777941116000,1,2.474,1.722,1.4367015098722418
1065321017443876864,1777993282000-632578958264631296-1065321017443876864,1777993282000,1777994082000,1,2.467,1.735,1.4219020172910664
1161574576161816576,1777953080000-632578958264631296-1161574576161816576,1777953080000,1777953471000,1,2.456,1.267,1.9384372533543806
1277220593376165888,1777965395000-632578958264631296-1277220593376165888,1777965395000,1777966219000,1,2.45,1.578,1.5525982256020279
1120316662394912768,1777985096000-632578958264631296-1120316662394912768,1777985096000,1777986644000,1,2.444,2.079,1.1755651755651755
938817698895233024,1777929857000-632578958264631296-938817698895233024,1777929857000,1777930654000,1,2.44,1.759,1.3871517907902218
915980150607183872,1777960731000-632578958264631296-915980150607183872,1777960731000,1777961554000,1,2.429,0.783,3.102171136653895
1101524127430213632,1777980384000-632578958264631296-1101524127430213632,1777980384000,1777980799000,1,2.427,0.867,2.7993079584775087
1545824482457812992,1777944629000-632578958264631296-1545824482457812992,1777944629000,1777945268000,1,2.424,1.872,1.2948717948717947
862677558196436992,1777959953000-632578958264631296-862677558196436992,1777959953000,1777960380000,1,2.393,1.226,1.9518760195758562
862693652038680576,1777992421000-632578958264631296-862693652038680576,1777992421000,1777993048000,1,2.392,1.069,2.2376052385406924
1132635709874634752,1777960642000-632578958264631296-1132635709874634752,1777960642000,1777961275000,1,2.387,1.129,2.1142604074402125
792451146961649664,1777988458000-632578958264631296-792451146961649664,1777988458000,1777988937000,1,2.381,1.358,1.7533136966126655
1079095785133441024,1777998094000-632578958264631296-1079095785133441024,1777998094000,1777998655000,1,2.374,1.724,1.377030162412993
870575606247456768,1777959092000-632578958264631296-870575606247456768,1777959092000,1777959867000,1,2.37,1.151,2.059079061685491
1156948637754851328,1777983669000-632578958264631296-1156948637754851328,1777983669000,1777984111000,1,2.337,0.578,4.04325259515571
940245549137788928,1777976144000-632578958264631296-940245549137788928,1777976144000,1777976671000,1,2.31,0.558,4.139784946236559
1060533930890887168,1777962598000-632578958264631296-1060533930890887168,1777962598000,1777963505000,1,2.3,1.938,1.1867905056759545
790970372676648960,1777968515000-632578958264631296-790970372676648960,1777968515000,1777968683000,1,2.299,0.373,6.1635388739946375
1101524127430213632,1777998749000-632578958264631296-1101524127430213632,1777998749000,1777999592000,1,2.298,1.661,1.3835039133052378
938815406225752064,1777963327000-632578958264631296-938815406225752064,1777963327000,1777964180000,1,2.298,1.41,1.6297872340425532
1540361729291059200,1777981203000-632578958264631296-1540361729291059200,1777981203000,1777981575000,1,2.297,1.728,1.3292824074074074
1067767771279917056,1777959794000-632578958264631296-1067767771279917056,1777959794000,1777960588000,1,2.288,1.075,2.128372093023256
929707161364201472,1777963244000-632578958264631296-929707161364201472,1777963244000,1777964131000,1,2.278,1.27,1.793700787401575
1091761897729949696,1777943708000-632578958264631296-1091761897729949696,1777943708000,1777944313000,1,2.25,0.435,5.172413793103448
1088492376734826496,1777962886000-632578958264631296-1088492376734826496,1777962886000,1777964365000,1,2.238,1.771,1.2636928289102203
932302785804763136,1777969828000-632578958264631296-932302785804763136,1777969828000,1777970193000,1,2.228,0.501,4.447105788423154
947583451614150656,1777951738000-632578958264631296-947583451614150656,1777951738000,1777952580000,1,2.216,0.968,2.2892561983471076
1536014589357981696,1777968614000-632578958264631296-1536014589357981696,1777968614000,1777968954000,1,2.201,0.654,3.3654434250764527
1152269748554170368,1777971139000-632578958264631296-1152269748554170368,1777971139000,1777972038000,1,2.194,1.3,1.6876923076923076
1345798361172672512,1777991675000-632578958264631296-1345798361172672512,1777991675000,1777992219000,1,2.192,0.973,2.2528263103802675
1396881382210273280,1777983112000-632578958264631296-1396881382210273280,1777983112000,1777984902000,1,2.186,1.305,1.675095785440613
1045646397224779776,1777973211000-632578958264631296-1045646397224779776,1777973211000,1777974177000,1,2.172,1.306,1.663093415007657
1478819140813717504,1777977866000-632578958264631296-1478819140813717504,1777977866000,1777978163000,1,2.171,0.832,2.609375
1073278104413143040,1777935905000-632578958264631296-1073278104413143040,1777935905000,1777937008000,1,2.149,1.61,1.334782608695652
1083727772540469248,1777980891000-632578958264631296-1083727772540469248,1777980891000,1777981473000,1,2.148,1.042,2.0614203454894433
1070378226594873344,1777955960000-632578958264631296-1070378226594873344,1777955960000,1777956726000,1,2.143,0.756,2.834656084656084
1385305035948163072,1777949198000-632578958264631296-1385305035948163072,1777949198000,1777949983000,1,2.136,0.857,2.4924154025670946
939547788868321280,1777954371000-632578958264631296-939547788868321280,1777954371000,1777954649000,1,2.132,0.652,3.2699386503067487
1067764585097854976,1777971457000-632578958264631296-1067764585097854976,1777971457000,1777972437000,1,2.118,1.271,1.6664044059795438
1083728870357598208,1777943802000-632578958264631296-1083728870357598208,1777943802000,1777944757000,1,2.108,1.238,1.702746365105008
940988876032311296,1777949670000-632578958264631296-940988876032311296,1777949670000,1777950263000,1,2.108,0.746,2.8257372654155497
940981890892955648,1777989980000-632578958264631296-940981890892955648,1777989980000,1777990877000,1,2.093,0.61,3.4311475409836065
1525526061327056896,1777971168000-632578958264631296-1525526061327056896,1777971168000,1777972240000,1,2.084,1.048,1.9885496183206106
1075729411988258816,1777973245000-632578958264631296-1075729411988258816,1777973245000,1777974023000,1,2.058,0.341,6.035190615835776
1478819140813717504,1777947611000-632578958264631296-1478819140813717504,1777947611000,1777948046000,1,2.058,1.068,1.9269662921348312
790970372676648960,1777952776000-632578958264631296-790970372676648960,1777952776000,1777952976000,1,2.058,0.952,2.161764705882353
929731076446748672,1777976593000-632578958264631296-929731076446748672,1777976593000,1777977199000,1,2.028,1.5,1.352
1161574576161816576,1777952466000-632578958264631296-1161574576161816576,1777952466000,1777952974000,1,2.025,0.982,2.0621181262729125
1385305434218299392,1777931376000-632578958264631296-1385305434218299392,1777931376000,1777932275000,1,2.023,1.714,1.1802800466744459
1536014577374855168,1777971444000-632578958264631296-1536014577374855168,1777971444000,1777972585000,1,2.016,1.072,1.880597014925373
939140294748667904,1777932412000-632578958264631296-939140294748667904,1777932412000,1777932930000,1,2.013,1.592,1.2644472361809045
938817698895233024,1777990959000-632578958264631296-938817698895233024,1777990959000,1777991300000,1,2.003,1.247,1.6062550120288692
1050441880044568576,1777978928000-632578958264631296-1050441880044568576,1777978928000,1777979609000,1,2.001,2.35,0.8514893617021276
1046442314819436544,1777943060000-632578958264631296-1046442314819436544,1777943060000,1777943957000,1,2.0,0.355,5.633802816901409
1060533930890887168,1777979114000-632578958264631296-1060533930890887168,1777979114000,1777979387000,1,2.0,0.328,6.097560975609756
1060533930890887168,1777979614000-632578958264631296-1060533930890887168,1777979614000,1777979776000,1,2.0,0.143,13.986013986013987
1109445504082640896,1777988974000-632578958264631296-1109445504082640896,1777988974000,1777989155000,1,2.0,0.195,10.256410256410255
1113484110199783424,1777940687000-632578958264631296-1113484110199783424,1777940687000,1777941010000,1,2.0,0.149,13.422818791946309
1345798361172672512,1777985111000-632578958264631296-1345798361172672512,1777985111000,1777985246000,1,2.0,0.042,47.61904761904761
1389244082743672832,1777978107000-632578958264631296-1389244082743672832,1777978107000,1777978464000,1,2.0,0.189,10.582010582010582
1471165285556813824,1777972644000-632578958264631296-1471165285556813824,1777972644000,1777972870000,1,2.0,0.123,16.260162601626018
932302785804763136,1777968919000-632578958264631296-932302785804763136,1777968919000,1777969283000,1,2.0,0.081,24.691358024691358
932335222958063616,1777959292000-632578958264631296-932335222958063616,1777959292000,1777959563000,1,2.0,0.335,5.970149253731343
940246634145513472,1777976233000-632578958264631296-940246634145513472,1777976233000,1777976598000,1,2.0,0.272,7.352941176470588
944591832124227584,1777957336000-632578958264631296-944591832124227584,1777957336000,1777957447000,1,2.0,0.057,35.08771929824561
932612842287267840,1777965945000-632578958264631296-932612842287267840,1777965945000,1777966412000,1,1.989,0.692,2.874277456647399
942469061864849408,1777980790000-632578958264631296-942469061864849408,1777980790000,1777981161000,1,1.96,1.255,1.561752988047809
902974583798235136,1777993879000-632578958264631296-902974583798235136,1777993879000,1777994307000,1,1.958,0.569,3.4411247803163447
1045015172411817984,1778000443000-632578958264631296-1045015172411817984,1778000443000,1778000637000,1,1.953,1.471,1.327668252889191
1079026604165824512,1777986697000-632578958264631296-1079026604165824512,1777986697000,1777989393000,1,1.951,2.913,0.669756265018881
1101524127430213632,1777946878000-632578958264631296-1101524127430213632,1777946878000,1777947481000,1,1.942,1.363,1.4247982391782832
1127222273418199040,1777976061000-632578958264631296-1127222273418199040,1777976061000,1777976309000,1,1.942,0.487,3.9876796714579057
1135630948969218048,1777942738000-632578958264631296-1135630948969218048,1777942738000,1777943127000,1,1.94,1.252,1.549520766773163
943818921138454528,1777942455000-632578958264631296-943818921138454528,1777942455000,1777942719000,1,1.937,0.845,2.2923076923076926
786246735176400896,1777970923000-632578958264631296-786246735176400896,1777970923000,1777971229000,1,1.925,0.648,2.9706790123456788
964169792938311680,1777945216000-632578958264631296-964169792938311680,1777945216000,1777945603000,1,1.923,0.406,4.736453201970443
1536014618822967296,1777960668000-632578958264631296-1536014618822967296,1777960668000,1777961704000,1,1.919,0.968,1.9824380165289257
862677558196436992,1777991634000-632578958264631296-862677558196436992,1777991634000,1777991959000,1,1.908,0.611,3.122749590834697
809467481230934016,1777984454000-632578958264631296-809467481230934016,1777984454000,1777984818000,1,1.881,0.667,2.8200899550224885
947093103351693312,1777946219000-632578958264631296-947093103351693312,1777946219000,1777946953000,1,1.877,0.728,2.5782967032967035
901057526324264960,1777957426000-632578958264631296-901057526324264960,1777957426000,1777958472000,1,1.875,0.814,2.3034398034398036
1050036509840769024,1777959988000-632578958264631296-1050036509840769024,1777959988000,1777961012000,1,1.874,1.64,1.1426829268292684
1479440816106635264,1777956342000-632578958264631296-1479440816106635264,1777956342000,1777957482000,1,1.849,1.839,1.005437737901033
1083727772540469248,1777981633000-632578958264631296-1083727772540469248,1777981633000,1777982214000,1,1.823,0.87,2.0954022988505745
1050035879038418944,1777975255000-632578958264631296-1050035879038418944,1777975255000,1777975612000,1,1.784,0.598,2.9832775919732444
1389243940330274816,1777965268000-632578958264631296-1389243940330274816,1777965268000,1777965605000,1,1.784,0.797,2.238393977415307
877447567619653632,1777989419000-632578958264631296-877447567619653632,1777989419000,1777989943000,1,1.783,1.134,1.5723104056437391
1067763553357791232,1777919950000-632578958264631296-1067763553357791232,1777919950000,1777921268000,1,1.781,1.828,0.974288840262582
1067764585097854976,1777965935000-632578958264631296-1067764585097854976,1777965935000,1777967182000,1,1.78,1.141,1.5600350569675723
1083727772540469248,1777997889000-632578958264631296-1083727772540469248,1777997889000,1777998376000,1,1.777,0.759,2.341238471673254
869905949161160704,1777989431000-632578958264631296-869905949161160704,1777989431000,1777989948000,1,1.77,0.919,1.926006528835691
1488129049464143872,1777960199000-632578958264631296-1488129049464143872,1777960199000,1777960578000,1,1.768,0.741,2.3859649122807016
1060579746913452032,1777969425000-632578958264631296-1060579746913452032,1777969425000,1777970792000,1,1.767,0.824,2.1444174757281553
1405141042860130304,1777964900000-632578958264631296-1405141042860130304,1777964900000,1777965332000,1,1.767,1.037,1.703953712632594
939139369715892224,1777942521000-632578958264631296-939139369715892224,1777942521000,1777943557000,1,1.764,1.187,1.4860994102780118
928334310946111488,1777993703000-632578958264631296-928334310946111488,1777993703000,1777994374000,1,1.752,0.635,2.7590551181102363
790970454885007360,1777958208000-632578958264631296-790970454885007360,1777958208000,1777958866000,1,1.749,0.933,1.8745980707395498
916722872880201728,1777963325000-632578958264631296-916722872880201728,1777963325000,1777963565000,1,1.747,0.595,2.936134453781513
1127222273418199040,1777986429000-632578958264631296-1127222273418199040,1777986429000,1777986560000,1,1.736,0.337,5.1513353115727
1536014577374855168,1777966000000-632578958264631296-1536014577374855168,1777966000000,1777967246000,1,1.735,0.968,1.7923553719008265
1540361293100220416,1777999252000-632578958264631296-1540361293100220416,1777999252000,1778000067000,1,1.727,0.735,2.3496598639455786
966383863687282688,1777949318000-632578958264631296-966383863687282688,1777949318000,1777949936000,1,1.717,0.714,2.404761904761905
1471164933021368320,1777987374000-632578958264631296-1471164933021368320,1777987374000,1777987911000,1,1.701,0.948,1.7943037974683547
1131571393566081024,1777970587000-632578958264631296-1131571393566081024,1777970587000,1777970951000,1,1.693,0.684,2.475146198830409
1108736100332994560,1777976389000-632578958264631296-1108736100332994560,1777976389000,1777976658000,1,1.674,0.431,3.8839907192575405
970285003134992384,1777927701000-632578958264631296-970285003134992384,1777927701000,1777928070000,1,1.667,1.142,1.459719789842382
1184409623537385472,1777982092000-632578958264631296-1184409623537385472,1777982092000,1777982510000,1,1.666,1.182,1.4094754653130288
1488129049464143872,1777958568000-632578958264631296-1488129049464143872,1777958568000,1777958918000,1,1.651,0.715,2.309090909090909
790970454885007360,1777998745000-632578958264631296-790970454885007360,1777998745000,1777999084000,1,1.645,0.52,3.1634615384615383
1127222273418199040,1777999893000-632578958264631296-1127222273418199040,1777999893000,1778000044000,1,1.642,0.621,2.644122383252818
862693652038680576,1777938213000-632578958264631296-862693652038680576,1777938213000,1777938525000,1,1.642,1.09,1.5064220183486237
1083726789898928128,1777965597000-632578958264631296-1083726789898928128,1777965597000,1777965827000,1,1.632,0.298,5.476510067114094
1345798361172672512,1777979405000-632578958264631296-1345798361172672512,1777979405000,1777979650000,1,1.63,0.667,2.4437781109445273
1079796452147855360,1777983873000-632578958264631296-1079796452147855360,1777983873000,1777984818000,1,1.625,0.981,1.6564729867482162
927171595435245568,1777950224000-632578958264631296-927171595435245568,1777950224000,1777951839000,1,1.623,0.725,2.2386206896551726
1479440816106635264,1777957537000-632578958264631296-1479440816106635264,1777957537000,1777958452000,1,1.615,1.718,0.940046565774156
1076923642098483200,1777955922000-632578958264631296-1076923642098483200,1777955922000,1777956546000,1,1.61,0.456,3.530701754385965
1079095062366781440,1777969643000-632578958264631296-1079095062366781440,1777969643000,1777970683000,1,1.601,0.862,1.857308584686775
1083726789898928128,1777995955000-632578958264631296-1083726789898928128,1777995955000,1777996424000,1,1.6,1.022,1.5655577299412917
1501933902321680384,1777989582000-632578958264631296-1501933902321680384,1777989582000,1777989798000,1,1.6,0.362,4.419889502762431
939140294748667904,1777956312000-632578958264631296-939140294748667904,1777956312000,1777956538000,1,1.594,0.864,1.8449074074074074
1277220593376165888,1777993951000-632578958264631296-1277220593376165888,1777993951000,1777995081000,1,1.582,1.808,0.875
790970372676648960,1777950135000-632578958264631296-790970372676648960,1777950135000,1777950559000,1,1.58,1.846,0.8559046587215601
790970372676648960,1777979351000-632578958264631296-790970372676648960,1777979351000,1777979620000,1,1.568,0.504,3.111111111111111
878252193440858112,1777984079000-632578958264631296-878252193440858112,1777984079000,1777984477000,1,1.565,0.314,4.984076433121019
1385305434218299392,1777941808000-632578958264631296-1385305434218299392,1777941808000,1777942216000,1,1.546,0.854,1.810304449648712
940981890892955648,1777947300000-632578958264631296-940981890892955648,1777947300000,1777947729000,1,1.535,1.308,1.1735474006116207
1083019060351860736,1777966492000-632578958264631296-1083019060351860736,1777966492000,1777966956000,1,1.524,0.324,4.703703703703703
877447467317067776,1777951729000-632578958264631296-877447467317067776,1777951729000,1777952057000,1,1.494,0.462,3.2337662337662336
792451146961649664,1777946165000-632578958264631296-792451146961649664,1777946165000,1777946832000,1,1.493,0.781,1.9116517285531371
1464286808345935872,1777947242000-632578958264631296-1464286808345935872,1777947242000,1777947429000,1,1.484,0.273,5.435897435897435
946025653910634496,1777957114000-632578958264631296-946025653910634496,1777957114000,1777957592000,1,1.478,0.846,1.7470449172576832
1083727772540469248,1777940065000-632578958264631296-1083727772540469248,1777940065000,1777940700000,1,1.466,1.263,1.1607284243863818
1141991039255445504,1777983054000-632578958264631296-1141991039255445504,1777983054000,1777984270000,1,1.465,1.535,0.9543973941368079
1545824482457812992,1777939052000-632578958264631296-1545824482457812992,1777939052000,1777939716000,1,1.461,1.21,1.2074380165289258
943818921138454528,1777942332000-632578958264631296-943818921138454528,1777942332000,1777942442000,1,1.455,0.31,4.693548387096774
870286624469024768,1777946096000-632578958264631296-870286624469024768,1777946096000,1777946447000,1,1.451,0.688,2.109011627906977
1125482414773108736,1777986458000-632578958264631296-1125482414773108736,1777986458000,1777986890000,1,1.442,1.172,1.2303754266211604
1477629515881512960,1777949714000-632578958264631296-1477629515881512960,1777949714000,1777950533000,1,1.44,0.82,1.7560975609756098
940245549137788928,1777957744000-632578958264631296-940245549137788928,1777957744000,1777958179000,1,1.436,0.709,2.0253878702397743
1277220593376165888,1777956349000-632578958264631296-1277220593376165888,1777956349000,1777956521000,1,1.427,0.563,2.534635879218473
946032945880104960,1777986325000-632578958264631296-946032945880104960,1777986325000,1777987029000,1,1.401,0.285,4.915789473684211
1083727517765861376,1777976538000-632578958264631296-1083727517765861376,1777976538000,1777976922000,1,1.394,0.676,2.0621301775147924
942470042409238528,1777978149000-632578958264631296-942470042409238528,1777978149000,1777979422000,1,1.391,0.821,1.6942752740560294
1091761897729949696,1777986440000-632578958264631296-1091761897729949696,1777986440000,1777986985000,1,1.388,1.015,1.367487684729064
902974583798235136,1777993292000-632578958264631296-902974583798235136,1777993292000,1777993612000,1,1.387,0.479,2.895615866388309
943818921138454528,1777941355000-632578958264631296-943818921138454528,1777941355000,1777941471000,1,1.361,0.509,2.673870333988212
790970372676648960,1777940358000-632578958264631296-790970372676648960,1777940358000,1777941241000,1,1.36,1.48,0.918918918918919
792451146961649664,1777920654000-632578958264631296-792451146961649664,1777920654000,1777921997000,1,1.357,1.115,1.2170403587443945
947093103351693312,1777927182000-632578958264631296-947093103351693312,1777927182000,1777927612000,1,1.357,0.549,2.4717668488160287
1109445504082640896,1777977765000-632578958264631296-1109445504082640896,1777977765000,1777978956000,1,1.344,1.292,1.0402476780185759
1075729411988258816,1777992838000-632578958264631296-1075729411988258816,1777992838000,1777992930000,1,1.334,0.164,8.134146341463415
1083727772540469248,1777937370000-632578958264631296-1083727772540469248,1777937370000,1777937757000,1,1.334,1.245,1.0714859437751003
809467481230934016,1777985329000-632578958264631296-809467481230934016,1777985329000,1777986401000,1,1.333,1.1,1.2118181818181817
1073663431535493120,1777981732000-632578958264631296-1073663431535493120,1777981732000,1777982484000,1,1.327,0.952,1.39390756302521
1385305291104452608,1777941292000-632578958264631296-1385305291104452608,1777941292000,1777942003000,1,1.326,0.733,1.8090040927694409
939140294748667904,1777928679000-632578958264631296-939140294748667904,1777928679000,1777930337000,1,1.321,1.47,0.8986394557823129
970288452387995648,1777948997000-632578958264631296-970288452387995648,1777948997000,1777949270000,1,1.321,0.254,5.200787401574803
1478819140813717504,1777980918000-632578958264631296-1478819140813717504,1777980918000,1777981207000,1,1.317,1.317,1.0
1536014625517076480,1777989664000-632578958264631296-1536014625517076480,1777989664000,1777990650000,1,1.31,1.202,1.0898502495840268
1045646397224779776,1777974483000-632578958264631296-1045646397224779776,1777974483000,1777974875000,1,1.301,0.579,2.2469775474956823
790970454885007360,1777966692000-632578958264631296-790970454885007360,1777966692000,1777967062000,1,1.293,0.558,2.3172043010752685
1083726613264203776,1777948775000-632578958264631296-1083726613264203776,1777948775000,1777949071000,1,1.291,0.423,3.0520094562647753
1064527564812320768,1777981217000-632578958264631296-1064527564812320768,1777981217000,1777982303000,1,1.283,0.591,2.170896785109983
809467481230934016,1777983961000-632578958264631296-809467481230934016,1777983961000,1777984330000,1,1.278,0.549,2.3278688524590163
1125482414773108736,1777984798000-632578958264631296-1125482414773108736,1777984798000,1777985178000,1,1.277,0.693,1.8427128427128427
1385588586753032192,1777960424000-632578958264631296-1385588586753032192,1777960424000,1777960829000,1,1.277,0.477,2.6771488469601676
970288452387995648,1777944264000-632578958264631296-970288452387995648,1777944264000,1777944564000,1,1.277,0.282,4.528368794326242
1536397466075660288,1777958029000-632578958264631296-1536397466075660288,1777958029000,1777958916000,1,1.262,1.29,0.9782945736434109
1083726887294861312,1777989301000-632578958264631296-1083726887294861312,1777989301000,1777990277000,1,1.259,1.511,0.8332230311052283
1398705978894974976,1777974472000-632578958264631296-1398705978894974976,1777974472000,1777975547000,1,1.252,1.082,1.1571164510166358
1385588586753032192,1777960841000-632578958264631296-1385588586753032192,1777960841000,1777961526000,1,1.247,0.446,2.7959641255605385
790970454885007360,1777994234000-632578958264631296-790970454885007360,1777994234000,1777994408000,1,1.245,0.405,3.074074074074074
1535704124731949056,1777980926000-632578958264631296-1535704124731949056,1777980926000,1777981272000,1,1.239,0.732,1.6926229508196724
1478688867300147200,1777976373000-632578958264631296-1478688867300147200,1777976373000,1777976780000,1,1.234,0.403,3.062034739454094
1075729411988258816,1777974492000-632578958264631296-1075729411988258816,1777974492000,1777974704000,1,1.225,0.14,8.75
970285003134992384,1777943352000-632578958264631296-970285003134992384,1777943352000,1777944002000,1,1.225,1.066,1.1491557223264541
946030864989421568,1777938403000-632578958264631296-946030864989421568,1777938403000,1777938758000,1,1.224,0.234,5.23076923076923
1406229042385911808,1777946180000-632578958264631296-1406229042385911808,1777946180000,1777946775000,1,1.223,0.442,2.7669683257918556
1135630948969218048,1778002061000-632578958264631296-1135630948969218048,1778002061000,1778002652000,1,1.214,1.049,1.157292659675882
1070370579279773696,1777994435000-632578958264631296-1070370579279773696,1777994435000,1777994844000,1,1.209,0.539,2.2430426716141003
946033560920260608,1777946072000-632578958264631296-946033560920260608,1777946072000,1777946281000,1,1.206,0.62,1.9451612903225806
1396880990281924608,1777956387000-632578958264631296-1396880990281924608,1777956387000,1777956854000,1,1.202,0.681,1.7650513950073419
1067776159577538560,1777981538000-632578958264631296-1067776159577538560,1777981538000,1777982009000,1,1.2,0.706,1.6997167138810199
790970372676648960,1777973231000-632578958264631296-790970372676648960,1777973231000,1777973366000,1,1.198,0.198,6.05050505050505
798991075485155328,1777974589000-632578958264631296-798991075485155328,1777974589000,1777977256000,1,1.198,2.163,0.5538603791030976
1361380561528029184,1778001188000-632578958264631296-1361380561528029184,1778001188000,1778002483000,1,1.194,1.249,0.9559647718174539
939547788868321280,1777952231000-632578958264631296-939547788868321280,1777952231000,1777952431000,1,1.193,0.358,3.332402234636872
1361380561528029184,1777991629000-632578958264631296-1361380561528029184,1777991629000,1777992830000,1,1.184,0.76,1.5578947368421052
946032744595456000,1777962475000-632578958264631296-946032744595456000,1777962475000,1777962766000,1,1.183,0.581,2.036144578313253
943818921138454528,1777947110000-632578958264631296-943818921138454528,1777947110000,1777947485000,1,1.178,0.401,2.937655860349127
1125482414773108736,1777977899000-632578958264631296-1125482414773108736,1777977899000,1777979262000,1,1.172,1.046,1.1204588910133841
946032945880104960,1777982096000-632578958264631296-946032945880104960,1777982096000,1777982916000,1,1.171,0.347,3.37463976945245
1422205318414204928,1777997977000-632578958264631296-1422205318414204928,1777997977000,1777998588000,1,1.17,0.848,1.3797169811320755
787325260482478080,1777955539000-632578958264631296-787325260482478080,1777955539000,1777958163000,1,1.162,2.065,0.5627118644067797
946032945880104960,1777982957000-632578958264631296-946032945880104960,1777982957000,1777983751000,1,1.162,0.427,2.721311475409836
1091761897729949696,1777976906000-632578958264631296-1091761897729949696,1777976906000,1777977956000,1,1.161,0.928,1.2510775862068966
1082303861131051008,1777967577000-632578958264631296-1082303861131051008,1777967577000,1777967852000,1,1.158,0.449,2.579064587973274
1050037537222950912,1777988975000-632578958264631296-1050037537222950912,1777988975000,1777989616000,1,1.156,0.848,1.3632075471698113
803716121332023296,1777958287000-632578958264631296-803716121332023296,1777958287000,1777958748000,1,1.147,0.527,2.176470588235294
882591537697914880,1777989545000-632578958264631296-882591537697914880,1777989545000,1777990600000,1,1.137,0.727,1.563961485557084
1045015172411817984,1778000641000-632578958264631296-1045015172411817984,1778000641000,1778000736000,1,1.136,0.245,4.636734693877551
1083726423769743360,1777967645000-632578958264631296-1083726423769743360,1777967645000,1777969102000,1,1.133,1.743,0.6500286861732645
879404563604439040,1777961492000-632578958264631296-879404563604439040,1777961492000,1777961818000,1,1.129,0.267,4.228464419475655
1357047782162038784,1777959332000-632578958264631296-1357047782162038784,1777959332000,1777959906000,1,1.125,0.484,2.324380165289256
1141991039255445504,1777989628000-632578958264631296-1141991039255445504,1777989628000,1777990599000,1,1.118,1.183,0.9450549450549451
1050766698002513920,1777989591000-632578958264631296-1050766698002513920,1777989591000,1777990260000,1,1.114,0.326,3.4171779141104297
935627425390264320,1777957174000-632578958264631296-935627425390264320,1777957174000,1777957889000,1,1.114,1.108,1.0054151624548737
1046443765134262272,1777972976000-632578958264631296-1046443765134262272,1777972976000,1777973534000,1,1.107,0.772,1.4339378238341969
1083727772540469248,1777941452000-632578958264631296-1083727772540469248,1777941452000,1777942043000,1,1.101,0.978,1.1257668711656441
1079796452147855360,1777962568000-632578958264631296-1079796452147855360,1777962568000,1777963103000,1,1.095,0.235,4.659574468085107
1083728870357598208,1777920584000-632578958264631296-1083728870357598208,1777920584000,1777921357000,1,1.094,1.213,0.9018961253091509
1067776270814674944,1777942609000-632578958264631296-1067776270814674944,1777942609000,1777943312000,1,1.088,0.724,1.5027624309392267
870309644059279360,1777946831000-632578958264631296-870309644059279360,1777946831000,1777947459000,1,1.088,0.624,1.7435897435897436
1073277847704961024,1777961804000-632578958264631296-1073277847704961024,1777961804000,1777963315000,1,1.084,0.542,2.0
1067764585097854976,1777967609000-632578958264631296-1067764585097854976,1777967609000,1777968264000,1,1.08,0.765,1.411764705882353
879404563604439040,1777960989000-632578958264631296-879404563604439040,1777960989000,1777961423000,1,1.073,0.353,3.039660056657224
915980150607183872,1777936836000-632578958264631296-915980150607183872,1777936836000,1777937304000,1,1.072,0.285,3.7614035087719304
1504876024033181696,1777995880000-632578958264631296-1504876024033181696,1777995880000,1777996244000,1,1.068,0.215,4.967441860465117
938817698895233024,1777927515000-632578958264631296-938817698895233024,1777927515000,1777928251000,1,1.057,0.905,1.1679558011049722
938499921487593472,1777946905000-632578958264631296-938499921487593472,1777946905000,1777948018000,1,1.051,1.326,0.7926093514328808
1083726887294861312,1777982523000-632578958264631296-1083726887294861312,1777982523000,1777983370000,1,1.048,1.082,0.9685767097966728
1385305554984894464,1777962365000-632578958264631296-1385305554984894464,1777962365000,1777962791000,1,1.048,0.222,4.7207207207207205
1363836271826305024,1777934320000-632578958264631296-1363836271826305024,1777934320000,1777935659000,1,1.034,1.345,0.7687732342007435
792451146961649664,1777970686000-632578958264631296-792451146961649664,1777970686000,1777971345000,1,1.033,0.775,1.3329032258064515
1064532839803912192,1777980580000-632578958264631296-1064532839803912192,1777980580000,1777980803000,1,1.032,0.283,3.6466431095406366
1488129049464143872,1777959119000-632578958264631296-1488129049464143872,1777959119000,1777959617000,1,1.029,0.849,1.2120141342756183
1536014577374855168,1777967590000-632578958264631296-1536014577374855168,1777967590000,1777968235000,1,1.028,0.643,1.598755832037325
1535695002116554752,1777971209000-632578958264631296-1535695002116554752,1777971209000,1777971479000,1,1.02,0.302,3.3774834437086096
1181865650805538816,1777971233000-632578958264631296-1181865650805538816,1777971233000,1777971427000,1,1.013,0.6,1.6883333333333332
1389243594644127744,1777986438000-632578958264631296-1389243594644127744,1777986438000,1777986908000,1,1.012,0.727,1.392022008253095
951563481520275456,1778001692000-632578958264631296-951563481520275456,1778001692000,1778002206000,1,1.009,0.311,3.2443729903536975
1060533930890887168,1777973861000-632578958264631296-1060533930890887168,1777973861000,1777974627000,1,1.0,1.143,0.8748906386701663
1065304732634972160,1777983368000-632578958264631296-1065304732634972160,1777983368000,1777983522000,1,1.0,0.078,12.820512820512821
1065321017443876864,1777926436000-632578958264631296-1065321017443876864,1777926436000,1777926642000,1,1.0,0.115,8.695652173913043
1132636252537880576,1777999741000-632578958264631296-1132636252537880576,1777999741000,1778000069000,1,1.0,0.125,8.0
1385589109656911872,1777938909000-632578958264631296-1385589109656911872,1777938909000,1777939362000,1,1.0,0.24,4.166666666666667
1401196266230120448,1777981755000-632578958264631296-1401196266230120448,1777981755000,1777982056000,1,1.0,0.202,4.9504950495049505
1428367002015105024,1777993977000-632578958264631296-1428367002015105024,1777993977000,1777994175000,1,1.0,0.112,8.928571428571429
1476549608761982976,1777997765000-632578958264631296-1476549608761982976,1777997765000,1777997924000,1,1.0,0.055,18.181818181818183
1488160320575766528,1777928619000-632578958264631296-1488160320575766528,1777928619000,1777928983000,1,1.0,0.197,5.0761421319796955
1500145408670695424,1777967125000-632578958264631296-1500145408670695424,1777967125000,1777967494000,1,1.0,0.493,2.028397565922921
847126508215468032,1777996536000-632578958264631296-847126508215468032,1777996536000,1777997708000,1,1.0,0.506,1.976284584980237
944587945103327232,1777965705000-632578958264631296-944587945103327232,1777965705000,1777965799000,1,1.0,0.052,19.23076923076923
946026878085365760,1778000282000-632578958264631296-946026878085365760,1778000282000,1778000650000,1,1.0,0.402,2.487562189054726
1464286808345935872,1777947158000-632578958264631296-1464286808345935872,1777947158000,1777947240000,1,0.998,0.179,5.575418994413408
952583803866447872,1777938308000-632578958264631296-952583803866447872,1777938308000,1777940461000,1,0.996,1.263,0.7885985748218528
1065321017443876864,1777971874000-632578958264631296-1065321017443876864,1777971874000,1777972654000,1,0.995,0.303,3.283828382838284
1073278104413143040,1777980865000-632578958264631296-1073278104413143040,1777980865000,1777980996000,1,0.991,0.499,1.9859719438877756
947092625956012032,1777955344000-632578958264631296-947092625956012032,1777955344000,1777955872000,1,0.991,0.325,3.049230769230769
1363836271826305024,1777928879000-632578958264631296-1363836271826305024,1777928879000,1777929609000,1,0.98,0.789,1.2420785804816221
1398705978894974976,1777951081000-632578958264631296-1398705978894974976,1777951081000,1777952725000,1,0.977,1.354,0.7215657311669128
947091862986948608,1777979444000-632578958264631296-947091862986948608,1777979444000,1777981849000,1,0.975,1.691,0.5765819041986989
929707161364201472,1777968717000-632578958264631296-929707161364201472,1777968717000,1777969100000,1,0.962,0.445,2.1617977528089884
1046442514266980352,1777979476000-632578958264631296-1046442514266980352,1777979476000,1777981632000,1,0.961,1.407,0.6830135039090263
1067764585097854976,1777924435000-632578958264631296-1067764585097854976,1777924435000,1777925600000,1,0.959,1.208,0.7938741721854304
1488129049464143872,1777975574000-632578958264631296-1488129049464143872,1777975574000,1777976241000,1,0.959,0.673,1.4249628528974738
947583451614150656,1777969488000-632578958264631296-947583451614150656,1777969488000,1777970255000,1,0.956,0.606,1.5775577557755776
1152269748554170368,1777976193000-632578958264631296-1152269748554170368,1777976193000,1777976588000,1,0.954,0.44,2.168181818181818
780444155561115648,1777952889000-632578958264631296-780444155561115648,1777952889000,1777953113000,1,0.954,0.26,3.669230769230769
1060579746913452032,1778003066000-632578958264631296-1060579746913452032,1778003066000,1778003530000,1,0.953,0.554,1.7202166064981947
1067775916656033792,1777994550000-632578958264631296-1067775916656033792,1777994550000,1777995127000,1,0.949,0.597,1.5896147403685092
942470042409238528,1777986551000-632578958264631296-942470042409238528,1777986551000,1777987048000,1,0.948,0.283,3.3498233215547706
1097510484225032192,1777952039000-632578958264631296-1097510484225032192,1777952039000,1777952891000,1,0.946,0.296,3.195945945945946
1079095062366781440,1778003069000-632578958264631296-1079095062366781440,1778003069000,1778003413000,1,0.945,0.671,1.4083457526080476
1070334753032372224,1777967272000-632578958264631296-1070334753032372224,1777967272000,1777967990000,1,0.944,0.514,1.8365758754863812
1083727333329731584,1777957732000-632578958264631296-1083727333329731584,1777957732000,1777958482000,1,0.942,0.763,1.2346002621231977
1091761897729949696,1777979430000-632578958264631296-1091761897729949696,1777979430000,1777979847000,1,0.941,0.531,1.7721280602636533
790970372676648960,1777949942000-632578958264631296-790970372676648960,1777949942000,1777950110000,1,0.94,1.003,0.9371884346959123
927171595435245568,1777976224000-632578958264631296-927171595435245568,1777976224000,1777976688000,1,0.937,0.524,1.7881679389312977
780444155561115648,1777969611000-632578958264631296-780444155561115648,1777969611000,1777970014000,1,0.933,0.584,1.5976027397260275
1127222273418199040,1777976387000-632578958264631296-1127222273418199040,1777976387000,1777976510000,1,0.932,0.498,1.8714859437751006
870568761881526272,1777927139000-632578958264631296-870568761881526272,1777927139000,1777927765000,1,0.927,0.814,1.138820638820639
1385305554984894464,1777964520000-632578958264631296-1385305554984894464,1777964520000,1777964964000,1,0.926,0.319,2.9028213166144203
1045646397224779776,1777987101000-632578958264631296-1045646397224779776,1777987101000,1777988067000,1,0.921,1.125,0.8186666666666667
1065321017443876864,1777992660000-632578958264631296-1065321017443876864,1777992660000,1777993000000,1,0.921,0.482,1.9107883817427387
1406229042385911808,1777946938000-632578958264631296-1406229042385911808,1777946938000,1777947349000,1,0.921,0.386,2.3860103626943006
1045646687990710272,1777982492000-632578958264631296-1045646687990710272,1777982492000,1777982776000,1,0.917,0.38,2.4131578947368424
1536014577374855168,1777924399000-632578958264631296-1536014577374855168,1777924399000,1777925687000,1,0.917,0.862,1.0638051044083527
1101524127430213632,1778001345000-632578958264631296-1101524127430213632,1778001345000,1778002036000,1,0.914,0.922,0.9913232104121475
792451146961649664,1777986739000-632578958264631296-792451146961649664,1777986739000,1777987158000,1,0.913,0.581,1.5714285714285716
1112389405491855360,1777927592000-632578958264631296-1112389405491855360,1777927592000,1777927926000,1,0.909,0.533,1.7054409005628517
1067765061260410880,1777931764000-632578958264631296-1067765061260410880,1777931764000,1777932399000,1,0.906,0.967,0.9369183040330921
1083727772540469248,1777985791000-632578958264631296-1083727772540469248,1777985791000,1777986386000,1,0.904,0.885,1.0214689265536723
1050037243114160128,1777946604000-632578958264631296-1050037243114160128,1777946604000,1777947672000,1,0.901,0.912,0.9879385964912281
1067774958987378688,1777976533000-632578958264631296-1067774958987378688,1777976533000,1777977958000,1,0.896,1.486,0.6029609690444145
1083726345994764288,1777953676000-632578958264631296-1083726345994764288,1777953676000,1777954151000,1,0.896,0.745,1.2026845637583894
1187402009754468352,1777969321000-632578958264631296-1187402009754468352,1777969321000,1777969712000,1,0.891,0.927,0.9611650485436893
869918310366445568,1777983474000-632578958264631296-869918310366445568,1777983474000,1777984417000,1,0.887,1.154,0.768630849220104
947452563299500032,1777986365000-632578958264631296-947452563299500032,1777986365000,1777987559000,1,0.875,0.984,0.8892276422764228
939141093658722304,1777959104000-632578958264631296-939141093658722304,1777959104000,1777959708000,1,0.862,0.32,2.69375
1385305554984894464,1777965478000-632578958264631296-1385305554984894464,1777965478000,1777965960000,1,0.861,0.398,2.1633165829145726
847124352678756352,1777983309000-632578958264631296-847124352678756352,1777983309000,1777983789000,1,0.861,0.585,1.471794871794872
1471164933021368320,1777982121000-632578958264631296-1471164933021368320,1777982121000,1777982922000,1,0.854,0.547,1.5612431444241315
1050035879038418944,1777975653000-632578958264631296-1050035879038418944,1777975653000,1777976119000,1,0.849,0.4,2.1224999999999996
780067386190462976,1777996851000-632578958264631296-780067386190462976,1777996851000,1777997258000,1,0.846,0.342,2.4736842105263155
1385305554984894464,1777957748000-632578958264631296-1385305554984894464,1777957748000,1777958262000,1,0.845,0.452,1.8694690265486724
787325260482478080,1777972333000-632578958264631296-787325260482478080,1777972333000,1777972994000,1,0.842,0.723,1.1645919778699863
938815406225752064,1777968597000-632578958264631296-938815406225752064,1777968597000,1777968823000,1,0.841,0.335,2.5104477611940297
947092625956012032,1777954240000-632578958264631296-947092625956012032,1777954240000,1777954857000,1,0.839,0.474,1.770042194092827
944589217739046912,1777946798000-632578958264631296-944589217739046912,1777946798000,1777947275000,1,0.832,0.299,2.782608695652174
818154714091749376,1777989248000-632578958264631296-818154714091749376,1777989248000,1777990685000,1,0.825,1.078,0.7653061224489796
1045646397224779776,1777989409000-632578958264631296-1045646397224779776,1777989409000,1777989848000,1,0.823,0.492,1.6727642276422763
1067774958987378688,1777984523000-632578958264631296-1067774958987378688,1777984523000,1777985372000,1,0.821,1.286,0.6384136858475894
870575606247456768,1777961568000-632578958264631296-870575606247456768,1777961568000,1777961977000,1,0.821,0.576,1.4253472222222223
1141991039255445504,1778002908000-632578958264631296-1141991039255445504,1778002908000,1778003681000,1,0.82,1.05,0.7809523809523808
952249131684855808,1777964094000-632578958264631296-952249131684855808,1777964094000,1777964699000,1,0.816,0.259,3.1505791505791505
1083726887294861312,1777960075000-632578958264631296-1083726887294861312,1777960075000,1777960757000,1,0.814,0.887,0.9177001127395715
1397607242391355392,1777993672000-632578958264631296-1397607242391355392,1777993672000,1777994082000,1,0.81,0.257,3.1517509727626463
1131631502098956288,1777930371000-632578958264631296-1131631502098956288,1777930371000,1777931226000,1,0.808,1.112,0.7266187050359713
787737136659955712,1777979540000-632578958264631296-787737136659955712,1777979540000,1777980376000,1,0.807,0.853,0.9460726846424385
1545824482457812992,1777926035000-632578958264631296-1545824482457812992,1777926035000,1777926665000,1,0.804,1.055,0.7620853080568721
1060533930890887168,1777964268000-632578958264631296-1060533930890887168,1777964268000,1777964615000,1,0.8,0.468,1.7094017094017093
1083728870357598208,1777928241000-632578958264631296-1083728870357598208,1777928241000,1777928919000,1,0.8,0.926,0.8639308855291576
925753337108758528,1777982653000-632578958264631296-925753337108758528,1777982653000,1777983748000,1,0.8,0.617,1.2965964343598055
786329294770012160,1777968475000-632578958264631296-786329294770012160,1777968475000,1777968935000,1,0.797,0.494,1.6133603238866399
1050441880044568576,1777961271000-632578958264631296-1050441880044568576,1777961271000,1777961626000,1,0.795,0.554,1.4350180505415162
787737136659955712,1777980967000-632578958264631296-787737136659955712,1777980967000,1777981946000,1,0.79,0.837,0.943847072879331
1545824482457812992,1777942207000-632578958264631296-1545824482457812992,1777942207000,1777942908000,1,0.786,0.788,0.9974619289340102
1083726423769743360,1777927473000-632578958264631296-1083726423769743360,1777927473000,1777927671000,1,0.785,0.231,3.398268398268398
1536427445069021184,1777959765000-632578958264631296-1536427445069021184,1777959765000,1777960176000,1,0.785,0.703,1.116642958748222
1385305434218299392,1777942929000-632578958264631296-1385305434218299392,1777942929000,1777943345000,1,0.78,0.732,1.0655737704918034
1083727517765861376,1777939648000-632578958264631296-1083727517765861376,1777939648000,1777940220000,1,0.777,0.869,0.8941311852704258
1406586595699589120,1777960978000-632578958264631296-1406586595699589120,1777960978000,1777961951000,1,0.775,0.871,0.8897818599311137
1478688867300147200,1777977924000-632578958264631296-1478688867300147200,1777977924000,1777978388000,1,0.775,0.411,1.885644768856448
944590362620461056,1777986671000-632578958264631296-944590362620461056,1777986671000,1777987136000,1,0.774,0.173,4.473988439306359
927171595435245568,1777977537000-632578958264631296-927171595435245568,1777977537000,1777977910000,1,0.771,0.336,2.294642857142857
940245549137788928,1777963232000-632578958264631296-940245549137788928,1777963232000,1777963513000,1,0.771,0.267,2.887640449438202
1083727986517082112,1777946548000-632578958264631296-1083727986517082112,1777946548000,1777947392000,1,0.77,1.085,0.7096774193548387
1073664045493518336,1777980133000-632578958264631296-1073664045493518336,1777980133000,1777980673000,1,0.768,0.511,1.5029354207436398
1294704486559776768,1777990160000-632578958264631296-1294704486559776768,1777990160000,1777990616000,1,0.767,0.378,2.0291005291005293
942436996423352320,1777950811000-632578958264631296-942436996423352320,1777950811000,1777951320000,1,0.766,0.219,3.497716894977169
1131631502098956288,1777977827000-632578958264631296-1131631502098956288,1777977827000,1777978100000,1,0.762,0.25,3.048
1050781532765028352,1777951807000-632578958264631296-1050781532765028352,1777951807000,1777952174000,1,0.757,0.358,2.1145251396648046
1067767771279917056,1777968706000-632578958264631296-1067767771279917056,1777968706000,1777969847000,1,0.755,1.247,0.6054530874097834
1406229042385911808,1777943014000-632578958264631296-1406229042385911808,1777943014000,1777943593000,1,0.754,0.447,1.686800894854586
1065321017443876864,1777968853000-632578958264631296-1065321017443876864,1777968853000,1777969469000,1,0.75,0.175,4.285714285714286
1083728870357598208,1777993848000-632578958264631296-1083728870357598208,1777993848000,1777994431000,1,0.75,0.673,1.1144130757800892
942436996423352320,1777996013000-632578958264631296-942436996423352320,1777996013000,1777996305000,1,0.748,0.215,3.4790697674418607
635414692210147328,1777967110000-632578958264631296-635414692210147328,1777967110000,1777967848000,1,0.746,0.558,1.3369175627240142
1101524127430213632,1778000354000-632578958264631296-1101524127430213632,1778000354000,1778000743000,1,0.742,0.639,1.1611893583724568
635414692210147328,1777943738000-632578958264631296-635414692210147328,1777943738000,1777943952000,1,0.74,0.242,3.0578512396694215
942436996423352320,1777951668000-632578958264631296-942436996423352320,1777951668000,1777952256000,1,0.739,0.213,3.4694835680751175
1536432469593554944,1777960271000-632578958264631296-1536432469593554944,1777960271000,1777961198000,1,0.735,0.573,1.2827225130890054
1083728870357598208,1777993128000-632578958264631296-1083728870357598208,1777993128000,1777993802000,1,0.733,0.833,0.879951980792317
1045646397224779776,1777984062000-632578958264631296-1045646397224779776,1777984062000,1777984689000,1,0.731,0.629,1.162162162162162
1385304935976927232,1777989993000-632578958264631296-1385304935976927232,1777989993000,1777990502000,1,0.731,0.21,3.480952380952381
1536402078727929856,1777961938000-632578958264631296-1536402078727929856,1777961938000,1777962754000,1,0.731,0.582,1.2560137457044673
635414692210147328,1777946415000-632578958264631296-635414692210147328,1777946415000,1777947131000,1,0.731,0.714,1.0238095238095237
780451764301201408,1777945958000-632578958264631296-780451764301201408,1777945958000,1777946275000,1,0.73,0.313,2.3322683706070286
939139369715892224,1777944916000-632578958264631296-939139369715892224,1777944916000,1777945276000,1,0.729,1.178,0.6188455008488964
1083727772540469248,1777980114000-632578958264631296-1083727772540469248,1777980114000,1777980790000,1,0.726,0.9,0.8066666666666666
798236529196531712,1777955698000-632578958264631296-798236529196531712,1777955698000,1777955918000,1,0.723,0.414,1.7463768115942029
1385304935976927232,1778002921000-632578958264631296-1385304935976927232,1778002921000,1778003507000,1,0.718,0.659,1.0895295902883155
1083726423769743360,1777953898000-632578958264631296-1083726423769743360,1777953898000,1777954596000,1,0.715,0.891,0.802469135802469
952249131684855808,1777964881000-632578958264631296-952249131684855808,1777964881000,1777965210000,1,0.715,0.208,3.4375
1397607242391355392,1777993131000-632578958264631296-1397607242391355392,1777993131000,1777993556000,1,0.714,0.38,1.8789473684210525
1536014577374855168,1777989322000-632578958264631296-1536014577374855168,1777989322000,1777990471000,1,0.714,0.804,0.8880597014925372
1385588586753032192,1777962653000-632578958264631296-1385588586753032192,1777962653000,1777963023000,1,0.712,0.194,3.670103092783505
1406229042385911808,1777943694000-632578958264631296-1406229042385911808,1777943694000,1777943992000,1,0.71,0.244,2.9098360655737703
1536014589357981696,1777999521000-632578958264631296-1536014589357981696,1777999521000,1777999856000,1,0.709,0.379,1.8707124010554088
1536402078727929856,1777957814000-632578958264631296-1536402078727929856,1777957814000,1777958475000,1,0.709,0.583,1.216123499142367
1478688867300147200,1777975236000-632578958264631296-1478688867300147200,1777975236000,1777975758000,1,0.708,0.371,1.908355795148248
1065321017443876864,1777973307000-632578958264631296-1065321017443876864,1777973307000,1777973819000,1,0.705,0.269,2.620817843866171
878252193440858112,1777983736000-632578958264631296-878252193440858112,1777983736000,1777984074000,1,0.704,0.319,2.206896551724138
790970454885007360,1777967139000-632578958264631296-790970454885007360,1777967139000,1777967658000,1,0.701,0.496,1.4133064516129032
1065321017443876864,1777949815000-632578958264631296-1065321017443876864,1777949815000,1777950121000,1,0.698,0.134,5.208955223880596
902974583798235136,1777992941000-632578958264631296-902974583798235136,1777992941000,1777993287000,1,0.698,0.257,2.715953307392996
1060579746913452032,1777985547000-632578958264631296-1060579746913452032,1777985547000,1777986011000,1,0.697,0.534,1.3052434456928836
1536014517601828864,1777981469000-632578958264631296-1536014517601828864,1777981469000,1777982627000,1,0.697,1.225,0.5689795918367346
1536402078727929856,1777974640000-632578958264631296-1536402078727929856,1777974640000,1777975358000,1,0.697,0.912,0.7642543859649122
966356141711818752,1777949678000-632578958264631296-966356141711818752,1777949678000,1777950520000,1,0.696,1.199,0.5804837364470391
1536432469593554944,1777986314000-632578958264631296-1536432469593554944,1777986314000,1777986971000,1,0.69,0.558,1.236559139784946
942721856836730880,1777954243000-632578958264631296-942721856836730880,1777954243000,1777954498000,1,0.689,0.29,2.3758620689655174
1132636252537880576,1777968844000-632578958264631296-1132636252537880576,1777968844000,1777969024000,1,0.686,0.138,4.971014492753623
1141991039255445504,1777984352000-632578958264631296-1141991039255445504,1777984352000,1777984952000,1,0.685,0.634,1.080441640378549
1065321017443876864,1777974402000-632578958264631296-1065321017443876864,1777974402000,1777975235000,1,0.684,0.294,2.3265306122448983
1050781532765028352,1777968674000-632578958264631296-1050781532765028352,1777968674000,1777969029000,1,0.683,0.204,3.348039215686275
1067776270814674944,1777941139000-632578958264631296-1067776270814674944,1777941139000,1777941568000,1,0.683,0.536,1.2742537313432836
792451146961649664,1777937305000-632578958264631296-792451146961649664,1777937305000,1777937746000,1,0.683,0.49,1.3938775510204082
1067765309810671616,1777987500000-632578958264631296-1067765309810671616,1777987500000,1777989151000,1,0.681,1.714,0.39731621936989503
1477689128190476288,1777955406000-632578958264631296-1477689128190476288,1777955406000,1777955711000,1,0.675,0.144,4.687500000000001
947094374120947712,1778001385000-632578958264631296-947094374120947712,1778001385000,1778001692000,1,0.672,0.177,3.796610169491526
1277220593376165888,1777951238000-632578958264631296-1277220593376165888,1777951238000,1777951455000,1,0.668,0.347,1.9250720461095103
1536427445069021184,1777976000000-632578958264631296-1536427445069021184,1777976000000,1777976457000,1,0.666,0.676,0.985207100591716
1073663863301341184,1777962182000-632578958264631296-1073663863301341184,1777962182000,1777962548000,1,0.664,0.182,3.6483516483516487
1385304935976927232,1777951458000-632578958264631296-1385304935976927232,1777951458000,1777951995000,1,0.664,0.497,1.336016096579477
915980150607183872,1777961742000-632578958264631296-915980150607183872,1777961742000,1777962060000,1,0.654,0.283,2.3109540636042407
800734942576246784,1777953436000-632578958264631296-800734942576246784,1777953436000,1777953592000,1,0.652,0.267,2.441947565543071
946032945880104960,1777980632000-632578958264631296-946032945880104960,1777980632000,1777981193000,1,0.652,0.264,2.4696969696969697
780059706918961152,1777953436000-632578958264631296-780059706918961152,1777953436000,1777953589000,1,0.65,0.212,3.066037735849057
1477629515881512960,1777949047000-632578958264631296-1477629515881512960,1777949047000,1777949548000,1,0.649,0.523,1.2409177820267687
940246634145513472,1777981494000-632578958264631296-940246634145513472,1777981494000,1777982207000,1,0.648,0.602,1.0764119601328905
1188144161019133952,1777958355000-632578958264631296-1188144161019133952,1777958355000,1777958825000,1,0.646,0.132,4.893939393939394
1083726789898928128,1777944801000-632578958264631296-1083726789898928128,1777944801000,1777944943000,1,0.645,0.119,5.420168067226891
1083019060351860736,1777969273000-632578958264631296-1083019060351860736,1777969273000,1777969814000,1,0.64,0.81,0.7901234567901234
1083726613264203776,1777946436000-632578958264631296-1083726613264203776,1777946436000,1777946811000,1,0.64,0.415,1.5421686746987953
792451146961649664,1777987900000-632578958264631296-792451146961649664,1777987900000,1777988329000,1,0.639,0.474,1.3481012658227849
1268615116379652096,1777970875000-632578958264631296-1268615116379652096,1777970875000,1777971458000,1,0.637,0.834,0.7637889688249401
1536014577374855168,1777990644000-632578958264631296-1536014577374855168,1777990644000,1777991081000,1,0.636,0.363,1.7520661157024795
1067764585097854976,1777988393000-632578958264631296-1067764585097854976,1777988393000,1777988976000,1,0.632,0.738,0.8563685636856369
1083726613264203776,1777939201000-632578958264631296-1083726613264203776,1777939201000,1777939592000,1,0.631,0.453,1.3929359823399559
1070378226594873344,1777977326000-632578958264631296-1070378226594873344,1777977326000,1777977828000,1,0.63,0.285,2.210526315789474
1067765309810671616,1777959027000-632578958264631296-1067765309810671616,1777959027000,1777960094000,1,0.628,1.334,0.4707646176911544
1065321017443876864,1777980358000-632578958264631296-1065321017443876864,1777980358000,1777980939000,1,0.625,0.592,1.0557432432432432
1363836271826305024,1777923937000-632578958264631296-1363836271826305024,1777923937000,1777924718000,1,0.625,0.586,1.0665529010238908
1535695002116554752,1777996936000-632578958264631296-1535695002116554752,1777996936000,1777998223000,1,0.624,0.457,1.3654266958424508
970288452387995648,1777949578000-632578958264631296-970288452387995648,1777949578000,1777949754000,1,0.624,0.329,1.8966565349544071
1063501597117513728,1777967149000-632578958264631296-1063501597117513728,1777967149000,1777967436000,1,0.623,0.131,4.755725190839694
1067776270814674944,1777954682000-632578958264631296-1067776270814674944,1777954682000,1777955077000,1,0.622,0.752,0.8271276595744681
876044057397166080,1778005704000-632578958264631296-876044057397166080,1778005704000,1778006124000,1,0.619,0.785,0.7885350318471337
931938125880492032,1777972641000-632578958264631296-931938125880492032,1777972641000,1777974015000,1,0.619,1.569,0.39451880178457616
1385304935976927232,1778003564000-632578958264631296-1385304935976927232,1778003564000,1778003983000,1,0.618,0.494,1.2510121457489878
1350071704793120768,1777976051000-632578958264631296-1350071704793120768,1777976051000,1777976651000,1,0.617,0.629,0.9809220985691574
951563481520275456,1778000512000-632578958264631296-951563481520275456,1778000512000,1778000693000,1,0.616,0.184,3.347826086956522
939548220361539584,1777981513000-632578958264631296-939548220361539584,1777981513000,1777983339000,1,0.614,1.902,0.3228180862250263
1536427445069021184,1777958795000-632578958264631296-1536427445069021184,1777958795000,1777959541000,1,0.612,0.71,0.8619718309859156
1083727772540469248,1777969825000-632578958264631296-1083727772540469248,1777969825000,1777970918000,1,0.609,1.511,0.40304434149569823
1142833661045899264,1777969521000-632578958264631296-1142833661045899264,1777969521000,1777970874000,1,0.609,1.299,0.46882217090069284
1176582451024101376,1778000254000-632578958264631296-1176582451024101376,1778000254000,1778001598000,1,0.607,1.64,0.3701219512195122
1050781532765028352,1777969068000-632578958264631296-1050781532765028352,1777969068000,1777969398000,1,0.605,0.209,2.8947368421052633
1176582451024101376,1777956575000-632578958264631296-1176582451024101376,1777956575000,1777957641000,1,0.605,1.359,0.4451802796173657
1120316481867874304,1777968051000-632578958264631296-1120316481867874304,1777968051000,1777968209000,1,0.604,0.179,3.374301675977654
1363836271826305024,1777937406000-632578958264631296-1363836271826305024,1777937406000,1777938280000,1,0.604,1.038,0.581888246628131
1073663863301341184,1777943352000-632578958264631296-1073663863301341184,1777943352000,1777944015000,1,0.602,0.533,1.1294559099437147
870575606247456768,1777960411000-632578958264631296-870575606247456768,1777960411000,1777960822000,1,0.599,0.493,1.2150101419878296
1127222273418199040,1777984779000-632578958264631296-1127222273418199040,1777984779000,1777984916000,1,0.592,0.502,1.1792828685258963
1083727986517082112,1777936797000-632578958264631296-1083727986517082112,1777936797000,1777937089000,1,0.588,0.523,1.1242829827915868
1079095062366781440,1777972017000-632578958264631296-1079095062366781440,1777972017000,1777972389000,1,0.586,0.293,2.0
1396881382210273280,1777998543000-632578958264631296-1396881382210273280,1777998543000,1777999320000,1,0.586,0.667,0.8785607196401798
873109579045535744,1777989101000-632578958264631296-873109579045535744,1777989101000,1777989998000,1,0.585,0.988,0.5921052631578947
1536014535985463296,1777936409000-632578958264631296-1536014535985463296,1777936409000,1777936767000,1,0.584,0.474,1.2320675105485233
780067386190462976,1777982395000-632578958264631296-780067386190462976,1777982395000,1777982707000,1,0.576,0.29,1.986206896551724
877447351826907136,1777964473000-632578958264631296-877447351826907136,1777964473000,1777964782000,1,0.576,0.378,1.5238095238095237
1536014550107684864,1777923147000-632578958264631296-1536014550107684864,1777923147000,1777923644000,1,0.575,0.678,0.8480825958702064
1536432469593554944,1777985245000-632578958264631296-1536432469593554944,1777985245000,1777986223000,1,0.574,0.775,0.7406451612903225
1073277847704961024,1777985049000-632578958264631296-1073277847704961024,1777985049000,1777985648000,1,0.573,0.391,1.465473145780051
1268615116379652096,1777972037000-632578958264631296-1268615116379652096,1777972037000,1777972426000,1,0.572,0.571,1.001751313485114
1363836271826305024,1777927546000-632578958264631296-1363836271826305024,1777927546000,1777928028000,1,0.569,0.462,1.2316017316017314
862693652038680576,1777958861000-632578958264631296-862693652038680576,1777958861000,1777959069000,1,0.568,0.392,1.4489795918367345
1083728870357598208,1777942524000-632578958264631296-1083728870357598208,1777942524000,1777943196000,1,0.567,0.922,0.6149674620390455
902974583798235136,1777990714000-632578958264631296-902974583798235136,1777990714000,1777990856000,1,0.567,0.223,2.542600896860986
1385588586753032192,1777963966000-632578958264631296-1385588586753032192,1777963966000,1777964726000,1,0.566,0.447,1.2662192393736016
1083726887294861312,1777959219000-632578958264631296-1083726887294861312,1777959219000,1777959777000,1,0.565,0.704,0.8025568181818181
1050766698002513920,1777997049000-632578958264631296-1050766698002513920,1777997049000,1777997477000,1,0.564,0.28,2.014285714285714
1050035879038418944,1777978559000-632578958264631296-1050035879038418944,1777978559000,1777978902000,1,0.557,0.287,1.9407665505226483
1083727986517082112,1777922358000-632578958264631296-1083727986517082112,1777922358000,1777922650000,1,0.557,0.43,1.2953488372093025
1050781532765028352,1777965309000-632578958264631296-1050781532765028352,1777965309000,1777965861000,1,0.551,0.28,1.9678571428571427
1073663863301341184,1777957608000-632578958264631296-1073663863301341184,1777957608000,1777958883000,1,0.547,0.978,0.5593047034764826
1294723291725955072,1777993502000-632578958264631296-1294723291725955072,1777993502000,1777993820000,1,0.546,0.232,2.353448275862069
790193276584984576,1777978926000-632578958264631296-790193276584984576,1777978926000,1777979271000,1,0.546,0.457,1.1947483588621444
1294704486559776768,1777999858000-632578958264631296-1294704486559776768,1777999858000,1778000251000,1,0.541,0.267,2.0262172284644193
1536402078727929856,1777958548000-632578958264631296-1536402078727929856,1777958548000,1777959144000,1,0.539,0.356,1.5140449438202248
861290333428776960,1777988913000-632578958264631296-861290333428776960,1777988913000,1777989604000,1,0.539,0.944,0.5709745762711865
1056588446363025408,1777977217000-632578958264631296-1056588446363025408,1777977217000,1777978299000,1,0.538,0.4,1.345
1536402078727929856,1777967588000-632578958264631296-1536402078727929856,1777967588000,1777968398000,1,0.538,0.758,0.7097625329815304
1073663863301341184,1777961102000-632578958264631296-1073663863301341184,1777961102000,1777961467000,1,0.531,0.308,1.7240259740259742
1176582451024101376,1777998493000-632578958264631296-1176582451024101376,1777998493000,1777999161000,1,0.531,0.977,0.5435005117707268
1385588586753032192,1778002364000-632578958264631296-1385588586753032192,1778002364000,1778002612000,1,0.53,0.214,2.476635514018692
797458881650360320,1777967153000-632578958264631296-797458881650360320,1777967153000,1777967640000,1,0.53,0.484,1.0950413223140496
944590362620461056,1777987236000-632578958264631296-944590362620461056,1777987236000,1777987541000,1,0.529,0.169,3.130177514792899
803716121332023296,1777965524000-632578958264631296-803716121332023296,1777965524000,1777965869000,1,0.528,0.324,1.6296296296296298
944590362620461056,1777988096000-632578958264631296-944590362620461056,1777988096000,1777988564000,1,0.528,0.193,2.7357512953367875
780067386190462976,1777997422000-632578958264631296-780067386190462976,1777997422000,1777997540000,1,0.527,0.157,3.356687898089172
870309644059279360,1777927057000-632578958264631296-870309644059279360,1777927057000,1777927701000,1,0.526,0.698,0.7535816618911175
1067776270814674944,1777939282000-632578958264631296-1067776270814674944,1777939282000,1777939890000,1,0.525,0.477,1.1006289308176103
1294723291725955072,1777994131000-632578958264631296-1294723291725955072,1777994131000,1777994502000,1,0.524,0.603,0.8689883913764511
961239466377216000,1777994518000-632578958264631296-961239466377216000,1777994518000,1777994866000,1,0.524,0.237,2.210970464135021
800361869549240320,1777967842000-632578958264631296-800361869549240320,1777967842000,1777968547000,1,0.522,0.429,1.2167832167832169
1500484476822618112,1777957419000-632578958264631296-1500484476822618112,1777957419000,1777957899000,1,0.521,0.594,0.8771043771043772
1073966174624022528,1777931135000-632578958264631296-1073966174624022528,1777931135000,1777931992000,1,0.516,0.098,5.26530612244898
942436996423352320,1777958086000-632578958264631296-942436996423352320,1777958086000,1777958440000,1,0.515,0.158,3.259493670886076
1176582451024101376,1777958542000-632578958264631296-1176582451024101376,1777958542000,1777958897000,1,0.514,0.462,1.1125541125541125
821719550704746496,1777983127000-632578958264631296-821719550704746496,1777983127000,1777983341000,1,0.506,0.3,1.6866666666666668
1385304935976927232,1777952155000-632578958264631296-1385304935976927232,1777952155000,1777952510000,1,0.505,0.559,0.9033989266547405
1079095062366781440,1777990780000-632578958264631296-1079095062366781440,1777990780000,1777991027000,1,0.5,0.512,0.9765625
1294704486559776768,1777989234000-632578958264631296-1294704486559776768,1777989234000,1777990088000,1,0.5,0.563,0.8880994671403198
1464260641047969792,1777960597000-632578958264631296-1464260641047969792,1777960597000,1777960761000,1,0.5,0.187,2.6737967914438503
1050766698002513920,1777991185000-632578958264631296-1050766698002513920,1777991185000,1777991571000,1,0.498,0.226,2.2035398230088497
943818921138454528,1777941946000-632578958264631296-943818921138454528,1777941946000,1777942054000,1,0.497,0.18,2.761111111111111
1385305434218299392,1777942348000-632578958264631296-1385305434218299392,1777942348000,1777942545000,1,0.496,0.418,1.186602870813397
800361869549240320,1777989968000-632578958264631296-800361869549240320,1777989968000,1777990206000,1,0.494,0.187,2.641711229946524
869903934959910912,1777959322000-632578958264631296-869903934959910912,1777959322000,1777960047000,1,0.494,0.856,0.5771028037383178
1536432469593554944,1777948698000-632578958264631296-1536432469593554944,1777948698000,1777949208000,1,0.493,0.325,1.5169230769230768
1363836271826305024,1777926507000-632578958264631296-1363836271826305024,1777926507000,1777927089000,1,0.492,0.532,0.9248120300751879
928334310946111488,1777975031000-632578958264631296-928334310946111488,1777975031000,1777976157000,1,0.492,0.856,0.5747663551401869
1050766698002513920,1777996541000-632578958264631296-1050766698002513920,1777996541000,1777996975000,1,0.486,0.244,1.9918032786885247
1526262198169501696,1777982545000-632578958264631296-1526262198169501696,1777982545000,1777984212000,1,0.484,1.091,0.44362969752520626
902974583798235136,1777992634000-632578958264631296-902974583798235136,1777992634000,1777992777000,1,0.484,0.166,2.9156626506024095
1067767771279917056,1777960833000-632578958264631296-1067767771279917056,1777960833000,1777961382000,1,0.483,0.604,0.7996688741721855
1111626569580806144,1778002939000-632578958264631296-1111626569580806144,1778002939000,1778003256000,1,0.483,0.318,1.5188679245283019
970285003134992384,1777990785000-632578958264631296-970285003134992384,1777990785000,1777991158000,1,0.482,0.282,1.7092198581560285
1023491297677148160,1777973560000-632578958264631296-1023491297677148160,1777973560000,1777974004000,1,0.481,0.439,1.0956719817767653
1049341310072258560,1777977498000-632578958264631296-1049341310072258560,1777977498000,1777977699000,1,0.481,0.213,2.2582159624413145
1083727593376579584,1777949069000-632578958264631296-1083727593376579584,1777949069000,1777949791000,1,0.48,0.963,0.4984423676012461
929731076446748672,1777968205000-632578958264631296-929731076446748672,1777968205000,1777969541000,1,0.476,0.76,0.6263157894736842
1073966174624022528,1777920725000-632578958264631296-1073966174624022528,1777920725000,1777921349000,1,0.475,0.386,1.2305699481865284
939139369715892224,1777944146000-632578958264631296-939139369715892224,1777944146000,1777944501000,1,0.472,0.702,0.6723646723646723
1152269748554170368,1777954180000-632578958264631296-1152269748554170368,1777954180000,1777954475000,1,0.47,0.293,1.6040955631399318
1471164933021368320,1777965359000-632578958264631296-1471164933021368320,1777965359000,1777965685000,1,0.47,0.264,1.78030303030303
1083727048683290624,1777968579000-632578958264631296-1083727048683290624,1777968579000,1777968798000,1,0.467,0.309,1.511326860841424
790970454885007360,1777994649000-632578958264631296-790970454885007360,1777994649000,1777994794000,1,0.466,0.101,4.6138613861386135
1073277847704961024,1777957308000-632578958264631296-1073277847704961024,1777957308000,1777957849000,1,0.462,0.335,1.3791044776119403
1125482414773108736,1777977261000-632578958264631296-1125482414773108736,1777977261000,1777977505000,1,0.46,0.266,1.7293233082706767
944574346884546560,1777972376000-632578958264631296-944574346884546560,1777972376000,1777972758000,1,0.458,0.145,3.158620689655173
1050781532765028352,1777957731000-632578958264631296-1050781532765028352,1777957731000,1777958229000,1,0.456,0.334,1.3652694610778442
1094584670655348736,1777985451000-632578958264631296-1094584670655348736,1777985451000,1777985780000,1,0.453,0.319,1.4200626959247649
961239466377216000,1777995314000-632578958264631296-961239466377216000,1777995314000,1777995590000,1,0.452,0.209,2.1626794258373208
1047649870816477184,1777999046000-632578958264631296-1047649870816477184,1777999046000,1777999139000,1,0.446,0.281,1.587188612099644
1083726740557135872,1777958255000-632578958264631296-1083726740557135872,1777958255000,1777958633000,1,0.445,0.474,0.938818565400844
870568761881526272,1777946385000-632578958264631296-870568761881526272,1777946385000,1777946916000,1,0.445,0.656,0.6783536585365854
1112389405491855360,1777946456000-632578958264631296-1112389405491855360,1777946456000,1777946935000,1,0.443,0.391,1.132992327365729
1176582451024101376,1777955504000-632578958264631296-1176582451024101376,1777955504000,1777956047000,1,0.443,0.735,0.6027210884353742
1141991039255445504,1777985620000-632578958264631296-1141991039255445504,1777985620000,1777985912000,1,0.442,0.334,1.3233532934131735
970285003134992384,1777926190000-632578958264631296-970285003134992384,1777926190000,1777926525000,1,0.439,0.327,1.3425076452599387
1067765247101632512,1777958767000-632578958264631296-1067765247101632512,1777958767000,1777959448000,1,0.438,0.79,0.5544303797468354
1536014570613637120,1777985125000-632578958264631296-1536014570613637120,1777985125000,1777985571000,1,0.437,0.374,1.1684491978609626
1071826388769570816,1777983191000-632578958264631296-1071826388769570816,1777983191000,1777983486000,1,0.435,0.325,1.3384615384615384
1120316662394912768,1777970784000-632578958264631296-1120316662394912768,1777970784000,1777971461000,1,0.435,0.643,0.67651632970451
1471165285556813824,1777958112000-632578958264631296-1471165285556813824,1777958112000,1777958508000,1,0.435,0.329,1.3221884498480243
1067765247101632512,1777963694000-632578958264631296-1067765247101632512,1777963694000,1777964001000,1,0.434,0.331,1.311178247734139
1083726613264203776,1777984755000-632578958264631296-1083726613264203776,1777984755000,1777985109000,1,0.434,0.495,0.8767676767676768
821719550704746496,1777967368000-632578958264631296-821719550704746496,1777967368000,1777967728000,1,0.433,0.266,1.6278195488721803
906488270454521856,1777975228000-632578958264631296-906488270454521856,1777975228000,1777976260000,1,0.433,0.498,0.8694779116465864
1536014535985463296,1777986826000-632578958264631296-1536014535985463296,1777986826000,1777987010000,1,0.432,0.338,1.2781065088757395
1101524127430213632,1777955251000-632578958264631296-1101524127430213632,1777955251000,1777955426000,1,0.429,0.366,1.1721311475409837
1477629515881512960,1777952777000-632578958264631296-1477629515881512960,1777952777000,1777953173000,1,0.429,0.555,0.7729729729729728
863411203819438080,1777989895000-632578958264631296-863411203819438080,1777989895000,1777990740000,1,0.429,0.675,0.6355555555555555
877447567619653632,1777958507000-632578958264631296-877447567619653632,1777958507000,1777958606000,1,0.429,0.416,1.03125
1083727986517082112,1777922833000-632578958264631296-1083727986517082112,1777922833000,1777923210000,1,0.428,0.467,0.9164882226980727
1097510484225032192,1777973381000-632578958264631296-1097510484225032192,1777973381000,1777973920000,1,0.427,0.236,1.8093220338983051
1422205727123963904,1777976830000-632578958264631296-1422205727123963904,1777976830000,1777977106000,1,0.426,0.157,2.713375796178344
1060533930890887168,1777969845000-632578958264631296-1060533930890887168,1777969845000,1777970104000,1,0.424,0.552,0.7681159420289855
929731076446748672,1777978646000-632578958264631296-929731076446748672,1777978646000,1777978875000,1,0.423,0.305,1.3868852459016394
1385304935976927232,1777967055000-632578958264631296-1385304935976927232,1777967055000,1777967582000,1,0.422,0.267,1.5805243445692883
1396881382210273280,1777995050000-632578958264631296-1396881382210273280,1777995050000,1777995508000,1,0.422,0.368,1.1467391304347825
1504892206538817536,1777953124000-632578958264631296-1504892206538817536,1777953124000,1777954142000,1,0.422,0.965,0.43730569948186526
1060579746913452032,1777979798000-632578958264631296-1060579746913452032,1777979798000,1777980187000,1,0.421,0.142,2.9647887323943665
970285003134992384,1777978560000-632578958264631296-970285003134992384,1777978560000,1777978922000,1,0.421,0.38,1.1078947368421053
1083727986517082112,1777944494000-632578958264631296-1083727986517082112,1777944494000,1777945042000,1,0.42,0.752,0.5585106382978723
780109531760820224,1777945489000-632578958264631296-780109531760820224,1777945489000,1777946248000,1,0.42,0.5,0.84
1083726613264203776,1777945137000-632578958264631296-1083726613264203776,1777945137000,1777945838000,1,0.419,0.648,0.6466049382716049
1176582451024101376,1777977599000-632578958264631296-1176582451024101376,1777977599000,1777978079000,1,0.417,0.612,0.6813725490196079
1312806942439112704,1777970191000-632578958264631296-1312806942439112704,1777970191000,1777970472000,1,0.416,0.253,1.6442687747035571
1396881382210273280,1777990896000-632578958264631296-1396881382210273280,1777990896000,1777991715000,1,0.415,0.678,0.6120943952802359
1050781532765028352,1777962718000-632578958264631296-1050781532765028352,1777962718000,1777962957000,1,0.414,0.183,2.262295081967213
1141991039255445504,1777989327000-632578958264631296-1141991039255445504,1777989327000,1777989604000,1,0.413,0.32,1.290625
1536014535985463296,1777946784000-632578958264631296-1536014535985463296,1777946784000,1777947258000,1,0.413,0.583,0.7084048027444254
821719550704746496,1777984156000-632578958264631296-821719550704746496,1777984156000,1777984565000,1,0.413,0.398,1.0376884422110553
1091761897729949696,1777978137000-632578958264631296-1091761897729949696,1777978137000,1777979027000,1,0.411,0.541,0.7597042513863216
1464286677953413120,1777939661000-632578958264631296-1464286677953413120,1777939661000,1777939901000,1,0.411,0.496,0.8286290322580645
1083727144086929408,1777965968000-632578958264631296-1083727144086929408,1777965968000,1777966157000,1,0.409,0.333,1.2282282282282282
938815406225752064,1777966075000-632578958264631296-938815406225752064,1777966075000,1777968587000,1,0.409,0.088,4.6477272727272725
1209168031477923840,1777951090000-632578958264631296-1209168031477923840,1777951090000,1777951689000,1,0.408,0.766,0.5326370757180157
800734942576246784,1777955779000-632578958264631296-800734942576246784,1777955779000,1777956279000,1,0.408,0.385,1.0597402597402596
966356141711818752,1777961282000-632578958264631296-966356141711818752,1777961282000,1777961618000,1,0.404,0.396,1.02020202020202
1109445504082640896,1777993055000-632578958264631296-1109445504082640896,1777993055000,1777993413000,1,0.403,0.433,0.9307159353348731
1050766698002513920,1777996223000-632578958264631296-1050766698002513920,1777996223000,1777996518000,1,0.401,0.254,1.578740157480315
1067765247101632512,1777957325000-632578958264631296-1067765247101632512,1777957325000,1777957613000,1,0.401,0.326,1.2300613496932515
1389244082743672832,1777958897000-632578958264631296-1389244082743672832,1777958897000,1777959202000,1,0.4,0.147,2.72108843537415
1061351650800697344,1778003651000-632578958264631296-1061351650800697344,1778003651000,1778003905000,1,0.398,0.364,1.0934065934065935
870309644059279360,1777947751000-632578958264631296-870309644059279360,1777947751000,1777947956000,1,0.396,0.207,1.9130434782608698
1176184196838719488,1777959204000-632578958264631296-1176184196838719488,1777959204000,1777959366000,1,0.395,0.112,3.5267857142857144
1286311379313098752,1777959721000-632578958264631296-1286311379313098752,1777959721000,1777960503000,1,0.395,0.884,0.4468325791855204
946032945880104960,1777981392000-632578958264631296-946032945880104960,1777981392000,1777981721000,1,0.395,0.136,2.9044117647058822
932302785804763136,1777992624000-632578958264631296-932302785804763136,1777992624000,1777994104000,1,0.394,0.917,0.4296619411123228
944591832124227584,1777949850000-632578958264631296-944591832124227584,1777949850000,1777950012000,1,0.392,0.219,1.7899543378995435
1041007225465733120,1777983456000-632578958264631296-1041007225465733120,1777983456000,1777984083000,1,0.389,0.398,0.9773869346733668
1082303861131051008,1778000966000-632578958264631296-1082303861131051008,1778000966000,1778001518000,1,0.388,0.73,0.5315068493150685
1536432469593554944,1777959011000-632578958264631296-1536432469593554944,1777959011000,1777959897000,1,0.388,0.627,0.6188197767145136
926866983197081600,1777980124000-632578958264631296-926866983197081600,1777980124000,1777980422000,1,0.387,0.311,1.2443729903536977
1073277847704961024,1777977788000-632578958264631296-1073277847704961024,1777977788000,1777977902000,1,0.381,0.169,2.254437869822485
1109445504082640896,1777991117000-632578958264631296-1109445504082640896,1777991117000,1777991673000,1,0.38,0.643,0.5909797822706065
1428033112889098240,1777952743000-632578958264631296-1428033112889098240,1777952743000,1777953664000,1,0.38,0.564,0.673758865248227
1479440816106635264,1777954136000-632578958264631296-1479440816106635264,1777954136000,1777954869000,1,0.38,0.482,0.7883817427385893
1479447378401427456,1777995449000-632578958264631296-1479447378401427456,1777995449000,1777997359000,1,0.38,0.948,0.40084388185654013
1045015172411817984,1777959870000-632578958264631296-1045015172411817984,1777959870000,1777960560000,1,0.379,0.699,0.542203147353362
786545248472924160,1777953215000-632578958264631296-786545248472924160,1777953215000,1777953906000,1,0.379,0.507,0.747534516765286
1083726423769743360,1777969808000-632578958264631296-1083726423769743360,1777969808000,1777970044000,1,0.376,0.23,1.634782608695652
1385304935976927232,1777995639000-632578958264631296-1385304935976927232,1777995639000,1777996110000,1,0.376,0.472,0.7966101694915255
1535695002116554752,1778004976000-632578958264631296-1535695002116554752,1778004976000,1778005877000,1,0.376,0.705,0.5333333333333333
1065321017443876864,1777968385000-632578958264631296-1065321017443876864,1777968385000,1777968795000,1,0.375,0.156,2.4038461538461537
927171595435245568,1777967813000-632578958264631296-927171595435245568,1777967813000,1777968131000,1,0.375,0.455,0.8241758241758241
928334310946111488,1777982958000-632578958264631296-928334310946111488,1777982958000,1777983254000,1,0.375,0.211,1.7772511848341233
964169792938311680,1777946429000-632578958264631296-964169792938311680,1777946429000,1777946663000,1,0.375,0.112,3.3482142857142856
1422205727123963904,1777960296000-632578958264631296-1422205727123963904,1777960296000,1777960943000,1,0.374,0.387,0.9664082687338501
1183367596062277632,1777994956000-632578958264631296-1183367596062277632,1777994956000,1777995367000,1,0.372,0.387,0.9612403100775193
1132636252537880576,1777944803000-632578958264631296-1132636252537880576,1777944803000,1777945072000,1,0.371,0.204,1.8186274509803924
966356141711818752,1777950827000-632578958264631296-966356141711818752,1777950827000,1777951083000,1,0.371,0.284,1.3063380281690142
947094374120947712,1777963647000-632578958264631296-947094374120947712,1777963647000,1777964140000,1,0.369,0.264,1.3977272727272727
1093476797997121536,1777965437000-632578958264631296-1093476797997121536,1777965437000,1777965647000,1,0.366,0.2,1.8299999999999998
1060579746913452032,1777986910000-632578958264631296-1060579746913452032,1777986910000,1777987338000,1,0.365,0.421,0.8669833729216152
1135541524696662016,1777962945000-632578958264631296-1135541524696662016,1777962945000,1777963652000,1,0.365,0.78,0.4679487179487179
1397607641592627200,1777968792000-632578958264631296-1397607641592627200,1777968792000,1777969327000,1,0.365,0.44,0.8295454545454545
1082303861131051008,1778001824000-632578958264631296-1082303861131051008,1778001824000,1778002113000,1,0.364,0.326,1.116564417177914
943856131652976640,1777966050000-632578958264631296-943856131652976640,1777966050000,1777966327000,1,0.363,0.238,1.5252100840336136
1091761897729949696,1777984802000-632578958264631296-1091761897729949696,1777984802000,1777985044000,1,0.359,0.251,1.4302788844621512
942721856836730880,1777953126000-632578958264631296-942721856836730880,1777953126000,1777954137000,1,0.358,0.464,0.7715517241379309
1050441880044568576,1777958091000-632578958264631296-1050441880044568576,1777958091000,1777959352000,1,0.357,0.87,0.4103448275862069
1073277847704961024,1777963341000-632578958264631296-1073277847704961024,1777963341000,1777964062000,1,0.357,0.208,1.7163461538461537
1067771070980816896,1777961154000-632578958264631296-1067771070980816896,1777961154000,1777961984000,1,0.355,0.324,1.095679012345679
876044057397166080,1777996102000-632578958264631296-876044057397166080,1777996102000,1777996414000,1,0.355,0.364,0.9752747252747253
1067776270814674944,1777940215000-632578958264631296-1067776270814674944,1777940215000,1777940500000,1,0.353,0.359,0.9832869080779945
1385304935976927232,1777967842000-632578958264631296-1385304935976927232,1777967842000,1777968081000,1,0.352,0.161,2.1863354037267078
1536014609964597248,1777960396000-632578958264631296-1536014609964597248,1777960396000,1777960664000,1,0.352,0.243,1.4485596707818928
877447467317067776,1777968809000-632578958264631296-877447467317067776,1777968809000,1777969102000,1,0.352,0.343,1.0262390670553934
780059706918961152,1777955052000-632578958264631296-780059706918961152,1777955052000,1777955284000,1,0.351,0.233,1.5064377682403431
947102733284933632,1777973759000-632578958264631296-947102733284933632,1777973759000,1777973852000,1,0.351,0.102,3.4411764705882355
1112389405491855360,1777928027000-632578958264631296-1112389405491855360,1777928027000,1777928306000,1,0.35,0.276,1.2681159420289854
821719550704746496,1777971942000-632578958264631296-821719550704746496,1777971942000,1777972129000,1,0.35,0.172,2.0348837209302326
951559578305167360,1777974208000-632578958264631296-951559578305167360,1777974208000,1777974732000,1,0.35,0.419,0.8353221957040573
780067386190462976,1777995548000-632578958264631296-780067386190462976,1777995548000,1777996633000,1,0.348,0.583,0.5969125214408233
1050781532765028352,1777984839000-632578958264631296-1050781532765028352,1777984839000,1777985384000,1,0.347,0.299,1.160535117056856
970285003134992384,1777927292000-632578958264631296-970285003134992384,1777927292000,1777927537000,1,0.347,0.327,1.0611620795107033
970285003134992384,1777929752000-632578958264631296-970285003134992384,1777929752000,1777930707000,1,0.347,0.759,0.4571805006587615
1050781532765028352,1777986425000-632578958264631296-1050781532765028352,1777986425000,1777986755000,1,0.345,0.169,2.041420118343195
1134877765846171648,1777936322000-632578958264631296-1134877765846171648,1777936322000,1777936712000,1,0.345,0.482,0.7157676348547718
1073277847704961024,1778002119000-632578958264631296-1073277847704961024,1778002119000,1778002304000,1,0.344,0.242,1.421487603305785
1396881382210273280,1777997775000-632578958264631296-1396881382210273280,1777997775000,1777998444000,1,0.344,0.482,0.7136929460580913
927171595435245568,1777952979000-632578958264631296-927171595435245568,1777952979000,1777953377000,1,0.344,0.135,2.548148148148148
1067775012183736320,1777964896000-632578958264631296-1067775012183736320,1777964896000,1777965573000,1,0.342,0.454,0.7533039647577093
1083726423769743360,1777969505000-632578958264631296-1083726423769743360,1777969505000,1777969784000,1,0.342,0.331,1.0332326283987916
1545824482457812992,1777927983000-632578958264631296-1545824482457812992,1777927983000,1777928470000,1,0.341,0.55,0.62
1056588446363025408,1777990215000-632578958264631296-1056588446363025408,1777990215000,1777991481000,1,0.34,0.431,0.7888631090487239
1536014550107684864,1777950878000-632578958264631296-1536014550107684864,1777950878000,1777951213000,1,0.34,0.357,0.9523809523809524
939548220361539584,1777975361000-632578958264631296-939548220361539584,1777975361000,1777975811000,1,0.34,0.501,0.6786427145708583
943461119844941824,1777966656000-632578958264631296-943461119844941824,1777966656000,1777966952000,1,0.339,0.579,0.5854922279792747
961239466377216000,1777980928000-632578958264631296-961239466377216000,1777980928000,1777981110000,1,0.339,0.108,3.1388888888888893
1132635709874634752,1777952196000-632578958264631296-1132635709874634752,1777952196000,1777952463000,1,0.337,0.248,1.3588709677419355
1083726476706054144,1777998840000-632578958264631296-1083726476706054144,1777998840000,1777999544000,1,0.336,0.902,0.37250554323725055
786545248472924160,1777963647000-632578958264631296-786545248472924160,1777963647000,1777963866000,1,0.334,0.205,1.629268292682927
932302785804763136,1777981146000-632578958264631296-932302785804763136,1777981146000,1777981398000,1,0.334,0.191,1.74869109947644
1361380561528029184,1777996327000-632578958264631296-1361380561528029184,1777996327000,1777996778000,1,0.332,0.393,0.8447837150127226
1385589109656911872,1777976226000-632578958264631296-1385589109656911872,1777976226000,1777976563000,1,0.332,0.373,0.8900804289544236
893821287409909760,1777978902000-632578958264631296-893821287409909760,1777978902000,1777979069000,1,0.332,0.098,3.3877551020408165
1050037109068398592,1777993463000-632578958264631296-1050037109068398592,1777993463000,1777993732000,1,0.33,0.119,2.7731092436974794
1397607641592627200,1777969386000-632578958264631296-1397607641592627200,1777969386000,1777969597000,1,0.328,0.45,0.7288888888888889
1060533930890887168,1777966266000-632578958264631296-1060533930890887168,1777966266000,1777966464000,1,0.326,0.611,0.5335515548281506
1188144161019133952,1777954940000-632578958264631296-1188144161019133952,1777954940000,1777955693000,1,0.326,0.067,4.865671641791045
1363836271826305024,1777929767000-632578958264631296-1363836271826305024,1777929767000,1777930126000,1,0.325,0.349,0.9312320916905446
1545823852121030656,1777988622000-632578958264631296-1545823852121030656,1777988622000,1777988899000,1,0.325,0.145,2.241379310344828
800734942576246784,1777955070000-632578958264631296-800734942576246784,1777955070000,1777955290000,1,0.324,0.159,2.0377358490566038
946032945880104960,1777988372000-632578958264631296-946032945880104960,1777988372000,1777988790000,1,0.324,0.184,1.7608695652173914
1536402078727929856,1777975786000-632578958264631296-1536402078727929856,1777975786000,1777975965000,1,0.323,0.249,1.2971887550200805
1060579746913452032,1777971785000-632578958264631296-1060579746913452032,1777971785000,1777971990000,1,0.319,0.108,2.9537037037037037
1536014535985463296,1777944535000-632578958264631296-1536014535985463296,1777944535000,1777944727000,1,0.317,0.34,0.9323529411764705
1536014589357981696,1777977576000-632578958264631296-1536014589357981696,1777977576000,1777977759000,1,0.317,0.115,2.756521739130435
1484590862305329152,1777986943000-632578958264631296-1484590862305329152,1777986943000,1777988146000,1,0.313,0.875,0.3577142857142857
789852612550721536,1777964969000-632578958264631296-789852612550721536,1777964969000,1777965125000,1,0.313,0.128,2.4453125
939546576563470336,1777962322000-632578958264631296-939546576563470336,1777962322000,1777962483000,1,0.313,0.286,1.0944055944055946
871730443827806208,1777958414000-632578958264631296-871730443827806208,1777958414000,1777958731000,1,0.311,0.298,1.0436241610738255
1091761897729949696,1777976238000-632578958264631296-1091761897729949696,1777976238000,1777976534000,1,0.308,0.088,3.5
780059706918961152,1777955992000-632578958264631296-780059706918961152,1777955992000,1777956222000,1,0.308,0.242,1.2727272727272727
944587945103327232,1777959039000-632578958264631296-944587945103327232,1777959039000,1777959593000,1,0.308,0.279,1.103942652329749
1082303861131051008,1777937837000-632578958264631296-1082303861131051008,1777937837000,1777938299000,1,0.307,0.407,0.7542997542997544
1083726613264203776,1777985655000-632578958264631296-1083726613264203776,1777985655000,1777986134000,1,0.307,0.481,0.6382536382536382
1061351650800697344,1778004003000-632578958264631296-1061351650800697344,1778004003000,1778004279000,1,0.304,0.284,1.0704225352112677
1111626569580806144,1777974221000-632578958264631296-1111626569580806144,1777974221000,1777974879000,1,0.304,0.742,0.40970350404312667
871764433825693696,1777944972000-632578958264631296-871764433825693696,1777944972000,1777945293000,1,0.304,0.51,0.596078431372549
1073966174624022528,1777919299000-632578958264631296-1073966174624022528,1777919299000,1777920512000,1,0.303,0.056,5.410714285714286
1083728919393206272,1777974280000-632578958264631296-1083728919393206272,1777974280000,1777974573000,1,0.303,0.313,0.9680511182108625
1362453820235317248,1777943905000-632578958264631296-1362453820235317248,1777943905000,1777944335000,1,0.302,0.325,0.9292307692307692
1464286808345935872,1777985068000-632578958264631296-1464286808345935872,1777985068000,1777985442000,1,0.301,0.231,1.303030303030303
1064527564812320768,1777990632000-632578958264631296-1064527564812320768,1777990632000,1777992204000,1,0.3,0.88,0.3409090909090909
935627425390264320,1777963245000-632578958264631296-935627425390264320,1777963245000,1777963430000,1,0.3,0.211,1.4218009478672986
1526262198169501696,1777980341000-632578958264631296-1526262198169501696,1777980341000,1777982267000,1,0.298,1.173,0.25404944586530265
1540361293100220416,1778002076000-632578958264631296-1540361293100220416,1778002076000,1778002530000,1,0.298,0.243,1.2263374485596708
925753337108758528,1777972414000-632578958264631296-925753337108758528,1777972414000,1777973096000,1,0.298,0.364,0.8186813186813187
943857890790211584,1777963315000-632578958264631296-943857890790211584,1777963315000,1777964014000,1,0.298,0.31,0.9612903225806452
1484590862305329152,1777956260000-632578958264631296-1484590862305329152,1777956260000,1777956859000,1,0.296,0.399,0.7418546365914787
1083726698509238272,1777952979000-632578958264631296-1083726698509238272,1777952979000,1777953230000,1,0.295,0.384,0.7682291666666666
1299087047838924800,1777967852000-632578958264631296-1299087047838924800,1777967852000,1777968459000,1,0.295,0.68,0.43382352941176466
947092625956012032,1777925509000-632578958264631296-947092625956012032,1777925509000,1777925983000,1,0.295,0.178,1.6573033707865168
1083726423769743360,1777991249000-632578958264631296-1083726423769743360,1777991249000,1777991586000,1,0.293,0.432,0.6782407407407407
1172939590688833536,1777987064000-632578958264631296-1172939590688833536,1777987064000,1777987603000,1,0.293,0.726,0.4035812672176308
780067386190462976,1777996665000-632578958264631296-780067386190462976,1777996665000,1777996826000,1,0.291,0.12,2.425
943461119844941824,1777968807000-632578958264631296-943461119844941824,1777968807000,1777969061000,1,0.291,0.33,0.8818181818181817
961239466377216000,1777966100000-632578958264631296-961239466377216000,1777966100000,1777966320000,1,0.291,0.076,3.8289473684210527
926866983197081600,1777959112000-632578958264631296-926866983197081600,1777959112000,1777960024000,1,0.29,0.456,0.6359649122807017
1088492376734826496,1777979355000-632578958264631296-1088492376734826496,1777979355000,1777980178000,1,0.289,0.603,0.4792703150912106
1093476797997121536,1777992844000-632578958264631296-1093476797997121536,1777992844000,1777993390000,1,0.289,0.338,0.8550295857988165
1064527564812320768,1777984749000-632578958264631296-1064527564812320768,1777984749000,1777984982000,1,0.288,0.104,2.769230769230769
1389244302743306240,1777939590000-632578958264631296-1389244302743306240,1777939590000,1777940033000,1,0.286,0.15,1.9066666666666665
1097510484225032192,1777975776000-632578958264631296-1097510484225032192,1777975776000,1777976181000,1,0.284,0.18,1.5777777777777777
1385305291104452608,1777942220000-632578958264631296-1385305291104452608,1777942220000,1777942477000,1,0.284,0.18,1.5777777777777777
1396881232180019200,1777982667000-632578958264631296-1396881232180019200,1777982667000,1777983085000,1,0.284,0.334,0.8502994011976047
1071826388769570816,1777982929000-632578958264631296-1071826388769570816,1777982929000,1777983164000,1,0.282,0.216,1.3055555555555554
1471165285556813824,1777956830000-632578958264631296-1471165285556813824,1777956830000,1777957846000,1,0.282,0.648,0.4351851851851851
1268614873160351744,1777980874000-632578958264631296-1268614873160351744,1777980874000,1777981173000,1,0.281,0.345,0.8144927536231885
1362453820235317248,1777969437000-632578958264631296-1362453820235317248,1777969437000,1777969856000,1,0.281,0.235,1.1957446808510641
931856805720489984,1777992748000-632578958264631296-931856805720489984,1777992748000,1777993111000,1,0.281,0.654,0.42966360856269115
942470042409238528,1777987787000-632578958264631296-942470042409238528,1777987787000,1777988008000,1,0.281,0.115,2.4434782608695653
1536427445069021184,1777976505000-632578958264631296-1536427445069021184,1777976505000,1777976738000,1,0.28,0.404,0.6930693069306931
947452563299500032,1777953593000-632578958264631296-947452563299500032,1777953593000,1777953777000,1,0.279,0.09,3.1000000000000005
1385305554984894464,1777952145000-632578958264631296-1385305554984894464,1777952145000,1777952572000,1,0.278,0.33,0.8424242424242424
943818921138454528,1777948791000-632578958264631296-943818921138454528,1777948791000,1777948883000,1,0.278,0.315,0.8825396825396826
860147487929794560,1777942079000-632578958264631296-860147487929794560,1777942079000,1777942170000,1,0.277,0.655,0.42290076335877863
1131239476161413120,1777999736000-632578958264631296-1131239476161413120,1777999736000,1778000214000,1,0.276,0.566,0.48763250883392234
1385304935976927232,1777988895000-632578958264631296-1385304935976927232,1777988895000,1777989863000,1,0.276,0.628,0.4394904458598726
1097510484225032192,1777979255000-632578958264631296-1097510484225032192,1777979255000,1777979710000,1,0.275,0.215,1.2790697674418605
1406586595699589120,1777974868000-632578958264631296-1406586595699589120,1777974868000,1777975134000,1,0.275,0.2,1.375
873109579045535744,1777983214000-632578958264631296-873109579045535744,1777983214000,1777984004000,1,0.275,1.107,0.24841915085817526
942436996423352320,1777923293000-632578958264631296-942436996423352320,1777923293000,1777923539000,1,0.275,0.084,3.2738095238095237
1488129049464143872,1777978713000-632578958264631296-1488129049464143872,1777978713000,1777979034000,1,0.274,0.291,0.9415807560137458
869918310366445568,1777959869000-632578958264631296-869918310366445568,1777959869000,1777960074000,1,0.273,0.22,1.240909090909091
1046443765134262272,1777988773000-632578958264631296-1046443765134262272,1777988773000,1777989044000,1,0.271,0.202,1.3415841584158417
1083726345994764288,1777954168000-632578958264631296-1083726345994764288,1777954168000,1777954460000,1,0.271,0.433,0.6258660508083141
1471164933021368320,1777977589000-632578958264631296-1471164933021368320,1777977589000,1777978075000,1,0.271,0.555,0.4882882882882883
947093103351693312,1777949037000-632578958264631296-947093103351693312,1777949037000,1777949183000,1,0.269,0.147,1.829931972789116
1406586595699589120,1777958716000-632578958264631296-1406586595699589120,1777958716000,1777960257000,1,0.268,1.416,0.18926553672316387
789852612550721536,1777959970000-632578958264631296-789852612550721536,1777959970000,1777961417000,1,0.268,1.156,0.2318339100346021
869918310366445568,1777957768000-632578958264631296-869918310366445568,1777957768000,1777958396000,1,0.268,0.644,0.4161490683229814
925753337108758528,1777953526000-632578958264631296-925753337108758528,1777953526000,1777953763000,1,0.266,0.144,1.8472222222222225
925753337108758528,1777973705000-632578958264631296-925753337108758528,1777973705000,1777974212000,1,0.266,0.234,1.1367521367521367
1385588586753032192,1777985110000-632578958264631296-1385588586753032192,1777985110000,1777985602000,1,0.265,0.292,0.9075342465753425
1385588586753032192,1777994968000-632578958264631296-1385588586753032192,1777994968000,1777995145000,1,0.265,0.157,1.6878980891719746
1045646397224779776,1777999606000-632578958264631296-1045646397224779776,1777999606000,1778000089000,1,0.264,0.566,0.46643109540636046
934473019407990784,1777946619000-632578958264631296-934473019407990784,1777946619000,1777947073000,1,0.264,0.601,0.4392678868552413
1050441880044568576,1777956004000-632578958264631296-1050441880044568576,1777956004000,1777956242000,1,0.262,0.62,0.42258064516129035
1073966174624022528,1777924705000-632578958264631296-1073966174624022528,1777924705000,1777925139000,1,0.262,0.05,5.24
925753337108758528,1777973546000-632578958264631296-925753337108758528,1777973546000,1777973656000,1,0.262,0.064,4.09375
1083726423769743360,1777960711000-632578958264631296-1083726423769743360,1777960711000,1777961125000,1,0.261,0.494,0.52834008097166
1373358446576926720,1777971585000-632578958264631296-1373358446576926720,1777971585000,1777971746000,1,0.261,0.046,5.673913043478261
1535695002116554752,1778003256000-632578958264631296-1535695002116554752,1778003256000,1778003622000,1,0.261,0.358,0.729050279329609
893821287409909760,1777978531000-632578958264631296-893821287409909760,1777978531000,1777978716000,1,0.261,0.08,3.2625
1067764977248501760,1777948975000-632578958264631296-1067764977248501760,1777948975000,1777950760000,1,0.259,1.799,0.14396887159533076
1428366867084345344,1777986953000-632578958264631296-1428366867084345344,1777986953000,1777987718000,1,0.259,0.44,0.5886363636363636
961239466377216000,1777980301000-632578958264631296-961239466377216000,1777980301000,1777980605000,1,0.259,0.186,1.39247311827957
932302785804763136,1777980189000-632578958264631296-932302785804763136,1777980189000,1777980815000,1,0.258,0.46,0.5608695652173913
1049341310072258560,1777995170000-632578958264631296-1049341310072258560,1777995170000,1777995502000,1,0.257,0.165,1.5575757575757576
1540361293100220416,1778000944000-632578958264631296-1540361293100220416,1778000944000,1778001388000,1,0.257,0.168,1.5297619047619047
932302785804763136,1777970780000-632578958264631296-932302785804763136,1777970780000,1777971157000,1,0.257,0.127,2.0236220472440944
1120316721542987776,1777963688000-632578958264631296-1120316721542987776,1777963688000,1777963927000,1,0.256,0.242,1.0578512396694215
1067775149379420160,1777988986000-632578958264631296-1067775149379420160,1777988986000,1777989218000,1,0.255,0.186,1.370967741935484
1385305035948163072,1777953680000-632578958264631296-1385305035948163072,1777953680000,1777953936000,1,0.255,0.089,2.865168539325843
1501933902321680384,1777983530000-632578958264631296-1501933902321680384,1777983530000,1777983754000,1,0.255,0.244,1.0450819672131149
780059706918961152,1777993165000-632578958264631296-780059706918961152,1777993165000,1777994186000,1,0.254,0.755,0.33642384105960266
946032945880104960,1777991985000-632578958264631296-946032945880104960,1777991985000,1777992293000,1,0.254,0.103,2.4660194174757284
1501933614227521536,1778002331000-632578958264631296-1501933614227521536,1778002331000,1778003404000,1,0.253,0.657,0.3850837138508371
1540361830973571072,1777982055000-632578958264631296-1540361830973571072,1777982055000,1777984611000,1,0.253,1.51,0.1675496688741722
1065321017443876864,1777972730000-632578958264631296-1065321017443876864,1777972730000,1777972993000,1,0.252,0.079,3.189873417721519
1082330521322651648,1777979910000-632578958264631296-1082330521322651648,1777979910000,1777982440000,1,0.252,2.511,0.10035842293906809
961239466377216000,1777991980000-632578958264631296-961239466377216000,1777991980000,1777992131000,1,0.252,0.117,2.1538461538461537
1079095062366781440,1777985564000-632578958264631296-1079095062366781440,1777985564000,1777985775000,1,0.251,0.116,2.163793103448276
870568761881526272,1777927770000-632578958264631296-870568761881526272,1777927770000,1777928293000,1,0.251,0.56,0.4482142857142857
952249131684855808,1777982042000-632578958264631296-952249131684855808,1777982042000,1777982307000,1,0.251,0.078,3.217948717948718
1050441880044568576,1777972036000-632578958264631296-1050441880044568576,1777972036000,1777972883000,1,0.25,0.552,0.45289855072463764
1050781532765028352,1777952460000-632578958264631296-1050781532765028352,1777952460000,1777952588000,1,0.25,0.076,3.2894736842105265
1050781532765028352,1777970660000-632578958264631296-1050781532765028352,1777970660000,1777970926000,1,0.25,0.151,1.6556291390728477
1067771070980816896,1777957580000-632578958264631296-1067771070980816896,1777957580000,1777958315000,1,0.25,0.264,0.9469696969696969
1073277847704961024,1777958417000-632578958264631296-1073277847704961024,1777958417000,1777958575000,1,0.25,0.126,1.9841269841269842
1076923642098483200,1777948530000-632578958264631296-1076923642098483200,1777948530000,1777948802000,1,0.25,0.211,1.1848341232227488
1125482414773108736,1777974578000-632578958264631296-1125482414773108736,1777974578000,1777974862000,1,0.25,0.38,0.6578947368421053
1294723291725955072,1778001610000-632578958264631296-1294723291725955072,1778001610000,1778002606000,1,0.25,0.618,0.4045307443365696
1464286808345935872,1777985492000-632578958264631296-1464286808345935872,1777985492000,1777986129000,1,0.25,0.354,0.7062146892655368
787737136659955712,1777963109000-632578958264631296-787737136659955712,1777963109000,1777963927000,1,0.25,0.439,0.5694760820045558
790193276584984576,1777977931000-632578958264631296-790193276584984576,1777977931000,1777978604000,1,0.25,0.509,0.4911591355599214
879404563604439040,1777974728000-632578958264631296-879404563604439040,1777974728000,1777975094000,1,0.25,0.136,1.838235294117647
938815406225752064,1777950499000-632578958264631296-938815406225752064,1777950499000,1777950908000,1,0.25,0.326,0.7668711656441718
946024601958219776,1777952623000-632578958264631296-946024601958219776,1777952623000,1777952774000,1,0.25,0.103,2.4271844660194177
961238953837461504,1778000555000-632578958264631296-961238953837461504,1778000555000,1778001067000,1,0.25,0.206,1.2135922330097089
926866983197081600,1777960124000-632578958264631296-926866983197081600,1777960124000,1777960539000,1,0.248,0.385,0.6441558441558441
1083727986517082112,1777932602000-632578958264631296-1083727986517082112,1777932602000,1777933012000,1,0.247,0.429,0.5757575757575758
1500136074981146624,1777984467000-632578958264631296-1500136074981146624,1777984467000,1777984577000,1,0.246,0.217,1.1336405529953917
1067771070980816896,1777954905000-632578958264631296-1067771070980816896,1777954905000,1777955172000,1,0.245,0.158,1.5506329113924051
1120316481867874304,1777968273000-632578958264631296-1120316481867874304,1777968273000,1777968463000,1,0.245,0.133,1.8421052631578947
1545823503347875840,1777984752000-632578958264631296-1545823503347875840,1777984752000,1777985281000,1,0.245,0.423,0.5791962174940899
946032945880104960,1777949214000-632578958264631296-946032945880104960,1777949214000,1777949795000,1,0.245,0.402,0.6094527363184079
1132636252537880576,1777945489000-632578958264631296-1132636252537880576,1777945489000,1777946029000,1,0.244,0.333,0.7327327327327327
1135541524696662016,1777963860000-632578958264631296-1135541524696662016,1777963860000,1777964021000,1,0.244,0.144,1.6944444444444446
879404563604439040,1777984807000-632578958264631296-879404563604439040,1777984807000,1777985122000,1,0.242,0.152,1.5921052631578947
931856805720489984,1777973485000-632578958264631296-931856805720489984,1777973485000,1777973903000,1,0.242,0.599,0.4040066777963272
942436996423352320,1777927763000-632578958264631296-942436996423352320,1777927763000,1777927968000,1,0.242,0.075,3.2266666666666666
1422205425331208192,1777988240000-632578958264631296-1422205425331208192,1777988240000,1777988713000,1,0.239,0.226,1.0575221238938053
939547788868321280,1777940567000-632578958264631296-939547788868321280,1777940567000,1777941367000,1,0.238,0.074,3.2162162162162162
1478688867300147200,1777977010000-632578958264631296-1478688867300147200,1777977010000,1777977257000,1,0.237,0.194,1.2216494845360824
1535695002116554752,1777996181000-632578958264631296-1535695002116554752,1777996181000,1777996578000,1,0.237,0.205,1.1560975609756097
1536397466075660288,1777990761000-632578958264631296-1536397466075660288,1777990761000,1777991536000,1,0.237,0.503,0.4711729622266401
947452563299500032,1777971828000-632578958264631296-947452563299500032,1777971828000,1777971954000,1,0.236,0.093,2.5376344086021505
893821287409909760,1777963544000-632578958264631296-893821287409909760,1777963544000,1777963642000,1,0.235,0.073,3.219178082191781
902974583798235136,1777962432000-632578958264631296-902974583798235136,1777962432000,1777962608000,1,0.235,0.122,1.9262295081967213
943461119844941824,1777967243000-632578958264631296-943461119844941824,1777967243000,1777967654000,1,0.235,0.465,0.5053763440860215
951559578305167360,1777993639000-632578958264631296-951559578305167360,1777993639000,1777993896000,1,0.235,0.135,1.7407407407407405
1071826388769570816,1777950069000-632578958264631296-1071826388769570816,1777950069000,1777950336000,1,0.233,0.352,0.6619318181818182
1093476797997121536,1777995614000-632578958264631296-1093476797997121536,1777995614000,1777996055000,1,0.233,0.271,0.8597785977859779
943857890790211584,1777964055000-632578958264631296-943857890790211584,1777964055000,1777964301000,1,0.233,0.325,0.7169230769230769
943859348893859840,1777999838000-632578958264631296-943859348893859840,1777999838000,1778000024000,1,0.233,0.064,3.640625
1135630948969218048,1777989602000-632578958264631296-1135630948969218048,1777989602000,1777990003000,1,0.232,0.537,0.43202979515828677
1501933902321680384,1777941222000-632578958264631296-1501933902321680384,1777941222000,1777942244000,1,0.231,0.604,0.3824503311258278
870275474985582592,1777941889000-632578958264631296-870275474985582592,1777941889000,1777942305000,1,0.231,0.479,0.48225469728601256
947093103351693312,1777947246000-632578958264631296-947093103351693312,1777947246000,1777947485000,1,0.23,0.202,1.1386138613861385
931856805720489984,1777988378000-632578958264631296-931856805720489984,1777988378000,1777988759000,1,0.229,0.554,0.41335740072202165
1094584670655348736,1777979029000-632578958264631296-1094584670655348736,1777979029000,1777979868000,1,0.228,0.495,0.46060606060606063
1176582451024101376,1777954822000-632578958264631296-1176582451024101376,1777954822000,1777955008000,1,0.228,0.158,1.4430379746835444
1385589109656911872,1777990564000-632578958264631296-1385589109656911872,1777990564000,1777990923000,1,0.227,0.188,1.2074468085106382
787737136659955712,1777945229000-632578958264631296-787737136659955712,1777945229000,1777945375000,1,0.227,0.118,1.9237288135593222
1540361293100220416,1777989638000-632578958264631296-1540361293100220416,1777989638000,1777990567000,1,0.226,0.476,0.4747899159663866
1067765061260410880,1777954157000-632578958264631296-1067765061260410880,1777954157000,1777954550000,1,0.225,0.529,0.42533081285444235
943856131652976640,1777965308000-632578958264631296-943856131652976640,1777965308000,1777965923000,1,0.225,1.217,0.1848808545603944
1041007225465733120,1777965385000-632578958264631296-1041007225465733120,1777965385000,1777966364000,1,0.224,0.598,0.37458193979933113
1176582451024101376,1777955102000-632578958264631296-1176582451024101376,1777955102000,1777955491000,1,0.224,0.458,0.4890829694323144
1350071704793120768,1777966094000-632578958264631296-1350071704793120768,1777966094000,1777966547000,1,0.224,0.382,0.5863874345549738
1536014577374855168,1778002722000-632578958264631296-1536014577374855168,1778002722000,1778003095000,1,0.224,0.335,0.6686567164179105
882591537697914880,1777993645000-632578958264631296-882591537697914880,1777993645000,1777993776000,1,0.224,0.113,1.9823008849557522
870575606247456768,1777986024000-632578958264631296-870575606247456768,1777986024000,1777986853000,1,0.223,1.033,0.21587608906098743
1176582451024101376,1777964327000-632578958264631296-1176582451024101376,1777964327000,1777964718000,1,0.221,0.427,0.5175644028103045
1350071704793120768,1777961151000-632578958264631296-1350071704793120768,1777961151000,1777961679000,1,0.22,0.339,0.6489675516224188
1465365829724930048,1777985491000-632578958264631296-1465365829724930048,1777985491000,1777985650000,1,0.219,0.173,1.2658959537572256
931938125880492032,1777965929000-632578958264631296-931938125880492032,1777965929000,1777969572000,1,0.219,5.326,0.04111903867818251
1050781532765028352,1777952227000-632578958264631296-1050781532765028352,1777952227000,1777952435000,1,0.217,0.134,1.6194029850746268
1076924285072703488,1777950617000-632578958264631296-1076924285072703488,1777950617000,1777951718000,1,0.217,0.489,0.4437627811860941
1479440816106635264,1777955496000-632578958264631296-1479440816106635264,1777955496000,1777955958000,1,0.217,0.361,0.6011080332409973
1526262198169501696,1777986795000-632578958264631296-1526262198169501696,1777986795000,1777986953000,1,0.217,0.193,1.1243523316062176
1505916014645215232,1777982166000-632578958264631296-1505916014645215232,1777982166000,1777983227000,1,0.214,0.916,0.2336244541484716
800734942576246784,1777998660000-632578958264631296-800734942576246784,1777998660000,1777998931000,1,0.214,0.439,0.4874715261958998
1050037109068398592,1777994367000-632578958264631296-1050037109068398592,1777994367000,1777994733000,1,0.213,0.276,0.7717391304347825
1536427445069021184,1777976755000-632578958264631296-1536427445069021184,1777976755000,1777977055000,1,0.213,0.347,0.6138328530259366
943857890790211584,1777987971000-632578958264631296-943857890790211584,1777987971000,1777988329000,1,0.213,0.186,1.1451612903225805
939140294748667904,1777932018000-632578958264631296-939140294748667904,1777932018000,1777932257000,1,0.212,0.205,1.0341463414634147
1050037109068398592,1777992563000-632578958264631296-1050037109068398592,1777992563000,1777992745000,1,0.211,0.107,1.9719626168224298
1385589109656911872,1777996479000-632578958264631296-1385589109656911872,1777996479000,1777996668000,1,0.211,0.13,1.6230769230769229
1484590862305329152,1777994143000-632578958264631296-1484590862305329152,1777994143000,1777994310000,1,0.211,0.155,1.3612903225806452
932302785804763136,1777969287000-632578958264631296-932302785804763136,1777969287000,1777969485000,1,0.211,0.036,5.861111111111112
1294704486559776768,1777958554000-632578958264631296-1294704486559776768,1777958554000,1777958703000,1,0.21,0.141,1.4893617021276597
635414442816888832,1777966718000-632578958264631296-635414442816888832,1777966718000,1777967386000,1,0.21,0.569,0.36906854130052724
790970454885007360,1777959664000-632578958264631296-790970454885007360,1777959664000,1777959930000,1,0.21,0.177,1.1864406779661016
1385588586753032192,1777996676000-632578958264631296-1385588586753032192,1777996676000,1777996869000,1,0.209,0.118,1.771186440677966
1385589109656911872,1777989256000-632578958264631296-1385589109656911872,1777989256000,1777989601000,1,0.208,0.169,1.2307692307692306
961239466377216000,1777995948000-632578958264631296-961239466377216000,1777995948000,1777996162000,1,0.207,0.132,1.5681818181818181
1042868881099587584,1777976856000-632578958264631296-1042868881099587584,1777976856000,1777977781000,1,0.206,0.936,0.22008547008547005
1091761897729949696,1777943125000-632578958264631296-1091761897729949696,1777943125000,1777943481000,1,0.206,0.24,0.8583333333333333
1067774753596506112,1777991541000-632578958264631296-1067774753596506112,1777991541000,1777991734000,1,0.205,0.225,0.911111111111111
1471164933021368320,1777983137000-632578958264631296-1471164933021368320,1777983137000,1777983376000,1,0.205,0.108,1.8981481481481481
1536014535985463296,1777930042000-632578958264631296-1536014535985463296,1777930042000,1777930416000,1,0.205,0.36,0.5694444444444444
790970454885007360,1777957973000-632578958264631296-790970454885007360,1777957973000,1777958183000,1,0.205,0.21,0.9761904761904762
1111626569580806144,1777958570000-632578958264631296-1111626569580806144,1777958570000,1777958970000,1,0.204,0.322,0.6335403726708074
1428033112889098240,1777984296000-632578958264631296-1428033112889098240,1777984296000,1777984603000,1,0.203,0.417,0.4868105515587531
1181865650805538816,1777980448000-632578958264631296-1181865650805538816,1777980448000,1777980642000,1,0.202,0.203,0.9950738916256158
947452563299500032,1777970940000-632578958264631296-947452563299500032,1777970940000,1777971265000,1,0.202,0.18,1.1222222222222222
970285003134992384,1777931442000-632578958264631296-970285003134992384,1777931442000,1777931695000,1,0.201,0.13,1.5461538461538462
1073994678560358400,1777975203000-632578958264631296-1073994678560358400,1777975203000,1777975633000,1,0.2,0.495,0.4040404040404041
1083726613264203776,1777945940000-632578958264631296-1083726613264203776,1777945940000,1777946314000,1,0.2,0.225,0.888888888888889
1097510484225032192,1777968548000-632578958264631296-1097510484225032192,1777968548000,1777968916000,1,0.2,0.163,1.2269938650306749
977133830013976576,1777986843000-632578958264631296-977133830013976576,1777986843000,1777987024000,1,0.2,0.215,0.930232558139535
970285003134992384,1777930806000-632578958264631296-970285003134992384,1777930806000,1777931245000,1,0.199,0.359,0.5543175487465182
1111626569580806144,1778003324000-632578958264631296-1111626569580806144,1778003324000,1778003555000,1,0.198,0.288,0.6875000000000001
1067763553357791232,1777964967000-632578958264631296-1067763553357791232,1777964967000,1777965341000,1,0.197,0.41,0.4804878048780488
1526262198169501696,1777963778000-632578958264631296-1526262198169501696,1777963778000,1777964258000,1,0.197,0.252,0.7817460317460317
1350071704793120768,1777967467000-632578958264631296-1350071704793120768,1777967467000,1777967597000,1,0.195,0.179,1.0893854748603353
929731076446748672,1777965980000-632578958264631296-929731076446748672,1777965980000,1777966506000,1,0.195,0.459,0.42483660130718953
932302785804763136,1777970468000-632578958264631296-932302785804763136,1777970468000,1777970653000,1,0.195,0.084,2.321428571428571
940981890892955648,1777983192000-632578958264631296-940981890892955648,1777983192000,1777983730000,1,0.195,0.328,0.5945121951219512
1050037109068398592,1777994964000-632578958264631296-1050037109068398592,1777994964000,1777995154000,1,0.194,0.1,1.94
1083727144086929408,1777988293000-632578958264631296-1083727144086929408,1777988293000,1777988501000,1,0.194,0.145,1.3379310344827589
1088492376734826496,1777964429000-632578958264631296-1088492376734826496,1777964429000,1777964792000,1,0.194,0.253,0.766798418972332
1535695002116554752,1778004519000-632578958264631296-1535695002116554752,1778004519000,1778004753000,1,0.194,0.214,0.9065420560747663
1504876024033181696,1777996613000-632578958264631296-1504876024033181696,1777996613000,1777996827000,1,0.193,0.109,1.7706422018348624
1136252936335130624,1777955004000-632578958264631296-1136252936335130624,1777955004000,1777955535000,1,0.192,0.724,0.26519337016574585
1064532839803912192,1777954579000-632578958264631296-1064532839803912192,1777954579000,1777954801000,1,0.191,0.249,0.7670682730923695
1073277847704961024,1777967551000-632578958264631296-1073277847704961024,1777967551000,1777967727000,1,0.191,0.098,1.9489795918367347
939140294748667904,1777921864000-632578958264631296-939140294748667904,1777921864000,1777922188000,1,0.191,0.228,0.837719298245614
1083726655622479872,1777948940000-632578958264631296-1083726655622479872,1777948940000,1777949910000,1,0.19,1.138,0.1669595782073814
1176582451024101376,1777960115000-632578958264631296-1176582451024101376,1777960115000,1777960280000,1,0.19,0.152,1.25
1545823503347875840,1777961555000-632578958264631296-1545823503347875840,1777961555000,1777961694000,1,0.19,0.097,1.958762886597938
1083726613264203776,1777941924000-632578958264631296-1083726613264203776,1777941924000,1777942410000,1,0.189,0.657,0.2876712328767123
1120316481867874304,1777968829000-632578958264631296-1120316481867874304,1777968829000,1777969020000,1,0.189,0.134,1.4104477611940298
931856805720489984,1777974550000-632578958264631296-931856805720489984,1777974550000,1777974845000,1,0.188,0.281,0.6690391459074733
1050037336936546304,1777987877000-632578958264631296-1050037336936546304,1777987877000,1777988077000,1,0.186,0.291,0.6391752577319588
1526262198169501696,1777979974000-632578958264631296-1526262198169501696,1777979974000,1777980206000,1,0.184,0.284,0.647887323943662
1046443765134262272,1777972537000-632578958264631296-1046443765134262272,1777972537000,1777972844000,1,0.183,0.241,0.7593360995850622
780451558935494656,1777963540000-632578958264631296-780451558935494656,1777963540000,1777963726000,1,0.183,0.226,0.8097345132743362
878252193440858112,1777948049000-632578958264631296-878252193440858112,1777948049000,1777948380000,1,0.183,0.247,0.7408906882591093
1131631502098956288,1777949953000-632578958264631296-1131631502098956288,1777949953000,1777950491000,1,0.182,0.592,0.30743243243243246
870568761881526272,1777925794000-632578958264631296-870568761881526272,1777925794000,1777926332000,1,0.181,0.701,0.2582025677603424
893821287409909760,1777962753000-632578958264631296-893821287409909760,1777962753000,1777962856000,1,0.181,0.053,3.4150943396226414
951559578305167360,1777993038000-632578958264631296-951559578305167360,1777993038000,1777993611000,1,0.181,0.245,0.7387755102040816
893821287409909760,1777951419000-632578958264631296-893821287409909760,1777951419000,1777951660000,1,0.179,0.052,3.4423076923076925
1111626569580806144,1777967348000-632578958264631296-1111626569580806144,1777967348000,1777968143000,1,0.178,0.79,0.2253164556962025
1141991039255445504,1778001033000-632578958264631296-1141991039255445504,1778001033000,1778001422000,1,0.178,0.506,0.3517786561264822
1385304935976927232,1777954467000-632578958264631296-1385304935976927232,1777954467000,1777954792000,1,0.178,0.303,0.5874587458745875
787737136659955712,1777962738000-632578958264631296-787737136659955712,1777962738000,1777962987000,1,0.178,0.177,1.0056497175141244
1050766698002513920,1777990598000-632578958264631296-1050766698002513920,1777990598000,1777990892000,1,0.177,0.143,1.2377622377622377
1111626569580806144,1777929878000-632578958264631296-1111626569580806144,1777929878000,1777930091000,1,0.177,0.135,1.311111111111111
1479447378401427456,1777989613000-632578958264631296-1479447378401427456,1777989613000,1777989795000,1,0.177,0.097,1.824742268041237
1385589109656911872,1777975144000-632578958264631296-1385589109656911872,1777975144000,1777975545000,1,0.176,0.433,0.4064665127020785
943859348893859840,1777949429000-632578958264631296-943859348893859840,1777949429000,1777949541000,1,0.176,0.168,1.0476190476190474
951563481520275456,1777955668000-632578958264631296-951563481520275456,1777955668000,1777955788000,1,0.176,0.051,3.450980392156863
787737136659955712,1777968484000-632578958264631296-787737136659955712,1777968484000,1777968834000,1,0.175,0.256,0.6835937499999999
1050781532765028352,1777951428000-632578958264631296-1050781532765028352,1777951428000,1777951684000,1,0.174,0.184,0.9456521739130435
1471164933021368320,1777964152000-632578958264631296-1471164933021368320,1777964152000,1777964451000,1,0.173,0.147,1.1768707482993197
1126869078934290432,1777971984000-632578958264631296-1126869078934290432,1777971984000,1777972358000,1,0.172,0.4,0.42999999999999994
1142833661045899264,1777955895000-632578958264631296-1142833661045899264,1777955895000,1777956114000,1,0.172,0.2,0.8599999999999999
1389243594644127744,1777995073000-632578958264631296-1389243594644127744,1777995073000,1777995307000,1,0.172,0.189,0.91005291005291
970285003134992384,1777922264000-632578958264631296-970285003134992384,1777922264000,1777922702000,1,0.171,0.634,0.26971608832807575
1061980520671346688,1777987741000-632578958264631296-1061980520671346688,1777987741000,1777987928000,1,0.17,0.178,0.955056179775281
1067771070980816896,1777991547000-632578958264631296-1067771070980816896,1777991547000,1777992022000,1,0.17,0.279,0.6093189964157706
1536014609964597248,1777960679000-632578958264631296-1536014609964597248,1777960679000,1777961054000,1,0.17,0.294,0.5782312925170069
1406586595699589120,1777973813000-632578958264631296-1406586595699589120,1777973813000,1777974150000,1,0.169,0.283,0.5971731448763252
1385305291104452608,1777983953000-632578958264631296-1385305291104452608,1777983953000,1777984495000,1,0.168,0.277,0.6064981949458483
1134877765846171648,1777949660000-632578958264631296-1134877765846171648,1777949660000,1777949820000,1,0.167,0.194,0.8608247422680413
1536397466075660288,1777950607000-632578958264631296-1536397466075660288,1777950607000,1777951088000,1,0.166,0.355,0.46760563380281694
932612842287267840,1777983622000-632578958264631296-932612842287267840,1777983622000,1777983778000,1,0.165,0.09,1.8333333333333335
901057526324264960,1777989664000-632578958264631296-901057526324264960,1777989664000,1777989925000,1,0.164,0.146,1.1232876712328768
915980150607183872,1777967420000-632578958264631296-915980150607183872,1777967420000,1777968216000,1,0.164,0.443,0.37020316027088035
1056588446363025408,1777979311000-632578958264631296-1056588446363025408,1777979311000,1777980430000,1,0.163,0.319,0.5109717868338558
1294704486559776768,1777958253000-632578958264631296-1294704486559776768,1777958253000,1777958510000,1,0.163,0.21,0.7761904761904762
1428366867084345344,1777993420000-632578958264631296-1428366867084345344,1777993420000,1777993746000,1,0.163,0.268,0.6082089552238806
951559578305167360,1777971121000-632578958264631296-951559578305167360,1777971121000,1777971417000,1,0.163,0.151,1.0794701986754969
1067763553357791232,1777965408000-632578958264631296-1067763553357791232,1777965408000,1777965619000,1,0.162,0.197,0.8223350253807107
1135541524696662016,1777968940000-632578958264631296-1135541524696662016,1777968940000,1777969435000,1,0.162,0.485,0.33402061855670107
1471164933021368320,1777979820000-632578958264631296-1471164933021368320,1777979820000,1777980050000,1,0.162,0.234,0.6923076923076923
797458881650360320,1777987914000-632578958264631296-797458881650360320,1777987914000,1777988077000,1,0.162,0.159,1.0188679245283019
951559578305167360,1777970348000-632578958264631296-951559578305167360,1777970348000,1777970525000,1,0.162,0.104,1.5576923076923077
1045015172411817984,1777960662000-632578958264631296-1045015172411817984,1777960662000,1777961223000,1,0.161,0.1,1.6099999999999999
1079796452147855360,1777943167000-632578958264631296-1079796452147855360,1777943167000,1777943260000,1,0.161,0.185,0.8702702702702703
1111626569580806144,1777975400000-632578958264631296-1111626569580806144,1777975400000,1777975852000,1,0.16,0.404,0.396039603960396
925753337108758528,1777954828000-632578958264631296-925753337108758528,1777954828000,1777954981000,1,0.16,0.085,1.8823529411764706
1065321017443876864,1777983795000-632578958264631296-1065321017443876864,1777983795000,1777984128000,1,0.158,0.181,0.8729281767955801
1131631502098956288,1777931274000-632578958264631296-1131631502098956288,1777931274000,1777931456000,1,0.158,0.166,0.9518072289156626
1067775256489361408,1777988178000-632578958264631296-1067775256489361408,1777988178000,1777988347000,1,0.157,0.22,0.7136363636363636
1536014609964597248,1777962556000-632578958264631296-1536014609964597248,1777962556000,1777963026000,1,0.157,0.529,0.29678638941398866
1536432469593554944,1777981807000-632578958264631296-1536432469593554944,1777981807000,1777981997000,1,0.157,0.225,0.6977777777777777
1073278104413143040,1777951966000-632578958264631296-1073278104413143040,1777951966000,1777952231000,1,0.156,0.338,0.4615384615384615
1097510484225032192,1777968980000-632578958264631296-1097510484225032192,1777968980000,1777969286000,1,0.155,0.139,1.1151079136690647
1535695002116554752,1777972700000-632578958264631296-1535695002116554752,1777972700000,1777972983000,1,0.155,0.121,1.28099173553719
780059706918961152,1777998648000-632578958264631296-780059706918961152,1777998648000,1778000469000,1,0.155,1.066,0.14540337711069418
943818921138454528,1777960481000-632578958264631296-943818921138454528,1777960481000,1777961040000,1,0.155,0.332,0.46686746987951805
1176582451024101376,1777978534000-632578958264631296-1176582451024101376,1777978534000,1777978823000,1,0.154,0.345,0.44637681159420295
1176582451024101376,1777991629000-632578958264631296-1176582451024101376,1777991629000,1777991822000,1,0.154,0.261,0.5900383141762452
1398705978894974976,1777961432000-632578958264631296-1398705978894974976,1777961432000,1777962029000,1,0.154,0.641,0.24024960998439937
944571594812948480,1777949695000-632578958264631296-944571594812948480,1777949695000,1777950243000,1,0.154,0.283,0.5441696113074206
1126869078934290432,1777974522000-632578958264631296-1126869078934290432,1777974522000,1777974889000,1,0.153,0.444,0.34459459459459457
1126869078934290432,1777971346000-632578958264631296-1126869078934290432,1777971346000,1777971643000,1,0.152,0.125,1.216
1312806942439112704,1777985391000-632578958264631296-1312806942439112704,1777985391000,1777985769000,1,0.152,0.185,0.8216216216216216
1083726887294861312,1777978380000-632578958264631296-1083726887294861312,1777978380000,1777978566000,1,0.151,0.207,0.7294685990338164
966356141711818752,1777979477000-632578958264631296-966356141711818752,1777979477000,1777979748000,1,0.151,0.408,0.3700980392156863
1082330521322651648,1777988191000-632578958264631296-1082330521322651648,1777988191000,1777988622000,1,0.15,0.325,0.4615384615384615
878252193440858112,1777950143000-632578958264631296-878252193440858112,1777950143000,1777950339000,1,0.15,0.142,1.0563380281690142
1471148657502846976,1777995068000-632578958264631296-1471148657502846976,1777995068000,1777995407000,1,0.149,0.255,0.584313725490196
943857890790211584,1777958484000-632578958264631296-943857890790211584,1777958484000,1777958824000,1,0.149,0.457,0.3260393873085339
788429534713085952,1777952493000-632578958264631296-788429534713085952,1777952493000,1777952658000,1,0.148,0.169,0.8757396449704141
932302785804763136,1777986850000-632578958264631296-932302785804763136,1777986850000,1777987105000,1,0.148,0.098,1.510204081632653
1385589109656911872,1777952347000-632578958264631296-1385589109656911872,1777952347000,1777952584000,1,0.147,0.086,1.7093023255813955
1050441880044568576,1777972975000-632578958264631296-1050441880044568576,1777972975000,1777973212000,1,0.146,0.148,0.9864864864864865
873104331912511488,1777963852000-632578958264631296-873104331912511488,1777963852000,1777964140000,1,0.146,0.389,0.37532133676092544
942470042409238528,1777977442000-632578958264631296-942470042409238528,1777977442000,1777977725000,1,0.146,0.136,1.0735294117647058
966356141711818752,1777959891000-632578958264631296-966356141711818752,1777959891000,1777960231000,1,0.146,0.514,0.2840466926070039
1067775256489361408,1777964269000-632578958264631296-1067775256489361408,1777964269000,1777965027000,1,0.145,0.969,0.14963880288957687
819592403370377216,1777991781000-632578958264631296-819592403370377216,1777991781000,1777992645000,1,0.145,0.84,0.17261904761904762
1050766698002513920,1777988735000-632578958264631296-1050766698002513920,1777988735000,1777988855000,1,0.144,0.06,2.4
1067775063052255232,1777966393000-632578958264631296-1067775063052255232,1777966393000,1777966517000,1,0.144,0.096,1.4999999999999998
878252193440858112,1777925302000-632578958264631296-878252193440858112,1777925302000,1777925442000,1,0.144,0.104,1.3846153846153846
1070378226594873344,1777976473000-632578958264631296-1070378226594873344,1777976473000,1777976900000,1,0.143,0.279,0.5125448028673835
870275474985582592,1777973446000-632578958264631296-870275474985582592,1777973446000,1777974073000,1,0.143,0.693,0.20634920634920634
1082303861131051008,1777927191000-632578958264631296-1082303861131051008,1777927191000,1777927846000,1,0.142,0.803,0.1768368617683686
1088168906306093056,1777964731000-632578958264631296-1088168906306093056,1777964731000,1777965278000,1,0.142,0.566,0.2508833922261484
1088511709141794816,1777951307000-632578958264631296-1088511709141794816,1777951307000,1777951489000,1,0.142,0.216,0.6574074074074073
870568761881526272,1777947104000-632578958264631296-870568761881526272,1777947104000,1777947315000,1,0.142,0.217,0.6543778801843317
1132636252537880576,1777946124000-632578958264631296-1132636252537880576,1777946124000,1777946395000,1,0.141,0.134,1.052238805970149
1536427445069021184,1777971564000-632578958264631296-1536427445069021184,1777971564000,1777972236000,1,0.141,0.612,0.23039215686274508
1067776270814674944,1777945338000-632578958264631296-1067776270814674944,1777945338000,1777945544000,1,0.14,0.101,1.3861386138613863
878252193440858112,1777922588000-632578958264631296-878252193440858112,1777922588000,1777922751000,1,0.14,0.126,1.1111111111111112
1083728870357598208,1777952480000-632578958264631296-1083728870357598208,1777952480000,1777952830000,1,0.139,0.399,0.3483709273182958
1131571393566081024,1777984986000-632578958264631296-1131571393566081024,1777984986000,1777985299000,1,0.139,0.307,0.45276872964169385
1083726345994764288,1777976287000-632578958264631296-1083726345994764288,1777976287000,1777976584000,1,0.138,0.324,0.42592592592592593
1050035879038418944,1777989330000-632578958264631296-1050035879038418944,1777989330000,1777989632000,1,0.137,0.305,0.4491803278688525
1094956363722784768,1777983268000-632578958264631296-1094956363722784768,1777983268000,1777983380000,1,0.137,0.103,1.3300970873786409
821719550704746496,1777937771000-632578958264631296-821719550704746496,1777937771000,1777938116000,1,0.137,0.238,0.5756302521008404
1073277847704961024,1778003134000-632578958264631296-1073277847704961024,1778003134000,1778003340000,1,0.136,0.227,0.5991189427312775
1083726423769743360,1777966792000-632578958264631296-1083726423769743360,1777966792000,1777967068000,1,0.136,0.329,0.4133738601823708
818154714091749376,1777991134000-632578958264631296-818154714091749376,1777991134000,1777991907000,1,0.136,0.548,0.24817518248175183
952249131684855808,1777962994000-632578958264631296-952249131684855808,1777962994000,1777963540000,1,0.136,0.042,3.238095238095238
1148896718033518592,1777985796000-632578958264631296-1148896718033518592,1777985796000,1777986169000,1,0.135,0.348,0.3879310344827587
1385589109656911872,1777988995000-632578958264631296-1385589109656911872,1777988995000,1777989243000,1,0.135,0.089,1.5168539325842698
1050037649940676608,1777941376000-632578958264631296-1050037649940676608,1777941376000,1777942029000,1,0.134,0.76,0.17631578947368423
1050766698002513920,1777989279000-632578958264631296-1050766698002513920,1777989279000,1777989403000,1,0.134,0.067,2.0
1176582451024101376,1777961828000-632578958264631296-1176582451024101376,1777961828000,1777962417000,1,0.134,0.622,0.21543408360128619
797458881650360320,1777985117000-632578958264631296-797458881650360320,1777985117000,1777985360000,1,0.134,0.195,0.6871794871794872
878252193440858112,1777922957000-632578958264631296-878252193440858112,1777922957000,1777923153000,1,0.134,0.102,1.3137254901960786
1125482414773108736,1777975291000-632578958264631296-1125482414773108736,1777975291000,1777975748000,1,0.133,0.418,0.31818181818181823
870575606247456768,1777986931000-632578958264631296-870575606247456768,1777986931000,1777987244000,1,0.133,0.298,0.4463087248322148
928334310946111488,1777985033000-632578958264631296-928334310946111488,1777985033000,1777985218000,1,0.133,0.104,1.278846153846154
1428366867084345344,1777993927000-632578958264631296-1428366867084345344,1777993927000,1777994414000,1,0.132,0.303,0.4356435643564357
780059706918961152,1777955773000-632578958264631296-780059706918961152,1777955773000,1777955952000,1,0.132,0.117,1.1282051282051282
931939397496995840,1777952820000-632578958264631296-931939397496995840,1777952820000,1777953202000,1,0.132,0.361,0.3656509695290859
940246634145513472,1777977320000-632578958264631296-940246634145513472,1777977320000,1777977970000,1,0.132,0.469,0.28144989339019194
797458881650360320,1777963386000-632578958264631296-797458881650360320,1777963386000,1777963783000,1,0.131,0.289,0.45328719723183397
847126508215468032,1777963964000-632578958264631296-847126508215468032,1777963964000,1777964416000,1,0.131,0.429,0.3053613053613054
873104331912511488,1777957959000-632578958264631296-873104331912511488,1777957959000,1777959113000,1,0.131,1.339,0.09783420463032114
944590362620461056,1777986124000-632578958264631296-944590362620461056,1777986124000,1777986404000,1,0.131,0.119,1.1008403361344539
1046836268442320896,1777920445000-632578958264631296-1046836268442320896,1777920445000,1777920661000,1,0.13,0.208,0.625
1050037649940676608,1777987878000-632578958264631296-1050037649940676608,1777987878000,1777988558000,1,0.13,0.923,0.14084507042253522
1484590862305329152,1777974399000-632578958264631296-1484590862305329152,1777974399000,1777974793000,1,0.13,0.29,0.4482758620689656
1062738572429230080,1777952836000-632578958264631296-1062738572429230080,1777952836000,1777953225000,1,0.129,0.41,0.3146341463414634
1067767710965825536,1777978095000-632578958264631296-1067767710965825536,1777978095000,1777978480000,1,0.129,0.423,0.3049645390070922
1468940686052032512,1778004023000-632578958264631296-1468940686052032512,1778004023000,1778004176000,1,0.129,0.169,0.7633136094674556
1478688867300147200,1777980219000-632578958264631296-1478688867300147200,1777980219000,1777980387000,1,0.129,0.157,0.821656050955414
1073663863301341184,1777962614000-632578958264631296-1073663863301341184,1777962614000,1777962739000,1,0.128,0.067,1.9104477611940298
1484590862305329152,1777985236000-632578958264631296-1484590862305329152,1777985236000,1777986200000,1,0.127,0.587,0.21635434412265758
818154714091749376,1777972720000-632578958264631296-818154714091749376,1777972720000,1777973603000,1,0.127,0.744,0.1706989247311828
926835749754503168,1777986881000-632578958264631296-926835749754503168,1777986881000,1777987108000,1,0.127,0.139,0.9136690647482014
947094374120947712,1777994111000-632578958264631296-947094374120947712,1777994111000,1777995022000,1,0.127,0.346,0.3670520231213873
966356141711818752,1777931116000-632578958264631296-966356141711818752,1777931116000,1777931536000,1,0.126,0.449,0.2806236080178174
1050781532765028352,1777987204000-632578958264631296-1050781532765028352,1777987204000,1777987300000,1,0.125,0.039,3.2051282051282053
1061351650800697344,1777997622000-632578958264631296-1061351650800697344,1777997622000,1777997875000,1,0.125,0.171,0.7309941520467835
1064532839803912192,1777977434000-632578958264631296-1064532839803912192,1777977434000,1777977633000,1,0.125,0.14,0.8928571428571428
1065321017443876864,1777981057000-632578958264631296-1065321017443876864,1777981057000,1777981372000,1,0.125,0.155,0.8064516129032259
1065321017443876864,1777983023000-632578958264631296-1065321017443876864,1777983023000,1777983324000,1,0.125,0.263,0.47528517110266155
1065321017443876864,1777989731000-632578958264631296-1065321017443876864,1777989731000,1777989869000,1,0.125,0.077,1.6233766233766234
1073277847704961024,1777978998000-632578958264631296-1073277847704961024,1777978998000,1777979299000,1,0.125,0.099,1.2626262626262625
1125482414773108736,1777966720000-632578958264631296-1125482414773108736,1777966720000,1777966966000,1,0.125,0.166,0.753012048192771
1294723291725955072,1778001056000-632578958264631296-1294723291725955072,1778001056000,1778001363000,1,0.125,0.192,0.6510416666666666
1294723291725955072,1778005660000-632578958264631296-1294723291725955072,1778005660000,1778005831000,1,0.125,0.097,1.2886597938144329
1345798361172672512,1777952905000-632578958264631296-1345798361172672512,1777952905000,1777953075000,1,0.125,0.194,0.6443298969072164
1362453820235317248,1778000924000-632578958264631296-1362453820235317248,1778000924000,1778001492000,1,0.125,0.302,0.4139072847682119
1363836271826305024,1777924900000-632578958264631296-1363836271826305024,1777924900000,1777925382000,1,0.125,0.185,0.6756756756756757
1385305291104452608,1777975079000-632578958264631296-1385305291104452608,1777975079000,1777975763000,1,0.125,0.302,0.4139072847682119
1396880990281924608,1777933281000-632578958264631296-1396880990281924608,1777933281000,1777933524000,1,0.125,0.278,0.44964028776978415
1422205318414204928,1777986451000-632578958264631296-1422205318414204928,1777986451000,1777986597000,1,0.125,0.096,1.3020833333333333
1422205425331208192,1778005545000-632578958264631296-1422205425331208192,1778005545000,1778006337000,1,0.125,0.298,0.41946308724832215
1422205727123963904,1777955338000-632578958264631296-1422205727123963904,1777955338000,1777955869000,1,0.125,0.513,0.24366471734892786
1422205727123963904,1777977343000-632578958264631296-1422205727123963904,1777977343000,1777977489000,1,0.125,0.063,1.9841269841269842
1428033112889098240,1777984872000-632578958264631296-1428033112889098240,1777984872000,1777985193000,1,0.125,0.226,0.5530973451327433
1464283595349688320,1777995615000-632578958264631296-1464283595349688320,1777995615000,1777996143000,1,0.125,0.545,0.2293577981651376
1464286808345935872,1777990498000-632578958264631296-1464286808345935872,1777990498000,1777990689000,1,0.125,0.138,0.9057971014492753
1471164933021368320,1777974681000-632578958264631296-1471164933021368320,1777974681000,1777974930000,1,0.125,0.117,1.0683760683760684
1471164933021368320,1777992914000-632578958264631296-1471164933021368320,1777992914000,1777993162000,1,0.125,0.141,0.8865248226950355
1477629515881512960,1777947412000-632578958264631296-1477629515881512960,1777947412000,1777947891000,1,0.125,0.263,0.47528517110266155
1479440816106635264,1777960315000-632578958264631296-1479440816106635264,1777960315000,1777960796000,1,0.125,0.197,0.6345177664974619
1479447378401427456,1777982957000-632578958264631296-1479447378401427456,1777982957000,1777983383000,1,0.125,0.33,0.3787878787878788
1526262198169501696,1777958996000-632578958264631296-1526262198169501696,1777958996000,1777959356000,1,0.125,0.164,0.7621951219512195
1526262198169501696,1777970968000-632578958264631296-1526262198169501696,1777970968000,1777971770000,1,0.125,0.504,0.24801587301587302
1545823852121030656,1777995213000-632578958264631296-1545823852121030656,1777995213000,1777995877000,1,0.125,0.271,0.46125461254612543
882591537697914880,1777979976000-632578958264631296-882591537697914880,1777979976000,1777980298000,1,0.125,0.164,0.7621951219512195
906488270454521856,1777974703000-632578958264631296-906488270454521856,1777974703000,1777975108000,1,0.125,0.151,0.8278145695364238
925753337108758528,1777975695000-632578958264631296-925753337108758528,1777975695000,1777975849000,1,0.125,0.054,2.314814814814815
939139369715892224,1777983187000-632578958264631296-939139369715892224,1777983187000,1777983483000,1,0.125,0.239,0.5230125523012552
939139369715892224,1777992122000-632578958264631296-939139369715892224,1777992122000,1777992270000,1,0.125,0.091,1.3736263736263736
940245549137788928,1778000730000-632578958264631296-940245549137788928,1778000730000,1778001290000,1,0.125,0.252,0.49603174603174605
940981890892955648,1777986228000-632578958264631296-940981890892955648,1777986228000,1777986491000,1,0.125,0.094,1.3297872340425532
940981890892955648,1777987761000-632578958264631296-940981890892955648,1777987761000,1777987992000,1,0.125,0.059,2.1186440677966103
942470042409238528,1777987116000-632578958264631296-942470042409238528,1777987116000,1777987233000,1,0.125,0.078,1.6025641025641026
943857890790211584,1777990493000-632578958264631296-943857890790211584,1777990493000,1777990661000,1,0.125,0.077,1.6233766233766234
944590362620461056,1777977172000-632578958264631296-944590362620461056,1777977172000,1777977326000,1,0.125,0.109,1.146788990825688
946034884164452352,1777994274000-632578958264631296-946034884164452352,1777994274000,1777994742000,1,0.125,0.195,0.641025641025641
961238953837461504,1777961963000-632578958264631296-961238953837461504,1777961963000,1777964440000,1,0.125,0.906,0.1379690949227373
1188144161019133952,1777981598000-632578958264631296-1188144161019133952,1777981598000,1777981832000,1,0.124,0.024,5.166666666666667
1397607641592627200,1777984289000-632578958264631296-1397607641592627200,1777984289000,1777984680000,1,0.124,0.469,0.26439232409381663
927171595435245568,1777970044000-632578958264631296-927171595435245568,1777970044000,1777970361000,1,0.124,0.249,0.4979919678714859
942436996423352320,1777920235000-632578958264631296-942436996423352320,1777920235000,1777920749000,1,0.124,0.038,3.263157894736842
1385305554984894464,1777973988000-632578958264631296-1385305554984894464,1777973988000,1777974159000,1,0.123,0.079,1.5569620253164556
790970454885007360,1777959954000-632578958264631296-790970454885007360,1777959954000,1777960261000,1,0.123,0.264,0.4659090909090909
943461119844941824,1777969323000-632578958264631296-943461119844941824,1777969323000,1777969415000,1,0.123,0.204,0.6029411764705883
1062738572429230080,1777957133000-632578958264631296-1062738572429230080,1777957133000,1777957427000,1,0.122,0.286,0.4265734265734266
1067765309810671616,1777961988000-632578958264631296-1067765309810671616,1777961988000,1777962428000,1,0.122,0.565,0.21592920353982303
1406586595699589120,1777960307000-632578958264631296-1406586595699589120,1777960307000,1777960612000,1,0.122,0.219,0.5570776255707762
877447567619653632,1777992361000-632578958264631296-877447567619653632,1777992361000,1777992780000,1,0.122,0.433,0.2817551963048499
943857890790211584,1777958968000-632578958264631296-943857890790211584,1777958968000,1777959111000,1,0.122,0.158,0.7721518987341772
1060533930890887168,1777980247000-632578958264631296-1060533930890887168,1777980247000,1777980684000,1,0.121,0.598,0.20234113712374582
1120316585941139456,1777984825000-632578958264631296-1120316585941139456,1777984825000,1777985226000,1,0.121,0.388,0.3118556701030928
929707161364201472,1777954501000-632578958264631296-929707161364201472,1777954501000,1777957146000,1,0.121,1.365,0.08864468864468865
1064527564812320768,1777985299000-632578958264631296-1064527564812320768,1777985299000,1777985428000,1,0.12,0.052,2.307692307692308
1073663431535493120,1777981450000-632578958264631296-1073663431535493120,1777981450000,1777981638000,1,0.12,0.193,0.6217616580310881
1148896718033518592,1777986917000-632578958264631296-1148896718033518592,1777986917000,1777987129000,1,0.12,0.216,0.5555555555555556
1312806942439112704,1777985119000-632578958264631296-1312806942439112704,1777985119000,1777985236000,1,0.12,0.055,2.1818181818181817
1406229042385911808,1777949188000-632578958264631296-1406229042385911808,1777949188000,1777949691000,1,0.12,0.271,0.4428044280442804
800026217909583872,1777959119000-632578958264631296-800026217909583872,1777959119000,1777959657000,1,0.12,0.754,0.15915119363395225
1067763553357791232,1777959680000-632578958264631296-1067763553357791232,1777959680000,1777959987000,1,0.119,0.373,0.3190348525469169
1070378226594873344,1777994951000-632578958264631296-1070378226594873344,1777994951000,1777995381000,1,0.119,0.253,0.4703557312252964
1131631502098956288,1777988225000-632578958264631296-1131631502098956288,1777988225000,1777988726000,1,0.119,0.58,0.20517241379310344
800734942576246784,1777989077000-632578958264631296-800734942576246784,1777989077000,1777989249000,1,0.119,0.192,0.6197916666666666
1067767771279917056,1777992930000-632578958264631296-1067767771279917056,1777992930000,1777993145000,1,0.118,0.131,0.9007633587786259
1076924285072703488,1777957125000-632578958264631296-1076924285072703488,1777957125000,1777957837000,1,0.118,0.44,0.2681818181818182
878252193440858112,1777919431000-632578958264631296-878252193440858112,1777919431000,1777919599000,1,0.117,0.101,1.1584158415841583
932302785804763136,1777960971000-632578958264631296-932302785804763136,1777960971000,1777961153000,1,0.117,0.056,2.0892857142857144
1067775974323519488,1777985871000-632578958264631296-1067775974323519488,1777985871000,1777986080000,1,0.116,0.116,1.0
1111626569580806144,1777929535000-632578958264631296-1111626569580806144,1777929535000,1777929866000,1,0.116,0.237,0.489451476793249
1135630948969218048,1777995009000-632578958264631296-1135630948969218048,1777995009000,1777995155000,1,0.116,0.169,0.6863905325443787
1385305554984894464,1777981619000-632578958264631296-1385305554984894464,1777981619000,1777982039000,1,0.116,0.192,0.6041666666666666
1076923642098483200,1777993685000-632578958264631296-1076923642098483200,1777993685000,1777994042000,1,0.115,0.191,0.6020942408376964
944571594812948480,1777949425000-632578958264631296-944571594812948480,1777949425000,1777949678000,1,0.115,0.118,0.9745762711864407
1113484110199783424,1777992838000-632578958264631296-1113484110199783424,1777992838000,1777993264000,1,0.114,0.418,0.27272727272727276
1462138758710165504,1778003685000-632578958264631296-1462138758710165504,1778003685000,1778003957000,1,0.114,0.241,0.47302904564315357
879404563604439040,1777987598000-632578958264631296-879404563604439040,1777987598000,1777987705000,1,0.114,0.054,2.111111111111111
1083727048683290624,1777963552000-632578958264631296-1083727048683290624,1777963552000,1777963934000,1,0.113,0.439,0.25740318906605925
1101157025884143616,1777961745000-632578958264631296-1101157025884143616,1777961745000,1777961934000,1,0.113,0.129,0.875968992248062
1468940686052032512,1778004290000-632578958264631296-1468940686052032512,1778004290000,1778004443000,1,0.113,0.12,0.9416666666666668
1478688867300147200,1777978559000-632578958264631296-1478688867300147200,1777978559000,1777978681000,1,0.113,0.116,0.9741379310344828
1061980520671346688,1777947904000-632578958264631296-1061980520671346688,1777947904000,1777948756000,1,0.112,0.547,0.20475319926873856
1067774753596506112,1777958707000-632578958264631296-1067774753596506112,1777958707000,1777958897000,1,0.112,0.113,0.9911504424778761
1536014556927623168,1777986587000-632578958264631296-1536014556927623168,1777986587000,1777986822000,1,0.111,0.309,0.3592233009708738
932334786138079232,1777962432000-632578958264631296-932334786138079232,1777962432000,1777962721000,1,0.111,0.339,0.327433628318584
943461119844941824,1777964091000-632578958264631296-943461119844941824,1777964091000,1777964836000,1,0.111,0.305,0.3639344262295082
1071457116943810560,1777943765000-632578958264631296-1071457116943810560,1777943765000,1777944099000,1,0.11,0.444,0.24774774774774774
1471148657502846976,1777982828000-632578958264631296-1471148657502846976,1777982828000,1777982945000,1,0.11,0.09,1.2222222222222223
635414442816888832,1777982223000-632578958264631296-635414442816888832,1777982223000,1777982568000,1,0.11,0.25,0.44
787000328028422144,1777942592000-632578958264631296-787000328028422144,1777942592000,1777942937000,1,0.11,0.258,0.4263565891472868
787737136659955712,1777946343000-632578958264631296-787737136659955712,1777946343000,1777946522000,1,0.11,0.115,0.9565217391304347
787737136659955712,1777976402000-632578958264631296-787737136659955712,1777976402000,1777976973000,1,0.11,0.323,0.34055727554179566
797458881650360320,1777959000000-632578958264631296-797458881650360320,1777959000000,1777959298000,1,0.11,0.293,0.3754266211604096
797458881650360320,1777961390000-632578958264631296-797458881650360320,1777961390000,1777961746000,1,0.11,0.269,0.40892193308550184
819592403370377216,1777965329000-632578958264631296-819592403370377216,1777965329000,1777965946000,1,0.11,0.503,0.21868787276341947
821719550704746496,1777983366000-632578958264631296-821719550704746496,1777983366000,1777983644000,1,0.11,0.169,0.650887573964497
915980150607183872,1777987173000-632578958264631296-915980150607183872,1777987173000,1777987695000,1,0.11,0.256,0.4296875
964171206683000832,1777985547000-632578958264631296-964171206683000832,1777985547000,1777985899000,1,0.11,0.31,0.3548387096774194
901057526324264960,1777989045000-632578958264631296-901057526324264960,1777989045000,1777989579000,1,0.109,0.229,0.4759825327510917
944574346884546560,1777975925000-632578958264631296-944574346884546560,1777975925000,1777976091000,1,0.109,0.043,2.5348837209302326
1183367596062277632,1777985059000-632578958264631296-1183367596062277632,1777985059000,1777985360000,1,0.108,0.271,0.3985239852398524
871764433825693696,1777960508000-632578958264631296-871764433825693696,1777960508000,1777960678000,1,0.108,0.315,0.34285714285714286
939138676678459392,1777989112000-632578958264631296-939138676678459392,1777989112000,1777989223000,1,0.108,0.046,2.347826086956522
940988876032311296,1777950354000-632578958264631296-940988876032311296,1777950354000,1777950533000,1,0.108,0.058,1.8620689655172413
1067763553357791232,1777959383000-632578958264631296-1067763553357791232,1777959383000,1777959587000,1,0.107,0.266,0.4022556390977443
1148896718033518592,1777986659000-632578958264631296-1148896718033518592,1777986659000,1777986856000,1,0.107,0.173,0.6184971098265897
1406228892573761536,1778001130000-632578958264631296-1406228892573761536,1778001130000,1778001322000,1,0.107,0.126,0.8492063492063492
934473019407990784,1777947134000-632578958264631296-934473019407990784,1777947134000,1777947548000,1,0.107,0.543,0.19705340699815835
966356141711818752,1777979037000-632578958264631296-966356141711818752,1777979037000,1777979229000,1,0.107,0.304,0.3519736842105263
1067765247101632512,1777921551000-632578958264631296-1067765247101632512,1777921551000,1777921736000,1,0.106,0.189,0.5608465608465608
1357047782162038784,1777973696000-632578958264631296-1357047782162038784,1777973696000,1777973830000,1,0.106,0.098,1.0816326530612244
1471165285556813824,1777986357000-632578958264631296-1471165285556813824,1777986357000,1777987193000,1,0.106,0.417,0.25419664268585135
1536014556927623168,1777956677000-632578958264631296-1536014556927623168,1777956677000,1777956945000,1,0.106,0.161,0.6583850931677018
878252193440858112,1777924455000-632578958264631296-878252193440858112,1777924455000,1777924641000,1,0.106,0.078,1.358974358974359
961239466377216000,1777964199000-632578958264631296-961239466377216000,1777964199000,1777964326000,1,0.106,0.043,2.4651162790697674
863411203819438080,1777985596000-632578958264631296-863411203819438080,1777985596000,1777985913000,1,0.105,0.333,0.31531531531531526
1398705978894974976,1777993460000-632578958264631296-1398705978894974976,1777993460000,1777994128000,1,0.104,0.387,0.2687338501291989
787737136659955712,1777977322000-632578958264631296-787737136659955712,1777977322000,1777977514000,1,0.104,0.117,0.8888888888888888
848986467664396288,1777954754000-632578958264631296-848986467664396288,1777954754000,1777954922000,1,0.104,0.147,0.7074829931972789
931939397496995840,1777957057000-632578958264631296-931939397496995840,1777957057000,1777957256000,1,0.104,0.212,0.49056603773584906
944574346884546560,1777970520000-632578958264631296-944574346884546560,1777970520000,1777972246000,1,0.104,0.522,0.19923371647509577
951558414842986496,1777952278000-632578958264631296-951558414842986496,1777952278000,1777952749000,1,0.104,0.38,0.27368421052631575
1083729116835872768,1777976237000-632578958264631296-1083729116835872768,1777976237000,1777976525000,1,0.103,0.299,0.34448160535117056
1176582767303983104,1777964757000-632578958264631296-1176582767303983104,1777964757000,1777965302000,1,0.103,0.752,0.13696808510638298
1422205727123963904,1777969854000-632578958264631296-1422205727123963904,1777969854000,1777970123000,1,0.103,0.109,0.944954128440367
939139369715892224,1777976078000-632578958264631296-939139369715892224,1777976078000,1777977141000,1,0.103,1.145,0.08995633187772925
1073277847704961024,1777985856000-632578958264631296-1073277847704961024,1777985856000,1777985985000,1,0.102,0.169,0.6035502958579881
879404563604439040,1777961863000-632578958264631296-879404563604439040,1777961863000,1777962133000,1,0.102,0.087,1.1724137931034482
1050781532765028352,1777988276000-632578958264631296-1050781532765028352,1777988276000,1777988386000,1,0.101,0.063,1.6031746031746033
1067765061260410880,1777951139000-632578958264631296-1067765061260410880,1777951139000,1777951340000,1,0.101,0.234,0.43162393162393164
1454186236603269120,1777941084000-632578958264631296-1454186236603269120,1777941084000,1777941375000,1,0.101,0.243,0.4156378600823046
787000328028422144,1777987897000-632578958264631296-787000328028422144,1777987897000,1777988345000,1,0.101,0.39,0.258974358974359
939140294748667904,1777950356000-632578958264631296-939140294748667904,1777950356000,1777950712000,1,0.101,0.274,0.3686131386861314
1083728870357598208,1777922042000-632578958264631296-1083728870357598208,1777922042000,1777922721000,1,0.1,0.768,0.13020833333333334
1101157025884143616,1777961563000-632578958264631296-1101157025884143616,1777961563000,1777961740000,1,0.1,0.119,0.8403361344537816
1101157025884143616,1777964958000-632578958264631296-1101157025884143616,1777964958000,1777965201000,1,0.1,0.205,0.48780487804878053
1134877765846171648,1777919247000-632578958264631296-1134877765846171648,1777919247000,1777919539000,1,0.1,0.35,0.28571428571428575
1141991039255445504,1777988541000-632578958264631296-1141991039255445504,1777988541000,1777988833000,1,0.1,0.415,0.24096385542168677
1268615116379652096,1777993900000-632578958264631296-1268615116379652096,1777993900000,1777994192000,1,0.1,0.285,0.3508771929824562
1299087047838924800,1777969071000-632578958264631296-1299087047838924800,1777969071000,1777969266000,1,0.1,0.079,1.2658227848101267
1454186236603269120,1777988211000-632578958264631296-1454186236603269120,1777988211000,1777988474000,1,0.1,0.106,0.9433962264150945
1454186236603269120,1777998347000-632578958264631296-1454186236603269120,1777998347000,1777998638000,1,0.1,0.127,0.7874015748031497
792451146961649664,1777967263000-632578958264631296-792451146961649664,1777967263000,1777968016000,1,0.1,0.566,0.176678445229682
818154714091749376,1777988408000-632578958264631296-818154714091749376,1777988408000,1777988649000,1,0.1,0.141,0.7092198581560285
870309644059279360,1777996691000-632578958264631296-870309644059279360,1777996691000,1777996898000,1,0.1,0.24,0.4166666666666667
870309644059279360,1777999147000-632578958264631296-870309644059279360,1777999147000,1777999337000,1,0.1,0.189,0.5291005291005291
876044057397166080,1778001369000-632578958264631296-876044057397166080,1778001369000,1778001687000,1,0.1,0.379,0.2638522427440633
877447351826907136,1777939280000-632578958264631296-877447351826907136,1777939280000,1777939605000,1,0.1,0.377,0.26525198938992045
877447467317067776,1777973208000-632578958264631296-877447467317067776,1777973208000,1777973424000,1,0.1,0.205,0.48780487804878053
932334786138079232,1777960436000-632578958264631296-932334786138079232,1777960436000,1777961031000,1,0.1,0.567,0.17636684303350972
940246634145513472,1777993435000-632578958264631296-940246634145513472,1777993435000,1777994245000,1,0.1,1.45,0.06896551724137931
1067767771279917056,1777975810000-632578958264631296-1067767771279917056,1777975810000,1777976559000,1,0.099,0.876,0.113013698630137
1070378226594873344,1777986118000-632578958264631296-1070378226594873344,1777986118000,1777986436000,1,0.099,0.168,0.5892857142857143
944587945103327232,1777968704000-632578958264631296-944587945103327232,1777968704000,1777968890000,1,0.099,0.046,2.1521739130434785
1067771070980816896,1777947757000-632578958264631296-1067771070980816896,1777947757000,1777950893000,1,0.098,1.125,0.08711111111111111
1478688867300147200,1777973732000-632578958264631296-1478688867300147200,1777973732000,1777973858000,1,0.098,0.074,1.3243243243243243
1536402078727929856,1777984304000-632578958264631296-1536402078727929856,1777984304000,1777984434000,1,0.098,0.2,0.49
1536432469593554944,1777971794000-632578958264631296-1536432469593554944,1777971794000,1777971984000,1,0.098,0.084,1.1666666666666667
800734942576246784,1777976575000-632578958264631296-800734942576246784,1777976575000,1777976876000,1,0.098,0.285,0.3438596491228071
1083727986517082112,1777930884000-632578958264631296-1083727986517082112,1777930884000,1777931084000,1,0.097,0.197,0.49238578680203043
1111626569580806144,1778001646000-632578958264631296-1111626569580806144,1778001646000,1778002125000,1,0.097,0.373,0.26005361930294907
1476549608761982976,1777954362000-632578958264631296-1476549608761982976,1777954362000,1777954472000,1,0.097,0.049,1.9795918367346939
1504876024033181696,1777977777000-632578958264631296-1504876024033181696,1777977777000,1777982682000,1,0.097,11.638,0.008334765423612304
1062738572429230080,1777964857000-632578958264631296-1062738572429230080,1777964857000,1777965055000,1,0.096,0.071,1.3521126760563382
1093087738300727296,1777988962000-632578958264631296-1093087738300727296,1777988962000,1777989120000,1,0.096,0.257,0.3735408560311284
1536014535985463296,1777972734000-632578958264631296-1536014535985463296,1777972734000,1777972902000,1,0.096,0.227,0.42290748898678415
928334310946111488,1777978531000-632578958264631296-928334310946111488,1777978531000,1777978629000,1,0.096,0.12,0.8
951563481520275456,1778000262000-632578958264631296-951563481520275456,1778000262000,1778000421000,1,0.096,0.028,3.4285714285714284
951882940915122176,1777950268000-632578958264631296-951882940915122176,1777950268000,1777950691000,1,0.096,0.243,0.39506172839506176
961239466377216000,1777985099000-632578958264631296-961239466377216000,1777985099000,1777985410000,1,0.096,0.138,0.6956521739130435
961239466377216000,1777991882000-632578958264631296-961239466377216000,1777991882000,1777991975000,1,0.096,0.072,1.3333333333333335
942470042409238528,1777980210000-632578958264631296-942470042409238528,1777980210000,1777980446000,1,0.095,0.078,1.217948717948718
944591832124227584,1777987098000-632578958264631296-944591832124227584,1777987098000,1777987382000,1,0.095,0.204,0.46568627450980393
1094956363722784768,1777987577000-632578958264631296-1094956363722784768,1777987577000,1777987775000,1,0.094,0.175,0.5371428571428571
1441118393376702464,1777978255000-632578958264631296-1441118393376702464,1777978255000,1777978493000,1,0.094,0.15,0.6266666666666667
1050037336936546304,1777947919000-632578958264631296-1050037336936546304,1777947919000,1777949120000,1,0.093,0.836,0.11124401913875598
1067775256489361408,1777995077000-632578958264631296-1067775256489361408,1777995077000,1777995668000,1,0.092,0.534,0.17228464419475653
1079095062366781440,1777994288000-632578958264631296-1079095062366781440,1777994288000,1777994541000,1,0.092,0.26,0.3538461538461538
803716121332023296,1777970925000-632578958264631296-803716121332023296,1777970925000,1777971116000,1,0.092,0.157,0.5859872611464968
882591537697914880,1778002282000-632578958264631296-882591537697914880,1778002282000,1778002485000,1,0.092,0.075,1.2266666666666668
926835749754503168,1777994582000-632578958264631296-926835749754503168,1777994582000,1777994706000,1,0.092,0.086,1.0697674418604652
1120316585941139456,1777985466000-632578958264631296-1120316585941139456,1777985466000,1777985661000,1,0.091,0.167,0.5449101796407185
1536014535985463296,1777936932000-632578958264631296-1536014535985463296,1777936932000,1777937081000,1,0.091,0.081,1.1234567901234567
926835749754503168,1777979419000-632578958264631296-926835749754503168,1777979419000,1777979668000,1,0.091,0.15,0.6066666666666667
970288452387995648,1777950171000-632578958264631296-970288452387995648,1777950171000,1777950352000,1,0.09,0.102,0.8823529411764706
1536402078727929856,1777976170000-632578958264631296-1536402078727929856,1777976170000,1777976502000,1,0.089,0.281,0.3167259786476868
1067764977248501760,1777980561000-632578958264631296-1067764977248501760,1777980561000,1777980744000,1,0.088,0.161,0.5465838509316769
1111626569580806144,1777984143000-632578958264631296-1111626569580806144,1777984143000,1777984475000,1,0.088,0.264,0.3333333333333333
1428366867084345344,1777995310000-632578958264631296-1428366867084345344,1777995310000,1777995423000,1,0.088,0.147,0.5986394557823129
871764433825693696,1777951364000-632578958264631296-871764433825693696,1777951364000,1777951504000,1,0.088,0.22,0.39999999999999997
932302785804763136,1777994740000-632578958264631296-932302785804763136,1777994740000,1777995403000,1,0.088,0.433,0.20323325635103925
1073277847704961024,1778001619000-632578958264631296-1073277847704961024,1778001619000,1778001793000,1,0.087,0.041,2.121951219512195
1083729116835872768,1777972912000-632578958264631296-1083729116835872768,1777972912000,1777973275000,1,0.087,0.375,0.23199999999999998
1120316662394912768,1777980574000-632578958264631296-1120316662394912768,1777980574000,1777981152000,1,0.087,0.681,0.1277533039647577
780109531760820224,1777933466000-632578958264631296-780109531760820224,1777933466000,1777934321000,1,0.087,0.642,0.13551401869158877
871730443827806208,1777960639000-632578958264631296-871730443827806208,1777960639000,1777960912000,1,0.087,0.246,0.35365853658536583
926835749754503168,1777987390000-632578958264631296-926835749754503168,1777987390000,1777987563000,1,0.087,0.124,0.7016129032258064
997896292355014656,1777943893000-632578958264631296-997896292355014656,1777943893000,1777944372000,1,0.087,0.272,0.31985294117647056
1065321017443876864,1777989232000-632578958264631296-1065321017443876864,1777989232000,1777989702000,1,0.086,0.169,0.5088757396449703
1373358446576926720,1777972509000-632578958264631296-1373358446576926720,1777972509000,1777972562000,1,0.086,0.008,10.749999999999998
1385304935976927232,1777954825000-632578958264631296-1385304935976927232,1777954825000,1777955003000,1,0.086,0.162,0.5308641975308641
1489984398731247616,1777980912000-632578958264631296-1489984398731247616,1777980912000,1777981159000,1,0.086,0.12,0.7166666666666667
1536014577374855168,1777976205000-632578958264631296-1536014577374855168,1777976205000,1777976887000,1,0.086,0.424,0.20283018867924527
869905949161160704,1777992342000-632578958264631296-869905949161160704,1777992342000,1777992753000,1,0.086,0.397,0.21662468513853902
964171206683000832,1777994122000-632578958264631296-964171206683000832,1777994122000,1777994869000,1,0.086,0.468,0.18376068376068375
1091761897729949696,1777964227000-632578958264631296-1091761897729949696,1777964227000,1777964342000,1,0.085,0.117,0.7264957264957265
1526262198169501696,1777950292000-632578958264631296-1526262198169501696,1777950292000,1777950619000,1,0.085,0.176,0.4829545454545455
939141093658722304,1777990552000-632578958264631296-939141093658722304,1777990552000,1777990826000,1,0.085,0.182,0.4670329670329671
966356141711818752,1777962007000-632578958264631296-966356141711818752,1777962007000,1777962464000,1,0.085,0.455,0.18681318681318682
1136252936335130624,1777973794000-632578958264631296-1136252936335130624,1777973794000,1777973949000,1,0.084,0.186,0.4516129032258065
1148896718033518592,1777986455000-632578958264631296-1148896718033518592,1777986455000,1777986626000,1,0.084,0.174,0.48275862068965525
1464286677953413120,1777983848000-632578958264631296-1464286677953413120,1777983848000,1777984019000,1,0.084,0.099,0.8484848484848485
780451764301201408,1777977892000-632578958264631296-780451764301201408,1777977892000,1777978136000,1,0.084,0.214,0.39252336448598135
940981890892955648,1777988529000-632578958264631296-940981890892955648,1777988529000,1777989067000,1,0.084,0.195,0.4307692307692308
1083726613264203776,1777940758000-632578958264631296-1083726613264203776,1777940758000,1777941236000,1,0.083,0.496,0.16733870967741937
1363836271826305024,1777925558000-632578958264631296-1363836271826305024,1777925558000,1777926381000,1,0.083,0.509,0.16306483300589392
1464628801508999168,1777989286000-632578958264631296-1464628801508999168,1777989286000,1777989458000,1,0.083,0.059,1.4067796610169494
1536022277991170048,1777956045000-632578958264631296-1536022277991170048,1777956045000,1777956223000,1,0.083,0.097,0.8556701030927836
1071826388769570816,1777986789000-632578958264631296-1071826388769570816,1777986789000,1777986934000,1,0.082,0.165,0.49696969696969695
1073966174624022528,1777924028000-632578958264631296-1073966174624022528,1777924028000,1777924352000,1,0.082,0.16,0.5125
1093476797997121536,1777966234000-632578958264631296-1093476797997121536,1777966234000,1777966393000,1,0.082,0.058,1.4137931034482758
1105915143314735104,1777972901000-632578958264631296-1105915143314735104,1777972901000,1777975354000,1,0.082,2.864,0.02863128491620112
1050037537222950912,1777987002000-632578958264631296-1050037537222950912,1777987002000,1777987317000,1,0.081,0.206,0.3932038834951457
1073994678560358400,1777982989000-632578958264631296-1073994678560358400,1777982989000,1777983454000,1,0.081,0.531,0.15254237288135594
1504892206538817536,1777960336000-632578958264631296-1504892206538817536,1777960336000,1777960859000,1,0.081,0.301,0.26910299003322263
951563481520275456,1777961446000-632578958264631296-951563481520275456,1777961446000,1777961584000,1,0.081,0.024,3.375
871730443827806208,1777963558000-632578958264631296-871730443827806208,1777963558000,1777963754000,1,0.08,0.209,0.3827751196172249
932302785804763136,1777995587000-632578958264631296-932302785804763136,1777995587000,1777995858000,1,0.08,0.081,0.9876543209876543
1083726789898928128,1777987103000-632578958264631296-1083726789898928128,1777987103000,1777987345000,1,0.079,0.259,0.305019305019305
1088492376734826496,1777980780000-632578958264631296-1088492376734826496,1777980780000,1777980961000,1,0.079,0.12,0.6583333333333333
1111626569580806144,1777959363000-632578958264631296-1111626569580806144,1777959363000,1777959514000,1,0.079,0.103,0.766990291262136
1536432469593554944,1777980468000-632578958264631296-1536432469593554944,1777980468000,1777980751000,1,0.079,0.258,0.3062015503875969
893821287409909760,1777971275000-632578958264631296-893821287409909760,1777971275000,1777971507000,1,0.079,0.024,3.2916666666666665
934473019407990784,1777953544000-632578958264631296-934473019407990784,1777953544000,1777954074000,1,0.079,0.439,0.17995444191343965
1073994678560358400,1777976603000-632578958264631296-1073994678560358400,1777976603000,1777976791000,1,0.078,0.115,0.6782608695652174
1478688867300147200,1777955638000-632578958264631296-1478688867300147200,1777955638000,1777956053000,1,0.078,0.229,0.34061135371179035
1545824482457812992,1777925717000-632578958264631296-1545824482457812992,1777925717000,1777925954000,1,0.078,0.255,0.30588235294117644
915980150607183872,1777962208000-632578958264631296-915980150607183872,1777962208000,1777962355000,1,0.078,0.059,1.3220338983050848
943856131652976640,1777993884000-632578958264631296-943856131652976640,1777993884000,1777995574000,1,0.078,0.678,0.11504424778761062
966356141711818752,1777957850000-632578958264631296-966356141711818752,1777957850000,1777958034000,1,0.078,0.231,0.33766233766233766
1083019060351860736,1777971947000-632578958264631296-1083019060351860736,1777971947000,1777972088000,1,0.077,0.152,0.506578947368421
1299087047838924800,1777950744000-632578958264631296-1299087047838924800,1777950744000,1777951151000,1,0.077,0.43,0.17906976744186046
1482772108667781120,1777943788000-632578958264631296-1482772108667781120,1777943788000,1777943955000,1,0.076,0.163,0.4662576687116564
1062738572429230080,1777983509000-632578958264631296-1062738572429230080,1777983509000,1777983699000,1,0.075,0.139,0.539568345323741
1064527564812320768,1777982378000-632578958264631296-1064527564812320768,1777982378000,1777983295000,1,0.075,0.349,0.21489971346704873
1093087738300727296,1777928802000-632578958264631296-1093087738300727296,1777928802000,1777929066000,1,0.075,0.207,0.36231884057971014
1363836271826305024,1777939887000-632578958264631296-1363836271826305024,1777939887000,1777940194000,1,0.075,0.254,0.2952755905511811
1385589109656911872,1777982807000-632578958264631296-1385589109656911872,1777982807000,1777983063000,1,0.075,0.119,0.6302521008403361
1536402078727929856,1777952251000-632578958264631296-1536402078727929856,1777952251000,1777952516000,1,0.075,0.155,0.48387096774193544
1536402078727929856,1777964092000-632578958264631296-1536402078727929856,1777964092000,1777964320000,1,0.075,0.156,0.4807692307692307
947452563299500032,1777954108000-632578958264631296-947452563299500032,1777954108000,1777954299000,1,0.075,0.086,0.872093023255814
970285003134992384,1777922968000-632578958264631296-970285003134992384,1777922968000,1777923163000,1,0.075,0.044,1.7045454545454546
1536014609964597248,1777959782000-632578958264631296-1536014609964597248,1777959782000,1777959949000,1,0.074,0.112,0.6607142857142857
819592403370377216,1777956325000-632578958264631296-819592403370377216,1777956325000,1777956878000,1,0.074,0.688,0.10755813953488372
876149191938670592,1777962589000-632578958264631296-876149191938670592,1777962589000,1777962724000,1,0.074,0.137,0.5401459854014597
1050037537222950912,1777988350000-632578958264631296-1050037537222950912,1777988350000,1777988497000,1,0.073,0.099,0.7373737373737373
1500484476822618112,1777988637000-632578958264631296-1500484476822618112,1777988637000,1777989209000,1,0.073,0.393,0.1857506361323155
869918310366445568,1777960973000-632578958264631296-869918310366445568,1777960973000,1777961512000,1,0.073,0.65,0.1123076923076923
1109445504082640896,1777985845000-632578958264631296-1109445504082640896,1777985845000,1777986131000,1,0.072,0.25,0.288
1345798361172672512,1777957743000-632578958264631296-1345798361172672512,1777957743000,1777958079000,1,0.072,0.222,0.3243243243243243
1363836271826305024,1777985623000-632578958264631296-1363836271826305024,1777985623000,1777986026000,1,0.072,0.299,0.24080267558528426
1504876024033181696,1777955592000-632578958264631296-1504876024033181696,1777955592000,1777955873000,1,0.072,0.133,0.5413533834586466
944587945103327232,1777961394000-632578958264631296-944587945103327232,1777961394000,1777961621000,1,0.072,0.107,0.6728971962616822
1050036509840769024,1777967262000-632578958264631296-1050036509840769024,1777967262000,1777967561000,1,0.071,0.371,0.19137466307277626
1067772524470730752,1777978372000-632578958264631296-1067772524470730752,1777978372000,1777978763000,1,0.071,0.287,0.24738675958188153
1083727986517082112,1777921071000-632578958264631296-1083727986517082112,1777921071000,1777921266000,1,0.071,0.205,0.3463414634146341
1083727986517082112,1777937286000-632578958264631296-1083727986517082112,1777937286000,1777937544000,1,0.071,0.188,0.37765957446808507
1428366867084345344,1777988046000-632578958264631296-1428366867084345344,1777988046000,1777988354000,1,0.071,0.172,0.4127906976744186
1477629515881512960,1777948486000-632578958264631296-1477629515881512960,1777948486000,1777948602000,1,0.071,0.051,1.392156862745098
961239466377216000,1777964659000-632578958264631296-961239466377216000,1777964659000,1777964791000,1,0.071,0.054,1.3148148148148147
1063488404655702016,1777959390000-632578958264631296-1063488404655702016,1777959390000,1777960473000,1,0.07,1.165,0.06008583690987125
1071019405950844928,1777965417000-632578958264631296-1071019405950844928,1777965417000,1777965597000,1,0.07,0.104,0.6730769230769231
1083728245179809792,1777991806000-632578958264631296-1083728245179809792,1777991806000,1777992297000,1,0.07,0.692,0.10115606936416187
1464628801508999168,1777967941000-632578958264631296-1464628801508999168,1777967941000,1777968047000,1,0.07,0.013,5.384615384615385
1504892206538817536,1777955181000-632578958264631296-1504892206538817536,1777955181000,1777955497000,1,0.07,0.219,0.31963470319634707
1505916014645215232,1777980380000-632578958264631296-1505916014645215232,1777980380000,1777980533000,1,0.07,0.173,0.4046242774566475
1535704124731949056,1777949142000-632578958264631296-1535704124731949056,1777949142000,1777949707000,1,0.07,0.361,0.19390581717451527
876149191938670592,1777995173000-632578958264631296-876149191938670592,1777995173000,1777995406000,1,0.07,0.165,0.42424242424242425
1067771070980816896,1777962657000-632578958264631296-1067771070980816896,1777962657000,1777963081000,1,0.069,0.159,0.4339622641509434
1491416395517263872,1777991037000-632578958264631296-1491416395517263872,1777991037000,1777991254000,1,0.069,0.079,0.8734177215189874
934473019407990784,1777961150000-632578958264631296-934473019407990784,1777961150000,1777961731000,1,0.069,0.566,0.12190812720848059
1050037537222950912,1777983078000-632578958264631296-1050037537222950912,1777983078000,1777983402000,1,0.068,0.215,0.3162790697674419
1067776270814674944,1777965556000-632578958264631296-1067776270814674944,1777965556000,1777965854000,1,0.068,0.227,0.29955947136563876
1071019405950844928,1777963457000-632578958264631296-1071019405950844928,1777963457000,1777963937000,1,0.068,0.244,0.27868852459016397
1464286677953413120,1777980672000-632578958264631296-1464286677953413120,1777980672000,1777981311000,1,0.068,0.569,0.11950790861159932
780451764301201408,1777977186000-632578958264631296-780451764301201408,1777977186000,1777977326000,1,0.068,0.086,0.7906976744186047
946025653910634496,1777959553000-632578958264631296-946025653910634496,1777959553000,1777959663000,1,0.068,0.087,0.781609195402299
1131631502098956288,1777927182000-632578958264631296-1131631502098956288,1777927182000,1777927558000,1,0.067,0.449,0.1492204899777283
1536014577374855168,1777964127000-632578958264631296-1536014577374855168,1777964127000,1777964709000,1,0.067,0.348,0.19252873563218392
788429534713085952,1777957895000-632578958264631296-788429534713085952,1777957895000,1777958227000,1,0.067,1.368,0.0489766081871345
940981890892955648,1777950517000-632578958264631296-940981890892955648,1777950517000,1777950814000,1,0.067,0.123,0.5447154471544716
943856131652976640,1777968136000-632578958264631296-943856131652976640,1777968136000,1777969509000,1,0.067,0.46,0.14565217391304347
1073664045493518336,1777990491000-632578958264631296-1073664045493518336,1777990491000,1777990855000,1,0.066,0.204,0.3235294117647059
934473019407990784,1777960006000-632578958264631296-934473019407990784,1777960006000,1777960362000,1,0.066,0.42,0.15714285714285717
1067764585097854976,1777964152000-632578958264631296-1067764585097854976,1777964152000,1777964748000,1,0.065,0.553,0.11754068716094032
1131631502098956288,1777941855000-632578958264631296-1131631502098956288,1777941855000,1777942476000,1,0.065,0.553,0.11754068716094032
1489984398731247616,1777984413000-632578958264631296-1489984398731247616,1777984413000,1777984620000,1,0.065,0.07,0.9285714285714285
1525526061327056896,1777970655000-632578958264631296-1525526061327056896,1777970655000,1777970860000,1,0.065,0.139,0.4676258992805755
877447467317067776,1777976867000-632578958264631296-877447467317067776,1777976867000,1777977080000,1,0.065,0.203,0.32019704433497537
879404563604439040,1777989465000-632578958264631296-879404563604439040,1777989465000,1777989598000,1,0.065,0.068,0.9558823529411764
1062738572429230080,1777965229000-632578958264631296-1062738572429230080,1777965229000,1777965403000,1,0.064,0.054,1.1851851851851851
1067764585097854976,1777965354000-632578958264631296-1067764585097854976,1777965354000,1777965737000,1,0.064,0.384,0.16666666666666666
1067764585097854976,1777976258000-632578958264631296-1067764585097854976,1777976258000,1777976511000,1,0.064,0.274,0.23357664233576642
1083727517765861376,1777975915000-632578958264631296-1083727517765861376,1777975915000,1777976084000,1,0.064,0.12,0.5333333333333333
1094584670655348736,1777985041000-632578958264631296-1094584670655348736,1777985041000,1777985288000,1,0.064,0.111,0.5765765765765766
1294704486559776768,1777979207000-632578958264631296-1294704486559776768,1777979207000,1777979397000,1,0.064,0.094,0.6808510638297872
1422205425331208192,1778001304000-632578958264631296-1422205425331208192,1778001304000,1778001874000,1,0.064,0.248,0.25806451612903225
1464286677953413120,1777984110000-632578958264631296-1464286677953413120,1777984110000,1777984383000,1,0.064,0.143,0.4475524475524476
787325260482478080,1777919490000-632578958264631296-787325260482478080,1777919490000,1777919774000,1,0.064,0.224,0.2857142857142857
926835749754503168,1777987741000-632578958264631296-926835749754503168,1777987741000,1777987889000,1,0.064,0.089,0.7191011235955057
932612842287267840,1777985188000-632578958264631296-932612842287267840,1777985188000,1777985345000,1,0.064,0.047,1.3617021276595744
1153273602804547584,1777983506000-632578958264631296-1153273602804547584,1777983506000,1777983686000,1,0.063,0.068,0.926470588235294
847126508215468032,1777969141000-632578958264631296-847126508215468032,1777969141000,1777969320000,1,0.063,0.212,0.2971698113207547
847126508215468032,1777969904000-632578958264631296-847126508215468032,1777969904000,1777970106000,1,0.063,0.193,0.32642487046632124
1093476797997121536,1777994404000-632578958264631296-1093476797997121536,1777994404000,1777994896000,1,0.062,0.278,0.22302158273381292
1536432469593554944,1777984179000-632578958264631296-1536432469593554944,1777984179000,1777984555000,1,0.062,0.268,0.23134328358208953
818154714091749376,1777986644000-632578958264631296-818154714091749376,1777986644000,1777987355000,1,0.062,0.538,0.11524163568773234
819592403370377216,1777952087000-632578958264631296-819592403370377216,1777952087000,1777952833000,1,0.062,0.737,0.08412483039348712
943857890790211584,1777985220000-632578958264631296-943857890790211584,1777985220000,1777985406000,1,0.062,0.082,0.7560975609756098
944591832124227584,1777950602000-632578958264631296-944591832124227584,1777950602000,1777951127000,1,0.062,0.27,0.2296296296296296
947091862986948608,1777955953000-632578958264631296-947091862986948608,1777955953000,1777957063000,1,0.062,0.095,0.6526315789473685
1062738572429230080,1777958839000-632578958264631296-1062738572429230080,1777958839000,1777959040000,1,0.061,0.102,0.5980392156862745
1188144161019133952,1777953795000-632578958264631296-1188144161019133952,1777953795000,1777954042000,1,0.061,0.012,5.083333333333333
873568577507033088,1777968585000-632578958264631296-873568577507033088,1777968585000,1777969177000,1,0.061,0.662,0.09214501510574018
927171595435245568,1777953798000-632578958264631296-927171595435245568,1777953798000,1777953967000,1,0.061,0.063,0.9682539682539683
970285003134992384,1777929597000-632578958264631296-970285003134992384,1777929597000,1777929745000,1,0.061,0.013,4.6923076923076925
1050766698002513920,1777987601000-632578958264631296-1050766698002513920,1777987601000,1777987843000,1,0.06,0.091,0.6593406593406593
1083726613264203776,1777940243000-632578958264631296-1083726613264203776,1777940243000,1777940618000,1,0.06,0.389,0.15424164524421594
1083728245179809792,1777994295000-632578958264631296-1083728245179809792,1777994295000,1777994545000,1,0.06,0.256,0.234375
1093087738300727296,1777997547000-632578958264631296-1093087738300727296,1777997547000,1777997688000,1,0.06,0.106,0.5660377358490566
1148896718033518592,1777985507000-632578958264631296-1148896718033518592,1777985507000,1777985654000,1,0.06,0.17,0.3529411764705882
1536427445069021184,1777988310000-632578958264631296-1536427445069021184,1777988310000,1777988619000,1,0.06,0.241,0.24896265560165975
1536432469593554944,1777976230000-632578958264631296-1536432469593554944,1777976230000,1777976576000,1,0.06,0.206,0.2912621359223301
1070378226594873344,1777993298000-632578958264631296-1070378226594873344,1777993298000,1777994058000,1,0.059,0.506,0.11660079051383399
1113484110199783424,1777966763000-632578958264631296-1113484110199783424,1777966763000,1777967478000,1,0.059,0.452,0.13053097345132741
1168836102002311168,1777950314000-632578958264631296-1168836102002311168,1777950314000,1777950664000,1,0.059,0.23,0.25652173913043474
1361380561528029184,1777999410000-632578958264631296-1361380561528029184,1777999410000,1778000190000,1,0.059,0.55,0.10727272727272726
1526262198169501696,1777964389000-632578958264631296-1526262198169501696,1777964389000,1777964691000,1,0.059,0.294,0.20068027210884354
882591537697914880,1777962547000-632578958264631296-882591537697914880,1777962547000,1777962938000,1,0.059,0.391,0.15089514066496162
1125482414773108736,1777961408000-632578958264631296-1125482414773108736,1777961408000,1777961769000,1,0.058,0.153,0.3790849673202615
1286352128566099968,1777967426000-632578958264631296-1286352128566099968,1777967426000,1777967849000,1,0.058,0.485,0.11958762886597939
1286352128566099968,1777972519000-632578958264631296-1286352128566099968,1777972519000,1777972939000,1,0.058,0.423,0.13711583924349882
1536427445069021184,1777981883000-632578958264631296-1536427445069021184,1777981883000,1777982239000,1,0.058,0.261,0.22222222222222224
870575606247456768,1777966118000-632578958264631296-870575606247456768,1777966118000,1777966898000,1,0.058,0.818,0.07090464547677262
1073994678560358400,1777968829000-632578958264631296-1073994678560358400,1777968829000,1777969254000,1,0.057,0.38,0.15
1088511709141794816,1777997416000-632578958264631296-1088511709141794816,1777997416000,1777997591000,1,0.057,0.202,0.28217821782178215
1176582451024101376,1777995069000-632578958264631296-1176582451024101376,1777995069000,1777995358000,1,0.057,0.365,0.15616438356164383
1397607641592627200,1778001278000-632578958264631296-1397607641592627200,1778001278000,1778002438000,1,0.057,0.589,0.09677419354838711
873101078441230336,1778003040000-632578958264631296-873101078441230336,1778003040000,1778003353000,1,0.057,0.447,0.12751677852348994
1050766698002513920,1777988860000-632578958264631296-1050766698002513920,1777988860000,1777989220000,1,0.056,0.093,0.6021505376344086
1073277847704961024,1777996062000-632578958264631296-1073277847704961024,1777996062000,1777997976000,1,0.056,0.544,0.10294117647058823
1094588896550846464,1777975914000-632578958264631296-1094588896550846464,1777975914000,1777976008000,1,0.056,0.084,0.6666666666666666
1111626569580806144,1777930189000-632578958264631296-1111626569580806144,1777930189000,1777930510000,1,0.056,0.121,0.4628099173553719
1187402009754468352,1777961830000-632578958264631296-1187402009754468352,1777961830000,1777962193000,1,0.056,0.425,0.13176470588235295
1471164933021368320,1777980943000-632578958264631296-1471164933021368320,1777980943000,1777981111000,1,0.056,0.179,0.3128491620111732
915980150607183872,1777973151000-632578958264631296-915980150607183872,1777973151000,1777973367000,1,0.056,0.085,0.6588235294117647
939547018001383424,1777992131000-632578958264631296-939547018001383424,1777992131000,1777992602000,1,0.056,0.443,0.12641083521444696
939547788868321280,1777956317000-632578958264631296-939547788868321280,1777956317000,1777956488000,1,0.056,0.018,3.1111111111111116
1079095062366781440,1777993288000-632578958264631296-1079095062366781440,1777993288000,1777993440000,1,0.055,0.085,0.6470588235294117
1083726345994764288,1777952988000-632578958264631296-1083726345994764288,1777952988000,1777953152000,1,0.055,0.23,0.23913043478260868
943857890790211584,1777987381000-632578958264631296-943857890790211584,1777987381000,1777987490000,1,0.055,0.051,1.0784313725490198
1268615116379652096,1777961762000-632578958264631296-1268615116379652096,1777961762000,1777962040000,1,0.054,0.237,0.2278481012658228
1536014609964597248,1777951380000-632578958264631296-1536014609964597248,1777951380000,1777951842000,1,0.054,0.237,0.2278481012658228
939141093658722304,1777991020000-632578958264631296-939141093658722304,1777991020000,1777991359000,1,0.054,0.145,0.3724137931034483
1526262198169501696,1777986246000-632578958264631296-1526262198169501696,1777986246000,1777986524000,1,0.053,0.212,0.25
780059706918961152,1777976627000-632578958264631296-780059706918961152,1777976627000,1777977299000,1,0.053,0.437,0.12128146453089245
862677844923252736,1777940400000-632578958264631296-862677844923252736,1777940400000,1777940715000,1,0.053,0.226,0.23451327433628316
939139369715892224,1777973352000-632578958264631296-939139369715892224,1777973352000,1777973878000,1,0.053,0.349,0.1518624641833811
1050036509840769024,1777953455000-632578958264631296-1050036509840769024,1777953455000,1777953715000,1,0.052,0.281,0.18505338078291814
1060872975626010624,1777951314000-632578958264631296-1060872975626010624,1777951314000,1777951428000,1,0.052,0.175,0.29714285714285715
1073277847704961024,1777966599000-632578958264631296-1073277847704961024,1777966599000,1777966946000,1,0.052,0.097,0.5360824742268041
1083728245179809792,1777986496000-632578958264631296-1083728245179809792,1777986496000,1777986681000,1,0.052,0.208,0.25
1406586595699589120,1777955984000-632578958264631296-1406586595699589120,1777955984000,1777956232000,1,0.052,0.246,0.2113821138211382
1536432469593554944,1777989910000-632578958264631296-1536432469593554944,1777989910000,1777990112000,1,0.052,0.073,0.7123287671232876
970285003134992384,1777921940000-632578958264631296-970285003134992384,1777921940000,1777922198000,1,0.052,0.294,0.17687074829931973
1093087738300727296,1777977944000-632578958264631296-1093087738300727296,1777977944000,1777978232000,1,0.051,0.351,0.1452991452991453
1120316585941139456,1777985238000-632578958264631296-1120316585941139456,1777985238000,1777985394000,1,0.051,0.11,0.4636363636363636
1396881382210273280,1777986976000-632578958264631296-1396881382210273280,1777986976000,1777987557000,1,0.051,0.277,0.18411552346570395
1477629515881512960,1777948266000-632578958264631296-1477629515881512960,1777948266000,1777948371000,1,0.051,0.04,1.275
1488160320575766528,1777948351000-632578958264631296-1488160320575766528,1777948351000,1777948530000,1,0.051,0.081,0.6296296296296295
871730443827806208,1777965110000-632578958264631296-871730443827806208,1777965110000,1777965314000,1,0.051,0.216,0.2361111111111111
931938125880492032,1777987074000-632578958264631296-931938125880492032,1777987074000,1777987721000,1,0.051,0.661,0.07715582450832072
946029060134273024,1777978477000-632578958264631296-946029060134273024,1777978477000,1777978704000,1,0.051,0.068,0.7499999999999999
951563481520275456,1778001448000-632578958264631296-951563481520275456,1778001448000,1778001569000,1,0.051,0.016,3.1874999999999996
1050781532765028352,1777962321000-632578958264631296-1050781532765028352,1777962321000,1777962573000,1,0.05,0.101,0.49504950495049505
1076186718555602944,1777982977000-632578958264631296-1076186718555602944,1777982977000,1777983666000,1,0.05,0.262,0.19083969465648856
1083729116835872768,1777983310000-632578958264631296-1083729116835872768,1777983310000,1777984061000,1,0.05,0.884,0.05656108597285068
1101524127430213632,1777921008000-632578958264631296-1101524127430213632,1777921008000,1777921144000,1,0.05,0.133,0.37593984962406013
1134877765846171648,1777928847000-632578958264631296-1134877765846171648,1777928847000,1777929187000,1,0.05,0.415,0.12048192771084339
1428366867084345344,1777998619000-632578958264631296-1428366867084345344,1777998619000,1777999016000,1,0.05,0.346,0.14450867052023122
1525526061327056896,1777979837000-632578958264631296-1525526061327056896,1777979837000,1777980046000,1,0.05,0.128,0.390625
1536014577374855168,1778001744000-632578958264631296-1536014577374855168,1778001744000,1778002101000,1,0.05,0.152,0.32894736842105265
1067775149379420160,1777968033000-632578958264631296-1067775149379420160,1777968033000,1777968464000,1,0.049,0.47,0.10425531914893618
1083726613264203776,1777985297000-632578958264631296-1083726613264203776,1777985297000,1777985589000,1,0.049,0.288,0.1701388888888889
1132636252537880576,1777945073000-632578958264631296-1132636252537880576,1777945073000,1777945258000,1,0.049,0.091,0.5384615384615385
873897783357079552,1777990354000-632578958264631296-873897783357079552,1777990354000,1777990576000,1,0.049,0.101,0.48514851485148514
878252193440858112,1777949994000-632578958264631296-878252193440858112,1777949994000,1777950138000,1,0.049,0.1,0.49
1101156788989853696,1777967647000-632578958264631296-1101156788989853696,1777967647000,1777967857000,1,0.048,0.12,0.4
1152270574152581120,1777940271000-632578958264631296-1152270574152581120,1777940271000,1777940996000,1,0.048,0.432,0.11111111111111112
1312806942439112704,1777973273000-632578958264631296-1312806942439112704,1777973273000,1777973658000,1,0.048,0.165,0.2909090909090909
1422205318414204928,1777988709000-632578958264631296-1422205318414204928,1777988709000,1777988940000,1,0.048,0.244,0.19672131147540983
1537822792169291776,1777979226000-632578958264631296-1537822792169291776,1777979226000,1777979393000,1,0.048,0.113,0.4247787610619469
780109531760820224,1777959258000-632578958264631296-780109531760820224,1777959258000,1777959488000,1,0.048,0.205,0.23414634146341465
847124352678756352,1777987288000-632578958264631296-847124352678756352,1777987288000,1777987482000,1,0.048,0.097,0.4948453608247423
862677558196436992,1777936535000-632578958264631296-862677558196436992,1777936535000,1777938119000,1,0.048,1.94,0.024742268041237116
879404563604439040,1777987070000-632578958264631296-879404563604439040,1777987070000,1777987177000,1,0.048,0.034,1.4117647058823528
1108736100332994560,1778001748000-632578958264631296-1108736100332994560,1778001748000,1778002762000,1,0.047,1.18,0.039830508474576275
878252193440858112,1777986153000-632578958264631296-878252193440858112,1777986153000,1777986582000,1,0.047,0.144,0.3263888888888889
893821287409909760,1777942589000-632578958264631296-893821287409909760,1777942589000,1777942693000,1,0.047,0.014,3.357142857142857
951558414842986496,1777965289000-632578958264631296-951558414842986496,1777965289000,1777965683000,1,0.047,0.256,0.18359375
951882940915122176,1777978185000-632578958264631296-951882940915122176,1777978185000,1777978325000,1,0.047,0.081,0.5802469135802469
1041007225465733120,1777975771000-632578958264631296-1041007225465733120,1777975771000,1777976013000,1,0.046,0.155,0.2967741935483871
1126869078934290432,1777978217000-632578958264631296-1126869078934290432,1777978217000,1777978406000,1,0.046,0.123,0.37398373983739835
1298646515224412160,1777982274000-632578958264631296-1298646515224412160,1777982274000,1777982411000,1,0.046,0.091,0.5054945054945055
1422205425331208192,1777989165000-632578958264631296-1422205425331208192,1777989165000,1777989532000,1,0.046,0.143,0.3216783216783217
1526262198169501696,1777975378000-632578958264631296-1526262198169501696,1777975378000,1777975729000,1,0.046,0.224,0.20535714285714285
1536427445069021184,1777964046000-632578958264631296-1536427445069021184,1777964046000,1777964409000,1,0.046,0.225,0.20444444444444443
870575606247456768,1777962337000-632578958264631296-870575606247456768,1777962337000,1777962544000,1,0.046,0.143,0.3216783216783217
925753337108758528,1777973100000-632578958264631296-925753337108758528,1777973100000,1777973215000,1,0.046,0.03,1.5333333333333334
1362452416535986176,1777991311000-632578958264631296-1362452416535986176,1777991311000,1777991714000,1,0.045,0.276,0.16304347826086954
1484590862305329152,1777984869000-632578958264631296-1484590862305329152,1777984869000,1777985068000,1,0.045,0.176,0.2556818181818182
1489984398731247616,1777952856000-632578958264631296-1489984398731247616,1777952856000,1777953212000,1,0.045,0.18,0.25
847126508215468032,1777939594000-632578958264631296-847126508215468032,1777939594000,1777939730000,1,0.045,0.15,0.3
869918310366445568,1777956334000-632578958264631296-869918310366445568,1777956334000,1777956545000,1,0.045,0.133,0.3383458646616541
938817698895233024,1777951800000-632578958264631296-938817698895233024,1777951800000,1777952171000,1,0.045,0.255,0.1764705882352941
951559578305167360,1777989710000-632578958264631296-951559578305167360,1777989710000,1777989988000,1,0.045,0.111,0.4054054054054054
1050781532765028352,1777942929000-632578958264631296-1050781532765028352,1777942929000,1777943217000,1,0.044,0.212,0.20754716981132074
1067765061260410880,1777944784000-632578958264631296-1067765061260410880,1777944784000,1777945075000,1,0.044,0.271,0.16236162361623613
1083726613264203776,1777971681000-632578958264631296-1083726613264203776,1777971681000,1777971974000,1,0.044,0.206,0.21359223300970873
1083727986517082112,1777945620000-632578958264631296-1083727986517082112,1777945620000,1777945825000,1,0.044,0.186,0.23655913978494622
1389243594644127744,1777981480000-632578958264631296-1389243594644127744,1777981480000,1777981715000,1,0.044,0.128,0.34375
790970454885007360,1777966177000-632578958264631296-790970454885007360,1777966177000,1777966374000,1,0.044,0.132,0.3333333333333333
927171595435245568,1777969159000-632578958264631296-927171595435245568,1777969159000,1777969271000,1,0.044,0.057,0.7719298245614035
1488160320575766528,1777989102000-632578958264631296-1488160320575766528,1777989102000,1777989296000,1,0.043,0.158,0.27215189873417717
1501933614227521536,1777952187000-632578958264631296-1501933614227521536,1777952187000,1777952422000,1,0.043,0.128,0.33593749999999994
1536014625517076480,1777993900000-632578958264631296-1536014625517076480,1777993900000,1777994286000,1,0.043,0.316,0.13607594936708858
927179928254808064,1777986257000-632578958264631296-927179928254808064,1777986257000,1777986395000,1,0.043,0.062,0.6935483870967741
927179928254808064,1778003495000-632578958264631296-927179928254808064,1778003495000,1778005323000,1,0.043,0.771,0.05577172503242542
928334310946111488,1777980306000-632578958264631296-928334310946111488,1777980306000,1777980482000,1,0.043,0.11,0.3909090909090909
1046837731746906112,1777966425000-632578958264631296-1046837731746906112,1777966425000,1777966732000,1,0.042,0.644,0.06521739130434782
1050036019790872576,1777963404000-632578958264631296-1050036019790872576,1777963404000,1777963559000,1,0.042,0.153,0.27450980392156865
1101156788989853696,1777978343000-632578958264631296-1101156788989853696,1777978343000,1777978466000,1,0.042,0.034,1.2352941176470589
1152269748554170368,1777976690000-632578958264631296-1152269748554170368,1777976690000,1777977077000,1,0.042,0.412,0.10194174757281554
1389244082743672832,1777963043000-632578958264631296-1389244082743672832,1777963043000,1777963367000,1,0.042,0.136,0.3088235294117647
873104331912511488,1777960704000-632578958264631296-873104331912511488,1777960704000,1777961017000,1,0.042,0.341,0.12316715542521994
966356141711818752,1777960764000-632578958264631296-966356141711818752,1777960764000,1777961009000,1,0.042,0.287,0.14634146341463417
1050037537222950912,1777989829000-632578958264631296-1050037537222950912,1777989829000,1777990058000,1,0.041,0.171,0.23976608187134502
1067764585097854976,1777979650000-632578958264631296-1067764585097854976,1777979650000,1777979938000,1,0.041,0.235,0.174468085106383
1111626569580806144,1777957253000-632578958264631296-1111626569580806144,1777957253000,1777957913000,1,0.041,0.416,0.09855769230769232
1277220593376165888,1777958583000-632578958264631296-1277220593376165888,1777958583000,1777958725000,1,0.041,0.112,0.3660714285714286
1385304935976927232,1777965161000-632578958264631296-1385304935976927232,1777965161000,1777965639000,1,0.041,0.213,0.19248826291079812
1479440816106635264,1777935839000-632578958264631296-1479440816106635264,1777935839000,1777936007000,1,0.041,0.079,0.5189873417721519
787737136659955712,1777977971000-632578958264631296-787737136659955712,1777977971000,1777978265000,1,0.041,0.212,0.19339622641509435
1083726887294861312,1777979037000-632578958264631296-1083726887294861312,1777979037000,1777979435000,1,0.04,0.484,0.08264462809917356
1113484110199783424,1777943008000-632578958264631296-1113484110199783424,1777943008000,1777943285000,1,0.04,0.366,0.10928961748633881
1148896718033518592,1777976343000-632578958264631296-1148896718033518592,1777976343000,1777976848000,1,0.04,0.52,0.07692307692307693
1362128357327634432,1777995909000-632578958264631296-1362128357327634432,1777995909000,1777996446000,1,0.04,0.344,0.11627906976744187
1484590862305329152,1777986540000-632578958264631296-1484590862305329152,1777986540000,1777986855000,1,0.04,0.188,0.2127659574468085
939139369715892224,1777987992000-632578958264631296-939139369715892224,1777987992000,1777988473000,1,0.04,0.425,0.09411764705882353
947452563299500032,1777971318000-632578958264631296-947452563299500032,1777971318000,1777971467000,1,0.04,0.048,0.8333333333333334
1067776196789403648,1777961135000-632578958264631296-1067776196789403648,1777961135000,1777961298000,1,0.039,0.091,0.4285714285714286
1083728870357598208,1777996328000-632578958264631296-1083728870357598208,1777996328000,1777996618000,1,0.039,0.278,0.14028776978417265
1148896718033518592,1777984090000-632578958264631296-1148896718033518592,1777984090000,1777984288000,1,0.039,0.196,0.1989795918367347
1422205425331208192,1778004623000-632578958264631296-1422205425331208192,1778004623000,1778005245000,1,0.039,0.235,0.16595744680851066
1464260641047969792,1777994922000-632578958264631296-1464260641047969792,1777994922000,1777995149000,1,0.039,0.115,0.3391304347826087
933416236518211584,1777974913000-632578958264631296-933416236518211584,1777974913000,1777975155000,1,0.039,0.117,0.3333333333333333
1073966174624022528,1777932576000-632578958264631296-1073966174624022528,1777932576000,1777932835000,1,0.038,0.065,0.5846153846153845
939546232131420160,1777951236000-632578958264631296-939546232131420160,1777951236000,1777951714000,1,0.038,0.559,0.06797853309481215
1060533930890887168,1777965413000-632578958264631296-1060533930890887168,1777965413000,1777965578000,1,0.037,0.134,0.2761194029850746
1469693281720860672,1777956145000-632578958264631296-1469693281720860672,1777956145000,1777956339000,1,0.037,0.037,1.0
1536014589357981696,1777999904000-632578958264631296-1536014589357981696,1777999904000,1778000136000,1,0.037,0.119,0.31092436974789917
1536393085787832320,1777969598000-632578958264631296-1536393085787832320,1777969598000,1777969791000,1,0.037,0.138,0.2681159420289855
1536427445069021184,1777966484000-632578958264631296-1536427445069021184,1777966484000,1777966689000,1,0.037,0.254,0.14566929133858267
635414692210147328,1777993453000-632578958264631296-635414692210147328,1777993453000,1777994267000,1,0.037,0.621,0.05958132045088566
635414692210147328,1777996514000-632578958264631296-635414692210147328,1777996514000,1777997210000,1,0.037,0.471,0.07855626326963906
780122893064339456,1777987853000-632578958264631296-780122893064339456,1777987853000,1777988017000,1,0.037,0.097,0.38144329896907214
792451319469178880,1777990634000-632578958264631296-792451319469178880,1777990634000,1777990826000,1,0.037,0.25,0.148
798991075485155328,1777977775000-632578958264631296-798991075485155328,1777977775000,1777978041000,1,0.037,0.178,0.20786516853932585
879404563604439040,1777986914000-632578958264631296-879404563604439040,1777986914000,1777987064000,1,0.037,0.08,0.46249999999999997
939548220361539584,1777985445000-632578958264631296-939548220361539584,1777985445000,1777985629000,1,0.037,0.123,0.30081300813008127
1049341310072258560,1777993715000-632578958264631296-1049341310072258560,1777993715000,1777993889000,1,0.036,0.066,0.5454545454545454
1050037649940676608,1777988812000-632578958264631296-1050037649940676608,1777988812000,1777989079000,1,0.036,0.24,0.15
1073994678560358400,1777966149000-632578958264631296-1073994678560358400,1777966149000,1777966425000,1,0.036,0.258,0.13953488372093023
1209168031477923840,1777952823000-632578958264631296-1209168031477923840,1777952823000,1777953115000,1,0.036,0.021,1.714285714285714
1312806942439112704,1777970871000-632578958264631296-1312806942439112704,1777970871000,1777970978000,1,0.036,0.049,0.7346938775510203
787737136659955712,1777953644000-632578958264631296-787737136659955712,1777953644000,1777954123000,1,0.036,0.33,0.10909090909090907
877447467317067776,1777986601000-632578958264631296-877447467317067776,1777986601000,1777986885000,1,0.036,0.308,0.11688311688311688
932302785804763136,1777986753000-632578958264631296-932302785804763136,1777986753000,1777986844000,1,0.036,0.038,0.9473684210526315
951882940915122176,1777951119000-632578958264631296-951882940915122176,1777951119000,1777951365000,1,0.036,0.129,0.27906976744186046
1079095062366781440,1777979875000-632578958264631296-1079095062366781440,1777979875000,1777979986000,1,0.035,0.058,0.603448275862069
1093087738300727296,1777929817000-632578958264631296-1093087738300727296,1777929817000,1777929975000,1,0.035,0.105,0.33333333333333337
1109445504082640896,1777992749000-632578958264631296-1109445504082640896,1777992749000,1777992932000,1,0.035,0.177,0.19774011299435032
1135541524696662016,1777969517000-632578958264631296-1135541524696662016,1777969517000,1777969715000,1,0.035,0.134,0.2611940298507463
1148896718033518592,1777984380000-632578958264631296-1148896718033518592,1777984380000,1777984568000,1,0.035,0.168,0.20833333333333334
1148896718033518592,1778000584000-632578958264631296-1148896718033518592,1778000584000,1778000792000,1,0.035,0.225,0.15555555555555556
936665179544879104,1777943345000-632578958264631296-936665179544879104,1777943345000,1777943796000,1,0.035,0.463,0.0755939524838013
946032945880104960,1777956768000-632578958264631296-946032945880104960,1777956768000,1777956884000,1,0.035,0.062,0.5645161290322581
1046443765134262272,1777974188000-632578958264631296-1046443765134262272,1777974188000,1777974303000,1,0.034,0.095,0.35789473684210527
1088168906306093056,1777965575000-632578958264631296-1088168906306093056,1777965575000,1777965766000,1,0.034,0.113,0.3008849557522124
809467481230934016,1777988299000-632578958264631296-809467481230934016,1777988299000,1777988786000,1,0.034,0.371,0.09164420485175202
847126508215468032,1777970713000-632578958264631296-847126508215468032,1777970713000,1777970854000,1,0.034,0.089,0.3820224719101124
893821287409909760,1777977974000-632578958264631296-893821287409909760,1777977974000,1777978136000,1,0.034,0.01,3.4000000000000004
932302785804763136,1777997670000-632578958264631296-932302785804763136,1777997670000,1777997942000,1,0.034,0.096,0.3541666666666667
939138676678459392,1777991552000-632578958264631296-939138676678459392,1777991552000,1777991708000,1,0.034,0.047,0.723404255319149
940246634145513472,1777986835000-632578958264631296-940246634145513472,1777986835000,1777987289000,1,0.034,0.291,0.1168384879725086
942470042409238528,1777997095000-632578958264631296-942470042409238528,1777997095000,1777997579000,1,0.034,0.223,0.15246636771300448
946024601958219776,1777953751000-632578958264631296-946024601958219776,1777953751000,1777954053000,1,0.034,0.154,0.2207792207792208
1050036509840769024,1777952938000-632578958264631296-1050036509840769024,1777952938000,1777953289000,1,0.033,0.42,0.07857142857142858
1050441880044568576,1777973263000-632578958264631296-1050441880044568576,1777973263000,1777973548000,1,0.033,0.254,0.12992125984251968
1082330521322651648,1777987274000-632578958264631296-1082330521322651648,1777987274000,1777987821000,1,0.033,0.521,0.06333973128598848
1083728245179809792,1777994932000-632578958264631296-1083728245179809792,1777994932000,1777995095000,1,0.033,0.173,0.19075144508670522
1088168906306093056,1777941967000-632578958264631296-1088168906306093056,1777941967000,1777942224000,1,0.033,0.246,0.13414634146341464
1175796546902425600,1777959060000-632578958264631296-1175796546902425600,1777959060000,1777959236000,1,0.033,0.181,0.18232044198895028
1471164933021368320,1777964603000-632578958264631296-1471164933021368320,1777964603000,1777964825000,1,0.033,0.075,0.44000000000000006
1536014535985463296,1777927852000-632578958264631296-1536014535985463296,1777927852000,1777928219000,1,0.033,0.191,0.17277486910994766
1536432469593554944,1777982756000-632578958264631296-1536432469593554944,1777982756000,1777983054000,1,0.033,0.213,0.15492957746478875
787000328028422144,1777942079000-632578958264631296-787000328028422144,1777942079000,1777942350000,1,0.033,0.221,0.1493212669683258
787000328028422144,1777944100000-632578958264631296-787000328028422144,1777944100000,1777944330000,1,0.033,0.221,0.1493212669683258
1067765247101632512,1777921063000-632578958264631296-1067765247101632512,1777921063000,1777921353000,1,0.032,0.255,0.12549019607843137
1073277847704961024,1777998477000-632578958264631296-1073277847704961024,1777998477000,1777999931000,1,0.032,0.472,0.06779661016949153
1073994678560358400,1777976176000-632578958264631296-1073994678560358400,1777976176000,1777976414000,1,0.032,0.259,0.12355212355212356
1083728245179809792,1777967875000-632578958264631296-1083728245179809792,1777967875000,1777968070000,1,0.032,0.204,0.15686274509803924
943818921138454528,1777960028000-632578958264631296-943818921138454528,1777960028000,1777960375000,1,0.032,0.114,0.2807017543859649
946032744595456000,1777962841000-632578958264631296-946032744595456000,1777962841000,1777962953000,1,0.032,0.077,0.4155844155844156
1050036836505747456,1777959691000-632578958264631296-1050036836505747456,1777959691000,1777960219000,1,0.031,0.762,0.04068241469816273
1050441880044568576,1777952537000-632578958264631296-1050441880044568576,1777952537000,1777953577000,1,0.031,0.541,0.05730129390018484
1065321017443876864,1777968098000-632578958264631296-1065321017443876864,1777968098000,1777968342000,1,0.031,0.119,0.2605042016806723
1083727593376579584,1777947859000-632578958264631296-1083727593376579584,1777947859000,1777948366000,1,0.031,0.554,0.05595667870036101
1131631502098956288,1777948720000-632578958264631296-1131631502098956288,1777948720000,1777948902000,1,0.031,0.185,0.16756756756756758
1152269748554170368,1777953703000-632578958264631296-1152269748554170368,1777953703000,1777953959000,1,0.031,0.166,0.18674698795180722
1385588705250508800,1777985293000-632578958264631296-1385588705250508800,1777985293000,1777985908000,1,0.031,0.321,0.09657320872274143
819592403370377216,1777985005000-632578958264631296-819592403370377216,1777985005000,1777985342000,1,0.031,0.388,0.07989690721649484
970288452387995648,1777961372000-632578958264631296-970288452387995648,1777961372000,1777961871000,1,0.031,0.234,0.13247863247863248
1041007225465733120,1777985883000-632578958264631296-1041007225465733120,1777985883000,1777986035000,1,0.03,0.068,0.4411764705882352
1065304732634972160,1777958296000-632578958264631296-1065304732634972160,1777958296000,1777958803000,1,0.03,0.231,0.12987012987012986
1067764685513687040,1778003740000-632578958264631296-1067764685513687040,1778003740000,1778004226000,1,0.03,0.563,0.05328596802841919
1083726423769743360,1777981836000-632578958264631296-1083726423769743360,1777981836000,1777982078000,1,0.03,0.232,0.1293103448275862
1363836271826305024,1777990284000-632578958264631296-1363836271826305024,1777990284000,1777990649000,1,0.03,0.223,0.13452914798206278
1422205425331208192,1777995635000-632578958264631296-1422205425331208192,1777995635000,1777996593000,1,0.03,0.407,0.07371007371007371
1477689128190476288,1777948883000-632578958264631296-1477689128190476288,1777948883000,1777951094000,1,0.03,1.318,0.02276176024279211
1504892206538817536,1777942540000-632578958264631296-1504892206538817536,1777942540000,1777942695000,1,0.03,0.088,0.34090909090909094
1505916014645215232,1777978650000-632578958264631296-1505916014645215232,1777978650000,1777978960000,1,0.03,0.196,0.1530612244897959
944587945103327232,1777959656000-632578958264631296-944587945103327232,1777959656000,1777959992000,1,0.03,0.133,0.22556390977443608
944590362620461056,1777977387000-632578958264631296-944590362620461056,1777977387000,1777977668000,1,0.03,0.15,0.2
1067772524470730752,1777973954000-632578958264631296-1067772524470730752,1777973954000,1777974788000,1,0.029,0.957,0.030303030303030307
1067776270814674944,1777942109000-632578958264631296-1067776270814674944,1777942109000,1777942311000,1,0.029,0.185,0.15675675675675677
1073277847704961024,1777988374000-632578958264631296-1073277847704961024,1777988374000,1777988510000,1,0.029,0.154,0.18831168831168832
1083726613264203776,1777988156000-632578958264631296-1083726613264203776,1777988156000,1777988560000,1,0.029,0.317,0.0914826498422713
1268615116379652096,1777954129000-632578958264631296-1268615116379652096,1777954129000,1777954293000,1,0.029,0.131,0.22137404580152673
1422205318414204928,1777985192000-632578958264631296-1422205318414204928,1777985192000,1777985318000,1,0.029,0.129,0.2248062015503876
866245317551456256,1777954827000-632578958264631296-866245317551456256,1777954827000,1777954999000,1,0.029,0.18,0.16111111111111112
934473019407990784,1777976040000-632578958264631296-934473019407990784,1777976040000,1777976373000,1,0.029,0.385,0.07532467532467532
1050037537222950912,1777962944000-632578958264631296-1050037537222950912,1777962944000,1777963181000,1,0.028,0.125,0.224
1094956363722784768,1777989202000-632578958264631296-1094956363722784768,1777989202000,1777989308000,1,0.028,0.073,0.3835616438356165
1045015172411817984,1777962786000-632578958264631296-1045015172411817984,1777962786000,1777962903000,1,0.027,0.06,0.45
1083727772540469248,1777964326000-632578958264631296-1083727772540469248,1777964326000,1777964713000,1,0.027,0.513,0.05263157894736842
1135541524696662016,1777987788000-632578958264631296-1135541524696662016,1777987788000,1777988466000,1,0.027,0.73,0.036986301369863014
1135630948969218048,1778002903000-632578958264631296-1135630948969218048,1778002903000,1778004257000,1,0.027,1.394,0.019368723098995698
1536432469593554944,1777976037000-632578958264631296-1536432469593554944,1777976037000,1777976217000,1,0.027,0.085,0.3176470588235294
961239466377216000,1777990673000-632578958264631296-961239466377216000,1777990673000,1777990886000,1,0.027,0.107,0.25233644859813087
970288452387995648,1777986659000-632578958264631296-970288452387995648,1777986659000,1777986774000,1,0.027,0.074,0.36486486486486486
1050781532765028352,1777963444000-632578958264631296-1050781532765028352,1777963444000,1777963892000,1,0.026,0.25,0.104
1067776270814674944,1777958411000-632578958264631296-1067776270814674944,1777958411000,1777959036000,1,0.026,0.608,0.04276315789473684
1080454515951403008,1777936967000-632578958264631296-1080454515951403008,1777936967000,1777937148000,1,0.026,0.112,0.23214285714285712
1120316585941139456,1777988323000-632578958264631296-1120316585941139456,1777988323000,1777988464000,1,0.026,0.107,0.24299065420560748
1504892206538817536,1777958375000-632578958264631296-1504892206538817536,1777958375000,1777958602000,1,0.026,0.109,0.2385321100917431
942470042409238528,1777983381000-632578958264631296-942470042409238528,1777983381000,1777983492000,1,0.026,0.047,0.5531914893617021
947094374120947712,1778001719000-632578958264631296-947094374120947712,1778001719000,1778002093000,1,0.026,0.086,0.3023255813953489
947104748366987264,1777957961000-632578958264631296-947104748366987264,1777957961000,1777958080000,1,0.026,0.083,0.3132530120481927
1067767771279917056,1777972075000-632578958264631296-1067767771279917056,1777972075000,1777972762000,1,0.025,0.628,0.039808917197452234
1183367596062277632,1777986153000-632578958264631296-1183367596062277632,1777986153000,1777986308000,1,0.025,0.149,0.16778523489932887
1268614873160351744,1777984642000-632578958264631296-1268614873160351744,1777984642000,1777984780000,1,0.025,0.111,0.22522522522522523
1428031634325635072,1777955903000-632578958264631296-1428031634325635072,1777955903000,1777956008000,1,0.025,0.153,0.16339869281045752
1471165285556813824,1777972969000-632578958264631296-1471165285556813824,1777972969000,1777973294000,1,0.025,0.186,0.13440860215053765
1479447378401427456,1777989865000-632578958264631296-1479447378401427456,1777989865000,1777990088000,1,0.025,0.116,0.21551724137931036
1501934002158698496,1777995113000-632578958264631296-1501934002158698496,1777995113000,1777995271000,1,0.025,0.074,0.3378378378378379
1536014563953082368,1777962539000-632578958264631296-1536014563953082368,1777962539000,1777962709000,1,0.025,0.072,0.34722222222222227
786545248472924160,1777938761000-632578958264631296-786545248472924160,1777938761000,1777938914000,1,0.025,0.121,0.2066115702479339
943857890790211584,1777964835000-632578958264631296-943857890790211584,1777964835000,1777965065000,1,0.025,0.088,0.2840909090909091
971379691866816512,1777981064000-632578958264631296-971379691866816512,1777981064000,1777982123000,1,0.025,1.215,0.0205761316872428
1050036019790872576,1777953828000-632578958264631296-1050036019790872576,1777953828000,1777954141000,1,0.024,0.278,0.08633093525179855
1050037424450699264,1777978330000-632578958264631296-1050037424450699264,1777978330000,1777978436000,1,0.024,0.076,0.31578947368421056
1083040210243026944,1777968356000-632578958264631296-1083040210243026944,1777968356000,1777968533000,1,0.024,0.101,0.2376237623762376
1389243594644127744,1777945205000-632578958264631296-1389243594644127744,1777945205000,1777945824000,1,0.024,0.323,0.07430340557275542
1471148657502846976,1777982567000-632578958264631296-1471148657502846976,1777982567000,1777982705000,1,0.024,0.09,0.26666666666666666
1525526061327056896,1777965561000-632578958264631296-1525526061327056896,1777965561000,1777965729000,1,0.024,0.132,0.18181818181818182
1536014577374855168,1777965321000-632578958264631296-1536014577374855168,1777965321000,1777965461000,1,0.024,0.072,0.33333333333333337
942470042409238528,1777977156000-632578958264631296-942470042409238528,1777977156000,1777977342000,1,0.024,0.037,0.6486486486486487
947091862986948608,1777934132000-632578958264631296-947091862986948608,1777934132000,1777935121000,1,0.024,0.491,0.048879837067209775
1050037537222950912,1778001576000-632578958264631296-1050037537222950912,1778001576000,1778002073000,1,0.023,0.268,0.08582089552238806
1073663431535493120,1777991646000-632578958264631296-1073663431535493120,1777991646000,1777993276000,1,0.023,1.659,0.013863773357444244
1083726423769743360,1777990097000-632578958264631296-1083726423769743360,1777990097000,1777990345000,1,0.023,0.127,0.1811023622047244
1083726740557135872,1777959245000-632578958264631296-1083726740557135872,1777959245000,1777959548000,1,0.023,0.266,0.08646616541353383
1187402009754468352,1777968017000-632578958264631296-1187402009754468352,1777968017000,1777968516000,1,0.023,0.213,0.107981220657277
1398705978894974976,1778001117000-632578958264631296-1398705978894974976,1778001117000,1778001426000,1,0.023,0.41,0.05609756097560976
1464260641047969792,1777975002000-632578958264631296-1464260641047969792,1777975002000,1777975130000,1,0.023,0.059,0.3898305084745763
939139369715892224,1777975747000-632578958264631296-939139369715892224,1777975747000,1777975947000,1,0.023,0.077,0.2987012987012987
951559578305167360,1777986150000-632578958264631296-951559578305167360,1777986150000,1777986316000,1,0.023,0.061,0.3770491803278688
1073277847704961024,1778001239000-632578958264631296-1073277847704961024,1778001239000,1778001354000,1,0.022,0.086,0.2558139534883721
1168836102002311168,1777971219000-632578958264631296-1168836102002311168,1777971219000,1777971322000,1,0.022,0.045,0.4888888888888889
1385305291104452608,1777974282000-632578958264631296-1385305291104452608,1777974282000,1777974936000,1,0.022,0.359,0.06128133704735376
946036270407090176,1777989879000-632578958264631296-946036270407090176,1777989879000,1777990378000,1,0.022,0.371,0.05929919137466307
1050781532765028352,1777968327000-632578958264631296-1050781532765028352,1777968327000,1777968600000,1,0.021,0.106,0.19811320754716982
1061350711461150720,1777989066000-632578958264631296-1061350711461150720,1777989066000,1777989181000,1,0.021,0.057,0.368421052631579
1073663863301341184,1777961534000-632578958264631296-1073663863301341184,1777961534000,1777961678000,1,0.021,0.076,0.27631578947368424
1088168906306093056,1777981443000-632578958264631296-1088168906306093056,1777981443000,1777981823000,1,0.021,0.427,0.049180327868852465
1176582767303983104,1777992740000-632578958264631296-1176582767303983104,1777992740000,1777993122000,1,0.021,0.401,0.05236907730673317
927179928254808064,1777955437000-632578958264631296-927179928254808064,1777955437000,1777956023000,1,0.021,0.542,0.03874538745387454
943857890790211584,1777959527000-632578958264631296-943857890790211584,1777959527000,1777959634000,1,0.021,0.082,0.25609756097560976
1049341310072258560,1777972970000-632578958264631296-1049341310072258560,1777972970000,1777973642000,1,0.02,0.381,0.05249343832020997
1067765247101632512,1777998168000-632578958264631296-1067765247101632512,1777998168000,1777998422000,1,0.02,0.17,0.11764705882352941
1070370579279773696,1777981480000-632578958264631296-1070370579279773696,1777981480000,1777981591000,1,0.02,0.057,0.3508771929824561
1111626569580806144,1777976778000-632578958264631296-1111626569580806144,1777976778000,1777977309000,1,0.02,0.382,0.05235602094240838
1361380561528029184,1777988756000-632578958264631296-1361380561528029184,1777988756000,1777989386000,1,0.02,0.295,0.06779661016949153
1464286677953413120,1777950818000-632578958264631296-1464286677953413120,1777950818000,1777951459000,1,0.02,0.291,0.06872852233676977
1536014563953082368,1777953113000-632578958264631296-1536014563953082368,1777953113000,1777953388000,1,0.02,0.067,0.29850746268656714
1536014563953082368,1777953866000-632578958264631296-1536014563953082368,1777953866000,1777954155000,1,0.02,0.082,0.24390243902439024
1536014618822967296,1778002226000-632578958264631296-1536014618822967296,1778002226000,1778002423000,1,0.02,0.093,0.21505376344086022
1536393085787832320,1777968839000-632578958264631296-1536393085787832320,1777968839000,1777969111000,1,0.02,0.175,0.1142857142857143
1545824482457812992,1777923433000-632578958264631296-1545824482457812992,1777923433000,1777923672000,1,0.02,0.115,0.17391304347826086
789852612550721536,1778000459000-632578958264631296-789852612550721536,1778000459000,1778001137000,1,0.02,0.508,0.03937007874015748
934473019407990784,1777958554000-632578958264631296-934473019407990784,1777958554000,1777959037000,1,0.02,0.564,0.03546099290780142
939140294748667904,1777926053000-632578958264631296-939140294748667904,1777926053000,1777926309000,1,0.02,0.24,0.08333333333333334
943818921138454528,1777990775000-632578958264631296-943818921138454528,1777990775000,1777991100000,1,0.02,0.225,0.08888888888888889
977133830013976576,1777968757000-632578958264631296-977133830013976576,1777968757000,1777968950000,1,0.02,0.08,0.25
1070370579279773696,1777938495000-632578958264631296-1070370579279773696,1777938495000,1777938903000,1,0.019,0.216,0.08796296296296297
1083727772540469248,1777973971000-632578958264631296-1083727772540469248,1777973971000,1777974353000,1,0.019,0.049,0.3877551020408163
1120316585941139456,1777986977000-632578958264631296-1120316585941139456,1777986977000,1777987172000,1,0.019,0.179,0.10614525139664804
1142833661045899264,1777955668000-632578958264631296-1142833661045899264,1777955668000,1777955833000,1,0.019,0.074,0.25675675675675674
1177288436235632640,1777997383000-632578958264631296-1177288436235632640,1777997383000,1777997542000,1,0.019,0.055,0.34545454545454546
1385588586753032192,1777964738000-632578958264631296-1385588586753032192,1777964738000,1777964909000,1,0.019,0.072,0.2638888888888889
1385589109656911872,1777995767000-632578958264631296-1385589109656911872,1777995767000,1777996405000,1,0.019,0.349,0.054441260744985676
1389244082743672832,1777960978000-632578958264631296-1389244082743672832,1777960978000,1777961145000,1,0.019,0.08,0.2375
879404563604439040,1777952711000-632578958264631296-879404563604439040,1777952711000,1777953565000,1,0.019,0.401,0.04738154613466334
938815406225752064,1778000610000-632578958264631296-938815406225752064,1778000610000,1778000754000,1,0.019,0.082,0.23170731707317072
947452563299500032,1777963059000-632578958264631296-947452563299500032,1777963059000,1777963313000,1,0.019,0.105,0.18095238095238095
947583099720433664,1777966237000-632578958264631296-947583099720433664,1777966237000,1777966347000,1,0.019,0.057,0.3333333333333333
970288452387995648,1777982932000-632578958264631296-970288452387995648,1777982932000,1777983143000,1,0.019,0.107,0.17757009345794392
971379691866816512,1777984713000-632578958264631296-971379691866816512,1777984713000,1777985546000,1,0.019,0.888,0.021396396396396396
971379691866816512,1777985691000-632578958264631296-971379691866816512,1777985691000,1777986035000,1,0.019,0.312,0.060897435897435896
1050441880044568576,1777957185000-632578958264631296-1050441880044568576,1777957185000,1777957633000,1,0.018,0.344,0.05232558139534884
1070378226594873344,1777995978000-632578958264631296-1070378226594873344,1777995978000,1777996106000,1,0.018,0.064,0.28125
1082303861131051008,1777962213000-632578958264631296-1082303861131051008,1777962213000,1777962589000,1,0.018,0.346,0.05202312138728324
1131239476161413120,1777949004000-632578958264631296-1131239476161413120,1777949004000,1777949161000,1,0.018,0.102,0.17647058823529413
1138782810882965504,1777972013000-632578958264631296-1138782810882965504,1777972013000,1777973173000,1,0.018,1.425,0.012631578947368419
1464283595349688320,1777929870000-632578958264631296-1464283595349688320,1777929870000,1777929983000,1,0.018,0.04,0.44999999999999996
1478688867300147200,1778004945000-632578958264631296-1478688867300147200,1778004945000,1778005157000,1,0.018,0.1,0.17999999999999997
1536427445069021184,1777969495000-632578958264631296-1536427445069021184,1777969495000,1777970776000,1,0.018,0.602,0.02990033222591362
916722872880201728,1777964760000-632578958264631296-916722872880201728,1777964760000,1777965033000,1,0.018,0.204,0.08823529411764706
947582270531698688,1777944444000-632578958264631296-947582270531698688,1777944444000,1777945025000,1,0.018,0.329,0.054711246200607896
964171206683000832,1778005323000-632578958264631296-964171206683000832,1778005323000,1778005795000,1,0.018,0.463,0.03887688984881209
966356141711818752,1777963898000-632578958264631296-966356141711818752,1777963898000,1777964144000,1,0.018,0.202,0.08910891089108909
1060579746913452032,1777986527000-632578958264631296-1060579746913452032,1777986527000,1777986713000,1,0.017,0.072,0.23611111111111113
1076186718555602944,1777997312000-632578958264631296-1076186718555602944,1777997312000,1777997656000,1,0.017,0.119,0.14285714285714288
1083726423769743360,1777983401000-632578958264631296-1083726423769743360,1777983401000,1777983881000,1,0.017,0.423,0.04018912529550828
1157003119578578944,1777964278000-632578958264631296-1157003119578578944,1777964278000,1777964759000,1,0.017,0.161,0.10559006211180125
1161574576161816576,1778003286000-632578958264631296-1161574576161816576,1778003286000,1778003725000,1,0.017,0.454,0.037444933920704845
1385589109656911872,1777975566000-632578958264631296-1385589109656911872,1777975566000,1777976215000,1,0.017,0.547,0.031078610603290677
1397607641592627200,1778005751000-632578958264631296-1397607641592627200,1778005751000,1778006148000,1,0.017,0.325,0.05230769230769231
1488156479612518400,1777974296000-632578958264631296-1488156479612518400,1777974296000,1777974450000,1,0.017,0.096,0.17708333333333334
935627425390264320,1777961997000-632578958264631296-935627425390264320,1777961997000,1777962518000,1,0.017,0.624,0.027243589743589744
947104748366987264,1777960780000-632578958264631296-947104748366987264,1777960780000,1777960891000,1,0.017,0.077,0.2207792207792208
1060533930890887168,1777965586000-632578958264631296-1060533930890887168,1777965586000,1777965747000,1,0.016,0.091,0.17582417582417584
1067763553357791232,1777936016000-632578958264631296-1067763553357791232,1777936016000,1777936283000,1,0.016,0.291,0.05498281786941581
1067771070980816896,1777983939000-632578958264631296-1067771070980816896,1777983939000,1777984076000,1,0.016,0.068,0.23529411764705882
1068875501654769664,1777958914000-632578958264631296-1068875501654769664,1777958914000,1777959251000,1,0.016,0.158,0.10126582278481013
1083726423769743360,1777991009000-632578958264631296-1083726423769743360,1777991009000,1777991221000,1,0.016,0.176,0.09090909090909091
1113484110199783424,1777944776000-632578958264631296-1113484110199783424,1777944776000,1777944897000,1,0.016,0.111,0.14414414414414414
1385305554984894464,1777964120000-632578958264631296-1385305554984894464,1777964120000,1777964324000,1,0.016,0.079,0.20253164556962025
1471165285556813824,1777989688000-632578958264631296-1471165285556813824,1777989688000,1777989858000,1,0.016,0.07,0.22857142857142856
1535704124731949056,1777989881000-632578958264631296-1535704124731949056,1777989881000,1777990010000,1,0.016,0.062,0.25806451612903225
943856131652976640,1777946615000-632578958264631296-943856131652976640,1777946615000,1777946972000,1,0.016,0.157,0.10191082802547771
1050781532765028352,1777985644000-632578958264631296-1050781532765028352,1777985644000,1777985789000,1,0.015,0.061,0.2459016393442623
1157003119578578944,1777999240000-632578958264631296-1157003119578578944,1777999240000,1777999721000,1,0.015,0.178,0.08426966292134831
1188144161019133952,1777954615000-632578958264631296-1188144161019133952,1777954615000,1777954938000,1,0.015,0.003,5.0
1466797477431607296,1777943225000-632578958264631296-1466797477431607296,1777943225000,1777943637000,1,0.015,0.182,0.08241758241758242
1526262198169501696,1777941347000-632578958264631296-1526262198169501696,1777941347000,1777941510000,1,0.015,0.062,0.24193548387096772
1536022277991170048,1777940445000-632578958264631296-1536022277991170048,1777940445000,1777940912000,1,0.015,0.161,0.09316770186335403
870575606247456768,1777961986000-632578958264631296-870575606247456768,1777961986000,1777962196000,1,0.015,0.083,0.18072289156626503
1045646687990710272,1777942435000-632578958264631296-1045646687990710272,1777942435000,1777943182000,1,0.014,0.306,0.04575163398692811
1046836268442320896,1777997057000-632578958264631296-1046836268442320896,1777997057000,1777997211000,1,0.014,0.117,0.11965811965811965
1067763722711203840,1777949026000-632578958264631296-1067763722711203840,1777949026000,1777949199000,1,0.014,0.102,0.13725490196078433
1088511709141794816,1777954101000-632578958264631296-1088511709141794816,1777954101000,1777954370000,1,0.014,0.198,0.0707070707070707
1428366867084345344,1777994818000-632578958264631296-1428366867084345344,1777994818000,1777995309000,1,0.014,0.291,0.048109965635738834
1475453057469775872,1777990998000-632578958264631296-1475453057469775872,1777990998000,1777991366000,1,0.014,0.148,0.0945945945945946
1536393085787832320,1777969151000-632578958264631296-1536393085787832320,1777969151000,1777969501000,1,0.014,0.314,0.0445859872611465
870575606247456768,1777983197000-632578958264631296-870575606247456768,1777983197000,1777983397000,1,0.014,0.234,0.059829059829059825
877447467317067776,1777987816000-632578958264631296-877447467317067776,1777987816000,1777988133000,1,0.014,0.301,0.046511627906976744
931939397496995840,1777964985000-632578958264631296-931939397496995840,1777964985000,1777965253000,1,0.014,0.115,0.1217391304347826
940981890892955648,1777986776000-632578958264631296-940981890892955648,1777986776000,1777987008000,1,0.014,0.072,0.19444444444444448
1083726423769743360,1777979929000-632578958264631296-1083726423769743360,1777979929000,1777980166000,1,0.013,0.259,0.05019305019305019
1175796546902425600,1777951559000-632578958264631296-1175796546902425600,1777951559000,1777951763000,1,0.013,0.134,0.09701492537313432
1312806942439112704,1777970992000-632578958264631296-1312806942439112704,1777970992000,1777971103000,1,0.013,0.048,0.2708333333333333
1526262198169501696,1777989632000-632578958264631296-1526262198169501696,1777989632000,1777989963000,1,0.013,0.21,0.06190476190476191
1536427445069021184,1777968781000-632578958264631296-1536427445069021184,1777968781000,1777969127000,1,0.013,0.179,0.07262569832402235
863411203819438080,1777988677000-632578958264631296-863411203819438080,1777988677000,1777988996000,1,0.013,0.301,0.04318936877076412
934473019407990784,1777990674000-632578958264631296-934473019407990784,1777990674000,1777990978000,1,0.013,0.369,0.03523035230352303
940988876032311296,1777988276000-632578958264631296-940988876032311296,1777988276000,1777988566000,1,0.013,0.115,0.11304347826086955
1093087738300727296,1777996178000-632578958264631296-1093087738300727296,1777996178000,1777996559000,1,0.012,0.245,0.0489795918367347
1131239834900234240,1777950855000-632578958264631296-1131239834900234240,1777950855000,1777951484000,1,0.012,0.701,0.017118402282453638
1182027923075366912,1777951212000-632578958264631296-1182027923075366912,1777951212000,1777952373000,1,0.012,1.437,0.008350730688935281
1268615116379652096,1777966389000-632578958264631296-1268615116379652096,1777966389000,1777966627000,1,0.012,0.229,0.05240174672489083
1286311379313098752,1777970156000-632578958264631296-1286311379313098752,1777970156000,1777970266000,1,0.012,0.037,0.32432432432432434
1464286677953413120,1777982422000-632578958264631296-1464286677953413120,1777982422000,1777982747000,1,0.012,0.207,0.057971014492753624
1505916014645215232,1777975509000-632578958264631296-1505916014645215232,1777975509000,1777975642000,1,0.012,0.128,0.09375
860146891080335360,1777995629000-632578958264631296-860146891080335360,1777995629000,1777995813000,1,0.012,0.065,0.18461538461538463
947092625956012032,1777924213000-632578958264631296-947092625956012032,1777924213000,1777924420000,1,0.012,0.202,0.0594059405940594
1083019060351860736,1777997696000-632578958264631296-1083019060351860736,1777997696000,1777997869000,1,0.011,0.08,0.13749999999999998
1144224275478085632,1777964215000-632578958264631296-1144224275478085632,1777964215000,1777965190000,1,0.011,0.862,0.012761020881670533
1464286808345935872,1777989801000-632578958264631296-1464286808345935872,1777989801000,1777990453000,1,0.011,0.311,0.03536977491961415
1505916014645215232,1777950795000-632578958264631296-1505916014645215232,1777950795000,1777951324000,1,0.011,0.476,0.023109243697478993
1505916014645215232,1777978172000-632578958264631296-1505916014645215232,1777978172000,1777978461000,1,0.011,0.193,0.056994818652849735
927179928254808064,1777988273000-632578958264631296-927179928254808064,1777988273000,1777988994000,1,0.011,0.243,0.04526748971193415
970288452387995648,1777979927000-632578958264631296-970288452387995648,1777979927000,1777980341000,1,0.011,0.212,0.051886792452830184
1050036904705130496,1777982468000-632578958264631296-1050036904705130496,1777982468000,1777983020000,1,0.01,0.481,0.02079002079002079
1070378226594873344,1777954178000-632578958264631296-1070378226594873344,1777954178000,1777954307000,1,0.01,0.047,0.2127659574468085
1093087738300727296,1777988531000-632578958264631296-1093087738300727296,1777988531000,1777988782000,1,0.01,0.222,0.04504504504504504
1094956363722784768,1777934590000-632578958264631296-1094956363722784768,1777934590000,1777934748000,1,0.01,0.101,0.099009900990099
1176582451024101376,1777999233000-632578958264631296-1176582451024101376,1777999233000,1777999522000,1,0.01,0.349,0.02865329512893983
1294704486559776768,1778003091000-632578958264631296-1294704486559776768,1778003091000,1778003201000,1,0.01,0.064,0.15625
1373358446576926720,1777999145000-632578958264631296-1373358446576926720,1777999145000,1777999199000,1,0.01,0.009,1.1111111111111112
1471165285556813824,1777973427000-632578958264631296-1471165285556813824,1777973427000,1777973570000,1,0.01,0.071,0.14084507042253522
1536402078727929856,1777975367000-632578958264631296-1536402078727929856,1777975367000,1777975698000,1,0.01,0.154,0.06493506493506494
1536427445069021184,1777962966000-632578958264631296-1536427445069021184,1777962966000,1777963323000,1,0.01,0.182,0.05494505494505495
908732861828300800,1777992337000-632578958264631296-908732861828300800,1777992337000,1777992514000,1,0.01,0.098,0.10204081632653061
1083729116835872768,1777965463000-632578958264631296-1083729116835872768,1777965463000,1777965604000,1,0.009,0.118,0.07627118644067797
1148896718033518592,1777961764000-632578958264631296-1148896718033518592,1777961764000,1777962841000,1,0.009,1.269,0.0070921985815602835
809467481230934016,1778003812000-632578958264631296-809467481230934016,1778003812000,1778005292000,1,0.009,1.224,0.007352941176470588
866245373776101376,1777963541000-632578958264631296-866245373776101376,1777963541000,1777964062000,1,0.009,0.567,0.015873015873015872
870309644059279360,1777980442000-632578958264631296-870309644059279360,1777980442000,1777980969000,1,0.009,0.476,0.018907563025210083
877447467317067776,1777987523000-632578958264631296-877447467317067776,1777987523000,1777987693000,1,0.009,0.15,0.06
915980150607183872,1777973419000-632578958264631296-915980150607183872,1777973419000,1777973808000,1,0.009,0.156,0.05769230769230769
1061351650800697344,1777998010000-632578958264631296-1061351650800697344,1777998010000,1777998144000,1,0.008,0.074,0.10810810810810811
1082330521322651648,1777986309000-632578958264631296-1082330521322651648,1777986309000,1777987149000,1,0.008,0.849,0.009422850412249707
1083727048683290624,1777988689000-632578958264631296-1083727048683290624,1777988689000,1777988876000,1,0.008,0.069,0.11594202898550723
1109445504082640896,1777987576000-632578958264631296-1109445504082640896,1777987576000,1777987863000,1,0.008,0.254,0.031496062992125984
1536014577374855168,1777979994000-632578958264631296-1536014577374855168,1777979994000,1777980244000,1,0.008,0.092,0.08695652173913043
866245373776101376,1777959049000-632578958264631296-866245373776101376,1777959049000,1777960097000,1,0.008,1.264,0.006329113924050633
943857890790211584,1777986154000-632578958264631296-943857890790211584,1777986154000,1777986358000,1,0.008,0.051,0.15686274509803924
1050036019790872576,1777945257000-632578958264631296-1050036019790872576,1777945257000,1777945518000,1,0.007,0.231,0.030303030303030304
1101157025884143616,1777977253000-632578958264631296-1101157025884143616,1777977253000,1777977424000,1,0.007,0.138,0.05072463768115942
1345798361172672512,1777965740000-632578958264631296-1345798361172672512,1777965740000,1777966262000,1,0.007,0.543,0.01289134438305709
1405177997576634368,1777988914000-632578958264631296-1405177997576634368,1777988914000,1777989233000,1,0.007,0.207,0.03381642512077295
1478688867300147200,1778001997000-632578958264631296-1478688867300147200,1778001997000,1778002131000,1,0.007,0.075,0.09333333333333334
926835749754503168,1777993150000-632578958264631296-926835749754503168,1777993150000,1777993283000,1,0.007,0.067,0.1044776119402985
947104127047958528,1777994019000-632578958264631296-947104127047958528,1777994019000,1777994492000,1,0.007,0.002,3.5
971379691866816512,1778004464000-632578958264631296-971379691866816512,1778004464000,1778005286000,1,0.007,0.86,0.00813953488372093
1061980520671346688,1777988206000-632578958264631296-1061980520671346688,1777988206000,1777988417000,1,0.006,0.105,0.05714285714285715
1067765247101632512,1777920782000-632578958264631296-1067765247101632512,1777920782000,1777921049000,1,0.006,0.251,0.02390438247011952
1083727986517082112,1777930184000-632578958264631296-1083727986517082112,1777930184000,1777930386000,1,0.006,0.192,0.03125
1389243594644127744,1777971693000-632578958264631296-1389243594644127744,1777971693000,1777971988000,1,0.006,0.078,0.07692307692307693
961238953837461504,1777994341000-632578958264631296-961238953837461504,1777994341000,1777995781000,1,0.006,0.604,0.009933774834437087
1065304732634972160,1777919697000-632578958264631296-1065304732634972160,1777919697000,1777920223000,1,0.005,0.281,0.01779359430604982
1067764585097854976,1777964836000-632578958264631296-1067764585097854976,1777964836000,1777965151000,1,0.005,0.228,0.021929824561403508
1079796452147855360,1777983220000-632578958264631296-1079796452147855360,1777983220000,1777983393000,1,0.005,0.065,0.07692307692307693
1083729116835872768,1777991761000-632578958264631296-1083729116835872768,1777991761000,1777992066000,1,0.005,0.327,0.01529051987767584
1091761897729949696,1777979193000-632578958264631296-1091761897729949696,1777979193000,1777979308000,1,0.005,0.037,0.13513513513513514
1093087738300727296,1777983202000-632578958264631296-1093087738300727296,1777983202000,1777983374000,1,0.005,0.14,0.03571428571428571
1462138758710165504,1778004161000-632578958264631296-1462138758710165504,1778004161000,1778004431000,1,0.005,0.14,0.03571428571428571
1505916014645215232,1777972837000-632578958264631296-1505916014645215232,1777972837000,1777973152000,1,0.005,0.271,0.01845018450184502
1536402078727929856,1777985155000-632578958264631296-1536402078727929856,1777985155000,1777985626000,1,0.005,0.334,0.014970059880239521
1536432469593554944,1777959911000-632578958264631296-1536432469593554944,1777959911000,1777960120000,1,0.005,0.098,0.05102040816326531
869216733288726528,1777988752000-632578958264631296-869216733288726528,1777988752000,1777988996000,1,0.005,0.252,0.01984126984126984
1050036776183267328,1777996659000-632578958264631296-1050036776183267328,1777996659000,1777997042000,1,0.004,0.378,0.010582010582010581
1070370579279773696,1777998356000-632578958264631296-1070370579279773696,1777998356000,1777999160000,1,0.004,0.285,0.014035087719298248
1094226778622263296,1778000217000-632578958264631296-1094226778622263296,1778000217000,1778006132000,1,0.004,5.693,0.0007026172492534692
1422205727123963904,1777956851000-632578958264631296-1422205727123963904,1777956851000,1777956959000,1,0.004,0.052,0.07692307692307693
882591537697914880,1777966398000-632578958264631296-882591537697914880,1777966398000,1777966860000,1,0.004,0.417,0.00959232613908873
939546232131420160,1777982968000-632578958264631296-939546232131420160,1777982968000,1777983384000,1,0.004,0.342,0.011695906432748537
951559578305167360,1777984589000-632578958264631296-951559578305167360,1777984589000,1777984978000,1,0.004,0.155,0.025806451612903226
1046443765134262272,1777974008000-632578958264631296-1046443765134262272,1777974008000,1777974128000,1,0.003,0.046,0.06521739130434782
1067771070980816896,1777951538000-632578958264631296-1067771070980816896,1777951538000,1777953104000,1,0.003,0.41,0.007317073170731708
1083726740557135872,1777975524000-632578958264631296-1083726740557135872,1777975524000,1777975997000,1,0.003,0.561,0.0053475935828877
1088492376734826496,1777997662000-632578958264631296-1088492376734826496,1777997662000,1777997943000,1,0.003,0.214,0.014018691588785047
1157003119578578944,1777985246000-632578958264631296-1157003119578578944,1777985246000,1777985657000,1,0.003,0.657,0.0045662100456621
1428367002015105024,1778001606000-632578958264631296-1428367002015105024,1778001606000,1778003252000,1,0.003,0.855,0.0035087719298245615
925753337108758528,1777992901000-632578958264631296-925753337108758528,1777992901000,1777993422000,1,0.003,0.177,0.01694915254237288
1065304732634972160,1777947171000-632578958264631296-1065304732634972160,1777947171000,1777947740000,1,0.002,0.299,0.006688963210702342
1126869078934290432,1777975361000-632578958264631296-1126869078934290432,1777975361000,1777975512000,1,0.002,0.108,0.018518518518518517
1142833661045899264,1777945136000-632578958264631296-1142833661045899264,1777945136000,1777945629000,1,0.002,0.546,0.003663003663003663
1168836102002311168,1778001208000-632578958264631296-1168836102002311168,1778001208000,1778001337000,1,0.002,0.076,0.026315789473684213
1361380561528029184,1777993255000-632578958264631296-1361380561528029184,1777993255000,1777993697000,1,0.002,0.25,0.008
1050036776183267328,1777995396000-632578958264631296-1050036776183267328,1777995396000,1777995959000,1,0.001,0.575,0.0017391304347826088
1050037649940676608,1777940988000-632578958264631296-1050037649940676608,1777940988000,1777941372000,1,0.001,0.352,0.002840909090909091
1088511709141794816,1777951856000-632578958264631296-1088511709141794816,1777951856000,1777952040000,1,0.001,0.196,0.00510204081632653
1144224275478085632,1777983441000-632578958264631296-1144224275478085632,1777983441000,1777983754000,1,0.001,0.184,0.005434782608695652
1183367596062277632,1777982313000-632578958264631296-1183367596062277632,1777982313000,1777982657000,1,0.001,0.388,0.002577319587628866
1397607242391355392,1778001414000-632578958264631296-1397607242391355392,1778001414000,1778002043000,1,0.001,0.33,0.0030303030303030303
1505916014645215232,1777973814000-632578958264631296-1505916014645215232,1777973814000,1777973938000,1,0.001,0.098,0.01020408163265306
821719550704746496,1777977782000-632578958264631296-821719550704746496,1777977782000,1777978063000,1,0.001,0.188,0.005319148936170213
836966844580495360,1777943417000-632578958264631296-836966844580495360,1777943417000,1777943596000,1,0.001,0.127,0.007874015748031496
866245317551456256,1777954146000-632578958264631296-866245317551456256,1777954146000,1777954557000,1,0.001,0.428,0.0023364485981308414
871730443827806208,1777959306000-632578958264631296-871730443827806208,1777959306000,1777959523000,1,0.001,0.089,0.011235955056179777
882591537697914880,1777956171000-632578958264631296-882591537697914880,1777956171000,1777956929000,1,0.001,0.319,0.003134796238244514
928334310946111488,1777983612000-632578958264631296-928334310946111488,1777983612000,1777983799000,1,0.001,0.06,0.016666666666666666
1045646397224779776,1777972650000-632578958264631296-1045646397224779776,1777972650000,1777972845000,1,0.0,0.1,0.0
1046443765134262272,1777949576000-632578958264631296-1046443765134262272,1777949576000,1777949754000,1,0.0,0.082,0.0
1046837731746906112,1777962296000-632578958264631296-1046837731746906112,1777962296000,1777962676000,1,0.0,0.153,0.0
1046837731746906112,1777966041000-632578958264631296-1046837731746906112,1777966041000,1777966420000,1,0.0,0.134,0.0
1047649870816477184,1777939616000-632578958264631296-1047649870816477184,1777939616000,1777940199000,1,0.0,0.282,0.0
1050035879038418944,1777949986000-632578958264631296-1050035879038418944,1777949986000,1777951015000,1,0.0,0.737,0.0
1050035879038418944,1777972153000-632578958264631296-1050035879038418944,1777972153000,1777972390000,1,0.0,0.171,0.0
1050037109068398592,1777972380000-632578958264631296-1050037109068398592,1777972380000,1777972901000,1,0.0,0.288,0.0
1050037336936546304,1777981420000-632578958264631296-1050037336936546304,1777981420000,1777981603000,1,0.0,0.086,0.0
1060872975626010624,1777934796000-632578958264631296-1060872975626010624,1777934796000,1777935175000,1,0.0,0.173,0.0
1060872975626010624,1777998658000-632578958264631296-1060872975626010624,1777998658000,1777998983000,1,0.0,0.184,0.0
1061350711461150720,1777981593000-632578958264631296-1061350711461150720,1777981593000,1777981752000,1,0.0,0.079,0.0
1061350711461150720,1777985183000-632578958264631296-1061350711461150720,1777985183000,1777985444000,1,0.0,0.11,0.0
1061350711461150720,1777986364000-632578958264631296-1061350711461150720,1777986364000,1777986702000,1,0.0,0.133,0.0
1061350711461150720,1777987171000-632578958264631296-1061350711461150720,1777987171000,1777987504000,1,0.0,0.108,0.0
1061350711461150720,1777990311000-632578958264631296-1061350711461150720,1777990311000,1777991299000,1,0.0,0.292,0.0
1061351650800697344,1777972588000-632578958264631296-1061351650800697344,1777972588000,1777972919000,1,0.0,0.132,0.0
1063501597117513728,1777939596000-632578958264631296-1063501597117513728,1777939596000,1777940815000,1,0.0,0.465,0.0
1064527564812320768,1777957819000-632578958264631296-1064527564812320768,1777957819000,1777958126000,1,0.0,0.141,0.0
1064527564812320768,1777969872000-632578958264631296-1064527564812320768,1777969872000,1777971775000,1,0.0,0.625,0.0
1064527564812320768,1777975678000-632578958264631296-1064527564812320768,1777975678000,1777975984000,1,0.0,0.098,0.0
1064527564812320768,1777990249000-632578958264631296-1064527564812320768,1777990249000,1777990387000,1,0.0,0.026,0.0
1064527564812320768,1777998902000-632578958264631296-1064527564812320768,1777998902000,1777999361000,1,0.0,0.165,0.0
1064527564812320768,1778001333000-632578958264631296-1064527564812320768,1778001333000,1778001662000,1,0.0,0.098,0.0
1064532839803912192,1777937812000-632578958264631296-1064532839803912192,1777937812000,1777937989000,1,0.0,0.062,0.0
1067763553357791232,1777961798000-632578958264631296-1067763553357791232,1777961798000,1777961955000,1,0.0,0.116,0.0
1067763722711203840,1777963875000-632578958264631296-1067763722711203840,1777963875000,1777964109000,1,0.0,0.147,0.0
1067763722711203840,1777991686000-632578958264631296-1067763722711203840,1777991686000,1777992037000,1,0.0,0.384,0.0
1067764685513687040,1777934284000-632578958264631296-1067764685513687040,1777934284000,1777934668000,1,0.0,0.361,0.0
1067764977248501760,1777948525000-632578958264631296-1067764977248501760,1777948525000,1777948971000,1,0.0,0.497,0.0
1067765061260410880,1777944577000-632578958264631296-1067765061260410880,1777944577000,1777944739000,1,0.0,0.054,0.0
1067765061260410880,1777951919000-632578958264631296-1067765061260410880,1777951919000,1777952066000,1,0.0,0.119,0.0
1067771070980816896,1777965200000-632578958264631296-1067771070980816896,1777965200000,1777965957000,1,0.0,0.235,0.0
1067771070980816896,1777969279000-632578958264631296-1067771070980816896,1777969279000,1777969759000,1,0.0,0.133,0.0
1067771070980816896,1777973454000-632578958264631296-1067771070980816896,1777973454000,1777974577000,1,0.0,0.307,0.0
1067771070980816896,1777976067000-632578958264631296-1067771070980816896,1777976067000,1777976192000,1,0.0,0.031,0.0
1067771070980816896,1777976909000-632578958264631296-1067771070980816896,1777976909000,1777977262000,1,0.0,0.117,0.0
1067774753596506112,1777984770000-632578958264631296-1067774753596506112,1777984770000,1777984946000,1,0.0,0.181,0.0
1067774958987378688,1777955039000-632578958264631296-1067774958987378688,1777955039000,1777955419000,1,0.0,0.294,0.0
1067775012183736320,1777979094000-632578958264631296-1067775012183736320,1777979094000,1777979296000,1,0.0,0.119,0.0
1067775256489361408,1777971501287-632578958264631296-1067775256489361408,1777971501000,1777971696000,1,0.0,0.032,0.0
1067776159577538560,1778001146000-632578958264631296-1067776159577538560,1778001146000,1778001341000,1,0.0,0.32,0.0
1070378226594873344,1777941282000-632578958264631296-1070378226594873344,1777941282000,1777941766000,1,0.0,0.26,0.0
1070378226594873344,1777972544000-632578958264631296-1070378226594873344,1777972544000,1777972734000,1,0.0,0.049,0.0
1071826388769570816,1777979114000-632578958264631296-1071826388769570816,1777979114000,1777979479000,1,0.0,0.288,0.0
1072872003913908224,1777996364000-632578958264631296-1072872003913908224,1777996364000,1777996791000,1,0.0,0.289,0.0
1073277847704961024,1777983837000-632578958264631296-1073277847704961024,1777983837000,1777984173000,1,0.0,0.079,0.0
1073277847704961024,1777998069000-632578958264631296-1073277847704961024,1777998069000,1777998405000,1,0.0,0.085,0.0
1073664045493518336,1777948427000-632578958264631296-1073664045493518336,1777948427000,1777948616000,1,0.0,0.065,0.0
1073966174624022528,1777976836000-632578958264631296-1073966174624022528,1777976836000,1777977183000,1,0.0,0.014,0.0
1073994678560358400,1777954739000-632578958264631296-1073994678560358400,1777954739000,1777954932000,1,0.0,0.17,0.0
1073994678560358400,1778005646000-632578958264631296-1073994678560358400,1778005646000,1778006264000,1,0.0,0.629,0.0
1076924285072703488,1777942664000-632578958264631296-1076924285072703488,1777942664000,1777943043000,1,0.0,0.135,0.0
1076924285072703488,1777961840000-632578958264631296-1076924285072703488,1777961840000,1777962219000,1,0.0,0.068,0.0
1076924285072703488,1777984695000-632578958264631296-1076924285072703488,1777984695000,1777984978000,1,0.0,0.067,0.0
1076924285072703488,1777985078000-632578958264631296-1076924285072703488,1777985078000,1777985577000,1,0.0,0.103,0.0
1076924285072703488,1777989932000-632578958264631296-1076924285072703488,1777989932000,1777990042000,1,0.0,0.039,0.0
1076924285072703488,1777991328000-632578958264631296-1076924285072703488,1777991328000,1777991706000,1,0.0,0.074,0.0
1076924285072703488,1777992243000-632578958264631296-1076924285072703488,1777992243000,1777992625000,1,0.0,0.511,0.0
1076924285072703488,1777993081000-632578958264631296-1076924285072703488,1777993081000,1777993556000,1,0.0,0.144,0.0
1079095062366781440,1777980016000-632578958264631296-1079095062366781440,1777980016000,1777980149000,1,0.0,0.051,0.0
1082303861131051008,1777937197000-632578958264631296-1082303861131051008,1777937197000,1777937562000,1,0.0,0.366,0.0
1083016936570224640,1777926067000-632578958264631296-1083016936570224640,1777926067000,1777926432000,1,0.0,0.382,0.0
1083726423769743360,1777949443000-632578958264631296-1083726423769743360,1777949443000,1777949908000,1,0.0,0.571,0.0
1083726655622479872,1777951987000-632578958264631296-1083726655622479872,1777951987000,1777952478000,1,0.0,0.502,0.0
1083726655622479872,1777964091000-632578958264631296-1083726655622479872,1777964091000,1777964232000,1,0.0,0.103,0.0
1083726887294861312,1777999321000-632578958264631296-1083726887294861312,1777999321000,1777999688000,1,0.0,0.362,0.0
1083727048683290624,1777953900000-632578958264631296-1083727048683290624,1777953900000,1777954737000,1,0.0,0.933,0.0
1083727144086929408,1777937330000-632578958264631296-1083727144086929408,1777937330000,1777937714000,1,0.0,0.25,0.0
1083727517765861376,1777939170000-632578958264631296-1083727517765861376,1777939170000,1777939548000,1,0.0,0.358,0.0
1083727593376579584,1777996341000-632578958264631296-1083727593376579584,1777996341000,1777996695000,1,0.0,0.377,0.0
1083727772540469248,1777934076000-632578958264631296-1083727772540469248,1777934076000,1777934458000,1,0.0,0.401,0.0
1083727772540469248,1777945574000-632578958264631296-1083727772540469248,1777945574000,1777945931000,1,0.0,0.392,0.0
1083727931903049728,1777935641000-632578958264631296-1083727931903049728,1777935641000,1777936025000,1,0.0,0.369,0.0
1083729038846984192,1777943615000-632578958264631296-1083729038846984192,1777943615000,1777943999000,1,0.0,0.377,0.0
1083729038846984192,1777962011000-632578958264631296-1083729038846984192,1777962011000,1777962152000,1,0.0,0.117,0.0
1083778254826897408,1777934627000-632578958264631296-1083778254826897408,1777934627000,1777934967000,1,0.0,0.184,0.0
1083778254826897408,1777953668000-632578958264631296-1083778254826897408,1777953668000,1777953801000,1,0.0,0.096,0.0
1083778254826897408,1778005113000-632578958264631296-1083778254826897408,1778005113000,1778005656000,1,0.0,0.228,0.0
1088492376734826496,1777922524000-632578958264631296-1088492376734826496,1777922524000,1777922998000,1,0.0,0.136,0.0
1088511709141794816,1777938547000-632578958264631296-1088511709141794816,1777938547000,1777938908000,1,0.0,0.37,0.0
1088511709141794816,1777997981000-632578958264631296-1088511709141794816,1777997981000,1777998180000,1,0.0,0.159,0.0
1093088075828953088,1778002513000-632578958264631296-1093088075828953088,1778002513000,1778003074000,1,0.0,0.043,0.0
1094584670655348736,1777967838000-632578958264631296-1094584670655348736,1777967838000,1777968248000,1,0.0,0.248,0.0
1094956363722784768,1778001008000-632578958264631296-1094956363722784768,1778001008000,1778002090000,1,0.0,0.557,0.0
1101122257968693248,1777984479000-632578958264631296-1101122257968693248,1777984479000,1777984740000,1,0.0,0.118,0.0
1101156788989853696,1777991971000-632578958264631296-1101156788989853696,1777991971000,1777992504000,1,0.0,0.155,0.0
1101524127430213632,1777951062000-632578958264631296-1101524127430213632,1777951062000,1777951278000,1,0.0,0.044,0.0
1120316481867874304,1777956808000-632578958264631296-1120316481867874304,1777956808000,1777957585000,1,0.0,0.992,0.0
1120316481867874304,1777995827000-632578958264631296-1120316481867874304,1777995827000,1777996652000,1,0.0,0.94,0.0
1120316585941139456,1777949466000-632578958264631296-1120316585941139456,1777949466000,1777949652000,1,0.0,0.112,0.0
1120316585941139456,1777966054000-632578958264631296-1120316585941139456,1777966054000,1777966438000,1,0.0,0.362,0.0
1120316721542987776,1777960892000-632578958264631296-1120316721542987776,1777960892000,1777961082000,1,0.0,0.119,0.0
1120316721542987776,1777961096000-632578958264631296-1120316721542987776,1777961096000,1777961377000,1,0.0,0.375,0.0
1120316721542987776,1777969472000-632578958264631296-1120316721542987776,1777969472000,1777969665000,1,0.0,0.221,0.0
1126869078934290432,1777989214000-632578958264631296-1126869078934290432,1777989214000,1777989578000,1,0.0,0.285,0.0
1131239834900234240,1777995324000-632578958264631296-1131239834900234240,1777995324000,1777995674000,1,0.0,0.38,0.0
1131631502098956288,1777941493000-632578958264631296-1131631502098956288,1777941493000,1777941851000,1,0.0,0.348,0.0
1132636252537880576,1777921005000-632578958264631296-1132636252537880576,1777921005000,1777921257000,1,0.0,0.052,0.0
1132636843020386304,1777935036000-632578958264631296-1132636843020386304,1777935036000,1777935392000,1,0.0,0.144,0.0
1135541524696662016,1777996712000-632578958264631296-1135541524696662016,1777996712000,1777996895000,1,0.0,0.126,0.0
1138167953473142784,1777937425000-632578958264631296-1138167953473142784,1777937425000,1777937800000,1,0.0,0.346,0.0
1140670395897085952,1777960156000-632578958264631296-1140670395897085952,1777960156000,1777960458000,1,0.0,0.294,0.0
1140670395897085952,1777960829000-632578958264631296-1140670395897085952,1777960829000,1777961027000,1,0.0,0.062,0.0
1142833661045899264,1777969328000-632578958264631296-1142833661045899264,1777969328000,1777969489000,1,0.0,0.048,0.0
1142833661045899264,1777973954000-632578958264631296-1142833661045899264,1777973954000,1777974159000,1,0.0,0.068,0.0
1152269748554170368,1777995384000-632578958264631296-1152269748554170368,1777995384000,1777995761000,1,0.0,0.293,0.0
1152270574152581120,1777993997000-632578958264631296-1152270574152581120,1777993997000,1777994293000,1,0.0,0.23,0.0
1161574576161816576,1777942067000-632578958264631296-1161574576161816576,1777942067000,1777942451000,1,0.0,0.367,0.0
1176184196838719488,1777938662000-632578958264631296-1176184196838719488,1777938662000,1777939044000,1,0.0,0.189,0.0
1176582451024101376,1777951792000-632578958264631296-1176582451024101376,1777951792000,1777952045000,1,0.0,0.259,0.0
1177288436235632640,1777963948000-632578958264631296-1177288436235632640,1777963948000,1777964332000,1,0.0,0.112,0.0
1187402009754468352,1777986953000-632578958264631296-1187402009754468352,1777986953000,1777987613000,1,0.0,0.54,0.0
1209168031477923840,1777956816000-632578958264631296-1209168031477923840,1777956816000,1777957336000,1,0.0,1.044,0.0
1209168031477923840,1777986984000-632578958264631296-1209168031477923840,1777986984000,1777987414000,1,0.0,0.178,0.0
1268615116379652096,1777940267000-632578958264631296-1268615116379652096,1777940267000,1777940559000,1,0.0,0.33,0.0
1268615116379652096,1777941169000-632578958264631296-1268615116379652096,1777941169000,1777941364000,1,0.0,0.207,0.0
1286311379313098752,1777959444000-632578958264631296-1286311379313098752,1777959444000,1777959651000,1,0.0,0.057,0.0
1312806942439112704,1777980623000-632578958264631296-1312806942439112704,1777980623000,1777980774000,1,0.0,0.076,0.0
1345798361172672512,1777936139000-632578958264631296-1345798361172672512,1777936139000,1777936278000,1,0.0,0.073,0.0
1345798361172672512,1778003247000-632578958264631296-1345798361172672512,1778003247000,1778003561000,1,0.0,0.128,0.0
1361380561528029184,1778005052000-632578958264631296-1361380561528029184,1778005052000,1778005744000,1,0.0,0.334,0.0
1362452416535986176,1777918186000-632578958264631296-1362452416535986176,1777918186000,1777920419000,1,0.0,3.321,0.0
1364616390270517248,1777951392000-632578958264631296-1364616390270517248,1777951392000,1777952295000,1,0.0,0.399,0.0
1370798572273926144,1777941185000-632578958264631296-1370798572273926144,1777941185000,1777941672000,1,0.0,0.059,0.0
1370798572273926144,1777987893000-632578958264631296-1370798572273926144,1777987893000,1777988377000,1,0.0,0.097,0.0
1370798572273926144,1777997591000-632578958264631296-1370798572273926144,1777997591000,1777998273000,1,0.0,0.078,0.0
1385304935976927232,1777937258000-632578958264631296-1385304935976927232,1777937258000,1777938134000,1,0.0,0.363,0.0
1385305291104452608,1777976701000-632578958264631296-1385305291104452608,1777976701000,1777976862000,1,0.0,0.04,0.0
1385305434218299392,1777995642000-632578958264631296-1385305434218299392,1777995642000,1777996865000,1,0.0,0.646,0.0
1385305434218299392,1778000697000-632578958264631296-1385305434218299392,1778000697000,1778010130000,1,0.0,3.976,0.0
1385305554984894464,1777961091000-632578958264631296-1385305554984894464,1777961091000,1777961284000,1,0.0,0.073,0.0
1385588586753032192,1777959177000-632578958264631296-1385588586753032192,1777959177000,1777959381000,1,0.0,0.056,0.0
1385588586753032192,1777959515000-632578958264631296-1385588586753032192,1777959515000,1777959875000,1,0.0,0.15,0.0
1385588705250508800,1777983524000-632578958264631296-1385588705250508800,1777983524000,1777983739000,1,0.0,0.2,0.0
1385588705250508800,1777983957000-632578958264631296-1385588705250508800,1777983957000,1777984226000,1,0.0,0.339,0.0
1385588705250508800,1777984730000-632578958264631296-1385588705250508800,1777984730000,1777985091000,1,0.0,0.252,0.0
1385589008028925952,1778000584000-632578958264631296-1385589008028925952,1778000584000,1778000948000,1,0.0,0.153,0.0
1385589109656911872,1777989925000-632578958264631296-1385589109656911872,1777989925000,1777990204000,1,0.0,0.133,0.0
1389243774684626944,1777967050000-632578958264631296-1389243774684626944,1777967050000,1777967407000,1,0.0,0.207,0.0
1389243774684626944,1777989030000-632578958264631296-1389243774684626944,1777989030000,1777989504000,1,0.0,0.203,0.0
1389243774684626944,1777990670000-632578958264631296-1389243774684626944,1777990670000,1777991295000,1,0.0,0.317,0.0
1389243774684626944,1777993289000-632578958264631296-1389243774684626944,1777993289000,1777993574000,1,0.0,0.13,0.0
1389244082743672832,1777959283000-632578958264631296-1389244082743672832,1777959283000,1777959447000,1,0.0,0.042,0.0
1396880990281924608,1777999286000-632578958264631296-1396880990281924608,1777999286000,1777999614000,1,0.0,0.166,0.0
1396881382210273280,1777959686000-632578958264631296-1396881382210273280,1777959686000,1777959973000,1,0.0,0.169,0.0
1396881703661731840,1777988632000-632578958264631296-1396881703661731840,1777988632000,1777989058000,1,0.0,0.149,0.0
1397607641592627200,1777952095000-632578958264631296-1397607641592627200,1777952095000,1777952292000,1,0.0,0.074,0.0
1397607641592627200,1777994335000-632578958264631296-1397607641592627200,1777994335000,1777994844000,1,0.0,0.27,0.0
1397607641592627200,1777999394000-632578958264631296-1397607641592627200,1777999394000,1777999701000,1,0.0,0.27,0.0
1398705978894974976,1777970325000-632578958264631296-1398705978894974976,1777970325000,1777970921000,1,0.0,0.475,0.0
1406228892573761536,1777945436000-632578958264631296-1406228892573761536,1777945436000,1777948181000,1,0.0,1.27,0.0
1406228892573761536,1777993301000-632578958264631296-1406228892573761536,1777993301000,1777995582000,1,0.0,0.969,0.0
1406586435233906688,1777919918000-632578958264631296-1406586435233906688,1777919918000,1777920772000,1,0.0,0.359,0.0
1406586435233906688,1778003005000-632578958264631296-1406586435233906688,1778003005000,1778004421000,1,0.0,0.594,0.0
1406586595699589120,1777919342000-632578958264631296-1406586595699589120,1777919342000,1777919946000,1,0.0,0.272,0.0
1406586595699589120,1777924322000-632578958264631296-1406586595699589120,1777924322000,1777924634000,1,0.0,0.202,0.0
1406586595699589120,1777956973000-632578958264631296-1406586595699589120,1777956973000,1777957291000,1,0.0,0.177,0.0
1422205318414204928,1777996193000-632578958264631296-1422205318414204928,1777996193000,1777996388000,1,0.0,0.082,0.0
1422205318414204928,1777997080000-632578958264631296-1422205318414204928,1777997080000,1777997383000,1,0.0,0.126,0.0
1422205318414204928,1778002984000-632578958264631296-1422205318414204928,1778002984000,1778003085000,1,0.0,0.04,0.0
1422205318414204928,1778004173000-632578958264631296-1422205318414204928,1778004173000,1778004354000,1,0.0,0.088,0.0
1422205425331208192,1777942242000-632578958264631296-1422205425331208192,1777942242000,1777942902000,1,0.0,0.378,0.0
1422205425331208192,1777957880000-632578958264631296-1422205425331208192,1777957880000,1777958364000,1,0.0,0.234,0.0
1422205425331208192,1777965182000-632578958264631296-1422205425331208192,1777965182000,1777965930000,1,0.0,0.308,0.0
1422205727123963904,1777958236000-632578958264631296-1422205727123963904,1777958236000,1777958369000,1,0.0,0.073,0.0
1422205727123963904,1777959291000-632578958264631296-1422205727123963904,1777959291000,1777959398000,1,0.0,0.047,0.0
1422205727123963904,1777984202000-632578958264631296-1422205727123963904,1777984202000,1777984388000,1,0.0,0.056,0.0
1428033112889098240,1777954135000-632578958264631296-1428033112889098240,1777954135000,1777955449000,1,0.0,0.684,0.0
1428366867084345344,1777953852000-632578958264631296-1428366867084345344,1777953852000,1777954457000,1,0.0,0.353,0.0
1428367002015105024,1778004805000-632578958264631296-1428367002015105024,1778004805000,1778006126000,1,0.0,0.446,0.0
1464260641047969792,1777920794000-632578958264631296-1464260641047969792,1777920794000,1777921234000,1,0.0,0.222,0.0
1464269416886697984,1777937910000-632578958264631296-1464269416886697984,1777937910000,1777938455000,1,0.0,0.211,0.0
1464283595349688320,1777998218000-632578958264631296-1464283595349688320,1777998218000,1777998344000,1,0.0,0.034,0.0
1464286677953413120,1777993731000-632578958264631296-1464286677953413120,1777993731000,1777994064000,1,0.0,0.143,0.0
1464286808345935872,1777967472000-632578958264631296-1464286808345935872,1777967472000,1777967638000,1,0.0,0.114,0.0
1464286808345935872,1777981346000-632578958264631296-1464286808345935872,1777981346000,1777981764000,1,0.0,0.175,0.0
1464628801508999168,1777999363000-632578958264631296-1464628801508999168,1777999363000,1778000284000,1,0.0,0.449,0.0
1466797477431607296,1777927353000-632578958264631296-1466797477431607296,1777927353000,1777927864000,1,0.0,0.277,0.0
1468940686052032512,1777943255000-632578958264631296-1468940686052032512,1777943255000,1777943614000,1,0.0,0.237,0.0
1471148657502846976,1777998586000-632578958264631296-1471148657502846976,1777998586000,1777999151000,1,0.0,0.263,0.0
1471148657502846976,1778001223000-632578958264631296-1471148657502846976,1778001223000,1778001677000,1,0.0,0.206,0.0
1471165285556813824,1777971517000-632578958264631296-1471165285556813824,1777971517000,1777971791000,1,0.0,0.133,0.0
1475453057469775872,1777993229000-632578958264631296-1475453057469775872,1777993229000,1777993602000,1,0.0,0.138,0.0
1478688867300147200,1777922432000-632578958264631296-1478688867300147200,1777922432000,1777922672000,1,0.0,0.109,0.0
1479440816106635264,1777988033000-632578958264631296-1479440816106635264,1777988033000,1777988399000,1,0.0,0.175,0.0
1479440816106635264,1777994374000-632578958264631296-1479440816106635264,1777994374000,1777994651000,1,0.0,0.122,0.0
1479447378401427456,1777997832000-632578958264631296-1479447378401427456,1777997832000,1777998320000,1,0.0,0.213,0.0
1484590862305329152,1778002241000-632578958264631296-1484590862305329152,1778002241000,1778002499000,1,0.0,0.139,0.0
1486716779844599808,1777933823000-632578958264631296-1486716779844599808,1777933823000,1777934431000,1,0.0,0.27,0.0
1486716779844599808,1777996838000-632578958264631296-1486716779844599808,1777996838000,1777997395000,1,0.0,0.268,0.0
1489984398731247616,1777984926000-632578958264631296-1489984398731247616,1777984926000,1777985123000,1,0.0,0.06,0.0
1499777554695847936,1777992928000-632578958264631296-1499777554695847936,1777992928000,1777993554000,1,0.0,0.367,0.0
1500484476822618112,1777945867000-632578958264631296-1500484476822618112,1777945867000,1777946764000,1,0.0,0.451,0.0
1500484476822618112,1777998536000-632578958264631296-1500484476822618112,1777998536000,1778000001000,1,0.0,0.858,0.0
1500484476822618112,1778002655000-632578958264631296-1500484476822618112,1778002655000,1778003195000,1,0.0,0.31,0.0
1501934002158698496,1777934090000-632578958264631296-1501934002158698496,1777934090000,1777935729000,1,0.0,0.668,0.0
1504876024033181696,1777976284000-632578958264631296-1504876024033181696,1777976284000,1777976774000,1,0.0,0.215,0.0
1504876024033181696,1777976968000-632578958264631296-1504876024033181696,1777976968000,1777977271000,1,0.0,0.19,0.0
1504876024033181696,1777997515000-632578958264631296-1504876024033181696,1777997515000,1777998316000,1,0.0,0.346,0.0
1526262198169501696,1777956512000-632578958264631296-1526262198169501696,1777956512000,1777956748000,1,0.0,0.135,0.0
1526262198169501696,1777961312000-632578958264631296-1526262198169501696,1777961312000,1777961542000,1,0.0,0.119,0.0
1526262198169501696,1777962869000-632578958264631296-1526262198169501696,1777962869000,1777963186000,1,0.0,0.177,0.0
1526262198169501696,1778000191000-632578958264631296-1526262198169501696,1778000191000,1778000815000,1,0.0,0.278,0.0
1535695002116554752,1777959946000-632578958264631296-1535695002116554752,1777959946000,1777960652000,1,0.0,0.176,0.0
1535695002116554752,1777990192000-632578958264631296-1535695002116554752,1777990192000,1777990963000,1,0.0,0.311,0.0
1535695002116554752,1778001076000-632578958264631296-1535695002116554752,1778001076000,1778002277000,1,0.0,0.318,0.0
1535700301011484672,1778000964000-632578958264631296-1535700301011484672,1778000964000,1778001292000,1,0.0,0.13,0.0
1535704124731949056,1777990948000-632578958264631296-1535704124731949056,1777990948000,1777991083000,1,0.0,0.08,0.0
1536014505966829568,1777961858000-632578958264631296-1536014505966829568,1777961858000,1777962478000,1,0.0,0.358,0.0
1536014535985463296,1777968609000-632578958264631296-1536014535985463296,1777968609000,1777968769000,1,0.0,0.074,0.0
1536014550107684864,1777948582000-632578958264631296-1536014550107684864,1777948582000,1777949275000,1,0.0,0.321,0.0
1536014556927623168,1777919660000-632578958264631296-1536014556927623168,1777919660000,1777920986000,1,0.0,0.565,0.0
1536014556927623168,1777944542000-632578958264631296-1536014556927623168,1777944542000,1777947856000,1,0.0,1.543,0.0
1536014556927623168,1777961074000-632578958264631296-1536014556927623168,1777961074000,1777962107000,1,0.0,0.454,0.0
1536014563953082368,1777948366000-632578958264631296-1536014563953082368,1777948366000,1777948803000,1,0.0,0.211,0.0
1536014563953082368,1777987937000-632578958264631296-1536014563953082368,1777987937000,1777988408000,1,0.0,0.224,0.0
1536014570613637120,1777963542000-632578958264631296-1536014570613637120,1777963542000,1777963935000,1,0.0,0.346,0.0
1536014570613637120,1777984339000-632578958264631296-1536014570613637120,1777984339000,1777984531000,1,0.0,0.218,0.0
1536014577374855168,1777962991000-632578958264631296-1536014577374855168,1777962991000,1777963191000,1,0.0,0.086,0.0
1536014577374855168,1777963885000-632578958264631296-1536014577374855168,1777963885000,1777964055000,1,0.0,0.037,0.0
1536014577374855168,1777984769000-632578958264631296-1536014577374855168,1777984769000,1777985067000,1,0.0,0.144,0.0
1536014577374855168,1777988477000-632578958264631296-1536014577374855168,1777988477000,1777988858000,1,0.0,0.181,0.0
1536014589357981696,1777979412000-632578958264631296-1536014589357981696,1777979412000,1777979577000,1,0.0,0.044,0.0
1536014589357981696,1777980212000-632578958264631296-1536014589357981696,1777980212000,1777980333000,1,0.0,0.082,0.0
1536014589357981696,1777980396000-632578958264631296-1536014589357981696,1777980396000,1777980576000,1,0.0,0.134,0.0
1536014596580573184,1777996485000-632578958264631296-1536014596580573184,1777996485000,1777997342000,1,0.0,0.439,0.0
1536014609964597248,1777955630000-632578958264631296-1536014609964597248,1777955630000,1777955998000,1,0.0,0.157,0.0
1536014609964597248,1777967168000-632578958264631296-1536014609964597248,1777967168000,1777967769000,1,0.0,0.302,0.0
1536014609964597248,1777968190000-632578958264631296-1536014609964597248,1777968190000,1777970598000,1,0.0,1.091,0.0
1536014625517076480,1777960044000-632578958264631296-1536014625517076480,1777960044000,1777960289000,1,0.0,0.141,0.0
1536402078727929856,1777948608000-632578958264631296-1536402078727929856,1777948608000,1777948797000,1,0.0,0.092,0.0
1540361293100220416,1777966471000-632578958264631296-1540361293100220416,1777966471000,1777967870000,1,0.0,0.579,0.0
1540361293100220416,1777998962000-632578958264631296-1540361293100220416,1777998962000,1777999243000,1,0.0,0.106,0.0
1540361934212169728,1777996683000-632578958264631296-1540361934212169728,1777996683000,1777997215000,1,0.0,0.167,0.0
1545767666730401792,1777984146000-632578958264631296-1545767666730401792,1777984146000,1777984315000,1,0.0,0.066,0.0
1545823503347875840,1777943026000-632578958264631296-1545823503347875840,1777943026000,1777943197000,1,0.0,0.07,0.0
1545823503347875840,1777998829000-632578958264631296-1545823503347875840,1777998829000,1777999004000,1,0.0,0.094,0.0
1545823852121030656,1777997334000-632578958264631296-1545823852121030656,1777997334000,1777997595000,1,0.0,0.131,0.0
1545824186436419584,1777996082000-632578958264631296-1545824186436419584,1777996082000,1777996828000,1,0.0,0.379,0.0
635414442816888832,1777987179000-632578958264631296-635414442816888832,1777987179000,1777987635000,1,0.0,0.264,0.0
635414692210147328,1777982274000-632578958264631296-635414692210147328,1777982274000,1777982670000,1,0.0,0.249,0.0
635414692210147328,1777990709000-632578958264631296-635414692210147328,1777990709000,1777990939000,1,0.0,0.14,0.0
635414692210147328,1777991096000-632578958264631296-635414692210147328,1777991096000,1777991666000,1,0.0,0.346,0.0
780059706918961152,1777987643000-632578958264631296-780059706918961152,1777987643000,1777987914000,1,0.0,0.164,0.0
780451558935494656,1777949691000-632578958264631296-780451558935494656,1777949691000,1777950129000,1,0.0,0.315,0.0
780451558935494656,1777990393000-632578958264631296-780451558935494656,1777990393000,1777990664000,1,0.0,0.303,0.0
787000328028422144,1777942962000-632578958264631296-787000328028422144,1777942962000,1777943206000,1,0.0,0.146,0.0
787000328028422144,1777986119000-632578958264631296-787000328028422144,1777986119000,1777986264000,1,0.0,0.095,0.0
787687496786903040,1777935928000-632578958264631296-787687496786903040,1777935928000,1777936587000,1,0.0,0.434,0.0
788429534713085952,1777952713000-632578958264631296-788429534713085952,1777952713000,1777952858000,1,0.0,2.295,0.0
788429534713085952,1777955606000-632578958264631296-788429534713085952,1777955606000,1777955733000,1,0.0,0.08,0.0
788429534713085952,1777982569000-632578958264631296-788429534713085952,1777982569000,1777982716000,1,0.0,0.059,0.0
790193276584984576,1777956591000-632578958264631296-790193276584984576,1777956591000,1777957944000,1,0.0,0.881,0.0
790970372676648960,1777941266000-632578958264631296-790970372676648960,1777941266000,1777941525000,1,0.0,0.775,0.0
790970372676648960,1777949723000-632578958264631296-790970372676648960,1777949723000,1777949940000,1,0.0,0.395,0.0
790970372676648960,1777954096000-632578958264631296-790970372676648960,1777954096000,1777954241000,1,0.0,0.05,0.0
790970372676648960,1777954970000-632578958264631296-790970372676648960,1777954970000,1777955163000,1,0.0,1.041,0.0
790970372676648960,1777978960000-632578958264631296-790970372676648960,1777978960000,1777979125000,1,0.0,0.086,0.0
790970372676648960,1777979149000-632578958264631296-790970372676648960,1777979149000,1777979327000,1,0.0,0.088,0.0
790970454885007360,1777956246000-632578958264631296-790970454885007360,1777956246000,1777956603000,1,0.0,0.267,0.0
798991075485155328,1777978514000-632578958264631296-798991075485155328,1777978514000,1777979135000,1,0.0,0.386,0.0
798991075485155328,1777992557000-632578958264631296-798991075485155328,1777992557000,1777994246000,1,0.0,1.09,0.0
800026217909583872,1777936518000-632578958264631296-800026217909583872,1777936518000,1777937554000,1,0.0,1.263,0.0
800026217909583872,1777982750000-632578958264631296-800026217909583872,1777982750000,1777983351000,1,0.0,0.527,0.0
803716121332023296,1777971640000-632578958264631296-803716121332023296,1777971640000,1777971850000,1,0.0,0.121,0.0
809467481230934016,1777965498000-632578958264631296-809467481230934016,1777965498000,1777966124000,1,0.0,0.426,0.0
809467481230934016,1777986890000-632578958264631296-809467481230934016,1777986890000,1777987053000,1,0.0,0.081,0.0
818154714091749376,1777969293000-632578958264631296-818154714091749376,1777969293000,1777969657000,1,0.0,0.271,0.0
847124352678756352,1777938764000-632578958264631296-847124352678756352,1777938764000,1777939336000,1,0.0,0.29,0.0
848986467664396288,1777948045000-632578958264631296-848986467664396288,1777948045000,1777948702000,1,0.0,0.495,0.0
848986467664396288,1777980301000-632578958264631296-848986467664396288,1777980301000,1777980786000,1,0.0,0.34,0.0
848986467664396288,1777997132000-632578958264631296-848986467664396288,1777997132000,1777997546000,1,0.0,0.286,0.0
848986467664396288,1778000802000-632578958264631296-848986467664396288,1778000802000,1778001134000,1,0.0,0.224,0.0
861290333428776960,1777943385000-632578958264631296-861290333428776960,1777943385000,1777943574000,1,0.0,0.044,0.0
862677844923252736,1777952243000-632578958264631296-862677844923252736,1777952243000,1777952450000,1,0.0,0.122,0.0
862693652038680576,1777989910000-632578958264631296-862693652038680576,1777989910000,1777990779000,1,0.0,0.714,0.0
863681036163219456,1777952834000-632578958264631296-863681036163219456,1777952834000,1777953309000,1,0.0,0.29,0.0
863681036163219456,1777996357000-632578958264631296-863681036163219456,1777996357000,1777996554000,1,0.0,0.123,0.0
866686265431425024,1777945606000-632578958264631296-866686265431425024,1777945606000,1777946116000,1,0.0,0.521,0.0
866686265431425024,1777961705000-632578958264631296-866686265431425024,1777961705000,1777962030000,1,0.0,0.174,0.0
870275474985582592,1777981435000-632578958264631296-870275474985582592,1777981435000,1777981647000,1,0.0,0.116,0.0
871730443827806208,1777973310000-632578958264631296-871730443827806208,1777973310000,1777973522000,1,0.0,0.181,0.0
871764433825693696,1777943653000-632578958264631296-871764433825693696,1777943653000,1777944079000,1,0.0,0.489,0.0
873916972050415616,1777952623000-632578958264631296-873916972050415616,1777952623000,1777952791000,1,0.0,0.175,0.0
873916972050415616,1777975141000-632578958264631296-873916972050415616,1777975141000,1777975767000,1,0.0,0.65,0.0
873916972050415616,1777987375000-632578958264631296-873916972050415616,1777987375000,1777987833000,1,0.0,0.519,0.0
873916972050415616,1777994034000-632578958264631296-873916972050415616,1777994034000,1777994358000,1,0.0,0.332,0.0
876044057397166080,1777944799000-632578958264631296-876044057397166080,1777944799000,1777945427000,1,0.0,0.77,0.0
876044057397166080,1777990135000-632578958264631296-876044057397166080,1777990135000,1777990657000,1,0.0,0.628,0.0
877447467317067776,1777984550000-632578958264631296-877447467317067776,1777984550000,1777984763000,1,0.0,0.273,0.0
877447567619653632,1777974368000-632578958264631296-877447567619653632,1777974368000,1777975344000,1,0.0,1.247,0.0
878252193440858112,1777962983000-632578958264631296-878252193440858112,1777962983000,1777963101000,1,0.0,0.022,0.0
879404563604439040,1777951286000-632578958264631296-879404563604439040,1777951286000,1777951665000,1,0.0,0.153,0.0
879404563604439040,1777970761000-632578958264631296-879404563604439040,1777970761000,1777970893000,1,0.0,0.046,0.0
893133531117518848,1777950439000-632578958264631296-893133531117518848,1777950439000,1777950892000,1,0.0,0.477,0.0
893133531117518848,1777967416000-632578958264631296-893133531117518848,1777967416000,1777967927000,1,0.0,0.18,0.0
893133531117518848,1777981473000-632578958264631296-893133531117518848,1777981473000,1777981625000,1,0.0,0.113,0.0
902974583798235136,1777961942000-632578958264631296-902974583798235136,1777961942000,1777962188000,1,0.0,0.399,0.0
902974583798235136,1777967940000-632578958264631296-902974583798235136,1777967940000,1777968319000,1,0.0,0.178,0.0
925753337108758528,1777940169000-632578958264631296-925753337108758528,1777940169000,1777940459000,1,0.0,0.096,0.0
925753337108758528,1777942619000-632578958264631296-925753337108758528,1777942619000,1777942834000,1,0.0,0.097,0.0
925753337108758528,1777999143000-632578958264631296-925753337108758528,1777999143000,1778000143000,1,0.0,0.327,0.0
927153603469115392,1777965713000-632578958264631296-927153603469115392,1777965713000,1777965828000,1,0.0,0.017,0.0
927153603469115392,1777970441000-632578958264631296-927153603469115392,1777970441000,1777970704000,1,0.0,0.086,0.0
927179928254808064,1777951833000-632578958264631296-927179928254808064,1777951833000,1777952434000,1,0.0,0.384,0.0
931856805720489984,1777934946000-632578958264631296-931856805720489984,1777934946000,1777935308000,1,0.0,0.357,0.0
931939397496995840,1778002428000-632578958264631296-931939397496995840,1778002428000,1778002871000,1,0.0,0.15,0.0
932302785804763136,1777941878000-632578958264631296-932302785804763136,1777941878000,1777942020000,1,0.0,0.157,0.0
933416236518211584,1777981251000-632578958264631296-933416236518211584,1777981251000,1777981551000,1,0.0,0.105,0.0
936665179544879104,1777942981000-632578958264631296-936665179544879104,1777942981000,1777943341000,1,0.0,0.381,0.0
938815830156640256,1777945647000-632578958264631296-938815830156640256,1777945647000,1777945831000,1,0.0,0.151,0.0
939139369715892224,1777930301000-632578958264631296-939139369715892224,1777930301000,1777930504000,1,0.0,0.101,0.0
939140294748667904,1777978679000-632578958264631296-939140294748667904,1777978679000,1777979001000,1,0.0,0.109,0.0
939140294748667904,1777985374000-632578958264631296-939140294748667904,1777985374000,1777985862000,1,0.0,0.164,0.0
939141093658722304,1777946326000-632578958264631296-939141093658722304,1777946326000,1777946443000,1,0.0,0.008,0.0
939141093658722304,1777989238000-632578958264631296-939141093658722304,1777989238000,1777989489000,1,0.0,0.108,0.0
942469061864849408,1777943780000-632578958264631296-942469061864849408,1777943780000,1777944160000,1,0.0,0.154,0.0
942469061864849408,1777944549000-632578958264631296-942469061864849408,1777944549000,1777944883000,1,0.0,0.122,0.0
943818921138454528,1777947848000-632578958264631296-943818921138454528,1777947848000,1777948199000,1,0.0,0.071,0.0
943857890790211584,1777944302000-632578958264631296-943857890790211584,1777944302000,1777944831000,1,0.0,0.423,0.0
943859348893859840,1777976442000-632578958264631296-943859348893859840,1777976442000,1777976588000,1,0.0,0.142,0.0
944571594812948480,1777995823000-632578958264631296-944571594812948480,1777995823000,1777996317000,1,0.0,0.226,0.0
944587945103327232,1777967508000-632578958264631296-944587945103327232,1777967508000,1777967688000,1,0.0,0.062,0.0
944587945103327232,1777968173000-632578958264631296-944587945103327232,1777968173000,1777968444000,1,0.0,0.094,0.0
944587945103327232,1777969100000-632578958264631296-944587945103327232,1777969100000,1777969251000,1,0.0,0.037,0.0
944591832124227584,1777985326000-632578958264631296-944591832124227584,1777985326000,1777985505000,1,0.0,0.031,0.0
944591832124227584,1777986235000-632578958264631296-944591832124227584,1777986235000,1777986614000,1,0.0,0.134,0.0
946024601958219776,1777956949000-632578958264631296-946024601958219776,1777956949000,1777957058000,1,0.0,0.031,0.0
946024601958219776,1777957147000-632578958264631296-946024601958219776,1777957147000,1777957538000,1,0.0,0.658,0.0
946025653910634496,1777988833000-632578958264631296-946025653910634496,1777988833000,1777989226000,1,0.0,0.191,0.0
946026878085365760,1777958696000-632578958264631296-946026878085365760,1777958696000,1777958874000,1,0.0,0.278,0.0
946029060134273024,1777975566000-632578958264631296-946029060134273024,1777975566000,1777975743000,1,0.0,0.057,0.0
946032945880104960,1777948434000-632578958264631296-946032945880104960,1777948434000,1777948919000,1,0.0,0.22,0.0
946032945880104960,1777960096000-632578958264631296-946032945880104960,1777960096000,1777960409000,1,0.0,0.093,0.0
946032945880104960,1777966389000-632578958264631296-946032945880104960,1777966389000,1777966694000,1,0.0,0.123,0.0
947093103351693312,1777965840000-632578958264631296-947093103351693312,1777965840000,1777966274000,1,0.0,0.18,0.0
947452563299500032,1777973899000-632578958264631296-947452563299500032,1777973899000,1777974028000,1,0.0,0.044,0.0
951557397191589888,1777950828000-632578958264631296-951557397191589888,1777950828000,1777950919000,1,0.0,0.045,0.0
951557397191589888,1777950924000-632578958264631296-951557397191589888,1777950924000,1777951114000,1,0.0,0.082,0.0
951563481520275456,1777953967000-632578958264631296-951563481520275456,1777953967000,1777953979000,1,0.0,0.001,0.0
964171206683000832,1777991362000-632578958264631296-964171206683000832,1777991362000,1777991643000,1,0.0,0.152,0.0
964172050669240320,1777919644000-632578958264631296-964172050669240320,1777919644000,1777919734000,1,0.0,0.046,0.0
964172050669240320,1777925671000-632578958264631296-964172050669240320,1777925671000,1777926039000,1,0.0,0.15,0.0
964172050669240320,1777935575000-632578958264631296-964172050669240320,1777935575000,1777935930000,1,0.0,0.156,0.0
970285003134992384,1777925576000-632578958264631296-970285003134992384,1777925576000,1777925760000,1,0.0,0.044,0.0
970285003134992384,1777926009000-632578958264631296-970285003134992384,1777926009000,1777926186000,1,0.0,0.028,0.0
970285003134992384,1777965683000-632578958264631296-970285003134992384,1777965683000,1777966037000,1,0.0,0.149,0.0
970288452387995648,1777989788000-632578958264631296-970288452387995648,1777989788000,1777989998000,1,0.0,0.076,0.0
971379691866816512,1777959341000-632578958264631296-971379691866816512,1777959341000,1777959615000,1,0.0,0.337,0.0
971379691866816512,1777961208000-632578958264631296-971379691866816512,1777961208000,1777961365000,1,0.0,0.104,0.0
977133830013976576,1777980455000-632578958264631296-977133830013976576,1777980455000,1777980694000,1,0.0,0.114,0.0
