vehicle_id_agg,trip_id,start_time_agg,end_time_agg,counts,total_distance,total_fuel_consumed,mean_mileage,account_id,start_time_trips,vehicle_id_trips,vehicle_plate,duration,end_time_trips,carbon_emission,distance,engine_hours,fuel_consumed,mileage,raw_fuel_consumed,id,odo_distance_km,driver_ids,vehicle_device_type,active_driver,adblue_consumed
1073994678560358400,1778141033000-632578958264631296-1073994678560358400,1778141033000,1778161024000,1,265.026,86.047,3.0800144107290204,632578958264631296,1778141033000,1073994678560358400,RJ47GA5628,19991000,1778161024000,227.16475296628371,265.026,5.5,86.0472549114711,3.0800052863123812,86.0472549114711,1778141033000-632578958264631296-1073994678560358400,279.0999999999767,,,,
1501933902321680384,1778110577000-632578958264631296-1501933902321680384,1778110577000,1778127887000,1,200.076,63.73,3.139431978659972,632578958264631296,1778110577000,1501933902321680384,NL01AK3119,17310000,1778127887000,168.24763155817126,200.076,4.7999999999999545,63.73016346900427,3.139423925961036,63.73016346900427,1778110577000-632578958264631296-1501933902321680384,210.875,,,,
1132635709874634752,1778112629000-632578958264631296-1132635709874634752,1778112629000,1778130177000,1,198.6,48.288,4.112823061630219,632578958264631296,1778112629000,1132635709874634752,RJ47GA5218,17548000,1778130177000,127.48110832334231,198.59999999997672,4.850000000000364,48.28829860732663,4.112797628571734,48.28829860732663,1778112629000-632578958264631296-1132635709874634752,198.59999999997672,,,,
1535695002116554752,1778134767000-632578958264631296-1535695002116554752,1778134767000,1778151862000,1,198.233,63.419,3.125766726060014,632578958264631296,1778134767000,1535695002116554752,NL01AK7895,17095000,1778151862000,167.4255316775193,198.233,4.700000000000017,63.41876199906034,3.125778456585721,63.41876199906034,1778134767000-632578958264631296-1535695002116554752,205.45499999999993,,,,
1385304935976927232,1778128499000-632578958264631296-1385304935976927232,1778128499000,1778144880000,1,188.982,70.176,2.69297195622435,632578958264631296,1778128499000,1385304935976927232,NL01AJ5688,16381000,1778144880000,185.26397400827454,188.982,4.5,70.17574773040702,2.6929816369895896,70.17574773040702,1778128499000-632578958264631296-1385304935976927232,202.25,,,,
1073994678560358400,1778101524000-632578958264631296-1073994678560358400,1778101524000,1778116084000,1,181.855,70.941,2.56346823416642,632578958264631296,1778101524000,1073994678560358400,RJ47GA5628,14560000,1778116084000,187.2853180814744,181.855,4.0,70.94140836419484,2.5634534779236895,70.94140836419484,1778101524000-632578958264631296-1073994678560358400,192.09999999997672,,,,
797458881650360320,1778146479000-632578958264631296-797458881650360320,1778146479000,1778160484000,1,180.004,53.757,3.3484755473705747,632578958264631296,1778146479000,797458881650360320,RJ47GA3119,14005000,1778160484000,141.91782009528046,180.004,3.899999999999636,53.75675003609108,3.348491117471747,53.75675003609108,1778146479000-632578958264631296-797458881650360320,204.21999999997206,['900758004213743620'],,900758004213743620,
1083726698509238272,1778146760000-632578958264631296-1083726698509238272,1778146760000,1778165585000,1,179.635,58.003,3.0969949830181194,632578958264631296,1778146760000,1083726698509238272,RJ47GA6387,18825000,1778165585000,153.12792002763086,179.635,5.199999999999818,58.00300001046623,3.0969949824592886,58.00300001046623,1778146760000-632578958264631296-1083726698509238272,188.89999999999418,,,,
1045646687990710272,1778139432000-632578958264631296-1045646687990710272,1778139432000,1778155858000,1,177.224,70.992,2.4963939598828033,632578958264631296,1778139432000,1045646687990710272,RJ47GA3441,16426000,1778155858000,187.41879389378292,177.224,4.550000000001091,70.99196738400867,2.4963951068064167,70.99196738400867,1778139432000-632578958264631296-1045646687990710272,180.875,,,,
1464283595349688320,1778111487000-632578958264631296-1464283595349688320,1778111487000,1778125834000,1,177.106,56.905,3.112309990334768,632578958264631296,1778111487000,1464283595349688320,NL01AK1961,14347000,1778125834000,150.2285293383018,177.106,3.9500000000000455,56.90474596147795,3.112323884547224,56.90474596147795,1778111487000-632578958264631296-1464283595349688320,181.875,,,,
1067774958987378688,1778149186000-632578958264631296-1067774958987378688,1778149186000,1778164467000,1,177.004,62.711,2.822535121430052,632578958264631296,1778149186000,1067774958987378688,RJ47GA6419,15281000,1778164467000,165.5571119102184,177.004,4.199999999999818,62.71102723871909,2.822533895453622,62.71102723871909,1778149186000-632578958264631296-1067774958987378688,182.70000000001164,,,,
1536402078727929856,1778129245000-632578958264631296-1536402078727929856,1778129245000,1778142753000,1,175.296,54.719,3.2035673166541785,632578958264631296,1778129245000,1536402078727929856,NL01AK8054,13508000,1778142753000,144.45902188219648,175.296,3.75,54.71932647052897,3.2035482032917906,54.71932647052897,1778129245000-632578958264631296-1536402078727929856,178.84500000000116,,,,
1361380561528029184,1778145541000-632578958264631296-1361380561528029184,1778145541000,1778160425000,1,172.549,51.079,3.378081011766088,632578958264631296,1778145541000,1361380561528029184,NL01AJ4177,14884000,1778160425000,134.84943813238962,172.549,4.099999999999909,51.07933262590516,3.37805901388169,51.07933262590516,1778145541000-632578958264631296-1361380561528029184,184.125,,,,
1545824186436419584,1778123688000-632578958264631296-1545824186436419584,1778123688000,1778137963000,1,172.426,54.486,3.1645927394193003,632578958264631296,1778123688000,1545824186436419584,NL01AK8995,14275000,1778137963000,143.8440749437842,172.426,3.950000000000003,54.48639202416068,3.164569970489913,54.48639202416068,1778123688000-632578958264631296-1545824186436419584,178.70000000000005,,,,
1108736100332994560,1778117635000-632578958264631296-1108736100332994560,1778117635000,1778132499000,1,171.727,65.275,2.630823439295289,632578958264631296,1778117635000,1108736100332994560,RJ47GA5594,14864000,1778132499000,172.3260021173434,171.727,4.100000000000364,65.27500080202401,2.6308234069707614,65.27500080202401,1778117635000-632578958264631296-1108736100332994560,181.70000000001164,,,,
1093087738300727296,1778121123000-632578958264631296-1093087738300727296,1778121123000,1778134737000,1,171.575,58.554,2.9302011818150766,632578958264631296,1778121123000,1093087738300727296,RJ47GA5977,13614000,1778134737000,154.58134082175647,171.575,3.75,58.553538190059264,2.930224292220971,58.55353819005926,1778121123000-632578958264631296-1093087738300727296,177.95999999999185,,,,
1083016936570224640,1778110003000-632578958264631296-1083016936570224640,1778110003000,1778124866000,1,170.34,56.899,2.9937257245294293,632578958264631296,1778110003000,1083016936570224640,RJ47GA5904,14863000,1778124866000,150.21349904169614,170.34,4.099999999999454,56.89905266730914,2.9937229534555567,56.89905266730914,1778110003000-632578958264631296-1083016936570224640,181.80000000001746,,,,
1294723291725955072,1778161609000-632578958264631296-1294723291725955072,1778161609000,1778176647000,1,169.11,57.272,2.952751780974997,632578958264631296,1778161609000,1294723291725955072,NL01AH7658,15038000,1778176647000,151.19715285028508,169.11,4.150000000000091,57.27164880692616,2.95276988742026,57.27164880692616,1778161609000-632578958264631296-1294723291725955072,174.125,,,,
939546576563470336,1778124656000-632578958264631296-939546576563470336,1778124656000,1778138541000,1,168.86,58.88,2.867866847826087,632578958264631296,1778124656000,939546576563470336,RJ14GN1594,13885000,1778138541000,155.4438099192348,168.86,0.3500000000003638,58.880231030013185,2.8678555950965365,58.880231030013185,1778124656000-632578958264631296-939546576563470336,175.0,,,,
1475453057469775872,1778158085000-632578958264631296-1475453057469775872,1778158085000,1778172079000,1,167.854,45.937,3.654004397326774,632578958264631296,1778158085000,1475453057469775872,NL01AK3037,13994000,1778172079000,121.27399949152935,167.854,3.849999999999909,45.93712101951869,3.6539947709974863,45.93712101951869,1778158085000-632578958264631296-1475453057469775872,176.75,,,,
1070334753032372224,1778144104000-632578958264631296-1070334753032372224,1778144104000,1778156891000,1,166.414,59.819,2.7819589093766193,632578958264631296,1778144104000,1070334753032372224,RJ47GA4000,12787000,1778156891000,157.9224087737048,166.414,2.7000000000007276,59.81909423246394,2.78195452698257,59.81909423246394,1778144104000-632578958264631296-1070334753032372224,168.625,['1096406669480427549'],,,
1536022277991170048,1778115765000-632578958264631296-1536022277991170048,1778115765000,1778129585000,1,163.907,52.329,3.1322402491926087,632578958264631296,1778115765000,1536022277991170048,NL01AK7897,13820000,1778129585000,138.14781454466996,163.907,3.8000000000000114,52.3287176305568,3.132257150981438,52.32871763055681,1778115765000-632578958264631296-1536022277991170048,169.6299999999992,,,,
1067775974323519488,1778147482000-632578958264631296-1067775974323519488,1778147482000,1778162001000,1,162.577,42.959,3.784468912218627,632578958264631296,1778147482000,1067775974323519488,RJ14GP9560,14519000,1778162001000,113.41114462164805,162.577,0.0,42.95876690213941,3.784489447063329,42.95876690213941,1778147482000-632578958264631296-1067775974323519488,162.125,,,,
1067776159577538560,1778104817000-632578958264631296-1067776159577538560,1778104817000,1778118132000,1,162.18,52.074,3.114414103007259,632578958264631296,1778104817000,1067776159577538560,RJ14GP9561,13315000,1778118132000,137.47640122851996,162.18,3.649999999999636,52.07439440474241,3.1143905148367947,52.07439440474241,1778104817000-632578958264631296-1067776159577538560,168.79999999998836,,,,
1082303861131051008,1778143054000-632578958264631296-1082303861131051008,1778143054000,1778159551000,1,160.62,43.76,3.670475319926874,632578958264631296,1778143054000,1082303861131051008,RJ47GA5902,16497000,1778159551000,115.52769495150243,160.62,4.550000000000182,43.76049051193274,3.670434177519141,43.76049051193274,1778143054000-632578958264631296-1082303861131051008,170.70000000001164,,,,
1464286463544786944,1778145616000-632578958264631296-1464286463544786944,1778145616000,1778159545000,1,160.544,45.5,3.5284395604395606,632578958264631296,1778145616000,1464286463544786944,NL01AK1962,13929000,1778159545000,120.12,160.544,3.7999999999999545,45.5,3.5284395604395606,45.5,1778145616000-632578958264631296-1464286463544786944,164.625,,,,
1156948637754851328,1778124827000-632578958264631296-1156948637754851328,1778124827000,1778138656000,1,159.578,42.833,3.7255854131160557,632578958264631296,1778124827000,1156948637754851328,RJ14GP9557,13829000,1778138656000,113.0801042551231,159.578,3.7999999999992724,42.83337282391027,3.7255529854263787,42.83337282391027,1778124827000-632578958264631296-1156948637754851328,165.5,,,,
1361380561528029184,1778128493000-632578958264631296-1361380561528029184,1778128493000,1778142212000,1,158.875,59.0,2.6927966101694913,632578958264631296,1778128493000,1361380561528029184,NL01AJ4177,13719000,1778142212000,155.76000000000002,158.875,3.800000000000182,59.00000000000001,2.6927966101694913,59.0,1778128493000-632578958264631296-1361380561528029184,158.875,,,,
1462138214197231616,1778163442000-632578958264631296-1462138214197231616,1778163442000,1778178188000,1,156.31,28.865,5.415208730296206,632578958264631296,1778163442000,1462138214197231616,RJ47GA5984,14746000,1778178188000,76.20485733940203,156.31,4.100000000000364,28.865476264925007,5.41511938224748,28.86547626492501,1778163442000-632578958264631296-1462138214197231616,159.69999999998254,,,,
1083726887294861312,1778128556000-632578958264631296-1083726887294861312,1778128556000,1778140293000,1,155.732,53.062,2.93490633598432,632578958264631296,1778128556000,1083726887294861312,RJ47GA6339,11737000,1778140293000,140.08418831489126,155.732,3.25,53.062192543519416,2.934895686269938,53.062192543519416,1778128556000-632578958264631296-1083726887294861312,165.39999999999418,,,,
1080454515951403008,1778110639000-632578958264631296-1080454515951403008,1778110639000,1778125360000,1,155.3,50.978,3.046412177802189,632578958264631296,1778110639000,1080454515951403008,RJ47GA3901,14721000,1778125360000,134.5807452682543,155.3,4.049999999999272,50.977555025853896,3.046438769400331,50.977555025853896,1778110639000-632578958264631296-1080454515951403008,157.875,,,,
1464286463544786944,1778128434000-632578958264631296-1464286463544786944,1778128434000,1778142367000,1,154.152,51.39,2.999649737302977,632578958264631296,1778128434000,1464286463544786944,NL01AK1962,13933000,1778142367000,135.6706758612492,154.152,3.849999999999909,51.39040752320046,2.99962595023998,51.39040752320046,1778128434000-632578958264631296-1464286463544786944,158.375,,,,
1083727986517082112,1778148130000-632578958264631296-1083727986517082112,1778148130000,1778160643000,1,154.145,54.209,2.8435315169067867,632578958264631296,1778148130000,1083727986517082112,RJ47GA6315,12513000,1778160643000,143.11258837073365,154.145,3.454474166666485,54.209313776793046,2.843515057849512,54.180376229485645,1778148130000-632578958264631296-1083727986517082112,161.89999999999418,,,,
1536427445069021184,1778113148000-632578958264631296-1536427445069021184,1778113148000,1778127243000,1,153.963,60.16,2.5592253989361704,632578958264631296,1778113148000,1536427445069021184,NL01AK8053,14095000,1778127243000,158.82239999999962,153.963,3.8500000000000227,60.159999999999854,2.559225398936176,60.159999999999854,1778113148000-632578958264631296-1536427445069021184,158.03499999999985,,,,
1536014535985463296,1778147981000-632578958264631296-1536014535985463296,1778147981000,1778160035000,1,153.91,50.024,3.076723172877019,632578958264631296,1778147981000,1536014535985463296,NL01AK8375,12054000,1778160035000,132.06278831435554,153.91,3.299999999999983,50.0237834524074,3.0767364916815994,50.0237834524074,1778147981000-632578958264631296-1536014535985463296,158.04500000000007,,,,
1536432469593554944,1778114707000-632578958264631296-1536432469593554944,1778114707000,1778127084000,1,153.741,59.826,2.5698024270384114,632578958264631296,1778114707000,1536432469593554944,NL01AK8052,12377000,1778127084000,157.94128548773244,153.741,3.400000000000034,59.82624450292896,2.5697919245536665,59.82624450292896,1778114707000-632578958264631296-1536432469593554944,157.45999999999913,,,,
1049341310072258560,1778125644000-632578958264631296-1049341310072258560,1778125644000,1778138455000,1,153.047,52.952,2.8902968726393716,632578958264631296,1778125644000,1049341310072258560,RJ47GA3322,12811000,1778138455000,139.793447622305,153.047,3.5499999999992724,52.952063493297345,2.8902934069674666,52.952063493297345,1778125644000-632578958264631296-1049341310072258560,154.875,,,,
947581389623001088,1778127938000-632578958264631296-947581389623001088,1778127938000,1778142455000,1,152.911,70.187,2.1786228218900936,632578958264631296,1778127938000,947581389623001088,RJ47GA3601,14517000,1778142455000,185.2947832046047,152.911,4.0,70.18741788053208,2.1786098508464007,70.18741788053208,1778127938000-632578958264631296-947581389623001088,164.0,,,,
869918310366445568,1778154453000-632578958264631296-869918310366445568,1778154453000,1778168583000,1,151.736,37.185,4.080570122361166,632578958264631296,1778154453000,869918310366445568,RJ47GA4503,14130000,1778168583000,98.1691205076709,151.736,3.9000000000005457,37.185272919572306,4.080540173207507,37.185272919572306,1778154453000-632578958264631296-869918310366445568,156.59999999997672,,,,1.8346526917265147
1083726887294861312,1778149995000-632578958264631296-1083726887294861312,1778149995000,1778161986000,1,151.322,53.796,2.812885716410142,632578958264631296,1778149995000,1083726887294861312,RJ47GA6339,11991000,1778161986000,142.02027155184155,151.322,3.300000000000182,53.79555740600058,2.812908858959437,53.79555740600058,1778149995000-632578958264631296-1083726887294861312,160.79999999998836,,,,
1536402078727929856,1778149978000-632578958264631296-1536402078727929856,1778149978000,1778161746000,1,151.311,50.274,3.0097266976966224,632578958264631296,1778149978000,1536402078727929856,NL01AK8054,11768000,1778161746000,132.72214593002593,151.311,3.25,50.273540125009816,3.009754229038798,50.273540125009816,1778149978000-632578958264631296-1536402078727929856,154.77000000000044,,,,
1070334753032372224,1778127466000-632578958264631296-1070334753032372224,1778127466000,1778140568000,1,150.309,55.574,2.7046640515348903,632578958264631296,1778127466000,1070334753032372224,RJ47GA4000,13102000,1778140568000,146.71517367067207,150.309,3.600000000000364,55.57392942070912,2.704667486477728,55.57392942070912,1778127466000-632578958264631296-1070334753032372224,152.875,['1096406669480427549'],,,
1067763553357791232,1778150631000-632578958264631296-1067763553357791232,1778150631000,1778165140000,1,149.531,47.126,3.173004286381191,632578958264631296,1778150631000,1067763553357791232,RJ47GA6214,14509000,1778165140000,124.41133986435958,149.531,4.009375,47.12550752437863,3.1730374452231778,47.12550752437863,1778150631000-632578958264631296-1067763553357791232,159.80000000001746,,,,
1545823852121030656,1778143142000-632578958264631296-1545823852121030656,1778143142000,1778156656000,1,149.084,54.57,2.7319772768920654,632578958264631296,1778143142000,1545823852121030656,NL01AK8996,13514000,1778156656000,144.06386135306008,149.084,3.700000000000003,54.569644451916695,2.731995077068229,54.569644451916695,1778143142000-632578958264631296-1545823852121030656,154.42000000000007,,,,
1535704124731949056,1778142818000-632578958264631296-1535704124731949056,1778142818000,1778156030000,1,148.878,45.813,3.249688952917294,632578958264631296,1778142818000,1535704124731949056,NL01AK7898,13212000,1778156030000,120.94590719561958,148.878,3.6499999999999773,45.812843634704386,3.249700044535571,45.812843634704386,1778142818000-632578958264631296-1535704124731949056,153.6900000000005,,,,
1065321017443876864,1778117119000-632578958264631296-1065321017443876864,1778117119000,1778129923000,1,148.684,42.594,3.4907263933887402,632578958264631296,1778117119000,1065321017443876864,RJ47GA2745,12804000,1778129923000,112.44803496049778,148.684,3.5500000000010914,42.59395263655219,3.4907302749922806,42.59395263655219,1778117119000-632578958264631296-1065321017443876864,157.5,,,,
1093088075828953088,1778116111000-632578958264631296-1093088075828953088,1778116111000,1778128099000,1,147.832,46.728,3.16367060434857,632578958264631296,1778116111000,1093088075828953088,RJ47GA5975,11988000,1778128099000,123.36313362688882,147.832,3.300000000000182,46.728459707154855,3.163639480660318,46.728459707154855,1778116111000-632578958264631296-1093088075828953088,157.84500000000116,,,,
1083727986517082112,1778127257000-632578958264631296-1083727986517082112,1778127257000,1778140151000,1,147.634,54.319,2.7179071779671933,632578958264631296,1778127257000,1083727986517082112,RJ47GA6315,12894000,1778140151000,143.40085229885077,147.634,3.5999999999994543,54.31850465865559,2.7179319631081684,54.31850465865559,1778127257000-632578958264631296-1083727986517082112,155.40000000002328,,,,
1536014535985463296,1778127231000-632578958264631296-1536014535985463296,1778127231000,1778139760000,1,147.525,49.762,2.964611550982678,632578958264631296,1778127231000,1536014535985463296,NL01AK8375,12529000,1778139760000,131.37119299057636,147.525,3.450000000000017,49.76181552673347,2.964622541168044,49.76181552673347,1778127231000-632578958264631296-1536014535985463296,151.39499999999862,,,,
1097510484225032192,1778122265000-632578958264631296-1097510484225032192,1778122265000,1778136274000,1,147.508,45.019,3.276572113996313,632578958264631296,1778122265000,1097510484225032192,RJ47GA3830,14009000,1778136274000,118.85036308893781,147.508,3.900000000001455,45.01907692762796,3.2765665150605336,45.01907692762796,1778122265000-632578958264631296-1097510484225032192,161.125,,,,
1067775974323519488,1778133013000-632578958264631296-1067775974323519488,1778133013000,1778144998000,1,146.599,31.801,4.609886481557184,632578958264631296,1778133013000,1067775974323519488,RJ14GP9560,11985000,1778144998000,83.95574852074874,146.599,0.0,31.801419894223006,4.60982561431576,31.801419894223006,1778133013000-632578958264631296-1067775974323519488,146.25,,,,
1476549765217910784,1778165172000-632578958264631296-1476549765217910784,1778165172000,1778178757000,1,143.879,52.844,2.7227121338278706,632578958264631296,1778165172000,1476549765217910784,NL01AK3042,13585000,1778178757000,139.50884717362476,143.879,3.75,52.84426029303968,2.7226987226643202,52.84426029303968,1778165172000-632578958264631296-1476549765217910784,151.625,,,,
1093476797997121536,1778112491000-632578958264631296-1093476797997121536,1778112491000,1778125777000,1,143.835,44.658,3.2208115007389493,632578958264631296,1778112491000,1093476797997121536,RJ47GA5979,13286000,1778125777000,117.89794737691908,143.835,3.649999999999636,44.658313400348135,3.220788897927317,44.658313400348135,1778112491000-632578958264631296-1093476797997121536,150.19999999998254,,,,
1397607641592627200,1778155602000-632578958264631296-1397607641592627200,1778155602000,1778168479000,1,143.816,43.101,3.336720725737222,632578958264631296,1778155602000,1397607641592627200,NL01AJ6923,12877000,1778168479000,113.78745556296948,143.816,3.5,43.10130892536723,3.3366968100441436,43.10130892536723,1778155602000-632578958264631296-1397607641592627200,147.0,,,,
1385305291104452608,1778155804000-632578958264631296-1385305291104452608,1778155804000,1778168432000,1,143.446,45.165,3.176043396435293,632578958264631296,1778155804000,1385305291104452608,NL01AJ5692,12628000,1778168432000,119.23534565861658,143.446,3.450000000000273,45.164903658566885,3.176050171265917,45.164903658566885,1778155804000-632578958264631296-1385305291104452608,,,,,
1468940686052032512,1778163380000-632578958264631296-1468940686052032512,1778163380000,1778178934000,1,143.365,40.499,3.5399639497271536,632578958264631296,1778163380000,1468940686052032512,RJ14GQ0824,15554000,1778178934000,106.91764524984738,143.365,4.25,40.49910804918461,3.5399545053162336,40.49910804918461,1778163380000-632578958264631296-1468940686052032512,147.30000000001746,,,,
1067775974323519488,1778118103000-632578958264631296-1067775974323519488,1778118103000,1778131023000,1,143.357,36.184,3.961889232810082,632578958264631296,1778118103000,1067775974323519488,RJ14GP9560,12920000,1778131023000,95.52618334580991,143.357,0.0,36.18416035826133,3.961871674805069,36.18416035826133,1778118103000-632578958264631296-1067775974323519488,143.0,,,,
1045646687990710272,1778122742000-632578958264631296-1045646687990710272,1778122742000,1778135857000,1,143.25,60.116,2.3828930733914433,632578958264631296,1778122742000,1045646687990710272,RJ47GA3441,13115000,1778135857000,158.70592596136936,143.25,3.600000000000364,60.11588104597324,2.3828977885302964,60.115881045973246,1778122742000-632578958264631296-1045646687990710272,146.0,,,,
939141093658722304,1778149812000-632578958264631296-939141093658722304,1778149812000,1778161247000,1,142.99,51.164,2.794738487999375,632578958264631296,1778149812000,939141093658722304,RJ47GA3768,11435000,1778161247000,135.073020589402,142.99,3.149999999999636,51.16402295053106,2.794737234369797,51.16402295053107,1778149812000-632578958264631296-939141093658722304,163.25,,,,
1083727333329731584,1778110298000-632578958264631296-1083727333329731584,1778110298000,1778122901000,1,142.812,48.78,2.9276752767527676,632578958264631296,1778110298000,1083727333329731584,RJ47GA6318,12603000,1778122901000,128.7803395477869,142.812,3.449999999999818,48.78043164688897,2.9276493704234783,48.78043164688897,1778110298000-632578958264631296-1083727333329731584,152.5,,,,
1108736100332994560,1778145573000-632578958264631296-1108736100332994560,1778145573000,1778157523000,1,142.77,52.689,2.709673745943176,632578958264631296,1778145573000,1108736100332994560,RJ47GA5594,11950000,1778157523000,139.09846614117603,142.77,3.25,52.688812932263644,2.709683366439553,52.688812932263644,1778145573000-632578958264631296-1108736100332994560,150.69999999998254,,,,
1141991039255445504,1778157453000-632578958264631296-1141991039255445504,1778157453000,1778170735000,1,142.609,56.373,2.529739414258599,632578958264631296,1778157453000,1141991039255445504,RJ47GA6283,13282000,1778170735000,148.82567566172963,142.609,3.649999999999636,56.3733619930794,2.529723169916799,56.3733619930794,1778157453000-632578958264631296-1141991039255445504,152.10000000000582,,,,
1396881382210273280,1778157457000-632578958264631296-1396881382210273280,1778157457000,1778170806000,1,142.377,54.315,2.621320077326706,632578958264631296,1778157457000,1396881382210273280,NL01AJ6927,13349000,1778170806000,143.39241458170804,142.377,3.649999999999636,54.31530855367728,2.6213051861667225,54.31530855367728,1778157457000-632578958264631296-1396881382210273280,151.25,,,,
1083728870357598208,1778134807000-632578958264631296-1083728870357598208,1778134807000,1778147959000,1,140.257,61.064,2.2968852351631077,632578958264631296,1778134807000,1083728870357598208,RJ47GA6364,13152000,1778147959000,161.20831642249212,140.257,3.5999999999994543,61.06375622064095,2.296894404812096,61.06375622064095,1778134807000-632578958264631296-1083728870357598208,149.29999999998836,,,,
1294704486559776768,1778155781000-632578958264631296-1294704486559776768,1778155781000,1778168717000,1,140.219,36.5,3.8416164383561644,632578958264631296,1778155781000,1294704486559776768,NL01AH7659,12936000,1778168717000,96.36,140.219,3.550000000000182,36.5,3.8416164383561644,36.5,1778155781000-632578958264631296-1294704486559776768,142.25,,,,
1396880990281924608,1778114036000-632578958264631296-1396880990281924608,1778114036000,1778125393000,1,139.652,40.365,3.45972996407779,632578958264631296,1778114036000,1396880990281924608,NL01AJ6924,11357000,1778125393000,106.56465948437622,139.652,3.100000000000364,40.36540131983948,3.4596955668408387,40.36540131983948,1778114036000-632578958264631296-1396880990281924608,144.125,,,,
1064527564812320768,1778154443000-632578958264631296-1064527564812320768,1778154443000,1778166480000,1,139.454,47.55,2.932786540483702,632578958264631296,1778154443000,1064527564812320768,RJ47GA3509,12037000,1778166480000,125.53239202942424,139.454,3.350000000000364,47.55014849599403,2.9327773815837532,47.55014849599403,1778154443000-632578958264631296-1064527564812320768,150.375,,,,
1536014609964597248,1778160675000-632578958264631296-1536014609964597248,1778160675000,1778172405000,1,139.278,47.114,2.956191365623806,632578958264631296,1778160675000,1536014609964597248,NL01AK9197,11730000,1778172405000,124.38145185792033,139.278,3.200000000000003,47.1141863098183,2.9561796755678094,47.1141863098183,1778160675000-632578958264631296-1536014609964597248,142.84500000000025,,,,
1083726698509238272,1778167792000-632578958264631296-1083726698509238272,1778167792000,1778178858000,1,139.218,43.221,3.2210730894703965,632578958264631296,1778167792000,1083726698509238272,RJ47GA6387,11066000,1778178858000,114.10413242647383,139.218,3.050000000000182,43.221262282755234,3.2210535427963727,43.221262282755234,1778167792000-632578958264631296-1083726698509238272,146.5,,,,
1177288436235632640,1778122109000-632578958264631296-1177288436235632640,1778122109000,1778134546000,1,137.952,37.243,3.704105469484198,632578958264631296,1778122109000,1177288436235632640,RJ14GP9555,12437000,1778134546000,98.3212621248313,137.952,3.399999999999636,37.24290232001186,3.7041151845427946,37.24290232001186,1778122109000-632578958264631296-1177288436235632640,143.40000000002328,,,,
1536004619845500928,1778123946000-632578958264631296-1536004619845500928,1778123946000,1778135759000,1,137.806,45.267,3.044292751894316,632578958264631296,1778123946000,1536004619845500928,NL01AK7894,11813000,1778135759000,119.5053934430587,137.806,3.1999999999999886,45.26719448600708,3.044279672392739,45.26719448600708,1778123946000-632578958264631296-1536004619845500928,141.86000000000058,,,,
1536014529144553472,1778160725000-632578958264631296-1536014529144553472,1778160725000,1778173072000,1,137.27,44.652,3.0742184000716657,632578958264631296,1778160725000,1536014529144553472,NL01AK8376,12347000,1778173072000,117.88249754961372,137.27,3.3500000000000227,44.6524611930355,3.0741866480007194,44.6524611930355,1778160725000-632578958264631296-1536014529144553472,140.70999999999913,,,,
1464286463544786944,1778115259000-632578958264631296-1464286463544786944,1778115259000,1778126559000,1,137.208,39.721,3.4542936985473682,632578958264631296,1778115259000,1464286463544786944,NL01AK1962,11300000,1778126559000,104.86218699791529,137.208,3.1000000000001364,39.720525377998214,3.454334974028353,39.720525377998214,1778115259000-632578958264631296-1464286463544786944,140.75,,,,
1540361293100220416,1778143574000-632578958264631296-1540361293100220416,1778143574000,1778153561000,1,136.751,42.251,3.236633452462664,632578958264631296,1778143574000,1540361293100220416,NL01AK8392,9987000,1778153561000,111.54328251845563,136.751,2.75,42.251243378202886,3.2366148086081856,42.251243378202886,1778143574000-632578958264631296-1540361293100220416,140.66499999999996,,,,
1083727333329731584,1778140862000-632578958264631296-1083727333329731584,1778140862000,1778155215000,1,136.747,61.633,2.218730225690783,632578958264631296,1778140862000,1083727333329731584,RJ47GA6318,14353000,1778155215000,162.7110671218915,136.747,4.0,61.63297997041344,2.2187309467373577,61.63297997041344,1778140862000-632578958264631296-1083727333329731584,145.90000000002328,,,,
939546576563470336,1778110969000-632578958264631296-939546576563470336,1778110969000,1778122611000,1,136.06,51.695,2.631976013154077,632578958264631296,1778110969000,939546576563470336,RJ14GN1594,11642000,1778122611000,136.4748737990451,136.06,0.8999999999996362,51.69502795418374,2.63197458990809,51.69502795418374,1778110969000-632578958264631296-939546576563470336,141.09999999997672,,,,
1067775256489361408,1778141194000-632578958264631296-1067775256489361408,1778141194000,1778152848000,1,135.959,44.711,3.0408400617297757,632578958264631296,1778141194000,1067775256489361408,RJ47GA4861,11654000,1778152848000,118.03680877512599,135.959,3.199999999999818,44.71091241482045,3.0408460184975628,44.71091241482045,1778141194000-632578958264631296-1067775256489361408,140.10000000003492,,,,
1536427445069021184,1778162409000-632578958264631296-1536427445069021184,1778162409000,1778174754000,1,135.731,44.734,3.0341798184825857,632578958264631296,1778162409000,1536427445069021184,NL01AK8053,12345000,1778174754000,118.09723031348278,135.731,3.3999999999999773,44.73379936116772,3.034193427304202,44.73379936116772,1778162409000-632578958264631296-1536427445069021184,139.23500000000058,,,,
1536014543027699712,1778120499000-632578958264631296-1536014543027699712,1778120499000,1778133350000,1,135.61,52.427,2.586644286341008,632578958264631296,1778120499000,1536014543027699712,NL01AK8409,12851000,1778133350000,138.40728732199653,135.61,3.5499999999999545,52.42700277348353,2.586644149502834,52.42700277348353,1778120499000-632578958264631296-1536014543027699712,139.86499999999978,,,,
1152269356621627392,1778116432000-632578958264631296-1152269356621627392,1778116432000,1778127634000,1,135.172,37.521,3.602569227899043,632578958264631296,1778116432000,1152269356621627392,RJ47GA6374,11202000,1778127634000,99.05662262714871,135.172,3.0499999999992724,37.52144796482906,3.6025262171839487,37.52144796482906,1778116432000-632578958264631296-1152269356621627392,140.0,,,,
939546232131420160,1778116463000-632578958264631296-939546232131420160,1778116463000,1778127097000,1,135.015,49.089,2.7504125160422905,632578958264631296,1778116463000,939546232131420160,RJ14GN1567,10634000,1778127097000,129.59372509107038,135.015,2.899999999999636,49.088532231466054,2.750438724942249,49.088532231466054,1778116463000-632578958264631296-939546232131420160,139.20000000001164,,,,
1505916014645215232,1778111741000-632578958264631296-1505916014645215232,1778111741000,1778122873000,1,134.879,41.757,3.2300931580333834,632578958264631296,1778111741000,1505916014645215232,RJ47GA8530,11132000,1778122873000,110.23890095072899,134.879,3.099999999999909,41.75715945103371,3.230080823820525,41.75715945103371,1778111741000-632578958264631296-1505916014645215232,142.36499999999796,,,,
997896292355014656,1778148079000-632578958264631296-997896292355014656,1778148079000,1778159254000,1,134.742,38.792,3.473448133635801,632578958264631296,1778148079000,997896292355014656,RJ47GA5837,11175000,1778159254000,102.41162392163385,134.742,3.100000000000364,38.79228178849767,3.4734229023865373,38.79228178849767,1778148079000-632578958264631296-997896292355014656,141.05000000001746,,,,
1083729038846984192,1778148150000-632578958264631296-1083729038846984192,1778148150000,1778159701000,1,134.728,44.046,3.0588021613767427,632578958264631296,1778148150000,1083729038846984192,RJ47GA6358,11551000,1778159701000,116.2811086480937,134.728,3.199999999999818,44.04587448791428,3.0588108776672813,44.04587448791428,1778148150000-632578958264631296-1083729038846984192,141.70000000001164,,,,
780085706063085568,1778124279000-632578958264631296-780085706063085568,1778124279000,1778135824000,1,134.482,44.417,3.0277146137740054,632578958264631296,1778124279000,780085706063085568,RJ47GA3335,11545000,1778135824000,117.26208465390724,134.482,3.100000000000364,44.41745630829819,3.0276835095321677,44.41745630829819,1778124279000-632578958264631296-780085706063085568,150.88000000000466,['900758004226326531'],,900758004226326531,
1397607242391355392,1778119641000-632578958264631296-1397607242391355392,1778119641000,1778130226000,1,134.304,39.143,3.4311115652862583,632578958264631296,1778119641000,1397607242391355392,NL01AJ6922,10585000,1778130226000,103.33877271438533,134.304,2.849999999999909,39.14347451302474,3.4310699719645785,39.14347451302474,1778119641000-632578958264631296-1397607242391355392,137.625,,,,
1141991039255445504,1778126435000-632578958264631296-1141991039255445504,1778126435000,1778139527000,1,133.81,44.647,2.997065872287052,632578958264631296,1778126435000,1141991039255445504,RJ47GA6283,13092000,1778139527000,117.86738905747127,133.81,3.600000000000364,44.64673827934518,2.9970834411862115,44.64673827934518,1778126435000-632578958264631296-1141991039255445504,142.60000000000582,,,,
792451146961649664,1778155348000-632578958264631296-792451146961649664,1778155348000,1778166017000,1,133.611,42.524,3.142013921550183,632578958264631296,1778155348000,792451146961649664,RJ47GA2227,10669000,1778166017000,112.26336373975171,133.611,2.899999999999636,42.52400141657262,3.1420138168824487,42.52400141657262,1778155348000-632578958264631296-792451146961649664,150.46999999997206,['900758004180189185'],,900758004180189185,
1156948637754851328,1778110456000-632578958264631296-1156948637754851328,1778110456000,1778121963000,1,133.421,38.622,3.4545336854642428,632578958264631296,1778110456000,1156948637754851328,RJ14GP9557,11507000,1778121963000,101.96284733938488,133.421,3.1500000000005457,38.62229065885791,3.454507687761919,38.62229065885791,1778110456000-632578958264631296-1156948637754851328,138.5,,,,
1406586435233906688,1778142358000-632578958264631296-1406586435233906688,1778142358000,1778153839000,1,133.216,37.816,3.5227416966363445,632578958264631296,1778142358000,1406586435233906688,NL01AJ7417,11481000,1778153839000,99.83544611702393,133.216,3.199999999999818,37.816456862509064,3.5226991382175017,37.816456862509064,1778142358000-632578958264631296-1406586435233906688,140.74499999999534,,,,
1545824482457812992,1778154611000-632578958264631296-1545824482457812992,1778154611000,1778165775000,1,133.169,46.509,2.8632952761831048,632578958264631296,1778154611000,1545824482457812992,NL01AK8869,11164000,1778165775000,122.78347590243582,133.169,3.0999999999999943,46.508892387286295,2.8633019013027106,46.508892387286295,1778154611000-632578958264631296-1545824482457812992,136.66499999999996,,,,
1152269356621627392,1778144460000-632578958264631296-1152269356621627392,1778144460000,1778156276000,1,133.052,42.395,3.138388960962377,632578958264631296,1778144460000,1152269356621627392,RJ47GA6374,11816000,1778156276000,111.92344961115859,133.052,3.25,42.3952460648328,3.138370745543749,42.3952460648328,1778144460000-632578958264631296-1152269356621627392,137.79999999998836,,,,
869918310366445568,1778112401000-632578958264631296-869918310366445568,1778112401000,1778124038000,1,132.466,37.389,3.542913691192597,632578958264631296,1778112401000,869918310366445568,RJ47GA4503,11637000,1778124038000,98.70811812986807,132.466,3.0999999999994543,37.38943868555609,3.5428721226342708,37.38943868555609,1778112401000-632578958264631296-869918310366445568,136.90000000002328,,,,2.3327233031741343
1428033112889098240,1778111120000-632578958264631296-1428033112889098240,1778111120000,1778122713000,1,132.464,41.891,3.162111193335084,632578958264631296,1778111120000,1428033112889098240,NL01AJ9497,11593000,1778122713000,110.59233726192636,132.464,3.150000000000091,41.89103684163877,3.162108412373639,41.89103684163877,1778111120000-632578958264631296-1428033112889098240,136.625,,,,
1406228892573761536,1778111752000-632578958264631296-1406228892573761536,1778111752000,1778124532000,1,132.424,41.498,3.1910935466769486,632578958264631296,1778111752000,1406228892573761536,NL01AJ7421,12780000,1778124532000,109.55434220647187,132.424,3.5,41.49785689639086,3.191104551028445,41.49785689639086,1778111752000-632578958264631296-1406228892573761536,140.1299999999901,,,,
1131631502098956288,1778144156000-632578958264631296-1131631502098956288,1778144156000,1778156360000,1,132.334,45.051,2.9374264722203725,632578958264631296,1778144156000,1131631502098956288,RJ47GA6180,12204000,1778156360000,118.933864815832,132.334,0.0,45.05070636963333,2.9374456177051296,45.05070636963333,1778144156000-632578958264631296-1131631502098956288,141.89999999999418,,,,
1536014529144553472,1778132415000-632578958264631296-1536014529144553472,1778132415000,1778143830000,1,132.075,44.411,2.9739253788475826,632578958264631296,1778132415000,1536014529144553472,NL01AK8376,11415000,1778143830000,117.24437138212289,132.075,3.1499999999999773,44.41074673565261,2.973942338464919,44.41074673565261,1778132415000-632578958264631296-1536014529144553472,135.375,,,,
1083729038846984192,1778114871000-632578958264631296-1083729038846984192,1778114871000,1778126530000,1,132.033,53.846,2.4520484344240985,632578958264631296,1778114871000,1083729038846984192,RJ47GA6358,11659000,1778126530000,142.15420290642052,132.033,3.199999999999818,53.846288979704745,2.4520352748870895,53.846288979704745,1778114871000-632578958264631296-1083729038846984192,139.10000000000582,,,,
942436996423352320,1778118808000-632578958264631296-942436996423352320,1778118808000,1778132446000,1,131.824,40.526,3.2528253466910133,632578958264631296,1778118808000,942436996423352320,RJ47GA1344,13638000,1778132446000,106.98756068537374,131.824,0.0,40.52559116870217,3.2528581619262695,0.001,1778118808000-632578958264631296-942436996423352320,,,,,
794950170587430912,1778125958000-632578958264631296-794950170587430912,1778125958000,1778136768000,1,131.481,35.155,3.7400369790925896,632578958264631296,1778125958000,794950170587430912,RJ47GA2696,10810000,1778136768000,92.80958577371459,131.481,2.9500000000007276,35.15514612640704,3.7400214331988537,35.15514612640704,1778125958000-632578958264631296-794950170587430912,147.31999999994878,['900758004192772105'],,900758004192772105,
936665179544879104,1778165441000-632578958264631296-936665179544879104,1778165441000,1778178073000,1,131.245,46.021,2.851850242280698,632578958264631296,1778165441000,936665179544879104,RJ47GA4716,12632000,1778178073000,121.49626606084533,131.245,3.4499999999989086,46.02131290183535,2.8518308523694005,46.02131290183535,1778165441000-632578958264631296-936665179544879104,135.90000000002328,,,,
915980150607183872,1778148039000-632578958264631296-915980150607183872,1778148039000,1778159866000,1,131.182,35.192,3.727608547397135,632578958264631296,1778148039000,915980150607183872,RJ47GA2138,11827000,1778159866000,92.9068204515103,131.182,3.100000000000364,35.1919774437539,3.7276109366023427,35.1919774437539,1778148039000-632578958264631296-915980150607183872,127.0,,,,
1405141042860130304,1778113993000-632578958264631296-1405141042860130304,1778113993000,1778129535000,1,131.157,49.932,2.6267123287671232,632578958264631296,1778113993000,1405141042860130304,NL01AJ7418,15542000,1778129535000,131.82048000000185,131.157,4.25,49.9320000000007,2.626712328767087,49.9320000000007,1778113993000-632578958264631296-1405141042860130304,139.85000000000582,,,,
870575606247456768,1778148003000-632578958264631296-870575606247456768,1778148003000,1778159455000,1,131.095,40.062,3.2723029304577906,632578958264631296,1778148003000,870575606247456768,RJ47GA4668,11452000,1778159455000,105.76249457417507,131.095,3.0999999999994543,40.06155097506631,3.2723396076600104,40.06155097506631,1778148003000-632578958264631296-870575606247456768,136.30000000004657,,,,1.6514950979041167
1389243594644127744,1778146118000-632578958264631296-1389243594644127744,1778146118000,1778159580000,1,130.766,55.872,2.3404567583046965,632578958264631296,1778146118000,1389243594644127744,NL01AJ6142,13462000,1778159580000,147.50198874209016,130.766,3.700000000000273,55.871965432609905,2.340458206320372,55.871965432609905,1778146118000-632578958264631296-1389243594644127744,133.0,,,,
946023492644503552,1778112279000-632578958264631296-946023492644503552,1778112279000,1778123946000,1,130.467,52.793,2.4712935427045255,632578958264631296,1778112279000,946023492644503552,RJ47GA2723,11667000,1778123946000,139.3722180999987,130.467,3.2000000000007276,52.79250685606011,2.471316627485053,52.79250685606011,1778112279000-632578958264631296-946023492644503552,130.0,,,,
1050036904705130496,1778146138000-632578958264631296-1050036904705130496,1778146138000,1778156592000,1,130.286,23.134,5.631797354543097,632578958264631296,1778146138000,1050036904705130496,RJ47GA6244,10454000,1778156592000,61.07376349331468,130.286,2.8499999999994543,23.134001323225256,5.6317970324139335,19.62554099975357,1778146138000-632578958264631296-1050036904705130496,133.70000000001164,,,,
869216733288726528,1778146172000-632578958264631296-869216733288726528,1778146172000,1778156537000,1,130.181,20.85,6.243693045563549,632578958264631296,1778146172000,869216733288726528,RJ47GA4683,10365000,1778156537000,55.04419209106493,130.181,2.7999999999992724,20.850072761767017,6.243671256568188,20.850072761767017,1778146172000-632578958264631296-869216733288726528,132.40000000002328,,,,1.108402855772656
866245373776101376,1778121103000-632578958264631296-866245373776101376,1778121103000,1778131627000,1,129.474,28.393,4.560067622301271,632578958264631296,1778121103000,866245373776101376,RJ47GA4404,10524000,1778131627000,74.95680455714327,129.474,2.899999999999636,28.392728998917907,4.5601111469395725,28.392728998917903,1778121103000-632578958264631296-866245373776101376,133.29999999998836,['900758004146634763'],,900758004146634763,1.7936263275449165
933392054296248320,1778166182000-632578958264631296-933392054296248320,1778166182000,1778177818000,1,129.288,37.147,3.4804425660214826,632578958264631296,1778166182000,933392054296248320,RJ47GA4680,11636000,1778177818000,98.06819913802018,129.288,3.149999999999636,37.147045128037945,3.4804383378105,37.147045128037945,1778166182000-632578958264631296-933392054296248320,133.89999999999418,,,,
1142833661045899264,1778118591000-632578958264631296-1142833661045899264,1778118591000,1778129932000,1,128.516,62.156,2.0676362700302464,632578958264631296,1778118591000,1142833661045899264,RJ47GA6293,11341000,1778129932000,164.09184000000707,128.516,3.100000000000364,62.15600000000268,2.067636270030157,62.15600000000268,1778118591000-632578958264631296-1142833661045899264,136.29999999998836,,,,
1385305291104452608,1778134933000-632578958264631296-1385305291104452608,1778134933000,1778146909000,1,128.485,37.641,3.4134321617385304,632578958264631296,1778134933000,1385305291104452608,NL01AJ5692,11976000,1778146909000,99.3726828284606,128.485,3.299999999999727,37.641167738053255,3.4134169506677763,37.641167738053255,1778134933000-632578958264631296-1385305291104452608,131.5,,,,
1385304935976927232,1778149739000-632578958264631296-1385304935976927232,1778149739000,1778160184000,1,128.407,43.334,2.9631928739557853,632578958264631296,1778149739000,1385304935976927232,NL01AJ5688,10445000,1778160184000,114.40238671550429,128.407,2.849999999999909,43.334237392236474,2.9631766410871396,43.334237392236474,1778149739000-632578958264631296-1385304935976927232,136.625,,,,
1397607641592627200,1778134799000-632578958264631296-1397607641592627200,1778134799000,1778145937000,1,128.391,35.067,3.66130550089828,632578958264631296,1778134799000,1397607641592627200,NL01AJ6923,11138000,1778145937000,92.57723609050439,128.391,3.0,35.06713488276681,3.661291417996505,35.06713488276681,1778134799000-632578958264631296-1397607641592627200,131.25,,,,
821719550704746496,1778127492000-632578958264631296-821719550704746496,1778127492000,1778137971000,1,127.817,41.626,3.070604910392543,632578958264631296,1778127492000,821719550704746496,RJ47GA3076,10479000,1778137971000,109.89387199381063,127.817,2.8000000000010914,41.62646666432221,3.070570486578222,41.62646666432221,1778127492000-632578958264631296-821719550704746496,143.96000000002095,['900758004205355011'],,900758004205355011,
1471164933021368320,1778117567000-632578958264631296-1471164933021368320,1778117567000,1778127360000,1,127.748,35.25,3.6240567375886528,632578958264631296,1778117567000,1471164933021368320,NL01AK2622,9793000,1778127360000,93.05883854262092,127.748,2.699999999999818,35.24956005402307,3.6241019690519507,35.24956005402307,1778117567000-632578958264631296-1471164933021368320,134.5,,,,
1091761897729949696,1778117559000-632578958264631296-1091761897729949696,1778117559000,1778127202000,1,127.68,40.778,3.1311001029967143,632578958264631296,1778117559000,1091761897729949696,RJ47GA3662,9643000,1778127202000,107.65285614229805,127.68,2.649999999999636,40.77759702359774,3.1311310454638215,40.77759702359774,1778117559000-632578958264631296-1091761897729949696,138.5,,,,
1083726698509238272,1778107544000-632578958264631296-1083726698509238272,1778107544000,1778118118000,1,127.279,41.849,3.041386890965137,632578958264631296,1778107544000,1083726698509238272,RJ47GA6387,10574000,1778118118000,110.48136231948322,127.279,2.899999999999636,41.84900087859213,3.041386827113228,41.84900087859213,1778107544000-632578958264631296-1083726698509238272,133.89999999999418,,,,
1545824186436419584,1778150567000-632578958264631296-1545824186436419584,1778150567000,1778162333000,1,127.18,41.25,3.083151515151515,632578958264631296,1778150567000,1545824186436419584,NL01AK8995,11766000,1778162333000,108.8993436040575,127.18,3.25,41.249751365173296,3.083170098993049,41.249751365173296,1778150567000-632578958264631296-1545824186436419584,132.02999999999997,,,,
1468940686052032512,1778114717000-632578958264631296-1468940686052032512,1778114717000,1778127371000,1,127.129,36.008,3.5305765385469896,632578958264631296,1778114717000,1468940686052032512,RJ14GQ0824,12654000,1778127371000,95.06192939033052,127.129,3.449999999999818,36.00830658724641,3.530546477990363,36.00830658724641,1778114717000-632578958264631296-1468940686052032512,130.69999999998254,,,,
1083726423769743360,1778140946000-632578958264631296-1083726423769743360,1778140946000,1778152825000,1,126.505,50.114,2.5243444945524205,632578958264631296,1778140946000,1083726423769743360,RJ47GA6331,11879000,1778152825000,132.30035478353312,126.505,3.2000000000007276,50.1137707513383,2.524356042328378,50.11377075133831,1778140946000-632578958264631296-1083726423769743360,135.10000000000582,,,,
1103352309556969472,1778117507000-632578958264631296-1103352309556969472,1778117507000,1778128169000,1,126.388,55.51,2.2768510178346246,632578958264631296,1778117507000,1103352309556969472,RJ47GA5608,10662000,1778128169000,146.5459176911525,126.388,0.0,55.509817307254735,2.2768585113588906,55.50981730725474,1778117507000-632578958264631296-1103352309556969472,134.89999999999418,,,,
966356141711818752,1778111637000-632578958264631296-966356141711818752,1778111637000,1778126405000,1,126.284,59.272,2.1305844243487653,632578958264631296,1778111637000,966356141711818752,RJ47GA4711,14768000,1778126405000,156.47744091077863,126.284,0.0,59.27175792074948,2.1305931261369135,59.27175792074949,1778111637000-632578958264631296-966356141711818752,130.80000000001746,,,,
1176582451024101376,1778136581000-632578958264631296-1176582451024101376,1778136581000,1778146708000,1,124.638,38.75,3.2164645161290326,632578958264631296,1778136581000,1176582451024101376,RJ47GA6342,10127000,1778146708000,102.30000000000001,124.638,1.5999999999994543,38.75,3.2164645161290326,38.75,1778136581000-632578958264631296-1176582451024101376,131.5,,,,
1050441880044568576,1778156692000-632578958264631296-1050441880044568576,1778156692000,1778170275000,1,124.405,67.593,1.8405012353350199,632578958264631296,1778156692000,1050441880044568576,RJ47GA3669,13583000,1778170275000,178.4455199999828,124.405,3.75,67.59299999999348,1.8405012353351975,67.59299999999348,1778156692000-632578958264631296-1050441880044568576,127.125,,,,
1067764977248501760,1778151793000-632578958264631296-1067764977248501760,1778151793000,1778163902000,1,124.209,39.543,3.1411122069645705,632578958264631296,1778151793000,1067764977248501760,RJ47GA5835,12109000,1778163902000,104.3940758103618,124.209,3.300000000000182,39.54321053422795,3.141095483192664,39.54321053422795,1778151793000-632578958264631296-1067764977248501760,131.39999999999418,,,,
1488160320575766528,1778151814000-632578958264631296-1488160320575766528,1778151814000,1778162467000,1,124.187,22.124,5.613225456517809,632578958264631296,1778151814000,1488160320575766528,NL01AK3103,10653000,1778162467000,58.40652882967115,124.187,2.8999999999998636,22.123685162754224,5.613305337081542,18.811621304181767,1778151814000-632578958264631296-1488160320575766528,130.0,,,,
946032744595456000,1778160419000-632578958264631296-946032744595456000,1778160419000,1778171611000,1,124.164,37.447,3.3157262263999785,632578958264631296,1778160419000,946032744595456000,RJ47GA3516,11192000,1778171611000,98.85993242103488,124.164,3.0499999999992724,37.44694409887685,3.3157311761448667,37.44694409887685,1778160419000-632578958264631296-946032744595456000,126.25,,,,
952249131684855808,1778137852000-632578958264631296-952249131684855808,1778137852000,1778148512000,1,124.103,38.501,3.223370821537103,632578958264631296,1778137852000,952249131684855808,RJ47GA1379,10660000,1778148512000,101.64156590810906,124.103,0.0,38.500593147011,3.2234048843383794,0.001,1778137852000-632578958264631296-952249131684855808,,,,,
1134877765846171648,1778108675000-632578958264631296-1134877765846171648,1778108675000,1778119445000,1,124.039,33.156,3.7410725057304863,632578958264631296,1778108675000,1134877765846171648,RJ47GA6215,10770000,1778119445000,87.53184000000708,124.039,2.949999999999818,33.15600000000268,3.741072505730184,33.15600000000268,1778108675000-632578958264631296-1134877765846171648,132.69999999998254,,,,
966356141711818752,1778137609000-632578958264631296-966356141711818752,1778137609000,1778150269000,1,123.412,43.774,2.8192991273358614,632578958264631296,1778137609000,966356141711818752,RJ47GA4711,12660000,1778150269000,115.56401545849378,123.412,1.7999999999992724,43.77424827973249,2.8192831367738154,43.77424827973249,1778137609000-632578958264631296-966356141711818752,127.5,,,,
1094955908762435584,1778134587000-632578958264631296-1094955908762435584,1778134587000,1778146785000,1,123.287,37.571,3.2814404727050124,632578958264631296,1778134587000,1094955908762435584,RJ47GA5970,12198000,1778146785000,99.18720723028005,123.287,3.3499999999994543,37.570911829651536,3.281448173496285,37.570911829651536,1778134587000-632578958264631296-1094955908762435584,126.71499999999651,,,,
1134877765846171648,1778153922000-632578958264631296-1134877765846171648,1778153922000,1778166053000,1,123.218,34.124,3.6108896964013595,632578958264631296,1778153922000,1134877765846171648,RJ47GA6215,12131000,1778166053000,90.08841402572283,123.218,3.350000000000364,34.124399252167734,3.6108474493414753,34.124399252167734,1778153922000-632578958264631296-1134877765846171648,132.0,,,,
1083727048683290624,1778159428000-632578958264631296-1083727048683290624,1778159428000,1778170432000,1,122.546,43.169,2.838750028955964,632578958264631296,1778159428000,1083727048683290624,RJ47GA6340,11004000,1778170432000,113.96578614526418,122.546,3.0,43.16885838835764,2.8387593412257077,43.16885838835764,1778159428000-632578958264631296-1083727048683290624,129.10000000000582,,,,
1067767771279917056,1778147325000-632578958264631296-1067767771279917056,1778147325000,1778158307000,1,122.496,33.155,3.694646358015382,632578958264631296,1778147325000,1067767771279917056,RJ47GA6234,10982000,1778158307000,87.52792017293083,122.496,3.0,33.15451521701925,3.6947003808735817,33.15451521701925,1778147325000-632578958264631296-1067767771279917056,130.5,,,,
1536427445069021184,1778146801000-632578958264631296-1536427445069021184,1778146801000,1778157058000,1,122.335,43.337,2.822876525832429,632578958264631296,1778146801000,1536427445069021184,NL01AK8053,10257000,1778157058000,114.40892580852184,122.335,2.8000000000000114,43.33671432140979,2.8228951344279096,43.33671432140979,1778146801000-632578958264631296-1536427445069021184,125.48500000000058,,,,
1536432469593554944,1778146886000-632578958264631296-1536432469593554944,1778146886000,1778156917000,1,122.287,42.866,2.8527737600895815,632578958264631296,1778146886000,1536432469593554944,NL01AK8052,10031000,1778156917000,113.16569351352517,122.287,2.75,42.86579299754741,2.8527875363695414,42.86579299754741,1778146886000-632578958264631296-1536432469593554944,125.06500000000051,,,,
1101157025884143616,1778131893000-632578958264631296-1101157025884143616,1778131893000,1778141821000,1,121.604,27.025,4.499685476410731,632578958264631296,1778131893000,1101157025884143616,RJ47GA5517,9928000,1778141821000,71.34706686887304,121.604,2.75,27.02540411699736,4.499618191593234,23.73114565889356,1778131893000-632578958264631296-1101157025884143616,126.29999999998836,,,,
1049341310072258560,1778159995000-632578958264631296-1049341310072258560,1778159995000,1778171213000,1,121.514,40.846,2.9749302257258976,632578958264631296,1778159995000,1049341310072258560,RJ47GA3322,11218000,1778171213000,107.83442806620849,121.514,3.099999999998545,40.846374267503215,2.974902967010092,40.846374267503215,1778159995000-632578958264631296-1049341310072258560,123.25,,,,
870568761881526272,1778119369000-632578958264631296-870568761881526272,1778119369000,1778129086000,1,121.456,38.786,3.1314391790852367,632578958264631296,1778119369000,870568761881526272,RJ47GA4522,9717000,1778129086000,102.39397523375679,121.456,2.7000000000007276,38.78559667945333,3.1314717420433893,38.78559667945333,1778119369000-632578958264631296-870568761881526272,126.30000000004657,,,,1.6581074073087074
1071826388769570816,1778121728000-632578958264631296-1071826388769570816,1778121728000,1778131698000,1,121.258,22.324,5.431732664397061,632578958264631296,1778121728000,1071826388769570816,RJ47GA5528,9970000,1778131698000,58.936137946746605,121.258,2.75,22.324294676797955,5.431660966472801,18.33541467200148,1778121728000-632578958264631296-1071826388769570816,126.69999999998254,,,,
1361380561528029184,1778162855000-632578958264631296-1361380561528029184,1778162855000,1778174462000,1,120.878,40.093,3.0149402638864635,632578958264631296,1778162855000,1361380561528029184,NL01AJ4177,11607000,1778174462000,105.84536178905624,120.878,3.199999999999818,40.09294007161221,3.0149447704282384,40.09294007161221,1778162855000-632578958264631296-1361380561528029184,128.625,,,,
1050037243114160128,1778113712000-632578958264631296-1050037243114160128,1778113712000,1778125196000,1,120.853,42.72,2.8289559925093632,632578958264631296,1778113712000,1050037243114160128,RJ47GA5923,11484000,1778125196000,112.78080000000308,120.853,3.1500000000005457,42.720000000001164,2.828955992509286,42.720000000001164,1778113712000-632578958264631296-1050037243114160128,125.44999999998254,,,,
1094584849307533312,1778114630000-632578958264631296-1094584849307533312,1778114630000,1778126443000,1,120.695,47.184,2.5579645642590707,632578958264631296,1778114630000,1094584849307533312,RJ47GA5980,11813000,1778126443000,124.5670080666096,120.695,3.25,47.18447275250364,2.557938935401071,47.18447275250364,1778114630000-632578958264631296-1094584849307533312,125.97500000000582,,,,
786246735176400896,1778153971000-632578958264631296-786246735176400896,1778153971000,1778165264000,1,120.612,34.217,3.5249145161761697,632578958264631296,1778153971000,786246735176400896,RJ47GA3340,11293000,1778165264000,90.3333837541182,120.612,3.100000000000364,34.21719081595386,3.5248948591000144,34.21719081595386,1778153971000-632578958264631296-786246735176400896,135.98000000003958,['900758004226326541'],,900758004226326541,
934473019407990784,1778113835000-632578958264631296-934473019407990784,1778113835000,1778127382000,1,120.612,56.039,2.152286800264102,632578958264631296,1778113835000,934473019407990784,RJ47GA4712,13547000,1778127382000,147.94381683252195,120.612,3.6999999999989086,56.03932455777346,2.1522743350636864,56.03932455777346,1778113835000-632578958264631296-934473019407990784,124.0,,,,
946036270407090176,1778114175000-632578958264631296-946036270407090176,1778114175000,1778127058000,1,120.594,51.825,2.3269464544138927,632578958264631296,1778114175000,946036270407090176,RJ47GA2720,12883000,1778127058000,136.818683171906,120.594,3.5500000000010914,51.825258777237124,2.326934835354218,51.82525877723712,1778114175000-632578958264631296-946036270407090176,123.5,,,,
1101122257968693248,1778141159000-632578958264631296-1101122257968693248,1778141159000,1778154669000,1,120.536,49.358,2.4420762591677136,632578958264631296,1778141159000,1101122257968693248,RJ47GA3730,13510000,1778154669000,130.3060071231955,120.536,3.7000000000007276,49.358336031513446,2.442059633514434,49.358336031513446,1778141159000-632578958264631296-1101122257968693248,,,,,
1067771070980816896,1778114372000-632578958264631296-1067771070980816896,1778114372000,1778127007000,1,120.499,51.06,2.3599490795142968,632578958264631296,1778114372000,1067771070980816896,RJ47GA3902,12635000,1778127007000,134.799218163171,120.499,3.4500000000007276,51.06030991029204,2.3599347558153276,51.060309910292034,1778114372000-632578958264631296-1067771070980816896,117.75,,,,
926866983197081600,1778148442000-632578958264631296-926866983197081600,1778148442000,1778159771000,1,120.472,35.138,3.428538903750925,632578958264631296,1778148442000,926866983197081600,RJ47GA3435,11329000,1778159771000,92.76389481790133,120.472,3.100000000000364,35.137838946174746,3.4285546184141493,35.137838946174746,1778148442000-632578958264631296-926866983197081600,122.5,,,,
1064532839803912192,1778113832000-632578958264631296-1064532839803912192,1778113832000,1778125413000,1,120.239,40.182,2.992359763077995,632578958264631296,1778113832000,1064532839803912192,RJ47GA3903,11581000,1778125413000,106.07974742040042,120.239,3.149999999999636,40.18172250772743,2.99238042811322,40.18172250772743,1778113832000-632578958264631296-1064532839803912192,122.875,,,,
1176184196838719488,1778156950000-632578958264631296-1176184196838719488,1778156950000,1778167622000,1,120.202,34.683,3.4657324914223104,632578958264631296,1778156950000,1176184196838719488,RJ14GP9553,10672000,1778167622000,91.56222214183157,120.202,2.899999999999636,34.682659902208925,3.465766476357956,34.682659902208925,1778156950000-632578958264631296-1176184196838719488,124.0,,,,
946032744595456000,1778106152000-632578958264631296-946032744595456000,1778106152000,1778119700000,1,120.156,47.233,2.543899392373976,632578958264631296,1778106152000,946032744595456000,RJ47GA3516,13548000,1778119700000,124.69639361358568,120.156,3.7000000000007276,47.233482429388516,2.543873409707334,47.233482429388516,1778106152000-632578958264631296-946032744595456000,122.25,,,,
944589217739046912,1778153349000-632578958264631296-944589217739046912,1778153349000,1778164177000,1,119.591,33.676,3.551223423209407,632578958264631296,1778153349000,944589217739046912,RJ47GA2631,10828000,1778164177000,88.90440868979425,119.591,2.9499999999989086,33.67591238249782,3.55123266273119,33.67591238249782,1778153349000-632578958264631296-944589217739046912,97.125,,,,
1071457116943810560,1778115844000-632578958264631296-1071457116943810560,1778115844000,1778126446000,1,119.372,54.978,2.171268507402961,632578958264631296,1778115844000,1071457116943810560,RJ47GA5618,10602000,1778126446000,145.14120680072418,119.372,0.0,54.977729848759154,2.171279176648183,54.97772984875915,1778115844000-632578958264631296-1071457116943810560,127.70000000001164,,,,
1094226778622263296,1778167728000-632578958264631296-1094226778622263296,1778167728000,1778177806000,1,119.276,40.382,2.953692239116438,632578958264631296,1778167728000,1094226778622263296,RJ47GA6284,10078000,1778177806000,106.60809361241664,119.276,2.75,40.381853641066904,2.9537029444012584,40.381853641066904,1778167728000-632578958264631296-1094226778622263296,127.39999999999418,,,,
1536014609964597248,1778142885000-632578958264631296-1536014609964597248,1778142885000,1778152964000,1,119.181,42.254,2.820585033369622,632578958264631296,1778142885000,1536014609964597248,NL01AK9197,10079000,1778152964000,111.55137443307822,119.181,2.799999999999997,42.25430849737811,2.820564440366956,42.25430849737811,1778142885000-632578958264631296-1536014609964597248,121.1550000000002,,,,
1389244302743306240,1778136461000-632578958264631296-1389244302743306240,1778136461000,1778148324000,1,119.16,32.137,3.7078756573420044,632578958264631296,1778136461000,1389244302743306240,NL01AJ6144,11863000,1778148324000,84.8410973633645,119.16,3.25,32.13677930430473,3.7079011207584975,32.13677930430473,1778136461000-632578958264631296-1389244302743306240,123.5,,,,
1182027923075366912,1778167852000-632578958264631296-1182027923075366912,1778167852000,1778178047000,1,119.158,39.615,3.007901047582986,632578958264631296,1778167852000,1182027923075366912,RJ47GA6389,10195000,1778178047000,104.5830104835534,119.158,2.7999999999992724,39.61477669831568,3.00791800260397,39.61477669831568,1778167852000-632578958264631296-1182027923075366912,125.5,,,,
938815406225752064,1778113576000-632578958264631296-938815406225752064,1778113576000,1778127435000,1,119.151,53.77,2.2159382555328246,632578958264631296,1778113576000,938815406225752064,RJ47GA3910,13859000,1778127435000,141.95150683486932,119.151,3.7999999999992724,53.76951016472323,2.215958442525888,53.769510164723236,1778113576000-632578958264631296-938815406225752064,121.5,,,,
939546576563470336,1778140586000-632578958264631296-939546576563470336,1778140586000,1778151815000,1,118.778,47.355,2.5082462253193962,632578958264631296,1778140586000,939546576563470336,RJ14GN1594,11229000,1778151815000,125.01641617136204,118.778,0.0,47.35470309521289,2.5082619515358617,47.3547030952129,1778140586000-632578958264631296-939546576563470336,123.09999999997672,,,,
819592403370377216,1778123277000-632578958264631296-819592403370377216,1778123277000,1778133914000,1,118.739,24.749,4.7977292011798465,632578958264631296,1778123277000,819592403370377216,RJ47GA3114,10637000,1778133914000,65.33803008629906,118.739,2.9499999999989086,24.749253820567823,4.797679997177215,24.749253820567823,1778123277000-632578958264631296-819592403370377216,130.19000000000233,['900758004209549319'],,900758004209549319,
947581389623001088,1778144601000-632578958264631296-947581389623001088,1778144601000,1778156788000,1,118.697,50.882,2.332789591604104,632578958264631296,1778144601000,947581389623001088,RJ47GA3601,12187000,1778156788000,134.3276638691877,118.697,3.350000000000364,50.88169085954079,2.3328037648682662,50.88169085954079,1778144601000-632578958264631296-947581389623001088,126.75,,,,
873568577507033088,1778151514000-632578958264631296-873568577507033088,1778151514000,1778160491000,1,118.535,29.522,4.015141250592778,632578958264631296,1778151514000,873568577507033088,RJ14GN1578,8977000,1778160491000,77.93867047613351,118.535,2.399999999999636,29.522223665202088,4.015110831225003,29.522223665202088,1778151514000-632578958264631296-873568577507033088,121.5,,,,1.8834106698624051
1083726698509238272,1778123326000-632578958264631296-1083726698509238272,1778123326000,1778134586000,1,118.376,35.018,3.380432920212462,632578958264631296,1778123326000,1083726698509238272,RJ47GA6387,11260000,1778134586000,92.44769235025021,118.376,3.100000000000364,35.01806528418568,3.3804266180707345,35.01806528418568,1778123326000-632578958264631296-1083726698509238272,124.10000000000582,,,,
847116116999274496,1778111112000-632578958264631296-847116116999274496,1778111112000,1778128293000,1,117.529,40.821,2.8791308395188753,632578958264631296,1778111112000,847116116999274496,RJ47GA3311,17181000,1778128293000,107.76749766212853,117.529,4.700000000000728,40.82102184171535,2.8791292990097594,40.82102184171535,1778111112000-632578958264631296-847116116999274496,,,,,
1396881382210273280,1778127720000-632578958264631296-1396881382210273280,1778127720000,1778138481000,1,117.394,39.045,3.0066333717505445,632578958264631296,1778127720000,1396881382210273280,NL01AJ6927,10761000,1778138481000,103.07924651119215,117.394,2.949999999999818,39.04516913302733,3.0066203478345126,39.04516913302733,1778127720000-632578958264631296-1396881382210273280,123.75,,,,
1479447378401427456,1778114132000-632578958264631296-1479447378401427456,1778114132000,1778125610000,1,117.239,38.09,3.0779469677080598,632578958264631296,1778114132000,1479447378401427456,NL01AK3096,11478000,1778125610000,100.55865517341968,117.239,3.099999999999909,38.09039968690139,3.077914670460032,38.09039968690139,1778114132000-632578958264631296-1479447378401427456,118.5,,,,
1076186718555602944,1778134279000-632578958264631296-1076186718555602944,1778134279000,1778146950000,1,117.074,46.596,2.5125332646579106,632578958264631296,1778134279000,1076186718555602944,RJ47GA2653,12671000,1778146950000,123.01350940997624,117.074,3.5,46.596026291657665,2.512531846969113,46.596026291657665,1778134279000-632578958264631296-1076186718555602944,112.125,,,,
944574346884546560,1778132609000-632578958264631296-944574346884546560,1778132609000,1778144725000,1,117.064,25.059,4.671535176982322,632578958264631296,1778132609000,944574346884546560,RJ47GA3355,12116000,1778144725000,66.15653096100989,117.064,3.399999999999636,25.05929203068556,4.671480736832189,18.014216825963963,1778132609000-632578958264631296-944574346884546560,119.375,,,,
1385588909638942720,1778163126000-632578958264631296-1385588909638942720,1778163126000,1778174686000,1,116.876,40.855,2.8607514380124837,632578958264631296,1778163126000,1385588909638942720,NL01AJ5690,11560000,1778174686000,107.85622295129467,116.876,3.150000000000091,40.85462990579343,2.860777353007579,40.85462990579343,1778163126000-632578958264631296-1385588909638942720,123.75,,,,
939140294748667904,1778123759000-632578958264631296-939140294748667904,1778123759000,1778134447000,1,116.544,48.35,2.4104239917269905,632578958264631296,1778123759000,939140294748667904,RJ47GA3481,10688000,1778134447000,127.64414658450693,116.544,2.9499999999989086,48.35005552443444,2.4104212236344322,48.35005552443444,1778123759000-632578958264631296-939140294748667904,119.75,,,,
1406586435233906688,1778108188000-632578958264631296-1406586435233906688,1778108188000,1778119875000,1,116.286,36.632,3.1744376501419524,632578958264631296,1778108188000,1406586435233906688,NL01AJ7417,11687000,1778119875000,96.70890880630895,116.286,3.199999999999818,36.63216242663218,3.1744235747179967,36.63216242663218,1778108188000-632578958264631296-1406586435233906688,123.05000000000291,,,,
876149191938670592,1778170356000-632578958264631296-876149191938670592,1778170356000,1778181460000,1,116.286,25.245,4.606298276886512,632578958264631296,1778170356000,876149191938670592,RJ14GG6176,11104000,1778181460000,66.64658995347985,116.286,3.0499999999992724,25.244920436924183,4.606312794312303,22.5792552043484,1778170356000-632578958264631296-876149191938670592,114.875,['897856654735835136'],,,
942721856836730880,1778149821000-632578958264631296-942721856836730880,1778149821000,1778160091000,1,116.043,22.332,5.196265448683504,632578958264631296,1778149821000,942721856836730880,RJ47GA4500,10270000,1778160091000,58.95519772094331,116.043,2.7999999999992724,22.3315142882361,5.196378467766052,22.3315142882361,1778149821000-632578958264631296-942721856836730880,120.10000000003492,,,,
942436996423352320,1778145356000-632578958264631296-942436996423352320,1778145356000,1778157511000,1,115.755,36.269,3.191568557170035,632578958264631296,1778145356000,942436996423352320,RJ47GA1344,12155000,1778157511000,95.7504229773982,115.755,0.0,36.269099612650834,3.1915597915649414,0.001,1778145356000-632578958264631296-942436996423352320,,,,,
1131239834900234240,1778139754000-632578958264631296-1131239834900234240,1778139754000,1778151069000,1,115.728,47.206,2.4515527687158407,632578958264631296,1778139754000,1131239834900234240,RJ47GA6181,11315000,1778151069000,124.62388176515876,115.728,3.0999999999994543,47.20601582013589,2.4515519471278027,47.20601582013589,1778139754000-632578958264631296-1131239834900234240,120.10000000000582,,,,
798991075485155328,1778155524000-632578958264631296-798991075485155328,1778155524000,1778168653000,1,115.655,38.479,3.0056654278957353,632578958264631296,1778155524000,798991075485155328,RJ47GA3120,13129000,1778168653000,101.58548715303327,115.655,3.5499999999992724,38.47935119433078,3.005637995711311,38.47935119433078,1778155524000-632578958264631296-798991075485155328,131.13999999995576,['900758004213743622'],,900758004213743622,
870309644059279360,1778162160000-632578958264631296-870309644059279360,1778162160000,1778171017000,1,115.576,28.846,4.006656035498856,632578958264631296,1778162160000,870309644059279360,RJ47GA4518,8857000,1778171017000,76.15371856088665,115.576,2.399999999999636,28.846105515487366,4.006641379646472,28.846105515487366,1778162160000-632578958264631296-870309644059279360,120.80000000004657,,,,1.8082006490975617
1182027923075366912,1778144359000-632578958264631296-1182027923075366912,1778144359000,1778154371000,1,115.394,36.672,3.146651396160559,632578958264631296,1778144359000,1182027923075366912,RJ47GA6389,10012000,1778154371000,96.81339577687672,115.394,2.7999999999992724,36.67174082457451,3.1466736349388693,36.67174082457451,1778144359000-632578958264631296-1182027923075366912,121.39999999999418,,,,
787325260482478080,1778142088000-632578958264631296-787325260482478080,1778142088000,1778153665000,1,115.338,43.104,2.675807349665924,632578958264631296,1778142088000,787325260482478080,RJ47GA3074,11577000,1778153665000,113.79335347155406,115.338,3.149999999999636,43.10354298164926,2.6758357207226227,43.10354298164926,1778142088000-632578958264631296-787325260482478080,131.14999999996508,['900758004201160724'],,900758004201160724,
1093476797997121536,1778157685000-632578958264631296-1093476797997121536,1778157685000,1778168175000,1,115.219,31.427,3.6662424030292424,632578958264631296,1778157685000,1093476797997121536,RJ47GA5979,10490000,1778168175000,82.96777327092396,115.219,2.9000000000005457,31.42718684504695,3.6662206060024416,31.42718684504695,1778157685000-632578958264631296-1093476797997121536,119.64500000001863,,,,
1484590862305329152,1778141397000-632578958264631296-1484590862305329152,1778141397000,1778153528000,1,115.199,47.511,2.4246806002820396,632578958264631296,1778141397000,1484590862305329152,NL01AK3094,12131000,1778153528000,125.42944154478987,115.199,3.349999999999909,47.51115210029919,2.424672838006691,47.51115210029919,1778141397000-632578958264631296-1484590862305329152,121.75,,,,
1094226778622263296,1778144268000-632578958264631296-1094226778622263296,1778144268000,1778154461000,1,115.152,36.374,3.165777753340298,632578958264631296,1778144268000,1094226778622263296,RJ47GA6284,10193000,1778154461000,96.02647983042544,115.152,2.7999999999992724,36.37366660243388,3.1658067705578743,36.37366660243388,1778144268000-632578958264631296-1094226778622263296,123.10000000000582,,,,
1545824482457812992,1778119720000-632578958264631296-1545824482457812992,1778119720000,1778129101000,1,114.991,34.764,3.307760902082614,632578958264631296,1778119720000,1545824482457812992,NL01AK8869,9381000,1778129101000,91.77682959500231,114.991,2.5999999999999943,34.76395060416754,3.30776560205487,34.76395060416754,1778119720000-632578958264631296-1545824482457812992,118.19999999999982,,,,
798991075485155328,1778143743000-632578958264631296-798991075485155328,1778143743000,1778153999000,1,114.967,39.367,2.920390174511647,632578958264631296,1778143743000,798991075485155328,RJ47GA3120,10256000,1778153999000,103.92912317992656,114.967,2.8000000000010914,39.36709211360854,2.9203833411982654,39.36709211360854,1778143743000-632578958264631296-798991075485155328,130.4100000000326,['900758004213743622'],,900758004213743622,
792451146961649664,1778140012000-632578958264631296-792451146961649664,1778140012000,1778150001000,1,114.742,35.698,3.214241694212561,632578958264631296,1778140012000,792451146961649664,RJ47GA2227,9989000,1778150001000,94.24181021611487,114.742,2.7000000000007276,35.697655384891995,3.2142727235963306,35.697655384891995,1778140012000-632578958264631296-792451146961649664,128.72999999998137,['900758004180189185'],,900758004180189185,
944571594812948480,1778143083000-632578958264631296-944571594812948480,1778143083000,1778155370000,1,113.846,27.983,4.068398670621449,632578958264631296,1778143083000,944571594812948480,RJ47GA2733,12287000,1778155370000,73.87602126038519,113.846,0.0,27.98334138650954,4.06834903764866,27.983341386509544,1778143083000-632578958264631296-944571594812948480,123.125,,,,
1083726423769743360,1778127215000-632578958264631296-1083726423769743360,1778127215000,1778137802000,1,113.788,40.792,2.789468523239851,632578958264631296,1778127215000,1083726423769743360,RJ47GA6331,10587000,1778137802000,107.6921391396703,113.788,2.9000000000005457,40.79247694684481,2.7894359086915217,40.79247694684481,1778127215000-632578958264631296-1083726423769743360,121.5,,,,
901057526324264960,1778164603000-632578958264631296-901057526324264960,1778164603000,1778174767000,1,113.445,37.602,3.016993776926759,632578958264631296,1778164603000,901057526324264960,RJ47GA4008,10164000,1778174767000,99.26815741455145,113.445,2.7999999999992724,37.60157477823918,3.017027894950107,37.60157477823918,1778164603000-632578958264631296-901057526324264960,114.25,,,,
947094374120947712,1778108688000-632578958264631296-947094374120947712,1778108688000,1778121732000,1,113.305,42.509,2.6654355548236843,632578958264631296,1778108688000,947094374120947712,RJ47GA3346,13044000,1778121732000,112.22494020220113,113.305,3.600000000000364,42.5094470462883,2.6654075240410164,42.5094470462883,1778108688000-632578958264631296-947094374120947712,109.875,,,,
926835749754503168,1778130828000-632578958264631296-926835749754503168,1778130828000,1778141086000,1,113.254,36.001,3.145857059526125,632578958264631296,1778130828000,926835749754503168,RJ47GA2702,10258000,1778141086000,95.04178519678331,113.254,2.7999999999992724,36.00067621090277,3.1458853532784796,36.00067621090277,1778130828000-632578958264631296-926835749754503168,100.75,,,,
1469693281720860672,1778148652000-632578958264631296-1469693281720860672,1778148652000,1778158920000,1,113.221,36.915,3.0670730055532984,632578958264631296,1778148652000,1469693281720860672,RJ47GA4898,10268000,1778158920000,97.45488012860883,113.221,2.8000000000010914,36.91472732144274,3.0670956611464137,36.91472732144274,1778148652000-632578958264631296-1469693281720860672,116.39999999999782,['1497578727075217408'],,,
780059706918961152,1778142789000-632578958264631296-780059706918961152,1778142789000,1778151332000,1,112.772,30.574,3.6884934912016747,632578958264631296,1778142789000,780059706918961152,RJ47GA3183,8543000,1778151332000,80.71548690410353,112.772,2.2999999999992724,30.574048069736186,3.68848769200529,30.574048069736186,1778142789000-632578958264631296-780059706918961152,125.89000000001397,['900758004217937931'],,900758004217937931,
800734942576246784,1778142760000-632578958264631296-800734942576246784,1778142760000,1778151538000,1,112.73,33.596,3.3554589832122876,632578958264631296,1778142760000,800734942576246784,RJ47GA3337,8778000,1778151538000,88.6932223553826,112.73,2.3499999999994543,33.595917558857046,3.355467217185157,33.595917558857046,1778142760000-632578958264631296-800734942576246784,125.78999999997905,['900758004217937929'],,900758004217937929,
1067775256489361408,1778125260000-632578958264631296-1067775256489361408,1778125260000,1778136003000,1,112.666,34.859,3.2320491121374677,632578958264631296,1778125260000,1067775256489361408,RJ47GA4861,10743000,1778136003000,92.02725137745746,112.666,2.949999999999818,34.858807339946004,3.2320669752488014,34.858807339946004,1778125260000-632578958264631296-1067775256489361408,116.79999999998836,,,,
1067775063052255232,1778157951000-632578958264631296-1067775063052255232,1778157951000,1778169179000,1,112.615,48.349,2.3292105317586715,632578958264631296,1778157951000,1067775063052255232,RJ47GA3725,11228000,1778169179000,127.64078840977803,112.615,3.0499999999992724,48.34878348855228,2.329220962232985,48.34878348855228,1778157951000-632578958264631296-1067775063052255232,111.5,,,,
1067765247101632512,1778138705000-632578958264631296-1067765247101632512,1778138705000,1778149198000,1,112.443,33.806,3.3261255398449983,632578958264631296,1778138705000,1067765247101632512,RJ47GA6282,10493000,1778149198000,89.24728031030676,112.443,0.0,33.80578799632832,3.326146398723572,33.80578799632832,1778138705000-632578958264631296-1067765247101632512,118.39999999999418,,,,
1536004619845500928,1778152412000-632578958264631296-1536004619845500928,1778152412000,1778159999000,1,112.136,34.47,3.2531476646359154,632578958264631296,1778152412000,1536004619845500928,NL01AK7894,7587000,1778159999000,91.00206274811998,112.136,2.0500000000000114,34.47047831368181,3.2531025238338995,34.47047831368181,1778152412000-632578958264631296-1536004619845500928,115.45500000000175,,,,
1489984398731247616,1778146813000-632578958264631296-1489984398731247616,1778146813000,1778156156000,1,112.056,34.34,3.263133372160745,632578958264631296,1778146813000,1489984398731247616,Nl01AK8377,9343000,1778156156000,90.65759999999919,112.056,2.599999999999966,34.33999999999969,3.263133372160775,34.33999999999969,1778146813000-632578958264631296-1489984398731247616,114.56499999999869,,,,
1083727333329731584,1778157070000-632578958264631296-1083727333329731584,1778157070000,1778168415000,1,112.044,44.092,2.5411412501133994,632578958264631296,1778157070000,1083727333329731584,RJ47GA6318,11345000,1778168415000,116.40348222648696,112.044,3.0999999999994543,44.092228116093544,2.5411281032337816,44.092228116093544,1778157070000-632578958264631296-1083727333329731584,119.59999999997672,,,,
1482772108667781120,1778135442000-632578958264631296-1482772108667781120,1778135442000,1778146137000,1,111.753,36.545,3.0579559447256806,632578958264631296,1778135442000,1482772108667781120,NL01AK3101,10695000,1778146137000,96.47963354958199,111.753,2.9500000000000455,36.545315738478024,3.0579295250782828,36.545315738478024,1778135442000-632578958264631296-1482772108667781120,117.875,,,,
1073201833905750016,1778161059000-632578958264631296-1073201833905750016,1778161059000,1778170700000,1,111.683,35.544,3.142105559306775,632578958264631296,1778161059000,1073201833905750016,RJ47GA5838,9641000,1778170700000,93.83657650588604,111.683,2.649999999999636,35.54415776738107,3.1420916126613547,35.54415776738107,1778161059000-632578958264631296-1073201833905750016,115.53999999997905,,,,
1535695002116554752,1778158350000-632578958264631296-1535695002116554752,1778158350000,1778167563000,1,111.613,34.358,3.2485301821991968,632578958264631296,1778158350000,1535695002116554752,NL01AK7895,9213000,1778167563000,90.70502120277429,111.613,2.5,34.35796257680844,3.248533720545425,34.35796257680844,1778158350000-632578958264631296-1535695002116554752,116.94999999999982,,,,
970285003134992384,1778142409000-632578958264631296-970285003134992384,1778142409000,1778152075000,1,111.384,35.484,3.1389922218464656,632578958264631296,1778142409000,970285003134992384,RJ14GN3848,9666000,1778152075000,93.67742340346514,111.384,2.650000000001455,35.483872501312554,3.1390035006996455,35.483872501312554,1778142409000-632578958264631296-970285003134992384,114.19999999995343,,,,
1428033112889098240,1778131676000-632578958264631296-1428033112889098240,1778131676000,1778145033000,1,111.018,42.261,2.6269610278980617,632578958264631296,1778131676000,1428033112889098240,NL01AJ9497,13357000,1778145033000,111.56929971338457,111.018,3.650000000000091,42.26109837628203,2.6269549128024092,42.26109837628203,1778131676000-632578958264631296-1428033112889098240,114.25,,,,
1067764977248501760,1778120029000-632578958264631296-1067764977248501760,1778120029000,1778130675000,1,110.818,52.126,2.1259640102827766,632578958264631296,1778120029000,1067764977248501760,RJ47GA5835,10646000,1778130675000,137.61182533706793,110.818,2.899999999999636,52.12569141555603,2.1259765960040244,52.12569141555603,1778120029000-632578958264631296-1067764977248501760,117.5,,,,
1083728870357598208,1778151369000-632578958264631296-1083728870357598208,1778151369000,1778161445000,1,110.626,34.731,3.185223575480119,632578958264631296,1778151369000,1083728870357598208,RJ47GA6364,10076000,1778161445000,91.68996383166665,110.626,2.800000000000182,34.731046905934335,3.1852192736838534,34.731046905934335,1778151369000-632578958264631296-1083728870357598208,117.70000000001164,,,,
1050441880044568576,1778135694000-632578958264631296-1050441880044568576,1778135694000,1778144876000,1,110.596,39.704,2.7855127946806366,632578958264631296,1778135694000,1050441880044568576,RJ47GA3669,9182000,1778144876000,104.81845358907283,110.596,2.5499999999992724,39.703959692830615,2.7855156225128455,39.703959692830615,1778135694000-632578958264631296-1050441880044568576,113.25,,,,
1093087738300727296,1778140555000-632578958264631296-1093087738300727296,1778140555000,1778149762000,1,110.414,43.114,2.5609778726167836,632578958264631296,1778140555000,1093087738300727296,RJ47GA5977,9207000,1778149762000,113.82087588001568,110.414,2.550000000000182,43.11396813636957,2.5609797653224655,43.11396813636957,1778140555000-632578958264631296-1093087738300727296,114.5449999999837,,,,
1067765061260410880,1778129902000-632578958264631296-1067765061260410880,1778129902000,1778139014000,1,110.333,43.825,2.5175812892184823,632578958264631296,1778129902000,1067765061260410880,RJ47GA6230,9112000,1778139014000,115.69813247936176,110.333,2.5,43.82505018157642,2.5175784064791054,43.82505018157642,1778129902000-632578958264631296-1067765061260410880,117.79999999998836,,,,
1501933902321680384,1778139571000-632578958264631296-1501933902321680384,1778139571000,1778149807000,1,110.04,29.135,3.776900634975116,632578958264631296,1778139571000,1501933902321680384,NL01AK3119,10236000,1778149807000,76.91742504060882,110.04,2.7999999999999545,29.135388272957883,3.7768503020820914,29.135388272957883,1778139571000-632578958264631296-1501933902321680384,117.125,,,,
780109531760820224,1778122216000-632578958264631296-780109531760820224,1778122216000,1778131167000,1,109.893,28.324,3.8798545403191635,632578958264631296,1778122216000,780109531760820224,RJ47GA3172,8951000,1778131167000,74.7760377675607,109.893,2.4499999999989086,28.324256730136625,3.8798193734445054,28.324256730136625,1778122216000-632578958264631296-780109531760820224,124.73999999999069,['900758004213743624'],,900758004213743624,
1064532839803912192,1778148543000-632578958264631296-1064532839803912192,1778148543000,1778160479000,1,109.86,40.282,2.7272727272727275,632578958264631296,1778148543000,1064532839803912192,RJ47GA3903,11936000,1778160479000,106.344479999998,109.86,3.25,40.28199999999924,2.7272727272727786,40.28199999999924,1778148543000-632578958264631296-1064532839803912192,112.25,,,,
1083727048683290624,1778147456000-632578958264631296-1083727048683290624,1778147456000,1778157256000,1,109.283,50.735,2.153996255050754,632578958264631296,1778147456000,1083727048683290624,RJ47GA6340,9800000,1778157256000,133.94063038133228,109.283,2.699999999999818,50.73508726565616,2.153992550121745,50.73508726565616,1778147456000-632578958264631296-1083727048683290624,115.20000000001164,,,,
1486725792942522368,1778147674000-632578958264631296-1486725792942522368,1778147674000,1778158293000,1,108.76,19.904,5.464228295819936,632578958264631296,1778147674000,1486725792942522368,NL01AK3102,10619000,1778158293000,52.54539090301373,108.76,2.939166666666665,19.903557160232474,5.464349870951896,6.023950264091686,1778147674000-632578958264631296-1486725792942522368,,,,,
1152269748554170368,1778130640000-632578958264631296-1152269748554170368,1778130640000,1778140250000,1,108.385,29.292,3.7001570394647003,632578958264631296,1778130640000,1152269748554170368,RJ14GQ0814,9610000,1778140250000,77.3297306065859,108.385,2.649999999999636,29.29156462370678,3.7002120368906444,29.29156462370678,1778130640000-632578958264631296-1152269748554170368,112.30000000001746,,,,
1067775916656033792,1778110868000-632578958264631296-1067775916656033792,1778110868000,1778123025000,1,107.755,28.531,3.776769128316568,632578958264631296,1778110868000,1067775916656033792,RJ14GP9559,12157000,1778123025000,75.3223444198819,107.755,3.350000000000364,28.531191068137083,3.776743835988609,28.531191068137083,1778110868000-632578958264631296-1067775916656033792,111.29999999998836,,,,
1138782810882965504,1778113782000-632578958264631296-1138782810882965504,1778113782000,1778122614000,1,107.725,43.558,2.4731392625924054,632578958264631296,1778113782000,1138782810882965504,RJ47GA6253,8832000,1778122614000,114.99219810441967,107.72500000000582,2.100000000000364,43.55765079712866,2.473159089817284,42.117087607157735,1778113782000-632578958264631296-1138782810882965504,107.72500000000582,,,,
866686265431425024,1778134697000-632578958264631296-866686265431425024,1778134697000,1778142773000,1,107.506,29.53,3.640568912969861,632578958264631296,1778134697000,866686265431425024,RJ47GA4451,8076000,1778142773000,77.95902006955414,107.506,2.1999999999989086,29.529931844528083,3.640577315450897,29.529931844528083,1778134697000-632578958264631296-866686265431425024,112.69999999995343,['900758004234715152'],,900758004234715152,1.5925465789271946
1067765061260410880,1778117081000-632578958264631296-1067765061260410880,1778117081000,1778125291000,1,107.403,32.873,3.2672101724819766,632578958264631296,1778117081000,1067765061260410880,RJ47GA6230,8210000,1778125291000,86.78578289571,107.403,2.25,32.87340261201136,3.267170157821048,32.87340261201136,1778117081000-632578958264631296-1067765061260410880,114.5,,,,
1109445504082640896,1778126198000-632578958264631296-1109445504082640896,1778126198000,1778139209000,1,107.3,54.347,1.9743500101201537,632578958264631296,1778126198000,1109445504082640896,RJ47GA4865,13011000,1778139209000,143.4749077885421,107.29999999998836,3.5999999999994543,54.34655598050837,1.9743661408548496,54.34655598050837,1778126198000-632578958264631296-1109445504082640896,107.29999999998836,,,,
1050036904705130496,1778158640000-632578958264631296-1050036904705130496,1778158640000,1778168723000,1,106.553,19.196,5.55079183163159,632578958264631296,1778158640000,1050036904705130496,RJ47GA6244,10083000,1778168723000,50.67687309317074,106.553,2.800000000000182,19.195785262564673,5.550853926658474,16.451722451157107,1778158640000-632578958264631296-1050036904705130496,109.60000000000582,,,,
869216733288726528,1778158655000-632578958264631296-869216733288726528,1778158655000,1778168727000,1,106.453,18.156,5.863240801938754,632578958264631296,1778158655000,869216733288726528,RJ47GA4683,10072000,1778168727000,47.931177301669685,106.453,2.6999999999989086,18.155748977905183,5.863321867335191,18.155748977905183,1778158655000-632578958264631296-869216733288726528,108.40000000002328,,,,0.3679999999999987
1182027923075366912,1778155759000-632578958264631296-1182027923075366912,1778155759000,1778166522000,1,106.377,36.692,2.8991878338602417,632578958264631296,1778155759000,1182027923075366912,RJ47GA6389,10763000,1778166522000,96.86798762260347,106.377,2.9500000000007276,36.69241955401646,2.8991546835279673,36.69241955401646,1778155759000-632578958264631296-1182027923075366912,111.80000000001746,,,,
1094226778622263296,1778155731000-632578958264631296-1094226778622263296,1778155731000,1778166401000,1,106.286,34.938,3.042131776289427,632578958264631296,1778155731000,1094226778622263296,RJ47GA6284,10670000,1778166401000,92.23664543107242,106.286,2.9000000000005457,34.93812326934561,3.0421210429827057,34.93812326934561,1778155731000-632578958264631296-1094226778622263296,113.39999999999418,,,,
1469693281720860672,1778160928000-632578958264631296-1469693281720860672,1778160928000,1778169843000,1,106.014,29.263,3.622800123022246,632578958264631296,1778160928000,1469693281720860672,RJ47GA4898,8915000,1778169843000,77.25325645950655,106.014,2.4499999999989086,29.262597143752476,3.622849997872928,29.262597143752476,1778160928000-632578958264631296-1469693281720860672,108.90000000000146,['1497578727075217408'],,,
946025653910634496,1778114102000-632578958264631296-946025653910634496,1778114102000,1778125000000,1,105.643,35.746,2.955379622894869,632578958264631296,1778114102000,946025653910634496,RJ47GA3361,10898000,1778125000000,94.37015823652018,105.643,3.0,35.746272059287946,2.955357129962614,35.746272059287946,1778114102000-632578958264631296-946025653910634496,112.625,,,,
1286311379313098752,1778151366000-632578958264631296-1286311379313098752,1778151366000,1778164449000,1,105.059,36.273,2.8963416315165547,632578958264631296,1778151366000,1286311379313098752,RJ47GA3711,13083000,1778164449000,95.76100272361336,105.059,3.600000000000364,36.27310709227778,2.8963330803929423,36.27310709227778,1778151366000-632578958264631296-1286311379313098752,113.875,,,,
926835749754503168,1778112329000-632578958264631296-926835749754503168,1778112329000,1778123573000,1,104.843,31.123,3.368666259679337,632578958264631296,1778112329000,926835749754503168,RJ47GA2702,11244000,1778123573000,82.16587369555783,104.843,3.100000000000364,31.123437005893116,3.3686189600508563,31.123437005893116,1778112329000-632578958264631296-926835749754503168,93.875,,,,
1049341310072258560,1778147563000-632578958264631296-1049341310072258560,1778147563000,1778157255000,1,104.779,43.393,2.4146521328324844,632578958264631296,1778147563000,1049341310072258560,RJ47GA3322,9692000,1778157255000,114.55641280474147,104.779,2.649999999999636,43.392580607856615,2.414675470604042,43.392580607856615,1778147563000-632578958264631296-1049341310072258560,106.0,,,,
893821287409909760,1778164250000-632578958264631296-893821287409909760,1778164250000,1778174913000,1,104.705,33.246,3.149401431751188,632578958264631296,1778164250000,893821287409909760,Rj14GH7541,10663000,1778174913000,87.76927404194474,104.705,0.0,33.24593713710028,3.149407386779785,0.001,1778164250000-632578958264631296-893821287409909760,,['900758004238909441'],,900758004238909441,
1405141042860130304,1778131470000-632578958264631296-1405141042860130304,1778131470000,1778144892000,1,104.485,45.745,2.2840747622691007,632578958264631296,1778131470000,1405141042860130304,NL01AJ7418,13422000,1778144892000,120.76654389147164,104.485,3.699999999999818,45.744902989193804,2.2840796060859985,45.744902989193804,1778131470000-632578958264631296-1405141042860130304,111.54499999999825,,,,
1422205727123963904,1778147349000-632578958264631296-1422205727123963904,1778147349000,1778157097000,1,104.369,20.001,5.218189090545472,632578958264631296,1778147349000,1422205727123963904,NL01AJ9006,9748000,1778157097000,52.80307738607303,104.369,2.6499999999998636,20.00116567654281,5.218145866488324,20.00116567654281,1778147349000-632578958264631296-1422205727123963904,106.625,,,,
1478819140813717504,1778114130000-632578958264631296-1478819140813717504,1778114130000,1778124813000,1,104.26,32.437,3.2142306625150296,632578958264631296,1778114130000,1478819140813717504,NL01AK3097,10683000,1778124813000,85.63301303285616,104.26,2.8999999999998636,32.43674736093036,3.2142556970918674,32.43674736093036,1778114130000-632578958264631296-1478819140813717504,104.875,,,,
1535700301011484672,1778134920000-632578958264631296-1535700301011484672,1778134920000,1778148597000,1,104.225,26.86,3.8803052866716303,632578958264631296,1778134920000,1535700301011484672,NL01AK7896,13677000,1778148597000,70.91024163073513,104.225,3.75,26.85994001164209,3.8803139528541397,26.85994001164209,1778134920000-632578958264631296-1535700301011484672,105.34499999999935,,,,
1299087047838924800,1778159431000-632578958264631296-1299087047838924800,1778159431000,1778169500000,1,104.172,32.705,3.185201039596392,632578958264631296,1778159431000,1299087047838924800,RJ47GA6395,10069000,1778169500000,86.34107365099102,104.172,0.0,32.7049521405269,3.1852057007266947,32.7049521405269,1778159431000-632578958264631296-1299087047838924800,108.10000000000582,,,,
1073278104413143040,1778139109000-632578958264631296-1073278104413143040,1778139109000,1778149369000,1,104.081,35.663,2.9184589069904385,632578958264631296,1778139109000,1073278104413143040,RJ47GA3367,10260000,1778149369000,94.15163503420288,104.081,2.849999999998545,35.66349811901624,2.9184181443071244,35.66349811901624,1778139109000-632578958264631296-1073278104413143040,106.0,,,,
1350071704793120768,1778164460000-632578958264631296-1350071704793120768,1778164460000,1778172553000,1,103.912,36.012,2.885482616905476,632578958264631296,1778164460000,1350071704793120768,RJ47GA3451,8093000,1778172553000,95.07246890827389,103.912,2.25,36.01229882889162,2.885458673263991,36.01229882889162,1778164460000-632578958264631296-1350071704793120768,106.125,,,,
1385588909638942720,1778113487000-632578958264631296-1385588909638942720,1778113487000,1778125169000,1,103.847,41.538,2.5000481486831334,632578958264631296,1778113487000,1385588909638942720,NL01AJ5690,11682000,1778125169000,109.6603194700635,103.847,3.199999999999818,41.53799979926647,2.5000481607646847,41.53799979926647,1778113487000-632578958264631296-1385588909638942720,109.875,,,,
862693652038680576,1778110895000-632578958264631296-862693652038680576,1778110895000,1778118564000,1,103.692,30.629,3.3854190473081065,632578958264631296,1778110895000,862693652038680576,RJ47GA4378,7669000,1778118564000,80.85987356346402,103.692,2.100000000000364,30.628739986160614,3.385447786845052,30.628739986160614,1778110895000-632578958264631296-862693652038680576,107.10000000003492,['900758004234715138'],,900758004234715138,0.0
1536432469593554944,1778166435000-632578958264631296-1536432469593554944,1778166435000,1778174992000,1,103.483,33.112,3.125241604252235,632578958264631296,1778166435000,1536432469593554944,NL01AK8052,8557000,1778174992000,87.41632624459152,103.483,2.3500000000000227,33.112244789617996,3.1252185002101105,33.112244789617996,1778166435000-632578958264631296-1536432469593554944,105.93500000000131,,,,
1083726789898928128,1778109792000-632578958264631296-1083726789898928128,1778109792000,1778119545000,1,103.459,34.089,3.0349672915016574,632578958264631296,1778109792000,1083726789898928128,RJ47GA6312,9753000,1778119545000,89.99574129427846,103.459,2.699999999999818,34.089295944802444,3.034940943559566,34.089295944802444,1778109792000-632578958264631296-1083726789898928128,109.0,,,,
1187402009754468352,1778119496000-632578958264631296-1187402009754468352,1778119496000,1778128012000,1,103.397,30.479,3.3924013255028056,632578958264631296,1778119496000,1187402009754468352,RJ47GA6476,8516000,1778128012000,80.4651295738095,103.397,2.350000000000364,30.479215747655115,3.3923773123314285,30.479215747655115,1778119496000-632578958264631296-1187402009754468352,109.20000000001164,,,,
1477629723302428672,1778110451000-632578958264631296-1477629723302428672,1778110451000,1778119486000,1,103.363,33.168,3.116347081524361,632578958264631296,1778110451000,1477629723302428672,NL01AK3043,9035000,1778119486000,87.56388470323212,103.363,2.5,33.16813814516368,3.1163341019511397,33.16813814516368,1778110451000-632578958264631296-1477629723302428672,104.375,,,,
1462138214197231616,1778152459000-632578958264631296-1462138214197231616,1778152459000,1778161642000,1,103.3,19.207,5.378247513927214,632578958264631296,1778152459000,1462138214197231616,RJ47GA5984,9183000,1778161642000,50.70637036946386,103.3,2.5,19.206958473281766,5.378259142055083,19.206958473281766,1778152459000-632578958264631296-1462138214197231616,105.20000000001164,,,,
870309644059279360,1778151838000-632578958264631296-870309644059279360,1778151838000,1778160182000,1,103.202,32.408,3.1844606270056772,632578958264631296,1778151838000,870309644059279360,RJ47GA4518,8344000,1778160182000,85.55785609448999,103.202,2.1999999999989086,32.40827882367045,3.1844332295926505,32.40827882367045,1778151838000-632578958264631296-870309644059279360,107.60000000003492,,,,1.6559999999999973
1152269748554170368,1778114524000-632578958264631296-1152269748554170368,1778114524000,1778124344000,1,103.177,39.638,2.602981986982189,632578958264631296,1778114524000,1152269748554170368,RJ14GQ0814,9820000,1778124344000,104.64317452440886,103.177,2.699999999999818,39.63756610773063,2.6030104805016547,39.63756610773063,1778114524000-632578958264631296-1152269748554170368,107.29999999998836,,,,
1536402078727929856,1778112001000-632578958264631296-1536402078727929856,1778112001000,1778121491000,1,103.173,46.378,2.2246108068480748,632578958264631296,1778112001000,1536402078727929856,NL01AK8054,9490000,1778121491000,122.43772473859642,103.173,2.6000000000000227,46.37792603734712,2.2246143546159667,46.377926037347116,1778112001000-632578958264631296-1536402078727929856,105.40500000000065,,,,
1067767771279917056,1778120407000-632578958264631296-1067767771279917056,1778120407000,1778132432000,1,103.109,30.48,3.382841207349081,632578958264631296,1778120407000,1067767771279917056,RJ47GA6234,12025000,1778132432000,80.46639391993118,103.109,3.300000000000182,30.479694666640597,3.3828750952958426,30.479694666640597,1778120407000-632578958264631296-1067767771279917056,109.89999999999418,,,,
1083726887294861312,1778111920000-632578958264631296-1083726887294861312,1778111920000,1778121617000,1,102.995,52.611,1.957670449145616,632578958264631296,1778111920000,1083726887294861312,RJ47GA6339,9697000,1778121617000,138.89194573865842,102.995,2.649999999999636,52.61058550706758,1.9576858726684176,52.61058550706758,1778111920000-632578958264631296-1083726887294861312,109.69999999998254,,,,
635414692210147328,1778123771000-632578958264631296-635414692210147328,1778123771000,1778132386000,1,102.64,25.43,4.036177742823437,632578958264631296,1778123771000,635414692210147328,RJ47GA2704,8615000,1778132386000,67.1362218050247,102.64,2.349999999998545,25.430387047357843,4.036116312695447,25.430387047357843,1778123771000-632578958264631296-635414692210147328,116.76000000000931,['900758004196966400'],,900758004196966400,
970285003134992384,1778113273000-632578958264631296-970285003134992384,1778113273000,1778123347000,1,102.56,38.493,2.6643805367209623,632578958264631296,1778113273000,970285003134992384,RJ14GN3848,10074000,1778123347000,101.62150628829797,102.56,2.7999999999992724,38.49299480617347,2.664380896223526,38.49299480617347,1778113273000-632578958264631296-970285003134992384,105.70000000001164,,,,
1045646687990710272,1778158197000-632578958264631296-1045646687990710272,1778158197000,1778167899000,1,102.542,30.544,3.3571896280775273,632578958264631296,1778158197000,1045646687990710272,RJ47GA3441,9702000,1778167899000,80.63716572506561,102.542,2.6999999999989086,30.54438095646425,3.3571477564451526,30.54438095646425,1778158197000-632578958264631296-1045646687990710272,104.5,,,,
1396880990281924608,1778152791000-632578958264631296-1396880990281924608,1778152791000,1778163948000,1,102.419,29.022,3.5290124732961203,632578958264631296,1778152791000,1396880990281924608,NL01AJ6924,11157000,1778163948000,76.6168934932192,102.419,3.0,29.02155056561333,3.5290671243924803,29.02155056561333,1778152791000-632578958264631296-1396880990281924608,105.5,,,,
1536014609964597248,1778113008000-632578958264631296-1536014609964597248,1778113008000,1778121522000,1,102.331,42.956,2.382228326659838,632578958264631296,1778113008000,1536014609964597248,NL01AK9197,8514000,1778121522000,113.40286835006306,102.331,2.299999999999997,42.95563195078146,2.382248737889616,42.95563195078146,1778113008000-632578958264631296-1536014609964597248,105.13000000000011,,,,
1211786303754993664,1778152016000-632578958264631296-1211786303754993664,1778152016000,1778161716000,1,102.05,33.354,3.0596030461114108,632578958264631296,1778152016000,1211786303754993664,RJ47GA6403,9700000,1778161716000,88.05379148754358,102.05,2.6500000000005457,33.35370889679681,3.059629749595871,33.35370889679681,1778152016000-632578958264631296-1211786303754993664,105.5,,,,
635414692210147328,1778136822000-632578958264631296-635414692210147328,1778136822000,1778147596000,1,102.011,28.331,3.60068476227454,632578958264631296,1778136822000,635414692210147328,RJ47GA2704,10774000,1778147596000,74.792857694577,102.011,2.9499999999989086,28.330627914612496,3.6007320525142443,28.330627914612496,1778136822000-632578958264631296-635414692210147328,116.13000000000466,['900758004196966400'],,900758004196966400,
800734942576246784,1778110239000-632578958264631296-800734942576246784,1778110239000,1778117808000,1,101.763,34.036,2.989863673757198,632578958264631296,1778110239000,800734942576246784,RJ47GA3337,7569000,1778117808000,89.85441729636423,101.763,2.050000000000182,34.035764127410694,2.989884393929185,34.035764127410694,1778110239000-632578958264631296-800734942576246784,113.19000000000233,['900758004217937929'],,900758004217937929,
1478819140813717504,1778127137000-632578958264631296-1478819140813717504,1778127137000,1778136773000,1,101.697,29.987,3.391369593490513,632578958264631296,1778127137000,1478819140813717504,NL01AK3097,9636000,1778136773000,79.16660541942605,101.697,2.6499999999998636,29.987350537661378,3.391329950016019,29.987350537661378,1778127137000-632578958264631296-1478819140813717504,101.625,,,,
1094955908762435584,1778148772000-632578958264631296-1094955908762435584,1778148772000,1778158825000,1,101.503,24.703,4.108934137554144,632578958264631296,1778148772000,1094955908762435584,RJ47GA5970,10053000,1778158825000,65.21700647160357,101.503,2.75,24.70341154227408,4.108865685466215,24.70341154227408,1778148772000-632578958264631296-1094955908762435584,104.23500000001513,,,,
1488160320575766528,1778163905000-632578958264631296-1488160320575766528,1778163905000,1778173188000,1,101.501,18.378,5.52296223745783,632578958264631296,1778163905000,1488160320575766528,NL01AK3103,9283000,1778173188000,48.51778945778471,101.501,2.5,18.377950552191177,5.522977097568596,15.807775124275173,1778163905000-632578958264631296-1488160320575766528,106.375,,,,
1045646687990710272,1778110519000-632578958264631296-1045646687990710272,1778110519000,1778120606000,1,101.475,47.999,2.1141065438863307,632578958264631296,1778110519000,1045646687990710272,RJ47GA3441,10087000,1778120606000,126.71837936797903,101.475,2.8000000000010914,47.999386124234476,2.114089537256939,47.999386124234476,1778110519000-632578958264631296-1045646687990710272,103.875,,,,
939140294748667904,1778137040000-632578958264631296-939140294748667904,1778137040000,1778146352000,1,101.395,38.559,2.6296065769340493,632578958264631296,1778137040000,939140294748667904,RJ47GA3481,9312000,1778146352000,101.79609447857636,101.395,2.5500000000010914,38.55912669643044,2.6295979366510522,38.55912669643044,1778137040000-632578958264631296-939140294748667904,104.0,,,,
870568761881526272,1778147727000-632578958264631296-870568761881526272,1778147727000,1778155640000,1,101.337,31.578,3.209101273038191,632578958264631296,1778147727000,870568761881526272,RJ47GA4522,7913000,1778155640000,83.36710135690956,101.337,2.100000000000364,31.57844748367786,3.209055798337732,31.57844748367786,1778147727000-632578958264631296-870568761881526272,105.70000000001164,,,,1.3602306475926889
947583099720433664,1778110464000-632578958264631296-947583099720433664,1778110464000,1778124580000,1,101.32,33.009,3.0694659032385103,632578958264631296,1778110464000,947583099720433664,RJ47GA2689,14116000,1778124580000,87.14399684850491,101.32,3.899999999999636,33.00908971534277,3.0694575607429133,33.00908971534277,1778110464000-632578958264631296-947583099720433664,112.125,,,,
819592403370377216,1778147490000-632578958264631296-819592403370377216,1778147490000,1778158642000,1,101.255,19.492,5.194695259593679,632578958264631296,1778147490000,819592403370377216,RJ47GA3114,11152000,1778158642000,51.458786404700824,101.255,3.0499999999992724,19.49196454723516,5.194704707913217,19.49196454723516,1778147490000-632578958264631296-819592403370377216,112.25,['900758004209549319'],,900758004209549319,
952249131684855808,1778118370000-632578958264631296-952249131684855808,1778118370000,1778127945000,1,101.133,32.251,3.135809742333571,632578958264631296,1778118370000,952249131684855808,RJ47GA1379,9575000,1778127945000,85.14341258722577,101.133,0.0,32.251292646676426,3.1357812881469727,0.001,1778118370000-632578958264631296-952249131684855808,,,,,
1536004619845500928,1778137744000-632578958264631296-1536004619845500928,1778137744000,1778148197000,1,101.083,37.171,2.7194049124317345,632578958264631296,1778137744000,1536004619845500928,NL01AK7894,10453000,1778148197000,98.13076511772795,101.083,2.8499999999999943,37.170744362775736,2.7194236148046724,37.170744362775736,1778137744000-632578958264631296-1536004619845500928,104.1850000000004,,,,
1073994678560358400,1778129955000-632578958264631296-1073994678560358400,1778129955000,1778137992000,1,101.069,37.408,2.701801753635586,632578958264631296,1778129955000,1073994678560358400,RJ47GA5628,8037000,1778137992000,98.7572951182976,101.069,2.199999999999818,37.408066332688485,2.701796962749779,37.408066332688485,1778129955000-632578958264631296-1073994678560358400,106.5,,,,
947094374120947712,1778145789000-632578958264631296-947094374120947712,1778145789000,1778154456000,1,100.893,37.331,2.702659987677801,632578958264631296,1778145789000,947094374120947712,RJ47GA3346,8667000,1778154456000,98.55295049964646,100.893,2.349999999998545,37.3306630680479,2.7026843808289183,37.3306630680479,1778145789000-632578958264631296-947094374120947712,97.75,,,,
1142833661045899264,1778149648000-632578958264631296-1142833661045899264,1778149648000,1778159239000,1,100.857,35.574,2.835132400067465,632578958264631296,1778149648000,1142833661045899264,RJ47GA6293,9591000,1778159239000,93.91582867331593,100.857,2.649999999999636,35.574177527771184,2.8351182517505964,35.574177527771184,1778149648000-632578958264631296-1142833661045899264,106.80000000001746,,,,
1385588909638942720,1778147354000-632578958264631296-1385588909638942720,1778147354000,1778156899000,1,100.702,32.648,3.0844768439108057,632578958264631296,1778147354000,1385588909638942720,NL01AJ5690,9545000,1778156899000,86.19203304532907,100.702,2.549999999999727,32.64849736565495,3.084429855137373,32.64849736565495,1778147354000-632578958264631296-1385588909638942720,106.625,,,,
780059706918961152,1778110429000-632578958264631296-780059706918961152,1778110429000,1778117726000,1,100.613,30.51,3.297705670272042,632578958264631296,1778110429000,780059706918961152,RJ47GA3183,7297000,1778117726000,80.54596391642303,100.613,2.0,30.509834816826903,3.2977235243669534,30.509834816826903,1778110429000-632578958264631296-780059706918961152,112.14000000001397,['900758004217937931'],,900758004217937931,
1468940686052032512,1778151492000-632578958264631296-1468940686052032512,1778151492000,1778161273000,1,100.591,28.75,3.4988173913043474,632578958264631296,1778151492000,1468940686052032512,RJ14GQ0824,9781000,1778161273000,75.89922234137377,100.591,2.649999999999636,28.74970543233855,3.498853239965796,28.74970543233855,1778151492000-632578958264631296-1468940686052032512,103.29999999998836,,,,
1406586435233906688,1778128344000-632578958264631296-1406586435233906688,1778128344000,1778138509000,1,100.579,31.525,3.1904520222045996,632578958264631296,1778128344000,1406586435233906688,NL01AJ7417,10165000,1778138509000,83.22637936016262,100.579,2.75,31.525143697031297,3.1904374795751194,31.525143697031297,1778128344000-632578958264631296-1406586435233906688,105.92500000000291,,,,
1464286808345935872,1778150923000-632578958264631296-1464286808345935872,1778150923000,1778159727000,1,100.18,23.658,4.2345084115309835,632578958264631296,1778150923000,1464286808345935872,NL01AK1960,8804000,1778159727000,62.456638405418055,100.18,2.3999999999998636,23.65781757780987,4.234541063245201,23.657817577809865,1778150923000-632578958264631296-1464286808345935872,102.5,,,,
1482772108667781120,1778110290000-632578958264631296-1482772108667781120,1778110290000,1778119005000,1,100.096,32.0,3.128,632578958264631296,1778110290000,1482772108667781120,NL01AK3101,8715000,1778119005000,84.48,100.096,2.349999999999909,32.0,3.128,32.0,1778110290000-632578958264631296-1482772108667781120,105.625,,,,
942469061864849408,1778103925000-632578958264631296-942469061864849408,1778103925000,1778117971000,1,100.088,51.595,1.9398778951448783,632578958264631296,1778103925000,942469061864849408,RJ47GA3637,14046000,1778117971000,136.21148811611096,100.088,3.899999999999636,51.59526065004203,1.939868095228209,51.59526065004203,1778103925000-632578958264631296-942469061864849408,93.25,,,,
866686265431425024,1778151788000-632578958264631296-866686265431425024,1778151788000,1778159997000,1,99.719,28.558,3.491806148889978,632578958264631296,1778151788000,866686265431425024,RJ47GA4451,8209000,1778159997000,75.39312000001199,99.719,2.3000000000010914,28.55800000000454,3.491806148889423,28.55800000000454,1778151788000-632578958264631296-866686265431425024,103.79999999998836,['900758004234715152'],,900758004234715152,1.2849515271151906
1286311379313098752,1778132366000-632578958264631296-1286311379313098752,1778132366000,1778140786000,1,99.602,31.709,3.141127124791069,632578958264631296,1778132366000,1286311379313098752,RJ47GA3711,8420000,1778140786000,83.71282550727614,99.602,2.2999999999992724,31.709403601240957,3.141087144133548,31.709403601240957,1778132366000-632578958264631296-1286311379313098752,108.125,,,,
1067775063052255232,1778124282000-632578958264631296-1067775063052255232,1778124282000,1778134018000,1,99.59,37.043,2.688497151958535,632578958264631296,1778124282000,1067775063052255232,RJ47GA3725,9736000,1778134018000,97.7931124416986,99.59,2.650000000001455,37.04284562185553,2.6885083564217656,37.04284562185553,1778124282000-632578958264631296-1067775063052255232,98.5,,,,
1389244302743306240,1778110279000-632578958264631296-1389244302743306240,1778110279000,1778118822000,1,99.392,24.595,4.041146574507014,632578958264631296,1778110279000,1389244302743306240,NL01AJ6144,8543000,1778118822000,64.93077807244353,99.392,2.300000000000182,24.594991694107396,4.041147939229143,24.594991694107396,1778110279000-632578958264631296-1389244302743306240,103.125,,,,
1422205425331208192,1778115327000-632578958264631296-1422205425331208192,1778115327000,1778126047000,1,99.333,40.88,2.429867906066536,632578958264631296,1778115327000,1422205425331208192,NL01AJ9003,10720000,1778126047000,107.92211984455724,99.333,2.900000000000091,40.87959085021107,2.4298922257801197,40.87959085021107,1778115327000-632578958264631296-1422205425331208192,105.25,,,,
1134877765846171648,1778123616000-632578958264631296-1134877765846171648,1778123616000,1778132348000,1,99.311,27.208,3.650066157012644,632578958264631296,1778123616000,1134877765846171648,RJ47GA6215,8732000,1778132348000,71.8290596545946,99.311,2.4000000000005457,27.20797714189189,3.6500692235253207,27.20797714189189,1778123616000-632578958264631296-1134877765846171648,105.70000000001164,,,,
800734942576246784,1778127035000-632578958264631296-800734942576246784,1778127035000,1778135375000,1,99.303,35.165,2.8239158253945686,632578958264631296,1778127035000,800734942576246784,RJ47GA3337,8340000,1778135375000,92.83657191758607,99.303,2.25,35.165368150600784,2.8238862614695375,35.165368150600784,1778127035000-632578958264631296-800734942576246784,110.88000000000466,['900758004217937929'],,900758004217937929,
1396880990281924608,1778141952000-632578958264631296-1396880990281924608,1778141952000,1778150477000,1,99.278,28.718,3.456995612507835,632578958264631296,1778141952000,1396880990281924608,NL01AJ6924,8525000,1778150477000,75.81526790350296,99.278,2.349999999999909,28.717904508902635,3.457007107507567,28.717904508902635,1778141952000-632578958264631296-1396880990281924608,101.25,,,,
1091761897729949696,1778137238000-632578958264631296-1091761897729949696,1778137238000,1778146380000,1,99.27,36.54,2.716748768472906,632578958264631296,1778137238000,1091761897729949696,RJ47GA3662,9142000,1778146380000,96.46468511664021,99.27,2.5,36.539653453272805,2.716774534464243,36.539653453272805,1778137238000-632578958264631296-1091761897729949696,108.0,,,,
780059706918961152,1778127050000-632578958264631296-780059706918961152,1778127050000,1778134762000,1,99.231,33.194,2.9894257998433447,632578958264631296,1778127050000,780059706918961152,RJ47GA3183,7712000,1778134762000,87.63231547692652,99.231,2.100000000000364,33.194058892775196,2.9894204960152666,33.194058892775196,1778127050000-632578958264631296-780059706918961152,111.09000000002561,['900758004217937931'],,900758004217937931,
1076186718555602944,1778154618000-632578958264631296-1076186718555602944,1778154618000,1778164351000,1,98.997,35.461,2.791714841657032,632578958264631296,1778154618000,1076186718555602944,RJ47GA2653,9733000,1778164351000,93.61679281407478,98.997,2.6999999999989086,35.46090636896772,2.7917222129052375,35.46090636896772,1778154618000-632578958264631296-1076186718555602944,95.625,,,,
1471164933021368320,1778137270000-632578958264631296-1471164933021368320,1778137270000,1778146111000,1,98.876,29.933,3.3032439114021317,632578958264631296,1778137270000,1471164933021368320,NL01AK2622,8841000,1778146111000,79.02343296285791,98.876,2.4500000000000455,29.933118546537084,3.303230829299569,29.933118546537084,1778137270000-632578958264631296-1471164933021368320,103.5,,,,
1046442514266980352,1778145926000-632578958264631296-1046442514266980352,1778145926000,1778154697000,1,98.853,20.658,4.785216381063026,632578958264631296,1778145926000,1046442514266980352,RJ47GA3809,8771000,1778154697000,54.53765802775767,98.853,0.0,20.658203798393057,4.785169173695996,17.94769449738984,1778145926000-632578958264631296-1046442514266980352,104.5,,,,
787737136659955712,1778115974000-632578958264631296-787737136659955712,1778115974000,1778125764000,1,98.404,46.267,2.12687228478181,632578958264631296,1778115974000,787737136659955712,RJ47GA3339,9790000,1778125764000,122.1439162081749,98.404,2.7000000000007276,46.26663492733898,2.126889067133193,46.26663492733898,1778115974000-632578958264631296-787737136659955712,111.29999999998836,['900758004226326539'],,900758004226326539,
1050035941135089664,1778169442000-632578958264631296-1050035941135089664,1778169442000,1778177953000,1,98.045,36.101,2.715852746461317,632578958264631296,1778169442000,1050035941135089664,RJ47GA5558,8511000,1778177953000,95.3071725831034,98.045,2.2999999999992724,36.10120173602401,2.715837570087442,36.10120173602401,1778169442000-632578958264631296-1050035941135089664,104.80000000001746,,,,
1083729116835872768,1778138210000-632578958264631296-1083729116835872768,1778138210000,1778147235000,1,97.986,32.955,2.973327264451525,632578958264631296,1778138210000,1083729116835872768,RJ47GA6361,9025000,1778147235000,87.00124982797018,97.986,2.449999999999818,32.95501887423113,2.9733255615465373,32.95501887423113,1778138210000-632578958264631296-1083729116835872768,104.79999999998836,,,,
1073663863301341184,1778115074000-632578958264631296-1073663863301341184,1778115074000,1778125049000,1,97.872,38.86,2.5185795162120432,632578958264631296,1778115074000,1073663863301341184,RJ47GA3284,9975000,1778125049000,102.58987893663033,97.872,2.75,38.859802627511485,2.5185923083075514,38.859802627511485,1778115074000-632578958264631296-1073663863301341184,101.0,,,,
1406228892573761536,1778160104000-632578958264631296-1406228892573761536,1778160104000,1778168831000,1,97.856,28.084,3.4844039310639507,632578958264631296,1778160104000,1406228892573761536,NL01AJ7421,8727000,1778168831000,74.14101977063709,97.856,2.349999999999909,28.083719610089805,3.484438719607594,28.083719610089805,1778160104000-632578958264631296-1406228892573761536,103.42500000000291,,,,
848986467664396288,1778136733000-632578958264631296-848986467664396288,1778136733000,1778144219000,1,97.452,30.548,3.1901270132250885,632578958264631296,1778136733000,848986467664396288,RJ47GA3067,7486000,1778144219000,80.64774604600912,97.452,2.0499999999992724,30.54838865379133,3.190086426634006,30.54838865379133,1778136733000-632578958264631296-848986467664396288,108.78000000002794,['900758004201160714'],,900758004201160714,
1083728245179809792,1778164421000-632578958264631296-1083728245179809792,1778164421000,1778174326000,1,97.322,42.771,2.275420261392065,632578958264631296,1778164421000,1083728245179809792,RJ47GA6241,9905000,1778174326000,112.91650449164608,97.322,2.7000000000007276,42.771403216532605,2.275398810445895,42.771403216532605,1778164421000-632578958264631296-1083728245179809792,102.70000000001164,,,,
1101524127430213632,1778146894000-632578958264631296-1101524127430213632,1778146894000,1778155285000,1,97.125,19.892,4.882616127086266,632578958264631296,1778146894000,1101524127430213632,RJ47GA3640,8391000,1778155285000,52.51381379218552,97.125,2.1999999999989086,19.891596133403606,4.8827152606873865,19.891596133403606,1778146894000-632578958264631296-1101524127430213632,97.125,,,,
792451146961649664,1778109602000-632578958264631296-792451146961649664,1778109602000,1778120537000,1,96.88,45.52,2.12829525483304,632578958264631296,1778109602000,792451146961649664,RJ47GA2227,10935000,1778120537000,120.17404358405756,96.88,3.0,45.52047105456725,2.128273230825445,45.520471054567246,1778109602000-632578958264631296-792451146961649664,109.20999999996275,['900758004180189185'],,900758004180189185,
939141093658722304,1778119004000-632578958264631296-939141093658722304,1778119004000,1778126782000,1,96.668,36.634,2.63875088715401,632578958264631296,1778119004000,939141093658722304,RJ47GA3768,7778000,1778126782000,96.71351783417755,96.668,2.100000000000364,36.6339082705218,2.6387574944545524,36.6339082705218,1778119004000-632578958264631296-939141093658722304,110.375,,,,
1536014609964597248,1778125058000-632578958264631296-1536014609964597248,1778125058000,1778135039000,1,96.603,46.187,2.091562560893758,632578958264631296,1778125058000,1536014609964597248,NL01AK9197,9981000,1778135039000,121.93401886710905,96.603,2.75,46.18712835875343,2.09155674822749,46.18712835875343,1778125058000-632578958264631296-1536014609964597248,98.40000000000009,,,,
1268615116379652096,1778124924000-632578958264631296-1268615116379652096,1778124924000,1778133962000,1,96.529,33.921,2.8457003036467086,632578958264631296,1778124924000,1268615116379652096,RJ47GA5518,9038000,1778133962000,89.55063747098043,96.529,2.5,33.92069601173501,2.8457258060567323,33.92069601173501,1778124924000-632578958264631296-1268615116379652096,100.30000000004657,,,,
939547788868321280,1778130386000-632578958264631296-939547788868321280,1778130386000,1778140384000,1,96.402,27.658,3.4855014823920745,632578958264631296,1778130386000,939547788868321280,RJ14GH7603,9998000,1778140384000,73.01782329249,96.402,0.0,27.658266398670452,3.4854679107666016,0.001,1778130386000-632578958264631296-939547788868321280,,,,,
908732861828300800,1778116269000-632578958264631296-908732861828300800,1778116269000,1778124768000,1,96.352,30.354,3.174276866310865,632578958264631296,1778116269000,908732861828300800,RJ47GA2126,8499000,1778124768000,80.13411193411568,96.352,2.3000000000010914,30.35383027807412,3.1742946151214135,30.353830278074124,1778116269000-632578958264631296-908732861828300800,99.625,,,,
1141991039255445504,1778112979000-632578958264631296-1141991039255445504,1778112979000,1778121236000,1,96.075,36.904,2.603376327769347,632578958264631296,1778112979000,1141991039255445504,RJ47GA6283,8257000,1778121236000,97.42574439487647,96.075,2.25,36.90369105866533,2.60339812208136,36.90369105866533,1778112979000-632578958264631296-1141991039255445504,102.60000000000582,,,,
1396881382210273280,1778112797000-632578958264631296-1396881382210273280,1778112797000,1778121689000,1,96.008,34.619,2.7732747912995754,632578958264631296,1778112797000,1396881382210273280,NL01AJ6927,8892000,1778121689000,91.39357160387597,96.008,2.449999999999818,34.61877712268029,2.773292645773467,34.61877712268029,1778112797000-632578958264631296-1396881382210273280,102.125,,,,
1067765061260410880,1778154029000-632578958264631296-1067765061260410880,1778154029000,1778161389000,1,95.953,29.114,3.2957683588651507,632578958264631296,1778154029000,1067765061260410880,RJ47GA6230,7360000,1778161389000,76.86109900639086,95.953,2.0,29.114052653935932,3.2957623983354343,29.114052653935932,1778154029000-632578958264631296-1067765061260410880,102.39999999999418,,,,
1406586595699589120,1778158752000-632578958264631296-1406586595699589120,1778158752000,1778167295000,1,95.416,42.147,2.2638859230787483,632578958264631296,1778158752000,1406586595699589120,NL01AJ7423,8543000,1778167295000,111.26911585639705,95.416,2.349999999999909,42.14739236984737,2.263864847502677,42.14739236984737,1778158752000-632578958264631296-1406586595699589120,100.09500000000116,,,,
1050441880044568576,1778116483000-632578958264631296-1050441880044568576,1778116483000,1778127167000,1,95.401,42.589,2.240038507595858,632578958264631296,1778116483000,1050441880044568576,RJ47GA3669,10684000,1778127167000,112.43585643280935,95.401,2.899999999999636,42.589339557882326,2.2400206481329064,42.589339557882326,1778116483000-632578958264631296-1050441880044568576,97.625,,,,
1428366867084345344,1778140224000-632578958264631296-1428366867084345344,1778140224000,1778148876000,1,95.053,37.069,2.564218079797135,632578958264631296,1778140224000,1428366867084345344,NL01AJ9498,8652000,1778148876000,97.86232079334792,95.053,2.349999999999909,37.06906090657118,2.5642138666412797,37.06906090657118,1778140224000-632578958264631296-1428366867084345344,98.25,,,,
1046442858321543168,1778159564000-632578958264631296-1046442858321543168,1778159564000,1778168791000,1,95.037,18.97,5.009857670005272,632578958264631296,1778159564000,1046442858321543168,RJ47GA3432,9227000,1778168791000,50.08091256116648,95.037,2.5,18.970042636805484,5.009846409918457,12.103716783621918,1778159564000-632578958264631296-1046442858321543168,91.125,,,,
787737136659955712,1778164194000-632578958264631296-787737136659955712,1778164194000,1778172698000,1,94.992,27.864,3.409130060292851,632578958264631296,1778164194000,787737136659955712,RJ47GA3339,8504000,1778172698000,73.56102390178998,94.992,2.349999999998545,27.864024205223476,3.409127098812687,27.864024205223476,1778164194000-632578958264631296-787737136659955712,107.51999999996042,['900758004226326539'],,900758004226326539,
961239466377216000,1778164216000-632578958264631296-961239466377216000,1778164216000,1778172739000,1,94.932,21.599,4.395203481642668,632578958264631296,1778164216000,961239466377216000,RJ47GA2691,8523000,1778172739000,57.020066760029906,94.932,2.350000000000364,21.598510136374962,4.395303166773574,21.598510136374962,1778164216000-632578958264631296-961239466377216000,99.625,,,,
1428366867084345344,1778153446000-632578958264631296-1428366867084345344,1778153446000,1778164037000,1,94.545,47.0,2.011595744680851,632578958264631296,1778153446000,1428366867084345344,NL01AJ9498,10591000,1778164037000,124.08000000000001,94.545,2.899999999999636,47.0,2.011595744680851,47.0,1778153446000-632578958264631296-1428366867084345344,97.75,,,,
1067774958987378688,1778137582000-632578958264631296-1067774958987378688,1778137582000,1778146281000,1,94.505,39.148,2.4140441401859607,632578958264631296,1778137582000,1067774958987378688,RJ47GA6419,8699000,1778146281000,103.35053264379646,94.505,2.4000000000005457,39.14792903174108,2.414048516420255,39.14792903174108,1778137582000-632578958264631296-1067774958987378688,97.70000000001164,,,,
970285003134992384,1778129640000-632578958264631296-970285003134992384,1778129640000,1778139141000,1,94.471,34.588,2.731323002197294,632578958264631296,1778129640000,970285003134992384,RJ14GN3848,9501000,1778139141000,91.3132712905259,94.471,2.649999999999636,34.58836033732042,2.7312945476073045,34.58836033732042,1778129640000-632578958264631296-970285003134992384,97.20000000001164,,,,
1535695002116554752,1778123988000-632578958264631296-1535695002116554752,1778123988000,1778132538000,1,94.254,31.476,2.9944719786504006,632578958264631296,1778123988000,1535695002116554752,NL01AK7895,8550000,1778132538000,83.09639640136811,94.254,2.3000000000000114,31.475907727790947,2.994480757000712,31.475907727790947,1778123988000-632578958264631296-1535695002116554752,97.76500000000033,,,,
1535704124731949056,1778129570000-632578958264631296-1535704124731949056,1778129570000,1778140270000,1,93.895,31.395,2.990762860328078,632578958264631296,1778129570000,1535704124731949056,NL01AK7898,10700000,1778140270000,82.88379829445128,93.895,2.8999999999999773,31.395378141837604,2.990726838065223,31.395378141837604,1778129570000-632578958264631296-1535704124731949056,96.86999999999898,,,,
1268615233111326720,1778142913000-632578958264631296-1268615233111326720,1778142913000,1778150698000,1,93.879,30.562,3.0717557751456055,632578958264631296,1778142913000,1268615233111326720,RJ47GA5672,7785000,1778150698000,80.68299037165374,93.879,2.149999999999636,30.561738777141567,3.07178203061588,30.56173877714157,1778142913000-632578958264631296-1268615233111326720,97.30000000001746,,,,
866686265431425024,1778161824000-632578958264631296-866686265431425024,1778161824000,1778171809000,1,93.85,35.408,2.6505309534568458,632578958264631296,1778161824000,866686265431425024,RJ47GA4451,9985000,1778171809000,93.47690639926316,93.85,2.6999999999989086,35.40791909062998,2.6505370100903662,35.40791909062998,1778161824000-632578958264631296-866686265431425024,99.09999999997672,['900758004234715152'],,900758004234715152,1.1831382208445576
1101157025884143616,1778121421000-632578958264631296-1101157025884143616,1778121421000,1778129134000,1,93.637,21.02,4.454662226450999,632578958264631296,1778121421000,1101157025884143616,RJ47GA5517,7713000,1778129134000,55.493234236309846,93.637,2.100000000000364,21.0201644834507,4.454627368578441,21.0201644834507,1778121421000-632578958264631296-1101157025884143616,97.29999999998836,,,,
1112389405491855360,1778141487000-632578958264631296-1112389405491855360,1778141487000,1778149740000,1,93.588,32.022,2.9226157017050776,632578958264631296,1778141487000,1112389405491855360,RJ47GA3734,8253000,1778149740000,84.53749749467859,93.588,2.25,32.02177935404492,2.9226358399780237,32.02177935404492,1778141487000-632578958264631296-1112389405491855360,95.5,,,,
787325260482478080,1778126675000-632578958264631296-787325260482478080,1778126675000,1778134961000,1,93.548,30.18,3.0996686547382373,632578958264631296,1778126675000,787325260482478080,RJ47GA3074,8286000,1778134961000,79.67415401598663,93.548,2.2999999999992724,30.17960379393433,3.099709348033317,30.17960379393433,1778126675000-632578958264631296-787325260482478080,106.26000000000931,['900758004201160724'],,900758004201160724,
1464283595349688320,1778128448000-632578958264631296-1464283595349688320,1778128448000,1778135506000,1,93.447,34.16,2.7355679156908668,632578958264631296,1778128448000,1464283595349688320,NL01AK1961,7058000,1778135506000,90.18250622540725,93.447,1.900000000000091,34.160040236896684,2.7355646934826128,34.160040236896684,1778128448000-632578958264631296-1464283595349688320,95.625,,,,
1176184196838719488,1778139118000-632578958264631296-1176184196838719488,1778139118000,1778147587000,1,93.232,27.625,3.3749140271493214,632578958264631296,1778139118000,1176184196838719488,RJ14GP9553,8469000,1778147587000,72.93031647875962,93.232,2.300000000000182,27.62511987831804,3.37489938181859,27.62511987831804,1778139118000-632578958264631296-1176184196838719488,95.90000000002328,,,,
1396880990281924608,1778127106000-632578958264631296-1396880990281924608,1778127106000,1778136033000,1,93.226,23.068,4.04135599098318,632578958264631296,1778127106000,1396880990281924608,NL01AJ6924,8927000,1778136033000,60.898690184316834,93.226,2.400000000000091,23.067685675877588,4.041411059172208,23.067685675877584,1778127106000-632578958264631296-1396880990281924608,95.875,,,,
870309644059279360,1778112660000-632578958264631296-870309644059279360,1778112660000,1778122439000,1,93.187,33.386,2.7911999041514406,632578958264631296,1778112660000,870309644059279360,RJ47GA4518,9779000,1778122439000,88.13781141148208,93.187,2.600000000000364,33.38553462556139,2.7912388118131872,33.38553462556139,1778112660000-632578958264631296-870309644059279360,97.5,,,,1.9745863590645605
944589988106862592,1778149507000-632578958264631296-944589988106862592,1778149507000,1778157848000,1,92.846,25.378,3.658523130270313,632578958264631296,1778149507000,944589988106862592,RJ47GA2625,8341000,1778157848000,66.99832352888453,92.846,2.3000000000010914,25.378152851850196,3.6585010950957,25.378152851850196,1778149507000-632578958264631296-944589988106862592,99.875,,,,
939140294748667904,1778114385000-632578958264631296-939140294748667904,1778114385000,1778121852000,1,92.62,30.0,3.0873333333333335,632578958264631296,1778114385000,939140294748667904,RJ47GA3481,7467000,1778121852000,79.19996794421239,92.62,2.0,29.999987857656205,3.087334582915931,29.999987857656205,1778114385000-632578958264631296-939140294748667904,95.0,,,,
1536014543027699712,1778143467000-632578958264631296-1536014543027699712,1778143467000,1778153837000,1,92.408,48.803,1.8934901542937936,632578958264631296,1778143467000,1536014543027699712,NL01AK8409,10370000,1778153837000,128.83984467246054,92.408,2.8500000000000227,48.80297146684111,1.8934912613422745,48.80297146684111,1778143467000-632578958264631296-1536014543027699712,95.28000000000065,,,,
940245549137788928,1778142385000-632578958264631296-940245549137788928,1778142385000,1778151057000,1,92.287,22.21,4.155200360198109,632578958264631296,1778142385000,940245549137788928,RJ47GA4673,8672000,1778151057000,58.63465667424579,92.287,2.3499999999994543,22.2100972250931,4.1551821707351015,22.2100972250931,1778142385000-632578958264631296-940245549137788928,95.59999999997672,,,,
1286352128566099968,1778099468000-632578958264631296-1286352128566099968,1778099468000,1778109534000,1,92.24,36.848,2.503256621797655,632578958264631296,1778099468000,1286352128566099968,NL01AG9587,10066000,1778109534000,97.27848439447303,92.24,2.75,36.847910755482204,2.5032626846089667,36.847910755482204,1778099468000-632578958264631296-1286352128566099968,94.30000000001746,,,,
997896292355014656,1778169508000-632578958264631296-997896292355014656,1778169508000,1778181966000,1,92.143,43.32,2.1270313942751615,632578958264631296,1778169508000,997896292355014656,RJ47GA5837,12458000,1778181966000,114.36480000001845,92.143,3.449999999999818,43.320000000006985,2.1270313942748187,43.320000000006985,1778169508000-632578958264631296-997896292355014656,96.51000000000931,,,,
927153603469115392,1778108438000-632578958264631296-927153603469115392,1778108438000,1778116871000,1,91.837,18.738,4.901110043761341,632578958264631296,1778108438000,927153603469115392,RJ47GA3885,8433000,1778116871000,49.467853631477276,91.837,2.3000000000010914,18.737823345256544,4.901156249999999,16.0,1778108438000-632578958264631296-927153603469115392,92.875,,,,
1083727048683290624,1778122820000-632578958264631296-1083727048683290624,1778122820000,1778130964000,1,91.76,39.139,2.344464600526329,632578958264631296,1778122820000,1083727048683290624,RJ47GA6340,8144000,1778130964000,103.32671774974766,91.76,2.199999999999818,39.13890823854078,2.344470097140888,39.13890823854078,1778122820000-632578958264631296-1083727048683290624,96.79999999998836,,,,
1464253789857906688,1778160983000-632578958264631296-1464253789857906688,1778160983000,1778169575000,1,91.272,17.099,5.337856014971636,632578958264631296,1778160983000,1464253789857906688,NL01AK1965,8592000,1778169575000,45.14245265890999,91.272,2.3500000000001364,17.099413885950753,5.337726813840739,15.085149910482869,1778160983000-632578958264631296-1464253789857906688,93.25,,,,
1540361293100220416,1778110171000-632578958264631296-1540361293100220416,1778110171000,1778117135000,1,91.198,31.797,2.868132213730855,632578958264631296,1778110171000,1540361293100220416,NL01AK8392,6964000,1778117135000,83.94506442905958,91.198,1.9000000000000057,31.797372889795295,2.868098578963676,31.79737288979529,1778110171000-632578958264631296-1540361293100220416,93.875,,,,
1357047782162038784,1778137882000-632578958264631296-1357047782162038784,1778137882000,1778145672000,1,91.156,16.098,5.6625667784818,632578958264631296,1778137882000,1357047782162038784,NL01AJ3746,7790000,1778145672000,42.497945618090945,91.156,2.099999999999909,16.097706673519298,5.662669959687579,16.097706673519298,1778137882000-632578958264631296-1357047782162038784,93.25,,,,
800734942576246784,1778117916000-632578958264631296-800734942576246784,1778117916000,1778125093000,1,91.15,33.262,2.7403643797727137,632578958264631296,1778117916000,800734942576246784,RJ47GA3337,7177000,1778125093000,87.81134556567955,91.15,1.949999999999818,33.26187332033316,2.740374816600589,33.26187332033316,1778117916000-632578958264631296-800734942576246784,101.83999999999651,['900758004217937929'],,900758004217937929,
780059706918961152,1778117853000-632578958264631296-780059706918961152,1778117853000,1778124891000,1,91.138,30.826,2.95653020177772,632578958264631296,1778117853000,780059706918961152,RJ47GA3183,7038000,1778124891000,81.37932451362273,91.138,1.8999999999996362,30.82550170970558,2.9565779937104706,30.82550170970558,1778117853000-632578958264631296-780059706918961152,101.96000000002095,['900758004217937931'],,900758004217937931,
970288452387995648,1778130486000-632578958264631296-970288452387995648,1778130486000,1778137844000,1,91.116,36.722,2.4812374053700776,632578958264631296,1778130486000,970288452387995648,RJ47GA3399,7358000,1778137844000,96.94656614041104,91.116,2.0500000000010914,36.72218414409509,2.481224963157629,36.72218414409509,1778130486000-632578958264631296-970288452387995648,61.375,,,,
1385588586753032192,1778111579000-632578958264631296-1385588586753032192,1778111579000,1778120713000,1,91.038,33.209,2.7413652925411784,632578958264631296,1778111579000,1385588586753032192,NL01AJ5698,9134000,1778120713000,87.67186307327376,91.038,2.5,33.209039042906724,2.7413620695972902,33.209039042906724,1778111579000-632578958264631296-1385588586753032192,97.625,,,,
819592403370377216,1778111242000-632578958264631296-819592403370377216,1778111242000,1778120941000,1,91.026,22.437,4.056959486562374,632578958264631296,1778111242000,819592403370377216,RJ47GA3114,9699000,1778120941000,59.23266915467784,91.026,2.649999999999636,22.436617104044636,4.057028721303569,22.43661710404464,1778111242000-632578958264631296-819592403370377216,100.48999999999069,['900758004209549319'],,900758004209549319,
1101122257968693248,1778113484000-632578958264631296-1101122257968693248,1778113484000,1778122795000,1,90.87,33.559,2.7077684078786617,632578958264631296,1778113484000,1101122257968693248,RJ47GA3730,9311000,1778122795000,88.59685526687709,90.87,2.5499999999992724,33.559414873817076,2.707734933450715,33.559414873817076,1778113484000-632578958264631296-1101122257968693248,,,,,
1184409623537385472,1778108393000-632578958264631296-1184409623537385472,1778108393000,1778116073000,1,90.614,24.46,3.704578904333606,632578958264631296,1778108393000,1184409623537385472,RJ47GA6472,7680000,1778116073000,64.5755228933191,90.614,2.0,24.460425338378446,3.7045144860104493,24.460425338378446,1778108393000-632578958264631296-1184409623537385472,96.30000000001746,,,,
1545824186436419584,1778140129000-632578958264631296-1545824186436419584,1778140129000,1778147969000,1,90.575,27.8,3.258093525179856,632578958264631296,1778140129000,1545824186436419584,NL01AK8995,7840000,1778147969000,73.39239678660653,90.575,2.1499999999999986,27.800150297957014,3.258075910713915,27.800150297957014,1778140129000-632578958264631296-1545824186436419584,93.94000000000005,,,,
1268614873160351744,1778124783000-632578958264631296-1268614873160351744,1778124783000,1778133088000,1,90.528,32.159,2.8150129046301196,632578958264631296,1778124783000,1268614873160351744,RJ47GA5515,8305000,1778133088000,84.89908330258753,90.528,2.25,32.158743675222546,2.81503534199781,32.158743675222546,1778124783000-632578958264631296-1268614873160351744,94.70000000001164,,,,
862693652038680576,1778162958000-632578958264631296-862693652038680576,1778162958000,1778169379000,1,90.454,24.684,3.664479014746394,632578958264631296,1778162958000,862693652038680576,RJ47GA4378,6421000,1778169379000,65.16497573373533,90.454,1.7000000000007276,24.6837029294452,3.664523117076465,24.6837029294452,1778162958000-632578958264631296-862693652038680576,93.30000000004657,['900758004234715138'],,900758004234715138,0.0
961239466377216000,1778132912000-632578958264631296-961239466377216000,1778132912000,1778140532000,1,90.452,17.511,5.165438866997887,632578958264631296,1778132912000,961239466377216000,RJ47GA2691,7620000,1778140532000,46.229899975526145,90.452,2.0499999999992724,17.511325748305357,5.1653427787301265,17.511325748305357,1778132912000-632578958264631296-961239466377216000,94.625,,,,
938815406225752064,1778129450000-632578958264631296-938815406225752064,1778129450000,1778142960000,1,90.444,28.668,3.154876517371285,632578958264631296,1778129450000,938815406225752064,RJ47GA3910,13510000,1778142960000,75.68337347823491,90.444,3.7000000000007276,28.667944499331405,3.1548826251602846,28.667944499331405,1778129450000-632578958264631296-938815406225752064,92.0,,,,
942436996423352320,1778163724000-632578958264631296-942436996423352320,1778163724000,1778173528000,1,90.375,26.276,3.4394504490790077,632578958264631296,1778163724000,942436996423352320,RJ47GA1344,9804000,1778173528000,69.36793207492344,90.375,0.0,26.275731846561907,3.439485549926758,0.001,1778163724000-632578958264631296-942436996423352320,,,,,
1067775256489361408,1778112861000-632578958264631296-1067775256489361408,1778112861000,1778121543000,1,90.346,34.062,2.6523985673184196,632578958264631296,1778112861000,1067775256489361408,RJ47GA4861,8682000,1778121543000,89.92368000001414,90.346,2.4000000000005457,34.062000000005355,2.6523985673180026,34.062000000005355,1778112861000-632578958264631296-1067775256489361408,93.79999999998836,,,,
952249131684855808,1778153613000-632578958264631296-952249131684855808,1778153613000,1778161228000,1,90.303,26.259,3.438935222209528,632578958264631296,1778153613000,952249131684855808,RJ47GA1379,7615000,1778161228000,69.32373961349822,90.303,0.0,26.258992277840235,3.438936233520508,0.001,1778153613000-632578958264631296-952249131684855808,,,,,
1079095062366781440,1778165429000-632578958264631296-1079095062366781440,1778165429000,1778173857000,1,90.248,38.164,2.364741641337386,632578958264631296,1778165429000,1079095062366781440,RJ47GA3439,8428000,1778173857000,100.75396372365417,90.248,2.3000000000010914,38.16438019835385,2.3647180834838424,38.16438019835385,1778165429000-632578958264631296-1079095062366781440,88.125,,,,
1060579746913452032,1778165565000-632578958264631296-1060579746913452032,1778165565000,1778174220000,1,90.127,35.76,2.520329977628635,632578958264631296,1778165565000,1060579746913452032,RJ47GA3879,8655000,1778174220000,94.40515170802493,90.127,2.399999999999636,35.75952716213065,2.5203633032218757,35.75952716213065,1778165565000-632578958264631296-1060579746913452032,91.0,,,,
784445514740400128,1778124597000-632578958264631296-784445514740400128,1778124597000,1778132414000,1,89.733,27.539,3.258397182178002,632578958264631296,1778124597000,784445514740400128,RJ47GA3182,7817000,1778132414000,72.70173247554048,89.733,2.100000000000364,27.53853502861382,3.258452198229254,27.53853502861382,1778124597000-632578958264631296-784445514740400128,101.11999999999534,,,,
943859348893859840,1778142887000-632578958264631296-943859348893859840,1778142887000,1778151733000,1,89.606,27.692,3.2358081756463957,632578958264631296,1778142887000,943859348893859840,RJ47GA1998,8846000,1778151733000,73.10789148666531,89.606,2.399999999999636,27.692383138888374,3.235763406514711,27.692383138888374,1778142887000-632578958264631296-943859348893859840,93.5,,,,
1131239476161413120,1778142973000-632578958264631296-1131239476161413120,1778142973000,1778152086000,1,89.528,31.167,2.8725254275355345,632578958264631296,1778142973000,1131239476161413120,RJ47GA6182,9113000,1778152086000,82.2804396644335,89.528,2.5,31.16683320622481,2.8725408002670925,31.16683320622481,1778142973000-632578958264631296-1131239476161413120,95.5,,,,
1184409623537385472,1778137652000-632578958264631296-1184409623537385472,1778137652000,1778146591000,1,89.514,28.602,3.1296412838263055,632578958264631296,1778137652000,1184409623537385472,RJ47GA6472,8939000,1778146591000,75.50866928818574,89.514,2.449999999999818,28.601768669767328,3.129666596269558,28.601768669767328,1778137652000-632578958264631296-1184409623537385472,95.10000000000582,,,,
1398705978894974976,1778111879000-632578958264631296-1398705978894974976,1778111879000,1778122983000,1,89.478,37.998,2.3548081477972524,632578958264631296,1778111879000,1398705978894974976,NL01AH7651,11104000,1778122983000,100.31558963845214,89.478,3.050000000000182,37.998329408504596,2.3547877339042564,37.998329408504596,1778111879000-632578958264631296-1398705978894974976,95.13000000000466,,,,
1120316721542987776,1778165560000-632578958264631296-1120316721542987776,1778165560000,1778173455000,1,89.4,20.145,4.437825763216679,632578958264631296,1778165560000,1120316721542987776,RJ47GA6411,7895000,1778173455000,53.183862242259885,89.4,2.149999999999636,20.14540236449238,4.437737126440993,14.593658421366518,1778165560000-632578958264631296-1120316721542987776,92.29999999998836,,,,
1050035879038418944,1778137642000-632578958264631296-1050035879038418944,1778137642000,1778145762000,1,89.357,16.413,5.444281971607872,632578958264631296,1778137642000,1050035879038418944,RJ47GA6473,8120000,1778145762000,43.3307726229124,89.357,2.050000000000182,16.413171448072877,5.444225101937365,16.413171448072877,1778137642000-632578958264631296-1050035879038418944,92.89999999999418,,,,
786246735176400896,1778119695000-632578958264631296-786246735176400896,1778119695000,1778127416000,1,89.265,23.205,3.8468002585649645,632578958264631296,1778119695000,786246735176400896,RJ47GA3340,7721000,1778127416000,61.262474456497436,89.265,2.100000000000364,23.20548274867327,3.8467202327477357,23.20548274867327,1778119695000-632578958264631296-786246735176400896,99.85999999998603,['900758004226326541'],,900758004226326541,
1067775916656033792,1778128086000-632578958264631296-1067775916656033792,1778128086000,1778135820000,1,89.24,18.377,4.8560700876095115,632578958264631296,1778128086000,1067775916656033792,RJ14GP9559,7734000,1778135820000,48.51409288812501,89.24,2.100000000000364,18.37655033641099,4.856188912844069,18.37655033641099,1778128086000-632578958264631296-1067775916656033792,92.39999999999418,,,,
780085706063085568,1778138309000-632578958264631296-780085706063085568,1778138309000,1778145766000,1,89.237,28.754,3.1034638658969183,632578958264631296,1778138309000,780085706063085568,RJ47GA3335,7457000,1778145766000,75.91160139743405,89.237,2.0,28.75439446872502,3.1034212908590173,28.75439446872502,1778138309000-632578958264631296-780085706063085568,99.75,['900758004226326531'],,900758004226326531,
1083727289243402240,1778128013000-632578958264631296-1083727289243402240,1778128013000,1778136821000,1,89.126,27.688,3.2189396128286627,632578958264631296,1778128013000,1083727289243402240,RJ47GA6320,8808000,1778136821000,73.09592294901897,89.126,2.399999999999636,27.687849601901124,3.2189570978412267,27.687849601901124,1778128013000-632578958264631296-1083727289243402240,95.0,,,,
1050037243114160128,1778128029000-632578958264631296-1050037243114160128,1778128029000,1778136481000,1,89.12,24.606,3.6218808420710396,632578958264631296,1778128029000,1050037243114160128,RJ47GA5923,8452000,1778136481000,64.95881972122667,89.12,2.300000000000182,24.60561353076768,3.621937729313735,24.60561353076768,1778128029000-632578958264631296-1050037243114160128,92.33499999999185,,,,
1478688867300147200,1778154728000-632578958264631296-1478688867300147200,1778154728000,1778163829000,1,88.998,33.141,2.6854349597175706,632578958264631296,1778154728000,1478688867300147200,NL01AK3095,9101000,1778163829000,87.4923792204353,88.998,2.5,33.14105273501337,2.6854306865748425,33.14105273501337,1778154728000-632578958264631296-1478688867300147200,94.25,,,,
848986467664396288,1778114982000-632578958264631296-848986467664396288,1778114982000,1778121830000,1,88.851,28.748,3.090684569361347,632578958264631296,1778114982000,848986467664396288,RJ47GA3067,6848000,1778121830000,75.8956169083336,88.851,1.8500000000003638,28.74833973800515,3.0906480447126294,28.74833973800515,1778114982000-632578958264631296-848986467664396288,98.27999999996973,['900758004201160714'],,900758004201160714,
1500136074981146624,1778155833000-632578958264631296-1500136074981146624,1778155833000,1778164481000,1,88.801,19.128,4.6424613132580514,632578958264631296,1778155833000,1500136074981146624,NL01AK3122,8648000,1778164481000,50.49672411821929,88.801,2.3500000000000227,19.127547014477003,4.642571257714828,19.127547014477003,1778155833000-632578958264631296-1500136074981146624,92.0,,,,
1148896718033518592,1778161078000-632578958264631296-1148896718033518592,1778161078000,1778169916000,1,88.709,23.628,3.7544015574741834,632578958264631296,1778161078000,1148896718033518592,RJ47GA6420,8838000,1778169916000,62.37740249549803,88.709,0.0,23.627803975567435,3.754432705287822,23.627803975567435,1778161078000-632578958264631296-1148896718033518592,90.60000000000582,,,,
1535704124731949056,1778117720000-632578958264631296-1535704124731949056,1778117720000,1778127303000,1,88.681,36.765,2.4121039031687745,632578958264631296,1778117720000,1535704124731949056,NL01AK7898,9583000,1778127303000,97.06078572398457,88.681,2.650000000000034,36.76544913787294,2.41207443617621,36.76544913787294,1778117720000-632578958264631296-1535704124731949056,91.81500000000051,,,,
790193276584984576,1778151389000-632578958264631296-790193276584984576,1778151389000,1778159021000,1,88.674,23.303,3.805261125177016,632578958264631296,1778151389000,790193276584984576,RJ47GA2477,7632000,1778159021000,61.51940607125893,88.674,2.0499999999992724,23.30280533002232,3.805292914057703,23.30280533002232,1778151389000-632578958264631296-790193276584984576,99.3300000000163,['841055114193010688'],,841055114193010688,
946027472992862208,1778151915000-632578958264631296-946027472992862208,1778151915000,1778159098000,1,88.593,17.056,5.1942424953095685,632578958264631296,1778151915000,946027472992862208,RJ47GA3474,7183000,1778159098000,45.02681467042324,88.593,1.9499999999989086,17.05561161758456,5.194360776171724,17.05561161758456,1778151915000-632578958264631296-946027472992862208,95.375,,,,
787325260482478080,1778113820000-632578958264631296-787325260482478080,1778113820000,1778123868000,1,88.144,38.763,2.27392100714599,632578958264631296,1778113820000,787325260482478080,RJ47GA3074,10048000,1778123868000,102.33437827006145,88.144,2.75,38.76302207199297,2.2739197123561152,38.76302207199297,1778113820000-632578958264631296-787325260482478080,99.65000000002328,['900758004201160724'],,900758004201160724,
792451146961649664,1778130951000-632578958264631296-792451146961649664,1778130951000,1778138001000,1,88.118,25.432,3.4648474363007233,632578958264631296,1778130951000,792451146961649664,RJ47GA2227,7050000,1778138001000,67.14117727042705,88.118,1.8999999999996362,25.432264117586005,3.4648114533801104,25.432264117586005,1778130951000-632578958264631296-792451146961649664,98.9100000000326,['900758004180189185'],,900758004180189185,
1396881703661731840,1778150341000-632578958264631296-1396881703661731840,1778150341000,1778160610000,1,87.969,31.721,2.7732101762239525,632578958264631296,1778150341000,1396881703661731840,NL01AJ6921,10269000,1778160610000,83.74396250447617,87.969,2.75,31.721197918362186,2.7731928733081705,31.72119791836219,1778150341000-632578958264631296-1396881703661731840,93.0,,,,
1489984398731247616,1778166935000-632578958264631296-1489984398731247616,1778166935000,1778176657000,1,87.795,35.63,2.464075217513331,632578958264631296,1778166935000,1489984398731247616,Nl01AK8377,9722000,1778176657000,94.0632000000003,87.795,2.6499999999999773,35.63000000000011,2.464075217513324,35.63000000000011,1778166935000-632578958264631296-1489984398731247616,89.8700000000008,,,,
1397607242391355392,1778131896000-632578958264631296-1397607242391355392,1778131896000,1778139763000,1,87.742,30.723,2.855905998763142,632578958264631296,1778131896000,1397607242391355392,NL01AJ6922,7867000,1778139763000,81.10881888442455,87.742,2.149999999999636,30.72303745622142,2.855902516963935,30.72303745622142,1778131896000-632578958264631296-1397607242391355392,89.25,,,,
1286311379313098752,1778111418000-632578958264631296-1286311379313098752,1778111418000,1778118214000,1,87.69,26.627,3.293273744695234,632578958264631296,1778111418000,1286311379313098752,RJ47GA3711,6796000,1778118214000,70.29545215221056,87.69,1.8500000000003638,26.627065209170667,3.293265679531162,26.627065209170667,1778111418000-632578958264631296-1286311379313098752,95.375,,,,
1422205425331208192,1778153930000-632578958264631296-1422205425331208192,1778153930000,1778163670000,1,87.668,35.527,2.4676443268500017,632578958264631296,1778153930000,1422205425331208192,NL01AJ9003,9740000,1778163670000,93.7912861804696,87.668,2.650000000000091,35.52700234108697,2.467644164242137,35.52700234108697,1778153930000-632578958264631296-1422205425331208192,92.875,,,,
1294704486559776768,1778118021000-632578958264631296-1294704486559776768,1778118021000,1778126712000,1,87.552,32.417,2.700805133109171,632578958264631296,1778118021000,1294704486559776768,NL01AH7659,8691000,1778126712000,85.58067140820047,87.552,2.350000000000364,32.416920987954725,2.7008117159717924,32.416920987954725,1778118021000-632578958264631296-1294704486559776768,89.125,,,,
798236529196531712,1778154842000-632578958264631296-798236529196531712,1778154842000,1778161886000,1,87.349,16.345,5.344080758641787,632578958264631296,1778154842000,798236529196531712,RJ47GA3075,7044000,1778161886000,43.1497781711828,87.349,1.8999999999996362,16.344612943629848,5.3442073116845155,16.344612943629848,1778154842000-632578958264631296-798236529196531712,97.3399999999674,['900758004205355009'],,900758004205355009,
1406586595699589120,1778147417000-632578958264631296-1406586595699589120,1778147417000,1778156040000,1,87.211,38.922,2.2406608087970814,632578958264631296,1778147417000,1406586595699589120,NL01AJ7423,8623000,1778156040000,102.75437673614414,87.211,2.349999999999909,38.922112400054594,2.2406543381719866,38.922112400054594,1778147417000-632578958264631296-1406586595699589120,92.32000000000698,,,,
1083019060351860736,1778125212000-632578958264631296-1083019060351860736,1778125212000,1778133399000,1,87.191,30.236,2.883681703929091,632578958264631296,1778125212000,1083019060351860736,RJ47GA5912,8187000,1778133399000,79.82395461797186,87.191,0.0,30.236346446201463,2.883648662881148,30.236346446201463,1778125212000-632578958264631296-1083019060351860736,92.19999999998254,,,,
1476549765217910784,1778113870000-632578958264631296-1476549765217910784,1778113870000,1778122008000,1,86.936,29.18,2.9793008910212477,632578958264631296,1778113870000,1476549765217910784,NL01AK3042,8138000,1778122008000,77.0349623425096,86.936,2.25,29.179909978223332,2.979310082343621,29.179909978223332,1778113870000-632578958264631296-1476549765217910784,91.75,,,,
1083727986517082112,1778116880000-632578958264631296-1083727986517082112,1778116880000,1778124441000,1,86.877,31.229,2.781933459284639,632578958264631296,1778116880000,1083727986517082112,RJ47GA6315,7561000,1778124441000,82.44350418596935,86.877,2.050000000000182,31.22860007044293,2.78196908615916,31.22860007044293,1778116880000-632578958264631296-1083727986517082112,91.5,,,,
1083729038846984192,1778169783000-632578958264631296-1083729038846984192,1778169783000,1778181047000,1,86.854,47.777,1.8179040123908994,632578958264631296,1778169783000,1083729038846984192,RJ47GA6358,11264000,1778181047000,126.13161460367961,86.854,3.0999999999994543,47.77712674381803,1.8178991898301669,47.77712674381803,1778169783000-632578958264631296-1083729038846984192,90.89999999999418,,,,
1536014535985463296,1778116869000-632578958264631296-1536014535985463296,1778116869000,1778124280000,1,86.772,28.784,3.0145914396887163,632578958264631296,1778116869000,1536014535985463296,NL01AK8375,7411000,1778124280000,75.98917150055033,86.772,2.0,28.78377708354179,3.0146147862441297,28.78377708354179,1778116869000-632578958264631296-1536014535985463296,89.17500000000018,,,,
1467925946630668288,1778129486000-632578958264631296-1467925946630668288,1778129486000,1778138121000,1,86.7,23.269,3.7259873651639523,632578958264631296,1778129486000,1467925946630668288,RJ47GA5320,8635000,1778138121000,61.42887616827505,86.70000000001164,2.350000000000364,23.268513700104187,3.7260652363723357,23.268513700104187,1778129486000-632578958264631296-1467925946630668288,86.70000000001164,,,,
1545823852121030656,1778125528000-632578958264631296-1545823852121030656,1778125528000,1778133295000,1,86.207,31.215,2.761717123177959,632578958264631296,1778125528000,1545823852121030656,NL01AK8996,7767000,1778133295000,82.40853400676514,86.207,2.1499999999999986,31.215353790441338,2.761685822263466,31.21535379044134,1778125528000-632578958264631296-1545823852121030656,89.20000000000005,,,,
1131631502098956288,1778131670000-632578958264631296-1131631502098956288,1778131670000,1778140505000,1,86.185,25.417,3.390840775858677,632578958264631296,1778131670000,1131631502098956288,RJ47GA6180,8835000,1778140505000,67.10129920908636,86.185,0.0,25.417158791320592,3.390819591898301,25.417158791320592,1778131670000-632578958264631296-1131631502098956288,92.5,,,,
1070334753032372224,1778159156000-632578958264631296-1070334753032372224,1778159156000,1778165794000,1,86.096,35.731,2.409560325767541,632578958264631296,1778159156000,1070334753032372224,RJ47GA4000,6638000,1778165794000,94.3289824718763,86.096,0.1999999999989086,35.73067517874102,2.409582230654999,35.73067517874102,1778159156000-632578958264631296-1070334753032372224,86.25,['1096406669480427549'],,,
1363836271826305024,1778135766000-632578958264631296-1363836271826305024,1778135766000,1778143794000,1,86.074,30.104,2.859221365931438,632578958264631296,1778135766000,1363836271826305024,NL01AJ4205,8028000,1778143794000,79.47484176335217,86.074,2.199999999999818,30.10410672854249,2.859211229090913,30.10410672854249,1778135766000-632578958264631296-1363836271826305024,88.5,,,,
848986467664396288,1778144815000-632578958264631296-848986467664396288,1778144815000,1778151008000,1,85.938,21.676,3.9646613766377565,632578958264631296,1778144815000,848986467664396288,RJ47GA3067,6193000,1778151008000,57.22471582254245,85.938,1.6500000000014552,21.676028720660018,3.9646561234757054,21.676028720660018,1778144815000-632578958264631296-848986467664396288,95.7599999999511,['900758004201160714'],,900758004201160714,
1046836268442320896,1778124620000-632578958264631296-1046836268442320896,1778124620000,1778131622000,1,85.855,32.91,2.6087815253722275,632578958264631296,1778124620000,1046836268442320896,RJ47GA2748,7002000,1778131622000,86.88307008374304,85.855,1.8999999999996362,32.91025381959963,2.608761405202814,32.91025381959963,1778124620000-632578958264631296-1046836268442320896,85.625,,,,
784445514740400128,1778116975000-632578958264631296-784445514740400128,1778116975000,1778123861000,1,85.841,26.0,3.3015769230769227,632578958264631296,1778116975000,784445514740400128,RJ47GA3182,6886000,1778123861000,68.64,85.841,1.8499999999994543,26.0,3.3015769230769227,26.0,1778116975000-632578958264631296-784445514740400128,97.02000000001863,,,,
787325260482478080,1778155344000-632578958264631296-787325260482478080,1778155344000,1778163400000,1,85.799,28.688,2.9907626882320137,632578958264631296,1778155344000,787325260482478080,RJ47GA3074,8056000,1778163400000,75.73694595409299,85.799,2.1999999999989086,28.6882371038231,2.9907379700429946,28.6882371038231,1778155344000-632578958264631296-787325260482478080,97.65000000002328,['900758004201160724'],,900758004201160724,
866686329780436992,1778173268000-632578958264631296-866686329780436992,1778173268000,1778186727000,1,85.736,22.407,3.8263042799125273,632578958264631296,1778173268000,866686329780436992,RJ47GA4408,13459000,1778186727000,59.15397742915005,85.736,3.6999999999989086,22.406809632253808,3.826336788106865,22.406809632253808,1778173268000-632578958264631296-866686329780436992,88.29999999998836,,,,0.0
1049341310072258560,1778114840000-632578958264631296-1049341310072258560,1778114840000,1778123127000,1,85.679,33.858,2.530539311241066,632578958264631296,1778114840000,1049341310072258560,RJ47GA3322,8287000,1778123127000,89.38423104228302,85.679,2.25,33.85766327359205,2.5305644783474177,33.85766327359205,1778114840000-632578958264631296-1049341310072258560,87.125,,,,
1363836271826305024,1778110028000-632578958264631296-1363836271826305024,1778110028000,1778118978000,1,85.657,33.117,2.5864963613853913,632578958264631296,1778110028000,1363836271826305024,NL01AJ4205,8950000,1778118978000,87.42916307203353,85.657,2.450000000000273,33.11710722425512,2.58648798700825,33.11710722425512,1778110028000-632578958264631296-1363836271826305024,88.25,,,,
1046836268442320896,1778116806000-632578958264631296-1046836268442320896,1778116806000,1778123898000,1,85.527,31.421,2.7219693835333056,632578958264631296,1778116806000,1046836268442320896,RJ47GA2748,7092000,1778123898000,82.95053922348526,85.527,1.8999999999996362,31.42065879677472,2.7219989419438657,31.420658796774717,1778116806000-632578958264631296-1046836268442320896,85.5,,,,
1067775149379420160,1778165616000-632578958264631296-1067775149379420160,1778165616000,1778176172000,1,85.054,41.338,2.0575257632202817,632578958264631296,1778165616000,1067775149379420160,RJ14GN1580,10556000,1778176172000,109.13349816051495,85.054,0.0,41.338446272922326,2.0575035510154724,41.338446272922326,1778165616000-632578958264631296-1067775149379420160,88.70000000001164,,,,
1112389405491855360,1778162336000-632578958264631296-1112389405491855360,1778162336000,1778170218000,1,85.043,26.566,3.2011970187457655,632578958264631296,1778162336000,1112389405491855360,RJ47GA3734,7882000,1778170218000,70.13346483591386,85.043,2.149999999999636,26.565706377240094,3.2012324006132866,26.565706377240094,1778162336000-632578958264631296-1112389405491855360,86.75,,,,
1093476797997121536,1778144479000-632578958264631296-1093476797997121536,1778144479000,1778154302000,1,84.981,29.879,2.8441714916831216,632578958264631296,1778144479000,1093476797997121536,RJ47GA5979,9823000,1778154302000,78.87954430871777,84.981,2.699999999999818,29.878615268453697,2.844208114615146,29.878615268453693,1778144479000-632578958264631296-1093476797997121536,87.85000000000582,,,,
1489984398731247616,1778131637000-632578958264631296-1489984398731247616,1778131637000,1778139168000,1,84.679,28.4,2.981654929577465,632578958264631296,1778131637000,1489984398731247616,Nl01AK8377,7531000,1778139168000,74.97600000000024,84.679,2.0500000000000114,28.40000000000009,2.9816549295774553,28.40000000000009,1778131637000-632578958264631296-1489984398731247616,86.65499999999884,,,,
1083729116835872768,1778162452000-632578958264631296-1083729116835872768,1778162452000,1778172248000,1,84.628,39.02,2.168836494105587,632578958264631296,1778162452000,1083729116835872768,RJ47GA6361,9796000,1778172248000,103.0133200784082,84.628,2.7000000000007276,39.020196999397044,2.1688255444048044,39.020196999397044,1778162452000-632578958264631296-1083729116835872768,90.60000000000582,,,,
1405177997576634368,1778127068000-632578958264631296-1405177997576634368,1778127068000,1778136457000,1,84.559,25.375,3.332374384236453,632578958264631296,1778127068000,1405177997576634368,NL01AJ7420,9389000,1778136457000,66.99113966259175,84.559,2.550000000000182,25.375431690375663,3.3323176934196295,25.375431690375663,1778127068000-632578958264631296-1405177997576634368,89.76499999999942,,,,
1083729038846984192,1778129178000-632578958264631296-1083729038846984192,1778129178000,1778137219000,1,84.473,32.001,2.6396987594137684,632578958264631296,1778129178000,1083729038846984192,RJ47GA6358,8041000,1778137219000,84.48150498024398,84.473,2.199999999999818,32.000570068274236,2.639734224102076,32.000570068274236,1778129178000-632578958264631296-1083729038846984192,88.89999999999418,,,,
997896292355014656,1778129114000-632578958264631296-997896292355014656,1778129114000,1778136552000,1,84.42,26.497,3.18602105898781,632578958264631296,1778129114000,997896292355014656,RJ47GA5837,7438000,1778136552000,69.9521653359941,84.42,2.0,26.497032324240184,3.186017172299343,26.497032324240188,1778129114000-632578958264631296-997896292355014656,88.39999999999418,,,,
1073277847704961024,1778115771000-632578958264631296-1073277847704961024,1778115771000,1778122922000,1,84.311,26.774,3.1489878240083664,632578958264631296,1778115771000,1073277847704961024,RJ47GA3542,7151000,1778122922000,70.6832149640211,84.311,1.9500000000007276,26.773945062129204,3.148994285465048,26.773945062129204,1778115771000-632578958264631296-1073277847704961024,89.625,,,,
1176582451024101376,1778152507000-632578958264631296-1176582451024101376,1778152507000,1778159417000,1,84.124,25.687,3.2749639895667064,632578958264631296,1778152507000,1176582451024101376,RJ47GA6342,6910000,1778159417000,67.81368000001414,84.124,1.8999999999996362,25.687000000005355,3.274963989566024,25.687000000005355,1778152507000-632578958264631296-1176582451024101376,88.60000000000582,,,,
947581389623001088,1778167943000-632578958264631296-947581389623001088,1778167943000,1778177088000,1,83.932,47.48,1.7677337826453245,632578958264631296,1778167943000,947581389623001088,RJ47GA3601,9145000,1778177088000,125.34847758040446,83.932,2.5,47.480483931971385,1.7677157654975728,47.480483931971385,1778167943000-632578958264631296-947581389623001088,90.0,,,,
1067765247101632512,1778127046000-632578958264631296-1067765247101632512,1778127046000,1778136804000,1,83.888,28.789,2.9138907221508217,632578958264631296,1778127046000,1067765247101632512,RJ47GA6282,9758000,1778136804000,76.00198751155996,83.888,0.0,28.78863163316665,2.9139280070315943,28.787158915656008,1778127046000-632578958264631296-1067765247101632512,88.39999999999418,,,,
1157003119578578944,1778177996000-632578958264631296-1157003119578578944,1778177996000,1778186097000,1,83.786,19.263,4.34958210039973,632578958264631296,1778177996000,1157003119578578944,RJ47GA6242,8101000,1778186097000,50.85384901929388,83.786,2.199999999999818,19.26282159821738,4.349622383864768,19.26282159821738,1778177996000-632578958264631296-1157003119578578944,86.0,,,,
1131239476161413120,1778125815000-632578958264631296-1131239476161413120,1778125815000,1778133079000,1,83.615,25.669,3.2574311426233975,632578958264631296,1778125815000,1131239476161413120,RJ47GA6182,7264000,1778133079000,67.76573048860199,83.615,1.949999999999818,25.668837306288633,3.2574517888083334,25.668837306288633,1778125815000-632578958264631296-1131239476161413120,89.20000000001164,,,,
943859348893859840,1778125823000-632578958264631296-943859348893859840,1778125823000,1778133105000,1,83.615,24.279,3.44392273157873,632578958264631296,1778125823000,943859348893859840,RJ47GA1998,7282000,1778133105000,64.09531598883855,83.615,2.0,24.278528783650966,3.4439895738783766,24.278528783650966,1778125823000-632578958264631296-943859348893859840,87.25,,,,
1060533930890887168,1778130376000-632578958264631296-1060533930890887168,1778130376000,1778137476000,1,83.6,28.375,2.9462555066079292,632578958264631296,1778130376000,1060533930890887168,RJ47GA5615,7100000,1778137476000,74.90996311368346,83.60000000000582,1.949999999999818,28.3749860279104,2.946256957369939,28.3749860279104,1778130376000-632578958264631296-1060533930890887168,83.60000000000582,,,,
947091862986948608,1778149481000-632578958264631296-947091862986948608,1778149481000,1778156513000,1,83.547,17.255,4.84190089829035,632578958264631296,1778149481000,947091862986948608,RJ47GA3376,7032000,1778156513000,45.552331664712945,83.547,1.8999999999996362,17.254671085118538,4.841993196384713,11.635306266776732,1778149481000-632578958264631296-947091862986948608,88.625,,,,
902974583798235136,1778159423000-632578958264631296-902974583798235136,1778159423000,1778168768000,1,83.413,18.344,4.547154382904491,632578958264631296,1778159423000,902974583798235136,RJ47GA2140,9345000,1778168768000,48.42947185735629,83.413,2.5499999999992724,18.34449691566526,4.547031209603222,15.982372560449834,1778159423000-632578958264631296-902974583798235136,55.0,,,,
1093087738300727296,1778151386000-632578958264631296-1093087738300727296,1778151386000,1778159189000,1,83.125,25.924,3.2064881962660086,632578958264631296,1778151386000,1093087738300727296,RJ47GA5977,7803000,1778159189000,68.43843986700674,83.125,2.149999999999636,25.92365146477528,3.2065313064769896,25.92365146477528,1778151386000-632578958264631296-1093087738300727296,85.93499999999767,,,,
1068875501654769664,1778143127000-632578958264631296-1068875501654769664,1778143127000,1778150549000,1,83.124,17.66,4.706908267270668,632578958264631296,1778143127000,1068875501654769664,RJ47GA3881,7422000,1778150549000,46.62131801984556,83.124,2.050000000000182,17.65959015903241,4.707017504451217,15.532739646049368,1778143127000-632578958264631296-1068875501654769664,83.75,,,,
1082303861131051008,1778124887000-632578958264631296-1082303861131051008,1778124887000,1778132346000,1,82.878,21.826,3.797214331531201,632578958264631296,1778124887000,1082303861131051008,RJ47GA5902,7459000,1778132346000,57.61980738517308,82.878,2.0,21.825684615595865,3.7972692018457144,21.825684615595865,1778124887000-632578958264631296-1082303861131051008,88.20000000001164,,,,
1083728870357598208,1778118477000-632578958264631296-1083728870357598208,1778118477000,1778127646000,1,82.714,39.758,2.080436641682177,632578958264631296,1778118477000,1083728870357598208,RJ47GA6364,9169000,1778127646000,104.9606100481321,82.714,2.5,39.75780683641367,2.0804467494983476,39.75780683641367,1778118477000-632578958264631296-1083728870357598208,88.10000000000582,,,,
932612842287267840,1778110760000-632578958264631296-932612842287267840,1778110760000,1778118984000,1,82.573,23.751,3.4766115110942692,632578958264631296,1778110760000,932612842287267840,RJ47GA4652,8224000,1778118984000,62.703934550342986,82.573,1.300000000000182,23.7514903599784,3.476539734918558,23.7514903599784,1778110760000-632578958264631296-932612842287267840,,,,,
997896292355014656,1778111361000-632578958264631296-997896292355014656,1778111361000,1778119235000,1,82.496,29.404,2.8056046796354237,632578958264631296,1778111361000,997896292355014656,RJ47GA5837,7874000,1778119235000,77.62677531913651,82.496,2.149999999999636,29.40408156027898,2.805596897521913,29.40408156027898,1778111361000-632578958264631296-997896292355014656,85.75,,,,
1067763553357791232,1778131491000-632578958264631296-1067763553357791232,1778131491000,1778139922000,1,82.438,30.787,2.6776886348133955,632578958264631296,1778131491000,1067763553357791232,RJ47GA6214,8431000,1778139922000,81.27824762535091,82.438,0.0,30.787215009602615,2.6776699345584642,30.787215009602615,1778131491000-632578958264631296-1067763553357791232,88.10000000000582,,,,
946029440482148352,1778159608000-632578958264631296-946029440482148352,1778159608000,1778167439000,1,82.401,21.175,3.891428571428571,632578958264631296,1778159608000,946029440482148352,RJ47GA3752,7831000,1778167439000,55.90138867605715,82.401,2.149999999999636,21.174768437900436,3.8914711271416573,21.174768437900436,1778159608000-632578958264631296-946029440482148352,90.25,,,,
915980150607183872,1778161797000-632578958264631296-915980150607183872,1778161797000,1778169531000,1,82.383,20.239,4.070507436138149,632578958264631296,1778161797000,915980150607183872,RJ47GA2138,7734000,1778169531000,53.43146662721048,82.383,2.100000000000364,20.239191904246393,4.070468840345112,20.239191904246397,1778161797000-632578958264631296-915980150607183872,79.625,,,,
1471164933021368320,1778148407000-632578958264631296-1471164933021368320,1778148407000,1778156645000,1,82.216,27.244,3.017765379533108,632578958264631296,1778148407000,1471164933021368320,NL01AK2622,8238000,1778156645000,71.92429267741028,82.216,2.25,27.2440502565948,3.017759812717218,27.2440502565948,1778148407000-632578958264631296-1471164933021368320,86.625,,,,
870568761881526272,1778108350000-632578958264631296-870568761881526272,1778108350000,1778114675000,1,82.121,25.021,3.2820830502378,632578958264631296,1778108350000,870568761881526272,RJ47GA4522,6325000,1778114675000,66.0554400000017,82.121,1.6999999999989086,25.02100000000064,3.282083050237716,25.02100000000064,1778108350000-632578958264631296-870568761881526272,86.10000000003492,,,,1.6305056651295122
870575606247456768,1778161860000-632578958264631296-870575606247456768,1778161860000,1778169148000,1,82.105,21.199,3.8730600500023584,632578958264631296,1778161860000,870575606247456768,RJ47GA4668,7288000,1778169148000,55.96561463231356,82.105,1.8999999999996362,21.199096451633924,3.8730424283565044,21.199096451633924,1778161860000-632578958264631296-870575606247456768,85.30000000004657,,,,1.1892555608775002
1112389405491855360,1778108193000-632578958264631296-1112389405491855360,1778108193000,1778115379000,1,82.093,27.247,3.0129188534517564,632578958264631296,1778108193000,1112389405491855360,RJ47GA3734,7186000,1778115379000,71.93294044067522,82.093,1.9500000000007276,27.247325924498192,3.01288281380265,27.247325924498192,1778108193000-632578958264631296-1112389405491855360,84.375,,,,
959434235414839296,1778131122000-632578958264631296-959434235414839296,1778131122000,1778138613000,1,82.076,18.245,4.498547547273225,632578958264631296,1778131122000,959434235414839296,RJ47GA4862,7491000,1778138613000,48.16805474503582,82.076,2.050000000000182,18.245475282210535,4.498430363171995,16.024645023603806,1778131122000-632578958264631296-959434235414839296,83.90000000002328,,,,
1091761897729949696,1778148489000-632578958264631296-1091761897729949696,1778148489000,1778156549000,1,81.915,35.484,2.308505241799121,632578958264631296,1778148489000,1091761897729949696,RJ47GA3662,8060000,1778156549000,93.67695251891932,81.915,2.2000000000007276,35.48369413595429,2.308525140763138,35.48369413595429,1778148489000-632578958264631296-1091761897729949696,89.25,,,,
848986467664396288,1778126305000-632578958264631296-848986467664396288,1778126305000,1778132672000,1,81.814,28.808,2.839975006942516,632578958264631296,1778126305000,848986467664396288,RJ47GA3067,6367000,1778132672000,76.05262363827997,81.814,1.6999999999989086,28.807811984196956,2.8399935421989193,28.807811984196956,1778126305000-632578958264631296-848986467664396288,90.20000000001164,['900758004201160714'],,900758004201160714,
1064527564812320768,1778167466000-632578958264631296-1064527564812320768,1778167466000,1778175048000,1,81.778,31.4,2.6043949044585992,632578958264631296,1778167466000,1064527564812320768,RJ47GA3509,7582000,1778175048000,82.89730908050207,81.778,2.100000000000364,31.40049586382654,2.6043537769162586,31.40049586382654,1778167466000-632578958264631296-1064527564812320768,88.125,,,,
959434235414839296,1778116748000-632578958264631296-959434235414839296,1778116748000,1778123501000,1,81.771,17.162,4.764654469176087,632578958264631296,1778116748000,959434235414839296,RJ47GA4862,6753000,1778123501000,45.307803910045834,81.771,1.8500000000003638,17.162046935623422,4.764641438560989,17.162046935623422,1778116748000-632578958264631296-959434235414839296,83.80000000004657,,,,
938815830156640256,1778141118000-632578958264631296-938815830156640256,1778141118000,1778149316000,1,81.5,33.126,2.460303085189881,632578958264631296,1778141118000,938815830156640256,RJ47GA4710,8198000,1778149316000,87.45243201375666,81.5,2.2000000000007276,33.12592121733207,2.4603089364759385,33.12592121733207,1778141118000-632578958264631296-938815830156640256,85.0,['1015966621438574603'],,,
877447351826907136,1778116743000-632578958264631296-877447351826907136,1778116743000,1778123613000,1,81.491,22.642,3.5991078526631926,632578958264631296,1778116743000,877447351826907136,RJ14GN1571,6870000,1778123613000,59.776061946899674,81.491,1.8000000000010914,22.642447707158965,3.5990366878151,22.642447707158965,1778116743000-632578958264631296-877447351826907136,84.29999999998836,,,,1.8647673161013518
902974583798235136,1778143389000-632578958264631296-902974583798235136,1778143389000,1778151568000,1,81.419,25.044,3.2510381728158437,632578958264631296,1778143389000,902974583798235136,RJ47GA2140,8179000,1778151568000,66.11601280670851,81.419,2.25,25.043944244965346,3.2510454105633895,25.043944244965346,1778143389000-632578958264631296-902974583798235136,53.625,,,,
1428366867084345344,1778110895000-632578958264631296-1428366867084345344,1778110895000,1778119892000,1,81.409,34.284,2.37454789406137,632578958264631296,1778110895000,1428366867084345344,NL01AJ9498,8997000,1778119892000,90.51049733642165,81.409,2.449999999999818,34.28427929409911,2.374528549999645,34.28427929409911,1778110895000-632578958264631296-1428366867084345344,84.25,,,,
1073277847704961024,1778162460000-632578958264631296-1073277847704961024,1778162460000,1778170829000,1,81.36,33.565,2.4239535230150455,632578958264631296,1778162460000,1073277847704961024,RJ47GA3542,8369000,1778170829000,88.61072141932222,81.36,2.2999999999992724,33.56466720428872,2.4239775566612574,33.56466720428872,1778162460000-632578958264631296-1073277847704961024,86.5,,,,
818154714091749376,1778143502000-632578958264631296-818154714091749376,1778143502000,1778151633000,1,81.32,28.345,2.8689363203386837,632578958264631296,1778143502000,818154714091749376,RJ47GA3069,8131000,1778151633000,74.83133850923406,81.32,2.2000000000007276,28.345203980770478,2.8689156745941173,28.345203980770478,1778143502000-632578958264631296-818154714091749376,91.97999999998137,['900758004201160718'],,900758004201160718,
882591537697914880,1778133888000-632578958264631296-882591537697914880,1778133888000,1778141670000,1,81.17,31.098,2.610135700045019,632578958264631296,1778133888000,882591537697914880,RJ47GA3907,7782000,1778141670000,82.09880557543454,81.17,2.099999999998545,31.09803241493732,2.6101329793781938,31.098032414937325,1778133888000-632578958264631296-882591537697914880,83.0,,,,
1071826388769570816,1778148027000-632578958264631296-1071826388769570816,1778148027000,1778154658000,1,80.937,15.301,5.289654270962682,632578958264631296,1778148027000,1071826388769570816,RJ47GA5528,6631000,1778154658000,40.39485185621841,80.937,1.7999999999992724,15.30108024856758,5.2896265286613975,12.78776488583559,1778148027000-632578958264631296-1071826388769570816,84.5,,,,
1073994678560358400,1778093100000-632578958264631296-1073994678560358400,1778093100000,1778100229000,1,80.905,31.161,2.5963544173807,632578958264631296,1778093100000,1073994678560358400,RJ47GA5628,7129000,1778100229000,82.26624365439538,80.905,1.9000000000005457,31.16145592969522,2.596316429583183,31.16145592969522,1778093100000-632578958264631296-1073994678560358400,85.20000000001164,,,,
1428031634325635072,1778113705000-632578958264631296-1428031634325635072,1778113705000,1778121168000,1,80.692,26.421,3.0540857651110858,632578958264631296,1778113705000,1428031634325635072,NL01AJ9500,7463000,1778121168000,69.7511721997937,80.692,2.050000000000182,26.420898560527917,3.0540974908609497,26.420898560527917,1778113705000-632578958264631296-1428031634325635072,83.125,,,,
1536014529144553472,1778117928000-632578958264631296-1536014529144553472,1778117928000,1778125490000,1,80.61,25.771,3.1279345000194017,632578958264631296,1778117928000,1536014529144553472,NL01AK8376,7562000,1778125490000,68.03647471683408,80.61,2.1000000000000227,25.771391938194725,3.127886929558167,25.771391938194725,1778117928000-632578958264631296-1536014529144553472,82.52000000000044,,,,
1050035941135089664,1778119093000-632578958264631296-1050035941135089664,1778119093000,1778125500000,1,80.607,28.824,2.7965237302248123,632578958264631296,1778119093000,1050035941135089664,RJ47GA5558,6407000,1778125500000,76.09548878048776,80.607,1.75,28.824048780487782,2.7965189975173192,28.824048780487782,1778119093000-632578958264631296-1050035941135089664,85.60000000000582,,,,
1134877765846171648,1778143725000-632578958264631296-1134877765846171648,1778143725000,1778152345000,1,80.589,23.369,3.4485429415037014,632578958264631296,1778143725000,1134877765846171648,RJ47GA6215,8620000,1778152345000,61.693114360922074,80.589,2.399999999999636,23.368603924591692,3.448601390996792,23.368603924591692,1778143725000-632578958264631296-1134877765846171648,86.0,,,,
1132636843020386304,1778135002000-632578958264631296-1132636843020386304,1778135002000,1778143806000,1,80.49,22.332,3.604245029554003,632578958264631296,1778135002000,1132636843020386304,RJ47GA4655,8804000,1778143806000,58.955222303028,80.49,2.399999999999636,22.33152359963182,3.604321919232015,22.33152359963182,1778135002000-632578958264631296-1132636843020386304,82.79999999998836,,,,
780085706063085568,1778147597000-632578958264631296-780085706063085568,1778147597000,1778154242000,1,80.46,23.585,3.4114903540385835,632578958264631296,1778147597000,780085706063085568,RJ47GA3335,6645000,1778154242000,62.26517520538715,80.46,1.8000000000010914,23.585293638404224,3.411447880766936,23.585293638404224,1778147597000-632578958264631296-780085706063085568,90.20000000001164,['900758004226326531'],,900758004226326531,
1363836271826305024,1778160860000-632578958264631296-1363836271826305024,1778160860000,1778168499000,1,80.366,31.026,2.590279120737446,632578958264631296,1778160860000,1363836271826305024,NL01AJ4205,7639000,1778168499000,81.90804003713676,80.366,2.050000000000182,31.02577274133968,2.5902980941041287,31.02577274133968,1778160860000-632578958264631296-1363836271826305024,82.75,,,,
952249131684855808,1778163443000-632578958264631296-952249131684855808,1778163443000,1778170786000,1,80.364,23.896,3.363073317710077,632578958264631296,1778163443000,952249131684855808,RJ47GA1379,7343000,1778170786000,63.08479540554106,80.364,0.0,23.89575583543222,3.3631076812744145,0.001,1778163443000-632578958264631296-952249131684855808,,,,,
944573988506435584,1778151216000-632578958264631296-944573988506435584,1778151216000,1778157322000,1,80.147,19.86,4.0355991943605245,632578958264631296,1778151216000,944573988506435584,RJ47GA3719,6106000,1778157322000,52.43113129182632,80.147,1.699999999999818,19.860277004479666,4.035542907177081,17.53347087650853,1778151216000-632578958264631296-944573988506435584,87.5,,,,
1462138214197231616,1778114462000-632578958264631296-1462138214197231616,1778114462000,1778122519000,1,80.092,19.783,4.048526512662386,632578958264631296,1778114462000,1462138214197231616,RJ47GA5984,8057000,1778122519000,52.22791629642024,80.092,2.25,19.783301627431907,4.048464786532036,19.783301627431907,1778114462000-632578958264631296-1462138214197231616,81.39999999999418,,,,
893821287409909760,1778112855000-632578958264631296-893821287409909760,1778112855000,1778123002000,1,80.051,23.82,3.3606633081444164,632578958264631296,1778112855000,893821287409909760,Rj14GH7541,10147000,1778123002000,62.88374517167854,80.051,0.0,23.819600443817627,3.360719680786133,0.001,1778112855000-632578958264631296-893821287409909760,,['900758004238909441'],,900758004238909441,
951563481520275456,1778094605000-632578958264631296-951563481520275456,1778094605000,1778102761000,1,80.047,23.819,3.360636466686259,632578958264631296,1778094605000,951563481520275456,RJ47GA1461,8156000,1778102761000,62.881173990598015,80.047,0.0,23.818626511590157,3.360689163208008,0.001,1778094605000-632578958264631296-951563481520275456,,,,,
947452563299500032,1778155038000-632578958264631296-947452563299500032,1778155038000,1778163245000,1,79.882,35.55,2.247032348804501,632578958264631296,1778155038000,947452563299500032,RJ47GA2721,8207000,1778163245000,93.85234999333836,79.882,2.25,35.55013257323423,2.2470239691917024,35.55013257323423,1778155038000-632578958264631296-947452563299500032,77.875,,,,
1064532839803912192,1778135456000-632578958264631296-1064532839803912192,1778135456000,1778142273000,1,79.524,19.085,4.166832591040084,632578958264631296,1778135456000,1064532839803912192,RJ47GA3903,6817000,1778142273000,50.38422871810729,79.524,1.8500000000003638,19.084935120495185,4.166846756245962,19.084935120495185,1778135456000-632578958264631296-1064532839803912192,80.5,,,,
946025653910634496,1778132279000-632578958264631296-946025653910634496,1778132279000,1778139601000,1,79.421,32.016,2.4806659170414798,632578958264631296,1778132279000,946025653910634496,RJ47GA3361,7322000,1778139601000,84.52306523638477,79.421,2.0,32.01631258953968,2.4806416971937084,32.01631258953968,1778132279000-632578958264631296-946025653910634496,84.5,,,,
1161574576161816576,1778115122000-632578958264631296-1161574576161816576,1778115122000,1778121753000,1,79.288,32.854,2.4133438850672673,632578958264631296,1778115122000,1161574576161816576,RJ47GA6225,6631000,1778121753000,86.73408377881603,79.288,1.75,32.85381961318789,2.413357135746034,32.85381961318789,1778115122000-632578958264631296-1161574576161816576,84.10000000000582,,,,
1540361293100220416,1778135513000-632578958264631296-1540361293100220416,1778135513000,1778141709000,1,79.098,28.277,2.797255720196626,632578958264631296,1778135513000,1540361293100220416,NL01AK8392,6196000,1778141709000,74.65235923983938,79.098,1.6999999999999886,28.27740880296946,2.7972152806198345,28.27740880296946,1778135513000-632578958264631296-1540361293100220416,80.76499999999942,,,,
1462138501628690432,1778125207000-632578958264631296-1462138501628690432,1778125207000,1778133525000,1,79.065,27.822,2.8418158291999136,632578958264631296,1778125207000,1462138501628690432,RJ47GA5314,8318000,1778133525000,73.45041869181175,79.065,2.2999999999992724,27.822128292352936,2.8418027251255054,27.822128292352936,1778125207000-632578958264631296-1462138501628690432,80.70000000001164,,,,
1070378226594873344,1778114665000-632578958264631296-1070378226594873344,1778114665000,1778121610000,1,79.044,30.611,2.5822090098330666,632578958264631296,1778114665000,1070378226594873344,RJ47GA3436,6945000,1778121610000,80.81201249847479,79.044,1.8499999999985448,30.61061079487681,2.5822418418788726,30.61061079487681,1778114665000-632578958264631296-1070378226594873344,80.875,,,,
1083727144086929408,1778150492000-632578958264631296-1083727144086929408,1778150492000,1778158930000,1,79.023,15.514,5.093657341755834,632578958264631296,1778150492000,1083727144086929408,RJ47GA6319,8438000,1778158930000,40.95675895567019,79.023,2.2999999999992724,15.513923846844769,5.093682344977589,15.513923846844767,1778150492000-632578958264631296-1083727144086929408,82.30000000001746,,,,
1083727289243402240,1778138397000-632578958264631296-1083727289243402240,1778138397000,1778146897000,1,78.882,29.024,2.7178197353914,632578958264631296,1778138397000,1083727289243402240,RJ47GA6320,8500000,1778146897000,76.62261587043987,78.882,2.300000000000182,29.023718132742374,2.7178461298179184,29.023718132742374,1778138397000-632578958264631296-1083727289243402240,84.09999999997672,,,,
1079095062366781440,1778133635000-632578958264631296-1079095062366781440,1778133635000,1778140675000,1,78.857,29.371,2.6848592148718122,632578958264631296,1778133635000,1079095062366781440,RJ47GA3439,7040000,1778140675000,77.54070119094614,78.857,1.9499999999989086,29.37147772384323,2.6848155459330303,29.37147772384323,1778133635000-632578958264631296-1079095062366781440,76.875,,,,
1396881232180019200,1778150474000-632578958264631296-1396881232180019200,1778150474000,1778159126000,1,78.838,14.618,5.393213845943357,632578958264631296,1778150474000,1396881232180019200,NL01AJ6926,8652000,1778159126000,38.59274326255523,78.838,2.349999999999909,14.618463357028496,5.393042898869053,14.618463357028496,1778150474000-632578958264631296-1396881232180019200,80.875,,,,
1060579746913452032,1778133662000-632578958264631296-1060579746913452032,1778133662000,1778140699000,1,78.789,26.597,2.9623265781855097,632578958264631296,1778133662000,1060579746913452032,RJ47GA3879,7037000,1778140699000,70.21504247333955,78.789,1.8999999999996362,26.596606997477103,2.962370350754657,26.596606997477103,1778133662000-632578958264631296-1060579746913452032,79.25,,,,
1268615116379652096,1778145305000-632578958264631296-1268615116379652096,1778145305000,1778153161000,1,78.744,35.019,2.248607898569348,632578958264631296,1778145305000,1268615116379652096,RJ47GA5518,7856000,1778153161000,92.44917704341769,78.744,2.1500000000005457,35.01862766796125,2.248631806666809,35.01862766796125,1778145305000-632578958264631296-1268615116379652096,81.79999999998836,,,,
1469693281720860672,1778139072000-632578958264631296-1469693281720860672,1778139072000,1778146361000,1,78.737,28.055,2.806522901443593,632578958264631296,1778139072000,1469693281720860672,RJ47GA4898,7289000,1778146361000,74.06419651319604,78.737,2.0,28.054619891362137,2.806560926681551,28.054619891362137,1778139072000-632578958264631296-1469693281720860672,81.0,['1497578727075217408'],,,
1385304935976927232,1778109622000-632578958264631296-1385304935976927232,1778109622000,1778118292000,1,78.649,31.655,2.4845679987363765,632578958264631296,1778109622000,1385304935976927232,NL01AJ5688,8670000,1778118292000,83.56853237595202,78.649,2.349999999999909,31.654747112103035,2.4845878478027377,31.65474711210303,1778109622000-632578958264631296-1385304935976927232,83.5,,,,
1464283595349688320,1778157331000-632578958264631296-1464283595349688320,1778157331000,1778164650000,1,78.599,30.394,2.586003816542739,632578958264631296,1778157331000,1464283595349688320,NL01AK1961,7319000,1778164650000,80.24117514427522,78.599,2.0,30.39438452434667,2.585971100584064,30.394384524346673,1778157331000-632578958264631296-1464283595349688320,80.625,,,,
940245549137788928,1778114500000-632578958264631296-940245549137788928,1778114500000,1778121595000,1,78.564,23.921,3.284310856569541,632578958264631296,1778114500000,940245549137788928,RJ47GA4673,7095000,1778121595000,63.15163067779305,78.564,1.9500000000007276,23.92107222643676,3.2843009400378684,23.92107222643676,1778114500000-632578958264631296-940245549137788928,81.80000000001746,,,,
1181865650805538816,1778095560000-632578958264631296-1181865650805538816,1778095560000,1778103128000,1,78.145,17.049,4.583553287582849,632578958264631296,1778095560000,1181865650805538816,RJ47GA6367,7568000,1778103128000,45.010085223648474,78.145,2.050000000000182,17.049274705927452,4.5834794352179475,17.049274705927452,1778095560000-632578958264631296-1181865650805538816,81.29999999998836,,,,
1536014550107684864,1778154178000-632578958264631296-1536014550107684864,1778154178000,1778161136000,1,78.06,17.732,4.402210692533274,632578958264631296,1778154178000,1536014550107684864,NL01AK9195,6958000,1778161136000,46.81353492353576,78.06,1.9000000000000057,17.732399592248395,4.402111490546572,17.732399592248395,1778154178000-632578958264631296-1536014550107684864,79.52999999999975,,,,
1396881232180019200,1778141748000-632578958264631296-1396881232180019200,1778141748000,1778149671000,1,77.915,14.155,5.504415400918404,632578958264631296,1778141748000,1396881232180019200,NL01AJ6926,7923000,1778149671000,37.369548910399395,77.915,2.150000000000091,14.155132163030073,5.504364007529081,14.155132163030073,1778141748000-632578958264631296-1396881232180019200,79.875,,,,
1479447378401427456,1778148296000-632578958264631296-1479447378401427456,1778148296000,1778154996000,1,77.911,29.033,2.6835325319464056,632578958264631296,1778148296000,1479447378401427456,NL01AK3096,6700000,1778154996000,76.64707959427969,77.911,1.7999999999999545,29.03298469480291,2.683533946613025,29.03298469480291,1778148296000-632578958264631296-1479447378401427456,78.0,,,,
1428033112889098240,1778148419000-632578958264631296-1428033112889098240,1778148419000,1778155333000,1,77.878,27.856,2.7957352096496266,632578958264631296,1778148419000,1428033112889098240,NL01AJ9497,6914000,1778155333000,73.53878364833702,77.878,1.8500000000001364,27.85559986679432,2.7957753691327114,27.85559986679432,1778148419000-632578958264631296-1428033112889098240,80.125,,,,
1131239834900234240,1778160431000-632578958264631296-1131239834900234240,1778160431000,1778168058000,1,77.772,28.258,2.752211763040555,632578958264631296,1778160431000,1131239834900234240,RJ47GA6181,7627000,1778168058000,74.60192572259919,77.772,2.0499999999992724,28.258305197954236,2.7521820383492184,28.258305197954236,1778160431000-632578958264631296-1131239834900234240,82.0,,,,
946032744595456000,1778122364000-632578958264631296-946032744595456000,1778122364000,1778128796000,1,77.738,26.431,2.9411675683856076,632578958264631296,1778122364000,946032744595456000,RJ47GA3516,6432000,1778128796000,69.77845008005136,77.738,1.75,26.431231090928545,2.9411418534598806,26.431231090928545,1778122364000-632578958264631296-946032744595456000,78.0,,,,
1536014529144553472,1778149165000-632578958264631296-1536014529144553472,1778149165000,1778156203000,1,77.725,23.093,3.365738535486944,632578958264631296,1778149165000,1536014529144553472,NL01AK8376,7038000,1778156203000,60.96474839320201,77.725,1.9499999999999886,23.09270772469773,3.3657811343133592,23.09270772469773,1778149165000-632578958264631296-1536014529144553472,79.54500000000007,,,,
1428366867084345344,1778121624000-632578958264631296-1428366867084345344,1778121624000,1778128230000,1,77.488,27.5,2.8177454545454546,632578958264631296,1778121624000,1428366867084345344,NL01AJ9498,6606000,1778128230000,72.60000000000001,77.488,1.849999999999909,27.5,2.8177454545454546,27.5,1778121624000-632578958264631296-1428366867084345344,80.125,,,,
1050037243114160128,1778154272000-632578958264631296-1050037243114160128,1778154272000,1778161863000,1,77.34,28.738,2.691210244275872,632578958264631296,1778154272000,1050037243114160128,RJ47GA5923,7591000,1778161863000,75.86904858003439,77.34,2.0999999999994543,28.738275977285753,2.691184400244755,28.738275977285753,1778154272000-632578958264631296-1050037243114160128,79.68499999999767,,,,
870309644059279360,1778132680000-632578958264631296-870309644059279360,1778132680000,1778138678000,1,77.281,16.21,4.767489204194941,632578958264631296,1778132680000,870309644059279360,RJ47GA4518,5998000,1778138678000,42.795035909012405,77.281,1.7000000000007276,16.21024087462591,4.767418362115082,16.21024087462591,1778132680000-632578958264631296-870309644059279360,80.5,,,,5.897102691096546
866686265431425024,1778114099000-632578958264631296-866686265431425024,1778114099000,1778120742000,1,77.196,23.157,3.3335924342531413,632578958264631296,1778114099000,866686265431425024,RJ47GA4451,6643000,1778120742000,61.134283158799505,77.196,1.8000000000010914,23.156925438939204,3.333603167810531,23.156925438939204,1778114099000-632578958264631296-866686265431425024,81.0,['900758004234715152'],,900758004234715152,1.3832743646045855
870568761881526272,1778157684000-632578958264631296-870568761881526272,1778157684000,1778165145000,1,77.16,28.436,2.713461808974539,632578958264631296,1778157684000,870568761881526272,RJ47GA4522,7461000,1778165145000,75.07092937114608,77.16,2.0,28.43595809513109,2.713465807688457,28.43595809513109,1778157684000-632578958264631296-870568761881526272,81.0,,,,0.0
929707161364201472,1778171722000-632578958264631296-929707161364201472,1778171722000,1778185611000,1,77.15,37.177,2.0752077897624877,632578958264631296,1778171722000,929707161364201472,RJ47GA3515,13889000,1778185611000,98.14797059432767,77.15,3.850000000000364,37.17726158876048,2.07519318806752,37.17726158876048,1778171722000-632578958264631296-929707161364201472,82.125,,,,
1061351650800697344,1778173003000-632578958264631296-1061351650800697344,1778173003000,1778179994000,1,77.048,15.075,5.1109784411276955,632578958264631296,1778173003000,1061351650800697344,RJ47GA3508,6991000,1778179994000,39.79829676422942,77.048,1.8999999999996362,15.075112410692961,5.110940330060087,15.075112410692963,1778173003000-632578958264631296-1061351650800697344,79.125,,,,
1076186718555602944,1778167595000-632578958264631296-1076186718555602944,1778167595000,1778175916000,1,76.828,34.081,2.2542765763915376,632578958264631296,1778167595000,1076186718555602944,RJ47GA2653,8321000,1778175916000,89.97308690344695,76.828,2.25,34.08071473615415,2.254295445233074,34.08071473615415,1778167595000-632578958264631296-1076186718555602944,74.5,,,,
1132636843020386304,1778115636000-632578958264631296-1132636843020386304,1778115636000,1778122799000,1,76.796,18.742,4.097534948244585,632578958264631296,1778115636000,1132636843020386304,RJ47GA4655,7163000,1778122799000,49.479679248062844,76.796,1.949999999999818,18.742302745478348,4.097468760530364,18.742302745478348,1778115636000-632578958264631296-1132636843020386304,79.10000000000582,,,,
939141093658722304,1778136800000-632578958264631296-939141093658722304,1778136800000,1778144168000,1,76.704,29.048,2.6405948774442303,632578958264631296,1778136800000,939141093658722304,RJ47GA3768,7368000,1778144168000,76.68586312743314,76.704,2.0499999999992724,29.047675427058007,2.640624382925663,29.047675427058007,1778136800000-632578958264631296-939141093658722304,87.75,,,,
893821287409909760,1778153116000-632578958264631296-893821287409909760,1778153116000,1778162087000,1,76.696,22.996,3.335188728474517,632578958264631296,1778153116000,893821287409909760,Rj14GH7541,8971000,1778162087000,60.71063532823773,76.696,0.0,22.996452775847622,3.335123062133789,0.001,1778153116000-632578958264631296-893821287409909760,,['900758004238909441'],,900758004238909441,
1061351650800697344,1778157703000-632578958264631296-1061351650800697344,1778157703000,1778165277000,1,76.533,16.183,4.729222023110672,632578958264631296,1778157703000,1061351650800697344,RJ47GA3508,7574000,1778165277000,42.72269790839559,76.533,2.100000000000364,16.18284011681651,4.72926874686664,14.18318536312657,1778157703000-632578958264631296-1061351650800697344,78.75,,,,
947094374120947712,1778131169000-632578958264631296-947094374120947712,1778131169000,1778139500000,1,76.465,21.325,3.585697538100821,632578958264631296,1778131169000,947094374120947712,RJ47GA3346,8331000,1778139500000,56.29715176030741,76.465,2.2999999999992724,21.32467869708614,3.5857515644748443,21.32467869708614,1778131169000-632578958264631296-947094374120947712,74.375,,,,
1120316721542987776,1778157505000-632578958264631296-1120316721542987776,1778157505000,1778164924000,1,76.308,17.093,4.46428362487568,632578958264631296,1778157505000,1120316721542987776,RJ47GA6411,7419000,1778164924000,45.126429319622424,76.308,2.0,17.093344439250917,4.464193667377129,12.244987029676766,1778157505000-632578958264631296-1120316721542987776,78.80000000001746,,,,
1073278104413143040,1778156535000-632578958264631296-1073278104413143040,1778156535000,1778163422000,1,76.089,25.768,2.952848494256442,632578958264631296,1778156535000,1073278104413143040,RJ47GA3367,6887000,1778163422000,68.02857806436545,76.089,1.8999999999996362,25.768400781956608,2.9528025679140546,25.768400781956604,1778156535000-632578958264631296-1073278104413143040,77.625,,,,
939546232131420160,1778130476000-632578958264631296-939546232131420160,1778130476000,1778138060000,1,76.062,38.374,1.9821233126596132,632578958264631296,1778130476000,939546232131420160,RJ14GN1567,7584000,1778138060000,101.3078814597501,76.062,2.0499999999992724,38.37419752263261,1.9821131101214455,38.37419752263261,1778130476000-632578958264631296-939546232131420160,78.39999999996508,,,,
1101156788989853696,1778163593000-632578958264631296-1101156788989853696,1778163593000,1778174007000,1,75.886,45.707,1.660270855667622,632578958264631296,1778163593000,1101156788989853696,RJ47GA3707,10414000,1778174007000,120.6671879346132,75.886,2.849999999998545,45.70726815705045,1.6602611151306448,45.70726815705045,1778163593000-632578958264631296-1101156788989853696,79.0,,,,
1094588896550846464,1778116368000-632578958264631296-1094588896550846464,1778116368000,1778123657000,1,75.719,16.439,4.606058762698461,632578958264631296,1778116368000,1094588896550846464,RJ47GA5976,7289000,1778123657000,43.400068600161006,75.719,1.949999999999818,16.43941992430341,4.605941106721163,16.43941992430341,1778116368000-632578958264631296-1094588896550846464,77.61999999999534,,,,
1484590862305329152,1778115717000-632578958264631296-1484590862305329152,1778115717000,1778122014000,1,75.707,25.524,2.9661103275348686,632578958264631296,1778115717000,1484590862305329152,NL01AK3094,6297000,1778122014000,67.3833073679544,75.707,1.75,25.523980063619092,2.9661126443171715,25.523980063619092,1778115717000-632578958264631296-1484590862305329152,80.0,,,,
882591537697914880,1778152641000-632578958264631296-882591537697914880,1778152641000,1778159571000,1,75.671,25.561,2.9604084347247763,632578958264631296,1778152641000,882591537697914880,RJ47GA3907,6930000,1778159571000,67.47992368852098,75.671,1.8999999999996362,25.560577154742795,2.960457408371124,25.560577154742795,1778152641000-632578958264631296-882591537697914880,76.25,,,,
1101157025884143616,1778144797000-632578958264631296-1101157025884143616,1778144797000,1778152870000,1,75.655,18.974,3.987298408348266,632578958264631296,1778144797000,1101157025884143616,RJ47GA5517,8073000,1778152870000,50.09051666534629,75.655,2.1999999999989086,18.973680555055413,3.9873655393572136,18.973680555055413,1778144797000-632578958264631296-1101157025884143616,78.29999999998836,,,,
1482772108667781120,1778155760000-632578958264631296-1482772108667781120,1778155760000,1778162091000,1,75.639,20.0,3.7819499999999997,632578958264631296,1778155760000,1482772108667781120,NL01AK3101,6331000,1778162091000,52.800000000000004,75.639,1.75,20.0,3.7819499999999997,20.0,1778155760000-632578958264631296-1482772108667781120,79.875,,,,
870309644059279360,1778124776000-632578958264631296-870309644059279360,1778124776000,1778131237000,1,75.607,22.238,3.3999010702401296,632578958264631296,1778124776000,870309644059279360,RJ47GA4518,6461000,1778131237000,58.70924990153462,75.607,1.6999999999989086,22.23835223542978,3.3998472188755136,22.23835223542978,1778124776000-632578958264631296-870309644059279360,79.0,,,,1.3115014102333225
1385588909638942720,1778127810000-632578958264631296-1385588909638942720,1778127810000,1778137736000,1,75.535,29.439,2.5658140561839735,632578958264631296,1778127810000,1385588909638942720,NL01AJ5690,9926000,1778137736000,77.71800097207856,75.535,2.699999999999818,29.438636731847936,2.565845717926303,29.438636731847936,1778127810000-632578958264631296-1385588909638942720,79.875,,,,
1060533930890887168,1778140285000-632578958264631296-1060533930890887168,1778140285000,1778147061000,1,75.447,24.376,3.095134558582212,632578958264631296,1778140285000,1060533930890887168,RJ47GA5615,6776000,1778147061000,64.35221928206379,75.447,1.8999999999996362,24.375840637145373,3.0951547937603974,24.375840637145373,1778140285000-632578958264631296-1060533930890887168,80.60000000000582,,,,
915980150607183872,1778128635000-632578958264631296-915980150607183872,1778128635000,1778136486000,1,75.321,19.893,3.786306741064696,632578958264631296,1778128635000,915980150607183872,RJ47GA2138,7851000,1778136486000,52.51703389152906,75.321,2.100000000000364,19.89281586800343,3.786341787898914,19.89281586800343,1778128635000-632578958264631296-915980150607183872,72.875,,,,
870575606247456768,1778128652000-632578958264631296-870575606247456768,1778128652000,1778136412000,1,75.261,23.687,3.1773124498670153,632578958264631296,1778128652000,870575606247456768,RJ47GA4668,7760000,1778136412000,62.53459149078217,75.261,2.100000000000364,23.68734526165991,3.1772661380427745,23.68734526165991,1778128652000-632578958264631296-870575606247456768,77.69999999995343,,,,1.3748576528297263
1176582451024101376,1778125424000-632578958264631296-1176582451024101376,1778125424000,1778131776000,1,75.062,23.031,3.259172419782033,632578958264631296,1778125424000,1176582451024101376,RJ47GA6342,6352000,1778131776000,60.80184000000707,75.062,1.6500000000005457,23.031000000002678,3.259172419781654,23.031000000002678,1778125424000-632578958264631296-1176582451024101376,77.79999999998836,,,,
1142833661045899264,1778100602000-632578958264631296-1142833661045899264,1778100602000,1778109619000,1,75.058,31.787,2.3612797684588043,632578958264631296,1778100602000,1142833661045899264,RJ47GA6293,9017000,1778109619000,83.91836898070845,75.058,2.4500000000007276,31.78726097754108,2.3612603820452276,31.78726097754108,1778100602000-632578958264631296-1142833661045899264,79.5,,,,
942469061864849408,1778139748000-632578958264631296-942469061864849408,1778139748000,1778147667000,1,75.048,31.681,2.3688646191723746,632578958264631296,1778139748000,942469061864849408,RJ47GA3637,7919000,1778147667000,83.63753997494825,75.048,2.149999999999636,31.680886354147063,2.368873116776802,31.680886354147063,1778139748000-632578958264631296-942469061864849408,69.875,,,,
1536014535985463296,1778170301000-632578958264631296-1536014535985463296,1778170301000,1778177854000,1,74.979,27.599,2.716728866987934,632578958264631296,1778170301000,1536014535985463296,NL01AK8375,7553000,1778177854000,72.8602614286797,74.979,2.1000000000000227,27.598583874499887,2.7167698292403304,27.598583874499887,1778170301000-632578958264631296-1536014535985463296,76.90999999999985,,,,
933392054296248320,1778157566000-632578958264631296-933392054296248320,1778157566000,1778165422000,1,74.956,24.889,3.011611555305557,632578958264631296,1778157566000,933392054296248320,RJ47GA4680,7856000,1778165422000,65.70609477277245,74.956,2.149999999999636,24.888672262413806,3.01165121263606,24.888672262413802,1778157566000-632578958264631296-933392054296248320,77.60000000000582,,,,
961239466377216000,1778149455000-632578958264631296-961239466377216000,1778149455000,1778157158000,1,74.887,21.747,3.443555432933278,632578958264631296,1778149455000,961239466377216000,RJ47GA2691,7703000,1778157158000,57.41086042495992,74.887,2.149999999999636,21.746538039757546,3.443628584149338,21.746538039757546,1778149455000-632578958264631296-961239466377216000,78.5,,,,
1545823852121030656,1778115849000-632578958264631296-1545823852121030656,1778115849000,1778122382000,1,74.862,24.346,3.0749199047071385,632578958264631296,1778115849000,1545823852121030656,NL01AK8996,6533000,1778122382000,64.27223228145887,74.862,1.75,24.34554253085563,3.0749776845235472,24.34554253085563,1778115849000-632578958264631296-1545823852121030656,77.71500000000015,,,,
966356141711818752,1778163753000-632578958264631296-966356141711818752,1778163753000,1778172527000,1,74.836,38.597,1.9389071689509547,632578958264631296,1778163753000,966356141711818752,RJ47GA4711,8774000,1778172527000,101.89677992567378,74.836,2.4500000000007276,38.59726512336128,1.9388938506605473,38.59726512336128,1778163753000-632578958264631296-966356141711818752,77.5,,,,
1067775063052255232,1778114717000-632578958264631296-1067775063052255232,1778114717000,1778121106000,1,74.67,24.695,3.023689005871634,632578958264631296,1778114717000,1067775063052255232,RJ47GA3725,6389000,1778121106000,65.19371595805148,74.67,1.75,24.694589378049805,3.023739283811363,24.694589378049805,1778114717000-632578958264631296-1067775063052255232,73.5,,,,
1486716779844599808,1778120865000-632578958264631296-1486716779844599808,1778120865000,1778129997000,1,74.586,33.169,2.248665923000392,632578958264631296,1778120865000,1486716779844599808,NL01AK3100,9132000,1778129997000,87.56673178844507,74.586,2.5,33.16921658653222,2.2486512397849134,33.16921658653222,1778120865000-632578958264631296-1486716779844599808,78.75,,,,
1478819140813717504,1778145312000-632578958264631296-1478819140813717504,1778145312000,1778152591000,1,74.567,23.035,3.237117429997829,632578958264631296,1778145312000,1478819140813717504,NL01AK3097,7279000,1778152591000,60.81371672528477,74.567,1.9500000000000455,23.035498759577564,3.237047340639714,23.035498759577564,1778145312000-632578958264631296-1478819140813717504,74.125,,,,
1067767771279917056,1778109250000-632578958264631296-1067767771279917056,1778109250000,1778118548000,1,74.564,23.726,3.142712635926831,632578958264631296,1778109250000,1067767771279917056,RJ47GA6234,9298000,1778118548000,62.636811799964356,74.564,2.600000000000364,23.726065075744074,3.142704016108815,23.726065075744074,1778109250000-632578958264631296-1067767771279917056,79.60000000000582,,,,
944571594812948480,1778121395000-632578958264631296-944571594812948480,1778121395000,1778129129000,1,74.372,16.081,4.624836763882843,632578958264631296,1778121395000,944571594812948480,RJ47GA2733,7734000,1778129129000,42.454470051118015,74.372,0.0,16.08123865572652,4.624768128387683,16.08123865572652,1778121395000-632578958264631296-944571594812948480,80.0,,,,
1462138501628690432,1778160494000-632578958264631296-1462138501628690432,1778160494000,1778167906000,1,74.213,21.965,3.378693375825176,632578958264631296,1778160494000,1462138501628690432,RJ47GA5314,7412000,1778167906000,57.988230694880016,74.213,2.0,21.965238899575763,3.3786566282888617,21.965238899575763,1778160494000-632578958264631296-1462138501628690432,75.89999999999418,,,,
944589217739046912,1778165695000-632578958264631296-944589217739046912,1778165695000,1778173489000,1,74.16,16.109,4.603637718045812,632578958264631296,1778165695000,944589217739046912,RJ47GA2631,7794000,1778173489000,42.52690658345263,74.16,2.100000000000364,16.108676736156298,4.603730102395447,16.108676736156298,1778165695000-632578958264631296-944589217739046912,,,,,
946025653910634496,1778149040000-632578958264631296-946025653910634496,1778149040000,1778156512000,1,73.94,24.527,3.0146369307294,632578958264631296,1778149040000,946025653910634496,RJ47GA3361,7472000,1778156512000,64.75093641510608,73.94,2.0500000000010914,24.526869854206847,3.0146529271576745,24.526869854206847,1778149040000-632578958264631296-946025653910634496,78.625,,,,
1097510484225032192,1778102587000-632578958264631296-1097510484225032192,1778102587000,1778111799000,1,73.904,24.438,3.0241427285375235,632578958264631296,1778102587000,1097510484225032192,RJ47GA3830,9212000,1778111799000,64.5158224208618,73.904,2.5500000000010914,24.43781152305371,3.024166052278525,24.43781152305371,1778102587000-632578958264631296-1097510484225032192,80.75,,,,
1067775063052255232,1778147763000-632578958264631296-1067775063052255232,1778147763000,1778155578000,1,73.897,30.279,2.4405363453218403,632578958264631296,1778147763000,1067775063052255232,RJ47GA3725,7815000,1778155578000,79.93716984832926,73.897,2.099999999998545,30.279231003155022,2.440517726236182,30.279231003155022,1778147763000-632578958264631296-1067775063052255232,73.125,,,,
877447351826907136,1778126803000-632578958264631296-877447351826907136,1778126803000,1778132699000,1,73.549,20.201,3.6408593633978517,632578958264631296,1778126803000,877447351826907136,RJ14GN1571,5896000,1778132699000,53.331896616255904,73.549,1.6000000000003638,20.201475991006024,3.6407735767794907,20.201475991006024,1778126803000-632578958264631296-877447351826907136,76.5,,,,0.0
1073663863301341184,1778147729000-632578958264631296-1073663863301341184,1778147729000,1778154456000,1,73.459,23.97,3.0646224447225703,632578958264631296,1778147729000,1073663863301341184,RJ47GA3284,6727000,1778154456000,63.279545700326175,73.459,1.7999999999992724,23.969524886487186,3.064683190337765,23.969524886487186,1778147729000-632578958264631296-1073663863301341184,76.0,,,,
944571594812948480,1778157424000-632578958264631296-944571594812948480,1778157424000,1778164368000,1,73.395,14.098,5.206057596822244,632578958264631296,1778157424000,944571594812948480,RJ47GA2733,6944000,1778164368000,37.2180425993613,73.395,0.0,14.097743408848975,5.206152351583508,11.910316599937007,1778157424000-632578958264631296-944571594812948480,80.0,,,,
1083727333329731584,1778124742000-632578958264631296-1083727333329731584,1778124742000,1778132090000,1,73.322,27.326,2.6832320866573958,632578958264631296,1778124742000,1083727333329731584,RJ47GA6318,7348000,1778132090000,72.14032792096869,73.322,1.949999999999818,27.325881788245713,2.6832436943183886,27.325881788245713,1778124742000-632578958264631296-1083727333329731584,78.19999999998254,,,,
1441118393376702464,1778113729000-632578958264631296-1441118393376702464,1778113729000,1778121368000,1,73.057,19.542,3.738460751202538,632578958264631296,1778113729000,1441118393376702464,NL01AG9419,7639000,1778121368000,51.590650403964986,73.057,2.050000000000182,19.541913031804917,3.738477388631197,19.541913031804917,1778113729000-632578958264631296-1441118393376702464,77.89999999999418,,,,
1131571393566081024,1778176766000-632578958264631296-1131571393566081024,1778176766000,1778184533000,1,73.04,15.966,4.574721282725793,632578958264631296,1778176766000,1131571393566081024,RJ47GA1964,7767000,1778184533000,42.14907626265252,73.04,0.0,15.965559190398682,4.574847590927136,7.7096992321790285,1778176766000-632578958264631296-1131571393566081024,92.75,,,,
1464260641047969792,1778159803000-632578958264631296-1464260641047969792,1778159803000,1778166138000,1,72.96,22.525,3.239067702552719,632578958264631296,1778159803000,1464260641047969792,NL01AK1966,6335000,1778166138000,59.46555376314762,72.96,1.75,22.524830970889248,3.2390920089164,22.524830970889248,1778159803000-632578958264631296-1464260641047969792,74.625,,,,
794950170587430912,1778138993000-632578958264631296-794950170587430912,1778138993000,1778146256000,1,72.848,26.797,2.718513266410419,632578958264631296,1778138993000,794950170587430912,RJ47GA2696,7263000,1778146256000,70.74435338667791,72.848,2.0,26.797103555559815,2.718502760903263,26.79710355555981,1778138993000-632578958264631296-794950170587430912,81.5800000000163,['900758004192772105'],,900758004192772105,
1142833661045899264,1778131876000-632578958264631296-1142833661045899264,1778131876000,1778138656000,1,72.758,20.586,3.5343437287476926,632578958264631296,1778131876000,1142833661045899264,RJ47GA6293,6780000,1778138656000,54.34835184376629,72.758,1.8499999999994543,20.586496910517532,3.534258417848076,20.586496910517532,1778131876000-632578958264631296-1142833661045899264,76.89999999999418,,,,
869918310366445568,1778126486000-632578958264631296-869918310366445568,1778126486000,1778133240000,1,72.745,19.765,3.680495825954971,632578958264631296,1778126486000,869918310366445568,RJ47GA4503,6754000,1778133240000,52.17842868162412,72.745,1.800000000000182,19.764556318797013,3.6805784469250202,19.764556318797013,1778126486000-632578958264631296-869918310366445568,75.30000000004657,,,,0.0
1389243940330274816,1778095659000-632578958264631296-1389243940330274816,1778095659000,1778105911000,1,72.722,30.773,2.3631755109999024,632578958264631296,1778095659000,1389243940330274816,NL01AJ6140,10252000,1778105911000,81.2408747410111,72.722,2.800000000000182,30.773058614019355,2.36317100981538,30.77305861401935,1778095659000-632578958264631296-1389243940330274816,75.0,,,,
1406228892573761536,1778126488000-632578958264631296-1406228892573761536,1778126488000,1778133203000,1,72.696,23.146,3.140758662403871,632578958264631296,1778126488000,1406228892573761536,NL01AJ7421,6715000,1778133203000,61.10577515866543,72.696,1.8500000000003638,23.146126954039936,3.140741435677281,23.146126954039936,1778126488000-632578958264631296-1406228892573761536,76.81999999999243,,,,
1120316481867874304,1778154620000-632578958264631296-1120316481867874304,1778154620000,1778160746000,1,72.647,24.077,3.017277900070607,632578958264631296,1778154620000,1120316481867874304,RJ47GA6413,6126000,1778160746000,63.56348395453011,72.647,1.6499999999996362,24.07707725550383,3.0172682186079487,24.07707725550383,1778154620000-632578958264631296-1120316481867874304,73.90000000002328,,,,
1083729116835872768,1778154636000-632578958264631296-1083729116835872768,1778154636000,1778160931000,1,72.641,25.733,2.8228733532817785,632578958264631296,1778154636000,1083729116835872768,RJ47GA6361,6295000,1778160931000,67.93466646618471,72.641,1.699999999999818,25.732828206888147,2.822892198866641,25.732828206888147,1778154636000-632578958264631296-1083729116835872768,77.69999999998254,,,,
1471165285556813824,1778162259000-632578958264631296-1471165285556813824,1778162259000,1778170119000,1,72.5,29.5,2.457627118644068,632578958264631296,1778162259000,1471165285556813824,NL01AK2623,7860000,1778170119000,77.88000000000001,72.5,2.150000000000091,29.5,2.457627118644068,29.5,1778162259000-632578958264631296-1471165285556813824,72.5,,,,
1482772108667781120,1778149142000-632578958264631296-1482772108667781120,1778149142000,1778155045000,1,72.5,22.167,3.2706275093607613,632578958264631296,1778149142000,1482772108667781120,NL01AK3101,5903000,1778155045000,58.51986301791505,72.5,1.6000000000001364,22.166614779513274,3.2706843476616743,22.166614779513274,1778149142000-632578958264631296-1482772108667781120,72.5,,,,
1350071704793120768,1778151453000-632578958264631296-1350071704793120768,1778151453000,1778158712000,1,72.495,29.1,2.491237113402062,632578958264631296,1778151453000,1350071704793120768,RJ47GA3451,7259000,1778158712000,76.82417473870102,72.495,1.9500000000007276,29.1000661889019,2.4912314470146444,29.1000661889019,1778151453000-632578958264631296-1350071704793120768,74.0,,,,
1389243940330274816,1778117004000-632578958264631296-1389243940330274816,1778117004000,1778124365000,1,72.478,26.711,2.7134139493092735,632578958264631296,1778117004000,1389243940330274816,NL01AJ6140,7361000,1778124365000,70.5171031146864,72.478,2.0,26.711023907078182,2.7134115207314826,26.711023907078182,1778117004000-632578958264631296-1389243940330274816,74.75,,,,
1176184196838719488,1778149406000-632578958264631296-1176184196838719488,1778149406000,1778155903000,1,72.384,21.0,3.446857142857143,632578958264631296,1778149406000,1176184196838719488,RJ14GP9553,6497000,1778155903000,55.43946381965707,72.384,1.75,20.999796901385253,3.446890478984832,20.999796901385253,1778149406000-632578958264631296-1176184196838719488,74.70000000001164,,,,
794950170587430912,1778117731000-632578958264631296-794950170587430912,1778117731000,1778123716000,1,72.379,21.81,3.318615314076112,632578958264631296,1778117731000,794950170587430912,RJ47GA2696,5985000,1778123716000,57.577703074734494,72.379,1.6000000000003638,21.809736013157003,3.318655482869506,21.809736013157003,1778117731000-632578958264631296-794950170587430912,81.05999999999767,['900758004192772105'],,900758004192772105,
1506655599683698688,1778136900000-632578958264631296-1506655599683698688,1778136900000,1778143068000,1,72.313,27.663,2.614069334490113,632578958264631296,1778136900000,1506655599683698688,RJ47GA8529,6168000,1778143068000,73.02934005468553,72.313,1.7000000000000455,27.662628808593002,2.6141044114193877,27.662628808593002,1778136900000-632578958264631296-1506655599683698688,75.45500000000175,,,,
939547018001383424,1778148346000-632578958264631296-939547018001383424,1778148346000,1778155753000,1,72.263,13.951,5.179772059350585,632578958264631296,1778148346000,939547018001383424,RJ14GN1574,7407000,1778155753000,36.831118938099834,72.263,2.0499999999992724,13.951181415946907,5.179704703531397,13.951181415946907,1778148346000-632578958264631296-939547018001383424,74.10000000003492,,,,
862693652038680576,1778156388000-632578958264631296-862693652038680576,1778156388000,1778161692000,1,72.248,20.227,3.571859395857023,632578958264631296,1778156388000,862693652038680576,RJ47GA4378,5304000,1778161692000,53.39994454041348,72.248,1.5,20.22725171985359,3.571814945531461,20.22725171985359,1778156388000-632578958264631296-862693652038680576,74.40000000002328,['900758004234715138'],,900758004234715138,4.415999999999999
878252193440858112,1778147781000-632578958264631296-878252193440858112,1778147781000,1778154577000,1,72.044,15.266,4.719245381894406,632578958264631296,1778147781000,878252193440858112,RJ47GA1999,6796000,1778154577000,40.30110334238591,72.044,1.7999999999992724,15.265569447873448,4.71937848411125,12.948804272271532,1778147781000-632578958264631296-878252193440858112,74.5,['900758004175994897'],,900758004175994897,
947583451614150656,1778161392000-632578958264631296-947583451614150656,1778161392000,1778168486000,1,71.745,23.896,3.002385336457985,632578958264631296,1778161392000,947583451614150656,RJ47GA3784,7094000,1778168486000,63.08487655983526,71.745,0.0,23.895786575695173,3.002412152147907,23.895786575695173,1778161392000-632578958264631296-947583451614150656,69.0,,,,
1108736100332994560,1778168397000-632578958264631296-1108736100332994560,1778168397000,1778175985000,1,71.708,29.771,2.4086527157300726,632578958264631296,1778168397000,1108736100332994560,RJ47GA5594,7588000,1778175985000,78.59519435540018,71.708,2.050000000000182,29.7709069528031,2.408660243830707,29.7709069528031,1778168397000-632578958264631296-1108736100332994560,75.80000000001746,,,,
1484590862305329152,1778124093000-632578958264631296-1484590862305329152,1778124093000,1778131350000,1,71.643,31.822,2.2513669788196844,632578958264631296,1778124093000,1484590862305329152,NL01AK3094,7257000,1778131350000,84.01035599921944,71.643,1.9500000000000455,31.82210454515888,2.2513595824038326,31.82210454515888,1778124093000-632578958264631296-1484590862305329152,75.75,,,,
1501933902321680384,1778130561000-632578958264631296-1501933902321680384,1778130561000,1778136969000,1,71.621,24.255,2.9528344671201814,632578958264631296,1778130561000,1501933902321680384,NL01AK3119,6408000,1778136969000,64.03230172187511,71.621,1.75,24.25465974313451,2.9528758910037043,24.25465974313451,1778130561000-632578958264631296-1501933902321680384,75.375,,,,
1464286677953413120,1778155171000-632578958264631296-1464286677953413120,1778155171000,1778161935000,1,71.575,13.043,5.487617879322243,632578958264631296,1778155171000,1464286677953413120,NL01AK1958,6764000,1778161935000,34.433092914375635,71.575,1.900000000000091,13.042838225142285,5.487685944154934,13.042838225142285,1778155171000-632578958264631296-1464286677953413120,73.25,,,,
1148896718033518592,1778131992000-632578958264631296-1148896718033518592,1778131992000,1778138786000,1,71.495,23.143,3.0892710538823835,632578958264631296,1778131992000,1148896718033518592,RJ47GA6420,6794000,1778138786000,61.096294891348336,71.495,0.0,23.14253594369255,3.089333000236122,23.14253594369255,1778131992000-632578958264631296-1148896718033518592,73.10000000000582,,,,
1060533930890887168,1778124214000-632578958264631296-1060533930890887168,1778124214000,1778130312000,1,71.313,24.904,2.8635159010600706,632578958264631296,1778124214000,1060533930890887168,RJ47GA5615,6098000,1778130312000,65.74614859024628,71.313,1.6500000000005457,24.903844162972074,2.8635338196514546,24.903844162972074,1778124214000-632578958264631296-1060533930890887168,76.10000000000582,,,,
635414692210147328,1778150898000-632578958264631296-635414692210147328,1778150898000,1778158511000,1,71.204,23.302,3.055703373101021,632578958264631296,1778150898000,635414692210147328,RJ47GA2704,7613000,1778158511000,61.51677134834277,71.204,2.0499999999992724,23.301807328917715,3.0557286391959524,23.301807328917715,1778150898000-632578958264631296-635414692210147328,80.85000000003492,['900758004196966400'],,900758004196966400,
1462138501628690432,1778139385000-632578958264631296-1462138501628690432,1778139385000,1778146683000,1,71.134,29.786,2.388168938427449,632578958264631296,1778139385000,1462138501628690432,RJ47GA5314,7298000,1778146683000,78.63440302166558,71.134,1.800000000000182,29.78575872032787,2.388188283800648,29.78575872032787,1778139385000-632578958264631296-1462138501628690432,72.0,,,,
1471164933021368320,1778158979000-632578958264631296-1471164933021368320,1778158979000,1778166448000,1,71.07,24.803,2.865379188001451,632578958264631296,1778158979000,1471164933021368320,NL01AK2622,7469000,1778166448000,65.47966631383377,71.07,2.0,24.802903906755216,2.86539028926543,24.802903906755216,1778158979000-632578958264631296-1471164933021368320,74.75,,,,
1091761897729949696,1778158968000-632578958264631296-1091761897729949696,1778158968000,1778166090000,1,70.994,30.113,2.3575864244678377,632578958264631296,1778158968000,1091761897729949696,RJ47GA3662,7122000,1778166090000,79.4980908432865,70.994,2.0,30.11291319821458,2.357593220313513,30.112913198214585,1778158968000-632578958264631296-1091761897729949696,77.375,,,,
946029440482148352,1778147586000-632578958264631296-946029440482148352,1778147586000,1778153787000,1,70.965,26.635,2.6643514173080534,632578958264631296,1778147586000,946029440482148352,RJ47GA3752,6201000,1778153787000,70.31572267444938,70.965,1.6500000000014552,26.63474343729143,2.664377082027438,26.634743437291434,1778147586000-632578958264631296-946029440482148352,77.625,,,,
1526262198169501696,1778164105000-632578958264631296-1526262198169501696,1778164105000,1778170741000,1,70.934,18.196,3.8983293031435475,632578958264631296,1778164105000,1526262198169501696,NL01AK6561,6636000,1778170741000,48.038147985294714,70.934,1.8000000000000114,18.196268176247997,3.8982718496417723,18.196268176247997,1778164105000-632578958264631296-1526262198169501696,73.75,,,,
939547788868321280,1778150453000-632578958264631296-939547788868321280,1778150453000,1778156579000,1,70.928,21.551,3.2911697833047193,632578958264631296,1778150453000,939547788868321280,RJ14GH7603,6126000,1778156579000,56.89555741863919,70.928,0.0,21.5513475070603,3.291116714477539,0.001,1778150453000-632578958264631296-939547788868321280,,,,,
1067765247101632512,1778112773000-632578958264631296-1067765247101632512,1778112773000,1778120742000,1,70.87,26.015,2.7241975783202,632578958264631296,1778112773000,1067765247101632512,RJ47GA6282,7969000,1778120742000,68.68061903995782,70.87,0.0,26.015385999984023,2.724157158384793,26.015385999984023,1778112773000-632578958264631296-1067765247101632512,74.5,,,,
1294704486559776768,1778171039000-632578958264631296-1294704486559776768,1778171039000,1778177485000,1,70.812,21.5,3.2935813953488373,632578958264631296,1778171039000,1294704486559776768,NL01AH7659,6446000,1778177485000,56.760000000000005,70.812,1.7999999999997272,21.5,3.2935813953488373,21.5,1778171039000-632578958264631296-1294704486559776768,72.0,,,,
1131631502098956288,1778113347000-632578958264631296-1131631502098956288,1778113347000,1778121714000,1,70.782,35.759,1.9794177689532704,632578958264631296,1778113347000,1131631502098956288,RJ47GA6180,8367000,1778121714000,94.40318683858712,70.782,0.0,35.75878289340421,1.979429786830242,35.75878289340421,1778113347000-632578958264631296-1131631502098956288,76.10000000000582,,,,
1477629723302428672,1778121525000-632578958264631296-1477629723302428672,1778121525000,1778129006000,1,70.71,26.929,2.6257937539455605,632578958264631296,1778121525000,1477629723302428672,NL01AK3043,7481000,1778129006000,71.09144814542854,70.71,2.0499999999999545,26.928578842965358,2.625834820780815,26.928578842965358,1778121525000-632578958264631296-1477629723302428672,67.875,,,,
1067776159577538560,1778153307000-632578958264631296-1067776159577538560,1778153307000,1778159311000,1,70.709,16.82,4.203864447086802,632578958264631296,1778153307000,1067776159577538560,RJ14GP9561,6004000,1778159311000,44.40390132666839,70.709,1.6000000000003638,16.819659593434995,4.203949527468377,16.819659593434995,1778153307000-632578958264631296-1067776159577538560,73.20000000001164,,,,
1545823852121030656,1778161451000-632578958264631296-1545823852121030656,1778161451000,1778167909000,1,70.69,20.21,3.4977733795150914,632578958264631296,1778161451000,1545823852121030656,NL01AK8996,6458000,1778167909000,53.3546310147036,70.69,1.75,20.210087505569543,3.4977582348675673,20.210087505569543,1778161451000-632578958264631296-1545823852121030656,73.29500000000007,,,,
863411203819438080,1778099422000-632578958264631296-863411203819438080,1778099422000,1778105658000,1,70.463,21.477,3.280858592913349,632578958264631296,1778099422000,863411203819438080,RJ47GA4438,6236000,1778105658000,56.69985809731263,70.463,1.699999999999818,21.477218976254782,3.280825142114717,21.477218976254782,1778099422000-632578958264631296-863411203819438080,73.79999999998836,['829378564599054336'],,829378564599054336,0.0
1071457116943810560,1778128236000-632578958264631296-1071457116943810560,1778128236000,1778135314000,1,70.32,40.006,1.7577363395490675,632578958264631296,1778128236000,1071457116943810560,RJ47GA5618,7078000,1778135314000,105.61598718549646,70.32,0.0,40.00605575208199,1.7577338899834034,40.00605575208199,1778128236000-632578958264631296-1071457116943810560,75.29999999998836,,,,
1091761897729949696,1778129341000-632578958264631296-1091761897729949696,1778129341000,1778135085000,1,70.168,23.669,2.964552790569944,632578958264631296,1778129341000,1091761897729949696,RJ47GA3662,5744000,1778135085000,62.48629222571941,70.168,1.5499999999992724,23.669050085499777,2.964546517352067,23.669050085499777,1778129341000-632578958264631296-1091761897729949696,76.25,,,,
1067765061260410880,1778142800000-632578958264631296-1067765061260410880,1778142800000,1778148135000,1,70.054,21.575,3.2469988412514486,632578958264631296,1778142800000,1067765061260410880,RJ47GA6230,5335000,1778148135000,56.95680869286675,70.054,1.4500000000007276,21.57454874729801,3.2470667553949903,21.57454874729801,1778142800000-632578958264631296-1067765061260410880,74.79999999998836,,,,
1385305291104452608,1778119581000-632578958264631296-1385305291104452608,1778119581000,1778128148000,1,70.049,26.24,2.669550304878049,632578958264631296,1778119581000,1385305291104452608,NL01AJ5692,8567000,1778128148000,69.27246072850114,70.049,2.350000000000364,26.239568457765582,2.6695942089424514,26.239568457765582,1778119581000-632578958264631296-1385305291104452608,71.75,,,,
1471164933021368320,1778129380000-632578958264631296-1471164933021368320,1778129380000,1778135256000,1,70.024,20.004,3.500499900019996,632578958264631296,1778129380000,1471164933021368320,NL01AK2622,5876000,1778135256000,52.81171923225857,70.024,1.599999999999909,20.004439103128245,3.500423063051531,20.004439103128245,1778129380000-632578958264631296-1471164933021368320,73.75,,,,
1397607641592627200,1778119577000-632578958264631296-1397607641592627200,1778119577000,1778125923000,1,70.015,23.614,2.9649784026425,632578958264631296,1778119577000,1397607641592627200,NL01AJ6923,6346000,1778125923000,62.34087048880007,70.015,1.6499999999996362,23.61396609424245,2.964982659862082,23.61396609424245,1778119577000-632578958264631296-1397607641592627200,71.5,,,,
1070378226594873344,1778130150000-632578958264631296-1070378226594873344,1778130150000,1778136597000,1,69.988,26.42,2.649053747161241,632578958264631296,1778130150000,1070378226594873344,RJ47GA3436,6447000,1778136597000,69.74789777523492,69.988,1.75,26.41965824819504,2.6490880140276416,26.41965824819504,1778130150000-632578958264631296-1070378226594873344,71.375,,,,
1067776159577538560,1778120237000-632578958264631296-1067776159577538560,1778120237000,1778126607000,1,69.886,22.445,3.1136556025840942,632578958264631296,1778120237000,1067776159577538560,RJ14GP9561,6370000,1778126607000,59.25453677782819,69.886,1.6503472222218585,22.44490029463189,3.113669434152689,22.44512145910395,1778120237000-632578958264631296-1067776159577538560,72.60000000000582,,,,
1083726345994764288,1778113894000-632578958264631296-1083726345994764288,1778113894000,1778119903000,1,69.785,22.505,3.100866474116863,632578958264631296,1778113894000,1083726345994764288,RJ47GA6212,6009000,1778119903000,59.41253807537016,69.785,1.6000000000003638,22.504749270973544,3.100901021368328,22.504749270973544,1778113894000-632578958264631296-1083726345994764288,73.5,,,,
1540361729291059200,1778152853000-632578958264631296-1540361729291059200,1778152853000,1778159221000,1,69.766,21.53,3.2404087320018578,632578958264631296,1778152853000,1540361729291059200,NL01AK8391,6368000,1778159221000,56.838515932424436,69.766,1.7000000000000028,21.529740883494103,3.240447731235191,21.529740883494103,1778152853000-632578958264631296-1540361729291059200,71.84999999999991,,,,
1501934002158698496,1778133768000-632578958264631296-1501934002158698496,1778133768000,1778139636000,1,69.563,14.316,4.859108689578094,632578958264631296,1778133768000,1501934002158698496,NL01AK3123,5868000,1778139636000,37.794877865153055,69.563,1.6000000000000227,14.316241615588279,4.859026682272262,14.316241615588279,1778133768000-632578958264631296-1501934002158698496,72.5,,,,
1486725792942522368,1778139475000-632578958264631296-1486725792942522368,1778139475000,1778146350000,1,69.55,12.795,5.435717076983196,632578958264631296,1778139475000,1486725792942522368,NL01AK3102,6875000,1778146350000,33.77955762851149,69.55,1.221944444444489,12.795286980496776,5.435595161406823,3.9529347655696037,1778139475000-632578958264631296-1486725792942522368,,,,,
1501934002158698496,1778113413000-632578958264631296-1501934002158698496,1778113413000,1778120339000,1,69.329,17.826,3.889206776618422,632578958264631296,1778113413000,1501934002158698496,NL01AK3123,6926000,1778120339000,47.05955981627983,69.329,1.8999999999999773,17.825590839499935,3.889296047700874,17.825590839499935,1778113413000-632578958264631296-1501934002158698496,72.875,,,,
1294704486559776768,1778146408000-632578958264631296-1294704486559776768,1778146408000,1778153382000,1,69.292,33.254,2.08371925181933,632578958264631296,1778146408000,1294704486559776768,NL01AH7659,6974000,1778153382000,87.78986751456041,69.292,1.8999999999996362,33.25373769490925,2.0837356881722138,33.25373769490925,1778146408000-632578958264631296-1294704486559776768,70.375,,,,
1286311379313098752,1778120142000-632578958264631296-1286311379313098752,1778120142000,1778125946000,1,69.087,17.668,3.910289789449853,632578958264631296,1778120142000,1286311379313098752,RJ47GA3711,5804000,1778125946000,46.64416613524554,69.087,1.6000000000003638,17.66824474819907,3.910235622417562,17.66824474819907,1778120142000-632578958264631296-1286311379313098752,75.0,,,,
1079095785133441024,1778133962000-632578958264631296-1079095785133441024,1778133962000,1778140009000,1,69.053,32.935,2.0966449066342796,632578958264631296,1778133962000,1079095785133441024,RJ47GA3363,6047000,1778140009000,86.94816051555681,69.053,1.6500000000014552,32.93490928619576,2.096650681498694,32.93490928619576,1778133962000-632578958264631296-1079095785133441024,,,,,
1067774958987378688,1778166206000-632578958264631296-1067774958987378688,1778166206000,1778172167000,1,68.963,21.576,3.1962829069336296,632578958264631296,1778166206000,1067774958987378688,RJ47GA6419,5961000,1778172167000,56.96014362895428,68.963,1.6000000000003638,21.575811980664497,3.1963107604850407,21.575811980664497,1778166206000-632578958264631296-1067774958987378688,71.39999999999418,,,,
1083727289243402240,1778115896000-632578958264631296-1083727289243402240,1778115896000,1778122699000,1,68.959,20.787,3.317409919661327,632578958264631296,1778115896000,1083727289243402240,RJ47GA6320,6803000,1778122699000,54.87797877517855,68.959,1.8500000000003638,20.787113172416117,3.317391858505228,20.787113172416117,1778115896000-632578958264631296-1083727289243402240,73.60000000000582,,,,
877447351826907136,1778134952000-632578958264631296-877447351826907136,1778134952000,1778140379000,1,68.918,18.533,3.718664004748287,632578958264631296,1778134952000,877447351826907136,RJ14GN1571,5427000,1778140379000,48.92615477129692,68.918,1.4000000000014552,18.532634383067016,3.7187373675795024,18.532634383067016,1778134952000-632578958264631296-877447351826907136,71.40000000002328,,,,1.5660325522226048
1505916014645215232,1778127386000-632578958264631296-1505916014645215232,1778127386000,1778133572000,1,68.873,19.975,3.4479599499374216,632578958264631296,1778127386000,1505916014645215232,RJ47GA8530,6186000,1778133572000,52.73278873673622,68.873,1.7000000000000455,19.97454118815766,3.448039148995966,19.97454118815766,1778127386000-632578958264631296-1505916014645215232,72.625,,,,
866686265431425024,1778121120000-632578958264631296-866686265431425024,1778121120000,1778126276000,1,68.834,19.397,3.5486930968706507,632578958264631296,1778121120000,866686265431425024,RJ47GA4451,5156000,1778126276000,51.208800912217065,68.834,1.3999999999996362,19.397273072809494,3.5486431387352795,19.397273072809494,1778121120000-632578958264631296-866686265431425024,71.29999999998836,['900758004234715152'],,900758004234715152,1.8365845334879123
1428366867084345344,1778167295000-632578958264631296-1428366867084345344,1778167295000,1778174919000,1,68.761,27.851,2.4688880112024703,632578958264631296,1778167295000,1428366867084345344,NL01AJ9498,7624000,1778174919000,73.52704166663494,68.761,2.050000000000182,27.851152146452627,2.4688745240565573,27.85115214645263,1778167295000-632578958264631296-1428366867084345344,71.0,,,,
1389243594644127744,1778167237000-632578958264631296-1389243594644127744,1778167237000,1778174253000,1,68.748,27.284,2.519718516346577,632578958264631296,1778167237000,1389243594644127744,NL01AJ6142,7016000,1778174253000,72.02965907308766,68.748,1.8999999999996362,27.28396177010896,2.519722046939573,27.283961770108963,1778167237000-632578958264631296-1389243594644127744,70.25,,,,
1488160320575766528,1778104996000-632578958264631296-1488160320575766528,1778104996000,1778111602000,1,68.724,21.116,3.254593673044137,632578958264631296,1778104996000,1488160320575766528,NL01AK3103,6606000,1778111602000,55.74655897708525,68.724,1.7999999999999545,21.116120824653503,3.2545750505350077,21.116120824653503,1778104996000-632578958264631296-1488160320575766528,72.75,,,,
1506655599683698688,1778104628000-632578958264631296-1506655599683698688,1778104628000,1778109951000,1,68.707,22.879,3.0030595742820925,632578958264631296,1778104628000,1506655599683698688,RJ47GA8529,5323000,1778109951000,60.40050148778682,68.707,1.400000000000091,22.878977836282886,3.0030624834576405,22.878977836282886,1778104628000-632578958264631296-1506655599683698688,72.66500000000087,,,,
970288452387995648,1778155536000-632578958264631296-970288452387995648,1778155536000,1778161316000,1,68.623,28.607,2.398818471003601,632578958264631296,1778155536000,970288452387995648,RJ47GA3399,5780000,1778161316000,75.52355793397903,68.623,1.5499999999992724,28.60740830832539,2.398784233104723,28.60740830832539,1778155536000-632578958264631296-970288452387995648,46.125,,,,
1082330521322651648,1778164675000-632578958264631296-1082330521322651648,1778164675000,1778171739000,1,68.597,24.261,2.82745970899798,632578958264631296,1778164675000,1082330521322651648,RJ47GA5907,7064000,1778171739000,64.04926109405834,68.597,0.0,24.261083747749367,2.8274499487832463,24.261083747749367,1778164675000-632578958264631296-1082330521322651648,72.30000000001746,,,,
1181865650805538816,1778123243000-632578958264631296-1181865650805538816,1778123243000,1778129693000,1,68.511,14.511,4.721314864585487,632578958264631296,1778123243000,1181865650805538816,RJ47GA6367,6450000,1778129693000,38.30882016435435,68.511,1.75,14.510916728922101,4.721341957910134,14.510916728922101,1778123243000-632578958264631296-1181865650805538816,70.70000000001164,,,,
882591537697914880,1778118142000-632578958264631296-882591537697914880,1778118142000,1778125694000,1,68.496,27.084,2.5290208241027914,632578958264631296,1778118142000,882591537697914880,RJ47GA3907,7552000,1778125694000,71.50303358799023,68.496,2.0499999999992724,27.084482419693266,2.528975778034296,27.084482419693266,1778118142000-632578958264631296-882591537697914880,69.5,,,,
1526262198169501696,1778128977000-632578958264631296-1526262198169501696,1778128977000,1778135281000,1,68.347,28.425,2.4044678979771326,632578958264631296,1778128977000,1526262198169501696,NL01AK6561,6304000,1778135281000,75.04140881520263,68.347,1.7000000000000455,28.424776066364632,2.404486840650111,28.424776066364632,1778128977000-632578958264631296-1526262198169501696,71.625,,,,
927171595435245568,1778111875000-632578958264631296-927171595435245568,1778111875000,1778119225000,1,68.3,27.456,2.48761655011655,632578958264631296,1778111875000,927171595435245568,RJ47GA3670,7350000,1778119225000,72.48292542063645,68.3,2.0499999999992724,27.455653568422896,2.487647938512479,27.455653568422896,1778111875000-632578958264631296-927171595435245568,59.75,,,,
946029440482148352,1778135331000-632578958264631296-946029440482148352,1778135331000,1778141406000,1,68.295,23.357,2.923962837693197,632578958264631296,1778135331000,946029440482148352,RJ47GA3752,6075000,1778141406000,61.66188869664856,68.295,1.6499999999996362,23.356776021457787,2.9239908768769127,23.356776021457787,1778135331000-632578958264631296-946029440482148352,74.625,,,,
1187402009754468352,1778142693000-632578958264631296-1187402009754468352,1778142693000,1778148476000,1,68.1,22.473,3.0303030303030303,632578958264631296,1778142693000,1187402009754468352,RJ47GA6476,5783000,1778148476000,59.32825618553767,68.10000000000582,1.5999999999994543,22.47282431270366,3.030326720505245,22.47282431270366,1778142693000-632578958264631296-1187402009754468352,68.10000000000582,,,,
1406586595699589120,1778139456000-632578958264631296-1406586595699589120,1778139456000,1778145706000,1,67.793,24.579,2.758167541397128,632578958264631296,1778139456000,1406586595699589120,NL01AJ7423,6250000,1778145706000,64.88846427752374,67.793,1.699999999999818,24.578963741486263,2.7581716102039637,24.578963741486263,1778139456000-632578958264631296-1406586595699589120,71.625,,,,
908732861828300800,1778126845000-632578958264631296-908732861828300800,1778126845000,1778134284000,1,67.75,23.981,2.8251532463200033,632578958264631296,1778126845000,908732861828300800,RJ47GA2126,7439000,1778134284000,63.30960706618572,67.75,2.0,23.98091176749459,2.825163640851767,23.98091176749459,1778126845000-632578958264631296-908732861828300800,67.75,,,,
787737136659955712,1778128603000-632578958264631296-787737136659955712,1778128603000,1778134751000,1,67.663,17.944,3.7707868925546144,632578958264631296,1778128603000,787737136659955712,RJ47GA3339,6148000,1778134751000,47.372742719974454,67.663,1.6499999999996362,17.94422072726305,3.7707405090708734,17.94422072726305,1778128603000-632578958264631296-787737136659955712,76.44000000000233,['900758004226326539'],,900758004226326539,
1083728245179809792,1778156474000-632578958264631296-1083728245179809792,1778156474000,1778162409000,1,67.651,27.541,2.456374133110635,632578958264631296,1778156474000,1083728245179809792,RJ47GA6241,5935000,1778162409000,72.70891364715206,67.651,1.6000000000003638,27.54125516937578,2.456351374835808,27.54125516937578,1778156474000-632578958264631296-1083728245179809792,71.39999999999418,,,,
939546576563470336,1778165805000-632578958264631296-939546576563470336,1778165805000,1778172236000,1,67.651,25.252,2.679035323934738,632578958264631296,1778165805000,939546576563470336,RJ14GN1594,6431000,1778172236000,66.66504788044934,67.651,0.0,25.251912075927777,2.679044652008374,25.251912075927777,1778165805000-632578958264631296-939546576563470336,70.19999999995343,,,,
1397607242391355392,1778152322000-632578958264631296-1397607242391355392,1778152322000,1778159698000,1,67.59,28.127,2.403029117929392,632578958264631296,1778152322000,1397607242391355392,NL01AJ6922,7376000,1778159698000,74.25633547537839,67.59,2.0,28.12739980127969,2.4029949614085875,28.12739980127969,1778152322000-632578958264631296-1397607242391355392,69.0,,,,
893821287409909760,1778128471000-632578958264631296-893821287409909760,1778128471000,1778135319000,1,67.585,20.696,3.265606880556629,632578958264631296,1778128471000,893821287409909760,Rj14GH7541,6848000,1778135319000,54.63736022582516,67.585,0.0,20.69596978250953,3.2656116485595703,0.001,1778128471000-632578958264631296-893821287409909760,,['900758004238909441'],,900758004238909441,
786246735176400896,1778167171000-632578958264631296-786246735176400896,1778167171000,1778173377000,1,67.477,17.654,3.822193270646879,632578958264631296,1778167171000,786246735176400896,RJ47GA3340,6206000,1778173377000,46.60645893900936,67.477,1.6999999999989086,17.653961719321725,3.8222015586534597,17.653961719321725,1778167171000-632578958264631296-786246735176400896,76.13000000000466,['900758004226326541'],,900758004226326541,
1067776159577538560,1778147444000-632578958264631296-1067776159577538560,1778147444000,1778152848000,1,67.381,14.625,4.6072478632478635,632578958264631296,1778147444000,1067776159577538560,RJ14GP9561,5404000,1778152848000,38.609942601198824,67.381,1.449999999999818,14.624978258029858,4.60725471253295,14.624978258029858,1778147444000-632578958264631296-1067776159577538560,68.5,,,,
1064527564812320768,1778147066000-632578958264631296-1064527564812320768,1778147066000,1778153045000,1,67.216,26.692,2.5182077026824516,632578958264631296,1778147066000,1064527564812320768,RJ47GA3509,5979000,1778153045000,70.46646471264532,67.216,1.6499999999996362,26.69184269418383,2.5182225434981453,26.69184269418383,1778147066000-632578958264631296-1064527564812320768,72.5,,,,
1398705978894974976,1778125781000-632578958264631296-1398705978894974976,1778125781000,1778134771000,1,67.107,34.011,1.9730969392255444,632578958264631296,1778125781000,1398705978894974976,NL01AH7651,8990000,1778134771000,89.7893849872626,67.107,2.449999999999818,34.0111306769934,1.9730893582257196,34.0111306769934,1778125781000-632578958264631296-1398705978894974976,71.44500000000698,,,,
1505916014645215232,1778146857000-632578958264631296-1505916014645215232,1778146857000,1778153767000,1,67.006,23.078,2.903457838634197,632578958264631296,1778146857000,1505916014645215232,RJ47GA8530,6910000,1778153767000,60.9263554971241,67.006,1.8999999999999773,23.078164961031856,2.9034370849303466,23.078164961031856,1778146857000-632578958264631296-1505916014645215232,70.47000000000116,,,,
1153273376152748032,1778117690000-632578958264631296-1153273376152748032,1778117690000,1778124122000,1,66.971,12.402,5.400016126431221,632578958264631296,1778117690000,1153273376152748032,RJ47GA6313,6432000,1778124122000,32.742053010018,66.971,1.75,12.402292806824997,5.399888636974107,12.402292806824997,1778117690000-632578958264631296-1153273376152748032,70.39999999999418,,,,
1501934002158698496,1778145357000-632578958264631296-1501934002158698496,1778145357000,1778151869000,1,66.829,18.438,3.6245254365983293,632578958264631296,1778145357000,1501934002158698496,NL01AK3123,6512000,1778151869000,48.67610167919622,66.829,1.8000000000000682,18.43791730272584,3.624541693226928,18.43791730272584,1778145357000-632578958264631296-1501934002158698496,70.0,,,,
1067771070980816896,1778157230000-632578958264631296-1067771070980816896,1778157230000,1778164237000,1,66.826,31.012,2.1548432864697533,632578958264631296,1778157230000,1067771070980816896,RJ47GA3902,7007000,1778164237000,81.87213462946845,66.826,1.8500000000003638,31.012172208131986,2.1548313207959335,31.012172208131986,1778157230000-632578958264631296-1067771070980816896,65.375,,,,
1299087047838924800,1778146779000-632578958264631296-1299087047838924800,1778146779000,1778152795000,1,66.674,22.93,2.907719145224597,632578958264631296,1778146779000,1299087047838924800,RJ47GA6395,6016000,1778152795000,60.5344737473325,66.674,0.0,22.929724904292613,2.90775403012001,22.929724904292613,1778146779000-632578958264631296-1299087047838924800,69.20000000001164,,,,
1070378226594873344,1778160865000-632578958264631296-1070378226594873344,1778160865000,1778168552000,1,66.522,32.15,2.0691135303265944,632578958264631296,1778160865000,1070378226594873344,RJ47GA3436,7687000,1778168552000,84.8764658599333,66.522,2.099999999998545,32.15017646209595,2.069102173620333,32.15017646209595,1778160865000-632578958264631296-1070378226594873344,67.875,,,,
1484590862305329152,1778108017000-632578958264631296-1484590862305329152,1778108017000,1778115391000,1,66.44,26.8,2.47910447761194,632578958264631296,1778108017000,1484590862305329152,NL01AK3094,7374000,1778115391000,70.75119545361899,66.44,2.0499999999999545,26.79969524758295,2.479132668719141,26.79969524758295,1778108017000-632578958264631296-1484590862305329152,70.0,,,,
1101524127430213632,1778117954000-632578958264631296-1101524127430213632,1778117954000,1778123258000,1,66.434,13.908,4.776675294794363,632578958264631296,1778117954000,1101524127430213632,RJ47GA3640,5304000,1778123258000,36.71598102878867,66.434,1.4500000000007276,13.907568571510858,4.776823472658449,12.098383208749853,1778117954000-632578958264631296-1101524127430213632,66.75,,,,
870568761881526272,1778139875000-632578958264631296-870568761881526272,1778139875000,1778145145000,1,66.425,20.685,3.211264201111917,632578958264631296,1778139875000,870568761881526272,RJ47GA4522,5270000,1778145145000,54.60771966754856,66.425,1.3999999999996362,20.684742298313846,3.2113042087749264,20.684742298313846,1778139875000-632578958264631296-870568761881526272,69.5,,,,1.9810683577866255
1067765309810671616,1778118750000-632578958264631296-1067765309810671616,1778118750000,1778126411000,1,66.337,31.501,2.1058696549315896,632578958264631296,1778118750000,1067765309810671616,RJ47GA6287,7661000,1778126411000,83.16308762759584,66.337,2.0999999999994543,31.501169555907516,2.105858320030521,31.501169555907516,1778118750000-632578958264631296-1067765309810671616,70.20000000001164,,,,
943461119844941824,1778112385000-632578958264631296-943461119844941824,1778112385000,1778118695000,1,66.334,27.073,2.4501902264248514,632578958264631296,1778112385000,943461119844941824,RJ47GA3779,6310000,1778118695000,71.47400519016537,66.334,1.75,27.07348681445658,2.450146169003221,27.07348681445658,1778112385000-632578958264631296-943461119844941824,68.5,,,,
944571594812948480,1778132579000-632578958264631296-944571594812948480,1778132579000,1778141047000,1,66.09,16.402,4.029386660163395,632578958264631296,1778132579000,944571594812948480,RJ47GA2733,8468000,1778141047000,43.300023516257895,66.09,2.345301944444444,16.401524059188596,4.029503585246063,16.401524059188596,1778132579000-632578958264631296-944571594812948480,68.125,,,,
797458881650360320,1778169173000-632578958264631296-797458881650360320,1778169173000,1778175436000,1,66.087,23.039,2.868483875168193,632578958264631296,1778169173000,797458881650360320,RJ47GA3119,6263000,1778175436000,60.82331241389772,66.087,1.7000000000007276,23.03913349011277,2.8684672550016344,23.03913349011277,1778169173000-632578958264631296-797458881650360320,74.85999999998603,['900758004213743620'],,900758004213743620,
893133531117518848,1778128856000-632578958264631296-893133531117518848,1778128856000,1778136058000,1,66.064,13.373,4.940103193000822,632578958264631296,1778128856000,893133531117518848,RJ47GA2071,7202000,1778136058000,35.305783357796145,66.064,1.9500000000007276,13.373402787043993,4.9399544044244355,11.001665820910995,1778128856000-632578958264631296-893133531117518848,72.125,['1015966621136584723'],,900758004175994905,
1138782810882965504,1778147486000-632578958264631296-1138782810882965504,1778147486000,1778154200000,1,66.032,27.969,2.3608995673781683,632578958264631296,1778147486000,1138782810882965504,RJ47GA6253,6714000,1778154200000,73.83815999999293,66.032,1.800000000000182,27.96899999999732,2.360899567378395,27.968999999997322,1778147486000-632578958264631296-1138782810882965504,69.69999999998254,,,,
862693652038680576,1778172822000-632578958264631296-862693652038680576,1778172822000,1778178205000,1,65.864,16.684,3.9477343562694798,632578958264631296,1778172822000,862693652038680576,RJ47GA4378,5383000,1778178205000,44.04575622611443,65.864,1.3999999999996362,16.683998570497888,3.9477346945154093,16.683998570497888,1778172822000-632578958264631296-862693652038680576,67.79999999998836,['900758004234715138'],,900758004234715138,1.2879999999999987
1101122257968693248,1778128928000-632578958264631296-1101122257968693248,1778128928000,1778136632000,1,65.748,30.897,2.1279735896689003,632578958264631296,1778128928000,1101122257968693248,RJ47GA3730,7704000,1778136632000,81.56832691436009,65.748,2.099999999998545,30.8970935281667,2.127967148109326,30.8970935281667,1778128928000-632578958264631296-1101122257968693248,,,,,
1109445504082640896,1778117898000-632578958264631296-1109445504082640896,1778117898000,1778124072000,1,65.521,22.478,2.9148945635732715,632578958264631296,1778117898000,1109445504082640896,RJ47GA4865,6174000,1778124072000,59.341075124017706,65.521,1.699999999999818,22.477679971218826,2.914936064749355,22.477679971218826,1778117898000-632578958264631296-1109445504082640896,68.0,,,,
1083019060351860736,1778133949000-632578958264631296-1083019060351860736,1778133949000,1778142316000,1,65.495,29.07,2.2530099759201927,632578958264631296,1778133949000,1083019060351860736,RJ47GA5912,8367000,1778142316000,76.74611297788651,65.495,0.0,29.070497340108524,2.252971431267419,29.070497340108524,1778133949000-632578958264631296-1083019060351860736,69.20000000001164,,,,
1385588586753032192,1778141680000-632578958264631296-1385588586753032192,1778141680000,1778149209000,1,65.287,32.355,2.0178334106011437,632578958264631296,1778141680000,1385588586753032192,NL01AJ5698,7529000,1778149209000,85.41633882874387,65.287,2.050000000000182,32.35467379876662,2.017853754485659,32.35467379876662,1778141680000-632578958264631296-1385588586753032192,70.125,,,,
1067763553357791232,1778140790000-632578958264631296-1067763553357791232,1778140790000,1778147093000,1,65.281,20.864,3.128882285276074,632578958264631296,1778140790000,1067763553357791232,RJ47GA6214,6303000,1778147093000,55.08175717277398,65.281,0.0,20.864301959384083,3.128837002411132,20.864301959384083,1778140790000-632578958264631296-1067763553357791232,69.70000000001164,,,,
1083729038846984192,1778140227000-632578958264631296-1083729038846984192,1778140227000,1778146267000,1,65.251,25.681,2.5408278493828123,632578958264631296,1778140227000,1083729038846984192,RJ47GA6358,6040000,1778146267000,67.7973122498239,65.251,1.6500000000005457,25.680800094630264,2.5408476277825818,25.68080009463026,1778140227000-632578958264631296-1083729038846984192,68.70000000001164,,,,
997896292355014656,1778140244000-632578958264631296-997896292355014656,1778140244000,1778146317000,1,65.215,22.243,2.9319336420446884,632578958264631296,1778140244000,997896292355014656,RJ47GA5837,6073000,1778146317000,58.72031744783114,65.215,1.6499999999996362,22.242544487814826,2.93199368605183,22.242544487814826,1778140244000-632578958264631296-997896292355014656,68.33499999999185,,,,
1176582451024101376,1778160158000-632578958264631296-1176582451024101376,1778160158000,1778165927000,1,65.071,21.062,3.0894976735352766,632578958264631296,1778160158000,1176582451024101376,RJ47GA6342,5769000,1778165927000,55.60368000001414,65.071,1.6000000000003638,21.062000000005355,3.089497673534491,21.062000000005355,1778160158000-632578958264631296-1176582451024101376,68.70000000001164,,,,
876149191938670592,1778160935000-632578958264631296-876149191938670592,1778160935000,1778167629000,1,65.014,15.033,4.324752211800705,632578958264631296,1778160935000,876149191938670592,RJ14GG6176,6694000,1778167629000,39.685887400041544,65.014,1.7999999999992724,15.032533106076341,4.324886533841759,15.032533106076341,1778160935000-632578958264631296-876149191938670592,64.125,['897856654735835136'],,,
1083727986517082112,1778167521000-632578958264631296-1083727986517082112,1778167521000,1778174123000,1,64.948,27.295,2.3794834218721372,632578958264631296,1778167521000,1083727986517082112,RJ47GA6315,6602000,1778174123000,72.0598100036178,64.948,1.800000000000182,27.295382577127953,2.3794500705926316,27.295382577127953,1778167521000-632578958264631296-1083727986517082112,68.39999999999418,,,,
939547788868321280,1778156820000-632578958264631296-939547788868321280,1778156820000,1778163180000,1,64.762,19.963,3.2441015879376844,632578958264631296,1778156820000,939547788868321280,RJ14GH7603,6360000,1778163180000,52.702770333666706,64.762,0.0,19.963170580934356,3.2440738677978516,0.001,1778156820000-632578958264631296-939547788868321280,,,,,
1385588705250508800,1778126929000-632578958264631296-1385588705250508800,1778126929000,1778132676000,1,64.722,12.67,5.108287292817679,632578958264631296,1778126929000,1385588705250508800,NL01AJ5691,5747000,1778132676000,33.4496916004156,64.722,1.550000000000182,12.67033772743015,5.1081511315900165,12.670337727430148,1778126929000-632578958264631296-1385588705250508800,66.0,,,,
1506655599683698688,1778161295000-632578958264631296-1506655599683698688,1778161295000,1778166504000,1,64.699,22.902,2.8250371146624746,632578958264631296,1778161295000,1506655599683698688,RJ47GA8529,5209000,1778166504000,60.46121312478193,64.699,1.3999999999999773,22.901974668478,2.8250402393925844,22.901974668478,1778161295000-632578958264631296-1506655599683698688,67.15499999999884,,,,
797458881650360320,1778162838000-632578958264631296-797458881650360320,1778162838000,1778168259000,1,64.622,21.457,3.011697814233117,632578958264631296,1778162838000,797458881650360320,RJ47GA3119,5421000,1778168259000,56.6457020861669,64.622,1.4499999999989086,21.45670533566928,3.0117391737944703,21.45670533566928,1778162838000-632578958264631296-797458881650360320,72.76000000000931,['900758004213743620'],,900758004213743620,
866648789010612224,1778164715000-632578958264631296-866648789010612224,1778164715000,1778170693000,1,64.43,20.21,3.1880257298367147,632578958264631296,1778164715000,866648789010612224,RJ47GA4406,5978000,1778170693000,53.35365117208253,64.43,1.6000000000003638,20.209716353061562,3.188070474340899,20.209716353061562,1778164715000-632578958264631296-866648789010612224,67.0,,,,1.6401919780336904
943859348893859840,1778153422000-632578958264631296-943859348893859840,1778153422000,1778160373000,1,64.424,19.949,3.229435059401474,632578958264631296,1778153422000,943859348893859840,RJ47GA1998,6951000,1778160373000,52.66500100331417,64.424,1.8999999999996362,19.94886401640688,3.229457073195481,19.94886401640688,1778153422000-632578958264631296-943859348893859840,66.5,,,,
933416236518211584,1778111530000-632578958264631296-933416236518211584,1778111530000,1778118736000,1,64.413,24.897,2.587179178214243,632578958264631296,1778111530000,933416236518211584,RJ47GA4043,7206000,1778118736000,65.72879984984333,64.413,2.0,24.897272670395196,2.587150843899143,24.897272670395196,1778111530000-632578958264631296-933416236518211584,70.0,,,,
1056588446363025408,1778128100000-632578958264631296-1056588446363025408,1778128100000,1778135809000,1,64.375,26.438,2.434942128754066,632578958264631296,1778128100000,1056588446363025408,RJ47GA3530,7709000,1778135809000,69.79703869900322,64.375,2.1328941666670302,26.43827223447092,2.4349170561934894,26.7882921756904,1778128100000-632578958264631296-1056588446363025408,64.375,,,,
860147487929794560,1778114930000-632578958264631296-860147487929794560,1778114930000,1778122630000,1,64.354,22.778,2.8252699973658797,632578958264631296,1778114930000,860147487929794560,RJ47GA4003,7700000,1778122630000,60.133513984786376,64.354,2.100000000000364,22.777846206358475,2.8252890732941847,22.777846206358475,1778114930000-632578958264631296-860147487929794560,45.375,,,,
1131239476161413120,1778153421000-632578958264631296-1131239476161413120,1778153421000,1778160644000,1,64.228,23.71,2.708899198650358,632578958264631296,1778153421000,1131239476161413120,RJ47GA6182,7223000,1778160644000,62.595139045480366,64.228,1.949999999999818,23.710279941469835,2.7088672153407907,23.710279941469835,1778153421000-632578958264631296-1131239476161413120,68.5,,,,
780109531760820224,1778139440000-632578958264631296-780109531760820224,1778139440000,1778146615000,1,64.163,17.586,3.6485272375753444,632578958264631296,1778139440000,780109531760820224,RJ47GA3172,7175000,1778146615000,46.42787949263625,64.163,1.9499999999989086,17.586317989634942,3.648461266185253,17.586317989634942,1778139440000-632578958264631296-780109531760820224,72.77000000001863,['900758004213743624'],,900758004213743624,
1501934002158698496,1778123782000-632578958264631296-1501934002158698496,1778123782000,1778129498000,1,64.076,17.764,3.6070704796217066,632578958264631296,1778123782000,1501934002158698496,NL01AK3123,5716000,1778129498000,46.89625235665753,64.076,1.5499999999999545,17.763731953279365,3.6071249086918877,17.763731953279365,1778123782000-632578958264631296-1501934002158698496,67.25,,,,
1406586595699589120,1778127852000-632578958264631296-1406586595699589120,1778127852000,1778134060000,1,64.014,22.017,2.9074805831857202,632578958264631296,1778127852000,1406586595699589120,NL01AJ7423,6208000,1778134060000,58.12574050167674,64.014,1.7000000000002728,22.017325947604824,2.90743754043228,22.017325947604824,1778127852000-632578958264631296-1406586595699589120,67.38499999999476,,,,
1152269356621627392,1778164817000-632578958264631296-1152269356621627392,1778164817000,1778171116000,1,63.918,14.959,4.272879203155291,632578958264631296,1778164817000,1152269356621627392,RJ47GA6374,6299000,1778171116000,39.49298274782481,63.918,1.75,14.95946316205485,4.272746909937919,14.95946316205485,1778164817000-632578958264631296-1152269356621627392,66.10000000000582,,,,
1476549765217910784,1778151469000-632578958264631296-1476549765217910784,1778151469000,1778156786000,1,63.869,28.118,2.2714631197097948,632578958264631296,1778151469000,1476549765217910784,NL01AK3042,5317000,1778156786000,74.23188218353022,63.869,1.4500000000000455,28.11813719073114,2.2714520370522187,28.11813719073114,1778151469000-632578958264631296-1476549765217910784,67.125,,,,
1268615233111326720,1778164827000-632578958264631296-1268615233111326720,1778164827000,1778171243000,1,63.817,14.62,4.365047879616963,632578958264631296,1778164827000,1268615233111326720,RJ47GA5672,6416000,1778171243000,38.59658966991306,63.817,1.75,14.619920329512523,4.365071666715975,14.619920329512523,1778164827000-632578958264631296-1268615233111326720,66.09999999997672,,,,
1176582451024101376,1778110545000-632578958264631296-1176582451024101376,1778110545000,1778116545000,1,63.739,21.531,2.960336259346988,632578958264631296,1778110545000,1176582451024101376,RJ47GA6342,6000000,1778116545000,56.841840000007075,63.739,1.6500000000005457,21.531000000002678,2.9603362593466196,21.531000000002678,1778110545000-632578958264631296-1176582451024101376,67.5,,,,
947091862986948608,1778161886000-632578958264631296-947091862986948608,1778161886000,1778167769000,1,63.535,12.262,5.181454901321154,632578958264631296,1778161886000,947091862986948608,RJ47GA3376,5883000,1778167769000,32.37071627503413,63.535,1.5500000000010914,12.261634952664442,5.181609161035568,10.08377088965233,1778161886000-632578958264631296-947091862986948608,67.5,,,,
1177288436235632640,1778110958000-632578958264631296-1177288436235632640,1778110958000,1778116290000,1,63.491,14.682,4.324410843209372,632578958264631296,1778110958000,1177288436235632640,RJ14GP9555,5332000,1778116290000,38.76095119661834,63.491,1.449999999999818,14.682178483567554,4.324358273607679,14.682178483567556,1778110958000-632578958264631296-1177288436235632640,65.60000000000582,,,,
1120316481867874304,1778138354000-632578958264631296-1120316481867874304,1778138354000,1778143782000,1,63.431,18.427,3.4422857763065067,632578958264631296,1778138354000,1120316481867874304,RJ47GA6413,5428000,1778143782000,48.64770939896482,63.431,1.449999999999818,18.427162651123037,3.442255392266493,18.427162651123037,1778138354000-632578958264631296-1120316481867874304,63.0,,,,
1363836271826305024,1778153197000-632578958264631296-1363836271826305024,1778153197000,1778158932000,1,63.303,21.174,2.9896571266647776,632578958264631296,1778153197000,1363836271826305024,NL01AJ4205,5735000,1778158932000,55.89824887318686,63.303,1.550000000000182,21.173579118631384,2.9897165540755197,21.173579118631384,1778153197000-632578958264631296-1363836271826305024,65.0,,,,
946025653910634496,1778139603000-632578958264631296-946025653910634496,1778139603000,1778146308000,1,63.254,18.252,3.465592811746658,632578958264631296,1778139603000,946025653910634496,RJ47GA3361,6705000,1778146308000,48.18501076205607,63.254,1.8500000000003638,18.25189801593033,3.4656121760483023,18.25189801593033,1778139603000-632578958264631296-946025653910634496,67.0,,,,
877447351826907136,1778143244000-632578958264631296-877447351826907136,1778143244000,1778149033000,1,63.239,19.259,3.283607663949322,632578958264631296,1778143244000,877447351826907136,RJ14GN1571,5789000,1778149033000,50.843747849102705,63.239,1.6000000000003638,19.258995397387388,3.283608448682572,19.258995397387388,1778143244000-632578958264631296-877447351826907136,65.39999999996508,,,,0.0
1389243940330274816,1778128031000-632578958264631296-1389243940330274816,1778128031000,1778136511000,1,63.128,29.789,2.1191715062607,632578958264631296,1778128031000,1389243940330274816,NL01AJ6140,8480000,1778136511000,78.64258747126419,63.128,2.300000000000182,29.788858890630376,2.119181544743761,29.788858890630376,1778128031000-632578958264631296-1389243940330274816,65.0,,,,
1476549765217910784,1778124674000-632578958264631296-1476549765217910784,1778124674000,1778131244000,1,63.122,25.072,2.517629227823867,632578958264631296,1778124674000,1476549765217910784,NL01AK3042,6570000,1778131244000,66.19075080707893,63.122,1.7999999999999545,25.0722540935905,2.5176037130278037,25.0722540935905,1778124674000-632578958264631296-1476549765217910784,66.125,,,,
869918310366445568,1778146232000-632578958264631296-869918310366445568,1778146232000,1778152127000,1,63.114,17.526,3.6011639849366652,632578958264631296,1778146232000,869918310366445568,RJ47GA4503,5895000,1778152127000,46.26823375356983,63.114,1.5999999999994543,17.52584611877645,3.6011956040389017,17.52584611877645,1778146232000-632578958264631296-869918310366445568,65.20000000001164,,,,1.8431995385384654
1500491887742550016,1778124324000-632578958264631296-1500491887742550016,1778124324000,1778132839000,1,63.103,17.64,3.5772675736961452,632578958264631296,1778124324000,1500491887742550016,NL01AK3121,8515000,1778132839000,46.56915995297502,63.103,2.3500000000000227,17.63983331552084,3.577301376452196,17.63983331552084,1778124324000-632578958264631296-1500491887742550016,66.25,,,,
1406228892573761536,1778146218000-632578958264631296-1406228892573761536,1778146218000,1778152090000,1,63.065,19.518,3.2311199918024385,632578958264631296,1778146218000,1406228892573761536,NL01AJ7421,5872000,1778152090000,51.526367384297124,63.065,1.6000000000003638,19.517563403142848,3.2311922701296236,19.517563403142848,1778146218000-632578958264631296-1406228892573761536,66.625,,,,
1176184196838719488,1778169942000-632578958264631296-1176184196838719488,1778169942000,1778175290000,1,62.958,18.391,3.4233048773856782,632578958264631296,1778169942000,1176184196838719488,RJ14GP9553,5348000,1778175290000,48.55210657494647,62.958,1.421297222222768,18.390949460206997,3.42331428489997,18.355795711116734,1778169942000-632578958264631296-1176184196838719488,64.29999999998836,,,,
1050035941135089664,1778162866000-632578958264631296-1050035941135089664,1778162866000,1778168767000,1,62.923,23.043,2.73067742915419,632578958264631296,1778162866000,1050035941135089664,RJ47GA5558,5901000,1778168767000,60.832556242726525,62.923,1.6000000000003638,23.042634940426712,2.730720690696963,23.042634940426712,1778162866000-632578958264631296-1050035941135089664,67.29999999998836,,,,
939546576563470336,1778154108000-632578958264631296-939546576563470336,1778154108000,1778160140000,1,62.889,24.825,2.5332930513595167,632578958264631296,1778154108000,939546576563470336,RJ14GN1594,6032000,1778160140000,65.53689908623342,62.889,0.0,24.824582987209627,2.5333356065800707,24.824582987209627,1778154108000-632578958264631296-939546576563470336,65.10000000003492,,,,
1132636843020386304,1778170899000-632578958264631296-1132636843020386304,1778170899000,1778179076000,1,62.746,17.821,3.520902306267886,632578958264631296,1778170899000,1132636843020386304,RJ47GA4655,8177000,1778179076000,47.046971849318226,62.746,2.25,17.820822670196296,3.5209373417388288,17.820822670196296,1778170899000-632578958264631296-1132636843020386304,64.60000000000582,,,,
1535700301011484672,1778170805000-632578958264631296-1535700301011484672,1778170805000,1778178628000,1,62.663,16.05,3.9042367601246104,632578958264631296,1778170805000,1535700301011484672,NL01AK7896,7823000,1778178628000,42.372975705859886,62.663,2.1500000000000057,16.050369585552986,3.904146858799019,16.050369585552986,1778170805000-632578958264631296-1535700301011484672,63.659999999999854,,,,
1067771070980816896,1778135077000-632578958264631296-1067771070980816896,1778135077000,1778140490000,1,62.621,21.697,2.886159376872379,632578958264631296,1778135077000,1067771070980816896,RJ47GA3902,5413000,1778140490000,57.27955222646768,62.621,1.5,21.69680008578321,2.8861859699316814,21.69680008578321,1778135077000-632578958264631296-1067771070980816896,60.875,,,,
946036270407090176,1778135102000-632578958264631296-946036270407090176,1778135102000,1778140623000,1,62.595,23.014,2.719866168419223,632578958264631296,1778135102000,946036270407090176,RJ47GA2720,5521000,1778140623000,60.757234722886736,62.595,1.5,23.01410406169952,2.719853870139212,23.014104061699523,1778135102000-632578958264631296-946036270407090176,64.0,,,,
1536014603211767808,1778165656000-632578958264631296-1536014603211767808,1778165656000,1778173100000,1,62.562,14.989,4.173860831276269,632578958264631296,1778165656000,1536014603211767808,NL01AK9193,7444000,1778173100000,39.57027974909463,62.562,2.0,14.98874232920251,4.17393258393072,14.988742329202509,1778165656000-632578958264631296-1536014603211767808,63.86500000000024,,,,
1479447378401427456,1778157461000-632578958264631296-1479447378401427456,1778157461000,1778163933000,1,62.549,29.497,2.120520730921789,632578958264631296,1778157461000,1479447378401427456,NL01AK3096,6472000,1778163933000,77.87120772338358,62.549,1.7000000000000455,29.49666959219075,2.1205444839969276,29.49666959219075,1778157461000-632578958264631296-1479447378401427456,63.25,,,,
1536014596580573184,1778165721000-632578958264631296-1536014596580573184,1778165721000,1778172897000,1,62.321,15.095,4.128585624378933,632578958264631296,1778165721000,1536014596580573184,NL01AK9192,7176000,1778172897000,39.85117819562269,62.321,1.9500000000000028,15.095143255917684,4.128546443278607,15.095143255917684,1778165721000-632578958264631296-1536014596580573184,63.67000000000007,,,,
1083726789898928128,1778123807000-632578958264631296-1083726789898928128,1778123807000,1778129911000,1,62.173,24.064,2.5836519281914896,632578958264631296,1778123807000,1083726789898928128,RJ47GA6312,6104000,1778129911000,63.52798449594955,62.173,1.6500000000005457,24.06363049088998,2.5836916014621103,24.06363049088998,1778123807000-632578958264631296-1083726789898928128,65.5,,,,
1468940686052032512,1778135247000-632578958264631296-1468940686052032512,1778135247000,1778141890000,1,62.116,18.147,3.4229349203725135,632578958264631296,1778135247000,1468940686052032512,RJ14GQ0824,6643000,1778141890000,47.907388572574824,62.116,1.800000000000182,18.14673809567228,3.4229843221693774,18.14673809567228,1778135247000-632578958264631296-1468940686052032512,63.80000000001746,,,,
1142833661045899264,1778110615000-632578958264631296-1142833661045899264,1778110615000,1778116406000,1,61.731,23.536,2.6228331067301154,632578958264631296,1778110615000,1142833661045899264,RJ47GA6293,5791000,1778116406000,62.13449732947692,61.731,1.550000000000182,23.535794442983683,2.622856014040469,23.535794442983683,1778110615000-632578958264631296-1142833661045899264,65.5,,,,
1526262198169501696,1778147896000-632578958264631296-1526262198169501696,1778147896000,1778153741000,1,61.722,26.293,2.3474689080743927,632578958264631296,1778147896000,1526262198169501696,NL01AK6561,5845000,1778153741000,69.41365961571671,61.722,1.5499999999999545,26.29305288474118,2.3474641864741215,26.293052884741176,1778147896000-632578958264631296-1526262198169501696,64.0,,,,
1500145408670695424,1778172733000-632578958264631296-1500145408670695424,1778172733000,1778180990000,1,61.637,25.133,2.452433056141328,632578958264631296,1778172733000,1500145408670695424,NL01AK3125,8257000,1778180990000,66.35060705746788,61.637,2.25,25.132805703586317,2.452452015383413,25.132805703586317,1778172733000-632578958264631296-1500145408670695424,65.0,,,,
947452563299500032,1778137108000-632578958264631296-947452563299500032,1778137108000,1778142688000,1,61.616,18.94,3.2532206969376976,632578958264631296,1778137108000,947452563299500032,RJ47GA2721,5580000,1778142688000,50.00262755965546,61.616,1.5,18.94038922714222,3.253153842884189,18.94038922714222,1778137108000-632578958264631296-947452563299500032,60.0,,,,
970288452387995648,1778147567000-632578958264631296-970288452387995648,1778147567000,1778152435000,1,61.543,16.05,3.834454828660436,632578958264631296,1778147567000,970288452387995648,RJ47GA3399,4868000,1778152435000,42.373045879510585,61.543,1.2999999999992724,16.05039616648128,3.8343601841132644,16.05039616648128,1778147567000-632578958264631296-970288452387995648,41.875,,,,
947583451614150656,1778137753000-632578958264631296-947583451614150656,1778137753000,1778144311000,1,61.385,24.742,2.481003960876243,632578958264631296,1778137753000,947583451614150656,RJ47GA3784,6558000,1778144311000,65.3181313928113,61.385,0.0,24.741716436670945,2.4810323955139264,24.74171643667094,1778137753000-632578958264631296-947583451614150656,58.75,,,,
1536014543027699712,1778156177000-632578958264631296-1536014543027699712,1778156177000,1778162390000,1,61.313,21.084,2.908034528552457,632578958264631296,1778156177000,1536014543027699712,NL01AK8409,6213000,1778162390000,55.662105465751495,61.313,1.6499999999999773,21.084130858239202,2.908016479893942,21.084130858239202,1778156177000-632578958264631296-1536014543027699712,63.17000000000007,,,,
1489984398731247616,1778157996000-632578958264631296-1489984398731247616,1778157996000,1778163726000,1,61.232,20.88,2.932567049808429,632578958264631296,1778157996000,1489984398731247616,Nl01AK8377,5730000,1778163726000,55.12320000000029,61.232,1.5500000000000114,20.88000000000011,2.9325670498084135,20.88000000000011,1778157996000-632578958264631296-1489984398731247616,62.66500000000087,,,,
929707161364201472,1778117022000-632578958264631296-929707161364201472,1778117022000,1778124569000,1,60.973,28.326,2.1525453646826236,632578958264631296,1778117022000,929707161364201472,RJ47GA3515,7547000,1778124569000,74.78182164011126,60.973,2.0499999999992724,28.326447590951236,2.152511351952144,28.326447590951236,1778117022000-632578958264631296-929707161364201472,65.5,,,,
848986467664396288,1778156209000-632578958264631296-848986467664396288,1778156209000,1778161215000,1,60.883,19.631,3.1013702816973154,632578958264631296,1778156209000,848986467664396288,RJ47GA3067,5006000,1778161215000,51.82644725286094,60.883,1.2999999999992724,19.631230020023082,3.1013339427993936,19.631230020023082,1778156209000-632578958264631296-848986467664396288,68.03999999997905,['900758004201160714'],,900758004201160714,
821719550704746496,1778114362000-632578958264631296-821719550704746496,1778114362000,1778119659000,1,60.866,19.647,3.097979335267471,632578958264631296,1778114362000,821719550704746496,RJ47GA3076,5297000,1778119659000,51.867608943763884,60.866,1.4000000000014552,19.646821569607532,3.0980074707939576,19.646821569607532,1778114362000-632578958264631296-821719550704746496,68.46000000002095,['900758004205355011'],,900758004205355011,
1101157025884143616,1778115558000-632578958264631296-1101157025884143616,1778115558000,1778121087000,1,60.705,13.576,4.471493812610489,632578958264631296,1778115558000,1101157025884143616,RJ47GA5517,5529000,1778121087000,35.84034932276033,60.705,1.4499999999989086,13.575889894984973,4.471530077923278,11.977955693752016,1778115558000-632578958264631296-1101157025884143616,63.100000000034925,,,,
901057526324264960,1778137575000-632578958264631296-901057526324264960,1778137575000,1778143301000,1,60.677,30.407,1.9954944585128425,632578958264631296,1778137575000,901057526324264960,RJ47GA4008,5726000,1778143301000,80.2739257325524,60.677,1.5499999999992724,30.40679005020924,1.995508236805235,30.40679005020924,1778137575000-632578958264631296-901057526324264960,61.125,,,,
1500145408670695424,1778117031000-632578958264631296-1500145408670695424,1778117031000,1778124349000,1,60.61,28.536,2.1239837398373984,632578958264631296,1778117031000,1500145408670695424,NL01AK3125,7318000,1778124349000,75.33471264803501,60.61,2.0,28.535876003043562,2.123992969185018,28.535876003043565,1778117031000-632578958264631296-1500145408670695424,64.125,,,,
1478688867300147200,1778121299000-632578958264631296-1478688867300147200,1778121299000,1778126760000,1,60.574,17.426,3.4760702398714565,632578958264631296,1778121299000,1478688867300147200,NL01AK3095,5461000,1778126760000,46.005663774158414,60.574,1.5,17.426387793241823,3.4759928861155824,17.426387793241823,1778121299000-632578958264631296-1478688867300147200,64.0,,,,
1067774958987378688,1778120010000-632578958264631296-1067774958987378688,1778120010000,1778125724000,1,60.555,20.308,2.9818298207602916,632578958264631296,1778120010000,1067774958987378688,RJ47GA6419,5714000,1778125724000,53.61408566790106,60.555,1.550000000000182,20.308365783295855,2.981776113654995,20.308365783295855,1778120010000-632578958264631296-1067774958987378688,63.0,,,,
1152269748554170368,1778156063000-632578958264631296-1152269748554170368,1778156063000,1778162968000,1,60.534,22.427,2.6991572657956926,632578958264631296,1778156063000,1152269748554170368,RJ14GQ0814,6905000,1778162968000,59.206288075098634,60.534,1.8500000000003638,22.426624270870693,2.6992024866901567,22.426624270870693,1778156063000-632578958264631296-1152269748554170368,62.79999999998836,,,,
1083778254826897408,1778092515000-632578958264631296-1083778254826897408,1778092515000,1778100096000,1,60.505,16.67,3.629574085182963,632578958264631296,1778092515000,1083778254826897408,RJ47GA3529,7581000,1778100096000,44.00769251479828,60.505,2.0499999999992724,16.66958049802965,3.6296654260226715,16.66958049802965,1778092515000-632578958264631296-1083778254826897408,58.375,,,,
1545824186436419584,1778115465000-632578958264631296-1545824186436419584,1778115465000,1778120145000,1,60.493,17.289,3.498929955463011,632578958264631296,1778115465000,1545824186436419584,NL01AK8995,4680000,1778120145000,45.64360202143484,60.493,1.25,17.289243189937437,3.4988807396270363,17.289243189937437,1778115465000-632578958264631296-1545824186436419584,62.934999999999945,,,,
942469061864849408,1778165561000-632578958264631296-942469061864849408,1778165561000,1778172036000,1,60.467,27.625,2.1888506787330315,632578958264631296,1778165561000,942469061864849408,RJ47GA3637,6475000,1778172036000,72.92881506602535,60.467,1.75,27.624551161373237,2.1888862427763023,27.624551161373233,1778165561000-632578958264631296-942469061864849408,56.25,,,,
1545824482457812992,1778167644000-632578958264631296-1545824482457812992,1778167644000,1778172881000,1,60.396,20.915,2.8876882620129094,632578958264631296,1778167644000,1545824482457812992,NL01AK8869,5237000,1778172881000,55.2160145766729,60.396,1.4000000000000057,20.91515703661852,2.8876665804735735,20.91515703661852,1778167644000-632578958264631296-1545824482457812992,61.475000000000364,,,,
1478688867300147200,1778112978000-632578958264631296-1478688867300147200,1778112978000,1778119058000,1,60.351,25.1,2.404422310756972,632578958264631296,1778112978000,1478688867300147200,NL01AK3095,6080000,1778119058000,66.26509261007058,60.351,1.7000000000000455,25.10041386745098,2.404382665508966,25.10041386745098,1778112978000-632578958264631296-1478688867300147200,63.75,,,,
1152269356621627392,1778129760000-632578958264631296-1152269356621627392,1778129760000,1778135187000,1,60.331,15.817,3.814313713093507,632578958264631296,1778129760000,1152269356621627392,RJ47GA6374,5427000,1778135187000,41.75681743022591,60.331,1.5,15.816976299327996,3.814319428585301,15.816976299327996,1778129760000-632578958264631296-1152269356621627392,62.5,,,,
959434235414839296,1778123541000-632578958264631296-959434235414839296,1778123541000,1778128521000,1,60.238,12.187,4.9428079100681055,632578958264631296,1778123541000,959434235414839296,RJ47GA4862,4980000,1778128521000,32.1736857086106,60.238,1.3499999999994543,12.1870021623525,4.942807033060545,12.1870021623525,1778123541000-632578958264631296-959434235414839296,61.699999999953434,,,,
1268614873160351744,1778133373000-632578958264631296-1268614873160351744,1778133373000,1778138802000,1,59.975,22.171,2.705110279193541,632578958264631296,1778133373000,1268614873160351744,RJ47GA5515,5429000,1778138802000,58.5304635343419,59.975,1.5,22.170630126644657,2.7051554086377574,22.170630126644657,1778133373000-632578958264631296-1268614873160351744,62.60000000000582,,,,
1083727289243402240,1778153390000-632578958264631296-1083727289243402240,1778153390000,1778160061000,1,59.947,24.753,2.421807457681897,632578958264631296,1778153390000,1083727289243402240,RJ47GA6320,6671000,1778160061000,65.3485656876538,59.947,0.0,24.753244578656744,2.421783528600075,24.753244578656744,1778153390000-632578958264631296-1083727289243402240,63.19999999998254,,,,
1536022277991170048,1778145525000-632578958264631296-1536022277991170048,1778145525000,1778151419000,1,59.839,21.15,2.8292671394799056,632578958264631296,1778145525000,1536022277991170048,NL01AK7897,5894000,1778151419000,55.83676636353191,59.839,1.6000000000000227,21.15029028921663,2.8292283075901143,21.15029028921663,1778145525000-632578958264631296-1536022277991170048,61.85999999999967,,,,
1131239476161413120,1778117606000-632578958264631296-1131239476161413120,1778117606000,1778123826000,1,59.833,19.703,3.036745673247729,632578958264631296,1778117606000,1131239476161413120,RJ47GA6182,6220000,1778123826000,52.016348569318524,59.833,1.6499999999996362,19.703162336863077,3.036720653113492,19.703162336863077,1778117606000-632578958264631296-1131239476161413120,63.79999999998836,,,,
1535700301011484672,1778115524000-632578958264631296-1535700301011484672,1778115524000,1778121039000,1,59.708,13.6,4.390294117647059,632578958264631296,1778115524000,1535700301011484672,NL01AK7896,5515000,1778121039000,35.90434037883865,59.708,1.5,13.600128931378276,4.390252496962837,13.600128931378276,1778115524000-632578958264631296-1535700301011484672,62.1899999999996,,,,
877447351826907136,1778108151000-632578958264631296-877447351826907136,1778108151000,1778114779000,1,59.482,19.598,3.0351056230227575,632578958264631296,1778108151000,877447351826907136,RJ14GN1571,6628000,1778114779000,51.73975139334301,59.482,1.7000000000007276,19.598390679296596,3.0350451204565365,19.598390679296596,1778108151000-632578958264631296-877447351826907136,61.5,,,,0.3679999999999987
1120316481867874304,1778162425000-632578958264631296-1120316481867874304,1778162425000,1778168037000,1,59.425,24.513,2.4242238812058905,632578958264631296,1778162425000,1120316481867874304,RJ47GA6413,5612000,1778168037000,64.71506945418332,59.425,1.449999999999818,24.513283884160348,2.4241958066825315,24.513283884160348,1778162425000-632578958264631296-1120316481867874304,58.80000000001746,,,,
1479447378401427456,1778128979000-632578958264631296-1479447378401427456,1778128979000,1778136453000,1,59.362,27.5,2.158618181818182,632578958264631296,1778128979000,1479447378401427456,NL01AK3096,7474000,1778136453000,72.60000000000001,59.362,2.0,27.5,2.158618181818182,27.5,1778128979000-632578958264631296-1479447378401427456,58.25,,,,
946032744595456000,1778151207000-632578958264631296-946032744595456000,1778151207000,1778156555000,1,59.309,24.296,2.441101415870925,632578958264631296,1778151207000,946032744595456000,RJ47GA3516,5348000,1778156555000,64.14236684242258,59.309,1.5,24.296351076675215,2.441066142517892,24.296351076675215,1778151207000-632578958264631296-946032744595456000,60.0,,,,
1131631502098956288,1778157909000-632578958264631296-1131631502098956288,1778157909000,1778163709000,1,59.223,19.49,3.038635197537199,632578958264631296,1778157909000,1131631502098956288,RJ47GA6180,5800000,1778163709000,51.45276628410559,59.223,0.0,19.489684198524845,3.038684434121438,19.489684198524845,1778157909000-632578958264631296-1131631502098956288,63.5,,,,
939141093658722304,1778127378000-632578958264631296-939141093658722304,1778127378000,1778132779000,1,59.152,24.464,2.417920209287116,632578958264631296,1778127378000,939141093658722304,RJ47GA3768,5401000,1778132779000,64.58469563693222,59.152,1.4500000000007276,24.463899862474324,2.417930106504992,24.46389986247432,1778127378000-632578958264631296-939141093658722304,67.625,,,,
1067764977248501760,1778133279000-632578958264631296-1067764977248501760,1778133279000,1778138406000,1,59.126,23.166,2.552274885608219,632578958264631296,1778133279000,1067764977248501760,RJ47GA5835,5127000,1778138406000,61.1579204202376,59.126,1.4000000000005457,23.165878947059696,2.552288222480956,23.165878947059696,1778133279000-632578958264631296-1067764977248501760,61.69999999998254,,,,
1131239834900234240,1778132045000-632578958264631296-1131239834900234240,1778132045000,1778137847000,1,59.01,20.5,2.8785365853658536,632578958264631296,1778132045000,1131239834900234240,RJ47GA6181,5802000,1778137847000,54.120000000000005,59.01,1.6000000000003638,20.5,2.8785365853658536,20.5,1778132045000-632578958264631296-1131239834900234240,61.80000000001746,,,,
901057526324264960,1778126120000-632578958264631296-901057526324264960,1778126120000,1778131540000,1,58.992,21.709,2.7173983140632916,632578958264631296,1778126120000,901057526324264960,RJ47GA4008,5420000,1778131540000,57.31180961001594,58.992,1.4499999999989086,21.709018791672705,2.717395961839996,21.709018791672705,1778126120000-632578958264631296-901057526324264960,59.375,,,,
1088511709141794816,1778152513000-632578958264631296-1088511709141794816,1778152513000,1778161347000,1,58.984,39.067,1.5098164691427547,632578958264631296,1778152513000,1088511709141794816,RJ47GA5905,8834000,1778161347000,103.13557236634797,58.984,2.449999999999818,39.066504684222714,1.5098356117797533,39.066504684222714,1778152513000-632578958264631296-1088511709141794816,62.39999999999418,,,,
934473019407990784,1778157166000-632578958264631296-934473019407990784,1778157166000,1778163149000,1,58.956,27.462,2.146821061830894,632578958264631296,1778157166000,934473019407990784,RJ47GA4712,5983000,1778163149000,72.50005360371583,58.956,1.6000000000003638,27.462141516559022,2.1468099989380263,27.462141516559026,1778157166000-632578958264631296-934473019407990784,60.59999999997672,,,,
947452563299500032,1778112925000-632578958264631296-947452563299500032,1778112925000,1778118772000,1,58.895,16.593,3.5493882962695116,632578958264631296,1778112925000,947452563299500032,RJ47GA2721,5847000,1778118772000,43.804632085985766,58.895,1.5999999999985448,16.592663668934,3.5494602418939842,16.592663668934,1778112925000-632578958264631296-947452563299500032,57.375,,,,
780059706918961152,1778137663000-632578958264631296-780059706918961152,1778137663000,1778142022000,1,58.815,16.162,3.6390916965722067,632578958264631296,1778137663000,780059706918961152,RJ47GA3183,4359000,1778142022000,42.66752568536966,58.815,1.1500000000014552,16.161941547488507,3.6391048579890195,16.161941547488507,1778137663000-632578958264631296-780059706918961152,65.72999999998137,['900758004217937931'],,900758004217937931,
932302785804763136,1778113196000-632578958264631296-932302785804763136,1778113196000,1778118522000,1,58.813,13.888,4.23480702764977,632578958264631296,1778113196000,932302785804763136,RJ47GA4681,5326000,1778118522000,36.665534518449704,58.813,0.0,13.888460044867312,4.2346667528294635,13.88846004486731,1778113196000-632578958264631296-932302785804763136,60.70000000001164,,,,
936665179544879104,1778153394000-632578958264631296-936665179544879104,1778153394000,1778158743000,1,58.795,20.445,2.875764245536806,632578958264631296,1778153394000,936665179544879104,RJ47GA4716,5349000,1778158743000,53.97598853450833,58.795,1.4499999999989086,20.445450202465278,2.875700922101026,20.445450202465278,1778153394000-632578958264631296-936665179544879104,60.79999999998836,,,,
1068875501654769664,1778129588000-632578958264631296-1068875501654769664,1778129588000,1778134950000,1,58.772,11.735,5.008265871325096,632578958264631296,1778129588000,1068875501654769664,RJ47GA3881,5362000,1778134950000,30.980277232414828,58.772,1.4000000000005457,11.734953497126828,5.0082857179101445,11.734953497126828,1778129588000-632578958264631296-1068875501654769664,59.5,,,,
800734942576246784,1778137658000-632578958264631296-800734942576246784,1778137658000,1778142040000,1,58.754,16.53,3.55438596491228,632578958264631296,1778137658000,800734942576246784,RJ47GA3337,4382000,1778142040000,43.63831446088614,58.754,1.1499999999996362,16.52966456851748,3.554458092991391,16.52966456851748,1778137658000-632578958264631296-800734942576246784,65.63000000000466,['900758004217937929'],,900758004217937929,
1094955908762435584,1778164002000-632578958264631296-1094955908762435584,1778164002000,1778174587000,1,58.662,20.618,2.845183819963139,632578958264631296,1778164002000,1094955908762435584,RJ47GA5970,10585000,1778174587000,54.4325365989401,58.662,2.9000000000005457,20.618385075356098,2.8451306824274574,20.618385075356098,1778164002000-632578958264631296-1094955908762435584,60.19999999998254,,,,
847116116999274496,1778145737000-632578958264631296-847116116999274496,1778145737000,1778151814000,1,58.572,19.529,2.999231911516207,632578958264631296,1778145737000,847116116999274496,RJ47GA3311,6077000,1778151814000,51.5558704059509,58.572,1.6499999999996362,19.528738790132916,2.9992720282373826,19.528738790132916,1778145737000-632578958264631296-847116116999274496,,,,,
943859348893859840,1778117815000-632578958264631296-943859348893859840,1778117815000,1778123641000,1,58.464,16.721,3.4964416003827523,632578958264631296,1778117815000,943859348893859840,RJ47GA1998,5826000,1778123641000,44.14340019093523,58.464,1.5999999999985448,16.7209849208088,3.4964447535170717,16.7209849208088,1778117815000-632578958264631296-943859348893859840,60.875,,,,
944589217739046912,1778134065000-632578958264631296-944589217739046912,1778134065000,1778139652000,1,58.441,16.303,3.5846776666871127,632578958264631296,1778134065000,944589217739046912,RJ47GA2631,5587000,1778139652000,43.03957889695883,58.441,1.5499999999992724,16.302870794302585,3.58470607645517,16.302870794302585,1778134065000-632578958264631296-944589217739046912,,,,,
870575606247456768,1778138732000-632578958264631296-870575606247456768,1778138732000,1778143930000,1,58.42,16.263,3.592203160548484,632578958264631296,1778138732000,870575606247456768,RJ47GA4668,5198000,1778143930000,42.93316177810186,58.42,1.300000000000182,16.262561279584038,3.5923000685839237,16.262561279584038,1778138732000-632578958264631296-870575606247456768,60.70000000001164,,,,1.881820828936064
915980150607183872,1778138735000-632578958264631296-915980150607183872,1778138735000,1778144171000,1,58.42,14.017,4.167796247413855,632578958264631296,1778138735000,915980150607183872,RJ47GA2138,5436000,1778144171000,37.00501220123734,58.42,1.4499999999989086,14.017050076226266,4.167781357868138,14.017050076226267,1778138735000-632578958264631296-915980150607183872,56.625,,,,
882591537697914880,1778162037000-632578958264631296-882591537697914880,1778162037000,1778167175000,1,58.368,19.761,2.9536966752694704,632578958264631296,1778162037000,882591537697914880,RJ47GA3907,5138000,1778167175000,52.17033191005741,58.368,1.3999999999996362,19.761489359870232,2.953623531965573,19.761489359870232,1778162037000-632578958264631296-882591537697914880,59.625,,,,
821719550704746496,1778144351000-632578958264631296-821719550704746496,1778144351000,1778149641000,1,58.359,19.517,2.9901624225034587,632578958264631296,1778144351000,821719550704746496,RJ47GA3076,5290000,1778149641000,51.52448103622552,58.359,1.4500000000007276,19.51684887735815,2.990185575895058,19.51684887735815,1778144351000-632578958264631296-821719550704746496,65.72999999998137,['900758004205355011'],,900758004205355011,
1362453820235317248,1778133794000-632578958264631296-1362453820235317248,1778133794000,1778140916000,1,58.271,24.34,2.3940427280197207,632578958264631296,1778133794000,1362453820235317248,NL01AJ4179,7122000,1778140916000,64.25864241878432,58.271,1.949999999999818,24.34039485560012,2.3940038912965003,24.340394855600117,1778133794000-632578958264631296-1362453820235317248,62.125,,,,
1385588586753032192,1778124384000-632578958264631296-1385588586753032192,1778124384000,1778130908000,1,58.26,26.869,2.1682980386318804,632578958264631296,1778124384000,1385588586753032192,NL01AJ5698,6524000,1778130908000,70.93356721870882,58.26,1.7999999999997272,26.868775461632126,2.1683161587767064,26.868775461632126,1778124384000-632578958264631296-1385588586753032192,62.0,,,,
1484590862305329152,1778155569000-632578958264631296-1484590862305329152,1778155569000,1778163575000,1,58.132,25.03,2.322493008389932,632578958264631296,1778155569000,1484590862305329152,NL01AK3094,8006000,1778163575000,66.0792202202472,58.132,2.150000000000091,25.03000765918454,2.3224922977068676,25.03000765918454,1778155569000-632578958264631296-1484590862305329152,61.375,,,,
873822835015942144,1778161414000-632578958264631296-873822835015942144,1778161414000,1778166536000,1,57.967,10.294,5.631144355935496,632578958264631296,1778161414000,873822835015942144,RJ14GN1589,5122000,1778166536000,27.1763380356001,57.967,1.2999999999992724,10.29406743772731,5.6311074656023195,10.29406743772731,1778161414000-632578958264631296-873822835015942144,54.79999999998836,['1096406669316849665'],,,0.0
1489984398731247616,1778142120000-632578958264631296-1489984398731247616,1778142120000,1778146758000,1,57.42,20.81,2.7592503604036525,632578958264631296,1778142120000,1489984398731247616,Nl01AK8377,4638000,1778146758000,54.93839999999986,57.42,1.25,20.809999999999945,2.7592503604036596,20.809999999999945,1778142120000-632578958264631296-1489984398731247616,58.710000000000946,,,,
1125482414773108736,1778134580000-632578958264631296-1125482414773108736,1778134580000,1778145517000,1,57.276,34.846,1.6436893761120361,632578958264631296,1778134580000,1125482414773108736,RJ47GA3886,10937000,1778145517000,91.99273265909193,57.276,3.0,34.84573206783785,1.6437020145966452,34.84573206783785,1778134580000-632578958264631296-1125482414773108736,58.375,,,,
932612842287267840,1778158553000-632578958264631296-932612842287267840,1778158553000,1778164249000,1,57.232,18.222,3.1408187904730545,632578958264631296,1778158553000,932612842287267840,RJ47GA4652,5696000,1778164249000,48.10643513565627,57.232,1.6000000000003638,18.22213452108192,3.1407956040378253,18.22213452108192,1778158553000-632578958264631296-932612842287267840,58.60000000000582,,,,
932612842287267840,1778167587000-632578958264631296-932612842287267840,1778167587000,1778173211000,1,57.048,18.07,3.1570558937465414,632578958264631296,1778167587000,932612842287267840,RJ47GA4652,5624000,1778173211000,47.704426396325545,57.048,1.5,18.069858483456645,3.1570806186572353,18.069858483456645,1778167587000-632578958264631296-932612842287267840,58.40000000002328,,,,
1361380561528029184,1778111876000-632578958264631296-1361380561528029184,1778111876000,1778117280000,1,57.0,24.729,2.304986048768652,632578958264631296,1778111876000,1361380561528029184,NL01AJ4177,5404000,1778117280000,65.28548823022058,57.0,0.8281944444445354,24.72935160235628,2.3049532764364464,25.108468841866134,1778111876000-632578958264631296-1361380561528029184,57.0,,,,
797458881650360320,1778177063000-632578958264631296-797458881650360320,1778177063000,1778183137000,1,56.826,19.5,2.9141538461538463,632578958264631296,1778177063000,797458881650360320,RJ47GA3119,6074000,1778183137000,51.480000000000004,56.826,1.6000000000003638,19.5,2.9141538461538463,19.5,1778177063000-632578958264631296-797458881650360320,64.35999999998603,['900758004213743620'],,900758004213743620,
1135541524696662016,1778162370000-632578958264631296-1135541524696662016,1778162370000,1778169398000,1,56.608,28.033,2.019334355937645,632578958264631296,1778162370000,1135541524696662016,RJ47GA6226,7028000,1778169398000,74.00620075745184,56.608,0.0,28.032651802065086,2.0193594384042486,28.032651802065082,1778162370000-632578958264631296-1135541524696662016,59.79999999998836,,,,
1046443765134262272,1778111297000-632578958264631296-1046443765134262272,1778111297000,1778117724000,1,56.518,13.718,4.1199883364922005,632578958264631296,1778111297000,1046443765134262272,RJ47GA4014,6427000,1778117724000,36.21482044891039,56.518,1.75,13.71773501852666,4.1200679211013265,13.71773501852666,1778111297000-632578958264631296-1046443765134262272,57.0,,,,
1109445504082640896,1778153503000-632578958264631296-1109445504082640896,1778153503000,1778161083000,1,56.375,28.183,2.0003193414469718,632578958264631296,1778153503000,1109445504082640896,RJ47GA4865,7580000,1778161083000,74.4033419440989,56.374999999970896,1.7500000000009095,28.183084069734427,2.0003133745221136,27.65336702265604,1778153503000-632578958264631296-1109445504082640896,56.374999999970896,,,,
1294704486559776768,1778128911000-632578958264631296-1294704486559776768,1778128911000,1778134757000,1,56.242,21.882,2.570240380221186,632578958264631296,1778128911000,1294704486559776768,NL01AH7659,5846000,1778134757000,57.76889935041308,56.242,1.599999999999909,21.88215884485344,2.5702217225805306,21.88215884485344,1778128911000-632578958264631296-1294704486559776768,56.5,,,,
1131571393566081024,1778138977000-632578958264631296-1131571393566081024,1778138977000,1778144473000,1,56.163,12.58,4.4644674085850555,632578958264631296,1778138977000,1131571393566081024,RJ47GA1964,5496000,1778144473000,33.21041519777074,56.163,0.0,12.57970272642831,4.464572909342991,9.010167222607132,1778138977000-632578958264631296-1131571393566081024,70.25,,,,
1067775974323519488,1778164122000-632578958264631296-1067775974323519488,1778164122000,1778169802000,1,56.144,15.84,3.5444444444444443,632578958264631296,1778164122000,1067775974323519488,RJ14GP9560,5680000,1778169802000,41.81712330396896,56.144,0.0,15.839819433321576,3.5444848494858583,15.839819433321576,1778164122000-632578958264631296-1067775974323519488,56.0,,,,
1083019060351860736,1778116342000-632578958264631296-1083019060351860736,1778116342000,1778121525000,1,56.134,15.084,3.7214266772739326,632578958264631296,1778116342000,1083019060351860736,RJ47GA5912,5183000,1778121525000,39.8227948856171,56.134,0.0,15.084392002127688,3.7213299675639675,15.084392002127688,1778116342000-632578958264631296-1083019060351860736,59.30000000001746,,,,
926835749754503168,1778144125000-632578958264631296-926835749754503168,1778144125000,1778149947000,1,55.93,23.153,2.415669675635987,632578958264631296,1778144125000,926835749754503168,RJ47GA2702,5822000,1778149947000,61.1247393690411,55.93,1.5500000000010914,23.15331036706102,2.41563729390371,23.15331036706102,1778144125000-632578958264631296-926835749754503168,50.125,,,,
1073966174624022528,1778130804000-632578958264631296-1073966174624022528,1778130804000,1778136179000,1,55.864,10.911,5.119970671799102,632578958264631296,1778130804000,1073966174624022528,RJ47GA6471,5375000,1778136179000,28.80577741169172,55.864,0.0,10.9112793226105,5.11983960343109,0.9323138754645989,1778130804000-632578958264631296-1073966174624022528,58.0,,,,
873822835015942144,1778156272000-632578958264631296-873822835015942144,1778156272000,1778161053000,1,55.86,9.613,5.810881098512431,632578958264631296,1778156272000,873822835015942144,RJ14GN1589,4781000,1778161053000,25.379268016017043,55.86,1.1,9.613359096976152,5.81066403912557,9.613359096976152,1778156272000-632578958264631296-873822835015942144,51.600000000034925,['1096406669316849665'],,,0.45999999999999347
1083726345994764288,1778108464000-632578958264631296-1083726345994764288,1778108464000,1778113600000,1,55.794,23.166,2.408443408443408,632578958264631296,1778108464000,1083726345994764288,RJ47GA6212,5136000,1778113600000,61.15757959580045,55.794,1.3999999999996362,23.16574984689411,2.408469415786273,23.16574984689411,1778108464000-632578958264631296-1083726345994764288,58.79999999998836,,,,
1094226778622263296,1778133504000-632578958264631296-1094226778622263296,1778133504000,1778138497000,1,55.787,21.204,2.6309658554989626,632578958264631296,1778133504000,1094226778622263296,RJ47GA6284,4993000,1778138497000,55.97731400586664,55.787,1.3500000000003638,21.20352803252524,2.6310244179376796,21.20352803252524,1778133504000-632578958264631296-1094226778622263296,59.5,,,,
1120316481867874304,1778112907000-632578958264631296-1120316481867874304,1778112907000,1778119906000,1,55.706,22.31,2.496907216494846,632578958264631296,1778112907000,1120316481867874304,RJ47GA6413,6999000,1778119906000,58.898255699260424,55.706,1.9000000000005457,22.309945340628946,2.4969133339180822,22.309945340628946,1778112907000-632578958264631296-1120316481867874304,57.0,,,,
934473019407990784,1778148823000-632578958264631296-934473019407990784,1778148823000,1778153883000,1,55.703,21.977,2.5346043591026985,632578958264631296,1778148823000,934473019407990784,RJ47GA4712,5060000,1778153883000,58.01894595091911,55.703,1.3500000000003638,21.97687346625724,2.5346189523057063,21.97687346625724,1778148823000-632578958264631296-934473019407990784,57.20000000001164,,,,
1464286808345935872,1778125849000-632578958264631296-1464286808345935872,1778125849000,1778130463000,1,55.69,16.506,3.373924633466618,632578958264631296,1778125849000,1464286808345935872,NL01AK1960,4614000,1778130463000,43.57568205217465,55.69,1.2999999999999545,16.505940171278276,3.3739368628577293,16.505940171278276,1778125849000-632578958264631296-1464286808345935872,56.75,,,,
946036270407090176,1778148689000-632578958264631296-946036270407090176,1778148689000,1778153551000,1,55.667,23.232,2.3961346418732785,632578958264631296,1778148689000,946036270407090176,RJ47GA2720,4862000,1778153551000,61.332336066939284,55.667,1.3000000000010914,23.231945479901242,2.3961402650569856,23.231945479901242,1778148689000-632578958264631296-946036270407090176,57.0,,,,
1067771070980816896,1778148716000-632578958264631296-1067771070980816896,1778148716000,1778153531000,1,55.621,22.778,2.4418737378171924,632578958264631296,1778148716000,1067771070980816896,RJ47GA3902,4815000,1778153531000,60.134160729047046,55.621,1.3000000000010914,22.778091185245092,2.4418639625092675,22.778091185245096,1778148716000-632578958264631296-1067771070980816896,54.5,,,,
1535695002116554752,1778111710000-632578958264631296-1535695002116554752,1778111710000,1778116928000,1,55.512,19.18,2.894264859228363,632578958264631296,1778111710000,1535695002116554752,NL01AK7895,5218000,1778116928000,50.63453850436417,55.512,1.4000000000000057,19.179749433471276,2.8943026702488615,19.179749433471276,1778111710000-632578958264631296-1535695002116554752,56.965000000000146,,,,
1142833661045899264,1778139049000-632578958264631296-1142833661045899264,1778139049000,1778144165000,1,55.468,17.383,3.1909336708278206,632578958264631296,1778139049000,1142833661045899264,RJ47GA6293,5116000,1778144165000,45.890322755970864,55.468,1.3500000000003638,17.382698013625326,3.1909891063241007,17.382698013625326,1778139049000-632578958264631296-1142833661045899264,57.80000000001746,,,,
936665179544879104,1778132426000-632578958264631296-936665179544879104,1778132426000,1778138350000,1,55.421,23.703,2.3381428511158924,632578958264631296,1778132426000,936665179544879104,RJ47GA4716,5924000,1778138350000,62.576569883302554,55.421,1.6000000000003638,23.703246167917634,2.3381185685449437,23.703246167917634,1778132426000-632578958264631296-936665179544879104,57.29999999998836,,,,
966383863687282688,1778111749000-632578958264631296-966383863687282688,1778111749000,1778117125000,1,55.351,12.018,4.6056748211016805,632578958264631296,1778111749000,966383863687282688,RJ47GA4672,5376000,1778117125000,31.727279963583,55.351,1.3999999999996362,12.017909077114773,4.605709665868808,12.017909077114773,1778111749000-632578958264631296-966383863687282688,56.79999999998836,,,,
1506655599683698688,1778169465000-632578958264631296-1506655599683698688,1778169465000,1778173992000,1,55.221,18.056,3.0583185644661053,632578958264631296,1778169465000,1506655599683698688,RJ47GA8529,4527000,1778173992000,47.66687464064816,55.221,1.1999999999999318,18.055634333578848,3.058380502162868,18.055634333578848,1778169465000-632578958264631296-1506655599683698688,57.79999999999927,,,,
1397607242391355392,1778112919000-632578958264631296-1397607242391355392,1778112919000,1778118147000,1,55.168,17.281,3.192407846768127,632578958264631296,1778112919000,1397607242391355392,NL01AJ6922,5228000,1778118147000,45.620934767415534,55.168,1.400000000000091,17.28065710886952,3.1924711920638895,17.28065710886952,1778112919000-632578958264631296-1397607242391355392,56.75,,,,
1286311379313098752,1778144105000-632578958264631296-1286311379313098752,1778144105000,1778148565000,1,55.136,15.47,3.564059469941823,632578958264631296,1778144105000,1286311379313098752,RJ47GA3711,4460000,1778148565000,40.841591323144364,55.136,1.25,15.470299743615287,3.563990414778812,15.470299743615287,1778144105000-632578958264631296-1286311379313098752,58.75,,,,
1536022277991170048,1778131828000-632578958264631296-1536022277991170048,1778131828000,1778137391000,1,55.013,17.995,3.0571269797165876,632578958264631296,1778131828000,1536022277991170048,NL01AK7897,5563000,1778137391000,47.507097742666595,55.013,1.5,17.995112781313104,3.0571078196924586,17.995112781313104,1778131828000-632578958264631296-1536022277991170048,56.85500000000047,,,,
1067764977248501760,1778104332000-632578958264631296-1067764977248501760,1778104332000,1778111219000,1,54.715,23.13,2.3655425853869434,632578958264631296,1778104332000,1067764977248501760,RJ47GA5835,6887000,1778111219000,61.06375088086855,54.715,1.8999999999996362,23.13020866699566,2.365521244867647,23.13020866699566,1778104332000-632578958264631296-1067764977248501760,58.0,,,,
901057526324264960,1778152253000-632578958264631296-901057526324264960,1778152253000,1778157791000,1,54.693,19.939,2.7430161994081947,632578958264631296,1778152253000,901057526324264960,RJ47GA4008,5538000,1778157791000,52.63818698692682,54.693,1.5,19.938707192017734,2.7430564817109007,19.938707192017734,1778152253000-632578958264631296-901057526324264960,54.5,,,,
944589988106862592,1778168930000-632578958264631296-944589988106862592,1778168930000,1778174966000,1,54.678,20.859,2.6213145404861207,632578958264631296,1778168930000,944589988106862592,RJ47GA2625,6036000,1778174966000,55.068873319776486,54.678,1.6499999999996362,20.859421712036546,2.6212615457335073,20.859421712036546,1778168930000-632578958264631296-944589988106862592,,,,,
944573988506435584,1778140945000-632578958264631296-944573988506435584,1778140945000,1778145675000,1,54.608,12.657,4.314450501698665,632578958264631296,1778140945000,944573988506435584,RJ47GA3719,4730000,1778145675000,33.41434486387271,54.608,1.300000000000182,12.656948812072995,4.314467950436162,12.656948812072995,1778140945000-632578958264631296-944573988506435584,59.875,,,,
1182027923075366912,1778133527000-632578958264631296-1182027923075366912,1778133527000,1778138464000,1,54.468,20.959,2.5987881101197576,632578958264631296,1778133527000,1182027923075366912,RJ47GA6389,4937000,1778138464000,55.332150805594196,54.468,1.3499999999994543,20.959148032422043,2.598769755132345,20.959148032422043,1778133527000-632578958264631296-1182027923075366912,57.10000000000582,,,,
1083726345994764288,1778134354000-632578958264631296-1083726345994764288,1778134354000,1778139101000,1,54.43,20.243,2.6888307069110313,632578958264631296,1778134354000,1083726345994764288,RJ47GA6212,4747000,1778139101000,53.440426954381984,54.43,1.25,20.24258596756893,2.6888857030027404,20.24258596756893,1778134354000-632578958264631296-1083726345994764288,57.30000000001746,,,,
932302785804763136,1778138034000-632578958264631296-932302785804763136,1778138034000,1778142757000,1,54.37,15.303,3.552898124550741,632578958264631296,1778138034000,932302785804763136,RJ47GA4681,4723000,1778142757000,40.39886642226958,54.37,1.25,15.302600917526355,3.5529907819610598,15.302600917526355,1778138034000-632578958264631296-932302785804763136,56.100000000034925,,,,
977133830013976576,1778116870000-632578958264631296-977133830013976576,1778116870000,1778123294000,1,54.328,22.974,2.364760163663272,632578958264631296,1778116870000,977133830013976576,RJ47GA5039,6424000,1778123294000,60.65045844582888,54.328,0.0,22.973658502207908,2.3647953152424006,22.973658502207908,1778116870000-632578958264631296-977133830013976576,56.80000000001746,,,,
925753337108758528,1778137119000-632578958264631296-925753337108758528,1778137119000,1778142256000,1,54.314,14.054,3.864664864095631,632578958264631296,1778137119000,925753337108758528,RJ47GA2620,5137000,1778142256000,37.10232586050697,54.314,1.3999999999996362,14.053911310798094,3.8646892526117425,14.053911310798094,1778137119000-632578958264631296-925753337108758528,66.875,,,,
1161574576161816576,1778110617000-632578958264631296-1161574576161816576,1778110617000,1778114921000,1,54.282,18.148,2.9910733965175225,632578958264631296,1778110617000,1161574576161816576,RJ47GA6225,4304000,1778114921000,47.90983875762676,54.282,1.1499999999996362,18.14766619607074,2.9911284136222935,18.14766619607074,1778110617000-632578958264631296-1161574576161816576,57.60000000000582,,,,
873568577507033088,1778135606000-632578958264631296-873568577507033088,1778135606000,1778140995000,1,54.12,19.375,2.793290322580645,632578958264631296,1778135606000,873568577507033088,RJ14GN1578,5389000,1778140995000,51.15019558575149,54.12,1.3999999999996362,19.375074085511926,2.7932796417263375,19.375074085511926,1778135606000-632578958264631296-873568577507033088,55.70000000001164,,,,1.284958091349108
790193276584984576,1778135594000-632578958264631296-790193276584984576,1778135594000,1778141923000,1,54.113,20.451,2.6459830815119063,632578958264631296,1778135594000,790193276584984576,RJ47GA2477,6329000,1778141923000,53.990953022616004,54.113,1.75,20.451118569172728,2.645967740931685,20.451118569172728,1778135594000-632578958264631296-790193276584984576,60.59000000002561,['841055114193010688'],,841055114193010688,
1428033112889098240,1778157475000-632578958264631296-1428033112889098240,1778157475000,1778163021000,1,54.106,23.082,2.3440776362533575,632578958264631296,1778157475000,1428033112889098240,NL01AJ9497,5546000,1778163021000,60.937072193538725,54.106,1.5,23.082224315734365,2.3440548562348815,23.082224315734365,1778157475000-632578958264631296-1428033112889098240,55.25,,,,
1181865650805538816,1778130818000-632578958264631296-1181865650805538816,1778130818000,1778136443000,1,54.086,13.146,4.114255286779248,632578958264631296,1778130818000,1181865650805538816,RJ47GA6367,5625000,1778136443000,34.704939896598056,54.086,1.550000000000182,13.145810566893203,4.114314573816526,13.145810566893205,1778130818000-632578958264631296-1181865650805538816,56.10000000000582,,,,
944589988106862592,1778122042000-632578958264631296-944589988106862592,1778122042000,1778126800000,1,53.979,14.718,3.6675499388503874,632578958264631296,1778122042000,944589988106862592,RJ47GA2625,4758000,1778126800000,38.855715730838725,53.979,1.3000000000010914,14.718074140469213,3.6675314640234,14.718074140469213,1778122042000-632578958264631296-944589988106862592,58.625,,,,
942721856836730880,1778162253000-632578958264631296-942721856836730880,1778162253000,1778166848000,1,53.971,10.154,5.315245223557219,632578958264631296,1778162253000,942721856836730880,RJ47GA4500,4595000,1778166848000,26.806191720427258,53.971,1.0500000000010914,10.153860500161839,5.3153182475906355,10.153860500161839,1778162253000-632578958264631296-942721856836730880,55.899999999965075,,,,
1067767771279917056,1778159990000-632578958264631296-1067767771279917056,1778159990000,1778166654000,1,53.911,15.131,3.5629502346176722,632578958264631296,1778159990000,1067767771279917056,RJ47GA6234,6664000,1778166654000,39.946890158554716,53.911,1.800000000000182,15.131397787331332,3.5628565686863807,15.131397787331332,1778159990000-632578958264631296-1067767771279917056,57.39999999999418,,,,
1406228892573761536,1778154435000-632578958264631296-1406228892573761536,1778154435000,1778159111000,1,53.761,14.126,3.805819057057908,632578958264631296,1778154435000,1406228892573761536,NL01AJ7421,4676000,1778159111000,37.2929619003372,53.761,1.25,14.126121931945908,3.8057862065044694,14.126121931945908,1778154435000-632578958264631296-1406228892573761536,56.61999999999534,,,,
946027472992862208,1778138557000-632578958264631296-946027472992862208,1778138557000,1778143387000,1,53.737,10.815,4.968747110494684,632578958264631296,1778138557000,946027472992862208,RJ47GA3474,4830000,1778143387000,28.550675731945297,53.737,1.2999999999992724,10.814649898464127,4.968907963227881,10.814649898464127,1778138557000-632578958264631296-946027472992862208,57.375,,,,
1157003119578578944,1778172220000-632578958264631296-1157003119578578944,1778172220000,1778177310000,1,53.713,10.652,5.042527224934285,632578958264631296,1778172220000,1157003119578578944,RJ47GA6242,5090000,1778177310000,28.122007812930164,53.713,1.3999999999996362,10.65227568671597,5.04239672157409,10.65227568671597,1778172220000-632578958264631296-1157003119578578944,55.19999999998254,,,,
944589217739046912,1778126302000-632578958264631296-944589217739046912,1778126302000,1778132836000,1,53.655,16.713,3.2103751570633636,632578958264631296,1778126302000,944589217739046912,RJ47GA2631,6534000,1778132836000,44.121567256366916,53.655,1.8000000000010914,16.712714869835953,3.2104299282242623,16.712714869835953,1778126302000-632578958264631296-944589217739046912,56.875,,,,
787737136659955712,1778150218000-632578958264631296-787737136659955712,1778150218000,1778154943000,1,53.646,18.274,2.935646273393893,632578958264631296,1778150218000,787737136659955712,RJ47GA3339,4725000,1778154943000,48.24303363663891,53.646,1.2999999999992724,18.27387637751474,2.9356661329945966,18.27387637751474,1778150218000-632578958264631296-787737136659955712,59.11999999999534,['900758004226326539'],,900758004226326539,
1406586595699589120,1778115882000-632578958264631296-1406586595699589120,1778115882000,1778120710000,1,53.568,21.341,2.5100979335551283,632578958264631296,1778115882000,1406586595699589120,NL01AJ7423,4828000,1778120710000,56.33894138684524,53.568,1.2999999999997272,21.34050810107774,2.5101557913372594,21.34050810107774,1778115882000-632578958264631296-1406586595699589120,56.845000000001164,,,,
821719550704746496,1778108920000-632578958264631296-821719550704746496,1778108920000,1778113781000,1,53.568,23.31,2.298069498069498,632578958264631296,1778108920000,821719550704746496,RJ47GA3076,4861000,1778113781000,61.539487639269915,53.568,1.2999999999992724,23.310411984571935,2.298028882348975,23.310411984571935,1778108920000-632578958264631296-821719550704746496,60.05999999999767,['900758004205355011'],,900758004205355011,
882591537697914880,1778146573000-632578958264631296-882591537697914880,1778146573000,1778151321000,1,53.565,25.513,2.0995178928389446,632578958264631296,1778146573000,882591537697914880,RJ47GA3907,4748000,1778151321000,67.35389696411897,53.565,1.2999999999992724,25.51283975913597,2.0995310794761193,25.51283975913597,1778146573000-632578958264631296-882591537697914880,54.0,,,,
780067386190462976,1778162862000-632578958264631296-780067386190462976,1778162862000,1778170838000,1,53.448,23.486,2.2757387379715577,632578958264631296,1778162862000,780067386190462976,RJ47GA2450,7976000,1778170838000,62.00316541226494,53.448,2.149999999999636,23.48604750464581,2.2757341348912528,23.48604750464581,1778162862000-632578958264631296-780067386190462976,61.11000000004424,,,,
1476549765217910784,1778158771000-632578958264631296-1476549765217910784,1778158771000,1778163399000,1,53.403,19.93,2.679528349222278,632578958264631296,1778158771000,1476549765217910784,NL01AK3042,4628000,1778163399000,52.61583914227471,53.403,1.25,19.93024209934648,2.6794958000912144,19.93024209934648,1778158771000-632578958264631296-1476549765217910784,56.125,,,,
966384365741277184,1778161752000-632578958264631296-966384365741277184,1778161752000,1778166839000,1,53.387,10.04,5.317430278884463,632578958264631296,1778161752000,966384365741277184,RJ47GA4707,5087000,1778166839000,26.505493157403738,53.387,1.3500000000003638,10.039959529319598,5.317451713235941,10.039959529319598,1778161752000-632578958264631296-966384365741277184,52.899999999965075,,,,
947581389623001088,1778158553000-632578958264631296-947581389623001088,1778158553000,1778163534000,1,53.385,16.659,3.2045741040878806,632578958264631296,1778158553000,947581389623001088,RJ47GA3601,4981000,1778163534000,43.98094405150651,53.385,1.3500000000003638,16.659448504358526,3.204487830796629,16.659448504358526,1778158553000-632578958264631296-947581389623001088,57.25,,,,
866686265431425024,1778144642000-632578958264631296-866686265431425024,1778144642000,1778149991000,1,53.331,16.127,3.306938674272959,632578958264631296,1778144642000,866686265431425024,RJ47GA4451,5349000,1778149991000,42.57401715185792,53.331,1.3999999999996362,16.12652164843103,3.3070367660585163,16.12652164843103,1778144642000-632578958264631296-866686265431425024,55.90000000002328,['900758004234715152'],,900758004234715152,0.5520000000000013
1079095062366781440,1778124639000-632578958264631296-1079095062366781440,1778124639000,1778129369000,1,53.215,18.606,2.8600988928302695,632578958264631296,1778124639000,1079095062366781440,RJ47GA3439,4730000,1778129369000,49.11911563869043,53.215,1.25,18.605725620716072,2.8601410708082846,18.605725620716072,1778124639000-632578958264631296-1079095062366781440,51.75,,,,
944589988106862592,1778157850000-632578958264631296-944589988106862592,1778157850000,1778162677000,1,53.213,12.963,4.104991128596776,632578958264631296,1778157850000,944589988106862592,RJ47GA2625,4827000,1778162677000,34.221515088696734,53.213,1.3000000000010914,12.962695109354824,4.105087680539337,12.962695109354824,1778157850000-632578958264631296-944589988106862592,57.75,,,,
1060579746913452032,1778124541000-632578958264631296-1060579746913452032,1778124541000,1778129484000,1,53.18,16.583,3.206898631128264,632578958264631296,1778124541000,1060579746913452032,RJ47GA3879,4943000,1778129484000,43.778630617958704,53.18,1.3500000000003638,16.58281462801466,3.206934479636456,16.58281462801466,1778124541000-632578958264631296-1060579746913452032,53.625,,,,
1500145408670695424,1778110180000-632578958264631296-1500145408670695424,1778110180000,1778116104000,1,53.0,29.0,1.8275862068965518,632578958264631296,1778110180000,1500145408670695424,NL01AK3125,5924000,1778116104000,76.56,53.0,1.6499999999999773,29.0,1.8275862068965518,29.0,1778110180000-632578958264631296-1500145408670695424,53.0,,,,
1067767771279917056,1778141203000-632578958264631296-1067767771279917056,1778141203000,1778145596000,1,52.823,14.885,3.5487403426268056,632578958264631296,1778141203000,1067767771279917056,RJ47GA6234,4393000,1778145596000,39.2956351348067,52.823,1.1500000000005457,14.884710278335872,3.548809416659044,14.884710278335872,1778141203000-632578958264631296-1067767771279917056,56.10000000000582,,,,
1406586595699589120,1778167655000-632578958264631296-1406586595699589120,1778167655000,1778172339000,1,52.803,18.695,2.8244450387804223,632578958264631296,1778167655000,1406586595699589120,NL01AJ7423,4684000,1778172339000,49.35446798511578,52.803,1.25,18.69487423678628,2.8244640392444293,18.69487423678628,1778167655000-632578958264631296-1406586595699589120,55.88500000000931,,,,
821719550704746496,1778153752000-632578958264631296-821719550704746496,1778153752000,1778158724000,1,52.72,20.236,2.6052579561178097,632578958264631296,1778153752000,821719550704746496,RJ47GA3076,4972000,1778158724000,53.422327882562534,52.72,1.2999999999992724,20.235730258546415,2.605292684099408,20.235730258546415,1778153752000-632578958264631296-821719550704746496,59.429999999993015,['900758004205355011'],,900758004205355011,
932302785804763136,1778125205000-632578958264631296-932302785804763136,1778125205000,1778130900000,1,52.668,15.163,3.4734551210182683,632578958264631296,1778125205000,932302785804763136,RJ47GA4681,5695000,1778130900000,40.030686487286154,52.668,1.5,15.163138820941725,3.4734233209855288,15.163138820941725,1778125205000-632578958264631296-932302785804763136,54.29999999998836,,,,
1067763553357791232,1778110386000-632578958264631296-1067763553357791232,1778110386000,1778115978000,1,52.6,21.854,2.406882035325341,632578958264631296,1778110386000,1067763553357791232,RJ47GA6214,5592000,1778115978000,57.69412050052136,52.6,0.0,21.853833522924756,2.406900370354812,21.853833522924756,1778110386000-632578958264631296-1067763553357791232,56.30000000001746,,,,
925753337108758528,1778125260000-632578958264631296-925753337108758528,1778125260000,1778131035000,1,52.576,15.924,3.301682994222557,632578958264631296,1778125260000,925753337108758528,RJ47GA2620,5775000,1778131035000,42.039186627827625,52.576,1.5499999999992724,15.923934328722584,3.3016966105648113,15.923934328722584,1778125260000-632578958264631296-925753337108758528,64.75,,,,
1462138501628690432,1778117262000-632578958264631296-1462138501628690432,1778117262000,1778122921000,1,52.314,16.759,3.1215466316606,632578958264631296,1778117262000,1462138501628690432,RJ47GA5314,5659000,1778122921000,44.243532400789555,52.314,1.5,16.75891378817786,3.1215626896358613,16.75891378817786,1778117262000-632578958264631296-1462138501628690432,53.5,,,,
1545824482457812992,1778112166000-632578958264631296-1545824482457812992,1778112166000,1778117725000,1,52.301,22.151,2.3611123651302424,632578958264631296,1778112166000,1545824482457812992,NL01AK8869,5559000,1778117725000,58.478560436397835,52.301,1.5,22.150969862271907,2.3611155775657657,22.150969862271907,1778112166000-632578958264631296-1545824482457812992,53.88500000000022,,,,
1389244197004902400,1778121944000-632578958264631296-1389244197004902400,1778121944000,1778128995000,1,52.28,12.718,4.110709231011166,632578958264631296,1778121944000,1389244197004902400,NL01AJ6145,7051000,1778128995000,33.57456094155811,52.28,1.900000000000091,12.717636720287162,4.110826653556081,12.717636720287162,1778121944000-632578958264631296-1389244197004902400,52.875,,,,
928334310946111488,1778135436000-632578958264631296-928334310946111488,1778135436000,1778142047000,1,52.24,11.935,4.377042312526184,632578958264631296,1778135436000,928334310946111488,RJ47GA4016,6611000,1778142047000,31.508825392580345,52.24,1.8000000000010914,11.93516113355316,4.3769832191991425,11.935161133553162,1778135436000-632578958264631296-928334310946111488,53.25,,,,
1478819140813717504,1778169129000-632578958264631296-1478819140813717504,1778169129000,1778175050000,1,52.19,16.04,3.2537406483790523,632578958264631296,1778169129000,1478819140813717504,NL01AK3097,5921000,1778175050000,42.344795534161115,52.19,1.599999999999909,16.03969527809133,3.253802462898811,16.03969527809133,1778169129000-632578958264631296-1478819140813717504,52.5,,,,
869918310366445568,1778134656000-632578958264631296-869918310366445568,1778134656000,1778142339000,1,52.137,17.887,2.9147984569799297,632578958264631296,1778134656000,869918310366445568,RJ47GA4503,7683000,1778142339000,47.22088279544379,52.137,2.0,17.886698028577193,2.9148476659415747,17.886698028577193,1778134656000-632578958264631296-869918310366445568,53.899999999965075,,,,1.2357107566333434
943461119844941824,1778121290000-632578958264631296-943461119844941824,1778121290000,1778126242000,1,52.134,21.419,2.4340071898781455,632578958264631296,1778121290000,943461119844941824,RJ47GA3779,4952000,1778126242000,56.54742156430283,52.134,1.3500000000003638,21.419477865266224,2.4339528875510257,21.41947786526622,1778121290000-632578958264631296-943461119844941824,53.625,,,,
1406228892573761536,1778134677000-632578958264631296-1406228892573761536,1778134677000,1778142277000,1,52.098,20.552,2.534935772674192,632578958264631296,1778134677000,1406228892573761536,NL01AJ7421,7600000,1778142277000,54.25695882471098,52.098,2.050000000000182,20.551878342693552,2.534950778283557,20.551878342693552,1778134677000-632578958264631296-1406228892573761536,55.04999999998836,,,,
944573988506435584,1778162264000-632578958264631296-944573988506435584,1778162264000,1778167068000,1,52.092,12.879,4.044723969252272,632578958264631296,1778162264000,944573988506435584,RJ47GA3719,4804000,1778167068000,33.999779323442056,52.092,1.300000000000182,12.878704289182595,4.044816841066412,9.17230985245853,1778162264000-632578958264631296-944573988506435584,56.375,,,,
1082330521322651648,1778157337000-632578958264631296-1082330521322651648,1778157337000,1778162542000,1,52.061,20.146,2.5841854462424303,632578958264631296,1778157337000,1082330521322651648,RJ47GA5907,5205000,1778162542000,53.186005789310535,52.061,0.0,20.146214314132777,2.5841579558437773,20.146214314132777,1778157337000-632578958264631296-1082330521322651648,54.89999999999418,,,,
1462138501628690432,1778153924000-632578958264631296-1462138501628690432,1778153924000,1778158887000,1,51.945,19.352,2.684218685407193,632578958264631296,1778153924000,1462138501628690432,RJ47GA5314,4963000,1778158887000,51.088369719880916,51.945,1.3500000000003638,19.35165519692459,2.684266512161462,19.35165519692459,1778153924000-632578958264631296-1462138501628690432,53.0,,,,
863411203819438080,1778162483000-632578958264631296-863411203819438080,1778162483000,1778168663000,1,51.915,24.001,2.1630348735469354,632578958264631296,1778162483000,863411203819438080,RJ47GA4438,6180000,1778168663000,63.36257582877079,51.915,1.7000000000007276,24.000975692716207,2.1630370641871495,24.000975692716207,1778162483000-632578958264631296-863411203819438080,54.10000000000582,['829378564599054336'],,829378564599054336,0.0
1070378226594873344,1778123919000-632578958264631296-1070378226594873344,1778123919000,1778128444000,1,51.796,18.306,2.8294548235551185,632578958264631296,1778123919000,1070378226594873344,RJ47GA3436,4525000,1778128444000,48.328575447005726,51.796,1.25,18.30627857841126,2.8294117659218534,18.30627857841126,1778123919000-632578958264631296-1070378226594873344,52.375,,,,
1138782810882965504,1778132398000-632578958264631296-1138782810882965504,1778132398000,1778138848000,1,51.767,21.532,2.4041891138770204,632578958264631296,1778132398000,1138782810882965504,RJ47GA6253,6450000,1778138848000,56.84325385736227,51.767,1.75,21.531535552031162,2.4042409736595216,21.531535552031162,1778132398000-632578958264631296-1138782810882965504,54.30000000001746,,,,
939140294748667904,1778109067000-632578958264631296-939140294748667904,1778109067000,1778113968000,1,51.668,16.75,3.0846567164179106,632578958264631296,1778109067000,939140294748667904,RJ47GA3481,4901000,1778113968000,44.22,51.668,1.3000000000010914,16.75,3.0846567164179106,16.75,1778109067000-632578958264631296-939140294748667904,53.125,,,,
942469061864849408,1778119711000-632578958264631296-942469061864849408,1778119711000,1778126806000,1,51.647,25.925,1.9921697203471551,632578958264631296,1778119711000,942469061864849408,RJ47GA3637,7095000,1778126806000,68.44280067279661,51.647,1.9500000000007276,25.92530328515023,1.992146415104155,25.92530328515023,1778119711000-632578958264631296-942469061864849408,47.625,,,,
863411203819438080,1778127272000-632578958264631296-863411203819438080,1778127272000,1778134447000,1,51.627,18.366,2.8110094740280958,632578958264631296,1778127272000,863411203819438080,RJ47GA4438,7175000,1778134447000,48.48739378788542,51.627,1.9000000000005457,18.36643704086569,2.8109425842981355,18.36643704086569,1778127272000-632578958264631296-863411203819438080,54.10000000000582,['829378564599054336'],,829378564599054336,0.0
942723675356921856,1778165981000-632578958264631296-942723675356921856,1778165981000,1778170733000,1,51.504,11.182,4.605973886603469,632578958264631296,1778165981000,942723675356921856,RJ14GN1566,4752000,1778170733000,29.51987731174112,51.504,0.0,11.181771708992848,4.606067923795862,11.181771708992848,1778165981000-632578958264631296-942723675356921856,52.89999999999418,,,,
1148896718033518592,1778153307000-632578958264631296-1148896718033518592,1778153307000,1778158705000,1,51.479,16.242,3.1694988301933256,632578958264631296,1778153307000,1148896718033518592,RJ47GA6420,5398000,1778158705000,42.878015528931435,51.479,0.0,16.241672548837663,3.1695627310060566,16.241672548837663,1778153307000-632578958264631296-1148896718033518592,52.60000000000582,,,,
1175796546902425600,1778134839000-632578958264631296-1175796546902425600,1778134839000,1778140369000,1,51.143,19.472,2.6264893179950697,632578958264631296,1778134839000,1175796546902425600,RJ47GA6338,5530000,1778140369000,51.40544015981441,51.143,1.5,19.471757636293336,2.6265220097375677,19.471757636293336,1778134839000-632578958264631296-1175796546902425600,53.89999999999418,,,,
870568761881526272,1778134417000-632578958264631296-870568761881526272,1778134417000,1778139594000,1,51.141,18.395,2.7801576515357436,632578958264631296,1778134417000,870568761881526272,RJ47GA4522,5177000,1778139594000,48.56344614138643,51.141,1.3999999999996362,18.395244750525162,2.780120661267091,18.395244750525162,1778134417000-632578958264631296-870568761881526272,52.79999999998836,,,,0.7359999999999974
1076186718555602944,1778146954000-632578958264631296-1076186718555602944,1778146954000,1778151884000,1,51.047,15.31,3.3342259960809923,632578958264631296,1778146954000,1076186718555602944,RJ47GA2653,4930000,1778151884000,40.417705796854285,51.047,1.3500000000003638,15.309737044262986,3.3342832638088207,15.309737044262986,1778146954000-632578958264631296-1076186718555602944,49.125,,,,
863411203819438080,1778109918000-632578958264631296-863411203819438080,1778109918000,1778114635000,1,50.918,17.349,2.9349242031240994,632578958264631296,1778109918000,863411203819438080,RJ47GA4438,4717000,1778114635000,45.80182831628134,50.918,1.300000000000182,17.34917739253081,2.934894193999151,17.34917739253081,1778109918000-632578958264631296-863411203819438080,53.39999999999418,['829378564599054336'],,829378564599054336,0.0
1108736100332994560,1778134322000-632578958264631296-1108736100332994560,1778134322000,1778138814000,1,50.91,18.739,2.716793852393404,632578958264631296,1778134322000,1108736100332994560,RJ47GA5594,4492000,1778138814000,49.47182969746922,50.91,1.199999999999818,18.739329430859552,2.716746092107353,18.739329430859552,1778134322000-632578958264631296-1108736100332994560,53.70000000001164,,,,
1545823852121030656,1778133597000-632578958264631296-1545823852121030656,1778133597000,1778138233000,1,50.815,19.058,2.6663343477804595,632578958264631296,1778133597000,1545823852121030656,NL01AK8996,4636000,1778138233000,50.312040785865214,50.815,1.25,19.057591206767125,2.6663915417577115,19.057591206767125,1778133597000-632578958264631296-1545823852121030656,52.649999999999864,,,,
780109531760820224,1778150002000-632578958264631296-780109531760820224,1778150002000,1778155779000,1,50.815,15.75,3.226349206349206,632578958264631296,1778150002000,780109531760820224,RJ47GA3172,5777000,1778155779000,41.58008246011145,50.815,1.5,15.750031234890699,3.2263428079704783,15.750031234890699,1778150002000-632578958264631296-780109531760820224,57.63999999995576,['900758004213743624'],,900758004213743624,
1093088075828953088,1778155745000-632578958264631296-1093088075828953088,1778155745000,1778161846000,1,50.782,20.475,2.48019536019536,632578958264631296,1778155745000,1093088075828953088,RJ47GA5975,6101000,1778161846000,54.05392399915741,50.782,1.7000000000007276,20.47497121180205,2.4801988473970877,20.47497121180205,1778155745000-632578958264631296-1093088075828953088,54.24499999999534,,,,
1464286463544786944,1778161468000-632578958264631296-1464286463544786944,1778161468000,1778166624000,1,50.777,15.693,3.235646466577455,632578958264631296,1778161468000,1464286463544786944,NL01AK1962,5156000,1778166624000,41.42900309978469,50.777,1.3999999999998636,15.692804204463897,3.235686836999867,15.692804204463897,1778161468000-632578958264631296-1464286463544786944,52.125,,,,
1065304732634972160,1778161871000-632578958264631296-1065304732634972160,1778161871000,1778167383000,1,50.768,26.15,1.941414913957935,632578958264631296,1778161871000,1065304732634972160,RJ47GA4006,5512000,1778167383000,69.03607830857223,50.768,1.5,26.150029662337964,1.9414127117843218,26.150029662337964,1778161871000-632578958264631296-1065304732634972160,55.0,,,,
1093088075828953088,1778130893000-632578958264631296-1093088075828953088,1778130893000,1778137396000,1,50.765,27.589,1.8400449454492733,632578958264631296,1778130893000,1093088075828953088,RJ47GA5975,6503000,1778137396000,72.83485203732604,50.765,1.75,27.588959105047742,1.8400476729371031,27.588959105047742,1778130893000-632578958264631296-1093088075828953088,54.25,,,,
1259200800735887360,1778159914000-632578958264631296-1259200800735887360,1778159914000,1778165373000,1,50.659,9.083,5.577342287790377,632578958264631296,1778159914000,1259200800735887360,NL01AH5402,5459000,1778165373000,23.97973226188792,50.659,1.4500000000007276,9.083231917381788,5.577199884444027,9.083231917381788,1778159914000-632578958264631296-1259200800735887360,53.00500000000466,,,,
1073966174624022528,1778137172000-632578958264631296-1073966174624022528,1778137172000,1778142261000,1,50.572,9.229,5.479683606024489,632578958264631296,1778137172000,1073966174624022528,RJ47GA6471,5089000,1778142261000,24.363772075076806,50.572,0.0,9.228701543589699,5.479860819112474,0.609586958450641,1778137172000-632578958264631296-1073966174624022528,52.0,,,,
1125482414773108736,1778162869000-632578958264631296-1125482414773108736,1778162869000,1778169398000,1,50.551,20.744,2.436897416120324,632578958264631296,1778162869000,1125482414773108736,RJ47GA3886,6529000,1778169398000,54.76320096938324,50.551,1.75,20.743636730826985,2.436940091843996,20.743636730826985,1778162869000-632578958264631296-1125482414773108736,51.375,,,,
1141991039255445504,1778152272000-632578958264631296-1141991039255445504,1778152272000,1778157074000,1,50.548,17.876,2.827701946744238,632578958264631296,1778152272000,1141991039255445504,RJ47GA6283,4802000,1778157074000,47.192943142258066,50.548,1.300000000000182,17.876114826612902,2.8276837830973838,17.876114826612902,1778152272000-632578958264631296-1141991039255445504,53.89999999999418,,,,
1396881382210273280,1778152282000-632578958264631296-1396881382210273280,1778152282000,1778157005000,1,50.506,17.262,2.9258486849727725,632578958264631296,1778152282000,1396881382210273280,NL01AJ6927,4723000,1778157005000,45.572505364420934,50.506,1.25,17.26231263803823,2.9257956948774004,17.26231263803823,1778152282000-632578958264631296-1396881382210273280,53.375,,,,
1083727931903049728,1778139909000-632578958264631296-1083727931903049728,1778139909000,1778145558000,1,50.334,11.554,4.3564133633373725,632578958264631296,1778139909000,1083727931903049728,RJ47GA6321,5649000,1778145558000,30.501603662947,50.334,1.550000000000182,11.553637751116288,4.35654995286111,11.553637751116288,1778139909000-632578958264631296-1083727931903049728,53.19999999998254,,,,
1184409623537385472,1778124251000-632578958264631296-1184409623537385472,1778124251000,1778128987000,1,50.332,17.252,2.917458845351264,632578958264631296,1778124251000,1184409623537385472,RJ47GA6472,4736000,1778128987000,45.54401994339027,50.332,1.1499999999996362,17.251522705829647,2.9175395620580074,17.251522705829647,1778124251000-632578958264631296-1184409623537385472,53.40000000002328,,,,
1073664045493518336,1778164228000-632578958264631296-1073664045493518336,1778164228000,1778170624000,1,50.293,16.278,3.0896301756972604,632578958264631296,1778164228000,1073664045493518336,RJ47GA5839,6396000,1778170624000,42.97482208327178,50.293,1.699999999999818,16.278341698209008,3.0895653213578496,16.278341698209008,1778164228000-632578958264631296-1073664045493518336,51.78500000000349,,,,
1083726423769743360,1778156903000-632578958264631296-1083726423769743360,1778156903000,1778162527000,1,50.218,15.806,3.1771479185119578,632578958264631296,1778156903000,1083726423769743360,RJ47GA6331,5624000,1778162527000,41.72822291507961,50.218,1.5,15.806145043590762,3.1771187637154394,15.806145043590762,1778156903000-632578958264631296-1083726423769743360,53.60000000000582,,,,
929707161364201472,1778110167000-632578958264631296-929707161364201472,1778110167000,1778116211000,1,50.144,29.906,1.6767203905570789,632578958264631296,1778110167000,929707161364201472,RJ47GA3515,6044000,1778116211000,78.95163443920086,50.144,1.6499999999996362,29.90592213606093,1.676724756115637,29.905922136060934,1778110167000-632578958264631296-929707161364201472,53.875,,,,
1083019060351860736,1778142686000-632578958264631296-1083019060351860736,1778142686000,1778152805000,1,50.13,27.02,1.8552923760177646,632578958264631296,1778142686000,1083019060351860736,RJ47GA5912,10119000,1778152805000,71.33278224291846,50.13,0.0,27.019993273832746,1.8552928378612115,27.019993273832746,1778142686000-632578958264631296-1083019060351860736,53.0,,,,
1088511709141794816,1778125093000-632578958264631296-1088511709141794816,1778125093000,1778130638000,1,50.102,21.397,2.341543206991634,632578958264631296,1778125093000,1088511709141794816,RJ47GA5905,5545000,1778130638000,56.487908179567775,50.102,1.5,21.396934916502943,2.341550329311771,21.396934916502943,1778125093000-632578958264631296-1088511709141794816,53.5,,,,
1540361293100220416,1778128114000-632578958264631296-1540361293100220416,1778128114000,1778133662000,1,49.951,21.997,2.270809655862163,632578958264631296,1778128114000,1540361293100220416,NL01AK8392,5548000,1778133662000,58.07217854480954,49.951,1.4499999999999886,21.99703732757937,2.2708058024419775,21.997037327579367,1778128114000-632578958264631296-1540361293100220416,51.52000000000044,,,,
1097510484225032192,1778150940000-632578958264631296-1097510484225032192,1778150940000,1778156030000,1,49.921,17.709,2.818962109661754,632578958264631296,1778150940000,1097510484225032192,RJ47GA3830,5090000,1778156030000,46.750709024872364,49.921,1.3499999999985448,17.708601903360744,2.8190254810870177,17.708601903360744,1778150940000-632578958264631296-1097510484225032192,54.0,,,,
938815830156640256,1778152755000-632578958264631296-938815830156640256,1778152755000,1778157778000,1,49.878,18.888,2.6407242693773822,632578958264631296,1778152755000,938815830156640256,RJ47GA4710,5023000,1778157778000,49.86379266339144,49.878,0.0,18.887800251284638,2.6407521964664777,18.887800251284638,1778152755000-632578958264631296-938815830156640256,51.90000000002328,['1015966621438574603'],,,
893821287409909760,1778145360000-632578958264631296-893821287409909760,1778145360000,1778150706000,1,49.811,15.914,3.130011310795526,632578958264631296,1778145360000,893821287409909760,Rj14GH7541,5346000,1778150706000,42.0130206788562,49.811,0.0,15.914022984415228,3.130006790161133,0.001,1778145360000-632578958264631296-893821287409909760,,['900758004238909441'],,900758004238909441,
977133830013976576,1778146969000-632578958264631296-977133830013976576,1778146969000,1778151772000,1,49.722,16.109,3.086597554162269,632578958264631296,1778146969000,977133830013976576,RJ47GA5039,4803000,1778151772000,42.52791368863525,49.722,1.300000000000182,16.10905821539214,3.0865863997245246,16.10905821539214,1778146969000-632578958264631296-977133830013976576,51.79999999998836,,,,
1345798361172672512,1778134721000-632578958264631296-1345798361172672512,1778134721000,1778141182000,1,49.718,12.411,4.005962452662961,632578958264631296,1778134721000,1345798361172672512,RJ47GA4005,6461000,1778141182000,32.76593655395823,49.718,1.75,12.411339603772054,4.005852840002034,12.411339603772054,1778134721000-632578958264631296-1345798361172672512,34.25,,,,
1112389405491855360,1778119266000-632578958264631296-1112389405491855360,1778119266000,1778123558000,1,49.692,19.139,2.5963738962328233,632578958264631296,1778119266000,1112389405491855360,RJ47GA3734,4292000,1778123558000,50.52702086079516,49.692,1.0999999999985448,19.1390230533315,2.596370768849155,19.1390230533315,1778119266000-632578958264631296-1112389405491855360,51.0,,,,
939141093658722304,1778112522000-632578958264631296-939141093658722304,1778112522000,1778116724000,1,49.678,21.403,2.321076484604962,632578958264631296,1778112522000,939141093658722304,RJ47GA3768,4202000,1778116724000,56.503678634149956,49.678,1.1500000000014552,21.402908573541648,2.3210863995098365,21.402908573541648,1778112522000-632578958264631296-939141093658722304,56.75,,,,
915980150607183872,1778120063000-632578958264631296-915980150607183872,1778120063000,1778126516000,1,49.599,15.459,3.2084222782844942,632578958264631296,1778120063000,915980150607183872,RJ47GA2138,6453000,1778126516000,40.81141235827523,49.599,1.6499999999996362,15.458868317528493,3.2084496084206053,15.458868317528493,1778120063000-632578958264631296-915980150607183872,48.0,,,,
870575606247456768,1778120018000-632578958264631296-870575606247456768,1778120018000,1778126564000,1,49.578,17.386,2.851604739445531,632578958264631296,1778120018000,870575606247456768,RJ47GA4668,6546000,1778126564000,45.897806122131314,49.578,1.699999999999818,17.385532622019436,2.8516813995797623,17.385532622019436,1778120018000-632578958264631296-870575606247456768,51.40000000002328,,,,0.0
1138782810882965504,1778154568000-632578958264631296-1138782810882965504,1778154568000,1778159326000,1,49.42,19.325,2.5573091849935317,632578958264631296,1778154568000,1138782810882965504,RJ47GA6253,4758000,1778159326000,51.01765090899934,49.42,1.300000000000182,19.324867768560356,2.557326683518189,19.324867768560356,1778154568000-632578958264631296-1138782810882965504,51.80000000001746,,,,
1476549765217910784,1778132993000-632578958264631296-1476549765217910784,1778132993000,1778137825000,1,49.393,25.842,1.9113458710626114,632578958264631296,1778132993000,1476549765217910784,NL01AK3042,4832000,1778137825000,68.22406757807835,49.393,1.2999999999999545,25.842449840181192,1.911312600216454,25.842449840181192,1778132993000-632578958264631296-1476549765217910784,52.125,,,,
946033927888306176,1778171072000-632578958264631296-946033927888306176,1778171072000,1778175603000,1,49.373,10.698,4.61516171246962,632578958264631296,1778171072000,946033927888306176,RJ47GA3780,4531000,1778175603000,28.242746516269086,49.373,1.2000000000007276,10.69801004404132,4.615157379432471,10.698010044041322,1778171072000-632578958264631296-946033927888306176,50.875,,,,
1428033112889098240,1778124679000-632578958264631296-1428033112889098240,1778124679000,1778130235000,1,49.311,16.229,3.0384496888286403,632578958264631296,1778124679000,1428033112889098240,NL01AJ9497,5556000,1778130235000,42.843356605131405,49.311,1.5499999999999545,16.22854416861038,3.0385350335600934,16.22854416861038,1778124679000-632578958264631296-1428033112889098240,50.75,,,,
932612842287267840,1778126821000-632578958264631296-932612842287267840,1778126821000,1778132548000,1,49.306,20.247,2.435224971600731,632578958264631296,1778126821000,932612842287267840,RJ47GA4652,5727000,1778132548000,53.45187186523838,49.306,1.5499999999992724,20.246921161075143,2.4352344540557183,20.246921161075143,1778126821000-632578958264631296-932612842287267840,50.60000000000582,,,,
1083727048683290624,1778140213000-632578958264631296-1083727048683290624,1778140213000,1778144794000,1,49.088,14.771,3.3232685667862705,632578958264631296,1778140213000,1083727048683290624,RJ47GA6340,4581000,1778144794000,38.99440437563292,49.088,1.2044741666664847,14.770607718042772,3.3233568270882605,14.732895145423083,1778140213000-632578958264631296-1083727048683290624,51.0,,,,
901057526324264960,1778145194000-632578958264631296-901057526324264960,1778145194000,1778149583000,1,49.009,19.225,2.549232769830949,632578958264631296,1778145194000,901057526324264960,RJ47GA4008,4389000,1778149583000,50.75337122920071,49.009,1.1500000000014552,19.22476182924269,2.549264351636994,19.22476182924269,1778145194000-632578958264631296-901057526324264960,48.75,,,,
1109445504082640896,1778146866000-632578958264631296-1109445504082640896,1778146866000,1778152296000,1,48.78,14.601,3.340867063899733,632578958264631296,1778146866000,1109445504082640896,RJ47GA4865,5430000,1778152296000,38.54727735820901,48.78,1.449999999999818,14.601241423564018,3.340811824484804,14.601241423564018,1778146866000-632578958264631296-1109445504082640896,50.39999999999418,,,,
1476549765217910784,1778144706000-632578958264631296-1476549765217910784,1778144706000,1778151052000,1,48.635,19.131,2.5422089801892214,632578958264631296,1778144706000,1476549765217910784,NL01AK3042,6346000,1778151052000,50.50460721123552,48.635,1.7000000000000455,19.13053303455891,2.5422710340659034,19.13053303455891,1778144706000-632578958264631296-1476549765217910784,51.375,,,,
970288452387995648,1778112568000-632578958264631296-970288452387995648,1778112568000,1778116953000,1,48.564,19.308,2.5152268489745184,632578958264631296,1778112568000,970288452387995648,RJ47GA3399,4385000,1778116953000,50.974125601049344,48.564,1.2000000000007276,19.30838090948839,2.51517722939343,19.30838090948839,1778112568000-632578958264631296-970288452387995648,33.0,,,,
1067774958987378688,1778126503000-632578958264631296-1067774958987378688,1778126503000,1778131212000,1,48.547,17.322,2.802620944463688,632578958264631296,1778126503000,1067774958987378688,RJ47GA6419,4709000,1778131212000,45.7302027645889,48.547,1.25,17.32204650173822,2.802613420713796,17.32204650173822,1778126503000-632578958264631296-1067774958987378688,50.10000000000582,,,,
947452563299500032,1778147120000-632578958264631296-947452563299500032,1778147120000,1778151330000,1,48.494,17.579,2.7586324591842537,632578958264631296,1778147120000,947452563299500032,RJ47GA2721,4210000,1778151330000,46.40965441729691,48.494,1.1000000000003638,17.579414552006405,2.7585674060155316,17.579414552006405,1778147120000-632578958264631296-947452563299500032,47.125,,,,
932302785804763136,1778147135000-632578958264631296-932302785804763136,1778147135000,1778151393000,1,48.493,15.398,3.149305104559034,632578958264631296,1778147135000,932302785804763136,RJ47GA4681,4258000,1778151393000,40.65192542707329,48.493,1.1499999999996362,15.398456601164124,3.149211720110568,15.398456601164126,1778147135000-632578958264631296-932302785804763136,50.0,,,,
925753337108758528,1778147096000-632578958264631296-925753337108758528,1778147096000,1778151492000,1,48.486,15.803,3.0681516167816234,632578958264631296,1778147096000,925753337108758528,RJ47GA2620,4396000,1778151492000,41.721233431568486,48.486,1.1999999999989086,15.803497511957758,3.068055027902079,15.803497511957758,1778147096000-632578958264631296-925753337108758528,59.375,,,,
1211786303754993664,1778146395000-632578958264631296-1211786303754993664,1778146395000,1778150561000,1,48.482,15.668,3.094332397242788,632578958264631296,1778146395000,1211786303754993664,RJ47GA6403,4166000,1778150561000,41.364784060854774,48.482,1.1499999999996362,15.668478810929837,3.0942378379565785,15.668478810929836,1778146395000-632578958264631296-1211786303754993664,49.80000000001746,,,,
1050035941135089664,1778154257000-632578958264631296-1050035941135089664,1778154257000,1778158799000,1,48.465,18.711,2.5901875901875906,632578958264631296,1778154257000,1050035941135089664,RJ47GA5558,4542000,1778158799000,49.39733398460624,48.465,1.25,18.711111357805393,2.5901721748763302,18.711111357805393,1778154257000-632578958264631296-1050035941135089664,51.80000000001746,,,,
1108736100332994560,1778162750000-632578958264631296-1108736100332994560,1778162750000,1778167815000,1,48.401,18.192,2.66056508355321,632578958264631296,1778162750000,1108736100332994560,RJ47GA5594,5065000,1778167815000,48.02730884217129,48.401,1.3499999999994543,18.192162440216396,2.660541327016882,18.192162440216396,1778162750000-632578958264631296-1108736100332994560,51.09999999997672,,,,
966384365741277184,1778156597000-632578958264631296-966384365741277184,1778156597000,1778161451000,1,48.358,10.045,4.814136386261821,632578958264631296,1778156597000,966384365741277184,RJ47GA4707,4854000,1778161451000,26.518411399807707,48.358,1.3000000000010914,10.044852802957465,4.814206932505985,10.044852802957465,1778156597000-632578958264631296-966384365741277184,49.40000000002328,,,,
1097510484225032192,1778113083000-632578958264631296-1097510484225032192,1778113083000,1778117342000,1,48.303,14.427,3.348097317529632,632578958264631296,1778113083000,1097510484225032192,RJ47GA3830,4259000,1778117342000,38.088507104436566,48.303,1.1499999999996362,14.427464812286576,3.347989451262752,14.427464812286576,1778113083000-632578958264631296-1097510484225032192,52.75,,,,
966383863687282688,1778150131000-632578958264631296-966383863687282688,1778150131000,1778153792000,1,48.292,10.306,4.685814088880265,632578958264631296,1778150131000,966383863687282688,RJ47GA4672,3661000,1778153792000,27.20790400286561,48.292,0.9500000000007276,10.3060242435097,4.685803066144762,10.3060242435097,1778150131000-632578958264631296-966383863687282688,49.199999999953434,,,,
1526262198169501696,1778159422000-632578958264631296-1526262198169501696,1778159422000,1778164101000,1,48.279,12.868,3.751865091700342,632578958264631296,1778159422000,1526262198169501696,NL01AK6561,4679000,1778164101000,33.97212070478489,48.279,1.25,12.868227539691246,3.751798750145382,12.868227539691246,1778159422000-632578958264631296-1526262198169501696,49.875,,,,
1083726345994764288,1778129601000-632578958264631296-1083726345994764288,1778129601000,1778134253000,1,48.109,15.612,3.081539841147835,632578958264631296,1778129601000,1083726345994764288,RJ47GA6212,4652000,1778134253000,41.21626769758454,48.109,1.25,15.612222612721416,3.0814959018582666,15.612222612721416,1778129601000-632578958264631296-1083726345994764288,50.60000000000582,,,,
966356141711818752,1778154077000-632578958264631296-966356141711818752,1778154077000,1778160090000,1,48.077,25.635,1.8754437292763797,632578958264631296,1778154077000,966356141711818752,RJ47GA4711,6013000,1778160090000,67.67627342014681,48.077,1.6499999999996362,25.63495205308591,1.8754472370551025,25.63495205308591,1778154077000-632578958264631296-966356141711818752,49.69999999998254,,,,
902974583798235136,1778119316000-632578958264631296-902974583798235136,1778119316000,1778124809000,1,48.034,10.485,4.5812112541726275,632578958264631296,1778119316000,902974583798235136,RJ47GA2140,5493000,1778124809000,27.68150405367437,48.034,1.5,10.485418202149383,4.581028536387191,10.485418202149383,1778119316000-632578958264631296-902974583798235136,32.125,,,,
1176184196838719488,1778117767000-632578958264631296-1176184196838719488,1778117767000,1778122998000,1,47.864,16.403,2.9180028043650554,632578958264631296,1778117767000,1176184196838719488,RJ14GP9553,5231000,1778122998000,43.30384332394137,47.864,1.4000000000005457,16.4029709560384,2.918007971134028,16.4029709560384,1778117767000-632578958264631296-1176184196838719488,48.60000000000582,,,,
1083726345994764288,1778139202000-632578958264631296-1083726345994764288,1778139202000,1778144507000,1,47.86,20.603,2.322962675338543,632578958264631296,1778139202000,1083726345994764288,RJ47GA6212,5305000,1778144507000,54.39162480121929,47.86,1.449999999999818,20.602888182280033,2.3229752827160923,20.602888182280033,1778139202000-632578958264631296-1083726345994764288,49.79999999998836,,,,
952249131684855808,1778113323000-632578958264631296-952249131684855808,1778113323000,1778118167000,1,47.846,13.749,3.4799621790675683,632578958264631296,1778113323000,952249131684855808,RJ47GA1379,4844000,1778118167000,36.296651991199965,47.846,0.0,13.74873181484847,3.480030059814453,0.001,1778113323000-632578958264631296-952249131684855808,,,,,
1112389405491855360,1778172986000-632578958264631296-1112389405491855360,1778172986000,1778177600000,1,47.756,15.86,3.01109709962169,632578958264631296,1778172986000,1112389405491855360,RJ47GA3734,4614000,1778177600000,41.870021806115396,47.756,1.25,15.85985674474068,3.0111242975657055,15.85985674474068,1778172986000-632578958264631296-1112389405491855360,48.875,,,,
1389243940330274816,1778108000000-632578958264631296-1389243940330274816,1778108000000,1778112893000,1,47.616,14.442,3.2970502700457,632578958264631296,1778108000000,1389243940330274816,NL01AJ6140,4893000,1778112893000,38.126884345625015,47.616,1.2999999999997272,14.442001646070082,3.2970498942545916,14.442001646070082,1778108000000-632578958264631296-1389243940330274816,49.0,,,,
970288452387995648,1778119890000-632578958264631296-970288452387995648,1778119890000,1778124436000,1,47.394,16.624,2.8509384023099136,632578958264631296,1778119890000,970288452387995648,RJ47GA3399,4546000,1778124436000,43.888466734818515,47.394,0.5,16.624419217734285,2.8508665102382595,16.624419217734285,1778119890000-632578958264631296-970288452387995648,32.25,,,,
1484590862305329152,1778165427000-632578958264631296-1484590862305329152,1778165427000,1778172198000,1,47.363,20.966,2.259038443193742,632578958264631296,1778165427000,1484590862305329152,NL01AK3094,6771000,1778172198000,55.34922970541179,47.363,1.849999999999909,20.96561731265598,2.2590796776305333,20.96561731265598,1778165427000-632578958264631296-1484590862305329152,50.125,,,,
1187402009754468352,1778114847000-632578958264631296-1187402009754468352,1778114847000,1778119312000,1,47.285,16.147,2.928407753762309,632578958264631296,1778114847000,1187402009754468352,RJ47GA6476,4465000,1778119312000,42.628242601723954,47.285,1.199999999999818,16.147061591562103,2.9283965836056205,16.147061591562103,1778114847000-632578958264631296-1187402009754468352,49.89999999999418,,,,
780059706918961152,1778154666000-632578958264631296-780059706918961152,1778154666000,1778158692000,1,47.238,17.266,2.7358971388856714,632578958264631296,1778154666000,780059706918961152,RJ47GA3183,4026000,1778158692000,45.582391618735095,47.238,1.0499999999992724,17.26605743133905,2.7358880385895086,17.26605743133905,1778154666000-632578958264631296-780059706918961152,51.97999999998137,['900758004217937931'],,900758004217937931,
780122893064339456,1778156536000-632578958264631296-780122893064339456,1778156536000,1778161825000,1,47.223,19.624,2.4063901345291483,632578958264631296,1778156536000,780122893064339456,RJ47GA3065,5289000,1778161825000,51.80673914008739,47.223,1.3999999999996362,19.623764825790676,2.406418973077828,19.623764825790676,1778156536000-632578958264631296-780122893064339456,53.45000000001164,['900758004201160710'],,900758004201160710,
800734942576246784,1778154671000-632578958264631296-800734942576246784,1778154671000,1778158498000,1,47.183,18.022,2.618077904783043,632578958264631296,1778154671000,800734942576246784,RJ47GA3337,3827000,1778158498000,47.57785895808235,47.183,1.0,18.02191627200089,2.6180900681080286,18.02191627200089,1778154671000-632578958264631296-800734942576246784,52.60000000000582,['900758004217937929'],,900758004217937929,
1101524127430213632,1778106617000-632578958264631296-1101524127430213632,1778106617000,1778110975000,1,47.167,10.809,4.363678416134703,632578958264631296,1778106617000,1101524127430213632,RJ47GA3640,4358000,1778110975000,28.535000551775692,47.167,1.0500000000010914,10.808712330218064,4.363794553781821,10.808712330218064,1778106617000-632578958264631296-1101524127430213632,44.5,,,,
944571594812948480,1778115308000-632578958264631296-944571594812948480,1778115308000,1778121387000,1,47.151,11.609,4.061590145576708,632578958264631296,1778115308000,944571594812948480,RJ47GA2733,6079000,1778121387000,30.648262317995577,47.151,0.0,11.609190271968021,4.061523577045037,11.609190271968021,1778115308000-632578958264631296-944571594812948480,50.375,,,,
946029440482148352,1778173985000-632578958264631296-946029440482148352,1778173985000,1778179150000,1,47.105,15.478,3.0433518542447344,632578958264631296,1778173985000,946029440482148352,RJ47GA3752,5165000,1778179150000,40.86160170859993,47.105,1.3500000000003638,15.477879435075728,3.043375560430545,15.477879435075728,1778173985000-632578958264631296-946029440482148352,51.375,,,,
927179928254808064,1778175361000-632578958264631296-927179928254808064,1778175361000,1778180101000,1,47.099,10.534,4.471141067021074,632578958264631296,1778175361000,927179928254808064,RJ47GA3343,4740000,1778180101000,27.811037582478956,47.099,0.0,10.53448393275718,4.470935671897961,10.53448393275718,1778175361000-632578958264631296-927179928254808064,,,,,
1067765309810671616,1778128379000-632578958264631296-1067765309810671616,1778128379000,1778134391000,1,47.052,29.272,1.6074063951899427,632578958264631296,1778128379000,1067765309810671616,RJ47GA6287,6012000,1778134391000,77.2786466620067,47.052,1.6000000000003638,29.272214644699506,1.6073946085428827,29.272214644699503,1778128379000-632578958264631296-1067765309810671616,49.89999999999418,,,,
1536014570613637120,1778163605000-632578958264631296-1536014570613637120,1778163605000,1778167945000,1,46.846,20.676,2.2657187076804024,632578958264631296,1778163605000,1536014570613637120,NL01AK9202,4340000,1778167945000,54.58504546560717,46.846,1.2000000000000028,20.67615358545726,2.265701877594366,20.67615358545726,1778163605000-632578958264631296-1536014570613637120,48.039999999999964,,,,
997896292355014656,1778161862000-632578958264631296-997896292355014656,1778161862000,1778167992000,1,46.806,20.369,2.297903677156463,632578958264631296,1778161862000,997896292355014656,RJ47GA5837,6130000,1778167992000,53.77461685985794,46.806,1.699999999999818,20.369173052976492,2.297884154563671,20.369173052976492,1778161862000-632578958264631296-997896292355014656,49.04999999998836,,,,
942469061864849408,1778134560000-632578958264631296-942469061864849408,1778134560000,1778138725000,1,46.797,16.563,2.8253939503713097,632578958264631296,1778134560000,942469061864849408,RJ47GA3637,4165000,1778138725000,43.72507581624079,46.797,1.1000000000003638,16.562528718273025,2.8254743460984937,16.562528718273025,1778134560000-632578958264631296-942469061864849408,43.25,,,,
1471165126924042240,1778163697000-632578958264631296-1471165126924042240,1778163697000,1778168510000,1,46.758,22.056,2.119967355821545,632578958264631296,1778163697000,1471165126924042240,NL01AK2621,4813000,1778168510000,58.22754761582168,46.758,1.2999999999999545,22.0558892484173,2.119978001039123,22.055889248417305,1778163697000-632578958264631296-1471165126924042240,49.5,,,,
1083729038846984192,1778161926000-632578958264631296-1083729038846984192,1778161926000,1778167507000,1,46.753,22.417,2.0856046750234194,632578958264631296,1778161926000,1083729038846984192,RJ47GA6358,5581000,1778167507000,59.17994152171311,46.753,1.550000000000182,22.41664451580042,2.085637748640125,22.41664451580042,1778161926000-632578958264631296-1083729038846984192,49.29999999998836,,,,
1132636843020386304,1778164772000-632578958264631296-1132636843020386304,1778164772000,1778169682000,1,46.706,16.686,2.799113028886492,632578958264631296,1778164772000,1132636843020386304,RJ47GA4655,4910000,1778169682000,44.05030813632538,46.706,1.300000000000182,16.685722778911128,2.799159534103678,16.685722778911128,1778164772000-632578958264631296-1132636843020386304,48.10000000000582,,,,
1535700301011484672,1778164620000-632578958264631296-1535700301011484672,1778164620000,1778169667000,1,46.689,15.824,2.9505182002022243,632578958264631296,1778164620000,1535700301011484672,NL01AK7896,5047000,1778169667000,41.77631889661901,46.689,1.3500000000000227,15.824363218416291,2.9504504766209894,15.824363218416291,1778164620000-632578958264631296-1535700301011484672,47.61499999999978,,,,
797458881650360320,1778135352000-632578958264631296-797458881650360320,1778135352000,1778139910000,1,46.595,16.237,2.8696803596723535,632578958264631296,1778135352000,797458881650360320,RJ47GA3119,4558000,1778139910000,42.8651539880645,46.595,1.2000000000007276,16.236800753054734,2.8697155744325915,16.236800753054734,1778135352000-632578958264631296-797458881650360320,52.600000000034925,['900758004213743620'],,900758004213743620,
1462138501628690432,1778147732000-632578958264631296-1462138501628690432,1778147732000,1778151883000,1,46.583,14.332,3.250279095729835,632578958264631296,1778147732000,1462138501628690432,RJ47GA5314,4151000,1778151883000,37.83767188869355,46.583,1.0999999999994543,14.33245147298998,3.2501767117640226,14.33245147298998,1778147732000-632578958264631296-1462138501628690432,47.20000000001164,,,,
1428031634325635072,1778123038000-632578958264631296-1428031634325635072,1778123038000,1778127034000,1,46.513,11.867,3.919524732451335,632578958264631296,1778123038000,1428031634325635072,NL01AJ9500,3996000,1778127034000,31.329030257451212,46.513,1.0499999999999545,11.867056915701216,3.919505933982586,11.867056915701216,1778123038000-632578958264631296-1428031634325635072,47.25,,,,
862693652038680576,1778144526000-632578958264631296-862693652038680576,1778144526000,1778149447000,1,46.489,14.287,3.2539371456568906,632578958264631296,1778144526000,862693652038680576,RJ47GA4378,4921000,1778149447000,37.71824913426048,46.489,1.3999999999996362,14.287215581159273,3.25388804668879,14.287215581159275,1778144526000-632578958264631296-862693652038680576,47.399999999965075,['900758004234715138'],,900758004234715138,0.0
1156948637754851328,1778140860000-632578958264631296-1156948637754851328,1778140860000,1778145067000,1,46.343,14.254,3.251227725550723,632578958264631296,1778140860000,1156948637754851328,RJ14GP9557,4207000,1778145067000,37.631219980240246,46.343,1.1500000000005457,14.254249992515243,3.251170705181558,14.254249992515243,1778140860000-632578958264631296-1156948637754851328,48.10000000000582,,,,
942469061864849408,1778152309000-632578958264631296-942469061864849408,1778152309000,1778156808000,1,46.192,16.852,2.741039639211963,632578958264631296,1778152309000,942469061864849408,RJ47GA3637,4499000,1778156808000,44.48876234898234,46.192,1.25,16.851803920069067,2.741071532703348,16.851803920069067,1778152309000-632578958264631296-942469061864849408,42.625,,,,
947094374120947712,1778158069000-632578958264631296-947094374120947712,1778158069000,1778162179000,1,46.075,15.529,2.9670294288106125,632578958264631296,1778158069000,947094374120947712,RJ47GA3346,4110000,1778162179000,40.99675411796819,46.075,1.1000000000003638,15.529073529533402,2.967015380046591,15.529073529533402,1778158069000-632578958264631296-947094374120947712,44.75,,,,
943461119844941824,1778152161000-632578958264631296-943461119844941824,1778152161000,1778157141000,1,46.068,23.626,1.949885719123,632578958264631296,1778152161000,943461119844941824,RJ47GA3779,4980000,1778157141000,62.37244304781419,46.068,1.3500000000003638,23.625925396899312,1.949891876237195,23.625925396899312,1778152161000-632578958264631296-943461119844941824,47.5,,,,
1477689128190476288,1778156185000-632578958264631296-1477689128190476288,1778156185000,1778162055000,1,46.048,12.089,3.809082637108115,632578958264631296,1778156185000,1477689128190476288,RJ47FA0016,5870000,1778162055000,31.914755136342958,46.048,1.6000000000000227,12.088922400129908,3.809107087948978,12.088922400129908,1778156185000-632578958264631296-1477689128190476288,48.720000000001164,,,,
1184409623537385472,1778120257000-632578958264631296-1184409623537385472,1778120257000,1778124246000,1,45.982,13.852,3.3195206468380016,632578958264631296,1778120257000,1184409623537385472,RJ47GA6472,3989000,1778124246000,36.56867777823431,45.982,1.0,13.851771885694815,3.3195753135010215,13.851771885694815,1778120257000-632578958264631296-1184409623537385472,48.10000000000582,,,,
1268615116379652096,1778165576000-632578958264631296-1268615116379652096,1778165576000,1778171445000,1,45.972,24.126,1.905496145237503,632578958264631296,1778165576000,1268615116379652096,RJ47GA5518,5869000,1778171445000,63.69145493932579,45.972,1.6000000000003638,24.12555111338098,1.9055315994212512,24.12555111338098,1778165576000-632578958264631296-1268615116379652096,47.800000000046566,,,,
1050035941135089664,1778145016000-632578958264631296-1050035941135089664,1778145016000,1778149480000,1,45.933,17.806,2.579636077726609,632578958264631296,1778145016000,1050035941135089664,RJ47GA5558,4464000,1778149480000,47.008780808456585,45.933,1.199999999999818,17.806356366839616,2.579584450277543,17.806356366839616,1778145016000-632578958264631296-1050035941135089664,49.10000000000582,,,,
1540361729291059200,1778133791000-632578958264631296-1540361729291059200,1778133791000,1778137542000,1,45.728,11.274,4.05605818697889,632578958264631296,1778133791000,1540361729291059200,NL01AK8391,3751000,1778137542000,29.76376152281525,45.728,1.0,11.274152091975473,4.056003469435853,11.274152091975473,1778133791000-632578958264631296-1540361729291059200,47.195000000000164,,,,
1535695002116554752,1778167571000-632578958264631296-1535695002116554752,1778167571000,1778171132000,1,45.723,11.996,3.8115205068356115,632578958264631296,1778167571000,1535695002116554752,NL01AK7895,3561000,1778171132000,31.668975035663134,45.723,0.9499999999999886,11.995823877145126,3.8115764676332984,11.995823877145126,1778167571000-632578958264631296-1535695002116554752,46.030000000000655,,,,
977133830013976576,1778124028000-632578958264631296-977133830013976576,1778124028000,1778128599000,1,45.693,16.453,2.777183492372212,632578958264631296,1778124028000,977133830013976576,RJ47GA5039,4571000,1778128599000,43.43499611687482,45.693,1.25,16.452650044270765,2.7772425643923224,16.452650044270765,1778124028000-632578958264631296-977133830013976576,47.69999999998254,,,,
861290333428776960,1778108552000-632578958264631296-861290333428776960,1778108552000,1778116072000,1,45.5,18.786,2.4220163951879057,632578958264631296,1778108552000,861290333428776960,RJ47GA3532,7520000,1778116072000,49.59589761383355,45.5,1.7999999999992724,18.786324853724828,2.4219745136036313,18.786324853724828,1778108552000-632578958264631296-861290333428776960,45.5,,,,
1397607242391355392,1778144173000-632578958264631296-1397607242391355392,1778144173000,1778149434000,1,45.491,19.39,2.3461062403300668,632578958264631296,1778144173000,1397607242391355392,NL01AJ6922,5261000,1778149434000,51.190896100771134,45.491,1.400000000000091,19.390490947261792,2.3460468393361626,19.390490947261792,1778144173000-632578958264631296-1397607242391355392,46.75,,,,
1184409623537385472,1778129450000-632578958264631296-1184409623537385472,1778129450000,1778133587000,1,45.006,9.479,4.747969195062771,632578958264631296,1778129450000,1184409623537385472,RJ47GA6472,4137000,1778133587000,25.02354001414193,45.006,0.8000000000001819,9.478613641720427,4.748162727290056,9.478613641720427,1778129450000-632578958264631296-1184409623537385472,47.79999999998836,,,,
1540361729291059200,1778120393000-632578958264631296-1540361729291059200,1778120393000,1778124541000,1,44.879,10.958,4.095546632597189,632578958264631296,1778120393000,1540361729291059200,NL01AK8391,4148000,1778124541000,28.929406473906152,44.879,1.1499999999999915,10.95810851284324,4.095506076381744,10.958108512843237,1778120393000-632578958264631296-1540361729291059200,46.414999999999964,,,,
862693652038680576,1778140296000-632578958264631296-862693652038680576,1778140296000,1778144485000,1,44.765,13.624,3.2857457428068115,632578958264631296,1778140296000,862693652038680576,RJ47GA4378,4189000,1778144485000,35.96737615097372,44.765,1.1000000000003638,13.624006117793076,3.285744267358813,13.624006117793076,1778140296000-632578958264631296-862693652038680576,45.79999999998836,['900758004234715138'],,900758004234715138,1.4214598349807783
878252193440858112,1778116057000-632578958264631296-878252193440858112,1778116057000,1778119743000,1,44.75,9.922,4.510179399314654,632578958264631296,1778116057000,878252193440858112,RJ47GA1999,3686000,1778119743000,26.195138959406354,44.75,0.9000000000014552,9.922401120987255,4.509997071711558,9.922401120987255,1778116057000-632578958264631296-878252193440858112,44.75,['900758004175994897'],,900758004175994897,
1050037537222950912,1778122675000-632578958264631296-1050037537222950912,1778122675000,1778128225000,1,44.708,16.58,2.6965018094089266,632578958264631296,1778122675000,1050037537222950912,RJ47GA5924,5550000,1778128225000,43.77002969104803,44.708,1.25,16.579556701154555,2.6965739076055426,16.579556701154555,1778122675000-632578958264631296-1050037537222950912,,,,,
1138782810882965504,1778140938000-632578958264631296-1138782810882965504,1778140938000,1778145325000,1,44.707,14.941,2.9922361287731745,632578958264631296,1778140938000,1138782810882965504,RJ47GA6253,4387000,1778145325000,39.443393403380654,44.707,1.199999999999818,14.940679319462369,2.9923003528870837,14.940679319462369,1778140938000-632578958264631296-1138782810882965504,46.80000000001746,,,,
1142833661045899264,1778172181000-632578958264631296-1142833661045899264,1778172181000,1778176211000,1,44.698,16.534,2.703399056489658,632578958264631296,1778172181000,1142833661045899264,RJ47GA6293,4030000,1778176211000,43.64956588494582,44.698,1.1000000000003638,16.533926471570386,2.703411078841855,16.533926471570386,1778172181000-632578958264631296-1142833661045899264,46.5,,,,
951557397191589888,1778163544000-632578958264631296-951557397191589888,1778163544000,1778168309000,1,44.669,18.623,2.3985931375181226,632578958264631296,1778163544000,951557397191589888,RJ47GA3883,4765000,1778168309000,49.16467374304486,44.669,1.3000000000010914,18.62298247842608,2.3985953942526175,18.62298247842608,1778163544000-632578958264631296-951557397191589888,45.75,,,,
1299087047838924800,1778119489000-632578958264631296-1299087047838924800,1778119489000,1778126914000,1,44.552,25.938,1.717634358855733,632578958264631296,1778119489000,1299087047838924800,RJ47GA6395,7425000,1778126914000,68.47632000000507,44.552,0.0,25.93800000000192,1.7176343588556058,25.93800000000192,1778119489000-632578958264631296-1299087047838924800,46.29999999998836,,,,
946032744595456000,1778128800000-632578958264631296-946032744595456000,1778128800000,1778134108000,1,44.383,29.166,1.5217376397174793,632578958264631296,1778128800000,946032744595456000,RJ47GA3516,5308000,1778134108000,76.99932948302921,44.383,1.4000000000014552,29.16641268296561,1.5217161082659132,29.16641268296561,1778128800000-632578958264631296-946032744595456000,45.0,,,,
1545824482457812992,1778144818000-632578958264631296-1545824482457812992,1778144818000,1778148540000,1,44.324,13.44,3.2979166666666666,632578958264631296,1778144818000,1545824482457812992,NL01AK8869,3722000,1778148540000,35.480930063124624,44.324,1.0,13.439746236032054,3.2979789366235983,13.439746236032054,1778144818000-632578958264631296-1545824482457812992,45.26000000000022,,,,
818154714091749376,1778160200000-632578958264631296-818154714091749376,1778160200000,1778164964000,1,44.316,12.065,3.673104019892251,632578958264631296,1778160200000,818154714091749376,RJ47GA3069,4764000,1778164964000,31.852013953506393,44.316,1.25,12.065156800570604,3.6730562836866025,12.065156800570604,1778160200000-632578958264631296-818154714091749376,49.98000000003958,['900758004201160718'],,900758004201160718,
1083726345994764288,1778119907000-632578958264631296-1083726345994764288,1778119907000,1778123689000,1,44.277,15.692,2.8216288554677544,632578958264631296,1778119907000,1083726345994764288,RJ47GA6212,3782000,1778123689000,41.426015687423686,44.277,1.050000000000182,15.691672608872608,2.8216877259447966,15.691672608872608,1778119907000-632578958264631296-1083726345994764288,45.60000000000582,,,,
1176184196838719488,1778133597000-632578958264631296-1176184196838719488,1778133597000,1778138146000,1,44.27,17.669,2.5055181391137022,632578958264631296,1778133597000,1176184196838719488,RJ14GP9553,4549000,1778138146000,46.647423625376945,44.27,1.25,17.669478645976113,2.505450267491715,17.669478645976113,1778133597000-632578958264631296-1176184196838719488,45.69999999998254,,,,
944573988506435584,1778168694000-632578958264631296-944573988506435584,1778168694000,1778172637000,1,44.135,10.831,4.074877665958822,632578958264631296,1778168694000,944573988506435584,RJ47GA3719,3943000,1778172637000,28.59290200253429,44.135,1.1000000000003638,10.830644697929655,4.075011343363214,7.609423230033413,1778168694000-632578958264631296-944573988506435584,47.875,,,,
1477689128190476288,1778122238000-632578958264631296-1477689128190476288,1778122238000,1778126642000,1,44.077,9.943,4.432967917127628,632578958264631296,1778122238000,1477689128190476288,RJ47FA0016,4404000,1778126642000,26.248240224706173,44.077,1.2000000000000455,9.942515236631126,4.433184053629355,9.942515236631126,1778122238000-632578958264631296-1477689128190476288,46.56499999999869,,,,
934473019407990784,1778135854000-632578958264631296-934473019407990784,1778135854000,1778140300000,1,44.074,15.12,2.91494708994709,632578958264631296,1778135854000,934473019407990784,RJ47GA4712,4446000,1778140300000,39.91738110178135,44.074,1.2000000000007276,15.120220114311117,2.9149046552757825,15.120220114311117,1778135854000-632578958264631296-934473019407990784,45.100000000034925,,,,
942436996423352320,1778134883000-632578958264631296-942436996423352320,1778134883000,1778139456000,1,44.06,12.875,3.422135922330097,632578958264631296,1778134883000,942436996423352320,RJ47GA1344,4573000,1778139456000,33.98876483165668,44.06,0.0,12.874532133203289,3.422260284423828,0.001,1778134883000-632578958264631296-942436996423352320,,,,,
1536022277991170048,1778155431000-632578958264631296-1536022277991170048,1778155431000,1778159438000,1,44.007,12.824,3.4316126013724264,632578958264631296,1778155431000,1536022277991170048,NL01AK7897,4007000,1778159438000,33.85492514088559,44.007,1.0500000000000114,12.823835280638482,3.431656679686309,12.823835280638482,1778155431000-632578958264631296-1536022277991170048,45.50500000000011,,,,
944589988106862592,1778137172000-632578958264631296-944589988106862592,1778137172000,1778141334000,1,43.922,12.456,3.5261721258831082,632578958264631296,1778137172000,944589988106862592,RJ47GA2625,4162000,1778141334000,32.88291207635805,43.922,1.1000000000003638,12.45564851377199,3.526271631014332,12.45564851377199,1778137172000-632578958264631296-944589988106862592,47.75,,,,
1097510484225032192,1778140048000-632578958264631296-1097510484225032192,1778140048000,1778144024000,1,43.877,13.942,3.1471094534500073,632578958264631296,1778140048000,1097510484225032192,RJ47GA3830,3976000,1778144024000,36.80598891318088,43.877,1.0999999999985448,13.941662467113972,3.147185646152203,13.941662467113972,1778140048000-632578958264631296-1097510484225032192,47.875,,,,
942723675356921856,1778161980000-632578958264631296-942723675356921856,1778161980000,1778165834000,1,43.819,10.443,4.196016470362923,632578958264631296,1778161980000,942723675356921856,RJ14GN1566,3854000,1778165834000,27.569812276657146,43.819,1.0,10.44311071085498,4.1959719870108065,10.44311071085498,1778161980000-632578958264631296-942723675356921856,44.79999999998836,,,,
818154714091749376,1778119293000-632578958264631296-818154714091749376,1778119293000,1778123786000,1,43.734,9.653,4.530612244897959,632578958264631296,1778119293000,818154714091749376,RJ47GA3069,4493000,1778123786000,25.483175895813307,43.734,1.2000000000007276,9.652718142353525,4.530744537966669,9.652718142353525,1778119293000-632578958264631296-818154714091749376,49.23999999999069,['900758004201160718'],,900758004201160718,
946032744595456000,1778147346000-632578958264631296-946032744595456000,1778147346000,1778151203000,1,43.605,17.06,2.555978898007034,632578958264631296,1778147346000,946032744595456000,RJ47GA3516,3857000,1778151203000,45.03763606342613,43.605,1.0499999999992724,17.059710630085654,2.556022252985956,17.059710630085654,1778147346000-632578958264631296-946032744595456000,43.5,,,,
971379691866816512,1778174808000-632578958264631296-971379691866816512,1778174808000,1778179209000,1,43.545,8.917,4.883368846024448,632578958264631296,1778174808000,971379691866816512,RJ47GA4524,4401000,1778179209000,23.541829570462173,43.545,1.1999999999989086,8.917359685781125,4.8831718731087195,7.893815542198371,1778174808000-632578958264631296-971379691866816512,44.59999999997672,,,,
1067765309810671616,1778154901000-632578958264631296-1067765309810671616,1778154901000,1778161117000,1,43.202,17.894,2.4143288253045716,632578958264631296,1778154901000,1067765309810671616,RJ47GA6287,6216000,1778161117000,47.239204379090665,43.202,1.699999999999818,17.893638022382827,2.414377665735688,17.893638022382827,1778154901000-632578958264631296-1067765309810671616,45.69999999998254,,,,
1385588909638942720,1778139289000-632578958264631296-1385588909638942720,1778139289000,1778144928000,1,43.186,16.406,2.632329635499208,632578958264631296,1778139289000,1385588909638942720,NL01AJ5690,5639000,1778144928000,43.31155308622925,43.186,1.5,16.405891320541382,2.632347073147312,16.405891320541382,1778139289000-632578958264631296-1385588909638942720,45.625,,,,
1385588586753032192,1778154928000-632578958264631296-1385588586753032192,1778154928000,1778160897000,1,43.136,17.679,2.4399570111431648,632578958264631296,1778154928000,1385588586753032192,NL01AJ5698,5969000,1778160897000,46.671750816298115,43.136,1.650000000000091,17.678693491022013,2.4399993145368057,17.678693491022013,1778154928000-632578958264631296-1385588586753032192,46.25,,,,
1268615116379652096,1778139381000-632578958264631296-1268615116379652096,1778139381000,1778144428000,1,43.134,21.038,2.0502899515163038,632578958264631296,1778139381000,1268615116379652096,RJ47GA5518,5047000,1778144428000,55.54005928898006,43.134,1.3499999999994543,21.03790124582578,2.0502995757981517,21.03790124582578,1778139381000-632578958264631296-1268615116379652096,44.79999999998836,,,,
961239466377216000,1778126652000-632578958264631296-961239466377216000,1778126652000,1778130716000,1,43.102,10.335,4.1704886308659885,632578958264631296,1778126652000,961239466377216000,RJ47GA2691,4064000,1778130716000,27.28401077469262,43.102,1.1000000000003638,10.334852566171447,4.170548125774295,10.334852566171447,1778126652000-632578958264631296-961239466377216000,45.125,,,,
1259200800735887360,1778152217000-632578958264631296-1259200800735887360,1778152217000,1778157264000,1,43.058,8.721,4.9372778351106525,632578958264631296,1778152217000,1259200800735887360,NL01AH5402,5047000,1778157264000,23.02220214958101,43.058,1.3500000000003638,8.720531117265534,4.937543301089848,8.720531117265534,1778152217000-632578958264631296-1259200800735887360,45.014999999984866,,,,
1467925946630668288,1778145656000-632578958264631296-1467925946630668288,1778145656000,1778149301000,1,43.05,9.54,4.512578616352202,632578958264631296,1778145656000,1467925946630668288,RJ47GA5320,3645000,1778149301000,25.1842965803455,43.04999999998836,0.6243991666659391,9.539506280433901,4.512812166001346,9.030560543315666,1778145656000-632578958264631296-1467925946630668288,43.04999999998836,,,,
1082007973238145024,1778175310000-632578958264631296-1082007973238145024,1778175310000,1778181078000,1,42.939,21.546,1.9928989139515456,632578958264631296,1778175310000,1082007973238145024,RJ47GA5734,5768000,1778181078000,56.880164545082174,42.939,1.6000000000003638,21.545516873137185,1.9929436018096218,21.545516873137185,1778175310000-632578958264631296-1082007973238145024,45.90000000002328,,,,
1093087738300727296,1778108321000-632578958264631296-1093087738300727296,1778108321000,1778112193000,1,42.88,14.769,2.9033786986254997,632578958264631296,1778108321000,1093087738300727296,RJ47GA5977,3872000,1778112193000,38.99123586652842,42.88,1.0499999999992724,14.769407525200158,2.9032985870852586,14.769407525200158,1778108321000-632578958264631296-1093087738300727296,44.54999999998836,,,,
906488270454521856,1778165439000-632578958264631296-906488270454521856,1778165439000,1778170550000,1,42.87,15.226,2.8155786155260736,632578958264631296,1778165439000,906488270454521856,RJ47GA3505,5111000,1778170550000,40.195519147503106,42.87,1.349999999999909,15.225575434660266,2.8156571279669715,15.225575434660266,1778165439000-632578958264631296-906488270454521856,42.25,,,,
1540361729291059200,1778127974000-632578958264631296-1540361729291059200,1778127974000,1778132161000,1,42.821,14.188,3.018113899069636,632578958264631296,1778127974000,1540361729291059200,NL01AK8391,4187000,1778132161000,37.45681481233233,42.821,1.1500000000000057,14.188187428913762,3.01807402915584,14.188187428913764,1778127974000-632578958264631296-1540361729291059200,44.27500000000009,,,,
780109531760820224,1778134880000-632578958264631296-780109531760820224,1778134880000,1778139004000,1,42.768,11.578,3.693902228364139,632578958264631296,1778134880000,780109531760820224,RJ47GA3172,4124000,1778139004000,30.566619839862835,42.768,1.0999999999985448,11.578265090857133,3.6938176544059336,11.578265090857133,1778134880000-632578958264631296-780109531760820224,48.51000000000931,['900758004213743624'],,900758004213743624,
1506655599683698688,1778175754000-632578958264631296-1506655599683698688,1778175754000,1778179069000,1,42.752,15.084,2.834261469106338,632578958264631296,1778175754000,1506655599683698688,RJ47GA8529,3315000,1778179069000,39.82132742001119,42.752,0.8999999999999773,15.08383614394363,2.8342922577533782,15.08383614394363,1778175754000-632578958264631296-1506655599683698688,44.974999999998545,,,,
862693652038680576,1778120611000-632578958264631296-862693652038680576,1778120611000,1778123763000,1,42.715,13.415,3.184122251211331,632578958264631296,1778120611000,862693652038680576,RJ47GA4378,3152000,1778123763000,35.41608851814362,42.715,0.7999999999992724,13.41518504475137,3.1840783304522553,13.41518504475137,1778120611000-632578958264631296-862693652038680576,44.399999999965075,['900758004234715138'],,900758004234715138,1.2879999999999987
1109445504082640896,1778165492000-632578958264631296-1109445504082640896,1778165492000,1778171401000,1,42.638,21.514,1.9818722692200428,632578958264631296,1778165492000,1109445504082640896,RJ47GA4865,5909000,1778171401000,56.798146057619384,42.638,1.550000000000182,21.514449264249766,1.9818308838075123,21.514449264249766,1778165492000-632578958264631296-1109445504082640896,44.29999999998836,,,,
1361380561528029184,1778122322000-632578958264631296-1361380561528029184,1778122322000,1778126250000,1,42.625,19.0,2.2434210526315788,632578958264631296,1778122322000,1361380561528029184,NL01AJ4177,3928000,1778126250000,50.160000000000004,42.625,1.099999999999909,19.0,2.2434210526315788,19.0,1778122322000-632578958264631296-1361380561528029184,42.625,,,,
878252193440858112,1778123450000-632578958264631296-878252193440858112,1778123450000,1778127838000,1,42.625,11.094,3.842166937083108,632578958264631296,1778123450000,878252193440858112,RJ47GA1999,4388000,1778127838000,29.28816000003135,42.625,0.7000000000007276,11.094000000011874,3.8421669370789955,11.094000000011874,1778123450000-632578958264631296-878252193440858112,42.625,['900758004175994897'],,900758004175994897,
942469061864849408,1778130815000-632578958264631296-942469061864849408,1778130815000,1778134555000,1,42.605,15.45,2.7576051779935273,632578958264631296,1778130815000,942469061864849408,RJ47GA3637,3740000,1778134555000,40.78689937822691,42.605,1.0,15.449583097813225,2.757679591110159,15.449583097813225,1778130815000-632578958264631296-942469061864849408,39.0,,,,
866245373776101376,1778116875000-632578958264631296-866245373776101376,1778116875000,1778120899000,1,42.595,9.323,4.568808323501019,632578958264631296,1778116875000,866245373776101376,RJ47GA4404,4024000,1778120899000,24.61270548349312,42.595,1.1000000000003638,9.322994501323151,4.568811018171766,9.322994501323151,1778116875000-632578958264631296-866245373776101376,43.5,['900758004146634763'],,900758004146634763,0.0
1406586435233906688,1778122621000-632578958264631296-1406586435233906688,1778122621000,1778126678000,1,42.309,14.753,2.86782349352674,632578958264631296,1778122621000,1406586435233906688,NL01AJ7417,4057000,1778126678000,38.948189702942884,42.309,1.099999999999909,14.753102160205637,2.8678036348262004,14.753102160205637,1778122621000-632578958264631296-1406586435233906688,44.75,,,,
1464286677953413120,1778162596000-632578958264631296-1464286677953413120,1778162596000,1778166612000,1,42.082,7.539,5.581907414776496,632578958264631296,1778162596000,1464286677953413120,NL01AK1958,4016000,1778166612000,19.90363383972173,42.082,1.099999999999909,7.539255242318837,5.581718438684523,7.539255242318837,1778162596000-632578958264631296-1464286677953413120,43.0,,,,
792451146961649664,1778125270000-632578958264631296-792451146961649664,1778125270000,1778129395000,1,42.044,15.146,2.7759144328535585,632578958264631296,1778125270000,792451146961649664,RJ47GA2227,4125000,1778129395000,39.98535827796208,42.044,1.1000000000003638,15.145969044682605,2.775920106264885,15.145969044682605,1778125270000-632578958264631296-792451146961649664,46.4199999999837,['900758004180189185'],,900758004180189185,
798236529196531712,1778149875000-632578958264631296-798236529196531712,1778149875000,1778153687000,1,41.924,8.094,5.179639238942427,632578958264631296,1778149875000,798236529196531712,RJ47GA3075,3812000,1778153687000,21.366907819613342,41.924,0.9499999999989086,8.093525689247478,5.179942785095184,8.093525689247478,1778149875000-632578958264631296-798236529196531712,46.52000000001863,['900758004205355009'],,900758004205355009,
1067765061260410880,1778112620000-632578958264631296-1067765061260410880,1778112620000,1778116398000,1,41.882,15.211,2.753402143185852,632578958264631296,1778112620000,1067765061260410880,RJ47GA6230,3778000,1778116398000,40.156498662859875,41.882,1.0499999999992724,15.210794948052982,2.753439260934945,15.210794948052982,1778112620000-632578958264631296-1067765061260410880,44.89999999999418,,,,
787687496786903040,1778165444000-632578958264631296-787687496786903040,1778165444000,1778170761000,1,41.747,15.762,2.648585204923233,632578958264631296,1778165444000,787687496786903040,RJ47GA3109,5317000,1778170761000,41.61182484404163,41.747,1.4000000000014552,15.762054865167283,2.6485759856259032,15.762054865167283,1778165444000-632578958264631296-787687496786903040,47.14000000001397,['900758004205355019'],,900758004205355019,
906488270454521856,1778160164000-632578958264631296-906488270454521856,1778160164000,1778163966000,1,41.744,14.111,2.95825951385444,632578958264631296,1778160164000,906488270454521856,RJ47GA3505,3802000,1778163966000,37.252780309547205,41.744,1.0,14.110901632404245,2.9582801359864326,14.110901632404243,1778160164000-632578958264631296-906488270454521856,41.25,,,,
1112389405491855360,1778123596000-632578958264631296-1112389405491855360,1778123596000,1778127321000,1,41.675,12.829,3.2484994933354114,632578958264631296,1778123596000,1112389405491855360,RJ47GA3734,3725000,1778127321000,33.868968937819396,41.675,1.0,12.829154900689165,3.2484602705795744,12.829154900689165,1778123596000-632578958264631296-1112389405491855360,42.375,,,,
790193276584984576,1778128133000-632578958264631296-790193276584984576,1778128133000,1778132625000,1,41.645,16.249,2.5629269493507296,632578958264631296,1778128133000,790193276584984576,RJ47GA2477,4492000,1778132625000,42.89761381802567,41.645,1.1999999999989086,16.24909614319154,2.5629117849394647,16.24909614319154,1778128133000-632578958264631296-790193276584984576,46.72000000003027,['841055114193010688'],,841055114193010688,
873568577507033088,1778128226000-632578958264631296-873568577507033088,1778128226000,1778131985000,1,41.53,14.897,2.7878096260992145,632578958264631296,1778128226000,873568577507033088,RJ14GN1578,3759000,1778131985000,39.32688187824988,41.53,0.8999999999996362,14.896546166003741,2.787894558725162,14.896546166003741,1778128226000-632578958264631296-873568577507033088,42.79999999998836,,,,0.3679999999999987
1268614873160351744,1778110190000-632578958264631296-1268614873160351744,1778110190000,1778114800000,1,41.519,17.124,2.424608736276571,632578958264631296,1778110190000,1268614873160351744,RJ47GA5515,4610000,1778114800000,45.20719608028338,41.519,1.25,17.12393790919825,2.424617527823303,17.12393790919825,1778110190000-632578958264631296-1268614873160351744,43.30000000001746,,,,
1536014609964597248,1778152968000-632578958264631296-1536014609964597248,1778152968000,1778157182000,1,41.36,24.833,1.6655257117545204,632578958264631296,1778152968000,1536014609964597248,NL01AK9197,4214000,1778157182000,65.55901454274172,41.36,1.0999999999999943,24.832960054068835,1.6655283908944734,24.832960054068835,1778152968000-632578958264631296-1536014609964597248,42.1550000000002,,,,
940245549137788928,1778156678000-632578958264631296-940245549137788928,1778156678000,1778160594000,1,41.33,10.546,3.919021429926038,632578958264631296,1778156678000,940245549137788928,RJ47GA4673,3916000,1778160594000,27.840742760051654,41.33,1.1000000000003638,10.545735893958959,3.9191195773900955,10.545735893958959,1778156678000-632578958264631296-940245549137788928,42.79999999998836,,,,
1462138214197231616,1778138438000-632578958264631296-1462138214197231616,1778138438000,1778146381000,1,41.329,12.936,3.1948824984539272,632578958264631296,1778138438000,1462138214197231616,RJ47GA5984,7943000,1778146381000,34.151242039562916,41.329,2.1500000000005457,12.936076530137468,3.1948635974528212,12.936076530137468,1778138438000-632578958264631296-1462138214197231616,42.19999999998254,,,,
952583803866447872,1778111099000-632578958264631296-952583803866447872,1778111099000,1778117011000,1,41.315,18.987,2.175962500658345,632578958264631296,1778111099000,952583803866447872,RJ47GA3767,5912000,1778117011000,50.12592251337652,41.315,1.6499999999996362,18.98709186112747,2.175951973171034,18.98709186112747,1778111099000-632578958264631296-952583803866447872,42.25,,,,
925753337108758528,1778155046000-632578958264631296-925753337108758528,1778155046000,1778159350000,1,41.232,14.337,2.875915463486085,632578958264631296,1778155046000,925753337108758528,RJ47GA2620,4304000,1778159350000,37.84858349553176,41.232,1.2000000000007276,14.336584657398395,2.8759987811129215,14.336584657398395,1778155046000-632578958264631296-925753337108758528,50.625,,,,
1464260641047969792,1778120497000-632578958264631296-1464260641047969792,1778120497000,1778124666000,1,41.197,16.677,2.470288421178869,632578958264631296,1778120497000,1464260641047969792,NL01AK1966,4169000,1778124666000,44.02739058841742,41.197,1.099999999999909,16.67704188955205,2.470282216284975,16.67704188955205,1778120497000-632578958264631296-1464260641047969792,42.25,,,,
794950170587430912,1778112681000-632578958264631296-794950170587430912,1778112681000,1778117015000,1,41.175,11.494,3.5823038106838347,632578958264631296,1778112681000,794950170587430912,RJ47GA2696,4334000,1778117015000,30.34450429039279,41.175,1.1499999999996362,11.494130413027571,3.58226316567035,11.494130413027571,1778112681000-632578958264631296-794950170587430912,45.46999999997206,['900758004192772105'],,900758004192772105,
1298646515224412160,1778169523000-632578958264631296-1298646515224412160,1778169523000,1778174398000,1,41.135,16.305,2.5228457528365533,632578958264631296,1778169523000,1298646515224412160,RJ47GA3863,4875000,1778174398000,43.04465632052057,41.135,1.3000000000010914,16.304794060803246,2.522877617871213,16.304794060803246,1778169523000-632578958264631296-1298646515224412160,41.75,,,,
1070334753032372224,1778110306000-632578958264631296-1070334753032372224,1778110306000,1778114356000,1,41.126,17.539,2.3448315183305772,632578958264631296,1778110306000,1070334753032372224,RJ47GA4000,4050000,1778114356000,46.30258268914331,41.126,1.1000000000003638,17.53885707922095,2.3448506259124358,17.53885707922095,1778110306000-632578958264631296-1070334753032372224,41.75,['1096406669480427549'],,,
925753337108758528,1778115128000-632578958264631296-925753337108758528,1778115128000,1778118755000,1,40.932,9.999,4.093609360936093,632578958264631296,1778115128000,925753337108758528,RJ47GA2620,3627000,1778118755000,26.396602308908953,40.932,0.9500000000007276,9.998712995798845,4.093726864367282,9.998712995798845,1778115128000-632578958264631296-925753337108758528,50.375,,,,
1389243594644127744,1778161469000-632578958264631296-1389243594644127744,1778161469000,1778165889000,1,40.919,18.1,2.2607182320441987,632578958264631296,1778161469000,1389243594644127744,NL01AJ6142,4420000,1778165889000,47.782960513219564,40.919,1.150000000000091,18.09960625500741,2.260767412477794,18.09960625500741,1778161469000-632578958264631296-1389243594644127744,41.875,,,,
1083729116835872768,1778118968000-632578958264631296-1083729116835872768,1778118968000,1778123920000,1,40.899,16.503,2.478276676967824,632578958264631296,1778118968000,1083729116835872768,RJ47GA6361,4952000,1778123920000,43.56690936299903,40.899,1.3500000000003638,16.502617182954175,2.478334166428174,16.502617182954175,1778118968000-632578958264631296-1083729116835872768,43.80000000001746,,,,
1482772108667781120,1778164124000-632578958264631296-1482772108667781120,1778164124000,1778168602000,1,40.875,13.181,3.1010545482133374,632578958264631296,1778164124000,1482772108667781120,NL01AK3101,4478000,1778168602000,34.79794232451324,40.875,1.25,13.181038759285316,3.1010454294587224,13.181038759285316,1778164124000-632578958264631296-1482772108667781120,40.875,,,,
780059706918961152,1778162351000-632578958264631296-780059706918961152,1778162351000,1778166322000,1,40.754,14.773,2.758681378189941,632578958264631296,1778162351000,780059706918961152,RJ47GA3183,3971000,1778166322000,39.000671356343446,40.754,1.0499999999992724,14.772981574372515,2.7586848189601856,14.772981574372515,1778162351000-632578958264631296-780059706918961152,45.570000000006985,['900758004217937931'],,900758004217937931,
947104748366987264,1778120923000-632578958264631296-947104748366987264,1778120923000,1778126168000,1,40.63,13.075,3.1074569789674955,632578958264631296,1778120923000,947104748366987264,RJ47GA2627,5245000,1778126168000,34.518010075364884,40.63,1.4500000000002728,13.075003816426092,3.1074560719406175,13.07500381642609,1778120923000-632578958264631296-947104748366987264,47.25,,,,
1065321017443876864,1778168547000-632578958264631296-1065321017443876864,1778168547000,1778173292000,1,40.616,16.437,2.471010525034982,632578958264631296,1778168547000,1065321017443876864,RJ47GA2745,4745000,1778173292000,43.39482067102578,40.616,1.25,16.43743207235825,2.470945572350152,16.43743207235825,1778168547000-632578958264631296-1065321017443876864,43.125,,,,
944589217739046912,1778142757000-632578958264631296-944589217739046912,1778142757000,1778147078000,1,40.6,14.316,2.835987706063146,632578958264631296,1778142757000,944589217739046912,RJ47GA2631,4321000,1778147078000,37.79409150222917,40.6,1.2000000000007276,14.315943750844383,2.835998849017923,14.315943750844383,1778142757000-632578958264631296-944589217739046912,,,,,
961239466377216000,1778116908000-632578958264631296-961239466377216000,1778116908000,1778120797000,1,40.531,13.957,2.903990828974708,632578958264631296,1778116908000,961239466377216000,RJ47GA2691,3889000,1778120797000,36.84590820657631,40.531,1.0500000000010914,13.956783411581936,2.9040358945719285,13.956783411581936,1778116908000-632578958264631296-961239466377216000,42.5,,,,
1545824482457812992,1778139929000-632578958264631296-1545824482457812992,1778139929000,1778144084000,1,40.494,14.519,2.789035057510848,632578958264631296,1778139929000,1545824482457812992,NL01AK8869,4155000,1778144084000,38.329788425852556,40.494,1.1000000000000227,14.518859252216878,2.7890620947935005,14.518859252216878,1778139929000-632578958264631296-1545824482457812992,41.32500000000073,,,,
1362453820235317248,1778128582000-632578958264631296-1362453820235317248,1778128582000,1778133089000,1,40.408,18.239,2.2154723394922966,632578958264631296,1778128582000,1362453820235317248,NL01AJ4179,4507000,1778133089000,48.1520838133182,40.408,1.25,18.239425686862955,2.2154206329590784,18.239425686862955,1778128582000-632578958264631296-1362453820235317248,43.25,,,,
902974583798235136,1778153414000-632578958264631296-902974583798235136,1778153414000,1778157297000,1,40.363,8.406,4.801689269569355,632578958264631296,1778153414000,902974583798235136,RJ47GA2140,3883000,1778157297000,22.1926546172983,40.363,1.0500000000010914,8.406308567158446,4.801513015794965,7.046581104450118,1778153414000-632578958264631296-902974583798235136,26.5,,,,
1536402078727929856,1778122794000-632578958264631296-1536402078727929856,1778122794000,1778125917000,1,40.342,12.077,3.34039910573818,632578958264631296,1778122794000,1536402078727929856,NL01AK8054,3123000,1778125917000,31.883992953412108,40.342,0.8499999999999659,12.077270058110646,3.3403244115509207,12.077270058110646,1778122794000-632578958264631296-1536402078727929856,41.16500000000087,,,,
1083726887294861312,1778122826000-632578958264631296-1083726887294861312,1778122826000,1778125963000,1,40.336,12.495,3.228171268507403,632578958264631296,1778122826000,1083726887294861312,RJ47GA6339,3137000,1778125963000,32.98601951159363,40.336,0.8500000000003638,12.494704360452133,3.2282476508744224,12.494704360452133,1778122826000-632578958264631296-1083726887294861312,42.80000000001746,,,,
1083726789898928128,1778164165000-632578958264631296-1083726789898928128,1778164165000,1778168694000,1,40.333,16.274,2.4783704067838266,632578958264631296,1778164165000,1083726789898928128,RJ47GA6312,4529000,1778168694000,42.9640429768833,40.333,1.25,16.274258703364886,2.478331009427833,16.274258703364886,1778164165000-632578958264631296-1083726789898928128,42.5,,,,
1488160320575766528,1778144634000-632578958264631296-1488160320575766528,1778144634000,1778148785000,1,40.255,8.093,4.974051649573706,632578958264631296,1778144634000,1488160320575766528,NL01AK3103,4151000,1778148785000,21.365351488397582,40.255,1.1000000000001364,8.092936169847569,4.974090880635008,8.092936169847569,1778144634000-632578958264631296-1488160320575766528,42.125,,,,
1088511709141794816,1778110997000-632578958264631296-1088511709141794816,1778110997000,1778115895000,1,40.227,17.122,2.3494334773975,632578958264631296,1778110997000,1088511709141794816,RJ47GA5905,4898000,1778115895000,45.20135014721741,40.227,1.3499999999994543,17.121723540612656,2.349471413002419,17.121723540612656,1778110997000-632578958264631296-1088511709141794816,43.09999999997672,,,,
1488160320575766528,1778113336000-632578958264631296-1488160320575766528,1778113336000,1778118068000,1,40.187,15.617,2.57328552218736,632578958264631296,1778113336000,1488160320575766528,NL01AK3103,4732000,1778118068000,41.22928717166911,40.187,1.25,15.617154231692842,2.573260108966976,15.617154231692842,1778113336000-632578958264631296-1488160320575766528,42.375,,,,
1131631502098956288,1778123270000-632578958264631296-1131631502098956288,1778123270000,1778127481000,1,40.058,11.594,3.455062963601863,632578958264631296,1778123270000,1131631502098956288,RJ47GA6180,4211000,1778127481000,30.608505240218076,40.058,0.0,11.594130772809876,3.455023993169245,11.594130772809876,1778123270000-632578958264631296-1131631502098956288,43.0,,,,
1405141042860130304,1778165754000-632578958264631296-1405141042860130304,1778165754000,1778174023000,1,40.048,19.106,2.096095467392442,632578958264631296,1778165754000,1405141042860130304,NL01AJ7418,8269000,1778174023000,50.439149820630746,40.048,2.25,19.105738568420737,2.096124149117902,19.105738568420737,1778165754000-632578958264631296-1405141042860130304,42.669999999998254,,,,
1385304935976927232,1778122325000-632578958264631296-1385304935976927232,1778122325000,1778128337000,1,40.037,22.511,1.7785527075651903,632578958264631296,1778122325000,1385304935976927232,NL01AJ5688,6012000,1778128337000,59.42949374386668,40.037,1.599999999999909,22.511171872676773,1.7785391283247864,22.511171872676773,1778122325000-632578958264631296-1385304935976927232,42.875,,,,
1540361729291059200,1778145544000-632578958264631296-1540361729291059200,1778145544000,1778148934000,1,40.037,13.661,2.930751775126272,632578958264631296,1778145544000,1540361729291059200,NL01AK8391,3390000,1778148934000,36.064589132558844,40.037,0.9000000000000057,13.66082921687835,2.9307884144055567,13.660829216878348,1778145544000-632578958264631296-1540361729291059200,41.42000000000007,,,,
1094956363722784768,1778111943000-632578958264631296-1094956363722784768,1778111943000,1778117067000,1,39.987,14.488,2.7600082827167314,632578958264631296,1778111943000,1094956363722784768,RJ47GA5978,5124000,1778117067000,38.247609088840555,39.987,1.3999999999996362,14.487730715469906,2.760059583196293,14.487730715469906,1778111943000-632578958264631296-1094956363722784768,41.83999999999651,,,,
847116116999274496,1778155716000-632578958264631296-847116116999274496,1778155716000,1778162649000,1,39.871,15.252,2.614148964070286,632578958264631296,1778155716000,847116116999274496,RJ47GA3311,6933000,1778162649000,40.264184393828984,39.871,1.8999999999996362,15.251584997662494,2.614220096213656,15.251584997662494,1778155716000-632578958264631296-847116116999274496,,,,,
1152269748554170368,1778142105000-632578958264631296-1152269748554170368,1778142105000,1778145884000,1,39.835,14.161,2.813007555963562,632578958264631296,1778142105000,1152269748554170368,RJ14GQ0814,3779000,1778145884000,37.384245983972185,39.835,1.0,14.1606992363531,2.8130673023360515,14.1606992363531,1778142105000-632578958264631296-1152269748554170368,40.80000000001746,,,,
1071457116943810560,1778155984000-632578958264631296-1071457116943810560,1778155984000,1778159824000,1,39.826,17.219,2.3129101573842847,632578958264631296,1778155984000,1071457116943810560,RJ47GA5618,3840000,1778159824000,45.45822526860799,39.826,0.0,17.21902472295757,2.312906836523748,17.21902472295757,1778155984000-632578958264631296-1071457116943810560,42.5,,,,
1065321017443876864,1778131925000-632578958264631296-1065321017443876864,1778131925000,1778135963000,1,39.82,13.304,2.9930847865303667,632578958264631296,1778131925000,1065321017443876864,RJ47GA2745,4038000,1778135963000,35.12199194671554,39.82,1.0999999999985448,13.303784828301339,2.9931331958474194,13.303784828301339,1778131925000-632578958264631296-1065321017443876864,42.25,,,,
1422205318414204928,1778112654000-632578958264631296-1422205318414204928,1778112654000,1778116782000,1,39.815,14.223,2.799339098643043,632578958264631296,1778112654000,1422205318414204928,NL01AJ9002,4128000,1778116782000,37.54753844745039,39.815,1.150000000000091,14.222552442216058,2.7994271887385853,14.222552442216056,1778112654000-632578958264631296-1422205318414204928,41.0,,,,
787737136659955712,1778154945000-632578958264631296-787737136659955712,1778154945000,1778160010000,1,39.806,11.659,3.4141864653915426,632578958264631296,1778154945000,787737136659955712,RJ47GA3339,5065000,1778160010000,30.780486632915814,39.806,1.3500000000003638,11.659275239740838,3.414105866917059,11.659275239740838,1778154945000-632578958264631296-787737136659955712,44.4199999999837,['900758004226326539'],,900758004226326539,
1067767771279917056,1778137779000-632578958264631296-1067767771279917056,1778137779000,1778141201000,1,39.702,17.538,2.263770099213137,632578958264631296,1778137779000,1067767771279917056,RJ47GA6234,3422000,1778141201000,46.3007015130313,39.702,0.8999999999996362,17.538144512511856,2.2637514459797194,17.538144512511856,1778137779000-632578958264631296-1067767771279917056,39.80000000001746,,,,
1299087047838924800,1778111552000-632578958264631296-1299087047838924800,1778111552000,1778117752000,1,39.684,21.074,1.883078675144728,632578958264631296,1778111552000,1299087047838924800,RJ47GA6395,6200000,1778117752000,55.63478030071898,39.684,0.0,21.073780416939005,1.8830982963124256,21.073780416939005,1778111552000-632578958264631296-1299087047838924800,41.20000000001164,,,,
906488270454521856,1778126232000-632578958264631296-906488270454521856,1778126232000,1778132062000,1,39.651,8.525,4.651143695014663,632578958264631296,1778126232000,906488270454521856,RJ47GA3505,5830000,1778132062000,22.505515623275603,39.651,1.550000000000182,8.524816523968031,4.651243799619481,8.524816523968031,1778126232000-632578958264631296-906488270454521856,38.75,,,,
863411203819438080,1778154400000-632578958264631296-863411203819438080,1778154400000,1778160180000,1,39.56,16.031,2.4677187948350077,632578958264631296,1778154400000,863411203819438080,RJ47GA4438,5780000,1778160180000,42.321116612803664,39.56,1.5,16.030725989698357,2.4677609751063048,16.030725989698357,1778154400000-632578958264631296-863411203819438080,41.5,['829378564599054336'],,829378564599054336,0.0
939546576563470336,1778173312000-632578958264631296-939546576563470336,1778173312000,1778177455000,1,39.534,20.098,1.9670613991441934,632578958264631296,1778173312000,939546576563470336,RJ14GN1594,4143000,1778177455000,53.05963125372549,39.534,1.0499999999992724,20.098345171865716,1.9670276165492924,20.098345171865716,1778173312000-632578958264631296-939546576563470336,41.0,,,,
1065321017443876864,1778156431000-632578958264631296-1065321017443876864,1778156431000,1778160240000,1,39.5,11.832,3.3384043272481403,632578958264631296,1778156431000,1065321017443876864,RJ47GA2745,3809000,1778160240000,31.236058120569552,39.5,1.0,11.831840197185436,3.338449416295893,11.831840197185436,1778156431000-632578958264631296-1065321017443876864,39.5,,,,
939547788868321280,1778123863000-632578958264631296-939547788868321280,1778123863000,1778128064000,1,39.492,11.78,3.3524617996604413,632578958264631296,1778123863000,939547788868321280,RJ14GH7603,4201000,1778128064000,31.098306359220484,39.492,0.0,11.779661499704728,3.352558135986328,0.001,1778123863000-632578958264631296-939547788868321280,,,,,
1088511709141794816,1778134536000-632578958264631296-1088511709141794816,1778134536000,1778138810000,1,39.371,15.503,2.539572985873702,632578958264631296,1778134536000,1088511709141794816,RJ47GA5905,4274000,1778138810000,40.92878308142561,39.371,1.1500000000005457,15.503326924782426,2.5395194328944033,15.503326924782426,1778134536000-632578958264631296-1088511709141794816,42.0,,,,
1152269748554170368,1778145891000-632578958264631296-1152269748554170368,1778145891000,1778149932000,1,39.323,12.1,3.249834710743802,632578958264631296,1778145891000,1152269748554170368,RJ14GQ0814,4041000,1778149932000,31.94274320940189,39.323,1.050000000000182,12.09952394295526,3.2499625758330053,12.09952394295526,1778145891000-632578958264631296-1152269748554170368,40.5,,,,
1073664045493518336,1778119177000-632578958264631296-1073664045493518336,1778119177000,1778122896000,1,39.284,14.501,2.7090545479622095,632578958264631296,1778119177000,1073664045493518336,RJ47GA5839,3719000,1778122896000,38.2835926156234,39.284,1.0,14.501360839251285,2.7089871382049036,14.501360839251285,1778119177000-632578958264631296-1073664045493518336,40.48999999999069,,,,
1083727333329731584,1778132967000-632578958264631296-1083727333329731584,1778132967000,1778137411000,1,39.237,16.516,2.3756962945023012,632578958264631296,1778132967000,1083727333329731584,RJ47GA6318,4444000,1778137411000,43.60302528589167,39.237,1.199999999999818,16.516297456777146,2.375653508462325,16.516297456777146,1778132967000-632578958264631296-1083727333329731584,41.89999999999418,,,,
1067775063052255232,1778143005000-632578958264631296-1067775063052255232,1778143005000,1778147045000,1,39.227,14.86,2.6397711978465677,632578958264631296,1778143005000,1067775063052255232,RJ47GA3725,4040000,1778147045000,39.23158969659524,39.227,1.1000000000003638,14.860450642649711,2.639691146876659,14.86045064264971,1778143005000-632578958264631296-1067775063052255232,38.875,,,,
1536022277991170048,1778137729000-632578958264631296-1536022277991170048,1778137729000,1778141250000,1,39.197,13.002,3.0146900476849714,632578958264631296,1778137729000,1536022277991170048,NL01AK7897,3521000,1778141250000,34.32570987314267,39.197,0.9000000000000057,13.00216283073586,3.014652293643183,13.00216283073586,1778137729000-632578958264631296-1536022277991170048,40.534999999999854,,,,
1050037243114160128,1778149218000-632578958264631296-1050037243114160128,1778149218000,1778152705000,1,39.175,12.384,3.1633559431524545,632578958264631296,1778149218000,1050037243114160128,RJ47GA5923,3487000,1778152705000,32.69382678286407,39.175,0.9499999999998181,12.384025296539422,3.163349481444213,12.384025296539422,1778149218000-632578958264631296-1050037243114160128,40.595000000001164,,,,
1065321017443876864,1778137897000-632578958264631296-1065321017443876864,1778137897000,1778141569000,1,39.125,11.148,3.5095981341944746,632578958264631296,1778137897000,1065321017443876864,RJ47GA2745,3672000,1778141569000,29.431168160634954,39.125,0.9499999999989086,11.14816975781627,3.509544692084407,11.14816975781627,1778137897000-632578958264631296-1065321017443876864,39.125,,,,
1073663863301341184,1778155555000-632578958264631296-1073663863301341184,1778155555000,1778159732000,1,38.945,14.855,2.6216762032985526,632578958264631296,1778155555000,1073663863301341184,RJ47GA3284,4177000,1778159732000,39.21816292469136,38.945,1.1500000000014552,14.855364744201273,2.6216118332067215,14.855364744201275,1778155555000-632578958264631296-1073663863301341184,40.25,,,,
951563481520275456,1778169658000-632578958264631296-951563481520275456,1778169658000,1778174578000,1,38.878,11.629,3.34319373978846,632578958264631296,1778169658000,951563481520275456,RJ47GA1461,4920000,1778174578000,30.700601326202626,38.878,0.0,11.62901565386463,3.3431892395019527,0.001,1778169658000-632578958264631296-951563481520275456,,,,,
1112389405491855360,1778151331000-632578958264631296-1112389405491855360,1778151331000,1778154705000,1,38.824,12.368,3.139068564036222,632578958264631296,1778151331000,1112389405491855360,RJ47GA3734,3374000,1778154705000,32.65202226384829,38.824,0.8999999999996362,12.368190251457685,3.139020277879724,12.368190251457685,1778151331000-632578958264631296-1112389405491855360,39.5,,,,
1405177997576634368,1778118797000-632578958264631296-1405177997576634368,1778118797000,1778122844000,1,38.787,10.012,3.8740511386336394,632578958264631296,1778118797000,1405177997576634368,NL01AJ7420,4047000,1778122844000,26.43235012430401,38.787,1.050000000000182,10.012253834963639,3.8739529220236615,10.012253834963639,1778118797000-632578958264631296-1405177997576634368,41.19000000000233,,,,
944573988506435584,1778147685000-632578958264631296-944573988506435584,1778147685000,1778150747000,1,38.722,9.552,4.053810720268007,632578958264631296,1778147685000,944573988506435584,RJ47GA3719,3062000,1778150747000,25.217423013093242,38.722,0.8000000000001819,9.552054171626228,4.053787730289601,8.40398607278206,1778147685000-632578958264631296-944573988506435584,41.25,,,,
932302785804763136,1778159213000-632578958264631296-932302785804763136,1778159213000,1778162976000,1,38.708,15.593,2.4823959468992496,632578958264631296,1778159213000,932302785804763136,RJ47GA4681,3763000,1778162976000,41.164589562288235,38.708,1.0,15.592647561472814,2.482452056162796,15.592647561472814,1778159213000-632578958264631296-932302785804763136,39.79999999998836,,,,
1083727144086929408,1778146028000-632578958264631296-1083727144086929408,1778146028000,1778149715000,1,38.692,7.543,5.129524062044279,632578958264631296,1778146028000,1083727144086929408,RJ47GA6319,3687000,1778149715000,19.914102865574108,38.692,1.0,7.543220782414434,5.129373926082469,7.543220782414435,1778146028000-632578958264631296-1083727144086929408,40.10000000000582,,,,
1406228892573761536,1778169273000-632578958264631296-1406228892573761536,1778169273000,1778173866000,1,38.679,12.213,3.167035126504545,632578958264631296,1778169273000,1406228892573761536,NL01AJ7421,4593000,1778173866000,32.24235794222722,38.679,1.25,12.213014372055767,3.1670313995945394,12.213014372055767,1778169273000-632578958264631296-1406228892573761536,40.86500000000524,,,,
1422205425331208192,1778128633000-632578958264631296-1422205425331208192,1778128633000,1778132866000,1,38.678,19.417,1.9919658031621772,632578958264631296,1778128633000,1422205425331208192,NL01AJ9003,4233000,1778132866000,51.26013843004071,38.678,1.150000000000091,19.41671910228815,1.9919946205248453,19.41671910228815,1778128633000-632578958264631296-1422205425331208192,40.75,,,,
869918310366445568,1778169280000-632578958264631296-869918310366445568,1778169280000,1778173761000,1,38.673,10.814,3.5761975217310895,632578958264631296,1778169280000,869918310366445568,RJ47GA4503,4481000,1778173761000,28.548405897556236,38.673,1.199999999999818,10.813790112710695,3.5762669329547245,10.813790112710695,1778169280000-632578958264631296-869918310366445568,39.79999999998836,,,,0.0
1540361729291059200,1778137954000-632578958264631296-1540361729291059200,1778137954000,1778141837000,1,38.624,13.494,2.862309174447903,632578958264631296,1778137954000,1540361729291059200,NL01AK8391,3883000,1778141837000,35.62358226273824,38.624,1.0,13.493781160128119,2.862355594896374,13.493781160128119,1778137954000-632578958264631296-1540361729291059200,39.88000000000011,,,,
1083727986517082112,1778174151000-632578958264631296-1083727986517082112,1778174151000,1778177844000,1,38.557,13.747,2.804757401614898,632578958264631296,1778174151000,1083727986517082112,RJ47GA6315,3693000,1778177844000,36.29137126803492,38.557,0.9499999999998181,13.746731540922317,2.804812175550282,13.746731540922317,1778174151000-632578958264631296-1083727986517082112,40.60000000000582,,,,
882591537697914880,1778127483000-632578958264631296-882591537697914880,1778127483000,1778131765000,1,38.474,16.289,2.361962060286082,632578958264631296,1778127483000,882591537697914880,RJ47GA3907,4282000,1778131765000,43.004229365079354,38.474,1.1499999999996362,16.289480820105815,2.3618923417443867,16.289480820105815,1778127483000-632578958264631296-882591537697914880,39.375,,,,
1079095062366781440,1778151668000-632578958264631296-1079095062366781440,1778151668000,1778155293000,1,38.457,16.127,2.384634463942457,632578958264631296,1778151668000,1079095062366781440,RJ47GA3439,3625000,1778155293000,42.5748431026312,38.457,0.9500000000007276,16.126834508572422,2.384658934743684,16.126834508572422,1778151668000-632578958264631296-1079095062366781440,37.375,,,,
1060579746913452032,1778151910000-632578958264631296-1060579746913452032,1778151910000,1778155364000,1,38.389,14.499,2.6476998413683703,632578958264631296,1778151910000,1060579746913452032,RJ47GA3879,3454000,1778155364000,38.27730379788328,38.389,0.8999999999996362,14.498978711319424,2.647703728955028,14.498978711319424,1778151910000-632578958264631296-1060579746913452032,38.625,,,,
1385589008028925952,1778151901000-632578958264631296-1385589008028925952,1778151901000,1778157520000,1,38.324,19.687,1.9466653121349111,632578958264631296,1778151901000,1385589008028925952,NL01AJ5695,5619000,1778157520000,51.9736312645177,38.324,1.449999999999818,19.686981539590036,1.9466671375157931,19.686981539590036,1778151901000-632578958264631296-1385589008028925952,39.75,,,,
1268615233111326720,1778150908000-632578958264631296-1268615233111326720,1778150908000,1778155439000,1,38.322,15.307,2.5035604625334815,632578958264631296,1778150908000,1268615233111326720,RJ47GA5672,4531000,1778155439000,40.41127176352514,38.322,1.2000000000007276,15.30729991042619,2.5035114111730388,15.307299910426192,1778150908000-632578958264631296-1268615233111326720,38.69999999998254,,,,
1112389405491855360,1778134769000-632578958264631296-1112389405491855360,1778134769000,1778138458000,1,38.311,14.11,2.71516654854713,632578958264631296,1778134769000,1112389405491855360,RJ47GA3734,3689000,1778138458000,37.24975295952131,38.311,0.9500000000007276,14.109754908909586,2.715213711884433,14.109754908909586,1778134769000-632578958264631296-1112389405491855360,38.75,,,,
1464283595349688320,1778145298000-632578958264631296-1464283595349688320,1778145298000,1778148550000,1,38.285,14.587,2.6245972441214778,632578958264631296,1778145298000,1464283595349688320,NL01AK1961,3252000,1778148550000,38.509788917037824,38.285,0.849999999999909,14.58704125645372,2.6245898209865985,14.58704125645372,1778145298000-632578958264631296-1464283595349688320,39.25,,,,
848986467664396288,1778153184000-632578958264631296-848986467664396288,1778153184000,1778155889000,1,38.278,9.906,3.8641227538865333,632578958264631296,1778153184000,848986467664396288,RJ47GA3067,2705000,1778155889000,26.151947425661987,38.278,0.7000000000007276,9.906040691538632,3.8641068810362986,9.906040691538632,1778153184000-632578958264631296-848986467664396288,42.320000000006985,['900758004201160714'],,900758004201160714,
1501933902321680384,1778154046000-632578958264631296-1501933902321680384,1778154046000,1778160058000,1,38.275,20.133,1.901107634232355,632578958264631296,1778154046000,1501933902321680384,NL01AK3119,6012000,1778160058000,53.1518814954789,38.275,1.6632408333333106,20.133288445257158,1.901080397475581,20.1300323451743,1778154046000-632578958264631296-1501933902321680384,40.125,,,,
1504876024033181696,1778092860000-632578958264631296-1504876024033181696,1778092860000,1778096667000,1,38.053,7.755,4.9068987749838815,632578958264631296,1778092860000,1504876024033181696,RJ47GA8531,3807000,1778096667000,20.474371065737344,38.053,1.0,7.755443585506569,4.906618116739799,7.755443585506569,1778092860000-632578958264631296-1504876024033181696,39.875,,,,
1175796546902425600,1778113816000-632578958264631296-1175796546902425600,1778113816000,1778117843000,1,38.01,13.731,2.7681887699366396,632578958264631296,1778113816000,1175796546902425600,RJ47GA6338,4027000,1778117843000,36.24923169642999,38.01,1.1000000000003638,13.730769581981054,2.768235223310475,13.730769581981054,1778113816000-632578958264631296-1175796546902425600,40.19999999998254,,,,
1475453057469775872,1778144319000-632578958264631296-1475453057469775872,1778144319000,1778150707000,1,37.965,17.152,2.213444496268657,632578958264631296,1778144319000,1475453057469775872,NL01AK3037,6388000,1778150707000,45.282493287929455,37.965,1.75,17.152459578761157,2.213385189784079,17.152459578761157,1778144319000-632578958264631296-1475453057469775872,39.5,,,,
929707161364201472,1778127810000-632578958264631296-929707161364201472,1778127810000,1778132903000,1,37.953,12.984,2.923059149722736,632578958264631296,1778127810000,929707161364201472,RJ47GA3515,5093000,1778132903000,34.277728239350935,37.953,1.4000000000014552,12.983987969451112,2.923061858136059,12.983987969451112,1778127810000-632578958264631296-929707161364201472,40.75,,,,
1540361293100220416,1778122045000-632578958264631296-1540361293100220416,1778122045000,1778124715000,1,37.95,13.307,2.8518824678740513,632578958264631296,1778122045000,1540361293100220416,NL01AK8392,2670000,1778124715000,35.129700296123644,37.94999999999982,0.6999999999999886,13.306704657622591,2.851945765419886,13.306704657622591,1778122045000-632578958264631296-1540361293100220416,37.94999999999982,,,,
1181865650805538816,1778142401000-632578958264631296-1181865650805538816,1778142401000,1778145699000,1,37.918,7.509,5.049673724863497,632578958264631296,1778142401000,1181865650805538816,RJ47GA6367,3298000,1778145699000,19.822568869330816,37.918,0.8500000000003638,7.50854881414046,5.049977157848531,6.481760019604838,1778142401000-632578958264631296-1181865650805538816,39.20000000001164,,,,
1422205425331208192,1778110622000-632578958264631296-1422205425331208192,1778110622000,1778114840000,1,37.829,13.178,2.870617696160267,632578958264631296,1778110622000,1422205425331208192,NL01AJ9003,4218000,1778114840000,34.78992345766744,37.829,1.099999999999909,13.178001309722514,2.8706174108580775,13.178001309722514,1778110622000-632578958264631296-1422205425331208192,40.125,,,,
1500145408670695424,1778127851000-632578958264631296-1500145408670695424,1778127851000,1778132740000,1,37.807,12.312,3.0707439896036393,632578958264631296,1778127851000,1500145408670695424,NL01AK3125,4889000,1778132740000,32.50411599867545,37.807,1.3500000000000227,12.31216515101343,3.070702799733649,12.31216515101343,1778127851000-632578958264631296-1500145408670695424,39.625,,,,
1175796546902425600,1778128361000-632578958264631296-1175796546902425600,1778128361000,1778132140000,1,37.792,13.097,2.8855463083148813,632578958264631296,1778128361000,1175796546902425600,RJ47GA6338,3779000,1778132140000,34.57615253734448,37.792,1.0499999999992724,13.097027476266847,2.885540254724438,13.097027476266847,1778128361000-632578958264631296-1175796546902425600,39.79999999998836,,,,
1176582451024101376,1778147221000-632578958264631296-1176582451024101376,1778147221000,1778150497000,1,37.669,12.125,3.1067216494845358,632578958264631296,1778147221000,1176582451024101376,RJ47GA6342,3276000,1778150497000,32.01,37.669,0.9000000000005457,12.125,3.1067216494845358,12.125,1778147221000-632578958264631296-1176582451024101376,39.70000000001164,,,,
635414692210147328,1778117518000-632578958264631296-635414692210147328,1778117518000,1778121130000,1,37.646,9.448,3.9845469940728195,632578958264631296,1778117518000,635414692210147328,RJ47GA2704,3612000,1778121130000,24.943420162264953,37.646,0.9499999999989086,9.448265212979148,3.984435147765055,9.448265212979148,1778117518000-632578958264631296-635414692210147328,42.210000000020955,['900758004196966400'],,900758004196966400,
1478819140813717504,1778160002000-632578958264631296-1478819140813717504,1778160002000,1778164053000,1,37.631,11.817,3.1844799864601843,632578958264631296,1778160002000,1478819140813717504,NL01AK3097,4051000,1778164053000,31.19664992879947,37.631,1.0499999999999545,11.81691285181798,3.184503471582312,11.81691285181798,1778160002000-632578958264631296-1478819140813717504,37.875,,,,
997896292355014656,1778122960000-632578958264631296-997896292355014656,1778122960000,1778126786000,1,37.48,14.754,2.540328046631422,632578958264631296,1778122960000,997896292355014656,RJ47GA5837,3826000,1778126786000,38.9494700748365,37.48,1.0,14.753587149559278,2.5403991327708804,14.75358714955928,1778122960000-632578958264631296-997896292355014656,39.27499999999418,,,,
862693652038680576,1778127601000-632578958264631296-862693652038680576,1778127601000,1778130912000,1,37.467,12.49,2.999759807846277,632578958264631296,1778127601000,862693652038680576,RJ47GA4378,3311000,1778130912000,32.97370907369683,37.467,0.9000000000014552,12.490041315794253,2.9997498849440305,12.490041315794253,1778127601000-632578958264631296-862693652038680576,38.40000000002328,['900758004234715138'],,900758004234715138,0.551999999999998
1406586435233906688,1778155645000-632578958264631296-1406586435233906688,1778155645000,1778159176000,1,37.418,10.455,3.5789574366331895,632578958264631296,1778155645000,1406586435233906688,NL01AJ7417,3531000,1778159176000,27.6011796969519,37.418,0.9500000000002728,10.454992309451477,3.578960069265048,10.454992309451477,1778155645000-632578958264631296-1406586435233906688,39.455000000001746,,,,
1050766698002513920,1778113842000-632578958264631296-1050766698002513920,1778113842000,1778117567000,1,37.303,15.026,2.482563556502063,632578958264631296,1778113842000,1050766698002513920,RJ47GA3882,3725000,1778117567000,39.66836095423824,37.303,1.0,15.025894300847817,2.4825810200125806,15.025894300847819,1778113842000-632578958264631296-1050766698002513920,38.375,,,,
1187402009754468352,1778130852000-632578958264631296-1187402009754468352,1778130852000,1778134245000,1,37.3,11.033,3.3807667905374785,632578958264631296,1778130852000,1187402009754468352,RJ47GA6476,3393000,1778134245000,29.12640062727755,37.29999999998836,0.8999999999996362,11.032727510332405,3.3808502897453097,11.032727510332405,1778130852000-632578958264631296-1187402009754468352,37.29999999998836,,,,
1536014529144553472,1778156638000-632578958264631296-1536014529144553472,1778156638000,1778160206000,1,37.279,11.499,3.2419340812244544,632578958264631296,1778156638000,1536014529144553472,NL01AK8376,3568000,1778160206000,30.357460819021505,37.279,0.9499999999999886,11.499038189023297,3.2419233145590933,11.499038189023297,1778156638000-632578958264631296-1536014529144553472,38.169999999998254,,,,
946026878085365760,1778135326000-632578958264631296-946026878085365760,1778135326000,1778140115000,1,37.171,21.249,1.7493058496870442,632578958264631296,1778135326000,946026878085365760,RJ47GA4715,4789000,1778140115000,56.09736502091631,37.171,1.2999999999992724,21.249001901862236,1.7493056931178672,21.249001901862236,1778135326000-632578958264631296-946026878085365760,38.39999999999418,,,,
1464269416886697984,1778149911000-632578958264631296-1464269416886697984,1778149911000,1778153828000,1,37.164,7.196,5.164535853251807,632578958264631296,1778149911000,1464269416886697984,NL01AK1963,3917000,1778153828000,18.997554822545176,37.164,1.1000000000001364,7.196043493388324,5.164504638437223,7.196043493388324,1778149911000-632578958264631296-1464269416886697984,37.875,,,,
1060533930890887168,1778148847000-632578958264631296-1060533930890887168,1778148847000,1778152446000,1,37.16,12.428,2.9900225297714833,632578958264631296,1778148847000,1060533930890887168,RJ47GA5615,3599000,1778152446000,32.81105389151189,37.16,0.9499999999998181,12.428429504360563,2.989919199924839,12.428429504360563,1778148847000-632578958264631296-1060533930890887168,39.59999999997672,,,,
1093087738300727296,1778164517000-632578958264631296-1093087738300727296,1778164517000,1778168205000,1,37.132,11.08,3.351263537906137,632578958264631296,1778164517000,1093087738300727296,RJ47GA5977,3688000,1778168205000,29.25188012686733,37.132,0.9500000000007276,11.080257623813383,3.351185618662596,11.080257623813383,1778164517000-632578958264631296-1093087738300727296,38.37000000002445,,,,
1362128357327634432,1778135324000-632578958264631296-1362128357327634432,1778135324000,1778140007000,1,37.113,18.953,1.9581596581016198,632578958264631296,1778135324000,1362128357327634432,NL01AJ4203,4683000,1778140007000,50.03606836016921,37.113,1.2999999999997272,18.953056197033792,1.9581538520319637,18.953056197033792,1778135324000-632578958264631296-1362128357327634432,39.25,,,,
792451146961649664,1778150268000-632578958264631296-792451146961649664,1778150268000,1778153505000,1,37.098,10.134,3.6607460035523975,632578958264631296,1778150268000,792451146961649664,RJ47GA2227,3237000,1778153505000,26.753606545850953,37.098,0.7999999999992724,10.133941873428391,3.6607670009705173,10.133941873428391,1778150268000-632578958264631296-792451146961649664,41.68000000005122,['900758004180189185'],,900758004180189185,
1464260641047969792,1778135981000-632578958264631296-1464260641047969792,1778135981000,1778141127000,1,36.994,13.229,2.796432081034092,632578958264631296,1778135981000,1464260641047969792,NL01AK1966,5146000,1778141127000,34.923340934657894,36.994,1.400000000000091,13.228538232824958,2.7965296957908796,13.228538232824958,1778135981000-632578958264631296-1464260641047969792,38.0,,,,
1176184196838719488,1778113200000-632578958264631296-1176184196838719488,1778113200000,1778116690000,1,36.971,10.703,3.4542651593011304,632578958264631296,1778113200000,1176184196838719488,RJ14GP9553,3490000,1778116690000,28.2565925420623,36.971,0.9038888888885251,10.703254750781173,3.454182943492182,10.661466165562693,1778113200000-632578958264631296-1176184196838719488,37.0,,,,
1093087738300727296,1778137128000-632578958264631296-1093087738300727296,1778137128000,1778140349000,1,36.919,12.387,2.9804633890368932,632578958264631296,1778137128000,1093087738300727296,RJ47GA5977,3221000,1778140349000,32.70046843706367,36.919,0.8500000000003638,12.386541074645327,2.9805738161698323,12.386541074645327,1778137128000-632578958264631296-1093087738300727296,37.514999999984866,,,,
906488270454521856,1778133979000-632578958264631296-906488270454521856,1778133979000,1778137367000,1,36.862,7.157,5.150482045549811,632578958264631296,1778133979000,906488270454521856,RJ47GA3505,3388000,1778137367000,18.894372625603697,36.862,0.900000000000091,7.1569593278801875,5.150511315105953,7.1569593278801875,1778133979000-632578958264631296-906488270454521856,36.25,,,,
1071457116943810560,1778144951000-632578958264631296-1071457116943810560,1778144951000,1778148583000,1,36.826,16.81,2.190719809637121,632578958264631296,1778144951000,1071457116943810560,RJ47GA5618,3632000,1778148583000,44.37911231225576,36.826,0.0,16.810269815248393,2.1906846472265173,16.810269815248393,1778144951000-632578958264631296-1071457116943810560,39.29999999998836,,,,
1067763553357791232,1778117653000-632578958264631296-1067763553357791232,1778117653000,1778121265000,1,36.795,12.845,2.8645387310237447,632578958264631296,1778117653000,1067763553357791232,RJ47GA6214,3612000,1778121265000,33.91166876611471,36.795,0.9881702777777778,12.845329078073751,2.8644653458358635,12.845329078073751,1778117653000-632578958264631296-1067763553357791232,39.30000000001746,,,,
1067763553357791232,1778167045000-632578958264631296-1067763553357791232,1778167045000,1778172541000,1,36.792,17.335,2.122411306605134,632578958264631296,1778167045000,1067763553357791232,RJ47GA6214,5496000,1778172541000,45.763823623605774,36.792,0.0,17.334781675608248,2.1224380374960234,17.334781675608248,1778167045000-632578958264631296-1067763553357791232,39.29999999998836,,,,
866245373776101376,1778134074000-632578958264631296-866245373776101376,1778134074000,1778137571000,1,36.783,7.139,5.15240229724051,632578958264631296,1778134074000,866245373776101376,RJ47GA4404,3497000,1778137571000,18.845936073823715,36.783,0.8999999999996362,7.13861214917565,5.152682234493944,7.13861214917565,1778134074000-632578958264631296-866245373776101376,38.09999999997672,['900758004146634763'],,900758004146634763,0.0
1299087047838924800,1778127633000-632578958264631296-1299087047838924800,1778127633000,1778132616000,1,36.736,17.941,2.0476004682013267,632578958264631296,1778127633000,1299087047838924800,RJ47GA6395,4983000,1778132616000,47.36481977703663,36.736,0.0,17.941219612513873,2.047575404203675,17.941219612513873,1778127633000-632578958264631296-1299087047838924800,38.20000000001164,,,,
1385588705250508800,1778134735000-632578958264631296-1385588705250508800,1778134735000,1778138124000,1,36.704,6.486,5.658957755164971,632578958264631296,1778134735000,1385588705250508800,NL01AJ5691,3389000,1778138124000,17.12367863282379,36.704,0.849999999999909,6.486241906372648,5.658746702607376,5.484353555193713,1778134735000-632578958264631296-1385588705250508800,37.625,,,,
1073664045493518336,1778131207000-632578958264631296-1073664045493518336,1778131207000,1778134786000,1,36.682,12.607,2.9096533671769653,632578958264631296,1778131207000,1073664045493518336,RJ47GA5839,3579000,1778134786000,33.283354883345474,36.682,0.9500000000007276,12.607331395206618,2.909576884283911,12.607331395206618,1778131207000-632578958264631296-1073664045493518336,37.69000000000233,,,,
1097510484225032192,1778165274000-632578958264631296-1097510484225032192,1778165274000,1778168616000,1,36.645,9.769,3.7511516020063467,632578958264631296,1778165274000,1097510484225032192,RJ47GA3830,3342000,1778168616000,25.788956944385646,36.645,0.9000000000014552,9.768544297115774,3.751326593341003,9.768544297115774,1778165274000-632578958264631296-1097510484225032192,40.0,,,,
1101524127430213632,1778160824000-632578958264631296-1101524127430213632,1778160824000,1778163919000,1,36.531,7.318,4.991937687892867,632578958264631296,1778160824000,1101524127430213632,RJ47GA3640,3095000,1778163919000,19.31837067644488,36.531,0.5500000000010914,7.317564650168514,4.992234677306027,7.317564650168513,1778160824000-632578958264631296-1101524127430213632,36.5,,,,
873109579045535744,1778132343000-632578958264631296-873109579045535744,1778132343000,1778135637000,1,36.522,7.485,4.87935871743487,632578958264631296,1778132343000,873109579045535744,RJ14GN1568,3294000,1778135637000,19.760364313081578,36.522,0.8999999999996362,7.48498648222787,4.879367529482752,7.48498648222787,1778132343000-632578958264631296-873109579045535744,37.899999999965075,,,,0.2760000000000039
1046443765134262272,1778164622000-632578958264631296-1046443765134262272,1778164622000,1778168409000,1,36.52,12.769,2.860051687681103,632578958264631296,1778164622000,1046443765134262272,RJ47GA4014,3787000,1778168409000,33.70992133778167,36.52,1.0,12.768909597644571,2.8600719365055807,12.768909597644571,1778164622000-632578958264631296-1046443765134262272,37.375,,,,
951882940915122176,1778127854000-632578958264631296-951882940915122176,1778127854000,1778130964000,1,36.476,9.46,3.8558139534883717,632578958264631296,1778127854000,951882940915122176,RJ47GA3386,3110000,1778130964000,24.974199374726055,36.476,0.8500000000003638,9.459924005578051,3.8558449284044882,9.459924005578051,1778127854000-632578958264631296-951882940915122176,37.75,,,,
1131571393566081024,1778132770000-632578958264631296-1131571393566081024,1778132770000,1778136953000,1,36.465,7.407,4.9230457675172135,632578958264631296,1778132770000,1131571393566081024,RJ47GA1964,4183000,1778136953000,19.55435593927335,36.465,0.0,7.406953007300511,4.923077001306614,6.106859743366424,1778132770000-632578958264631296-1131571393566081024,46.25,,,,
946031139108159488,1778127873000-632578958264631296-946031139108159488,1778127873000,1778131036000,1,36.446,11.523,3.1628916080881715,632578958264631296,1778127873000,946031139108159488,RJ47GA3328,3163000,1778131036000,30.419405786805562,36.446,0.8500000000003638,11.522502191971803,3.1630282548692774,11.522502191971803,1778127873000-632578958264631296-946031139108159488,35.875,,,,
787325260482478080,1778169403000-632578958264631296-787325260482478080,1778169403000,1778173377000,1,36.409,13.54,2.688995568685377,632578958264631296,1778169403000,787325260482478080,RJ47GA3074,3974000,1778173377000,35.74664968696449,36.409,1.0,13.54039760869867,2.688916607338768,13.54039760869867,1778169403000-632578958264631296-787325260482478080,40.839999999967404,['900758004201160724'],,900758004201160724,
1108736100332994560,1778140174000-632578958264631296-1108736100332994560,1778140174000,1778143306000,1,36.276,13.238,2.740293095633782,632578958264631296,1778140174000,1108736100332994560,RJ47GA5594,3132000,1778143306000,34.94785097324693,36.276,0.8000000000001819,13.237822338351108,2.7403298724523077,13.237822338351108,1778140174000-632578958264631296-1108736100332994560,38.20000000001164,,,,
1486716779844599808,1778134454000-632578958264631296-1486716779844599808,1778134454000,1778137792000,1,36.189,11.979,3.021036814425244,632578958264631296,1778134454000,1486716779844599808,NL01AK3100,3338000,1778137792000,31.62450092626125,36.189,0.900000000000091,11.978977623583805,3.0210424576428228,11.978977623583805,1778134454000-632578958264631296-1486716779844599808,38.125,,,,
1462138214197231616,1778148681000-632578958264631296-1462138214197231616,1778148681000,1778152089000,1,36.139,7.496,4.821104589114194,632578958264631296,1778148681000,1462138214197231616,RJ47GA5984,3408000,1778152089000,19.79006913787909,36.139,0.8999999999996362,7.496238309802685,4.820951323377985,7.496238309802685,1778148681000-632578958264631296-1462138214197231616,36.10000000000582,,,,
1161574576161816576,1778124089000-632578958264631296-1161574576161816576,1778124089000,1778127896000,1,36.127,16.835,2.145945945945946,632578958264631296,1778124089000,1161574576161816576,RJ47GA6225,3807000,1778127896000,44.44377913316271,36.127,1.0,16.834764823167692,2.145975924194836,16.834764823167692,1778124089000-632578958264631296-1161574576161816576,37.89999999999418,,,,
944589988106862592,1778144334000-632578958264631296-944589988106862592,1778144334000,1778147498000,1,36.047,11.927,3.0223023392303174,632578958264631296,1778144334000,944589988106862592,RJ47GA2625,3164000,1778147498000,31.486260115998757,36.047,0.8499999999985448,11.926613680302559,3.02240023583002,11.926613680302559,1778144334000-632578958264631296-944589988106862592,39.25,,,,
1079095785133441024,1778129914000-632578958264631296-1079095785133441024,1778129914000,1778132985000,1,35.972,14.629,2.4589513979082644,632578958264631296,1778129914000,1079095785133441024,RJ47GA3363,3071000,1778132985000,38.62054498102697,35.972,0.8499999999985448,14.628994310995061,2.4589523541590053,14.628994310995061,1778129914000-632578958264631296-1079095785133441024,,,,,
1125482414773108736,1778145522000-632578958264631296-1125482414773108736,1778145522000,1778150919000,1,35.875,19.41,1.8482740855229263,632578958264631296,1778145522000,1125482414773108736,RJ47GA3886,5397000,1778150919000,51.24145048582927,35.875,1.4500000000007276,19.40964033554139,1.848308334405793,19.40964033554139,1778145522000-632578958264631296-1125482414773108736,36.5,,,,
836966844580495360,1778158222000-632578958264631296-836966844580495360,1778158222000,1778162787000,1,35.87,8.839,4.058151374589885,632578958264631296,1778158222000,836966844580495360,RJ47GA2578,4565000,1778162787000,23.33446152773396,35.87,1.1999999999989086,8.838811184747712,4.058238065080224,8.838811184747712,1778158222000-632578958264631296-836966844580495360,39.69000000000233,['900758004192772103'],,900758004192772103,
1268615233111326720,1778159537000-632578958264631296-1268615233111326720,1778159537000,1778163461000,1,35.868,23.534,1.524092801903629,632578958264631296,1778159537000,1268615233111326720,RJ47GA5672,3924000,1778163461000,62.130705343875746,35.868,1.050000000000182,23.53435808480142,1.52406961221363,23.53435808480142,1778159537000-632578958264631296-1268615233111326720,37.30000000001746,,,,
870309644059279360,1778148290000-632578958264631296-870309644059279360,1778148290000,1778151439000,1,35.851,12.424,2.885624597553123,632578958264631296,1778148290000,870309644059279360,RJ47GA4518,3149000,1778151439000,32.800049006044446,35.851,0.7999999999992724,12.424260987138046,2.8855639814001,12.424260987138046,1778148290000-632578958264631296-870309644059279360,37.20000000001164,,,,0.0
809467481230934016,1778126413000-632578958264631296-809467481230934016,1778126413000,1778131154000,1,35.842,13.805,2.596305686345527,632578958264631296,1778126413000,809467481230934016,RJ47GA3181,4741000,1778131154000,36.445623656652515,35.842,1.3000000000010914,13.805160476004739,2.5962755059818616,13.805160476004737,1778126413000-632578958264631296-809467481230934016,40.21999999997206,['900758004217937927'],,900758004217937927,
1259200800735887360,1778145910000-632578958264631296-1259200800735887360,1778145910000,1778151554000,1,35.807,8.399,4.263245624479105,632578958264631296,1778145910000,1259200800735887360,NL01AH5402,5644000,1778151554000,22.173953429899623,35.807,1.5,8.399224784052887,4.2631315294697965,8.399224784052887,1778145910000-632578958264631296-1259200800735887360,36.420000000012806,,,,
947583451614150656,1778153768000-632578958264631296-947583451614150656,1778153768000,1778157487000,1,35.79,14.018,2.5531459552004563,632578958264631296,1778153768000,947583451614150656,RJ47GA3784,3719000,1778157487000,37.00871311176466,35.79,0.0,14.018451936274493,2.5530636451653343,14.018451936274495,1778153768000-632578958264631296-947583451614150656,34.375,,,,
932612842287267840,1778152177000-632578958264631296-932612842287267840,1778152177000,1778156943000,1,35.707,20.595,1.7337703326050014,632578958264631296,1778152177000,932612842287267840,RJ47GA4652,4766000,1778156943000,54.37078759447792,35.707,1.25,20.594995300938603,1.7337707281910708,20.594995300938603,1778152177000-632578958264631296-932612842287267840,36.59999999997672,,,,
942469061864849408,1778160652000-632578958264631296-942469061864849408,1778160652000,1778164897000,1,35.682,15.631,2.282771415776342,632578958264631296,1778160652000,942469061864849408,RJ47GA3637,4245000,1778164897000,41.26527460283538,35.682,1.1499999999996362,15.630785834407341,2.282802693224472,15.630785834407343,1778160652000-632578958264631296-942469061864849408,32.875,,,,
1142833661045899264,1778160367000-632578958264631296-1142833661045899264,1778160367000,1778164242000,1,35.493,17.046,2.082189369940162,632578958264631296,1778160367000,1142833661045899264,RJ47GA6293,3875000,1778164242000,45.00273189928755,35.493,1.050000000000182,17.046489355790737,2.0821295962586537,17.046489355790737,1778160367000-632578958264631296-1142833661045899264,36.89999999999418,,,,
1396881703661731840,1778162420000-632578958264631296-1396881703661731840,1778162420000,1778166179000,1,35.364,12.755,2.7725597804782436,632578958264631296,1778162420000,1396881703661731840,NL01AJ6921,3759000,1778166179000,33.67369194268074,35.364,1.0,12.755186341924523,2.77251927584652,12.755186341924523,1778162420000-632578958264631296-1396881703661731840,36.375,,,,
1385589008028925952,1778169331000-632578958264631296-1385589008028925952,1778169331000,1778173207000,1,35.267,12.538,2.8128090604562135,632578958264631296,1778169331000,1385589008028925952,NL01AJ5695,3876000,1778173207000,33.09977038530296,35.267,1.0,12.537791812614758,2.8128557665566363,12.537791812614758,1778169331000-632578958264631296-1385589008028925952,36.625,,,,
944573988506435584,1778175044000-632578958264631296-944573988506435584,1778175044000,1778179552000,1,35.249,7.925,4.447823343848581,632578958264631296,1778175044000,944573988506435584,RJ47GA3719,4508000,1778179552000,20.92217885677494,35.249,1.25,7.925067748778386,4.447785320880503,6.5329512558277685,1778175044000-632578958264631296-944573988506435584,38.375,,,,
1467925946630668288,1778122693000-632578958264631296-1467925946630668288,1778122693000,1778126160000,1,35.228,7.669,4.59355848220107,632578958264631296,1778122693000,1467925946630668288,RJ47GA5320,3467000,1778126160000,20.245675484619213,35.228,0.6179850000001819,7.668816471446671,4.593668414306761,7.736218354114433,1778122693000-632578958264631296-1467925946630668288,34.47500000000582,,,,
635414692210147328,1778113174000-632578958264631296-635414692210147328,1778113174000,1778116659000,1,35.162,10.147,3.465260668177786,632578958264631296,1778113174000,635414692210147328,RJ47GA2704,3485000,1778116659000,26.78793841832949,35.162,0.8999999999996362,10.146946370579352,3.4652789830397404,10.146946370579352,1778113174000-632578958264631296-635414692210147328,38.63999999995576,['900758004196966400'],,900758004196966400,
1176582451024101376,1778131809000-632578958264631296-1176582451024101376,1778131809000,1778134678000,1,35.146,9.04,3.88783185840708,632578958264631296,1778131809000,1176582451024101376,RJ47GA6342,2869000,1778134678000,23.866206122094585,35.146,0.0,9.040229591702493,3.8877331204351813,9.040229591702493,1778131809000-632578958264631296-1176582451024101376,37.0,,,,
946036270407090176,1778157242000-632578958264631296-946036270407090176,1778157242000,1778160590000,1,35.134,17.971,1.955038673418285,632578958264631296,1778157242000,946036270407090176,RJ47GA2720,3348000,1778160590000,47.442954737267264,35.134,0.8999999999996362,17.97081618835881,1.955058670221067,17.97081618835881,1778157242000-632578958264631296-946036270407090176,35.0,,,,
1175796546902425600,1778118390000-632578958264631296-1175796546902425600,1778118390000,1778121395000,1,34.986,14.816,2.3613660907127425,632578958264631296,1778118390000,1175796546902425600,RJ47GA6338,3005000,1778121395000,39.113624500306635,34.986,0.8499999999994543,14.815766856176756,2.361403249634303,14.815766856176756,1778118390000-632578958264631296-1175796546902425600,35.39999999999418,,,,
1385588816730914816,1778134381000-632578958264631296-1385588816730914816,1778134381000,1778138383000,1,34.879,6.333,5.507500394757618,632578958264631296,1778134381000,1385588816730914816,NL01AJ5694,4002000,1778138383000,16.71884333606986,34.879,1.0499999999997272,6.332895203056765,5.5075915330423575,6.332895203056765,1778134381000-632578958264631296-1385588816730914816,36.5,,,,
1101156788989853696,1778155017000-632578958264631296-1101156788989853696,1778155017000,1778160655000,1,34.851,18.455,1.8884313194256301,632578958264631296,1778155017000,1101156788989853696,RJ47GA3707,5638000,1778160655000,48.721641667960064,34.851,1.5499999999992724,18.45516729846972,1.8884142005523732,18.45516729846972,1778155017000-632578958264631296-1101156788989853696,36.25,,,,
1056588446363025408,1778108099000-632578958264631296-1056588446363025408,1778108099000,1778112152000,1,34.839,13.818,2.521276595744681,632578958264631296,1778108099000,1056588446363025408,RJ47GA3530,4053000,1778112152000,36.47872418036264,34.839,1.0499999999992724,13.817698553167666,2.5213315999004235,13.817698553167666,1778108099000-632578958264631296-1056588446363025408,36.875,,,,
1536014556927623168,1778175999000-632578958264631296-1536014556927623168,1778175999000,1778180335000,1,34.814,8.947,3.8911366938638654,632578958264631296,1778175999000,1536014556927623168,NL01AK9196,4336000,1778180335000,23.620574384131295,34.814,1.1500000000000057,8.9471872667164,3.891055251465265,8.9471872667164,1778175999000-632578958264631296-1536014556927623168,35.279999999999745,,,,
1083727048683290624,1778135524000-632578958264631296-1083727048683290624,1778135524000,1778138746000,1,34.755,13.988,2.4846296825850733,632578958264631296,1778135524000,1083727048683290624,RJ47GA6340,3222000,1778138746000,36.92874621409923,34.755,0.8500000000003638,13.988161444734555,2.4846010061660055,13.988161444734555,1778135524000-632578958264631296-1083727048683290624,36.0,,,,
1268614873160351744,1778116544000-632578958264631296-1268614873160351744,1778116544000,1778119432000,1,34.7,11.088,3.12950937950938,632578958264631296,1778116544000,1268614873160351744,RJ47GA5515,2888000,1778119432000,29.272911090954047,34.70000000001164,0.7999999999992724,11.088223898088653,3.1294461871385097,11.088223898088653,1778116544000-632578958264631296-1268614873160351744,34.70000000001164,,,,
1067775063052255232,1778134023000-632578958264631296-1067775063052255232,1778134023000,1778137053000,1,34.671,12.184,2.8456172028890347,632578958264631296,1778134023000,1067775063052255232,RJ47GA3725,3030000,1778137053000,32.165278805696424,34.671,0.7999999999992724,12.183817729430462,2.845659773475675,12.18381772943046,1778134023000-632578958264631296-1067775063052255232,34.25,,,,
1464269416886697984,1778111193000-632578958264631296-1464269416886697984,1778111193000,1778115111000,1,34.653,14.828,2.3369975721607767,632578958264631296,1778111193000,1464269416886697984,NL01AK1963,3918000,1778115111000,39.1470780131718,34.653,1.0499999999999545,14.828438641352953,2.336928441229214,14.828438641352951,1778111193000-632578958264631296-1464269416886697984,35.625,,,,
1385305291104452608,1778113162000-632578958264631296-1385305291104452608,1778113162000,1778118141000,1,34.554,14.221,2.429786934814711,632578958264631296,1778113162000,1385305291104452608,NL01AJ5692,4979000,1778118141000,37.54370110546304,34.554,1.349999999999909,14.221098903584485,2.429770036357073,14.221098903584485,1778113162000-632578958264631296-1385305291104452608,35.5,,,,
1397607641592627200,1778113244000-632578958264631296-1397607641592627200,1778113244000,1778118196000,1,34.512,14.166,2.436255823803473,632578958264631296,1778113244000,1397607641592627200,NL01AJ6923,4952000,1778118196000,37.39867627011694,34.512,1.300000000000182,14.166165253832173,2.436227403930923,14.166165253832173,1778113244000-632578958264631296-1397607641592627200,35.125,,,,
1545824482457812992,1778137091000-632578958264631296-1545824482457812992,1778137091000,1778139925000,1,34.485,10.5,3.2842857142857143,632578958264631296,1778137091000,1545824482457812992,NL01AK8869,2834000,1778139925000,27.719945554903926,34.485,0.75,10.499979376857548,3.284292164992874,10.499979376857548,1778137091000-632578958264631296-1545824482457812992,34.465000000000146,,,,
1188144161019133952,1778124009000-632578958264631296-1188144161019133952,1778124009000,1778127508000,1,34.364,6.486,5.298180696885599,632578958264631296,1778124009000,1188144161019133952,RJ47GA6478,3499000,1778127508000,17.121761379304385,34.364,0.0,6.4855156739789335,5.298576354980469,0.001,1778124009000-632578958264631296-1188144161019133952,35.40000000002328,,,,
1535700301011484672,1778123065000-632578958264631296-1535700301011484672,1778123065000,1778125989000,1,34.303,7.594,4.517118777982617,632578958264631296,1778123065000,1535700301011484672,NL01AK7896,2924000,1778125989000,20.047257691017226,34.303,0.75,7.593658216294403,4.5173220894236366,7.593658216294403,1778123065000-632578958264631296-1535700301011484672,34.85500000000047,,,,
947094374120947712,1778142950000-632578958264631296-947094374120947712,1778142950000,1778145784000,1,34.299,11.195,3.0637784725323804,632578958264631296,1778142950000,947094374120947712,RJ47GA3346,2834000,1778145784000,29.553513211170817,34.299,0.75,11.194512579988945,3.063911872439369,11.194512579988945,1778142950000-632578958264631296-947094374120947712,32.25,,,,
1132636843020386304,1778123145000-632578958264631296-1132636843020386304,1778123145000,1778126051000,1,34.268,8.237,4.160252519121039,632578958264631296,1778123145000,1132636843020386304,RJ47GA4655,2906000,1778126051000,21.746868713792583,34.268,0.75,8.237450270375978,4.160025113989055,8.237450270375978,1778123145000-632578958264631296-1132636843020386304,35.29999999998836,,,,
1125482414773108736,1778158283000-632578958264631296-1125482414773108736,1778158283000,1778161672000,1,34.249,14.044,2.438692680148106,632578958264631296,1778158283000,1125482414773108736,RJ47GA3886,3389000,1778161672000,37.07707794760247,34.249,0.9000000000014552,14.044347707425178,2.4386323034349773,14.044347707425178,1778158283000-632578958264631296-1125482414773108736,34.875,,,,
1294723291725955072,1778157998000-632578958264631296-1294723291725955072,1778157998000,1778161379000,1,34.204,13.624,2.510569583088667,632578958264631296,1778157998000,1294723291725955072,NL01AH7658,3381000,1778161379000,35.967654014822365,34.204,0.900000000000091,13.624111369250896,2.5105490606306358,13.624111369250896,1778157998000-632578958264631296-1294723291725955072,35.0,,,,
925753337108758528,1778159817000-632578958264631296-925753337108758528,1778159817000,1778163590000,1,34.197,13.618,2.511161697752974,632578958264631296,1778159817000,925753337108758528,RJ47GA2620,3773000,1778163590000,35.95114175100529,34.197,1.0,13.61785672386564,2.511188118176401,13.61785672386564,1778159817000-632578958264631296-925753337108758528,41.625,,,,
1073994678560358400,1778161202000-632578958264631296-1073994678560358400,1778161202000,1778164252000,1,34.183,13.746,2.4867597846646294,632578958264631296,1778161202000,1073994678560358400,RJ47GA5628,3050000,1778164252000,36.29058320297986,34.183,0.8000000000001819,13.746433031431765,2.48668144833203,13.746433031431765,1778161202000-632578958264631296-1073994678560358400,36.0,,,,
1536014543027699712,1778136035000-632578958264631296-1536014543027699712,1778136035000,1778140572000,1,34.082,17.82,1.9125701459034792,632578958264631296,1778136035000,1536014543027699712,NL01AK8409,4537000,1778140572000,47.04575264311432,34.082,1.25,17.820360849664514,1.9125314177149015,17.820360849664514,1778136035000-632578958264631296-1536014543027699712,35.100000000000364,,,,
1083727144086929408,1778108719000-632578958264631296-1083727144086929408,1778108719000,1778112709000,1,34.064,11.157,3.053150488482567,632578958264631296,1778108719000,1083727144086929408,RJ47GA6319,3990000,1778112709000,29.45419299978073,34.064,1.050000000000182,11.15689128779573,3.053180238231938,11.15689128779573,1778108719000-632578958264631296-1083727144086929408,35.69999999998254,,,,
1396881232180019200,1778109007000-632578958264631296-1396881232180019200,1778109007000,1778112720000,1,34.041,10.346,3.2902571041948576,632578958264631296,1778109007000,1396881232180019200,NL01AJ6926,3713000,1778112720000,27.313887369274706,34.041,1.0,10.3461694580586,3.2902032136623824,10.3461694580586,1778109007000-632578958264631296-1396881232180019200,35.25,,,,
1462138214197231616,1778122523000-632578958264631296-1462138214197231616,1778122523000,1778126742000,1,34.029,8.878,3.8329578733949092,632578958264631296,1778122523000,1462138214197231616,RJ47GA5984,4219000,1778126742000,23.438203865410177,34.029,1.1500000000005457,8.878107524776581,3.8329114515715834,8.878107524776581,1778122523000-632578958264631296-1462138214197231616,34.5,,,,
1350071704793120768,1778160016000-632578958264631296-1350071704793120768,1778160016000,1778162990000,1,33.987,12.94,2.6265069551777436,632578958264631296,1778160016000,1350071704793120768,RJ47GA3451,2974000,1778162990000,34.16143211272129,33.987,0.7999999999992724,12.939936406333823,2.6265198632169544,12.939936406333823,1778160016000-632578958264631296-1350071704793120768,34.5,,,,
1540361293100220416,1778117139000-632578958264631296-1540361293100220416,1778117139000,1778119506000,1,33.967,11.464,2.9629274249825537,632578958264631296,1778117139000,1540361293100220416,NL01AK8392,2367000,1778119506000,30.265892056596044,33.967,0.6500000000000057,11.464353051740925,2.962836179826294,11.464353051740925,1778117139000-632578958264631296-1540361293100220416,34.025000000000546,,,,
1467925946630668288,1778140993000-632578958264631296-1467925946630668288,1778140993000,1778144358000,1,33.95,6.611,5.135380426561792,632578958264631296,1778140993000,1467925946630668288,RJ47GA5320,3365000,1778144358000,17.452107059248508,33.95000000001164,0.5433091666664848,6.610646613351707,5.135654949614442,4.844461318010735,1778140993000-632578958264631296-1467925946630668288,33.95000000001164,,,,
939547788868321280,1778143460000-632578958264631296-939547788868321280,1778143460000,1778146540000,1,33.919,10.381,3.2674116173779018,632578958264631296,1778143460000,939547788868321280,RJ14GH7603,3080000,1778146540000,27.404923370361246,33.919,0.0,10.380652791803502,3.2675209045410156,0.001,1778143460000-632578958264631296-939547788868321280,,,,,
1389244302743306240,1778123366000-632578958264631296-1389244302743306240,1778123366000,1778126434000,1,33.908,10.838,3.1286215168850346,632578958264631296,1778123366000,1389244302743306240,NL01AJ6144,3068000,1778126434000,28.61115348736463,33.908,0.849999999999909,10.837558139153268,3.1287490747107736,10.837558139153268,1778123366000-632578958264631296-1389244302743306240,34.125,,,,
1489984398731247616,1778121863000-632578958264631296-1489984398731247616,1778121863000,1778126549000,1,33.89,16.34,2.0740514075887395,632578958264631296,1778121863000,1489984398731247616,Nl01AK8377,4686000,1778126549000,43.13760000000038,33.89,1.25,16.340000000000146,2.074051407588721,16.340000000000146,1778121863000-632578958264631296-1489984398731247616,34.69499999999971,,,,
1385589008028925952,1778164895000-632578958264631296-1385589008028925952,1778164895000,1778168299000,1,33.761,8.323,4.056349873843566,632578958264631296,1778164895000,1385589008028925952,NL01AJ5695,3404000,1778168299000,21.974021940263246,33.761,0.900000000000091,8.323493159190622,4.056109538904568,8.323493159190622,1778164895000-632578958264631296-1385589008028925952,34.125,,,,
1478688867300147200,1778143479000-632578958264631296-1478688867300147200,1778143479000,1778146781000,1,33.7,13.531,2.490577193112113,632578958264631296,1778143479000,1478688867300147200,NL01AK3095,3302000,1778146781000,35.72055267934675,33.7,0.900000000000091,13.530512378540436,2.4906669501628502,13.530512378540438,1778143479000-632578958264631296-1478688867300147200,34.875,,,,
787737136659955712,1778112031000-632578958264631296-787737136659955712,1778112031000,1778115601000,1,33.629,12.704,2.6471190176322414,632578958264631296,1778112031000,787737136659955712,RJ47GA3339,3570000,1778115601000,33.53854505924214,33.629,0.9500000000007276,12.703994340622023,2.647120196871359,12.703994340622023,1778112031000-632578958264631296-787737136659955712,36.75,['900758004226326539'],,900758004226326539,
1152269356621627392,1778135288000-632578958264631296-1152269356621627392,1778135288000,1778138488000,1,33.56,9.908,3.387161889382318,632578958264631296,1778135288000,1152269356621627392,RJ47GA6374,3200000,1778138488000,26.157511587950022,33.56,0.8500000000003638,9.908148328768947,3.387111182273723,9.908148328768947,1778135288000-632578958264631296-1152269356621627392,34.70000000001164,,,,
946032945880104960,1778155839000-632578958264631296-946032945880104960,1778155839000,1778161560000,1,33.475,14.642,2.286231389154487,632578958264631296,1778155839000,946032945880104960,RJ47GA3760,5721000,1778161560000,38.655893579785456,33.475,1.5499999999999545,14.642383931736914,2.286171442851186,14.642383931736914,1778155839000-632578958264631296-946032945880104960,38.125,,,,
1526262198169501696,1778137395000-632578958264631296-1526262198169501696,1778137395000,1778141701000,1,33.416,22.98,1.4541340295909484,632578958264631296,1778137395000,1526262198169501696,NL01AK6561,4306000,1778141701000,60.667740161452286,33.416,1.150000000000034,22.980204606610712,1.4541210825593442,22.980204606610712,1778137395000-632578958264631296-1526262198169501696,35.625,,,,
1126869078934290432,1778154265000-632578958264631296-1126869078934290432,1778154265000,1778157943000,1,33.241,7.575,4.388250825082508,632578958264631296,1778154265000,1126869078934290432,RJ47GA4863,3678000,1778157943000,19.997602652166517,33.241,0.9499999999998181,7.574849489457013,4.388338018632078,7.574849489457013,1778154265000-632578958264631296-1126869078934290432,34.20000000001164,,,,
1083019060351860736,1778111400000-632578958264631296-1083019060351860736,1778111400000,1778115761000,1,33.147,17.109,1.9374013677012096,632578958264631296,1778111400000,1083019060351860736,RJ47GA5912,4361000,1778115761000,45.16834147606158,33.147,0.0,17.10922025608393,1.9373764265038984,17.10922025608393,1778111400000-632578958264631296-1083019060351860736,34.39999999999418,,,,
1131571393566081024,1778156813000-632578958264631296-1131571393566081024,1778156813000,1778160991000,1,33.134,7.308,4.533935413245758,632578958264631296,1778156813000,1131571393566081024,RJ47GA1964,4178000,1778160991000,19.2931276622428,33.134,0.0,7.308002902364696,4.5339336125986796,6.38067536932657,1778156813000-632578958264631296-1131571393566081024,41.875,,,,
1363836271826305024,1778127714000-632578958264631296-1363836271826305024,1778127714000,1778131348000,1,32.954,11.64,2.831099656357388,632578958264631296,1778127714000,1363836271826305024,NL01AJ4205,3634000,1778131348000,30.728908964551813,32.954,1.0,11.639738244148413,2.831163322471345,11.639738244148413,1778127714000-632578958264631296-1363836271826305024,33.125,,,,
1468940686052032512,1778142756000-632578958264631296-1468940686052032512,1778142756000,1778146242000,1,32.951,9.439,3.4909418370590104,632578958264631296,1778142756000,1468940686052032512,RJ14GQ0824,3486000,1778146242000,24.919553438606584,32.951,0.9499999999998181,9.439224787350978,3.490858703159178,9.439224787350978,1778142756000-632578958264631296-1468940686052032512,33.79999999998836,,,,
1068875501654769664,1778116830000-632578958264631296-1068875501654769664,1778116830000,1778120171000,1,32.928,7.059,4.664683382915427,632578958264631296,1778116830000,1068875501654769664,RJ47GA3881,3341000,1778120171000,18.636043015806067,32.928,0.8999999999996362,7.0591072029568425,4.664612542816672,6.252082549328715,1778116830000-632578958264631296-1068875501654769664,33.375,,,,
866648789010612224,1778161094000-632578958264631296-866648789010612224,1778161094000,1778164166000,1,32.908,9.343,3.5222091405330196,632578958264631296,1778161094000,866648789010612224,RJ47GA4406,3072000,1778164166000,24.66532768084132,32.908,0.8000000000010914,9.342927151833832,3.5222366037115904,9.342927151833832,1778161094000-632578958264631296-866648789010612224,33.90000000002328,,,,0.36799999999999217
1385588705250508800,1778122074000-632578958264631296-1385588705250508800,1778122074000,1778125115000,1,32.839,6.303,5.210058702205299,632578958264631296,1778122074000,1385588705250508800,NL01AJ5691,3041000,1778125115000,16.640007116676287,32.839,0.75,6.303032998741018,5.210031425594525,6.303032998741018,1778122074000-632578958264631296-1385588705250508800,33.375,,,,
1389243774684626944,1778099827000-632578958264631296-1389243774684626944,1778099827000,1778103532000,1,32.837,5.652,5.809801840056617,632578958264631296,1778099827000,1389243774684626944,NL01AJ6143,3705000,1778103532000,14.922259998815296,32.837,1.0,5.6523712116724605,5.809420289345076,5.6523712116724605,1778099827000-632578958264631296-1389243774684626944,33.75,,,,
1065321017443876864,1778111081000-632578958264631296-1065321017443876864,1778111081000,1778114517000,1,32.75,11.514,2.844363383706792,632578958264631296,1778111081000,1065321017443876864,RJ47GA2745,3436000,1778114517000,30.397172038540887,32.75,0.9499999999989086,11.514080317629123,2.8443435425629886,11.514080317629123,1778111081000-632578958264631296-1065321017443876864,32.75,,,,
1125482414773108736,1778152625000-632578958264631296-1125482414773108736,1778152625000,1778155502000,1,32.743,13.441,2.4360538650398036,632578958264631296,1778152625000,1125482414773108736,RJ47GA3886,2877000,1778155502000,35.48378136854747,32.743,0.75,13.44082627596495,2.436085351281672,13.44082627596495,1778152625000-632578958264631296-1125482414773108736,33.25,,,,
1176582451024101376,1778167817000-632578958264631296-1176582451024101376,1778167817000,1778170759000,1,32.698,9.125,3.5833424657534247,632578958264631296,1778167817000,1176582451024101376,RJ47GA6342,2942000,1778170759000,24.09,32.698,0.8000000000001819,9.125,3.5833424657534247,9.125,1778167817000-632578958264631296-1176582451024101376,34.39999999999418,,,,
862693652038680576,1778170134000-632578958264631296-862693652038680576,1778170134000,1778172512000,1,32.684,8.993,3.634382297342377,632578958264631296,1778170134000,862693652038680576,RJ47GA4378,2378000,1778172512000,23.742592625742496,32.684,0.6000000000003638,8.993406297629733,3.634218105837614,8.993406297629733,1778170134000-632578958264631296-862693652038680576,33.199999999953434,['900758004234715138'],,900758004234715138,2.536532752315403
1050036776183267328,1778099701000-632578958264631296-1050036776183267328,1778099701000,1778103444000,1,32.669,7.825,4.174952076677315,632578958264631296,1778099701000,1050036776183267328,RJ47GA5832,3743000,1778103444000,20.657903732449288,32.669,1.0,7.824963535018669,4.174971532301467,7.82496353501867,1778099701000-632578958264631296-1050036776183267328,34.5,,,,
1479447378401427456,1778167610000-632578958264631296-1479447378401427456,1778167610000,1778172112000,1,32.667,12.02,2.7177204658901832,632578958264631296,1778167610000,1479447378401427456,NL01AK3096,4502000,1778172112000,31.733324405397255,32.667,1.199999999999818,12.02019863840805,2.717675554513665,12.02019863840805,1778167610000-632578958264631296-1479447378401427456,33.0,,,,
1428031634325635072,1778130227000-632578958264631296-1428031634325635072,1778130227000,1778133480000,1,32.635,13.19,2.4742228961334343,632578958264631296,1778130227000,1428031634325635072,NL01AJ9500,3253000,1778133480000,34.82093299299523,32.635,0.8500000000001364,13.189747345831528,2.4742702907280423,13.189747345831528,1778130227000-632578958264631296-1428031634325635072,33.375,,,,
1477629515881512960,1778134435000-632578958264631296-1477629515881512960,1778134435000,1778137570000,1,32.625,5.873,5.555082581304274,632578958264631296,1778134435000,1477629515881512960,NL01AK3041,3135000,1778137570000,15.504731064445002,32.625,0.7999999999999545,5.873004191077652,5.555078617100996,5.030718426985764,1778134435000-632578958264631296-1477629515881512960,32.625,,,,
932612842287267840,1778132998000-632578958264631296-932612842287267840,1778132998000,1778136054000,1,32.612,8.683,3.755844754117241,632578958264631296,1778132998000,932612842287267840,RJ47GA4652,3056000,1778136054000,22.924429711215534,32.612,0.8000000000001819,8.683496102733157,3.7556301763911972,8.683496102733157,1778132998000-632578958264631296-932612842287267840,33.39999999999418,,,,
1428033112889098240,1778167728000-632578958264631296-1428033112889098240,1778167728000,1778171385000,1,32.601,11.394,2.8612427593470247,632578958264631296,1778167728000,1428033112889098240,NL01AJ9497,3657000,1778171385000,30.079363539007808,32.601,1.0,11.39369831023023,2.861318521197639,11.39369831023023,1778167728000-632578958264631296-1428033112889098240,33.625,,,,
1152269748554170368,1778165025000-632578958264631296-1152269748554170368,1778165025000,1778169098000,1,32.401,12.573,2.577030143959278,632578958264631296,1778165025000,1152269748554170368,RJ14GQ0814,4073000,1778169098000,33.19161606263751,32.401,1.1000000000003638,12.572581841908146,2.5771158547560895,12.572581841908146,1778165025000-632578958264631296-1152269748554170368,33.60000000000582,,,,
977133830013976576,1778151869000-632578958264631296-977133830013976576,1778151869000,1778155277000,1,32.39,10.954,2.956910717546102,632578958264631296,1778151869000,977133830013976576,RJ47GA5039,3408000,1778155277000,28.918020925506752,32.39,0.8999999999996362,10.953795805116194,2.9569658387160724,10.953795805116194,1778151869000-632578958264631296-977133830013976576,33.80000000001746,,,,
1536432469593554944,1778162379000-632578958264631296-1536432469593554944,1778162379000,1778165820000,1,32.258,12.09,2.6681555004135653,632578958264631296,1778162379000,1536432469593554944,NL01AK8052,3441000,1778165820000,31.917423458795763,32.258,0.9499999999999886,12.089933128331728,2.668170258477785,12.089933128331728,1778162379000-632578958264631296-1536432469593554944,32.715000000000146,,,,
1073994678560358400,1778165324000-632578958264631296-1073994678560358400,1778165324000,1778168378000,1,32.113,12.381,2.5937323317987238,632578958264631296,1778165324000,1073994678560358400,RJ47GA5628,3054000,1778168378000,32.68471537348347,32.113,0.8000000000001819,12.380574005107375,2.59382157780022,12.380574005107375,1778165324000-632578958264631296-1073994678560358400,33.79999999998836,,,,
1268615116379652096,1778155143000-632578958264631296-1268615116379652096,1778155143000,1778159360000,1,32.082,17.66,1.816647791619479,632578958264631296,1778155143000,1268615116379652096,RJ47GA5518,4217000,1778159360000,46.623225014019454,32.082,1.1500000000005457,17.660312505310397,1.816615645411317,17.660312505310397,1778155143000-632578958264631296-1268615116379652096,33.300000000046566,,,,
951882940915122176,1778137134000-632578958264631296-951882940915122176,1778137134000,1778140350000,1,32.057,6.899,4.6466154515147124,632578958264631296,1778137134000,951882940915122176,RJ47GA3386,3216000,1778140350000,18.212404313899007,32.057,0.900000000000091,6.8986379976890175,4.646859280156288,6.8986379976890175,1778137134000-632578958264631296-951882940915122176,33.25,,,,
1477629515881512960,1778128358000-632578958264631296-1477629515881512960,1778128358000,1778132549000,1,32.052,5.857,5.47242615673553,632578958264631296,1778128358000,1477629515881512960,NL01AK3041,4191000,1778132549000,15.461226455780398,32.052,1.150000000000091,5.85652517264409,5.472869842635585,5.85652517264409,1778128358000-632578958264631296-1477629515881512960,33.5,,,,
1484590862305329152,1778131978000-632578958264631296-1484590862305329152,1778131978000,1778136222000,1,32.049,10.916,2.935965555148406,632578958264631296,1778131978000,1484590862305329152,NL01AK3094,4244000,1778136222000,28.81954322219708,32.049,1.150000000000091,10.91649364477162,2.935832790536149,10.91649364477162,1778131978000-632578958264631296-1484590862305329152,33.875,,,,
1500491887742550016,1778136308000-632578958264631296-1500491887742550016,1778136308000,1778139881000,1,32.017,6.804,4.705614344503234,632578958264631296,1778136308000,1500491887742550016,NL01AK3121,3573000,1778139881000,17.96222933610827,32.017,0.9500000000000455,6.803874748525859,4.7057009694272915,6.803874748525859,1778136308000-632578958264631296-1500491887742550016,33.625,,,,
946031139108159488,1778137323000-632578958264631296-946031139108159488,1778137323000,1778140610000,1,31.932,8.729,3.658150990949708,632578958264631296,1778137323000,946031139108159488,RJ47GA3328,3287000,1778140610000,23.044418631269536,31.932,0.8500000000003638,8.72894645123846,3.6581734323126125,8.72894645123846,1778137323000-632578958264631296-946031139108159488,32.125,,,,
970285003134992384,1778124745000-632578958264631296-970285003134992384,1778124745000,1778127660000,1,31.852,12.53,2.542059058260176,632578958264631296,1778124745000,970285003134992384,RJ14GN3848,2915000,1778127660000,33.079121703872104,31.852,0.75,12.529970342375798,2.5420650751484994,12.529970342375798,1778124745000-632578958264631296-970285003134992384,32.70000000001164,,,,
1152269356621627392,1778159576000-632578958264631296-1152269356621627392,1778159576000,1778162679000,1,31.802,17.839,1.782723246818768,632578958264631296,1778159576000,1152269356621627392,RJ47GA6374,3103000,1778162679000,47.09414082344203,31.802,0.8500000000003638,17.838689705849255,1.7827542563046106,17.838689705849255,1778159576000-632578958264631296-1152269356621627392,32.60000000000582,,,,
946036270407090176,1778160595000-632578958264631296-946036270407090176,1778160595000,1778164420000,1,31.793,15.823,2.009290273652278,632578958264631296,1778160595000,946036270407090176,RJ47GA2720,3825000,1778164420000,41.77198848655874,31.793,1.0500000000010914,15.82272291157528,2.009325460457978,15.822722911575282,1778160595000-632578958264631296-946036270407090176,32.375,,,,
1475453057469775872,1778152922000-632578958264631296-1475453057469775872,1778152922000,1778156168000,1,31.777,13.022,2.4402549531561974,632578958264631296,1778152922000,1475453057469775872,NL01AK3037,3246000,1778156168000,34.37891462594276,31.777,0.8500000000001364,13.02231614619044,2.4401957104455705,13.02231614619044,1778152922000-632578958264631296-1475453057469775872,33.5,,,,
1101122257968693248,1778158153000-632578958264631296-1101122257968693248,1778158153000,1778162795000,1,31.768,16.758,1.8956916099773244,632578958264631296,1778158153000,1101122257968693248,RJ47GA3730,4642000,1778162795000,44.24098300800973,31.768,1.25,16.757948109094592,1.8956974799772417,16.757948109094592,1778158153000-632578958264631296-1101122257968693248,,,,,
857602255610707968,1778169364000-632578958264631296-857602255610707968,1778169364000,1778173231000,1,31.753,8.27,3.839540507859734,632578958264631296,1778169364000,857602255610707968,RJ47GA4334,3867000,1778173231000,21.83333977362013,31.753,1.0,8.270204459704594,3.8394455850169145,8.270204459704594,1778169364000-632578958264631296-857602255610707968,32.600000000034925,['900758004230520839'],,900758004230520839,0.0
1500136074981146624,1778164910000-632578958264631296-1500136074981146624,1778164910000,1778167683000,1,31.749,5.698,5.571955071955071,632578958264631296,1778164910000,1500136074981146624,NL01AK3122,2773000,1778167683000,15.042416665151737,31.749,0.75,5.697885100436264,5.572067432101975,5.697885100436264,1778164910000-632578958264631296-1500136074981146624,33.125,,,,
1536004619845500928,1778150048000-632578958264631296-1536004619845500928,1778150048000,1778152403000,1,31.739,10.102,3.141853098396357,632578958264631296,1778150048000,1536004619845500928,NL01AK7894,2355000,1778152403000,26.670420179706085,31.739,0.6000000000000227,10.102431886252305,3.1417187819094723,10.102431886252305,1778150048000-632578958264631296-1536004619845500928,31.414999999999054,,,,
1112389405491855360,1778158023000-632578958264631296-1112389405491855360,1778158023000,1778160964000,1,31.665,11.005,2.87732848705134,632578958264631296,1778158023000,1112389405491855360,RJ47GA3734,2941000,1778160964000,29.054367221053173,31.665,0.8000000000010914,11.005442129186807,2.877212894157459,11.005442129186807,1778158023000-632578958264631296-1112389405491855360,32.125,,,,
780109531760820224,1778117654000-632578958264631296-780109531760820224,1778117654000,1778121502000,1,31.533,9.552,3.3011934673366836,632578958264631296,1778117654000,780109531760820224,RJ47GA3172,3848000,1778121502000,25.216881228099364,31.533,1.0499999999992724,9.551848950037638,3.3012456713813245,9.551848950037638,1778117654000-632578958264631296-780109531760820224,35.070000000006985,['900758004213743624'],,900758004213743624,
863411203819438080,1778178065000-632578958264631296-863411203819438080,1778178065000,1778182442000,1,31.449,13.052,2.4095157830217593,632578958264631296,1778178065000,863411203819438080,RJ47GA4438,4377000,1778182442000,34.457597526945214,31.449,1.199999999999818,13.052120275358035,2.409493579320952,13.052120275358035,1778178065000-632578958264631296-863411203819438080,32.89999999999418,['829378564599054336'],,829378564599054336,0.0
1073201833905750016,1778172528000-632578958264631296-1073201833905750016,1778172528000,1778177775000,1,31.351,13.787,2.273953724523101,632578958264631296,1778172528000,1073201833905750016,RJ47GA5838,5247000,1778177775000,36.39767048651552,31.351,1.449999999999818,13.786996396407394,2.273954318880465,13.786996396407392,1778172528000-632578958264631296-1073201833905750016,32.40000000002328,,,,
1385589109656911872,1778142994000-632578958264631296-1385589109656911872,1778142994000,1778146684000,1,31.276,8.529,3.6670184077852035,632578958264631296,1778142994000,1385589109656911872,NL01AJ5693,3690000,1778146684000,22.516721390297587,31.276,1.0,8.52906113268848,3.666992124154393,8.52906113268848,1778142994000-632578958264631296-1385589109656911872,31.5,,,,
944589988106862592,1778128779000-632578958264631296-944589988106862592,1778128779000,1778132615000,1,31.257,11.121,2.810628540598867,632578958264631296,1778128779000,944589988106862592,RJ47GA2625,3836000,1778132615000,29.35905217899104,31.257,1.0499999999992724,11.120853098102666,2.810665667846361,11.120853098102666,1778128779000-632578958264631296-944589988106862592,34.0,,,,
1065304732634972160,1778151562000-632578958264631296-1065304732634972160,1778151562000,1778155341000,1,31.222,16.382,1.9058722988646075,632578958264631296,1778151562000,1065304732634972160,RJ47GA4006,3779000,1778155341000,43.24774852490108,31.222,1.0,16.38172292609889,1.905904534025417,16.38172292609889,1778151562000-632578958264631296-1065304732634972160,33.75,,,,
1501933614227521536,1778163321000-632578958264631296-1501933614227521536,1778163321000,1778166293000,1,31.221,5.805,5.378294573643411,632578958264631296,1778163321000,1501933614227521536,NL01AK3126,2972000,1778166293000,15.325405860979927,31.221,0.8000000000000682,5.805077977643911,5.378222328836238,5.805077977643912,1778163321000-632578958264631296-1501933614227521536,30.625,,,,
1079095785133441024,1778126523000-632578958264631296-1079095785133441024,1778126523000,1778129211000,1,31.209,13.896,2.2458981001727114,632578958264631296,1778126523000,1079095785133441024,RJ47GA3363,2688000,1778129211000,36.68612982374997,31.209,0.7000000000007276,13.896261296874988,2.245855869666061,13.896261296874988,1778126523000-632578958264631296-1079095785133441024,,,,,
1079095785133441024,1778141100000-632578958264631296-1079095785133441024,1778141100000,1778144497000,1,31.168,13.739,2.2685784991629667,632578958264631296,1778141100000,1079095785133441024,RJ47GA3363,3397000,1778144497000,36.26968441777784,31.168,0.8999999999996362,13.738516824915846,2.268658283656534,13.738516824915845,1778141100000-632578958264631296-1079095785133441024,,,,,
1093476797997121536,1778128271000-632578958264631296-1093476797997121536,1778128271000,1778134230000,1,31.11,12.1,2.5710743801652893,632578958264631296,1778128271000,1093476797997121536,RJ47GA5979,5959000,1778134230000,31.94384534566394,31.11,1.6000000000003638,12.099941418812099,2.5710868278777332,12.099941418812099,1778128271000-632578958264631296-1093476797997121536,32.44000000000233,,,,
866245373776101376,1778145694000-632578958264631296-866245373776101376,1778145694000,1778149571000,1,31.091,6.544,4.75106968215159,632578958264631296,1778145694000,866245373776101376,RJ47GA4404,3877000,1778149571000,17.27523874616862,31.091,1.0,6.543651040215385,4.751323047167967,6.543651040215385,1778145694000-632578958264631296-866245373776101376,32.20000000001164,['900758004146634763'],,900758004146634763,0.0
1093087738300727296,1778160901000-632578958264631296-1093087738300727296,1778160901000,1778164190000,1,31.022,13.694,2.2653716956331236,632578958264631296,1778160901000,1093087738300727296,RJ47GA5977,3289000,1778164190000,36.15250402754019,31.022,0.9000000000005457,13.694130313462193,2.2653501383365264,13.694130313462193,1778160901000-632578958264631296-1093087738300727296,32.13500000000931,,,,
1065321017443876864,1778160471000-632578958264631296-1065321017443876864,1778160471000,1778164161000,1,30.947,9.635,3.211935651271406,632578958264631296,1778160471000,1065321017443876864,RJ47GA2745,3690000,1778164161000,25.43771764959191,30.947,1.0,9.635499109693905,3.2117692760580936,9.635499109693905,1778160471000-632578958264631296-1065321017443876864,32.75,,,,
1083727048683290624,1778119292000-632578958264631296-1083727048683290624,1778119292000,1778121997000,1,30.943,11.94,2.591541038525963,632578958264631296,1778119292000,1083727048683290624,RJ47GA6340,2705000,1778121997000,31.52197689199396,30.943,0.6999999999998181,11.940142762118922,2.5915100528085135,11.940142762118922,1778119292000-632578958264631296-1083727048683290624,32.60000000000582,,,,
1082330521322651648,1778151870000-632578958264631296-1082330521322651648,1778151870000,1778156417000,1,30.865,16.977,1.818047947222713,632578958264631296,1778151870000,1082330521322651648,RJ47GA5907,4547000,1778156417000,44.82025902836833,30.865,0.0,16.977370844078912,1.8180082348124347,16.977370844078912,1778151870000-632578958264631296-1082330521322651648,32.60000000000582,,,,
1536022277991170048,1778109624000-632578958264631296-1536022277991170048,1778109624000,1778113913000,1,30.859,11.479,2.6883003745970906,632578958264631296,1778109624000,1536022277991170048,NL01AK7897,4289000,1778113913000,30.30484369155942,30.859,1.1500000000000057,11.479107458924021,2.688275208714923,11.47910745892402,1778109624000-632578958264631296-1536022277991170048,31.9399999999996,,,,
1079095062366781440,1778143431000-632578958264631296-1079095062366781440,1778143431000,1778146666000,1,30.778,11.801,2.6080840606728244,632578958264631296,1778143431000,1079095062366781440,RJ47GA3439,3235000,1778146666000,31.15356975217518,30.778,0.8500000000003638,11.800594603096659,2.608173658632708,11.800594603096659,1778143431000-632578958264631296-1079095062366781440,29.875,,,,
1060579746913452032,1778143461000-632578958264631296-1060579746913452032,1778143461000,1778146798000,1,30.759,11.182,2.7507601502414594,632578958264631296,1778143461000,1060579746913452032,RJ47GA3879,3337000,1778146798000,29.519621857383186,30.759,0.8999999999996362,11.181674945978479,2.750840115510831,11.181674945978479,1778143461000-632578958264631296-1060579746913452032,31.0,,,,
1476549765217910784,1778139556000-632578958264631296-1476549765217910784,1778139556000,1778142724000,1,30.75,10.5,2.9285714285714284,632578958264631296,1778139556000,1476549765217910784,NL01AK3042,3168000,1778142724000,27.720000000000002,30.75,0.8500000000001364,10.5,2.9285714285714284,10.5,1778139556000-632578958264631296-1476549765217910784,30.75,,,,
1422205425331208192,1778143272000-632578958264631296-1422205425331208192,1778143272000,1778147385000,1,30.581,18.432,1.659125434027778,632578958264631296,1778143272000,1422205425331208192,NL01AJ9003,4113000,1778147385000,48.660864422814406,30.581,1.1000000000003638,18.432145614702424,1.6591123268691532,18.432145614702424,1778143272000-632578958264631296-1422205425331208192,30.875,,,,
901057526324264960,1778116963000-632578958264631296-901057526324264960,1778116963000,1778120935000,1,30.541,13.091,2.3329768543274008,632578958264631296,1778116963000,901057526324264960,RJ47GA4008,3972000,1778120935000,34.55908718713986,30.541,1.0999999999985448,13.090563328462068,2.333054677150252,13.09056332846207,1778116963000-632578958264631296-901057526324264960,30.125,,,,
1486725792942522368,1778163235000-632578958264631296-1486725792942522368,1778163235000,1778166606000,1,30.449,5.624,5.414118065433856,632578958264631296,1778163235000,1486725792942522368,NL01AK3102,3371000,1778166606000,14.847915551442904,30.449,0.928611111111195,5.624210436152615,5.413915490123342,1.7654001449345473,1778163235000-632578958264631296-1486725792942522368,,,,,
943461119844941824,1778133089000-632578958264631296-943461119844941824,1778133089000,1778136831000,1,30.439,6.462,4.710461157536367,632578958264631296,1778133089000,943461119844941824,RJ47GA3779,3742000,1778136831000,17.05965911544609,30.439,1.0,6.461992089184125,4.710466924115834,6.461992089184125,1778133089000-632578958264631296-943461119844941824,31.375,,,,
863411203819438080,1778122682000-632578958264631296-863411203819438080,1778122682000,1778127262000,1,30.428,15.493,1.9639837345898148,632578958264631296,1778122682000,863411203819438080,RJ47GA4438,4580000,1778127262000,40.90046016209163,30.428,1.2000000000007276,15.49259854624683,1.9640346265456776,15.49259854624683,1778122682000-632578958264631296-863411203819438080,31.699999999982538,['829378564599054336'],,829378564599054336,0.0
1094588896550846464,1778130806000-632578958264631296-1094588896550846464,1778130806000,1778134387000,1,30.371,7.653,3.9685090814059847,632578958264631296,1778130806000,1094588896550846464,RJ47GA5976,3581000,1778134387000,20.202765411387652,30.371,0.8999999999996362,7.652562655828656,3.968735881811775,7.652562655828656,1778130806000-632578958264631296-1094588896550846464,31.114999999990687,,,,
1211786303754993664,1778111582000-632578958264631296-1211786303754993664,1778111582000,1778116007000,1,30.354,8.76,3.4650684931506848,632578958264631296,1778111582000,1211786303754993664,RJ47GA6403,4425000,1778116007000,23.12547871505141,30.354,1.1500000000005457,8.759651028428564,3.4652065363664777,8.759651028428564,1778111582000-632578958264631296-1211786303754993664,31.20000000001164,,,,
862693652038680576,1778135581000-632578958264631296-862693652038680576,1778135581000,1778138240000,1,30.353,9.349,3.246657396512996,632578958264631296,1778135581000,862693652038680576,RJ47GA4378,2659000,1778138240000,24.680127787789047,30.353,0.7000000000007276,9.348533252950396,3.2468194933596237,9.348533252950396,1778135581000-632578958264631296-862693652038680576,30.29999999998836,['900758004234715138'],,900758004234715138,0.0
1071457116943810560,1778148672000-632578958264631296-1071457116943810560,1778148672000,1778152040000,1,30.299,15.499,1.954900316149429,632578958264631296,1778148672000,1071457116943810560,RJ47GA5618,3368000,1778152040000,40.91747811590003,30.299,0.0,15.499044740871224,1.9548946729665901,15.499044740871224,1778148672000-632578958264631296-1071457116943810560,32.40000000002328,,,,
798991075485155328,1778132804000-632578958264631296-798991075485155328,1778132804000,1778137444000,1,30.156,12.343,2.4431661670582514,632578958264631296,1778132804000,798991075485155328,RJ47GA3120,4640000,1778137444000,32.58449735180065,30.156,1.25,12.34261263325782,2.443242844609987,12.34261263325782,1778132804000-632578958264631296-798991075485155328,34.23999999999069,['900758004213743622'],,900758004213743622,
1461772563532218368,1778152345000-632578958264631296-1461772563532218368,1778152345000,1778155828000,1,30.155,6.167,4.889735689962705,632578958264631296,1778152345000,1461772563532218368,NL01AK1959,3483000,1778155828000,16.281067957199127,30.155,0.9500000000000455,6.16707119590876,4.889679240285867,6.16707119590876,1778152345000-632578958264631296-1461772563532218368,30.75,,,,
1083729116835872768,1778112178000-632578958264631296-1083729116835872768,1778112178000,1778117270000,1,30.114,14.814,2.0328068043742404,632578958264631296,1778112178000,1083729116835872768,RJ47GA6361,5092000,1778117270000,39.10842007275678,30.114,1.3999999999996362,14.813795482104839,2.032834869117635,14.813795482104839,1778112178000-632578958264631296-1083729116835872768,32.29999999998836,,,,
1075729411988258816,1778141286000-632578958264631296-1075729411988258816,1778141286000,1778143017000,1,30.113,1.996,15.086673346693386,632578958264631296,1778141286000,1075729411988258816,RJ36GA7279,1731000,1778143017000,5.268894781555327,30.113,0.0,1.9957934778618662,15.088234496216845,1.9957934778618662,1778141286000-632578958264631296-1075729411988258816,,,,,
942469061864849408,1778149454000-632578958264631296-942469061864849408,1778149454000,1778152305000,1,30.102,13.39,2.248095593726662,632578958264631296,1778149454000,942469061864849408,RJ47GA3637,2851000,1778152305000,35.34946915467259,30.102,0.75,13.389950437375981,2.248103915005907,13.389950437375981,1778149454000-632578958264631296-942469061864849408,27.125,,,,
1462138214197231616,1778132718000-632578958264631296-1462138214197231616,1778132718000,1778137182000,1,30.096,9.058,3.3225877677191433,632578958264631296,1778132718000,1462138214197231616,RJ47GA5984,4464000,1778137182000,23.913958703360947,30.096,1.199999999999818,9.058317690667025,3.322471238893348,9.058317690667025,1778132718000-632578958264631296-1462138214197231616,30.60000000000582,,,,
1536427445069021184,1778129176000-632578958264631296-1536427445069021184,1778129176000,1778131637000,1,29.788,8.797,3.38615437080823,632578958264631296,1778129176000,1536427445069021184,NL01AK8053,2461000,1778131637000,23.22371040721993,29.788,0.6000000000000227,8.796860002734821,3.386208259622107,8.796860002734821,1778129176000-632578958264631296-1536427445069021184,30.524999999999636,,,,
1467925946630668288,1778112695000-632578958264631296-1467925946630668288,1778112695000,1778115879000,1,29.71,7.321,4.05818877202568,632578958264631296,1778112695000,1467925946630668288,RJ47GA5320,3184000,1778115879000,19.328072636655083,29.71,0.8000000000001819,7.321239635096623,4.058055941452311,7.321239635096623,1778112695000-632578958264631296-1467925946630668288,30.199999999982538,,,,
878252193440858112,1778136506000-632578958264631296-878252193440858112,1778136506000,1778140023000,1,29.686,6.246,4.752801793147614,632578958264631296,1778136506000,878252193440858112,RJ47GA1999,3517000,1778140023000,16.48944123682403,29.686,0.9708333333333333,6.246000468493952,4.752801436654062,4.019113604247984,1778136506000-632578958264631296-878252193440858112,27.875,['900758004175994897'],,900758004175994897,
790193276584984576,1778159375000-632578958264631296-790193276584984576,1778159375000,1778162214000,1,29.677,9.266,3.202784372976473,632578958264631296,1778159375000,790193276584984576,RJ47GA2477,2839000,1778162214000,24.46166334166827,29.677,0.75,9.265781568813738,3.2028598752948403,9.265781568813738,1778159375000-632578958264631296-790193276584984576,33.179999999993015,['841055114193010688'],,841055114193010688,
1536432469593554944,1778129220000-632578958264631296-1536432469593554944,1778129220000,1778131680000,1,29.663,8.083,3.6698008165285168,632578958264631296,1778129220000,1536432469593554944,NL01AK8052,2460000,1778131680000,21.34025516419459,29.663,0.6499999999999773,8.083429986437345,3.6696056067498075,8.083429986437345,1778129220000-632578958264631296-1536432469593554944,30.2400000000016,,,,
1536014550107684864,1778162328000-632578958264631296-1536014550107684864,1778162328000,1778166469000,1,29.657,8.285,3.5796016898008447,632578958264631296,1778162328000,1536014550107684864,NL01AK9195,4141000,1778166469000,21.871878534143782,29.657,1.1500000000000057,8.284802475054462,3.5796870340961315,8.284802475054462,1778162328000-632578958264631296-1536014550107684864,30.095000000000255,,,,
847116116999274496,1778164350000-632578958264631296-847116116999274496,1778164350000,1778168590000,1,29.654,11.686,2.537566318671915,632578958264631296,1778164350000,847116116999274496,RJ47GA3311,4240000,1778168590000,30.851222013121422,29.654,1.1499999999996362,11.686068944364175,2.537551347778176,11.686068944364175,1778164350000-632578958264631296-847116116999274496,,,,,
1482772108667781120,1778124209000-632578958264631296-1482772108667781120,1778124209000,1778128901000,1,29.625,11.974,2.4741105729079673,632578958264631296,1778124209000,1482772108667781120,NL01AK3101,4692000,1778128901000,31.610334983113756,29.625,1.2000000000000455,11.973611736027937,2.4741907999956276,11.973611736027937,1778124209000-632578958264631296-1482772108667781120,29.625,,,,
1067774753596506112,1778135481000-632578958264631296-1067774753596506112,1778135481000,1778138744000,1,29.586,5.986,4.9425325760106915,632578958264631296,1778135481000,1067774753596506112,RJ47GA6417,3263000,1778138744000,15.802557039247288,29.586,0.9000000000005457,5.985817060320942,4.9426836306309845,5.985817060320942,1778135481000-632578958264631296-1067774753596506112,29.5,,,,
1175796546902425600,1778121398000-632578958264631296-1175796546902425600,1778121398000,1778124307000,1,29.571,10.77,2.745682451253482,632578958264631296,1778121398000,1175796546902425600,RJ47GA6338,2909000,1778124307000,28.43393267203701,29.571,0.8000000000001819,10.770429042438261,2.7455730763818837,10.770429042438261,1778121398000-632578958264631296-1175796546902425600,30.70000000001164,,,,
1294704486559776768,1778112789000-632578958264631296-1294704486559776768,1778112789000,1778116713000,1,29.534,12.957,2.2793856602608624,632578958264631296,1778112789000,1294704486559776768,NL01AH7659,3924000,1778116713000,34.20618481398835,29.534,1.050000000000182,12.9568881871168,2.2794053304686255,12.9568881871168,1778112789000-632578958264631296-1294704486559776768,29.625,,,,
1093088075828953088,1778169893000-632578958264631296-1093088075828953088,1778169893000,1778174412000,1,29.495,14.19,2.078576462297393,632578958264631296,1778169893000,1093088075828953088,RJ47GA5975,4519000,1778174412000,37.46046089668468,29.495,1.25,14.18956852147147,2.078639667962317,14.18956852147147,1778169893000-632578958264631296-1093088075828953088,31.494999999995343,,,,
1536014550107684864,1778166474000-632578958264631296-1536014550107684864,1778166474000,1778169437000,1,29.447,6.965,4.227853553481694,632578958264631296,1778166474000,1536014550107684864,NL01AK9195,2963000,1778169437000,18.38667049721411,29.447,0.75,6.964647915611405,4.228067284491716,6.964647915611405,1778166474000-632578958264631296-1536014550107684864,29.859999999999673,,,,
1083726698509238272,1778120030000-632578958264631296-1083726698509238272,1778120030000,1778122675000,1,29.439,8.646,3.404927133934767,632578958264631296,1778120030000,1083726698509238272,RJ47GA6387,2645000,1778122675000,22.82463319462644,29.439,0.6999999999998181,8.645694391903954,3.4050474913348108,8.645694391903954,1778120030000-632578958264631296-1083726698509238272,30.89999999999418,,,,
1094588896550846464,1778124474000-632578958264631296-1094588896550846464,1778124474000,1778127078000,1,29.416,6.442,4.566283762806582,632578958264631296,1778124474000,1094588896550846464,RJ47GA5976,2604000,1778127078000,17.008169484541128,29.416,0.7000000000007276,6.442488441114063,4.56593756727226,6.4424884411140635,1778124474000-632578958264631296-1094588896550846464,30.145000000018626,,,,
1464286808345935872,1778160565000-632578958264631296-1464286808345935872,1778160565000,1778164050000,1,29.389,9.0,3.2654444444444444,632578958264631296,1778160565000,1464286808345935872,NL01AK1960,3485000,1778164050000,23.76,29.389,0.9500000000000455,9.0,3.2654444444444444,9.0,1778160565000-632578958264631296-1464286808345935872,29.375,,,,
1082330521322651648,1778135310000-632578958264631296-1082330521322651648,1778135310000,1778139630000,1,29.37,15.911,1.845892778580856,632578958264631296,1778135310000,1082330521322651648,RJ47GA5907,4320000,1778139630000,42.00620263744934,29.37,1.199999999999818,15.911440392973235,1.8458416884099504,15.911440392973235,1778135310000-632578958264631296-1082330521322651648,31.0,,,,
1152269748554170368,1778126957000-632578958264631296-1152269748554170368,1778126957000,1778129770000,1,29.348,10.806,2.7158985748658155,632578958264631296,1778126957000,1152269748554170368,RJ14GQ0814,2813000,1778129770000,28.52663837343932,29.348,0.75,10.805544838423984,2.7160129765636585,10.805544838423984,1778126957000-632578958264631296-1152269748554170368,29.70000000001164,,,,
1083778254826897408,1778131387000-632578958264631296-1083778254826897408,1778131387000,1778133755000,1,29.148,6.176,4.719559585492227,632578958264631296,1778131387000,1083778254826897408,RJ47GA3529,2368000,1778133755000,16.30464698401808,29.148,0.6000000000003638,6.176002645461394,4.7195575638913,6.176002645461394,1778131387000-632578958264631296-1083778254826897408,28.125,,,,
1067767771279917056,1778135332000-632578958264631296-1067767771279917056,1778135332000,1778137775000,1,29.112,9.371,3.106605485006936,632578958264631296,1778135332000,1067767771279917056,RJ47GA6234,2443000,1778137775000,24.739538617462056,29.112,0.6499999999996362,9.371037355099263,3.1065931013665913,9.371037355099263,1778135332000-632578958264631296-1067767771279917056,30.29999999998836,,,,
1545824482457812992,1778151391000-632578958264631296-1545824482457812992,1778151391000,1778154026000,1,29.101,9.892,2.941872219975738,632578958264631296,1778151391000,1545824482457812992,NL01AK8869,2635000,1778154026000,26.11438273861774,29.101,0.700000000000017,9.89181164341581,2.9419282381271596,9.89181164341581,1778151391000-632578958264631296-1545824482457812992,29.910000000000764,,,,
786246735176400896,1778135012000-632578958264631296-786246735176400896,1778135012000,1778138514000,1,29.035,8.064,3.6005704365079363,632578958264631296,1778135012000,786246735176400896,RJ47GA3340,3502000,1778138514000,21.28780241928786,29.035,0.8999999999996362,8.063561522457523,3.600766227074192,8.063561522457523,1778135012000-632578958264631296-786246735176400896,32.34999999997672,['900758004226326541'],,900758004226326541,
1067765247101632512,1778107444000-632578958264631296-1067765247101632512,1778107444000,1778112326000,1,29.015,11.359,2.554362179769346,632578958264631296,1778107444000,1067765247101632512,RJ47GA6282,4882000,1778112326000,29.98892009618654,29.015,0.0,11.359439430373689,2.554263366413804,11.359439430373689,1778107444000-632578958264631296-1067765247101632512,30.70000000001164,,,,
1398705978894974976,1778136572000-632578958264631296-1398705978894974976,1778136572000,1778139987000,1,29.01,6.776,4.281286894923259,632578958264631296,1778136572000,1398705978894974976,NL01AH7651,3415000,1778139987000,17.88792145524674,29.01,0.8499999999994543,6.775727823957098,4.281458871094065,6.775727823957098,1778136572000-632578958264631296-1398705978894974976,30.619999999995343,,,,
1464286808345935872,1778143572000-632578958264631296-1464286808345935872,1778143572000,1778146087000,1,28.977,6.157,4.706350495371122,632578958264631296,1778143572000,1464286808345935872,NL01AK1960,2515000,1778146087000,16.254594693147652,28.977,0.650000000000091,6.157043444374111,4.706317287151387,6.1570434443741116,1778143572000-632578958264631296-1464286808345935872,29.375,,,,
1050766698002513920,1778119661000-632578958264631296-1050766698002513920,1778119661000,1778122282000,1,28.739,9.573,3.002089209234305,632578958264631296,1778119661000,1050766698002513920,RJ47GA3882,2621000,1778122282000,25.272082704578512,28.739,0.6999999999989086,9.572758600219133,3.002164914024065,9.572758600219133,1778119661000-632578958264631296-1050766698002513920,29.375,,,,
932612842287267840,1778121912000-632578958264631296-932612842287267840,1778121912000,1778126766000,1,28.67,11.052,2.5941006152732538,632578958264631296,1778121912000,932612842287267840,RJ47GA4652,4854000,1778126766000,29.177961631885076,28.67,1.300000000000182,11.052258193895861,2.594040013997717,11.052258193895861,1778121912000-632578958264631296-932612842287267840,29.39999999999418,,,,
1535695002116554752,1778116933000-632578958264631296-1535695002116554752,1778116933000,1778119285000,1,28.613,9.473,3.0204792568352157,632578958264631296,1778116933000,1535695002116554752,NL01AK7895,2352000,1778119285000,25.00945984877324,28.613,0.5999999999999943,9.47328024574744,3.0203899027313574,9.47328024574744,1778116933000-632578958264631296-1535695002116554752,28.8149999999996,,,,
970288452387995648,1778145407000-632578958264631296-970288452387995648,1778145407000,1778147487000,1,28.544,6.806,4.193946517778431,632578958264631296,1778145407000,970288452387995648,RJ47GA3399,2080000,1778147487000,17.969042633007433,28.544,0.5,6.806455542805846,4.193665825110674,6.806455542805846,1778145407000-632578958264631296-970288452387995648,18.5,,,,
1479447378401427456,1778141117000-632578958264631296-1479447378401427456,1778141117000,1778143855000,1,28.541,10.765,2.6512772875058057,632578958264631296,1778141117000,1479447378401427456,NL01AK3096,2738000,1778143855000,28.420415081785503,28.541,0.7000000000000455,10.765308743100569,2.6512012503395948,10.765308743100569,1778141117000-632578958264631296-1479447378401427456,28.75,,,,
961239466377216000,1778122712000-632578958264631296-961239466377216000,1778122712000,1778126255000,1,28.521,13.584,2.0996024734982335,632578958264631296,1778122712000,961239466377216000,RJ47GA2691,3543000,1778126255000,35.861199843013324,28.521,0.9499999999989086,13.583787819323227,2.099635269584252,13.583787819323227,1778122712000-632578958264631296-961239466377216000,30.0,,,,
1536014535985463296,1778166170000-632578958264631296-1536014535985463296,1778166170000,1778168905000,1,28.413,10.913,2.6035920461834507,632578958264631296,1778166170000,1536014535985463296,NL01AK8375,2735000,1778168905000,28.81103994607392,28.413,0.75,10.91327270684618,2.603526986196889,10.913272706846179,1778166170000-632578958264631296-1536014535985463296,29.174999999999272,,,,
1060579746913452032,1778118566000-632578958264631296-1060579746913452032,1778118566000,1778122250000,1,28.331,13.965,2.0287146437522376,632578958264631296,1778118566000,1060579746913452032,RJ47GA3879,3684000,1778122250000,36.86643049632254,28.331,0.9500000000007276,13.96455700618278,2.0287790001112462,13.96455700618278,1778118566000-632578958264631296-1060579746913452032,28.5,,,,
1079095062366781440,1778118355000-632578958264631296-1079095062366781440,1778118355000,1778122694000,1,28.322,14.576,1.9430570801317233,632578958264631296,1778118355000,1079095062366781440,RJ47GA3439,4339000,1778122694000,38.48151698505381,28.322,1.1999999999989086,14.57633219130826,1.9430127983010814,14.57633219130826,1778118355000-632578958264631296-1079095062366781440,27.75,,,,
870309644059279360,1778172937000-632578958264631296-870309644059279360,1778172937000,1778176198000,1,28.318,9.275,3.0531536388140164,632578958264631296,1778172937000,870309644059279360,RJ47GA4518,3261000,1778176198000,24.485396914308627,28.318,0.9000000000014552,9.274771558450237,3.0532288392806284,9.274771558450237,1778172937000-632578958264631296-870309644059279360,29.399999999965075,,,,0.18399999999999608
860147487929794560,1778109889000-632578958264631296-860147487929794560,1778109889000,1778113425000,1,28.244,12.09,2.3361455748552524,632578958264631296,1778109889000,860147487929794560,RJ47GA4003,3536000,1778113425000,31.916571281529386,28.244,0.9500000000007276,12.089610333912646,2.336220872294996,12.089610333912646,1778109889000-632578958264631296-860147487929794560,19.75,,,,
942469061864849408,1778158035000-632578958264631296-942469061864849408,1778158035000,1778160648000,1,28.222,10.997,2.5663362735291444,632578958264631296,1778158035000,942469061864849408,RJ47GA3637,2613000,1778160648000,29.031613462759644,28.222,0.7000000000007276,10.99682328134835,2.566377514483403,10.99682328134835,1778158035000-632578958264631296-942469061864849408,25.25,,,,
1467925946630668288,1778116432000-632578958264631296-1467925946630668288,1778116432000,1778119313000,1,28.2,6.918,4.076322636600174,632578958264631296,1778116432000,1467925946630668288,RJ47GA5320,2881000,1778119313000,18.26238664062691,28.20000000001164,0.75,6.917570697207163,4.07657561221555,6.917570697207163,1778116432000-632578958264631296-1467925946630668288,28.20000000001164,,,,
1144224275478085632,1778111752000-632578958264631296-1144224275478085632,1778111752000,1778116130000,1,28.169,8.543,3.2973194428186825,632578958264631296,1778111752000,1144224275478085632,NL01AG9586,4378000,1778116130000,22.55325985615418,28.169,0.5499999999992724,8.542901460664462,3.2973574762278757,8.542901460664462,1778111752000-632578958264631296-1144224275478085632,28.5,,,,
1050036776183267328,1778104010000-632578958264631296-1050036776183267328,1778104010000,1778106859000,1,28.078,5.633,4.984555299130126,632578958264631296,1778104010000,1050036776183267328,RJ47GA5832,2849000,1778106859000,14.870890661206671,28.078,0.75,5.632913129244951,4.984632170914313,5.632913129244951,1778104010000-632578958264631296-1050036776183267328,29.79999999998836,,,,
1141991039255445504,1778143315000-632578958264631296-1141991039255445504,1778143315000,1778146234000,1,28.067,12.837,2.1864142712471764,632578958264631296,1778143315000,1141991039255445504,RJ47GA6283,2919000,1778146234000,33.88895561770389,28.067,0.7999999999992724,12.836725612766626,2.1864610062309247,12.836725612766626,1778143315000-632578958264631296-1141991039255445504,29.89999999999418,,,,
1396881382210273280,1778143372000-632578958264631296-1396881382210273280,1778143372000,1778146223000,1,28.059,12.942,2.1680574872508114,632578958264631296,1778143372000,1396881382210273280,NL01AJ6927,2851000,1778146223000,34.166881333653635,28.059,0.75,12.94200050517183,2.168057402623897,12.94200050517183,1778143372000-632578958264631296-1396881382210273280,29.75,,,,
1389243774684626944,1778104028000-632578958264631296-1389243774684626944,1778104028000,1778106915000,1,28.055,4.953,5.664243892590349,632578958264631296,1778104028000,1389243774684626944,NL01AJ6143,2887000,1778106915000,13.075962610366815,28.055,0.75,4.95301614029046,5.664225434636837,4.185157845878236,1778104028000-632578958264631296-1389243774684626944,28.75,,,,
944589988106862592,1778164751000-632578958264631296-944589988106862592,1778164751000,1778167418000,1,27.996,9.487,2.950985559186255,632578958264631296,1778164751000,944589988106862592,RJ47GA2625,2667000,1778167418000,25.044996266783986,27.996,0.75,9.48674101014545,2.9510661216597045,9.48674101014545,1778164751000-632578958264631296-944589988106862592,29.875,,,,
780067386190462976,1778142138000-632578958264631296-780067386190462976,1778142138000,1778146111000,1,27.94,13.794,2.025518341307815,632578958264631296,1778142138000,780067386190462976,RJ47GA2450,3973000,1778146111000,36.417326147288435,27.94,1.0499999999992724,13.794441722457739,2.025453480622771,13.794441722457739,1778142138000-632578958264631296-780067386190462976,32.02000000001863,,,,
1182027923075366912,1778178467000-632578958264631296-1182027923075366912,1778178467000,1778181666000,1,27.927,12.072,2.3133697813121272,632578958264631296,1778178467000,1182027923075366912,RJ47GA6389,3199000,1778181666000,31.86946634246836,27.927,0.9000000000005457,12.071767553965287,2.313414326042639,12.071767553965286,1778178467000-632578958264631296-1182027923075366912,29.39999999999418,,,,
1094226778622263296,1778178398000-632578958264631296-1094226778622263296,1778178398000,1778181650000,1,27.867,12.348,2.256802721088435,632578958264631296,1778178398000,1094226778622263296,RJ47GA6284,3252000,1778181650000,32.598345125199636,27.867,0.8499999999994543,12.347858001969557,2.256828673892674,12.347858001969557,1778178398000-632578958264631296-1094226778622263296,29.70000000001164,,,,
1131239834900234240,1778156765000-632578958264631296-1131239834900234240,1778156765000,1778159628000,1,27.799,8.806,3.15682489211901,632578958264631296,1778156765000,1131239834900234240,RJ47GA6181,2863000,1778159628000,23.246799829096044,27.799,0.75,8.805605995869714,3.1569661432772684,8.805605995869714,1778156765000-632578958264631296-1131239834900234240,29.20000000001164,,,,
1083726345994764288,1778126527000-632578958264631296-1083726345994764288,1778126527000,1778129067000,1,27.708,8.671,3.1954791834851806,632578958264631296,1778126527000,1083726345994764288,RJ47GA6212,2540000,1778129067000,22.89265887705287,27.708,0.6499999999996362,8.67146169585336,3.195309046138069,8.67146169585336,1778126527000-632578958264631296-1083726345994764288,29.099999999976717,,,,
1067765309810671616,1778134879000-632578958264631296-1067765309810671616,1778134879000,1778137774000,1,27.65,15.055,1.8365991364995018,632578958264631296,1778134879000,1067765309810671616,RJ47GA6287,2895000,1778137774000,39.74640696187025,27.65,0.75,15.055457182526608,1.836543365291533,15.055457182526608,1778134879000-632578958264631296-1067765309810671616,27.699999999982538,,,,
926866983197081600,1778162112000-632578958264631296-926866983197081600,1778162112000,1778165379000,1,27.601,8.469,3.2590624631007206,632578958264631296,1778162112000,926866983197081600,RJ47GA3435,3267000,1778165379000,22.35793982535376,27.601,0.8500000000003638,8.468916600512788,3.259094557422938,8.468916600512788,1778162112000-632578958264631296-926866983197081600,28.0,,,,
939140294748667904,1778147337000-632578958264631296-939140294748667904,1778147337000,1778150849000,1,27.585,12.224,2.2566263089005236,632578958264631296,1778147337000,939140294748667904,RJ47GA3481,3512000,1778150849000,32.27044611405973,27.585,0.9500000000007276,12.22365383108323,2.2566902156419695,12.22365383108323,1778147337000-632578958264631296-939140294748667904,28.25,,,,
1065321017443876864,1778164514000-632578958264631296-1065321017443876864,1778164514000,1778167437000,1,27.46,9.6,2.860416666666667,632578958264631296,1778164514000,1065321017443876864,RJ47GA2745,2923000,1778167437000,25.34466570941126,27.46,0.8000000000010914,9.60025216265578,2.8603415342377385,9.60025216265578,1778164514000-632578958264631296-1065321017443876864,29.25,,,,
1068875501654769664,1778125624000-632578958264631296-1068875501654769664,1778125624000,1778128386000,1,27.459,6.417,4.2791023842917255,632578958264631296,1778125624000,1068875501654769664,RJ47GA3881,2762000,1778128386000,16.941178401845548,27.459,0.75,6.417113031002101,4.279027012200217,6.417113031002102,1778125624000-632578958264631296-1068875501654769664,27.625,,,,
946025653910634496,1778125134000-632578958264631296-946025653910634496,1778125134000,1778128498000,1,27.459,12.574,2.183791951646254,632578958264631296,1778125134000,946025653910634496,RJ47GA3361,3364000,1778128498000,33.19656509117792,27.459,0.8999999999996362,12.574456473931031,2.183712676323397,12.574456473931031,1778125134000-632578958264631296-946025653910634496,29.25,,,,
944573640047853568,1778144255000-632578958264631296-944573640047853568,1778144255000,1778148576000,1,27.457,10.531,2.607254771626626,632578958264631296,1778144255000,944573640047853568,RJ47GA4654,4321000,1778148576000,27.801782470990183,27.457,0.0,10.530978208708403,2.60726016670464,10.530978208708403,1778144255000-632578958264631296-944573640047853568,28.25,,,,
1067765309810671616,1778162566000-632578958264631296-1067765309810671616,1778162566000,1778165665000,1,27.416,11.411,2.402593988256945,632578958264631296,1778162566000,1067765309810671616,RJ47GA6287,3099000,1778165665000,30.12437913838121,27.416,0.8500000000003638,11.410749673629246,2.402646695804712,11.410749673629246,1778162566000-632578958264631296-1067765309810671616,28.20000000001164,,,,
947452563299500032,1778128239000-632578958264631296-947452563299500032,1778128239000,1778130845000,1,27.41,7.927,3.457802447331904,632578958264631296,1778128239000,947452563299500032,RJ47GA2721,2606000,1778130845000,20.927578288288295,27.41,0.7000000000007276,7.92711298798799,3.4577531620319486,7.92711298798799,1778128239000-632578958264631296-947452563299500032,26.5,,,,
1071826388769570816,1778137045000-632578958264631296-1071826388769570816,1778137045000,1778139513000,1,27.404,5.08,5.394488188976378,632578958264631296,1778137045000,1071826388769570816,RJ47GA5528,2468000,1778139513000,13.411624998086252,27.404,0.6000000000003638,5.08016098412358,5.394317244205931,4.191089140793375,1778137045000-632578958264631296-1071826388769570816,28.60000000000582,,,,
1067765309810671616,1778115647000-632578958264631296-1067765309810671616,1778115647000,1778118552000,1,27.388,11.001,2.4895918552858833,632578958264631296,1778115647000,1067765309810671616,RJ47GA6287,2905000,1778118552000,29.043042754565175,27.388,0.8000000000001819,11.001152558547414,2.489557330856277,11.001152558547414,1778115647000-632578958264631296-1067765309810671616,29.0,,,,
1363836271826305024,1778121449000-632578958264631296-1363836271826305024,1778121449000,1778124556000,1,27.291,11.132,2.4515810276679844,632578958264631296,1778121449000,1363836271826305024,NL01AJ4205,3107000,1778124556000,29.387305947456184,27.291,0.8000000000001819,11.131555283127343,2.4516789708053053,11.131555283127343,1778121449000-632578958264631296-1363836271826305024,28.125,,,,
1067765061260410880,1778163392000-632578958264631296-1067765061260410880,1778163392000,1778166399000,1,27.285,10.69,2.5523854069223573,632578958264631296,1778163392000,1067765061260410880,RJ47GA6230,3007000,1778166399000,28.220927855934256,27.285,0.7999999999992724,10.689745399975097,2.5524461976487824,10.689745399975097,1778163392000-632578958264631296-1067765061260410880,29.0,,,,
939546232131420160,1778142557000-632578958264631296-939546232131420160,1778142557000,1778148816000,1,27.229,17.262,1.5773954350596686,632578958264631296,1778142557000,939546232131420160,RJ14GN1567,6259000,1778148816000,45.57291603578296,27.229,1.7000000000007276,17.262468195372332,1.5773526526930526,17.262468195372332,1778142557000-632578958264631296-939546232131420160,28.0,,,,
1467925946630668288,1778156674000-632578958264631296-1467925946630668288,1778156674000,1778159669000,1,27.14,6.088,4.457950065703022,632578958264631296,1778156674000,1467925946630668288,RJ47GA5320,2995000,1778159669000,16.073107075952127,27.14,0.188285,6.088298134830351,4.457731766572934,4.794963851511691,1778156674000-632578958264631296-1467925946630668288,20.824999999982538,,,,
780085706063085568,1778154463000-632578958264631296-780085706063085568,1778154463000,1778157960000,1,27.119,8.507,3.1878453038674035,632578958264631296,1778154463000,780085706063085568,RJ47GA3335,3497000,1778157960000,22.458614888368114,27.119,0.9500000000007276,8.50705109407883,3.1878261573949707,8.50705109407883,1778154463000-632578958264631296-780085706063085568,29.720000000030268,['900758004226326531'],,900758004226326531,
866245317551456256,1778175057000-632578958264631296-866245317551456256,1778175057000,1778178973000,1,27.055,8.706,3.107626923960487,632578958264631296,1778175057000,866245317551456256,RJ47GA4410,3916000,1778178973000,22.983056973021164,27.055,1.1000000000003638,8.705703398871652,3.107732800029301,8.705703398871652,1778175057000-632578958264631296-866245317551456256,28.099999999976717,['900758004234715150'],,900758004234715150,1.3473602640824354
1050035941135089664,1778158900000-632578958264631296-1050035941135089664,1778158900000,1778161411000,1,27.023,8.651,3.123685123107155,632578958264631296,1778158900000,1050035941135089664,RJ47GA5558,2511000,1778161411000,22.83995705251873,27.023,0.6499999999996362,8.651498883529822,3.1235049976651657,8.651498883529822,1778158900000-632578958264631296-1050035941135089664,28.79999999998836,,,,
947091862986948608,1778145978000-632578958264631296-947091862986948608,1778145978000,1778148633000,1,27.012,5.585,4.836526410026858,632578958264631296,1778145978000,947091862986948608,RJ47GA3376,2655000,1778148633000,14.744202104402916,27.012,0.75,5.584925039546559,4.836591325528894,5.584925039546558,1778145978000-632578958264631296-947091862986948608,29.125,,,,
1464286808345935872,1778139333000-632578958264631296-1464286808345935872,1778139333000,1778142057000,1,26.984,5.391,5.005379335930255,632578958264631296,1778139333000,1464286808345935872,NL01AK1960,2724000,1778142057000,14.232520874144042,26.984,0.75,5.391106391721228,5.005280556406303,5.391106391721228,1778139333000-632578958264631296-1464286808345935872,26.375,,,,
1536014529144553472,1778175069000-632578958264631296-1536014529144553472,1778175069000,1778177519000,1,26.944,8.471,3.1807342698618815,632578958264631296,1778175069000,1536014529144553472,NL01AK8376,2450000,1778177519000,22.363158185982623,26.944,0.6499999999999773,8.470893252266144,3.180774352550353,8.470893252266144,1778175069000-632578958264631296-1536014529144553472,26.735000000000582,,,,
1526262198169501696,1778124893000-632578958264631296-1526262198169501696,1778124893000,1778127497000,1,26.875,7.777,3.4557027131284554,632578958264631296,1778124893000,1526262198169501696,NL01AK6561,2604000,1778127497000,20.529979523466608,26.875,0.6999999999999886,7.776507395252502,3.4559216154551566,7.776507395252502,1778124893000-632578958264631296-1526262198169501696,26.875,,,,
1076924285072703488,1778160773000-632578958264631296-1076924285072703488,1778160773000,1778164520000,1,26.866,12.925,2.0786073500967115,632578958264631296,1778160773000,1076924285072703488,RJ47GA3476,3747000,1778164520000,34.12070106144168,26.866,1.0,12.924507977818816,2.078686480453084,12.924507977818818,1778160773000-632578958264631296-1076924285072703488,27.75,,,,
952249131684855808,1778132268000-632578958264631296-952249131684855808,1778132268000,1778135041000,1,26.78,8.478,3.1587638594008025,632578958264631296,1778132268000,952249131684855808,RJ47GA1379,2773000,1778135041000,22.38316324756493,26.78,0.0,8.478470927107928,3.158588409423828,0.001,1778132268000-632578958264631296-952249131684855808,,,,,
863411203819438080,1778118654000-632578958264631296-863411203819438080,1778118654000,1778121803000,1,26.762,10.369,2.5809624843282863,632578958264631296,1778118654000,863411203819438080,RJ47GA4438,3149000,1778121803000,27.37476832947627,26.762,0.8000000000001819,10.369230427831921,2.580905129484677,10.369230427831921,1778118654000-632578958264631296-863411203819438080,27.89999999999418,['829378564599054336'],,829378564599054336,0.18399999999999936
1464286808345935872,1778164052000-632578958264631296-1464286808345935872,1778164052000,1778167407000,1,26.724,7.985,3.3467752035065748,632578958264631296,1778164052000,1464286808345935872,NL01AK1960,3355000,1778167407000,21.08140055943916,26.724,0.900000000000091,7.98537899978756,3.3466163598134733,7.98537899978756,1778164052000-632578958264631296-1464286808345935872,26.875,,,,
1299087047838924800,1778153529000-632578958264631296-1299087047838924800,1778153529000,1778156171000,1,26.701,9.473,2.81864245751082,632578958264631296,1778153529000,1299087047838924800,RJ47GA6395,2642000,1778156171000,25.00891597097357,26.701,0.0,9.473074231429383,2.818620370503643,9.473074231429383,1778153529000-632578958264631296-1299087047838924800,27.70000000001164,,,,
951882940915122176,1778124315000-632578958264631296-951882940915122176,1778124315000,1778127497000,1,26.681,5.858,4.5546261522704,632578958264631296,1778124315000,951882940915122176,RJ47GA3386,3182000,1778127497000,15.4662424182848,26.681,0.849999999999909,5.858425158441212,4.554295613311067,5.858425158441212,1778124315000-632578958264631296-951882940915122176,27.75,,,,
1083727144086929408,1778138790000-632578958264631296-1083727144086929408,1778138790000,1778142083000,1,26.677,5.272,5.060128983308042,632578958264631296,1778138790000,1083727144086929408,RJ47GA6319,3293000,1778142083000,13.917034564564558,26.677,0.8999999999996362,5.271604001728999,5.060509095761059,5.271604001728999,1778138790000-632578958264631296-1083727144086929408,27.79999999998836,,,,
1389244302743306240,1778127709000-632578958264631296-1389244302743306240,1778127709000,1778131519000,1,26.573,7.528,3.5298884165781086,632578958264631296,1778127709000,1389244302743306240,NL01AJ6144,3810000,1778131519000,19.874017491961382,26.573,1.050000000000182,7.5280369287732505,3.5298711007160626,7.5280369287732505,1778127709000-632578958264631296-1389244302743306240,27.375,,,,
1113484110199783424,1778138922000-632578958264631296-1113484110199783424,1778138922000,1778142062000,1,26.535,5.238,5.065864833906071,632578958264631296,1778138922000,1113484110199783424,RJ47GA3920,3140000,1778142062000,13.827861463784506,26.535,0.8500000000003638,5.237826312039585,5.066032819570031,5.237826312039585,1778138922000-632578958264631296-1113484110199783424,26.5,,,,
1050035941135089664,1778127800000-632578958264631296-1050035941135089664,1778127800000,1778130510000,1,26.531,9.854,2.692409173939517,632578958264631296,1778127800000,1050035941135089664,RJ47GA5558,2710000,1778130510000,26.015783217707707,26.531,0.7020833333331514,9.854463340040798,2.692282581457161,9.83876319454,1778127800000-632578958264631296-1050035941135089664,28.20000000001164,,,,
1536014529144553472,1778127788000-632578958264631296-1536014529144553472,1778127788000,1778130154000,1,26.528,9.006,2.945591827670442,632578958264631296,1778127788000,1536014529144553472,NL01AK8376,2366000,1778130154000,23.775456136496587,26.528,0.6499999999999773,9.005854597157798,2.945639385336301,9.005854597157798,1778127788000-632578958264631296-1536014529144553472,27.19499999999971,,,,
1385588586753032192,1778162610000-632578958264631296-1385588586753032192,1778162610000,1778165441000,1,26.525,11.159,2.377005107984586,632578958264631296,1778162610000,1385588586753032192,NL01AJ5698,2831000,1778165441000,29.459715284622042,26.525,0.75,11.158983062356834,2.377008715917684,11.158983062356834,1778162610000-632578958264631296-1385588586753032192,27.5,,,,
862693652038680576,1778151663000-632578958264631296-862693652038680576,1778151663000,1778153563000,1,26.525,7.129,3.720718193294992,632578958264631296,1778151663000,862693652038680576,RJ47GA4378,1900000,1778153563000,18.821213378511626,26.525,0.5,7.129247491860464,3.7205890285452803,7.129247491860464,1778151663000-632578958264631296-862693652038680576,27.20000000001164,['900758004234715138'],,900758004234715138,0.18399999999999608
1361380561528029184,1778118626000-632578958264631296-1361380561528029184,1778118626000,1778121337000,1,26.481,11.815,2.241303427845959,632578958264631296,1778118626000,1361380561528029184,NL01AJ4177,2711000,1778121337000,31.191265951541045,26.481,0.6999999999998181,11.81487346649282,2.2413274314871474,11.81487346649282,1778118626000-632578958264631296-1361380561528029184,28.125,,,,
1073994678560358400,1778169079000-632578958264631296-1073994678560358400,1778169079000,1778172058000,1,26.409,11.043,2.39146970931812,632578958264631296,1778169079000,1073994678560358400,RJ47GA5628,2979000,1778172058000,29.154824806252563,26.409,0.75,11.043494244792637,2.39136268056215,11.043494244792637,1778169079000-632578958264631296-1073994678560358400,27.800000000046566,,,,
944573988506435584,1778134341000-632578958264631296-944573988506435584,1778134341000,1778136615000,1,26.404,6.22,4.245016077170418,632578958264631296,1778134341000,944573988506435584,RJ47GA3719,2274000,1778136615000,16.421792261050992,26.404,0.6000000000003638,6.220375856458709,4.244759578729368,6.220375856458709,1778134341000-632578958264631296-944573988506435584,28.625,,,,
876044057397166080,1778118742000-632578958264631296-876044057397166080,1778118742000,1778121478000,1,26.389,10.556,2.4999052671466466,632578958264631296,1778118742000,876044057397166080,RJ14GN1573,2736000,1778121478000,27.868629648656643,26.389,0.7000000000007276,10.556299109339637,2.499834433135042,10.556299109339637,1778118742000-632578958264631296-876044057397166080,27.600000000034925,,,,0.0
1506655599683698688,1778130066000-632578958264631296-1506655599683698688,1778130066000,1778132974000,1,26.379,11.171,2.3613821502103662,632578958264631296,1778130066000,1506655599683698688,RJ47GA8529,2908000,1778132974000,29.491511369483465,26.379,0.75,11.171027033895252,2.3613764356634848,11.171027033895252,1778130066000-632578958264631296-1506655599683698688,27.854999999999563,,,,
893821287409909760,1778139338000-632578958264631296-893821287409909760,1778139338000,1778141797000,1,26.362,8.363,3.1522181035513572,632578958264631296,1778139338000,893821287409909760,Rj14GH7541,2459000,1778141797000,22.07837510775922,26.362,0.0,8.36302087415122,3.152210235595703,0.001,1778139338000-632578958264631296-893821287409909760,,['900758004238909441'],,900758004238909441,
1094955908762435584,1778175008000-632578958264631296-1094955908762435584,1778175008000,1778179933000,1,26.289,9.804,2.6814565483476134,632578958264631296,1778175008000,1094955908762435584,RJ47GA5970,4925000,1778179933000,25.883720668320475,26.289,1.300000000000182,9.804439647091089,2.6813363074553447,9.804439647091089,1778175008000-632578958264631296-1094955908762435584,27.05999999999767,,,,
1083726423769743360,1778117992000-632578958264631296-1083726423769743360,1778117992000,1778122173000,1,26.286,14.0,1.8775714285714287,632578958264631296,1778117992000,1083726423769743360,RJ47GA6331,4181000,1778122173000,36.96,26.286,1.0999999999994543,14.0,1.8775714285714287,14.0,1778117992000-632578958264631296-1083726423769743360,27.79999999998836,,,,
1499777554695847936,1778132233000-632578958264631296-1499777554695847936,1778132233000,1778136270000,1,26.154,6.973,3.7507529040585115,632578958264631296,1778132233000,1499777554695847936,NL01AK3108,4037000,1778136270000,18.407716563097402,26.154,1.1000000000000227,6.972619910264167,3.7509573641752,6.972619910264167,1778132233000-632578958264631296-1499777554695847936,27.25,,,,
1083727144086929408,1778142960000-632578958264631296-1083727144086929408,1778142960000,1778145379000,1,26.119,5.07,5.151676528599605,632578958264631296,1778142960000,1083727144086929408,RJ47GA6319,2419000,1778145379000,13.38440092850236,26.119,0.6500000000005457,5.069848836553924,5.151830131833594,5.069848836553924,1778142960000-632578958264631296-1083727144086929408,27.20000000001164,,,,
1097510484225032192,1778146808000-632578958264631296-1097510484225032192,1778146808000,1778149890000,1,26.097,12.181,2.1424349396601268,632578958264631296,1778146808000,1097510484225032192,RJ47GA3830,3082000,1778149890000,32.1580140103348,26.097,0.8000000000010914,12.181065913005606,2.1424233467234166,12.181065913005607,1778146808000-632578958264631296-1097510484225032192,28.5,,,,
1064532839803912192,1778144576000-632578958264631296-1064532839803912192,1778144576000,1778146770000,1,26.086,9.485,2.750237216657881,632578958264631296,1778144576000,1064532839803912192,RJ47GA3903,2194000,1778146770000,25.039190616415706,26.086,0.5499999999992724,9.484541900157463,2.7503700520914895,9.484541900157463,1778144576000-632578958264631296-1064532839803912192,26.75,,,,
1073664045493518336,1778123313000-632578958264631296-1073664045493518336,1778123313000,1778125907000,1,26.081,7.211,3.6168353903758144,632578958264631296,1778123313000,1073664045493518336,RJ47GA5839,2594000,1778125907000,19.03791731931433,26.081,0.6999999999998181,7.2113323179220945,3.6166687167060267,7.2113323179220945,1778123313000-632578958264631296-1073664045493518336,26.699999999982538,,,,
943461119844941824,1778148119000-632578958264631296-943461119844941824,1778148119000,1778151877000,1,26.061,11.318,2.3026153030570775,632578958264631296,1778148119000,943461119844941824,RJ47GA3779,3758000,1778151877000,29.878595963486507,26.061,1.0,11.317649986169132,2.30268651458988,11.317649986169132,1778148119000-632578958264631296-943461119844941824,26.875,,,,
1211786303754993664,1778143976000-632578958264631296-1211786303754993664,1778143976000,1778146390000,1,26.014,8.63,3.014368482039397,632578958264631296,1778143976000,1211786303754993664,RJ47GA6403,2414000,1778146390000,22.784059846048518,26.014,0.6500000000005457,8.630325699260801,3.014254722997086,8.630325699260801,1778143976000-632578958264631296-1211786303754993664,25.89999999999418,,,,
1468940686052032512,1778146700000-632578958264631296-1468940686052032512,1778146700000,1778149604000,1,25.946,7.354,3.5281479466956758,632578958264631296,1778146700000,1468940686052032512,RJ14GQ0824,2904000,1778149604000,19.414246204072697,25.946,0.75,7.353881137906324,3.5282049727807974,7.353881137906324,1778146700000-632578958264631296-1468940686052032512,26.5,,,,
1385304935976927232,1778146738000-632578958264631296-1385304935976927232,1778146738000,1778149251000,1,25.925,8.492,3.052873292510598,632578958264631296,1778146738000,1385304935976927232,NL01AJ5688,2513000,1778149251000,22.41777867533378,25.925,0.7000000000002728,8.491582831565825,3.0530232718956474,8.491582831565825,1778146738000-632578958264631296-1385304935976927232,27.75,,,,
1050035941135089664,1778151319000-632578958264631296-1050035941135089664,1778151319000,1778153400000,1,25.924,10.182,2.546061677470045,632578958264631296,1778151319000,1050035941135089664,RJ47GA5558,2081000,1778153400000,26.88024440555557,25.924,0.5500000000001819,10.18191075968014,2.5460839926684242,10.18191075968014,1778151319000-632578958264631296-1050035941135089664,27.199999999982538,,,,
1083727986517082112,1778178196000-632578958264631296-1083727986517082112,1778178196000,1778180395000,1,25.903,9.605,2.6968245705361786,632578958264631296,1778178196000,1083727986517082112,RJ47GA6315,2199000,1778180395000,25.356195291670186,25.903,0.5500000000001819,9.604619428662948,2.6969314289224195,9.604619428662948,1778178196000-632578958264631296-1083727986517082112,27.199999999982538,,,,
1505916014645215232,1778178216000-632578958264631296-1505916014645215232,1778178216000,1778180395000,1,25.898,9.049,2.8619736987512434,632578958264631296,1778178216000,1505916014645215232,RJ47GA8530,2179000,1778180395000,23.890148471312425,25.898,0.6000000000000227,9.049298663375918,2.861879242069189,9.049298663375918,1778178216000-632578958264631296-1505916014645215232,27.330000000001746,,,,
1536014535985463296,1778178228000-632578958264631296-1536014535985463296,1778178228000,1778180360000,1,25.874,9.049,2.859321471985855,632578958264631296,1778178228000,1536014535985463296,NL01AK8375,2132000,1778180360000,23.89057266776139,25.874,0.5500000000000114,9.04945934384901,2.85917633494721,9.04945934384901,1778178228000-632578958264631296-1536014535985463296,26.354999999999563,,,,
1176582451024101376,1778120835000-632578958264631296-1176582451024101376,1778120835000,1778123236000,1,25.869,8.611,3.0041806991057944,632578958264631296,1778120835000,1176582451024101376,RJ47GA6342,2401000,1778123236000,22.732469693460413,25.869,0.6500000000005457,8.610783974795611,3.004256067243173,8.610783974795611,1778120835000-632578958264631296-1176582451024101376,26.900000000023283,,,,
1299087047838924800,1778139694000-632578958264631296-1299087047838924800,1778139694000,1778143353000,1,25.866,11.412,2.2665615141955833,632578958264631296,1778139694000,1299087047838924800,RJ47GA6395,3659000,1778143353000,30.128226987777655,25.866,0.0,11.41220719234002,2.266520364032779,11.41220719234002,1778139694000-632578958264631296-1299087047838924800,26.79999999998836,,,,
862677666426257408,1778114483000-632578958264631296-862677666426257408,1778114483000,1778116703000,1,25.827,4.249,6.078371381501531,632578958264631296,1778114483000,862677666426257408,RJ47GA4393,2220000,1778116703000,11.217342182420214,25.827,0.5,4.248993250916747,6.078381036361416,4.248993250916747,1778114483000-632578958264631296-862677666426257408,26.399999999965075,['900758004234715142'],,900758004234715142,0.0
1067764977248501760,1778116628000-632578958264631296-1067764977248501760,1778116628000,1778119392000,1,25.821,7.545,3.4222664015904574,632578958264631296,1778116628000,1067764977248501760,RJ47GA5835,2764000,1778119392000,19.918154566015488,25.821,0.75,7.544755517430109,3.4223772977596947,7.544755517430109,1778116628000-632578958264631296-1067764977248501760,27.300000000017462,,,,
1094584849307533312,1778129988000-632578958264631296-1094584849307533312,1778129988000,1778132545000,1,25.799,7.237,3.5648749481829487,632578958264631296,1778129988000,1094584849307533312,RJ47GA5980,2557000,1778132545000,19.106030857373714,25.799,0.7000000000007276,7.237132900520346,3.5648094838972852,7.237132900520346,1778129988000-632578958264631296-1094584849307533312,26.829999999987194,,,,
1112389405491855360,1778130664000-632578958264631296-1112389405491855360,1778130664000,1778133549000,1,25.799,9.264,2.7848661485319517,632578958264631296,1778130664000,1112389405491855360,RJ47GA3734,2885000,1778133549000,24.45606198346883,25.799,0.75,9.263659842223042,2.784968407670817,9.263659842223042,1778130664000-632578958264631296-1112389405491855360,26.375,,,,
790970372676648960,1778118781000-632578958264631296-790970372676648960,1778118781000,1778121156000,1,25.788,5.544,4.651515151515152,632578958264631296,1778118781000,790970372676648960,RJ47GA3186,2375000,1778121156000,14.636418276917293,25.788,0.6000000000003638,5.544097832165641,4.651433070026952,5.544097832165642,1778118781000-632578958264631296-790970372676648960,24.89000000001397,['900758004222132226'],,900758004222132226,
809467481230934016,1778123292000-632578958264631296-809467481230934016,1778123292000,1778125785000,1,25.754,9.38,2.745628997867804,632578958264631296,1778123292000,809467481230934016,RJ47GA3181,2493000,1778125785000,24.76388971582241,25.754,0.6499999999996362,9.380261255993336,2.7455525274996986,9.380261255993336,1778123292000-632578958264631296-809467481230934016,28.669999999983702,['900758004217937927'],,900758004217937927,
1152269748554170368,1778152961000-632578958264631296-1152269748554170368,1778152961000,1778155962000,1,25.693,8.471,3.0330539487663795,632578958264631296,1778152961000,1152269748554170368,RJ14GQ0814,3001000,1778155962000,22.364186849275292,25.693,0.8000000000001819,8.471282897452761,3.032952660301978,8.471282897452761,1778152961000-632578958264631296-1152269748554170368,26.70000000001164,,,,
1268614873160351744,1778146028000-632578958264631296-1268614873160351744,1778146028000,1778148591000,1,25.613,10.074,2.5424856065118124,632578958264631296,1778146028000,1268614873160351744,RJ47GA5515,2563000,1778148591000,26.594354004986453,25.613,0.6499999999996362,10.073618941282747,2.5425817821076433,10.073618941282747,1778146028000-632578958264631296-1268614873160351744,26.70000000001164,,,,
1109445504082640896,1778141982000-632578958264631296-1109445504082640896,1778141982000,1778144385000,1,25.5,5.93,4.3001686340640815,632578958264631296,1778141982000,1109445504082640896,RJ47GA4865,2403000,1778144385000,15.656461454598071,25.5,0.6500000000005457,5.93047782371139,4.299822165769719,5.930477823711391,1778141982000-632578958264631296-1109445504082640896,25.5,,,,
787737136659955712,1778144755000-632578958264631296-787737136659955712,1778144755000,1778146797000,1,25.404,7.386,3.439480097481722,632578958264631296,1778144755000,787737136659955712,RJ47GA3339,2042000,1778146797000,19.499657297681154,25.404,0.5,7.386233824879224,3.439371214384131,7.386233824879223,1778144755000-632578958264631296-787737136659955712,28.349999999976717,['900758004226326539'],,900758004226326539,
1211786303754993664,1778139901000-632578958264631296-1211786303754993664,1778139901000,1778143971000,1,25.369,12.009,2.1124989591139975,632578958264631296,1778139901000,1211786303754993664,RJ47GA6403,4070000,1778143971000,31.70456888151892,25.369,1.1499999999996362,12.009306394514741,2.1124450627379536,12.009306394514741,1778139901000-632578958264631296-1211786303754993664,25.39999999999418,,,,
876044057397166080,1778115082000-632578958264631296-876044057397166080,1778115082000,1778117501000,1,25.285,8.799,2.873622002500284,632578958264631296,1778115082000,876044057397166080,RJ14GN1573,2419000,1778117501000,23.228768336595195,25.285,0.6000000000003638,8.798775885073937,2.8736951969526756,8.798775885073937,1778115082000-632578958264631296-876044057397166080,25.900000000023283,,,,0.0
1138782810882965504,1778122619000-632578958264631296-1138782810882965504,1778122619000,1778124652000,1,25.273,12.179,2.0751293209623123,632578958264631296,1778122619000,1138782810882965504,RJ47GA6253,2033000,1778124652000,32.151373811421,25.273,0.5500000000001819,12.17855068614432,2.075205880511988,12.17855068614432,1778122619000-632578958264631296-1138782810882965504,25.29999999998836,,,,
926866983197081600,1778140577000-632578958264631296-926866983197081600,1778140577000,1778144788000,1,25.239,8.297,3.041942870917199,632578958264631296,1778140577000,926866983197081600,RJ47GA3435,4211000,1778144788000,21.903427008483227,25.239,1.1499999999996362,8.296752654728495,3.04203355822784,8.296752654728495,1778140577000-632578958264631296-926866983197081600,25.625,,,,
947452563299500032,1778125199000-632578958264631296-947452563299500032,1778125199000,1778128083000,1,25.223,9.873,2.55474526486377,632578958264631296,1778125199000,947452563299500032,RJ47GA2721,2884000,1778128083000,26.064205487327555,25.223,0.7999999999992724,9.872805108836195,2.55479569605049,9.872805108836195,1778125199000-632578958264631296-947452563299500032,24.625,,,,
809467481230934016,1778114672000-632578958264631296-809467481230934016,1778114672000,1778118164000,1,25.192,9.317,2.7038746377589353,632578958264631296,1778114672000,809467481230934016,RJ47GA3181,3492000,1778118164000,24.596806175926357,25.192,0.9500000000007276,9.316972036335741,2.703882753082484,9.316972036335741,1778114672000-632578958264631296-809467481230934016,28.239999999990687,['900758004217937927'],,900758004217937927,
1464269416886697984,1778115811000-632578958264631296-1464269416886697984,1778115811000,1778118089000,1,25.072,9.304,2.69475494411006,632578958264631296,1778115811000,1464269416886697984,NL01AK1963,2278000,1778118089000,24.562201522953462,25.072,0.599999999999909,9.303864213239947,2.6947942731495442,9.303864213239947,1778115811000-632578958264631296-1464269416886697984,25.625,,,,
1083726698509238272,1778137529000-632578958264631296-1083726698509238272,1778137529000,1778140234000,1,25.06,8.16,3.0710784313725488,632578958264631296,1778137529000,1083726698509238272,RJ47GA6387,2705000,1778140234000,21.54298446534649,25.06,0.6999999999998181,8.160221388388821,3.0709951124191153,8.160221388388821,1778137529000-632578958264631296-1083726698509238272,25.89999999999418,,,,
1103352309556969472,1778114040000-632578958264631296-1103352309556969472,1778114040000,1778116280000,1,25.005,10.553,2.369468397612053,632578958264631296,1778114040000,1103352309556969472,RJ47GA5608,2240000,1778116280000,27.8597473039975,25.005,0.0,10.552934584847538,2.369483085387784,10.552934584847538,1778114040000-632578958264631296-1103352309556969472,26.39999999999418,,,,
1373358446576926720,1778130237000-632578958264631296-1373358446576926720,1778130237000,1778133056000,1,24.988,1.403,17.8104062722737,632578958264631296,1778130237000,1373358446576926720,HR26EQ4539,2819000,1778133056000,3.7044398505085745,24.988,0.7749999999996362,1.4031969130714297,17.807906906881847,1.4031969130714297,1778130237000-632578958264631296-1373358446576926720,25.05799999998999,,,,
944573640047853568,1778127083000-632578958264631296-944573640047853568,1778127083000,1778129822000,1,24.955,9.18,2.718409586056645,632578958264631296,1778127083000,944573640047853568,RJ47GA4654,2739000,1778129822000,24.23427092207565,24.955,0.0,9.179648076543806,2.7185138026986007,9.179648076543806,1778127083000-632578958264631296-944573640047853568,25.875,,,,
1050036019790872576,1778161443000-632578958264631296-1050036019790872576,1778161443000,1778164154000,1,24.951,5.174,4.822381136451488,632578958264631296,1778161443000,1050036019790872576,RJ47GA5530,2711000,1778164154000,13.658655062376772,24.951,0.6999999999998181,5.173732978173019,4.822630024638584,5.173732978173019,1778161443000-632578958264631296-1050036019790872576,26.0,,,,
946033560920260608,1778161431000-632578958264631296-946033560920260608,1778161431000,1778163917000,1,24.929,4.755,5.242691903259726,632578958264631296,1778161431000,946033560920260608,RJ47GA2639,2486000,1778163917000,12.55222590545655,24.929,0.0,4.754631024794148,5.243098753615545,3.8807867232131783,1778161431000-632578958264631296-946033560920260608,23.875,,,,
1540361729291059200,1778114185000-632578958264631296-1540361729291059200,1778114185000,1778116927000,1,24.727,9.021,2.7410486642279124,632578958264631296,1778114185000,1540361729291059200,NL01AK8391,2742000,1778116927000,23.814223775934657,24.727,0.7000000000000028,9.020539309066157,2.74118865322697,9.020539309066157,1778114185000-632578958264631296-1540361729291059200,25.575000000000273,,,,
939141093658722304,1778163528000-632578958264631296-939141093658722304,1778163528000,1778166171000,1,24.707,8.376,2.9497373447946518,632578958264631296,1778163528000,939141093658722304,RJ47GA3768,2643000,1778166171000,22.113782018130195,24.707,0.6499999999996362,8.376432582625073,2.949585012031115,8.376432582625073,1778163528000-632578958264631296-939141093658722304,28.125,,,,
1142833661045899264,1778164246000-632578958264631296-1142833661045899264,1778164246000,1778168048000,1,24.688,16.634,1.4841890104605024,632578958264631296,1778164246000,1142833661045899264,RJ47GA6293,3802000,1778168048000,43.91384375147221,24.688,1.050000000000182,16.6340317240425,1.4841861798493778,16.6340317240425,1778164246000-632578958264631296-1142833661045899264,25.89999999999418,,,,
938817698895233024,1778129661000-632578958264631296-938817698895233024,1778129661000,1778133055000,1,24.635,12.299,2.0030083746646072,632578958264631296,1778129661000,938817698895233024,RJ47GA2715,3394000,1778133055000,32.47012803733972,24.635,0.9000000000014552,12.299290923234743,2.0029609961873263,12.299290923234743,1778129661000-632578958264631296-938817698895233024,25.375,,,,
926835749754503168,1778128484000-632578958264631296-926835749754503168,1778128484000,1778130568000,1,24.564,6.922,3.548685351054609,632578958264631296,1778128484000,926835749754503168,RJ47GA2702,2084000,1778130568000,18.27336370607096,24.564,0.5499999999992724,6.92172867654203,3.5488244552619084,6.92172867654203,1778128484000-632578958264631296-926835749754503168,21.25,,,,
1067765061260410880,1778151023000-632578958264631296-1067765061260410880,1778151023000,1778153637000,1,24.537,9.843,2.4928375495275827,632578958264631296,1778151023000,1067765061260410880,RJ47GA6230,2614000,1778153637000,25.985111283969726,24.537,0.6500000000005457,9.842845183321865,2.4928767590062817,9.842845183321865,1778151023000-632578958264631296-1067765061260410880,26.20000000001164,,,,
1397607242391355392,1778160385000-632578958264631296-1397607242391355392,1778160385000,1778163859000,1,24.535,14.459,1.6968670032505706,632578958264631296,1778160385000,1397607242391355392,NL01AJ6922,3474000,1778163859000,38.17065390869902,24.535,0.900000000000091,14.458581026022356,1.6969161742664955,14.458581026022356,1778160385000-632578958264631296-1397607242391355392,25.125,,,,
818154714091749376,1778153842000-632578958264631296-818154714091749376,1778153842000,1778156060000,1,24.485,5.6,4.3723214285714285,632578958264631296,1778153842000,818154714091749376,RJ47GA3069,2218000,1778156060000,14.784127965691791,24.485,0.5500000000010914,5.600048471852951,4.372283583448765,5.600048471852951,1778153842000-632578958264631296-818154714091749376,27.199999999953434,['900758004201160718'],,900758004201160718,
946029440482148352,1778153878000-632578958264631296-946029440482148352,1778153878000,1778156499000,1,24.402,14.542,1.67803603355797,632578958264631296,1778153878000,946029440482148352,RJ47GA3752,2621000,1778156499000,38.391642279485566,24.402,0.7000000000007276,14.54228874222938,1.6780027155656034,14.54228874222938,1778153878000-632578958264631296-946029440482148352,26.125,,,,
943461119844941824,1778161136000-632578958264631296-943461119844941824,1778161136000,1778165315000,1,24.339,12.901,1.8865979381443299,632578958264631296,1778161136000,943461119844941824,RJ47GA3779,4179000,1778165315000,34.05773107948362,24.339,1.1000000000003638,12.900655711925612,1.886648286993704,12.900655711925612,1778161136000-632578958264631296-943461119844941824,25.125,,,,
959434235414839296,1778113367000-632578958264631296-959434235414839296,1778113367000,1778115592000,1,24.305,6.443,3.772311035232035,632578958264631296,1778113367000,959434235414839296,RJ47GA4862,2225000,1778115592000,17.010102128443677,24.305,0.5999999999994543,6.443220503198362,3.772181937268047,6.443220503198362,1778113367000-632578958264631296-959434235414839296,24.79999999998836,,,,
946036270407090176,1778165784000-632578958264631296-946036270407090176,1778165784000,1778168907000,1,24.302,11.222,2.1655676350026734,632578958264631296,1778165784000,946036270407090176,RJ47GA2720,3123000,1778168907000,29.62579790648287,24.302,0.7999999999992724,11.221893146395026,2.1655882552942405,11.221893146395027,1778165784000-632578958264631296-946036270407090176,24.875,,,,
1127222273418199040,1778148602000-632578958264631296-1127222273418199040,1778148602000,1778151129000,1,24.254,5.015,4.83629112662014,632578958264631296,1778148602000,1127222273418199040,RJ47GA3844,2527000,1778151129000,13.238394973397957,24.254,0.6500000000014552,5.014543550529529,4.836731350640839,5.014543550529529,1778148602000-632578958264631296-1127222273418199040,24.125,,,,
934473019407990784,1778165816000-632578958264631296-934473019407990784,1778165816000,1778168836000,1,24.244,11.39,2.1285338015803337,632578958264631296,1778165816000,934473019407990784,RJ47GA4712,3020000,1778168836000,30.07024977886652,24.244,0.7999999999992724,11.390246128358529,2.128487806741877,11.390246128358529,1778165816000-632578958264631296-934473019407990784,24.79999999998836,,,,
635414692210147328,1778177498000-632578958264631296-635414692210147328,1778177498000,1778181121000,1,24.223,8.549,2.8334308106211252,632578958264631296,1778177498000,635414692210147328,RJ47GA2704,3623000,1778181121000,22.56853083505588,24.223,1.0,8.548685922369652,2.833534910507685,8.548685922369652,1778177498000-632578958264631296-635414692210147328,27.29999999998836,['900758004196966400'],,900758004196966400,
1362452416535986176,1778120667000-632578958264631296-1362452416535986176,1778120667000,1778123163000,1,24.161,8.423,2.868455419684198,632578958264631296,1778120667000,1362452416535986176,NL01AJ4201,2496000,1778123163000,22.23712813806326,24.161,0.650000000000091,8.423154597751234,2.868402772335482,8.423154597751234,1778120667000-632578958264631296-1362452416535986176,24.875,,,,
1294704486559776768,1778142746000-632578958264631296-1294704486559776768,1778142746000,1778145113000,1,24.138,8.229,2.9332847247539195,632578958264631296,1778142746000,1294704486559776768,NL01AH7659,2367000,1778145113000,21.724612630116177,24.138,0.599999999999909,8.229019935650067,2.933277618568945,8.229019935650067,1778142746000-632578958264631296-1294704486559776768,24.375,,,,
635414692210147328,1778108559000-632578958264631296-635414692210147328,1778108559000,1778112718000,1,24.013,9.909,2.4233525078211726,632578958264631296,1778108559000,635414692210147328,RJ47GA2704,4159000,1778112718000,26.160108760106763,24.013,1.1000000000003638,9.909132106101046,2.4233202002842624,9.909132106101046,1778108559000-632578958264631296-635414692210147328,27.19000000000233,['900758004196966400'],,900758004196966400,
1083727593376579584,1778123000000-632578958264631296-1083727593376579584,1778123000000,1778130292000,1,24.0,5.262,4.561003420752566,632578958264631296,1778123000000,1083727593376579584,RJ47GA6346,7292000,1778130292000,13.890659969794154,24.0,0.8000000000001819,5.2616136249220276,4.56133834805395,5.2616136249220276,1778123000000-632578958264631296-1083727593376579584,24.0,,,,
1067775256489361408,1778157005000-632578958264631296-1067775256489361408,1778157005000,1778160642000,1,23.802,8.759,2.7174334969745404,632578958264631296,1778157005000,1067775256489361408,RJ47GA4861,3637000,1778160642000,23.124970375636245,23.802,1.0,8.75945847561979,2.7172912647794534,8.75945847561979,1778157005000-632578958264631296-1067775256489361408,24.70000000001164,,,,
1132636843020386304,1778143921000-632578958264631296-1132636843020386304,1778143921000,1778148676000,1,23.801,9.873,2.4107160943988655,632578958264631296,1778143921000,1132636843020386304,RJ47GA4655,4755000,1778148676000,26.0639060093881,23.801,1.300000000000182,9.872691670222764,2.410791382433901,9.872691670222764,1778143921000-632578958264631296-1132636843020386304,24.5,,,,
1478688867300147200,1778136360000-632578958264631296-1478688867300147200,1778136360000,1778138546000,1,23.797,9.004,2.6429364726788096,632578958264631296,1778136360000,1478688867300147200,NL01AK3095,2186000,1778138546000,23.771378140676337,23.797,0.5499999999999545,9.00430990177134,2.6428455106058295,9.00430990177134,1778136360000-632578958264631296-1478688867300147200,24.625,,,,
1385304935976927232,1778118653000-632578958264631296-1385304935976927232,1778118653000,1778121159000,1,23.743,10.372,2.2891438488237563,632578958264631296,1778118653000,1385304935976927232,NL01AJ5688,2506000,1778121159000,27.38289826344358,23.743,0.619959999999909,10.372309948274083,2.289075443985431,10.311823599756128,1778118653000-632578958264631296-1385304935976927232,23.0,,,,
1082330521322651648,1778144489000-632578958264631296-1082330521322651648,1778144489000,1778148127000,1,23.739,13.952,1.701476490825688,632578958264631296,1778144489000,1082330521322651648,RJ47GA5907,3638000,1778148127000,36.83348410338118,23.739,0.4000000000005457,13.95207731188681,1.7014670625265949,13.95207731188681,1778144489000-632578958264631296-1082330521322651648,25.099999999976717,,,,
1050036019790872576,1778157891000-632578958264631296-1050036019790872576,1778157891000,1778160609000,1,23.724,4.98,4.763855421686746,632578958264631296,1778157891000,1050036019790872576,RJ47GA5530,2718000,1778160609000,13.147695932076056,23.724,0.6999999999998181,4.980187853059112,4.763675728703162,4.980187853059112,1778157891000-632578958264631296-1050036019790872576,24.70000000001164,,,,
946033560920260608,1778157760000-632578958264631296-946033560920260608,1778157760000,1778160635000,1,23.648,4.684,5.04867634500427,632578958264631296,1778157760000,946033560920260608,RJ47GA2639,2875000,1778160635000,12.36522895877146,23.648,0.0,4.683798848019492,5.048893167134914,4.683798848019492,1778157760000-632578958264631296-946033560920260608,22.75,,,,
1373358446576926720,1778136081000-632578958264631296-1373358446576926720,1778136081000,1778139197000,1,23.631,1.359,17.38852097130243,632578958264631296,1778136081000,1373358446576926720,HR26EQ4539,3116000,1778139197000,3.58837134829067,23.631,0.8527777777771917,1.3592315713222234,17.38555850127319,1.3592315713222234,1778136081000-632578958264631296-1373358446576926720,23.670000000012806,,,,
1401196266230120448,1778148847000-632578958264631296-1401196266230120448,1778148847000,1778151038000,1,23.627,5.682,4.1582189369940155,632578958264631296,1778148847000,1401196266230120448,NL01AJ4828,2191000,1778151038000,15.0000746818558,23.627,0.2999999999999545,5.681846470399924,4.1583312965401165,5.681846470399924,1778148847000-632578958264631296-1401196266230120448,23.5,,,,
1545824482457812992,1778173050000-632578958264631296-1545824482457812992,1778173050000,1778175403000,1,23.567,9.616,2.4508111480865225,632578958264631296,1778173050000,1545824482457812992,NL01AK8869,2353000,1778175403000,25.385738649219416,23.567,0.6000000000000227,9.615810094401294,2.4508595499116237,9.615810094401294,1778173050000-632578958264631296-1545824482457812992,24.234999999999673,,,,
1428366867084345344,1778131155000-632578958264631296-1428366867084345344,1778131155000,1778134153000,1,23.494,8.383,2.8025766432064896,632578958264631296,1778131155000,1428366867084345344,NL01AJ9498,2998000,1778134153000,22.131183639228105,23.494,0.7999999999997272,8.383024105768222,2.802568584269508,8.383024105768222,1778131155000-632578958264631296-1428366867084345344,24.125,,,,
787000328028422144,1778170081000-632578958264631296-787000328028422144,1778170081000,1778172819000,1,23.455,4.226,5.550165641268339,632578958264631296,1778170081000,787000328028422144,RJ47GA2481,2738000,1778172819000,11.156174039946663,23.455,0.75,4.225823499979796,5.550397455102452,4.225823499979796,1778170081000-632578958264631296-787000328028422144,26.139999999999418,['900758004192772099'],,900758004192772099,
966383863687282688,1778155954000-632578958264631296-966383863687282688,1778155954000,1778157946000,1,23.454,3.932,5.9649033570701935,632578958264631296,1778155954000,966383863687282688,RJ47GA4672,1992000,1778157946000,10.379991582673346,23.454,0.5,3.931814993436874,5.96518402802529,3.931814993436874,1778155954000-632578958264631296-966383863687282688,23.0,,,,
1083778254826897408,1778126134000-632578958264631296-1083778254826897408,1778126134000,1778128368000,1,23.399,5.195,4.504138594802694,632578958264631296,1778126134000,1083778254826897408,RJ47GA3529,2234000,1778128368000,13.715777963555547,23.399,0.6000000000003638,5.195370440740738,4.503817440333254,5.195370440740738,1778126134000-632578958264631296-1083778254826897408,22.25,,,,
1540361293100220416,1778124718000-632578958264631296-1540361293100220416,1778124718000,1778126551000,1,23.394,7.291,3.208613358935674,632578958264631296,1778124718000,1540361293100220416,NL01AK8392,1833000,1778126551000,19.247020670355976,23.394,0.5,7.290538132710596,3.2088166297406353,7.290538132710596,1778124718000-632578958264631296-1540361293100220416,23.68000000000029,,,,
943859348893859840,1778111379000-632578958264631296-943859348893859840,1778111379000,1778113918000,1,23.282,7.157,3.253038982814028,632578958264631296,1778111379000,943859348893859840,RJ47GA1998,2539000,1778113918000,18.895004365030196,23.282,0.6499999999996362,7.157198623117498,3.2529487060481967,7.157198623117498,1778111379000-632578958264631296-943859348893859840,24.375,,,,
1046443765134262272,1778161153000-632578958264631296-1046443765134262272,1778161153000,1778163340000,1,23.272,5.769,4.033974692321026,632578958264631296,1778161153000,1046443765134262272,RJ47GA4014,2187000,1778163340000,15.228940105528308,23.272,0.5499999999992724,5.768537918760722,4.034297828625458,5.768537918760722,1778161153000-632578958264631296-1046443765134262272,23.625,,,,
1131239476161413120,1778111384000-632578958264631296-1131239476161413120,1778111384000,1778114277000,1,23.223,8.645,2.686292654713707,632578958264631296,1778111384000,1131239476161413120,RJ47GA6182,2893000,1778114277000,22.822315407052717,23.223,0.75,8.644816442065423,2.6863496935571196,8.644816442065423,1778111384000-632578958264631296-1131239476161413120,24.79999999998836,,,,
866686265431425024,1778130095000-632578958264631296-866686265431425024,1778130095000,1778131985000,1,23.192,6.741,3.440439103990506,632578958264631296,1778130095000,866686265431425024,RJ47GA4451,1890000,1778131985000,17.795622054305127,23.192,0.5,6.740765929661032,3.440558571830759,6.740765929661032,1778130095000-632578958264631296-866686265431425024,24.099999999976717,['900758004234715152'],,900758004234715152,0.0
1184409623537385472,1778116415000-632578958264631296-1184409623537385472,1778116415000,1778118507000,1,23.156,6.489,3.568500539374326,632578958264631296,1778116415000,1184409623537385472,RJ47GA6472,2092000,1778118507000,17.12971789876741,23.156,0.5500000000001819,6.4885295071088676,3.5687592966372677,6.4885295071088676,1778116415000-632578958264631296-1184409623537385472,24.599999999976717,,,,
1094584670655348736,1778122663000-632578958264631296-1094584670655348736,1778122663000,1778125157000,1,23.149,4.751,4.872447905704062,632578958264631296,1778122663000,1094584670655348736,RJ47GA5971,2494000,1778125157000,12.5415503723531,23.149,0.6499999999996362,4.750587262254962,4.872871230874278,4.750587262254962,1778122663000-632578958264631296-1094584670655348736,23.800000000017462,,,,
944590866851299328,1778160488000-632578958264631296-944590866851299328,1778160488000,1778162828000,1,23.088,11.721,1.969797798822626,632578958264631296,1778160488000,944590866851299328,RJ47GA3402,2340000,1778162828000,30.942881745826558,23.088,0.6000000000003638,11.720788540085817,1.9698333368132719,11.720788540085817,1778160488000-632578958264631296-944590866851299328,23.75,,,,
857602255610707968,1778173617000-632578958264631296-857602255610707968,1778173617000,1778176292000,1,23.076,4.454,5.180960933991917,632578958264631296,1778173617000,857602255610707968,RJ47GA4334,2675000,1778176292000,11.759236699054716,23.076,0.7000000000007276,4.4542563253995135,5.180662789524187,4.4542563253995135,1778173617000-632578958264631296-857602255610707968,23.5,['900758004230520839'],,900758004230520839,0.0
869216733288726528,1778142751000-632578958264631296-869216733288726528,1778142751000,1778145402000,1,22.973,4.846,4.740610813041684,632578958264631296,1778142751000,869216733288726528,RJ47GA4683,2651000,1778145402000,12.793565484000183,22.973,0.7000000000007276,4.846047531818251,4.740564315385586,4.846047531818251,1778142751000-632578958264631296-869216733288726528,23.399999999965075,,,,0.7359999999999974
1083729116835872768,1778151995000-632578958264631296-1083729116835872768,1778151995000,1778154521000,1,22.96,7.722,2.9733229733229734,632578958264631296,1778151995000,1083729116835872768,RJ47GA6361,2526000,1778154521000,20.385884229730244,22.96,0.6499999999996362,7.721925844594789,2.973351526817833,7.721925844594789,1778151995000-632578958264631296-1083729116835872768,24.29999999998836,,,,
943859348893859840,1778161159000-632578958264631296-943859348893859840,1778161159000,1778163604000,1,22.959,6.904,3.325463499420626,632578958264631296,1778161159000,943859348893859840,RJ47GA1998,2445000,1778163604000,18.226486851685163,22.959,0.6499999999996362,6.903972292304985,3.3254768454951065,6.903972292304985,1778161159000-632578958264631296-943859348893859840,24.0,,,,
1131239476161413120,1778161138000-632578958264631296-1131239476161413120,1778161138000,1778163783000,1,22.949,7.875,2.9141587301587304,632578958264631296,1778161138000,1131239476161413120,RJ47GA6182,2645000,1778163783000,20.78968991538202,22.949,0.6999999999998181,7.8748825437053105,2.914202195732303,7.8748825437053105,1778161138000-632578958264631296-1131239476161413120,24.5,,,,
1464260641047969792,1778157137000-632578958264631296-1464260641047969792,1778157137000,1778159398000,1,22.944,8.697,2.63815108658158,632578958264631296,1778157137000,1464260641047969792,NL01AK1966,2261000,1778159398000,22.96101572794117,22.944,0.599999999999909,8.697354442401958,2.638043574278379,8.697354442401958,1778157137000-632578958264631296-1464260641047969792,23.5,,,,
792451146961649664,1778120999000-632578958264631296-792451146961649664,1778120999000,1778123177000,1,22.941,7.437,3.0847115772488904,632578958264631296,1778120999000,792451146961649664,RJ47GA2227,2178000,1778123177000,19.634932273323116,22.941,0.5,7.437474345955725,3.0845148410460905,7.437474345955724,1778120999000-632578958264631296-792451146961649664,25.729999999981374,['900758004180189185'],,900758004180189185,
943461119844941824,1778170791000-632578958264631296-943461119844941824,1778170791000,1778173131000,1,22.92,8.004,2.8635682158920543,632578958264631296,1778170791000,943461119844941824,RJ47GA3779,2340000,1778173131000,21.13007198912751,22.92,0.6499999999996362,8.003815147396784,2.8636343516072658,8.003815147396784,1778170791000-632578958264631296-943461119844941824,23.625,,,,
1501934002158698496,1778121209000-632578958264631296-1501934002158698496,1778121209000,1778123371000,1,22.887,6.748,3.391671606401897,632578958264631296,1778121209000,1501934002158698496,NL01AK3123,2162000,1778123371000,17.814393175414736,22.887,0.5499999999999545,6.7478762028086114,3.391733830338194,6.7478762028086114,1778121209000-632578958264631296-1501934002158698496,23.875,,,,
1294704486559776768,1778139554000-632578958264631296-1294704486559776768,1778139554000,1778142316000,1,22.87,11.656,1.962079615648593,632578958264631296,1778139554000,1294704486559776768,NL01AH7659,2762000,1778142316000,30.770524242802892,22.87,0.75,11.655501607122307,1.962163514783857,11.655501607122307,1778139554000-632578958264631296-1294704486559776768,23.25,,,,
1045646687990710272,1778107734000-632578958264631296-1045646687990710272,1778107734000,1778110326000,1,22.837,10.64,2.1463345864661654,632578958264631296,1778107734000,1045646687990710272,RJ47GA3441,2592000,1778110326000,28.08987128414169,22.837,0.6999999999989086,10.640102759144579,2.1463138577654113,10.64010275914458,1778107734000-632578958264631296-1045646687990710272,23.375,,,,
901057526324264960,1778121516000-632578958264631296-901057526324264960,1778121516000,1778123835000,1,22.819,10.644,2.143836903419767,632578958264631296,1778121516000,901057526324264960,RJ47GA4008,2319000,1778123835000,28.100983357968833,22.819,0.6000000000003638,10.644311878018497,2.143774089062852,10.644311878018497,1778121516000-632578958264631296-901057526324264960,22.875,,,,
1506655599683698688,1778133176000-632578958264631296-1506655599683698688,1778133176000,1778135108000,1,22.773,8.708,2.6151814423518602,632578958264631296,1778133176000,1506655599683698688,RJ47GA8529,1932000,1778135108000,22.988551453455194,22.773,0.4500000000000455,8.7077846414603,2.6152461203014954,8.7077846414603,1778133176000-632578958264631296-1506655599683698688,24.0199999999968,,,,
1120316481867874304,1778151974000-632578958264631296-1120316481867874304,1778151974000,1778154532000,1,22.73,7.759,2.9295012243845857,632578958264631296,1778151974000,1120316481867874304,RJ47GA6413,2558000,1778154532000,20.484316336849535,22.73,0.6999999999998181,7.759210733655126,2.929421661588587,7.759210733655126,1778151974000-632578958264631296-1120316481867874304,23.300000000017462,,,,
866686265431425024,1778126282000-632578958264631296-866686265431425024,1778126282000,1778128072000,1,22.728,6.072,3.7430830039525693,632578958264631296,1778126282000,866686265431425024,RJ47GA4451,1790000,1778128072000,16.029732525213785,22.728,0.3999999999996362,6.071868380762797,3.7431641423598725,6.071868380762797,1778126282000-632578958264631296-866686265431425024,23.399999999965075,['900758004234715152'],,900758004234715152,0.0
902974583798235136,1778127897000-632578958264631296-902974583798235136,1778127897000,1778130685000,1,22.62,6.251,3.618621020636698,632578958264631296,1778127897000,902974583798235136,RJ47GA2140,2788000,1778130685000,16.503430802831982,22.62,0.75,6.251299546527266,3.6184476254326845,6.251299546527266,1778127897000-632578958264631296-902974583798235136,15.0,,,,
1461772563532218368,1778147809000-632578958264631296-1461772563532218368,1778147809000,1778150686000,1,22.61,4.942,4.575070821529745,632578958264631296,1778147809000,1461772563532218368,NL01AK1959,2877000,1778150686000,13.046573986787948,22.61,0.7999999999999545,4.941884085904525,4.575178131856493,4.941884085904525,1778147809000-632578958264631296-1461772563532218368,22.875,,,,
1076923642098483200,1778154476000-632578958264631296-1076923642098483200,1778154476000,1778157294000,1,22.559,9.976,2.261327185244587,632578958264631296,1778154476000,1076923642098483200,RJ47GA3462,2818000,1778157294000,26.335834716682953,22.559,0.75,9.975694968440513,2.26139633091915,9.975694968440514,1778154476000-632578958264631296-1076923642098483200,24.375,,,,
1064527564812320768,1778132177000-632578958264631296-1064527564812320768,1778132177000,1778134948000,1,22.538,10.058,2.2408033406243786,632578958264631296,1778132177000,1064527564812320768,RJ47GA3509,2771000,1778134948000,26.553791145010653,22.538,0.75,10.058254221594943,2.240746704493828,10.058254221594943,1778132177000-632578958264631296-1064527564812320768,24.25,,,,
1113484110199783424,1778135784000-632578958264631296-1113484110199783424,1778135784000,1778138875000,1,22.484,6.053,3.71452172476458,632578958264631296,1778135784000,1113484110199783424,RJ47GA3920,3091000,1778138875000,15.980412386343193,22.484,0.8499999999985448,6.053186509978482,3.7144072734147304,6.053186509978482,1778135784000-632578958264631296-1113484110199783424,22.75,,,,
1067771070980816896,1778165919000-632578958264631296-1067771070980816896,1778165919000,1778169122000,1,22.471,10.359,2.1692248286514144,632578958264631296,1778165919000,1067771070980816896,RJ47GA3902,3203000,1778169122000,27.348496189682148,22.471,0.8499999999985448,10.359278859728086,2.169166435644134,10.359278859728086,1778165919000-632578958264631296-1067771070980816896,23.375,,,,
818154714091749376,1778127964000-632578958264631296-818154714091749376,1778127964000,1778130732000,1,22.424,6.547,3.425080189399725,632578958264631296,1778127964000,818154714091749376,RJ47GA3069,2768000,1778130732000,17.282854163991065,22.424,0.7000000000007276,6.546535668178433,3.4253231230372956,6.546535668178433,1778127964000-632578958264631296-818154714091749376,24.470000000030268,['900758004201160718'],,900758004201160718,
1535695002116554752,1778119646000-632578958264631296-1535695002116554752,1778119646000,1778121718000,1,22.364,8.45,2.6466272189349116,632578958264631296,1778119646000,1535695002116554752,NL01AK7895,2072000,1778121718000,22.307029879513163,22.364,0.45000000000001705,8.449632530118622,2.6467423193001314,8.449632530118622,1778119646000-632578958264631296-1535695002116554752,22.1899999999996,,,,
944574346884546560,1778150344000-632578958264631296-944574346884546560,1778150344000,1778153506000,1,22.337,4.698,4.754576415495955,632578958264631296,1778150344000,944574346884546560,RJ47GA3355,3162000,1778153506000,12.403417343582817,22.337,0.8999999999996362,4.6982641452965215,4.754309104217095,4.101453392144071,1778150344000-632578958264631296-944574346884546560,23.625,,,,
1073966174624022528,1778124534000-632578958264631296-1073966174624022528,1778124534000,1778126803000,1,22.322,4.527,4.930859288712171,632578958264631296,1778124534000,1073966174624022528,RJ47GA6471,2269000,1778126803000,11.950736153309393,22.322,0.0,4.526793997465679,4.931083679199219,0.001,1778124534000-632578958264631296-1073966174624022528,23.5,,,,
1056588446363025408,1778125870000-632578958264631296-1056588446363025408,1778125870000,1778128096000,1,22.25,9.713,2.2907443632245448,632578958264631296,1778125870000,1056588446363025408,RJ47GA3530,2226000,1778128096000,25.642887083905173,22.25,0.6000000000003638,9.713214804509535,2.2906937041760917,9.713214804509535,1778125870000-632578958264631296-1056588446363025408,22.25,,,,
1501933614227521536,1778159826000-632578958264631296-1501933614227521536,1778159826000,1778162017000,1,22.213,4.823,4.6056396433754925,632578958264631296,1778159826000,1501933614227521536,NL01AK3126,2191000,1778162017000,12.733844577190338,22.213,0.6000000000000227,4.823425976208461,4.605232900756761,4.823425976208461,1778159826000-632578958264631296-1501933614227521536,21.5,,,,
1079796452147855360,1778159753000-632578958264631296-1079796452147855360,1778159753000,1778163252000,1,22.14,4.386,5.047879616963065,632578958264631296,1778159753000,1079796452147855360,RJ47GA3909,3499000,1778163252000,11.579392198332362,22.14,0.9499999999989086,4.386133408459228,5.047726080857489,2.766322817802068,1778159753000-632578958264631296-1079796452147855360,22.625,,,,
1141991039255445504,1778148279000-632578958264631296-1141991039255445504,1778148279000,1778150511000,1,22.112,9.874,2.23941664978732,632578958264631296,1778148279000,1141991039255445504,RJ47GA6283,2232000,1778150511000,26.06777076310533,22.112,0.5500000000001819,9.874155592085351,2.239381362161633,9.874155592085351,1778148279000-632578958264631296-1141991039255445504,23.60000000000582,,,,
1131239834900234240,1778151073000-632578958264631296-1131239834900234240,1778151073000,1778156761000,1,22.1,7.743,2.8541908820870465,632578958264631296,1778151073000,1131239834900234240,RJ47GA6181,5688000,1778156761000,20.44274038184991,22.10000000000582,0.8500000000003638,7.743462265852238,2.8540204938382967,7.743462265852238,1778151073000-632578958264631296-1131239834900234240,22.10000000000582,,,,
1396881382210273280,1778148367000-632578958264631296-1396881382210273280,1778148367000,1778150689000,1,22.079,8.981,2.4584122035408087,632578958264631296,1778148367000,1396881382210273280,NL01AJ6927,2322000,1778150689000,23.70923836114819,22.079,0.599999999999909,8.980772106495527,2.4584745875057794,8.980772106495527,1778148367000-632578958264631296-1396881382210273280,23.375,,,,
915980150607183872,1778112270000-632578958264631296-915980150607183872,1778112270000,1778114994000,1,21.994,7.012,3.136622932116372,632578958264631296,1778112270000,915980150607183872,RJ47GA2138,2724000,1778114994000,18.51091069165033,21.994,0.5499999999992724,7.011708595322094,3.1367532893014745,7.011708595322094,1778112270000-632578958264631296-915980150607183872,21.375,,,,
952162532812914688,1778163861000-632578958264631296-952162532812914688,1778163861000,1778166313000,1,21.953,4.238,5.180037753657385,632578958264631296,1778163861000,952162532812914688,RJ47GA4523,2452000,1778166313000,11.18823824838513,21.953,0.0,4.2379690334792155,5.1800756038034095,4.2379690334792155,1778163861000-632578958264631296-952162532812914688,22.5,,,,
1067763553357791232,1778102785000-632578958264631296-1067763553357791232,1778102785000,1778106110000,1,21.929,11.686,1.8765189115180556,632578958264631296,1778102785000,1067763553357791232,RJ47GA6214,3325000,1778106110000,30.850356300222554,21.929,0.3000000000001819,11.685741022811573,1.8765604985762308,11.685741022811573,1778102785000-632578958264631296-1067763553357791232,23.5,,,,
1536014625517076480,1778138658000-632578958264631296-1536014625517076480,1778138658000,1778141634000,1,21.928,5.615,3.905253784505788,632578958264631296,1778138658000,1536014625517076480,NL01AK9417,2976000,1778141634000,14.824052649441049,21.928,0.7999999999999972,5.615171458121609,3.9051345383735385,5.615171458121609,1778138658000-632578958264631296-1536014625517076480,21.569999999999936,,,,
1294723291725955072,1778153766000-632578958264631296-1294723291725955072,1778153766000,1778156992000,1,21.909,11.902,1.8407830616703076,632578958264631296,1778153766000,1294723291725955072,NL01AH7658,3226000,1778156992000,31.421507482155203,21.909,0.900000000000091,11.90208616748303,1.840769734960939,11.90208616748303,1778153766000-632578958264631296-1294723291725955072,22.5,,,,
780085706063085568,1778117969000-632578958264631296-780085706063085568,1778117969000,1778121021000,1,21.9,8.607,2.544440571627745,632578958264631296,1778117969000,780085706063085568,RJ47GA3335,3052000,1778121021000,22.723387665216162,21.9,0.8000000000010914,8.60734381258188,2.5443389362450506,8.60734381258188,1778117969000-632578958264631296-780085706063085568,24.570000000006985,['900758004226326531'],,900758004226326531,
1464628801508999168,1778154852000-632578958264631296-1464628801508999168,1778154852000,1778158617000,1,21.86,10.706,2.0418456940033627,632578958264631296,1778154852000,1464628801508999168,NL01AK1964,3765000,1778158617000,28.264448973606466,21.86,1.0499999999999545,10.70623067182063,2.0418017012781804,10.70623067182063,1778154852000-632578958264631296-1464628801508999168,22.5,,,,
1083726476706054144,1778156126000-632578958264631296-1083726476706054144,1778156126000,1778159503000,1,21.859,11.579,1.887814146299335,632578958264631296,1778156126000,1083726476706054144,RJ47GA6362,3377000,1778159503000,30.569139600069438,21.859,0.8999999999996362,11.579219545480846,1.8877783527760437,11.579219545480846,1778156126000-632578958264631296-1083726476706054144,23.10000000000582,,,,
1535700301011484672,1778160324000-632578958264631296-1535700301011484672,1778160324000,1778162758000,1,21.848,4.557,4.794382269036646,632578958264631296,1778160324000,1535700301011484672,NL01AK7896,2434000,1778162758000,12.02999378445771,21.848,0.5999999999999943,4.556815827446102,4.794576043299265,4.556815827446102,1778160324000-632578958264631296-1535700301011484672,22.125,,,,
932302785804763136,1778122335000-632578958264631296-932302785804763136,1778122335000,1778124433000,1,21.814,6.106,3.572551588601376,632578958264631296,1778122335000,932302785804763136,RJ47GA4681,2098000,1778124433000,16.11929424640096,21.814,0.5500000000001819,6.105793275151878,3.5726725450686647,6.105793275151878,1778122335000-632578958264631296-932302785804763136,22.5,,,,
947452563299500032,1778122435000-632578958264631296-947452563299500032,1778122435000,1778124413000,1,21.807,7.754,2.8123549135929844,632578958264631296,1778122435000,947452563299500032,RJ47GA2721,1978000,1778124413000,20.4697038872708,21.807,0.5,7.753675714875303,2.8124725358533653,7.753675714875303,1778122435000-632578958264631296-947452563299500032,21.25,,,,
925753337108758528,1778122464000-632578958264631296-925753337108758528,1778122464000,1778124411000,1,21.806,6.153,3.5439622948155374,632578958264631296,1778122464000,925753337108758528,RJ47GA2620,1947000,1778124411000,16.24300505023416,21.806,0.5,6.152653428119,3.5441619221296805,6.152653428119,1778122464000-632578958264631296-925753337108758528,26.375,,,,
1132636843020386304,1778160403000-632578958264631296-1132636843020386304,1778160403000,1778162862000,1,21.802,5.404,4.034418948926721,632578958264631296,1778160403000,1132636843020386304,RJ47GA4655,2459000,1778162862000,14.266830473704188,21.802,0.5999999999994543,5.404102452160677,4.034342463526592,5.404102452160677,1778160403000-632578958264631296-1132636843020386304,22.39999999999418,,,,
938499921487593472,1778170118000-632578958264631296-938499921487593472,1778170118000,1778172369000,1,21.672,8.66,2.502540415704388,632578958264631296,1778170118000,938499921487593472,RJ47GA4520,2251000,1778172369000,22.862986577922708,21.672,0.5,8.660222188607086,2.50247620996497,8.660222188607086,1778170118000-632578958264631296-938499921487593472,22.399999999965075,,,,
1405177997576634368,1778115785000-632578958264631296-1405177997576634368,1778115785000,1778117887000,1,21.624,4.014,5.387144992526157,632578958264631296,1778115785000,1405177997576634368,NL01AJ7420,2102000,1778117887000,10.595953536165695,21.624,0.5,4.013618763699126,5.387656694147597,4.013618763699126,1778115785000-632578958264631296-1405177997576634368,22.410000000003492,,,,
1396881382210273280,1778125555000-632578958264631296-1396881382210273280,1778125555000,1778127716000,1,21.602,8.734,2.4733226471261736,632578958264631296,1778125555000,1396881382210273280,NL01AJ6927,2161000,1778127716000,23.058512559254456,21.602,0.6000000000003638,8.734285060323657,2.473241925447246,8.734285060323657,1778125555000-632578958264631296-1396881382210273280,21.75,,,,
1113484110199783424,1778148381000-632578958264631296-1113484110199783424,1778148381000,1778150787000,1,21.534,4.261,5.0537432527575685,632578958264631296,1778148381000,1113484110199783424,RJ47GA3920,2406000,1778150787000,11.249835696012575,21.534,0.6499999999996362,4.261301400004763,5.053385803683337,4.261301400004763,1778148381000-632578958264631296-1113484110199783424,21.125,,,,
1385589109656911872,1778140002000-632578958264631296-1385589109656911872,1778140002000,1778142546000,1,21.533,5.308,4.056706857573475,632578958264631296,1778140002000,1385589109656911872,NL01AJ5693,2544000,1778142546000,14.01341777765103,21.533,0.650000000000091,5.308112794564784,4.0566206547171735,5.308112794564785,1778140002000-632578958264631296-1385589109656911872,21.5,,,,
1540361293100220416,1778155956000-632578958264631296-1540361293100220416,1778155956000,1778157557000,1,21.384,8.163,2.619625137816979,632578958264631296,1778155956000,1540361293100220416,NL01AK8392,1601000,1778157557000,21.550336032604992,21.384,0.39999999999997726,8.163006072956437,2.6196231889185952,8.163006072956437,1778155956000-632578958264631296-1540361293100220416,21.06500000000051,,,,
1385588586753032192,1778137172000-632578958264631296-1385588586753032192,1778137172000,1778140833000,1,21.362,15.351,1.3915705817210604,632578958264631296,1778137172000,1385588586753032192,NL01AJ5698,3661000,1778140833000,40.52757901633805,21.362,0.9499999999998181,15.351355688006837,1.391538339293965,15.351355688006837,1778137172000-632578958264631296-1385588586753032192,22.75,,,,
946029440482148352,1778120149000-632578958264631296-946029440482148352,1778120149000,1778124170000,1,21.341,8.582,2.486716383127476,632578958264631296,1778120149000,946029440482148352,RJ47GA3752,4021000,1778124170000,22.657001889492044,21.341,1.1000000000003638,8.582197685413652,2.4866591032121383,8.582197685413652,1778120149000-632578958264631296-946029440482148352,23.125,,,,
908732861828300800,1778134845000-632578958264631296-908732861828300800,1778134845000,1778138532000,1,21.316,10.354,2.058721267143133,632578958264631296,1778134845000,908732861828300800,RJ47GA2126,3687000,1778138532000,27.33399755634472,21.316,0.9500000000007276,10.353786953160878,2.0587636288471725,10.353786953160878,1778134845000-632578958264631296-908732861828300800,22.0,,,,
1385588909638942720,1778157733000-632578958264631296-1385588909638942720,1778157733000,1778160324000,1,21.309,5.8,3.6739655172413794,632578958264631296,1778157733000,1385588909638942720,NL01AJ5690,2591000,1778160324000,15.311530137013103,21.309,0.6999999999998181,5.799822021595872,3.674078259756089,5.799822021595872,1778157733000-632578958264631296-1385588909638942720,22.625,,,,
780067386190462976,1778114219000-632578958264631296-780067386190462976,1778114219000,1778117258000,1,21.305,10.99,1.9385805277525021,632578958264631296,1778114219000,780067386190462976,RJ47GA2450,3039000,1778117258000,29.01388183776022,21.305,0.75,10.990106756727355,1.9385616965875792,10.990106756727355,1778114219000-632578958264631296-780067386190462976,23.0,,,,
1075729411988258816,1778143365000-632578958264631296-1075729411988258816,1778143365000,1778145843000,1,21.248,1.669,12.730976632714201,632578958264631296,1778143365000,1075729411988258816,RJ36GA7279,2478000,1778145843000,4.407127120806034,21.248,0.0,1.669366333638649,12.728182887027923,1.669366333638649,1778143365000-632578958264631296-1075729411988258816,,,,,
1153273376152748032,1778124651000-632578958264631296-1153273376152748032,1778124651000,1778126468000,1,21.219,4.173,5.084831056793674,632578958264631296,1778124651000,1153273376152748032,RJ47GA6313,1817000,1778126468000,11.01545643177156,21.219,0.4500000000007276,4.172521375671045,5.085414330942154,3.5837888937064837,1778124651000-632578958264631296-1153273376152748032,22.29999999998836,,,,
1067765309810671616,1778137872000-632578958264631296-1067765309810671616,1778137872000,1778141196000,1,21.209,12.423,1.707236577316268,632578958264631296,1778137872000,1067765309810671616,RJ47GA6287,3324000,1778141196000,32.796593865384416,21.209,0.8499999999994543,12.422952221736521,1.7072431432916946,12.422952221736521,1778137872000-632578958264631296-1067765309810671616,21.0,,,,
1536014596580573184,1778175313000-632578958264631296-1536014596580573184,1778175313000,1778177341000,1,21.102,5.761,3.66290574553029,632578958264631296,1778175313000,1536014596580573184,NL01AK9192,2028000,1778177341000,15.208000970885594,21.102,0.5,5.760606428365755,3.663155999703749,5.760606428365755,1778175313000-632578958264631296-1536014596580573184,21.620000000000346,,,,
1536014603211767808,1778175382000-632578958264631296-1536014603211767808,1778175382000,1778177250000,1,21.059,5.477,3.8449881321891546,632578958264631296,1778175382000,1536014603211767808,NL01AK9193,1868000,1778177250000,14.459064259305555,21.059,0.5,5.476918280039983,3.845045502458413,5.476918280039983,1778175382000-632578958264631296-1536014603211767808,21.389999999999873,,,,
1067775149379420160,1778156886000-632578958264631296-1067775149379420160,1778156886000,1778159820000,1,21.049,10.551,1.9949767794521847,632578958264631296,1778156886000,1067775149379420160,RJ14GN1580,2934000,1778159820000,27.854134937514047,21.049,0.0,10.55080868845229,1.9950129531812884,10.55080868845229,1778156886000-632578958264631296-1067775149379420160,21.900000000023283,,,,
1482772108667781120,1778121084000-632578958264631296-1482772108667781120,1778121084000,1778122953000,1,21.045,8.313,2.531577047997113,632578958264631296,1778121084000,1482772108667781120,NL01AK3101,1869000,1778122953000,21.94762779063303,21.045,0.5,8.313495375239784,2.5314261992228517,8.313495375239784,1778121084000-632578958264631296-1482772108667781120,21.625,,,,
1501934002158698496,1778139747000-632578958264631296-1501934002158698496,1778139747000,1778141869000,1,21.043,6.426,3.274665421724245,632578958264631296,1778139747000,1501934002158698496,NL01AK3123,2122000,1778141869000,16.964185743243807,21.043,0.5500000000000682,6.425827933046896,3.2747531087441004,6.425827933046896,1778139747000-632578958264631296-1501934002158698496,21.375,,,,
1073201833905750016,1778114712000-632578958264631296-1073201833905750016,1778114712000,1778116788000,1,21.033,4.538,4.634861172322609,632578958264631296,1778114712000,1073201833905750016,RJ47GA5838,2076000,1778116788000,11.979511000633073,21.033,0.5,4.53769356084586,4.63517417339202,4.53769356084586,1778114712000-632578958264631296-1073201833905750016,21.570000000006985,,,,
878252193440858112,1778131727000-632578958264631296-878252193440858112,1778131727000,1778133815000,1,21.018,7.689,2.7335154116269997,632578958264631296,1778131727000,878252193440858112,RJ47GA1999,2088000,1778133815000,20.298007282599578,21.018,0.3500000000003638,7.688639122196809,2.73364371327064,7.688639122196809,1778131727000-632578958264631296-878252193440858112,12.875,['900758004175994897'],,900758004175994897,
942436996423352320,1778157637000-632578958264631296-942436996423352320,1778157637000,1778159911000,1,20.954,6.182,3.389517955354254,632578958264631296,1778157637000,942436996423352320,RJ47GA1344,2274000,1778159911000,16.321137496696704,20.954,0.0,6.182249051779054,3.3893814086914067,0.001,1778157637000-632578958264631296-942436996423352320,,,,,
932612842287267840,1778149091000-632578958264631296-932612842287267840,1778149091000,1778151513000,1,20.942,6.73,3.111738484398217,632578958264631296,1778149091000,932612842287267840,RJ47GA4652,2422000,1778151513000,17.76647918069396,20.942,0.6000000000003638,6.729726962384076,3.1118647334513967,6.729726962384076,1778149091000-632578958264631296-932612842287267840,20.70000000001164,,,,
1385588586753032192,1778165446000-632578958264631296-1385588586753032192,1778165446000,1778167844000,1,20.938,12.56,1.6670382165605093,632578958264631296,1778165446000,1385588586753032192,NL01AJ5698,2398000,1778167844000,33.15794813539609,20.938,0.599999999999909,12.559828839165185,1.6670609343583767,12.559828839165185,1778165446000-632578958264631296-1385588586753032192,21.625,,,,
1501934002158698496,1778129905000-632578958264631296-1501934002158698496,1778129905000,1778131813000,1,20.9,6.945,3.009359251259899,632578958264631296,1778129905000,1501934002158698496,NL01AK3123,1908000,1778131813000,18.334274956968,20.9,0.5,6.9448011200636355,3.0094454310029963,6.9448011200636355,1778129905000-632578958264631296-1501934002158698496,21.875,,,,
1138782810882965504,1778124656000-632578958264631296-1138782810882965504,1778124656000,1778126906000,1,20.888,14.408,1.4497501388117715,632578958264631296,1778124656000,1138782810882965504,RJ47GA6253,2250000,1778126906000,38.03727782002536,20.888,0.5500000000001819,14.408059780312636,1.4497441236703947,14.408059780312636,1778124656000-632578958264631296-1138782810882965504,21.60000000000582,,,,
1127222273418199040,1778153737000-632578958264631296-1127222273418199040,1778153737000,1778155370000,1,20.845,4.415,4.7214043035107585,632578958264631296,1778153737000,1127222273418199040,RJ47GA3844,1633000,1778155370000,11.656503128135881,20.845,0.4499999999989086,4.415342093990864,4.721038496285342,3.874839978828709,1778153737000-632578958264631296-1127222273418199040,20.125,,,,
1060579746913452032,1778160030000-632578958264631296-1060579746913452032,1778160030000,1778162246000,1,20.839,8.903,2.3406716837021224,632578958264631296,1778160030000,1060579746913452032,RJ47GA3879,2216000,1778162246000,23.50480648194697,20.839,0.5500000000010914,8.903335788616277,2.340583405451758,8.903335788616277,1778160030000-632578958264631296-1060579746913452032,21.0,,,,
946027472992862208,1778165584000-632578958264631296-946027472992862208,1778165584000,1778167835000,1,20.817,4.209,4.945830363506771,632578958264631296,1778165584000,946027472992862208,RJ47GA3474,2251000,1778167835000,11.112545584471698,20.817,0.5999999999985448,4.209297569875643,4.94548072556795,2.7410904380598557,1778165584000-632578958264631296-946027472992862208,22.375,,,,
959434235414839296,1778109087000-632578958264631296-959434235414839296,1778109087000,1778111997000,1,20.793,5.658,3.674973488865323,632578958264631296,1778109087000,959434235414839296,RJ47GA4862,2910000,1778111997000,14.937298064746901,20.793,0.0,5.658067448767765,3.674929680191136,5.658067448767765,1778109087000-632578958264631296-959434235414839296,21.29999999998836,,,,
780067386190462976,1778172332000-632578958264631296-780067386190462976,1778172332000,1778175158000,1,20.731,7.87,2.6341804320203304,632578958264631296,1778172332000,780067386190462976,RJ47GA2450,2826000,1778175158000,20.77715206183506,20.731,0.75,7.870133356755704,2.634135796721228,7.870133356755705,1778172332000-632578958264631296-780067386190462976,23.520000000018626,,,,
944590866851299328,1778116664000-632578958264631296-944590866851299328,1778116664000,1778118922000,1,20.723,4.601,4.504020865029341,632578958264631296,1778116664000,944590866851299328,RJ47GA3402,2258000,1778118922000,12.14684864752782,20.723,0.5499999999992724,4.601079033154477,4.503943499051877,4.601079033154477,1778116664000-632578958264631296-944590866851299328,21.875,,,,
1298646515224412160,1778111570000-632578958264631296-1298646515224412160,1778111570000,1778114127000,1,20.704,5.114,4.048494329292139,632578958264631296,1778111570000,1298646515224412160,RJ47GA3863,2557000,1778114127000,13.500520043143311,20.704,0.6499999999996362,5.113833349675496,4.048626262197964,5.113833349675496,1778111570000-632578958264631296-1298646515224412160,20.625,,,,
1064532839803912192,1778132321000-632578958264631296-1064532839803912192,1778132321000,1778135059000,1,20.683,12.707,1.6276855276619184,632578958264631296,1778132321000,1064532839803912192,RJ47GA3903,2738000,1778135059000,33.54540093474033,20.683,0.6999999999989086,12.706591263159215,1.6277378859243818,12.706591263159215,1778132321000-632578958264631296-1064532839803912192,21.125,,,,
1046443765134262272,1778157352000-632578958264631296-1046443765134262272,1778157352000,1778160501000,1,20.645,9.269,2.227316862660481,632578958264631296,1778157352000,1046443765134262272,RJ47GA4014,3149000,1778160501000,24.470542852295228,20.645,0.8500000000003638,9.269145019808798,2.227282015318589,9.269145019808798,1778157352000-632578958264631296-1046443765134262272,21.0,,,,
780067386190462976,1778137886000-632578958264631296-780067386190462976,1778137886000,1778140938000,1,20.516,7.956,2.578682755153343,632578958264631296,1778137886000,780067386190462976,RJ47GA2450,3052000,1778140938000,21.003730965456423,20.516,0.7999999999992724,7.955958699036524,2.57869614160824,7.9559586990365245,1778137886000-632578958264631296-780067386190462976,23.520000000018626,,,,
1175796546902425600,1778143485000-632578958264631296-1175796546902425600,1778143485000,1778146163000,1,20.502,9.411,2.178514504303475,632578958264631296,1778143485000,1175796546902425600,RJ47GA6338,2678000,1778146163000,24.844283429732627,20.502,0.7000000000007276,9.410713420353268,2.1785808454924105,9.41071342035327,1778143485000-632578958264631296-1175796546902425600,21.60000000000582,,,,
944573988506435584,1778130442000-632578958264631296-944573988506435584,1778130442000,1778133455000,1,20.5,6.261,3.2742373422775914,632578958264631296,1778130442000,944573988506435584,RJ47GA3719,3013000,1778133455000,16.528923063591257,20.5,0.6999999999998181,6.260955705905779,3.2742605063733228,6.260955705905779,1778130442000-632578958264631296-944573988506435584,20.5,,,,
970288452387995648,1778140892000-632578958264631296-970288452387995648,1778140892000,1778143745000,1,20.49,8.613,2.3789620341344477,632578958264631296,1778140892000,970288452387995648,RJ47GA3399,2853000,1778143745000,22.73862845202668,20.49,0.7999999999992724,8.613116837888894,2.3789297632495803,8.613116837888894,1778140892000-632578958264631296-970288452387995648,13.125,,,,
1083727289243402240,1778148804000-632578958264631296-1083727289243402240,1778148804000,1778150902000,1,20.473,7.433,2.7543387595856315,632578958264631296,1778148804000,1083727289243402240,RJ47GA6320,2098000,1778150902000,19.624400295238107,20.473,0.5500000000001819,7.433484960317465,2.7541590666143825,7.433484960317465,1778148804000-632578958264631296-1083727289243402240,21.70000000001164,,,,
944589988106862592,1778119054000-632578958264631296-944589988106862592,1778119054000,1778121224000,1,20.438,6.452,3.1676999380037194,632578958264631296,1778119054000,944589988106862592,RJ47GA2625,2170000,1778121224000,17.033972568528686,20.438,0.5499999999992724,6.452262336563896,3.1675711454230955,6.452262336563896,1778119054000-632578958264631296-944589988106862592,22.125,,,,
862693652038680576,1778124265000-632578958264631296-862693652038680576,1778124265000,1778125948000,1,20.395,7.122,2.8636618927267623,632578958264631296,1778124265000,862693652038680576,RJ47GA4378,1683000,1778125948000,18.803349769518245,20.395,0.3999999999996362,7.122480973302365,2.863468512790394,7.122480973302364,1778124265000-632578958264631296-862693652038680576,20.900000000023283,['900758004234715138'],,900758004234715138,0.0
1540361293100220416,1778157561000-632578958264631296-1540361293100220416,1778157561000,1778159445000,1,20.372,9.925,2.052594458438287,632578958264631296,1778157561000,1540361293100220416,NL01AK8392,1884000,1778159445000,26.20263570732113,20.372,0.44999999999998863,9.9252407982277,2.0525446600386488,9.9252407982277,1778157561000-632578958264631296-1540361293100220416,20.659999999999854,,,,
1422205425331208192,1778133427000-632578958264631296-1422205425331208192,1778133427000,1778138662000,1,20.339,26.67,0.7626171728533933,632578958264631296,1778133427000,1422205425331208192,NL01AJ9003,5235000,1778138662000,70.40817110884294,20.339,1.400000000000091,26.669761783652625,0.7626239846081752,26.669761783652625,1778133427000-632578958264631296-1422205425331208192,21.5,,,,
1187402009754468352,1778173715000-632578958264631296-1187402009754468352,1778173715000,1778177071000,1,20.308,10.071,2.0164829709065635,632578958264631296,1778173715000,1187402009754468352,RJ47GA6476,3356000,1778177071000,26.58859717837932,20.308,0.8499999999994543,10.071438325143681,2.0163952103345957,10.07143832514368,1778173715000-632578958264631296-1187402009754468352,21.39999999999418,,,,
1067764977248501760,1778111650000-632578958264631296-1067764977248501760,1778111650000,1778113822000,1,20.297,6.71,3.0248882265275707,632578958264631296,1778111650000,1067764977248501760,RJ47GA5835,2172000,1778113822000,17.71346677956301,20.297,0.6000000000003638,6.7096465074102305,3.0250475904481258,6.7096465074102305,1778111650000-632578958264631296-1067764977248501760,21.5,,,,
1175796546902425600,1778124529000-632578958264631296-1175796546902425600,1778124529000,1778126770000,1,20.281,7.777,2.607817924649608,632578958264631296,1778124529000,1175796546902425600,RJ47GA6338,2241000,1778126770000,20.531055071452652,20.281,0.6000000000003638,7.776914799792671,2.607846494671728,7.776914799792671,1778124529000-632578958264631296-1175796546902425600,21.39999999999418,,,,
780067386190462976,1778148415000-632578958264631296-780067386190462976,1778148415000,1778150952000,1,20.281,7.797,2.601128639220213,632578958264631296,1778148415000,780067386190462976,RJ47GA2450,2537000,1778150952000,20.5832890114178,20.281,0.6499999999996362,7.796700383112803,2.6012285971546962,7.796700383112803,1778148415000-632578958264631296-780067386190462976,27.09000000002561,,,,
1083778254826897408,1778134007000-632578958264631296-1083778254826897408,1778134007000,1778136471000,1,20.208,4.516,4.474756421612046,632578958264631296,1778134007000,1083778254826897408,RJ47GA3529,2464000,1778136471000,11.92108069556633,20.208,0.6500000000014552,4.515560869532701,4.475191583917515,4.515560869532701,1778134007000-632578958264631296-1083778254826897408,19.25,,,,
797458881650360320,1778132991000-632578958264631296-797458881650360320,1778132991000,1778135166000,1,20.2,7.755,2.604771115409413,632578958264631296,1778132991000,797458881650360320,RJ47GA3119,2175000,1778135166000,20.474189941698917,20.2,0.5500000000010914,7.755374977916256,2.604645172866601,7.755374977916255,1778132991000-632578958264631296-797458881650360320,22.78000000002794,['900758004213743620'],,900758004213743620,
1050441880044568576,1778129411000-632578958264631296-1050441880044568576,1778129411000,1778131531000,1,20.199,8.805,2.2940374787052815,632578958264631296,1778129411000,1050441880044568576,RJ47GA3669,2120000,1778131531000,23.246304783342328,20.199,0.5499999999992724,8.80541847853876,2.293928454306919,8.80541847853876,1778129411000-632578958264631296-1050441880044568576,20.75,,,,
1373358446576926720,1778148963000-632578958264631296-1373358446576926720,1778148963000,1778153073000,1,20.158,1.449,13.911663216011043,632578958264631296,1778148963000,1373358446576926720,HR26EQ4539,4110000,1778153073000,3.82480702799172,20.158,1.1336111111113496,1.4487905409059545,13.913674496656256,1.4487905409059545,1778148963000-632578958264631296-1373358446576926720,20.11500000001979,,,,
1067767771279917056,1778168983000-632578958264631296-1067767771279917056,1778168983000,1778171723000,1,20.151,5.836,3.4528786840301575,632578958264631296,1778168983000,1067767771279917056,RJ47GA6234,2740000,1778171723000,15.406920981802056,20.151,0.6999999999998181,5.835954917349263,3.4529053574582345,5.835954917349263,1778168983000-632578958264631296-1067767771279917056,21.5,,,,
966383863687282688,1778158856000-632578958264631296-966383863687282688,1778158856000,1778160900000,1,20.148,3.395,5.934609720176731,632578958264631296,1778158856000,966383863687282688,RJ47GA4672,2044000,1778160900000,8.962680809725923,20.148,0.4499999999989086,3.39495485216891,5.934688641626027,3.3949548521689104,1778158856000-632578958264631296-966383863687282688,20.100000000034925,,,,
977133830013976576,1778143262000-632578958264631296-977133830013976576,1778143262000,1778146042000,1,20.136,6.892,2.921648287869994,632578958264631296,1778143262000,977133830013976576,RJ47GA5039,2780000,1778146042000,18.193980741001017,20.136,0.7518286111111112,6.8916593715912935,2.9217926937892997,6.8916593715912935,1778143262000-632578958264631296-977133830013976576,21.0,,,,
1050441880044568576,1778149115000-632578958264631296-1050441880044568576,1778149115000,1778151548000,1,20.114,10.692,1.8812196034418258,632578958264631296,1778149115000,1050441880044568576,RJ47GA3669,2433000,1778151548000,28.226780831084405,20.114,0.7000000000007276,10.69196243601682,1.8812262127150967,10.69196243601682,1778149115000-632578958264631296-1050441880044568576,20.625,,,,
1396881703661731840,1778143471000-632578958264631296-1396881703661731840,1778143471000,1778146198000,1,20.109,7.881,2.5515797487628475,632578958264631296,1778143471000,1396881703661731840,NL01AJ6921,2727000,1778146198000,20.805034289869276,20.109,0.6999999999998181,7.880694806768664,2.5516785630029153,7.880694806768664,1778143471000-632578958264631296-1396881703661731840,21.25,,,,
1268614873160351744,1778153043000-632578958264631296-1268614873160351744,1778153043000,1778155336000,1,20.063,8.813,2.2765233178259385,632578958264631296,1778153043000,1268614873160351744,RJ47GA5515,2293000,1778155336000,23.266514741620504,20.063,0.6000000000003638,8.813073765765342,2.276504263238479,8.813073765765342,1778153043000-632578958264631296-1268614873160351744,20.89999999999418,,,,
1056588446363025408,1778123616000-632578958264631296-1056588446363025408,1778123616000,1778125767000,1,20.043,8.192,2.4466552734375,632578958264631296,1778123616000,1056588446363025408,RJ47GA3530,2151000,1778125767000,21.6280565443205,20.043,0.5499999999992724,8.192445660727461,2.4465221778743236,8.192445660727461,1778123616000-632578958264631296-1056588446363025408,21.0,,,,
1050037243114160128,1778139282000-632578958264631296-1050037243114160128,1778139282000,1778141461000,1,20.006,6.589,3.0362725755046287,632578958264631296,1778139282000,1050037243114160128,RJ47GA5923,2179000,1778141461000,17.393821096846068,20.006,0.5500000000001819,6.588568597290177,3.036471382908315,6.588568597290177,1778139282000-632578958264631296-1050037243114160128,20.739999999990687,,,,
1422205425331208192,1778151156000-632578958264631296-1422205425331208192,1778151156000,1778153209000,1,20.005,4.03,4.964019851116625,632578958264631296,1778151156000,1422205425331208192,NL01AJ9003,2053000,1778153209000,10.639224801674391,20.005,0.5500000000001819,4.030009394573633,4.964008279220522,4.030009394573633,1778151156000-632578958264631296-1422205425331208192,19.75,,,,
1050441880044568576,1778132961000-632578958264631296-1050441880044568576,1778132961000,1778135648000,1,20.0,6.212,3.2195750160978753,632578958264631296,1778132961000,1050441880044568576,RJ47GA3669,2687000,1778135648000,16.39930765255923,20.0,0.6999999999989086,6.211858959302738,3.2196481167764532,6.211858959302738,1778132961000-632578958264631296-1050441880044568576,20.0,,,,
1067764977248501760,1778167391000-632578958264631296-1067764977248501760,1778167391000,1778169271000,1,19.973,7.391,2.7023406846164253,632578958264631296,1778167391000,1067764977248501760,RJ47GA5835,1880000,1778169271000,19.512896283923887,19.973,0.5,7.391248592395412,2.7022497958666274,7.391248592395412,1778167391000-632578958264631296-1067764977248501760,20.89999999999418,,,,
1478819140813717504,1778166790000-632578958264631296-1478819140813717504,1778166790000,1778168729000,1,19.853,6.05,3.2814876033057856,632578958264631296,1778166790000,1478819140813717504,NL01AK3097,1939000,1778168729000,15.973243110862326,19.853,0.5,6.0504708753266385,3.281232222926488,6.0504708753266385,1778166790000-632578958264631296-1478819140813717504,19.375,,,,
1064527564812320768,1778108620000-632578958264631296-1064527564812320768,1778108620000,1778111165000,1,19.841,11.735,1.6907541542394549,632578958264631296,1778108620000,1064527564812320768,RJ47GA3509,2545000,1778111165000,30.980660072591967,19.841,0.6500000000014552,11.735098512345441,1.690739960906768,11.735098512345441,1778108620000-632578958264631296-1064527564812320768,21.5,,,,
1462138214197231616,1778130177000-632578958264631296-1462138214197231616,1778130177000,1778132714000,1,19.832,6.991,2.836790158775569,632578958264631296,1778130177000,1462138214197231616,RJ47GA5984,2537000,1778132714000,18.457152617401825,19.832,0.6499999999996362,6.9913456884097815,2.8366498931496684,6.9913456884097815,1778130177000-632578958264631296-1462138214197231616,19.39999999999418,,,,
1536022277991170048,1778161565000-632578958264631296-1536022277991170048,1778161565000,1778163585000,1,19.782,6.354,3.1133144475920678,632578958264631296,1778161565000,1536022277991170048,NL01AK7897,2020000,1778163585000,16.774793634901748,19.782,0.5,6.354088498068843,3.1132710861695134,6.354088498068843,1778161565000-632578958264631296-1536022277991170048,20.484999999999673,,,,
1535704124731949056,1778114674000-632578958264631296-1535704124731949056,1778114674000,1778116899000,1,19.674,7.606,2.5866421246384435,632578958264631296,1778114674000,1535704124731949056,NL01AK7898,2225000,1778116899000,20.078609364243547,19.674,0.6000000000000227,7.605533850092252,2.586800662225882,7.605533850092253,1778114674000-632578958264631296-1535704124731949056,20.32499999999891,,,,
970288452387995648,1778127215000-632578958264631296-970288452387995648,1778127215000,1778128720000,1,19.66,5.402,3.639392817475009,632578958264631296,1778127215000,970288452387995648,RJ47GA3399,1505000,1778128720000,14.26094833511483,19.66,0.3999999999996362,5.4018743693616775,3.6394774583258513,5.4018743693616775,1778127215000-632578958264631296-970288452387995648,12.25,,,,
863411203819438080,1778173046000-632578958264631296-863411203819438080,1778173046000,1778175856000,1,19.648,11.425,1.719737417943107,632578958264631296,1778173046000,863411203819438080,RJ47GA4438,2810000,1778175856000,30.16185827088512,19.648,0.6999999999998181,11.424946314729212,1.7197454989061527,11.424946314729212,1778173046000-632578958264631296-863411203819438080,20.70000000001164,['829378564599054336'],,829378564599054336,0.0
1362452416535986176,1778161477000-632578958264631296-1362452416535986176,1778161477000,1778163710000,1,19.639,3.728,5.267972103004292,632578958264631296,1778161477000,1362452416535986176,NL01AJ4201,2233000,1778163710000,9.840780992509213,19.639,0.599999999999909,3.7275685577686413,5.268581837098684,3.7275685577686413,1778161477000-632578958264631296-1362452416535986176,20.0,,,,
1112389405491855360,1778171062000-632578958264631296-1112389405491855360,1778171062000,1778172949000,1,19.587,7.03,2.7862019914651492,632578958264631296,1778171062000,1112389405491855360,RJ47GA3734,1887000,1778172949000,18.55799048749709,19.587,0.5,7.029541851324654,2.786383581500266,7.0295418513246535,1778171062000-632578958264631296-1112389405491855360,19.5,,,,
863411203819438080,1778115485000-632578958264631296-863411203819438080,1778115485000,1778117318000,1,19.456,7.295,2.6670322138450993,632578958264631296,1778115485000,863411203819438080,RJ47GA4438,1833000,1778117318000,19.25940915743262,19.456,0.5,7.295230741451751,2.6669478580643573,7.295230741451751,1778115485000-632578958264631296-863411203819438080,20.39999999999418,['829378564599054336'],,829378564599054336,0.0
1083726887294861312,1778140895000-632578958264631296-1083726887294861312,1778140895000,1778142849000,1,19.405,7.165,2.708304256803908,632578958264631296,1778140895000,1083726887294861312,RJ47GA6339,1954000,1778142849000,18.915950816282887,19.405,0.5500000000001819,7.165132884955638,2.7082540284415315,7.165132884955638,1778140895000-632578958264631296-1083726887294861312,20.60000000000582,,,,
1540361729291059200,1778118340000-632578958264631296-1540361729291059200,1778118340000,1778120189000,1,19.399,5.218,3.717707934074358,632578958264631296,1778118340000,1540361729291059200,NL01AK8391,1849000,1778120189000,13.775296725314005,19.399,0.5,5.2179154262553045,3.7177681919467043,5.2179154262553045,1778118340000-632578958264631296-1540361729291059200,19.25500000000011,,,,
1112389405491855360,1778115996000-632578958264631296-1112389405491855360,1778115996000,1778117709000,1,19.326,6.2,3.1170967741935485,632578958264631296,1778115996000,1112389405491855360,RJ47GA3734,1713000,1778117709000,16.367978646872242,19.326,0.3999999999996362,6.199991911694031,3.117100840655699,6.199991911694031,1778115996000-632578958264631296-1112389405491855360,19.75,,,,
1070334753032372224,1778116147000-632578958264631296-1070334753032372224,1778116147000,1778117686000,1,19.315,7.459,2.5894892076685885,632578958264631296,1778116147000,1070334753032372224,RJ47GA4000,1539000,1778117686000,19.69256534379982,19.315,0.3999999999996362,7.459305054469629,2.5893833083587885,7.459305054469629,1778116147000-632578958264631296-1070334753032372224,18.5,['1096406669480427549'],,,
908732861828300800,1778143411000-632578958264631296-908732861828300800,1778143411000,1778147443000,1,19.307,6.718,2.873920809764811,632578958264631296,1778143411000,908732861828300800,RJ47GA2126,4032000,1778147443000,17.73659756471395,19.307,1.0500000000010914,6.718408168452253,2.8737462083146745,6.718408168452252,1778143411000-632578958264631296-908732861828300800,20.0,,,,
780067386190462976,1778146113000-632578958264631296-780067386190462976,1778146113000,1778148143000,1,19.261,5.884,3.273453433038749,632578958264631296,1778146113000,780067386190462976,RJ47GA2450,2030000,1778148143000,15.53314583906389,19.261,0.4500000000007276,5.883767363281776,3.2735828612463758,5.883767363281776,1778146113000-632578958264631296-780067386190462976,20.160000000032596,,,,
819592403370377216,1778158834000-632578958264631296-819592403370377216,1778158834000,1778162387000,1,19.259,5.56,3.4638489208633096,632578958264631296,1778158834000,819592403370377216,RJ47GA3114,3553000,1778162387000,14.6770834930388,19.259,0.9500000000007276,5.559501323120758,3.464159621638366,5.559501323120758,1778158834000-632578958264631296-819592403370377216,21.210000000020955,['900758004209549319'],,900758004209549319,
1072872003913908224,1778132293000-632578958264631296-1072872003913908224,1778132293000,1778134681000,1,19.258,5.167,3.7271143797174378,632578958264631296,1778132293000,1072872003913908224,RJ47GA2729,2388000,1778134681000,13.639595589508193,19.258,0.6499999999996362,5.166513480874316,3.727465353819423,5.166513480874316,1778132293000-632578958264631296-1072872003913908224,19.375,,,,
870568761881526272,1778115101000-632578958264631296-870568761881526272,1778115101000,1778116572000,1,19.245,6.131,3.138965910944381,632578958264631296,1778115101000,870568761881526272,RJ47GA4522,1471000,1778116572000,16.18708963099337,19.245,0.2999999999992724,6.131473345073245,3.138723585166316,6.131473345073245,1778115101000-632578958264631296-870568761881526272,19.20000000001164,,,,0.0
1385304935976927232,1778161755000-632578958264631296-1385304935976927232,1778161755000,1778163617000,1,19.229,6.916,2.780364372469635,632578958264631296,1778161755000,1385304935976927232,NL01AJ5688,1862000,1778163617000,18.258088607750437,19.229,0.45000000000027285,6.915942654450923,2.7803874266691193,6.915942654450922,1778161755000-632578958264631296-1385304935976927232,20.375,,,,
1176184196838719488,1778123003000-632578958264631296-1176184196838719488,1778123003000,1778124705000,1,19.158,5.854,3.27263409634438,632578958264631296,1778123003000,1176184196838719488,RJ14GP9553,1702000,1778124705000,15.455287606611325,19.158,0.4000000000005457,5.854275608564896,3.272480026729789,5.854275608564896,1778123003000-632578958264631296-1176184196838719488,18.20000000001164,,,,
1097510484225032192,1778163146000-632578958264631296-1097510484225032192,1778163146000,1778164928000,1,19.131,6.413,2.9831592078590363,632578958264631296,1778163146000,1097510484225032192,RJ47GA3830,1782000,1778164928000,16.9294594619845,19.131,0.4499999999989086,6.412674038630493,2.9833108442364655,6.412674038630493,1778163146000-632578958264631296-1097510484225032192,20.25,,,,
1187402009754468352,1778140022000-632578958264631296-1187402009754468352,1778140022000,1778141983000,1,19.1,7.355,2.5968728755948334,632578958264631296,1778140022000,1187402009754468352,RJ47GA6476,1961000,1778141983000,19.418501016261683,19.10000000000582,0.5,7.355492809190031,2.5966988882297697,7.355492809190031,1778140022000-632578958264631296-1187402009754468352,19.10000000000582,,,,
1083726345994764288,1778123692000-632578958264631296-1083726345994764288,1778123692000,1778125214000,1,19.017,4.428,4.294715447154472,632578958264631296,1778123692000,1083726345994764288,RJ47GA6212,1522000,1778125214000,11.69117934711333,19.017,0.3999999999996362,4.428477025421715,4.294252830224189,4.428477025421715,1778123692000-632578958264631296-1083726345994764288,19.5,,,,
1464286808345935872,1778124331000-632578958264631296-1464286808345935872,1778124331000,1778125842000,1,19.008,4.838,3.9288962381149233,632578958264631296,1778124331000,1464286808345935872,NL01AK1960,1511000,1778125842000,12.773158656168667,19.008,0.3999999999998636,4.838317672791161,3.9286382758399028,4.838317672791161,1778124331000-632578958264631296-1464286808345935872,18.375,,,,
1046442858321543168,1778155217000-632578958264631296-1046442858321543168,1778155217000,1778158225000,1,18.996,3.732,5.090032154340835,632578958264631296,1778155217000,1046442858321543168,RJ47GA3432,3008000,1778158225000,9.852084314541264,18.996,0.8000000000010914,3.731850119144418,5.090236583337145,3.731850119144418,1778155217000-632578958264631296-1046442858321543168,18.25,,,,
1471165126924042240,1778169213000-632578958264631296-1471165126924042240,1778169213000,1778171613000,1,18.943,7.25,2.6128275862068966,632578958264631296,1778169213000,1471165126924042240,NL01AK2621,2400000,1778171613000,19.139650865498922,18.943,0.650000000000091,7.249867752082925,2.6128752479047055,7.249867752082925,1778169213000-632578958264631296-1471165126924042240,20.0,,,,
961239466377216000,1778157773000-632578958264631296-961239466377216000,1778157773000,1778160846000,1,18.94,4.908,3.859005704971475,632578958264631296,1778157773000,961239466377216000,RJ47GA2691,3073000,1778160846000,12.956309451166558,18.94,0.7999999999992724,4.907692973926726,3.8592471249980815,4.907692973926726,1778157773000-632578958264631296-961239466377216000,19.75,,,,
926835749754503168,1778124450000-632578958264631296-926835749754503168,1778124450000,1778126457000,1,18.935,5.371,3.525414261776205,632578958264631296,1778124450000,926835749754503168,RJ47GA2702,2007000,1778126457000,14.179083138296646,18.935,0.5500000000010914,5.370864825112365,3.5255029900336123,5.370864825112365,1778124450000-632578958264631296-926835749754503168,16.875,,,,
1536014570613637120,1778169197000-632578958264631296-1536014570613637120,1778169197000,1778170896000,1,18.931,7.417,2.5523796683295137,632578958264631296,1778169197000,1536014570613637120,NL01AK9202,1699000,1778170896000,19.580927181176776,18.931,0.44999999999998863,7.417017871657869,2.5523735182491207,7.417017871657869,1778169197000-632578958264631296-1536014570613637120,19.34999999999991,,,,
908732861828300800,1778138771000-632578958264631296-908732861828300800,1778138771000,1778141515000,1,18.896,9.377,2.0151434360669724,632578958264631296,1778138771000,908732861828300800,RJ47GA2126,2744000,1778141515000,24.75463000271018,18.896,0.7000000000007276,9.37675378890537,2.015196348906789,9.37675378890537,1778138771000-632578958264631296-908732861828300800,19.5,,,,
780067386190462976,1778118061000-632578958264631296-780067386190462976,1778118061000,1778120583000,1,18.886,5.734,3.293686780606906,632578958264631296,1778118061000,780067386190462976,RJ47GA2450,2522000,1778120583000,15.138291344040999,18.886,0.6499999999996362,5.734201266682196,3.293571174373414,5.734201266682196,1778118061000-632578958264631296-780067386190462976,20.789999999979045,,,,
1083728870357598208,1778130195000-632578958264631296-1083728870357598208,1778130195000,1778132623000,1,18.869,11.519,1.6380762218942617,632578958264631296,1778130195000,1083728870357598208,RJ47GA6364,2428000,1778132623000,30.40946268181611,18.869,0.6500000000005457,11.518735864324283,1.6381137845552032,11.518735864324283,1778130195000-632578958264631296-1083728870357598208,20.0,,,,
946027472992862208,1778149661000-632578958264631296-946027472992862208,1778149661000,1778151345000,1,18.846,5.387,3.498422127343605,632578958264631296,1778149661000,946027472992862208,RJ47GA3474,1684000,1778151345000,14.222117706925623,18.846,0.3999999999996362,5.387165798077887,3.498314458174678,5.387165798077887,1778149661000-632578958264631296-946027472992862208,19.875,,,,
926866983197081600,1778137241000-632578958264631296-926866983197081600,1778137241000,1778139136000,1,18.613,5.283,3.5231875828127954,632578958264631296,1778137241000,926866983197081600,RJ47GA3435,1895000,1778139136000,13.948356387305845,18.613,0.4500000000007276,5.283468328524941,3.5228752862036083,5.283468328524941,1778137241000-632578958264631296-926866983197081600,18.125,,,,
1067765247101632512,1778155345000-632578958264631296-1067765247101632512,1778155345000,1778157475000,1,18.597,5.555,3.3477947794779483,632578958264631296,1778155345000,1067765247101632512,RJ47GA6282,2130000,1778157475000,14.664329268205124,18.597,0.0,5.554670177350426,3.3479935632957347,5.554670177350426,1778155345000-632578958264631296-1067765247101632512,19.60000000000582,,,,
1088511709141794816,1778162493000-632578958264631296-1088511709141794816,1778162493000,1778165931000,1,18.59,10.282,1.8080140050573819,632578958264631296,1778162493000,1088511709141794816,RJ47GA5905,3438000,1778165931000,27.143700857765072,18.59,0.9499999999998181,10.281704870365557,1.8080659029205386,10.281704870365557,1778162493000-632578958264631296-1088511709141794816,19.89999999999418,,,,
1131631502098956288,1778129138000-632578958264631296-1131631502098956288,1778129138000,1778131485000,1,18.544,6.309,2.9392930733872245,632578958264631296,1778129138000,1131631502098956288,RJ47GA6180,2347000,1778131485000,16.656530606543082,18.544,0.0,6.309291896417834,2.9391570883776272,6.309291896417834,1778129138000-632578958264631296-1131631502098956288,19.79999999998836,,,,
1131571393566081024,1778153795000-632578958264631296-1131571393566081024,1778153795000,1778156689000,1,18.541,4.018,4.614484818317571,632578958264631296,1778153795000,1131571393566081024,RJ47GA1964,2894000,1778156689000,10.60708428313451,18.541,0.0,4.017834955732769,4.61467437171483,3.4627927481846834,1778153795000-632578958264631296-1131571393566081024,23.5,,,,
1091761897729949696,1778114709000-632578958264631296-1091761897729949696,1778114709000,1778116887000,1,18.54,8.192,2.26318359375,632578958264631296,1778114709000,1091761897729949696,RJ47GA3662,2178000,1778116887000,21.627312203634343,18.54,0.6000000000003638,8.192163713497857,2.263138365930417,8.192163713497857,1778114709000-632578958264631296-1091761897729949696,20.25,,,,
1471164933021368320,1778115131000-632578958264631296-1471164933021368320,1778115131000,1778116934000,1,18.524,6.544,2.8306845965770173,632578958264631296,1778115131000,1471164933021368320,NL01AK2622,1803000,1778116934000,17.277356694077763,18.524,0.4499999999998181,6.544453293211274,2.8304885328183813,6.544453293211274,1778115131000-632578958264631296-1471164933021368320,19.625,,,,
946029440482148352,1778132894000-632578958264631296-946029440482148352,1778132894000,1778134938000,1,18.51,7.745,2.3899289864428663,632578958264631296,1778132894000,946029440482148352,RJ47GA3752,2044000,1778134938000,20.445815370966056,18.51,0.5,7.7446270344568395,2.39004408057956,7.7446270344568395,1778132894000-632578958264631296-946029440482148352,20.125,,,,
780122893064339456,1778162018000-632578958264631296-780122893064339456,1778162018000,1778164157000,1,18.478,6.481,2.8511032248109864,632578958264631296,1778162018000,780122893064339456,RJ47GA3065,2139000,1778164157000,17.10990871358992,18.478,0.5499999999992724,6.48102602787497,2.851091774747687,6.48102602787497,1778162018000-632578958264631296-780122893064339456,20.48000000003958,['900758004201160710'],,900758004201160710,
1268614873160351744,1778140546000-632578958264631296-1268614873160351744,1778140546000,1778142284000,1,18.466,7.14,2.5862745098039217,632578958264631296,1778140546000,1268614873160351744,RJ47GA5515,1738000,1778142284000,18.849934369014935,18.466,0.4499999999998181,7.140126654929899,2.586228633248425,7.140126654929899,1778140546000-632578958264631296-1268614873160351744,19.199999999982538,,,,
1478688867300147200,1778151982000-632578958264631296-1478688867300147200,1778151982000,1778154133000,1,18.462,7.671,2.4067266327727803,632578958264631296,1778151982000,1478688867300147200,NL01AK3095,2151000,1778154133000,20.250741612845385,18.462,0.5500000000001819,7.67073545941113,2.4068096335337965,7.67073545941113,1778151982000-632578958264631296-1478688867300147200,19.5,,,,
1113484110199783424,1778106111000-632578958264631296-1113484110199783424,1778106111000,1778108890000,1,18.459,4.682,3.9425459205467743,632578958264631296,1778106111000,1113484110199783424,RJ47GA3920,2779000,1778108890000,12.359361086293267,18.459,0.75,4.68157616905048,3.942902845847292,4.68157616905048,1778106111000-632578958264631296-1113484110199783424,18.75,,,,
926866983197081600,1778131633000-632578958264631296-926866983197081600,1778131633000,1778133528000,1,18.42,5.078,3.627412367073651,632578958264631296,1778131633000,926866983197081600,RJ47GA3435,1895000,1778133528000,13.405674819118673,18.42,0.4500000000007276,5.077907128454043,3.627478710034606,5.077907128454043,1778131633000-632578958264631296-926866983197081600,17.5,,,,
847116116999274496,1778135171000-632578958264631296-847116116999274496,1778135171000,1778138978000,1,18.378,6.971,2.636350595323483,632578958264631296,1778135171000,847116116999274496,RJ47GA3311,3807000,1778138978000,18.404651686850382,18.378,1.0499999999992724,6.971458972291812,2.6361770288032518,6.971458972291812,1778135171000-632578958264631296-847116116999274496,,,,,
934473019407990784,1778131868000-632578958264631296-934473019407990784,1778131868000,1778133831000,1,18.332,5.922,3.0955758189800746,632578958264631296,1778131868000,934473019407990784,RJ47GA4712,1963000,1778133831000,15.635104460394526,18.332,0.5,5.922388053179745,3.0953729872796,5.922388053179745,1778131868000-632578958264631296-934473019407990784,18.70000000001164,,,,
977133830013976576,1778129752000-632578958264631296-977133830013976576,1778129752000,1778131567000,1,18.241,5.891,3.096418265150229,632578958264631296,1778129752000,977133830013976576,RJ47GA5039,1815000,1778131567000,15.551040365102864,18.241,0.4499999999998181,5.890545592841994,3.096657128359365,5.890545592841994,1778129752000-632578958264631296-977133830013976576,19.0,,,,
1083727048683290624,1778133680000-632578958264631296-1083727048683290624,1778133680000,1778135235000,1,18.233,6.292,2.89780673871583,632578958264631296,1778133680000,1083727048683290624,RJ47GA6340,1555000,1778135235000,16.610715431981163,18.233,0.3999999999996362,6.291937663629228,2.897835448274784,6.291937663629228,1778133680000-632578958264631296-1083727048683290624,18.79999999998836,,,,
1134877765846171648,1778142257000-632578958264631296-1134877765846171648,1778142257000,1778143721000,1,18.228,7.124,2.5586749017405954,632578958264631296,1778142257000,1134877765846171648,RJ47GA6215,1464000,1778143721000,18.807496773928744,18.228,0.3573413888892527,7.1240518083063415,2.5586562942659863,6.21751671156164,1778142257000-632578958264631296-1134877765846171648,16.20000000001164,,,,
635414692210147328,1778167736000-632578958264631296-635414692210147328,1778167736000,1778169937000,1,18.143,5.896,3.0771709633649933,632578958264631296,1778167736000,635414692210147328,RJ47GA2704,2201000,1778169937000,15.566132190929626,18.143,0.5499999999992724,5.896262193533949,3.0770341284850358,5.896262193533949,1778167736000-632578958264631296-635414692210147328,20.479999999981374,['900758004196966400'],,900758004196966400,
1396881508228136960,1778098176000-632578958264631296-1396881508228136960,1778098176000,1778101349000,1,18.104,8.439,2.1452778765256544,632578958264631296,1778098176000,1396881508228136960,NL01AJ6925,3173000,1778101349000,22.2801544663847,18.104,0.7999999999997272,8.439452449388144,2.145162865549711,8.439452449388144,1778098176000-632578958264631296-1396881508228136960,18.875,,,,
1103352309556969472,1778130043000-632578958264631296-1103352309556969472,1778130043000,1778131692000,1,18.1,5.74,3.153310104529617,632578958264631296,1778130043000,1103352309556969472,RJ47GA5608,1649000,1778131692000,15.154670728110691,18.1,0.0,5.740405578829807,3.1530873126371883,5.740405578829807,1778130043000-632578958264631296-1103352309556969472,19.20000000001164,,,,
1067775916656033792,1778140242000-632578958264631296-1067775916656033792,1778140242000,1778142013000,1,17.963,3.12,5.757371794871795,632578958264631296,1778140242000,1067775916656033792,RJ14GP9559,1771000,1778142013000,8.236538298986035,17.963,0.5,3.1199008708280433,5.757554724882171,3.1199008708280433,1778140242000-632578958264631296-1067775916656033792,18.60000000000582,,,,
940245549137788928,1778123361000-632578958264631296-940245549137788928,1778123361000,1778126078000,1,17.954,4.32,4.156018518518518,632578958264631296,1778123361000,940245549137788928,RJ47GA4673,2717000,1778126078000,11.404706205103059,17.954,0.75,4.319964471629946,4.156052698559777,4.319964471629946,1778123361000-632578958264631296-940245549137788928,18.60000000000582,,,,
1428031634325635072,1778148036000-632578958264631296-1428031634325635072,1778148036000,1778150043000,1,17.889,3.019,5.9254720105995355,632578958264631296,1778148036000,1428031634325635072,NL01AJ9500,2007000,1778150043000,7.9712418269372,17.889,0.5,3.019409782930757,5.924667827841585,3.019409782930757,1778148036000-632578958264631296-1428031634325635072,18.125,,,,
925753337108758528,1778112661000-632578958264631296-925753337108758528,1778112661000,1778114813000,1,17.835,4.066,4.386374815543532,632578958264631296,1778112661000,925753337108758528,RJ47GA2620,2152000,1778114813000,10.733203532370478,17.835,0.5500000000010914,4.065607398625181,4.386798392297067,4.065607398625181,1778112661000-632578958264631296-925753337108758528,21.875,,,,
1468940686052032512,1778096543000-632578958264631296-1468940686052032512,1778096543000,1778098851000,1,17.787,5.524,3.219949312092686,632578958264631296,1778096543000,1468940686052032512,RJ14GQ0824,2308000,1778098851000,14.58436558803471,17.787,0.6500000000005457,5.524380904558602,3.2197272974646887,5.524380904558602,1778096543000-632578958264631296-1468940686052032512,18.29999999998836,,,,
944573640047853568,1778142451000-632578958264631296-944573640047853568,1778142451000,1778144036000,1,17.762,5.479,3.2418324511772223,632578958264631296,1778142451000,944573640047853568,RJ47GA4654,1585000,1778144036000,14.463633827380026,17.762,0.0,5.478649177037888,3.242040040534825,5.478649177037888,1778142451000-632578958264631296-944573640047853568,18.25,,,,
1083727048683290624,1778116529000-632578958264631296-1083727048683290624,1778116529000,1778119016000,1,17.761,9.709,1.8293336079925842,632578958264631296,1778116529000,1083727048683290624,RJ47GA6340,2487000,1778119016000,25.631401212743793,17.761,0.6499999999996362,9.708864095736285,1.829359214926066,9.708864095736285,1778116529000-632578958264631296-1083727048683290624,18.10000000000582,,,,
1082303861131051008,1778135243000-632578958264631296-1082303861131051008,1778135243000,1778138086000,1,17.693,6.133,2.8848850481004407,632578958264631296,1778135243000,1082303861131051008,RJ47GA5902,2843000,1778138086000,16.192118671178882,17.693,0.75,6.133378284537455,2.884707118849153,6.1333782845374545,1778135243000-632578958264631296-1082303861131051008,18.10000000000582,,,,
1505916014645215232,1778134498000-632578958264631296-1505916014645215232,1778134498000,1778136639000,1,17.637,6.223,2.8341635866945203,632578958264631296,1778134498000,1505916014645215232,RJ47GA8530,2141000,1778136639000,16.427443999194484,17.637,0.5499999999999545,6.222516666361546,2.8343837301946153,6.222516666361545,1778134498000-632578958264631296-1505916014645215232,18.489999999997963,,,,
1153273376152748032,1778131471000-632578958264631296-1153273376152748032,1778131471000,1778134609000,1,17.582,4.576,3.84222027972028,632578958264631296,1778131471000,1153273376152748032,RJ47GA6313,3138000,1778134609000,12.08026220718746,17.582,0.8499999999994543,4.575856896661916,3.8423404396291447,4.575856896661916,1778131471000-632578958264631296-1153273376152748032,17.70000000001164,,,,
1083726789898928128,1778136360000-632578958264631296-1083726789898928128,1778136360000,1778139028000,1,17.562,6.829,2.5716796016986385,632578958264631296,1778136360000,1083726789898928128,RJ47GA6312,2668000,1778139028000,18.02925676560712,17.562,0.6999999999998181,6.829263926366332,2.5715802155773866,6.829263926366331,1778136360000-632578958264631296-1083726789898928128,18.39999999999418,,,,
1454186236603269120,1778151915000-632578958264631296-1454186236603269120,1778151915000,1778154856000,1,17.504,6.627,2.641315829183643,632578958264631296,1778151915000,1454186236603269120,Rj47GA5305,2941000,1778154856000,17.496160370163405,17.504,0.0,6.627333473546744,2.641182923700443,6.627333473546744,1778151915000-632578958264631296-1454186236603269120,18.199999999982538,,,,
1535695002116554752,1778155036000-632578958264631296-1535695002116554752,1778155036000,1778156493000,1,17.5,5.697,3.0717921713182377,632578958264631296,1778155036000,1535695002116554752,NL01AK7895,1457000,1778156493000,15.041062031275793,17.5,0.4000000000000057,5.697371981543861,3.0715916139387986,5.697371981543861,1778155036000-632578958264631296-1535695002116554752,17.595000000000255,,,,
946032945880104960,1778150683000-632578958264631296-946032945880104960,1778150683000,1778153131000,1,17.495,7.092,2.4668640721940216,632578958264631296,1778150683000,946032945880104960,RJ47GA3760,2448000,1778153131000,18.72200834620032,17.495,0.6499999999998636,7.0916698281061805,2.4669789237314244,7.0916698281061805,1778150683000-632578958264631296-946032945880104960,18.875,,,,
1385588816730914816,1778146103000-632578958264631296-1385588816730914816,1778146103000,1778148269000,1,17.433,3.021,5.7706057596822244,632578958264631296,1778146103000,1385588816730914816,NL01AJ5694,2166000,1778148269000,7.974534420223618,17.433,0.5500000000001819,3.0206569773574308,5.77126106362827,3.0206569773574308,1778146103000-632578958264631296-1385588816730914816,18.25,,,,
1505916014645215232,1778144168000-632578958264631296-1505916014645215232,1778144168000,1778145979000,1,17.429,5.136,3.3934968847352023,632578958264631296,1778144168000,1505916014645215232,RJ47GA8530,1811000,1778145979000,13.559789102580707,17.429,0.4499999999999318,5.13628375097754,3.393309412993957,5.13628375097754,1778144168000-632578958264631296-1505916014645215232,18.375,,,,
819592403370377216,1778164579000-632578958264631296-819592403370377216,1778164579000,1778166346000,1,17.396,3.563,4.882402469828796,632578958264631296,1778164579000,819592403370377216,RJ47GA3114,1767000,1778166346000,9.407051128101445,17.396,0.4500000000007276,3.5632769424626685,4.882023003235106,3.5632769424626685,1778164579000-632578958264631296-819592403370377216,19.220000000030268,['900758004209549319'],,900758004209549319,
876044057397166080,1778112890000-632578958264631296-876044057397166080,1778112890000,1778114570000,1,17.367,6.038,2.87628353759523,632578958264631296,1778112890000,876044057397166080,RJ14GN1573,1680000,1778114570000,15.941586950656268,17.367,0.3999999999996362,6.0384799055516165,2.876054946218045,6.0384799055516165,1778112890000-632578958264631296-876044057397166080,17.900000000023283,,,,0.0
932302785804763136,1778118779000-632578958264631296-932302785804763136,1778118779000,1778120498000,1,17.3,4.146,4.17269657501206,632578958264631296,1778118779000,932302785804763136,RJ47GA4681,1719000,1778120498000,10.945622769923002,17.29999999998836,0.4499999999998181,4.14606923103144,4.172626899354632,4.14606923103144,1778118779000-632578958264631296-932302785804763136,17.29999999998836,,,,
1088511709141794816,1778139421000-632578958264631296-1088511709141794816,1778139421000,1778141413000,1,17.289,6.165,2.804379562043796,632578958264631296,1778139421000,1088511709141794816,RJ47GA5905,1992000,1778141413000,16.276159058059637,17.289,0.5,6.1652117644165285,2.804283236430926,6.1652117644165285,1778139421000-632578958264631296-1088511709141794816,18.5,,,,
1131571393566081024,1778148775000-632578958264631296-1131571393566081024,1778148775000,1778151466000,1,17.287,3.616,4.780696902654867,632578958264631296,1778148775000,1131571393566081024,RJ47GA1964,2691000,1778151466000,9.54711088552342,17.287,0.0,3.616329880880083,4.780260808450631,3.040530168526877,1778148775000-632578958264631296-1131571393566081024,21.25,,,,
1050035879038418944,1778151726000-632578958264631296-1050035879038418944,1778151726000,1778153776000,1,17.286,4.339,3.9838672505185526,632578958264631296,1778151726000,1050035879038418944,RJ47GA6473,2050000,1778153776000,11.45406730796243,17.286,0.5613897222222222,4.3386618590766775,3.984177739926172,4.3386618590766775,1778151726000-632578958264631296-1050035879038418944,18.0,,,,
1357047782162038784,1778151709000-632578958264631296-1357047782162038784,1778151709000,1778153631000,1,17.285,4.14,4.17512077294686,632578958264631296,1778151709000,1357047782162038784,NL01AJ3746,1922000,1778153631000,10.9293066824075,17.285,0.5,4.1398888948513255,4.175232823638556,4.1398888948513255,1778151709000-632578958264631296-1357047782162038784,17.625,,,,
1061980520671346688,1778129361000-632578958264631296-1061980520671346688,1778129361000,1778131620000,1,17.25,3.637,4.7429199890019245,632578958264631296,1778129361000,1061980520671346688,RJ47GA3390,2259000,1778131620000,9.602705683234788,17.25,0.6000000000003638,3.637388516376814,4.742413388708514,3.637388516376814,1778129361000-632578958264631296-1061980520671346688,17.25,,,,
942723675356921856,1778160260000-632578958264631296-942723675356921856,1778160260000,1778161825000,1,17.196,4.12,4.173786407766991,632578958264631296,1778160260000,942723675356921856,RJ14GN1566,1565000,1778161825000,10.876953236202326,17.196,0.4000000000005457,4.120058044016032,4.1737276068174465,4.120058044016032,1778160260000-632578958264631296-942723675356921856,17.70000000001164,,,,
926866983197081600,1778144810000-632578958264631296-926866983197081600,1778144810000,1778146462000,1,17.154,4.634,3.7017695295640913,632578958264631296,1778144810000,926866983197081600,RJ47GA3435,1652000,1778146462000,12.233714332654692,17.154,0.4500000000007276,4.6339827017631405,3.701783347933784,4.6339827017631405,1778144810000-632578958264631296-926866983197081600,16.5,,,,
1083726423769743360,1778111189000-632578958264631296-1083726423769743360,1778111189000,1778113988000,1,17.153,8.368,2.0498326959847035,632578958264631296,1778111189000,1083726423769743360,RJ47GA6331,2799000,1778113988000,22.09262199269231,17.153,0.75,8.36841742147436,2.0497304491507973,8.36841742147436,1778111189000-632578958264631296-1083726423769743360,18.300000000017462,,,,
936665179544879104,1778129157000-632578958264631296-936665179544879104,1778129157000,1778131195000,1,17.134,6.1,2.8088524590163937,632578958264631296,1778129157000,936665179544879104,RJ47GA4716,2038000,1778131195000,16.103411716235748,17.134,0.5500000000010914,6.099777165240813,2.808955070955214,6.099777165240813,1778129157000-632578958264631296-936665179544879104,17.70000000001164,,,,
797458881650360320,1778144412000-632578958264631296-797458881650360320,1778144412000,1778145906000,1,17.06,5.495,3.104640582347588,632578958264631296,1778144412000,797458881650360320,RJ47GA3119,1494000,1778145906000,14.506695429701214,17.06,0.3999999999996362,5.494960390038338,3.104662961889152,5.494960390038338,1778144412000-632578958264631296-797458881650360320,18.270000000018626,['900758004213743620'],,900758004213743620,
915980150607183872,1778117815000-632578958264631296-915980150607183872,1778117815000,1778119960000,1,17.04,6.313,2.6991921431965786,632578958264631296,1778117815000,915980150607183872,RJ47GA2138,2145000,1778119960000,16.667470805365316,17.04,0.5,6.313435911123225,2.6990057775003864,6.313435911123224,1778117815000-632578958264631296-915980150607183872,15.75,,,,
870575606247456768,1778117832000-632578958264631296-870575606247456768,1778117832000,1778120008000,1,16.99,7.284,2.332509610104338,632578958264631296,1778117832000,870575606247456768,RJ47GA4668,2176000,1778120008000,19.230871313429503,16.99,0.5,7.28442095205663,2.332374819058633,7.28442095205663,1778117832000-632578958264631296-870575606247456768,17.599999999976717,,,,0.7359999999999974
787737136659955712,1778146822000-632578958264631296-787737136659955712,1778146822000,1778148786000,1,16.948,5.202,3.2579777008842754,632578958264631296,1778146822000,787737136659955712,RJ47GA3339,1964000,1778148786000,13.734539377887574,16.948,0.5,5.202477037078626,3.2576789631573075,5.202477037078626,1778146822000-632578958264631296-787737136659955712,19.010000000009313,['900758004226326539'],,900758004226326539,
893821287409909760,1778141967000-632578958264631296-893821287409909760,1778141967000,1778143766000,1,16.916,5.179,3.266267619231512,632578958264631296,1778141967000,893821287409909760,Rj14GH7541,1799000,1778143766000,13.673046391575822,16.916,0.0,5.179184239233265,3.2661514282226562,0.001,1778141967000-632578958264631296-893821287409909760,,['900758004238909441'],,900758004238909441,
1064527564812320768,1778121236000-632578958264631296-1064527564812320768,1778121236000,1778124555000,1,16.899,7.576,2.2305966209081314,632578958264631296,1778121236000,1064527564812320768,RJ47GA3509,3319000,1778124555000,19.99994688967245,16.899,0.8999999999996362,7.575737458209261,2.2306739235911373,7.57573745820926,1778121236000-632578958264631296-1064527564812320768,18.125,,,,
1535700301011484672,1778150556000-632578958264631296-1535700301011484672,1778150556000,1778153941000,1,16.88,4.722,3.574756459127488,632578958264631296,1778150556000,1535700301011484672,NL01AK7896,3385000,1778153941000,12.465210260372855,16.88,0.9000000000000057,4.721670553171536,3.5750058819037553,4.721670553171536,1778150556000-632578958264631296-1535700301011484672,17.11999999999898,,,,
1536432469593554944,1778132444000-632578958264631296-1536432469593554944,1778132444000,1778134111000,1,16.87,5.549,3.0401874211569653,632578958264631296,1778132444000,1536432469593554944,NL01AK8052,1667000,1778134111000,14.649187811679294,16.87,0.39999999999997726,5.548934777151247,3.0402231558866593,5.548934777151247,1778132444000-632578958264631296-1536432469593554944,17.19000000000051,,,,
947452563299500032,1778118776000-632578958264631296-947452563299500032,1778118776000,1778120392000,1,16.802,5.033,3.338366779256904,632578958264631296,1778118776000,947452563299500032,RJ47GA2721,1616000,1778120392000,13.286218197911655,16.802,0.4000000000014552,5.032658408299869,3.3385933709091224,5.032658408299869,1778118776000-632578958264631296-947452563299500032,16.375,,,,
1536022277991170048,1778141739000-632578958264631296-1536022277991170048,1778141739000,1778143684000,1,16.749,7.205,2.3246356696738375,632578958264631296,1778141739000,1536022277991170048,NL01AK7897,1945000,1778143684000,19.020845402775752,16.749,0.5,7.2048656828696025,2.324679006830436,7.204865682869603,1778141739000-632578958264631296-1536022277991170048,17.335000000000036,,,,
925753337108758528,1778118759000-632578958264631296-925753337108758528,1778118759000,1778120474000,1,16.74,4.415,3.7916194790486974,632578958264631296,1778118759000,925753337108758528,RJ47GA2620,1715000,1778120474000,11.656478221535517,16.74,0.3999999999996362,4.415332659672544,3.791333811129305,4.415332659672544,1778118759000-632578958264631296-925753337108758528,20.75,,,,
1385588586753032192,1778151216000-632578958264631296-1385588586753032192,1778151216000,1778153102000,1,16.731,8.31,2.013357400722022,632578958264631296,1778151216000,1385588586753032192,NL01AJ5698,1886000,1778153102000,21.93827355156851,16.731,0.5,8.309952102866859,2.0133690053674265,8.309952102866859,1778151216000-632578958264631296-1385588586753032192,17.25,,,,
970285003134992384,1778155954000-632578958264631296-970285003134992384,1778155954000,1778158318000,1,16.728,9.823,1.7029420747225898,632578958264631296,1778155954000,970285003134992384,RJ14GN3848,2364000,1778158318000,25.933821442040028,16.728,0.6000000000003638,9.823417212893949,1.7028697486291517,9.823417212893949,1778155954000-632578958264631296-970285003134992384,17.29999999998836,,,,
1526262198169501696,1778171990000-632578958264631296-1526262198169501696,1778171990000,1778174500000,1,16.718,6.321,2.6448346780572694,632578958264631296,1778171990000,1526262198169501696,NL01AK6561,2510000,1778174500000,16.688741401140465,16.718,0.6999999999999318,6.321492954977449,2.6446284317752022,6.321492954977449,1778171990000-632578958264631296-1526262198169501696,17.625,,,,
878252193440858112,1778134402000-632578958264631296-878252193440858112,1778134402000,1778136203000,1,16.704,4.619,3.6163671790430834,632578958264631296,1778134402000,878252193440858112,RJ47GA1999,1801000,1778136203000,12.19542724136448,16.704,0.4860658333333333,4.619480015668364,3.6159913980238754,4.619480015668364,1778134402000-632578958264631296-878252193440858112,17.5,['900758004175994897'],,900758004175994897,
946032744595456000,1778174040000-632578958264631296-946032744595456000,1778174040000,1778175860000,1,16.695,6.261,2.6665069477719214,632578958264631296,1778174040000,946032744595456000,RJ47GA3516,1820000,1778175860000,16.529095347218934,16.695,0.5,6.261020964855657,2.6664980190471046,6.261020964855657,1778174040000-632578958264631296-946032744595456000,17.0,,,,
1396880990281924608,1778137138000-632578958264631296-1396880990281924608,1778137138000,1778139309000,1,16.684,4.683,3.562673499893231,632578958264631296,1778137138000,1396880990281924608,NL01AJ6924,2171000,1778139309000,12.364250544438288,16.684,0.599999999999909,4.683428236529655,3.562347741312372,4.683428236529655,1778137138000-632578958264631296-1396880990281924608,17.0,,,,
1464260641047969792,1778133900000-632578958264631296-1464260641047969792,1778133900000,1778135515000,1,16.665,4.926,3.3830694275274054,632578958264631296,1778133900000,1464260641047969792,NL01AK1966,1615000,1778135515000,13.004135959791927,16.665,0.3999999999998636,4.92580907567876,3.3832005552719515,4.92580907567876,1778133900000-632578958264631296-1464260641047969792,17.125,,,,
1398705978894974976,1778108420000-632578958264631296-1398705978894974976,1778108420000,1778110812000,1,16.651,7.55,2.205430463576159,632578958264631296,1778108420000,1398705978894974976,NL01AH7651,2392000,1778110812000,19.932499912851064,16.651,0.6000000000003638,7.550189360928433,2.2053751507435644,7.550189360928433,1778108420000-632578958264631296-1398705978894974976,17.664999999979045,,,,
1467925946630668288,1778152855000-632578958264631296-1467925946630668288,1778152855000,1778154322000,1,16.651,4.283,3.8876955405089886,632578958264631296,1778152855000,1467925946630668288,RJ47GA5320,1467000,1778154322000,11.30684243848997,16.651,0.3500000000003638,4.282894863064382,3.8877909760517264,4.282894863064382,1778152855000-632578958264631296-1467925946630668288,16.29999999998836,,,,
878252193440858112,1778143562000-632578958264631296-878252193440858112,1778143562000,1778145590000,1,16.629,3.833,4.338377250195669,632578958264631296,1778143562000,878252193440858112,RJ47GA1999,2028000,1778145590000,10.120388859847091,16.629,0.0,3.833480628729959,4.33783331924889,3.8334806287299594,1778143562000-632578958264631296-878252193440858112,17.875,['900758004175994897'],,900758004175994897,
1536427445069021184,1778132476000-632578958264631296-1536427445069021184,1778132476000,1778134840000,1,16.61,6.183,2.686398188581595,632578958264631296,1778132476000,1536427445069021184,NL01AK8053,2364000,1778134840000,16.322161003910832,16.61,0.5999999999999659,6.182636743905618,2.6865560258530308,6.1826367439056185,1778132476000-632578958264631296-1536427445069021184,16.98999999999978,,,,
787737136659955712,1778137397000-632578958264631296-787737136659955712,1778137397000,1778139075000,1,16.595,5.227,3.1748612971111534,632578958264631296,1778137397000,787737136659955712,RJ47GA3339,1678000,1778139075000,13.799236044188037,16.595,0.4500000000007276,5.226983350071226,3.1748714102511664,5.226983350071226,1778137397000-632578958264631296-787737136659955712,18.69000000000233,['900758004226326539'],,900758004226326539,
1134877765846171648,1778135747000-632578958264631296-1134877765846171648,1778135747000,1778137433000,1,16.59,5.328,3.1137387387387387,632578958264631296,1778135747000,1134877765846171648,RJ47GA6215,1686000,1778137433000,14.065111817999734,16.59,0.4000000000005457,5.3276938704544445,3.1139176543161438,5.3276938704544445,1778135747000-632578958264631296-1134877765846171648,17.20000000001164,,,,
1067775916656033792,1778125242000-632578958264631296-1067775916656033792,1778125242000,1778126710000,1,16.576,3.616,4.584070796460177,632578958264631296,1778125242000,1067775916656033792,RJ14GP9559,1468000,1778126710000,9.546645690128292,16.576,0.3499999999994543,3.6161536705031407,4.583875993769277,3.6161536705031407,1778125242000-632578958264631296-1067775916656033792,17.10000000000582,,,,
946029440482148352,1778124745000-632578958264631296-946029440482148352,1778124745000,1778126944000,1,16.553,7.418,2.231464006470747,632578958264631296,1778124745000,946029440482148352,RJ47GA3752,2199000,1778126944000,19.58410144740043,16.553,0.5499999999992724,7.418220245227435,2.231397754825289,7.418220245227435,1778124745000-632578958264631296-946029440482148352,17.875,,,,
1536004619845500928,1778163509000-632578958264631296-1536004619845500928,1778163509000,1778165029000,1,16.55,5.414,3.0568895456224605,632578958264631296,1778163509000,1536004619845500928,NL01AK7894,1520000,1778165029000,14.293612302430502,16.55,0.4000000000000057,5.414247084253978,3.0567500415951936,5.414247084253978,1778163509000-632578958264631296-1536004619845500928,17.019999999998618,,,,
635414692210147328,1778174234000-632578958264631296-635414692210147328,1778174234000,1778177382000,1,16.461,6.587,2.4990132078336114,632578958264631296,1778174234000,635414692210147328,RJ47GA2704,3148000,1778177382000,17.390167081170638,16.461,0.8500000000003638,6.587184500443423,2.4989432129754237,6.587184500443423,1778174234000-632578958264631296-635414692210147328,18.589999999967404,['900758004196966400'],,900758004196966400,
946032945880104960,1778163073000-632578958264631296-946032945880104960,1778163073000,1778165541000,1,16.425,5.408,3.0371671597633134,632578958264631296,1778163073000,946032945880104960,RJ47GA3760,2468000,1778165541000,14.27709569224619,16.425,0.6499999999998636,5.407990792517496,3.037172330752792,5.407990792517496,1778163073000-632578958264631296-946032945880104960,18.875,,,,
966356141711818752,1778135177000-632578958264631296-966356141711818752,1778135177000,1778137089000,1,16.394,4.302,3.8107856810785683,632578958264631296,1778135177000,966356141711818752,RJ47GA4711,1912000,1778137089000,11.356542333556556,16.394,0.5,4.301720580892635,3.8110332114128473,4.301720580892635,1778135177000-632578958264631296-966356141711818752,16.89999999999418,,,,
1464283595349688320,1778174706000-632578958264631296-1464283595349688320,1778174706000,1778176690000,1,16.36,6.739,2.427659890191423,632578958264631296,1778174706000,1464283595349688320,NL01AK1961,1984000,1778176690000,17.791241365510704,16.36,0.5499999999999545,6.739106577844963,2.4276214971557275,6.739106577844963,1778174706000-632578958264631296-1464283595349688320,16.75,,,,
1120316481867874304,1778168849000-632578958264631296-1120316481867874304,1778168849000,1778170906000,1,16.356,8.336,1.9620921305182344,632578958264631296,1778168849000,1120316481867874304,RJ47GA6413,2057000,1778170906000,22.005723968083228,16.356,0.5500000000001819,8.335501503061828,1.9622094716187208,8.335501503061828,1778168849000-632578958264631296-1120316481867874304,16.5,,,,
1131571393566081024,1778168718000-632578958264631296-1131571393566081024,1778168718000,1778170395000,1,16.332,3.399,4.804942630185349,632578958264631296,1778168718000,1131571393566081024,RJ47GA1964,1677000,1778170395000,8.97453372803988,16.332,0.0,3.3994445939545,4.804314219165237,2.8484580358952547,1778168718000-632578958264631296-1131571393566081024,20.625,,,,
1350071704793120768,1778120113000-632578958264631296-1350071704793120768,1778120113000,1778122048000,1,16.311,3.437,4.745708466686064,632578958264631296,1778120113000,1350071704793120768,RJ47GA3451,1935000,1778122048000,9.072770823128511,16.311,0.5,3.4366556148214054,4.746184031258437,3.4366556148214054,1778120113000-632578958264631296-1350071704793120768,16.5,,,,
893821287409909760,1778137428000-632578958264631296-893821287409909760,1778137428000,1778139099000,1,16.269,5.011,3.246657353821592,632578958264631296,1778137428000,893821287409909760,Rj14GH7541,1671000,1778139099000,13.23006199932787,16.269,0.0,5.011387120957526,3.2464065551757812,0.001,1778137428000-632578958264631296-893821287409909760,,['900758004238909441'],,900758004238909441,
1389244197004902400,1778118644000-632578958264631296-1389244197004902400,1778118644000,1778120460000,1,16.246,2.862,5.676450034940601,632578958264631296,1778118644000,1389244197004902400,NL01AJ6145,1816000,1778120460000,7.556150761886958,16.246,0.41363111111120204,2.8621783188965746,5.676096381815634,2.84534146426804,1778118644000-632578958264631296-1389244197004902400,15.625,,,,
944589988106862592,1778133113000-632578958264631296-944589988106862592,1778133113000,1778135305000,1,16.236,6.392,2.5400500625782225,632578958264631296,1778133113000,944589988106862592,RJ47GA2625,2192000,1778135305000,16.8736910006029,16.236,0.6000000000003638,6.391549621440492,2.5402290464172004,6.391549621440492,1778133113000-632578958264631296-944589988106862592,17.625,,,,
1299087047838924800,1778156583000-632578958264631296-1299087047838924800,1778156583000,1778158420000,1,16.206,5.798,2.7951017592273195,632578958264631296,1778156583000,1299087047838924800,RJ47GA6395,1837000,1778158420000,15.307765424653207,16.206,0.0,5.79839599418682,2.7949108712560022,5.79839599418682,1778156583000-632578958264631296-1299087047838924800,16.79999999998836,,,,
1536014535985463296,1778162416000-632578958264631296-1536014535985463296,1778162416000,1778164193000,1,16.194,6.75,2.399111111111111,632578958264631296,1778162416000,1536014535985463296,NL01AK8375,1777000,1778164193000,17.820422083138094,16.194,0.44999999999998863,6.750159879976551,2.3990542872973037,6.750159879976551,1778162416000-632578958264631296-1536014535985463296,16.475000000000364,,,,
939547788868321280,1778119404000-632578958264631296-939547788868321280,1778119404000,1778121248000,1,16.179,4.988,3.2435846030473128,632578958264631296,1778119404000,939547788868321280,RJ14GH7603,1844000,1778121248000,13.168014019235429,16.179,0.0,4.987884098195238,3.243659973144531,0.001,1778119404000-632578958264631296-939547788868321280,,,,,
938815830156640256,1778159988000-632578958264631296-938815830156640256,1778159988000,1778162825000,1,16.155,5.603,2.8832768159914335,632578958264631296,1778159988000,938815830156640256,RJ47GA4710,2837000,1778162825000,14.792610848561576,16.155,0.75,5.603261685061203,2.8831421604082275,5.603261685061203,1778159988000-632578958264631296-938815830156640256,16.70000000001164,['1015966621438574603'],,,
786329294770012160,1778178115000-632578958264631296-786329294770012160,1778178115000,1778180153000,1,16.136,3.942,4.0933536276002025,632578958264631296,1778178115000,786329294770012160,RJ47GA3336,2038000,1778180153000,10.407635482303784,16.136,0.5,3.9422861675393115,4.093056494189446,3.9422861675393115,1778178115000-632578958264631296-786329294770012160,17.960000000020955,['900758004226326533'],,900758004226326533,
933392054296248320,1778120139000-632578958264631296-933392054296248320,1778120139000,1778122171000,1,16.13,3.607,4.471860271693928,632578958264631296,1778120139000,933392054296248320,RJ47GA4680,2032000,1778122171000,9.521326433264061,16.13,0.5500000000010914,3.6065630429030535,4.4724020648246805,3.6065630429030535,1778120139000-632578958264631296-933392054296248320,16.60000000000582,,,,
800361869549240320,1778117497000-632578958264631296-800361869549240320,1778117497000,1778119308000,1,16.053,2.63,6.1038022813688215,632578958264631296,1778117497000,800361869549240320,RJ47GA3066,1811000,1778119308000,6.942561368921482,16.053,0.4000000000014552,2.62975809428844,6.10436375682822,2.2077427738095246,1778117497000-632578958264631296-800361869549240320,17.529999999969732,['900758004201160712'],,900758004201160712,
1083726789898928128,1778121538000-632578958264631296-1083726789898928128,1778121538000,1778123118000,1,16.012,5.601,2.8587752187109445,632578958264631296,1778121538000,1083726789898928128,RJ47GA6312,1580000,1778123118000,14.787274155022063,16.012,0.3999999999996362,5.60124021023563,2.85865261960019,5.60124021023563,1778121538000-632578958264631296-1083726789898928128,16.699999999982538,,,,
1060579746913452032,1778156477000-632578958264631296-1060579746913452032,1778156477000,1778159040000,1,15.997,6.718,2.3812146472164333,632578958264631296,1778156477000,1060579746913452032,RJ47GA3879,2563000,1778159040000,17.73547479147575,15.997,0.6999999999989086,6.717982875558996,2.381220717039846,6.717982875558996,1778156477000-632578958264631296-1060579746913452032,15.5,,,,
879404563604439040,1778108937000-632578958264631296-879404563604439040,1778108937000,1778111088000,1,15.997,3.512,4.55495444191344,632578958264631296,1778108937000,879404563604439040,Rj47GA2064,2151000,1778111088000,9.271461479595542,15.997,0.5499999999992724,3.511917227119523,4.555061798287527,2.4255345601927782,1778108937000-632578958264631296-879404563604439040,17.5,['900758004163411987'],,900758004163411987,
1079095062366781440,1778156559000-632578958264631296-1079095062366781440,1778156559000,1778159021000,1,15.98,7.037,2.2708540571266167,632578958264631296,1778156559000,1079095062366781440,RJ47GA3439,2462000,1778159021000,18.57743699463679,15.98,0.6500000000014552,7.0369079525139355,2.270883761424099,7.0369079525139355,1778156559000-632578958264631296-1079095062366781440,14.625,,,,
1065304732634972160,1778147085000-632578958264631296-1065304732634972160,1778147085000,1778150333000,1,15.961,8.739,1.8264103444330013,632578958264631296,1778147085000,1065304732634972160,RJ47GA4006,3248000,1778150333000,23.069754356739548,15.961,0.8499999999985448,8.738543316946798,1.826505794054551,8.738543316946798,1778147085000-632578958264631296-1065304732634972160,17.25,,,,
792451319469178880,1778132961000-632578958264631296-792451319469178880,1778132961000,1778135056000,1,15.915,3.962,4.0169106511862696,632578958264631296,1778132961000,792451319469178880,RJ47GA3115,2095000,1778135056000,10.459601589122471,15.915,0.5499999999992724,3.9619702989100265,4.016940764139084,3.961970298910027,1778132961000-632578958264631296-792451319469178880,17.539999999979045,['900758004209549321'],,900758004209549321,
1536014535985463296,1778140331000-632578958264631296-1536014535985463296,1778140331000,1778141819000,1,15.867,4.68,3.3903846153846158,632578958264631296,1778140331000,1536014535985463296,NL01AK8375,1488000,1778141819000,12.355721613554586,15.867,0.4000000000000057,4.680197580891888,3.390241485697338,4.680197580891888,1778140331000-632578958264631296-1536014535985463296,16.195000000001528,,,,
1083727986517082112,1778140252000-632578958264631296-1083727986517082112,1778140252000,1778141826000,1,15.843,4.95,3.2006060606060607,632578958264631296,1778140252000,1083727986517082112,RJ47GA6315,1574000,1778141826000,13.067022614835507,15.843,0.3500000000003638,4.949629778346782,3.200845459050009,4.949629778346782,1778140252000-632578958264631296-1083727986517082112,16.699999999982538,,,,
946031139108159488,1778125748000-632578958264631296-946031139108159488,1778125748000,1778127246000,1,15.828,4.359,3.6311080523055748,632578958264631296,1778125748000,946031139108159488,RJ47GA3328,1498000,1778127246000,11.507149574584904,15.828,0.3499999999985448,4.358768778251857,3.6313006734778055,4.358768778251857,1778125748000-632578958264631296-946031139108159488,15.75,,,,
862693652038680576,1778132304000-632578958264631296-862693652038680576,1778132304000,1778133782000,1,15.823,4.811,3.2889212221991273,632578958264631296,1778132304000,862693652038680576,RJ47GA4378,1478000,1778133782000,12.700512991097796,15.823,0.2999999999992724,4.810800375415831,3.289057696274148,4.810800375415831,1778132304000-632578958264631296-862693652038680576,16.099999999976717,['900758004234715138'],,900758004234715138,0.0
1073278104413143040,1778169964000-632578958264631296-1073278104413143040,1778169964000,1778172269000,1,15.745,7.4,2.1277027027027025,632578958264631296,1778169964000,1073278104413143040,RJ47GA3367,2305000,1778172269000,19.53668125138356,15.745,0.6500000000014552,7.400258049766499,2.127628508913524,7.4002580497665,1778169964000-632578958264631296-1073278104413143040,17.0,,,,
946032945880104960,1778153135000-632578958264631296-946032945880104960,1778153135000,1778155807000,1,15.725,8.872,1.7724301172227233,632578958264631296,1778153135000,946032945880104960,RJ47GA3760,2672000,1778155807000,23.422844406120284,15.725,0.7000000000000455,8.872289547772834,1.7723722738452972,8.872289547772834,1778153135000-632578958264631296-946032945880104960,17.75,,,,
938817698895233024,1778154009000-632578958264631296-938817698895233024,1778154009000,1778156265000,1,15.653,3.488,4.487672018348624,632578958264631296,1778154009000,938817698895233024,RJ47GA2715,2256000,1778156265000,9.207486125173617,15.653,0.5500000000010914,3.4876841383233392,4.488078443802249,3.4876841383233392,1778154009000-632578958264631296-938817698895233024,16.125,,,,
1067765309810671616,1778144913000-632578958264631296-1067765309810671616,1778144913000,1778147431000,1,15.651,8.934,1.751846877098724,632578958264631296,1778144913000,1067765309810671616,RJ47GA6287,2518000,1778147431000,23.585899140764557,15.651,0.7000000000007276,8.934052704835059,1.7518365423935507,8.934052704835059,1778144913000-632578958264631296-1067765309810671616,15.700000000011642,,,,
1385588816730914816,1778139923000-632578958264631296-1385588816730914816,1778139923000,1778146095000,1,15.5,2.698,5.744996293550779,632578958264631296,1778139923000,1385588816730914816,NL01AJ5694,6172000,1778146095000,7.121881647697313,15.5,0.40000000000009095,2.697682442309588,5.745672565793127,2.2573872566786064,1778139923000-632578958264631296-1385588816730914816,15.5,,,,
1428031634325635072,1778155550000-632578958264631296-1428031634325635072,1778155550000,1778157294000,1,15.477,2.831,5.466972801130343,632578958264631296,1778155550000,1428031634325635072,NL01AJ9500,1744000,1778157294000,7.473439863179933,15.477,0.4499999999998181,2.8308484330227017,5.467265509327918,2.8308484330227017,1778155550000-632578958264631296-1428031634325635072,15.875,,,,
947104748366987264,1778118662000-632578958264631296-947104748366987264,1778118662000,1778120437000,1,15.444,4.92,3.1390243902439026,632578958264631296,1778118662000,947104748366987264,RJ47GA2627,1775000,1778120437000,12.99001786819649,15.444,0.5,4.920461313710792,3.1387300936531144,4.920461313710792,1778118662000-632578958264631296-947104748366987264,18.0,,,,
1134877765846171648,1778168478000-632578958264631296-1134877765846171648,1778168478000,1778170337000,1,15.366,4.26,3.607042253521127,632578958264631296,1778168478000,1134877765846171648,RJ47GA6215,1859000,1778170337000,11.245229665708978,15.366,0.5,4.259556691556431,3.607417652278107,4.259556691556431,1778168478000-632578958264631296-1134877765846171648,16.39999999999418,,,,
1127222273418199040,1778161769000-632578958264631296-1127222273418199040,1778161769000,1778163687000,1,15.325,3.236,4.735784919653893,632578958264631296,1778161769000,1127222273418199040,RJ47GA3844,1918000,1778163687000,8.542238370434792,15.325,0.5,3.235696352437421,4.736229340078779,3.235696352437421,1778161769000-632578958264631296-1127222273418199040,15.125,,,,
1385589008028925952,1778162255000-632578958264631296-1385589008028925952,1778162255000,1778164644000,1,15.292,8.821,1.7335902958848204,632578958264631296,1778162255000,1385589008028925952,NL01AJ5695,2389000,1778164644000,23.28801501147446,15.292,0.599999999999909,8.821217807376689,1.7335474912786033,8.821217807376689,1778162255000-632578958264631296-1385589008028925952,15.875,,,,
1080454515951403008,1778127238000-632578958264631296-1080454515951403008,1778127238000,1778129578000,1,15.288,6.958,2.1971830985915495,632578958264631296,1778127238000,1080454515951403008,RJ47GA3901,2340000,1778129578000,18.36808904691114,15.288,0.6000000000003638,6.957609487466341,2.197306420767117,6.957609487466341,1778127238000-632578958264631296-1080454515951403008,15.5,,,,
1406586595699589120,1778126584000-632578958264631296-1406586595699589120,1778126584000,1778127848000,1,15.288,6.054,2.5252725470763133,632578958264631296,1778126584000,1406586595699589120,NL01AJ7423,1264000,1778127848000,15.982691416164531,15.288,0.34999999999990905,6.054049778850201,2.5252517832622665,6.054049778850201,1778126584000-632578958264631296-1406586595699589120,15.119999999995343,,,,
1389243940330274816,1778125868000-632578958264631296-1389243940330274816,1778125868000,1778127613000,1,15.174,5.533,2.742454364720766,632578958264631296,1778125868000,1389243940330274816,NL01AJ6140,1745000,1778127613000,14.606782139408654,15.174,0.45000000000027285,5.532872022503278,2.742517798764251,5.532872022503278,1778125868000-632578958264631296-1389243940330274816,15.375,,,,
1108736100332994560,1778159431000-632578958264631296-1108736100332994560,1778159431000,1778162167000,1,15.107,8.28,1.8245169082125605,632578958264631296,1778159431000,1108736100332994560,RJ47GA5594,2736000,1778162167000,21.860449484090378,15.107,0.75,8.280473289428173,1.8244126237672156,8.280473289428173,1778159431000-632578958264631296-1108736100332994560,15.900000000023283,,,,
1187402009754468352,1778138231000-632578958264631296-1187402009754468352,1778138231000,1778139872000,1,15.089,6.252,2.4134676903390915,632578958264631296,1778138231000,1187402009754468352,RJ47GA6476,1641000,1778139872000,16.506260037432163,15.089,0.4000000000005457,6.2523712263000615,2.4133243938762656,6.2523712263000615,1778138231000-632578958264631296-1187402009754468352,16.0,,,,
1464286808345935872,1778135437000-632578958264631296-1464286808345935872,1778135437000,1778136706000,1,15.085,3.105,4.85829307568438,632578958264631296,1778135437000,1464286808345935872,NL01AK1960,1269000,1778136706000,8.197630969075105,15.085,0.3000000000001819,3.105163245861782,4.858037663592604,3.105163245861782,1778135437000-632578958264631296-1464286808345935872,14.5,,,,
1079095062366781440,1778160020000-632578958264631296-1079095062366781440,1778160020000,1778161575000,1,15.065,6.761,2.2282206774145834,632578958264631296,1778160020000,1079095062366781440,RJ47GA3439,1555000,1778161575000,17.848264528653555,15.065,0.4000000000014552,6.760706260853619,2.2283174891402346,6.760706260853619,1778160020000-632578958264631296-1079095062366781440,14.625,,,,
1422205425331208192,1778141770000-632578958264631296-1422205425331208192,1778141770000,1778143267000,1,15.03,5.877,2.557427258805513,632578958264631296,1778141770000,1422205425331208192,NL01AJ9003,1497000,1778143267000,15.516029934936382,15.03,0.25,5.877284066263781,2.557303650894425,5.877284066263781,1778141770000-632578958264631296-1422205425331208192,14.75,,,,
1073663863301341184,1778111646000-632578958264631296-1073663863301341184,1778111646000,1778113451000,1,14.995,8.179,1.8333537107225821,632578958264631296,1778111646000,1073663863301341184,RJ47GA3284,1805000,1778113451000,21.59237988421404,14.995,0.4499999999989086,8.1789317743235,1.8333690038929653,8.1789317743235,1778111646000-632578958264631296-1073663863301341184,14.375,,,,
1088511709141794816,1778131081000-632578958264631296-1088511709141794816,1778131081000,1778132887000,1,14.927,5.655,2.6396109637488947,632578958264631296,1778131081000,1088511709141794816,RJ47GA5905,1806000,1778132887000,14.929268971667291,14.927,0.4499999999998181,5.655026125631549,2.6395987690212417,5.65502612563155,1778131081000-632578958264631296-1088511709141794816,15.799999999988358,,,,
1131571393566081024,1778165183000-632578958264631296-1131571393566081024,1778165183000,1778167317000,1,14.892,3.151,4.726118692478578,632578958264631296,1778165183000,1131571393566081024,RJ47GA1964,2134000,1778167317000,8.319175387617996,14.892,0.0,3.15120279834015,4.725814539084613,2.670430432301399,1778165183000-632578958264631296-1131571393566081024,18.75,,,,
966383863687282688,1778117679000-632578958264631296-966383863687282688,1778117679000,1778119168000,1,14.866,4.23,3.5144208037825053,632578958264631296,1778117679000,966383863687282688,RJ47GA4672,1489000,1778119168000,11.167546014333801,14.866,0.3500000000003638,4.230131066035531,3.514311913255298,4.230131066035531,1778117679000-632578958264631296-966383863687282688,15.200000000011642,,,,
1046443765134262272,1778172368000-632578958264631296-1046443765134262272,1778172368000,1778174180000,1,14.848,6.173,2.405313461849992,632578958264631296,1778172368000,1046443765134262272,RJ47GA4014,1812000,1778174180000,16.29594650953813,14.848,0.5,6.1727070111886855,2.405427630549519,6.172707011188685,1778172368000-632578958264631296-1046443765134262272,15.125,,,,
1073201833905750016,1778112173000-632578958264631296-1073201833905750016,1778112173000,1778114354000,1,14.794,3.096,4.778423772609819,632578958264631296,1778112173000,1073201833905750016,RJ47GA5838,2181000,1778114354000,8.174663938678894,14.794,0.5500000000001819,3.096463613135944,4.777708330638956,3.096463613135944,1778112173000-632578958264631296-1073201833905750016,15.169999999983702,,,,
1082330521322651648,1778130597000-632578958264631296-1082330521322651648,1778130597000,1778134749000,1,14.79,10.533,1.4041583594417544,632578958264631296,1778130597000,1082330521322651648,RJ47GA5907,4152000,1778134749000,27.80639394042732,14.79,1.0999999999994543,10.53272497743459,1.4041950237650973,10.53272497743459,1778130597000-632578958264631296-1082330521322651648,15.60000000000582,,,,
1067765247101632512,1778152101000-632578958264631296-1067765247101632512,1778152101000,1778153622000,1,14.779,4.704,3.141794217687075,632578958264631296,1778152101000,1067765247101632512,RJ47GA6282,1521000,1778153622000,12.417292205111911,14.779,0.0,4.703519774663603,3.1421149921830613,4.703519774663603,1778152101000-632578958264631296-1067765247101632512,15.599999999976717,,,,
1362128357327634432,1778128052000-632578958264631296-1362128357327634432,1778128052000,1778131484000,1,14.779,8.688,1.7010819521178635,632578958264631296,1778128052000,1362128357327634432,NL01AJ4203,3432000,1778131484000,22.936693396378434,14.779,0.9500000000002728,8.688141438022134,1.7010542594670808,8.688141438022134,1778128052000-632578958264631296-1362128357327634432,15.625,,,,
946026878085365760,1778128964000-632578958264631296-946026878085365760,1778128964000,1778131817000,1,14.769,9.398,1.5715045754415833,632578958264631296,1778128964000,946026878085365760,RJ47GA4715,2853000,1778131817000,24.810665331432535,14.769,0.8000000000010914,9.397979292209293,1.5715080381421098,9.397979292209293,1778128964000-632578958264631296-946026878085365760,15.199999999982538,,,,
1120316481867874304,1778145365000-632578958264631296-1120316481867874304,1778145365000,1778147124000,1,14.738,4.793,3.074900897141665,632578958264631296,1778145365000,1120316481867874304,RJ47GA6413,1759000,1778147124000,12.653142754957766,14.738,0.4499999999998181,4.792857104150669,3.0749925732684003,4.792857104150669,1778145365000-632578958264631296-1120316481867874304,14.60000000000582,,,,
1050036904705130496,1778144081000-632578958264631296-1050036904705130496,1778144081000,1778145452000,1,14.726,2.692,5.470282317979198,632578958264631296,1778144081000,1050036904705130496,RJ47GA6244,1371000,1778145452000,7.105949649750655,14.726,0.3500000000003638,2.6916475946025207,5.470998517610404,2.331170953206765,1778144081000-632578958264631296-1050036904705130496,15.099999999976717,,,,
1406586595699589120,1778136666000-632578958264631296-1406586595699589120,1778136666000,1778138438000,1,14.587,6.757,2.1587982832618025,632578958264631296,1778136666000,1406586595699589120,NL01AJ7423,1772000,1778138438000,17.838314322950506,14.587,0.45000000000027285,6.756937243541858,2.1588183335492652,6.756937243541858,1778136666000-632578958264631296-1406586595699589120,15.440000000002328,,,,
1422205425331208192,1778147390000-632578958264631296-1422205425331208192,1778147390000,1778149031000,1,14.584,2.638,5.528430629264594,632578958264631296,1778147390000,1422205425331208192,NL01AJ9003,1641000,1778149031000,6.964361824330499,14.584,0.40000000000009095,2.6380158425494313,5.528397428389107,1.230490990259384,1778147390000-632578958264631296-1422205425331208192,14.875,,,,
1067774753596506112,1778149063000-632578958264631296-1067774753596506112,1778149063000,1778150912000,1,14.571,3.511,4.150099686698946,632578958264631296,1778149063000,1067774753596506112,RJ47GA6417,1849000,1778150912000,9.267738981966922,14.571,0.5,3.510507190138985,4.150682283440393,3.5105071901389855,1778149063000-632578958264631296-1067774753596506112,14.700000000011642,,,,
1184409623537385472,1778154066000-632578958264631296-1184409623537385472,1778154066000,1778156273000,1,14.562,5.239,2.7795380797862186,632578958264631296,1778154066000,1184409623537385472,RJ47GA6472,2207000,1778156273000,13.830898721529856,14.562,0.4499999999998181,5.238976788458278,2.7795503946650033,5.238976788458278,1778154066000-632578958264631296-1184409623537385472,15.39999999999418,,,,
1083728870357598208,1778161547000-632578958264631296-1083728870357598208,1778161547000,1778163477000,1,14.553,5.757,2.527879103699844,632578958264631296,1778161547000,1083728870357598208,RJ47GA6364,1930000,1778163477000,15.198453602045557,14.553,0.4499999999998181,5.756990000774832,2.5278834943332047,5.756990000774832,1778161547000-632578958264631296-1083728870357598208,15.39999999999418,,,,
926866983197081600,1778133550000-632578958264631296-926866983197081600,1778133550000,1778135246000,1,14.518,4.259,3.408781404085466,632578958264631296,1778133550000,926866983197081600,RJ47GA3435,1696000,1778135246000,11.242796452913092,14.518,0.4500000000007276,4.258635020042838,3.4090735486071226,4.258635020042838,1778133550000-632578958264631296-926866983197081600,14.375,,,,
878252193440858112,1778157271000-632578958264631296-878252193440858112,1778157271000,1778158776000,1,14.425,2.944,4.899796195652174,632578958264631296,1778157271000,878252193440858112,RJ47GA1999,1505000,1778158776000,7.772221401449378,14.425,0.3893519444444444,2.9440232581247643,4.899757486694654,2.4347984712321047,1778157271000-632578958264631296-878252193440858112,11.5,['900758004175994897'],,900758004175994897,
1486716779844599808,1778143946000-632578958264631296-1486716779844599808,1778143946000,1778146496000,1,14.334,5.94,2.413131313131313,632578958264631296,1778143946000,1486716779844599808,NL01AK3100,2550000,1778146496000,15.6824537103071,14.334,0.7000000000000455,5.940323375116325,2.4129999487981255,5.940323375116325,1778143946000-632578958264631296-1486716779844599808,15.125,,,,
1396881232180019200,1778113638000-632578958264631296-1396881232180019200,1778113638000,1778115698000,1,14.331,4.912,2.9175488599348536,632578958264631296,1778113638000,1396881232180019200,NL01AJ6926,2060000,1778115698000,12.968856650830311,14.331,0.5500000000001819,4.9124457010720874,2.9172841537713925,4.9124457010720874,1778113638000-632578958264631296-1396881232180019200,14.875,,,,
966356141711818752,1778129169000-632578958264631296-966356141711818752,1778129169000,1778130849000,1,14.318,6.458,2.2170950758748837,632578958264631296,1778129169000,966356141711818752,RJ47GA4711,1680000,1778130849000,17.049931170453704,14.318,0.4499999999989086,6.458307261535493,2.2169895949787666,6.458307261535492,1778129169000-632578958264631296-966356141711818752,14.0,,,,
1131239476161413120,1778136415000-632578958264631296-1131239476161413120,1778136415000,1778138211000,1,14.296,5.318,2.6882286573899963,632578958264631296,1778136415000,1131239476161413120,RJ47GA6182,1796000,1778138211000,14.039089098549535,14.296,0.4499999999998181,5.317836779753612,2.6883111671325812,5.317836779753612,1778136415000-632578958264631296-1131239476161413120,15.199999999982538,,,,
1357047782162038784,1778165888000-632578958264631296-1357047782162038784,1778165888000,1778167679000,1,14.289,6.827,2.0930130364728283,632578958264631296,1778165888000,1357047782162038784,NL01AJ3746,1791000,1778167679000,18.02328851114134,14.289,0.5,6.827003223917175,2.09301204808884,6.827003223917175,1778165888000-632578958264631296-1357047782162038784,14.75,,,,
966356141711818752,1778160457000-632578958264631296-966356141711818752,1778160457000,1778161992000,1,14.282,4.627,3.086665225848282,632578958264631296,1778160457000,966356141711818752,RJ47GA4711,1535000,1778161992000,12.214384702186212,14.282,0.3999999999996362,4.626660872040231,3.0868914742182145,4.626660872040231,1778160457000-632578958264631296-966356141711818752,15.200000000011642,,,,
1083727144086929408,1778113575000-632578958264631296-1083727144086929408,1778113575000,1778115519000,1,14.25,4.995,2.8528528528528527,632578958264631296,1778113575000,1083727144086929408,RJ47GA6319,1944000,1778115519000,13.186833476505141,14.25,0.5,4.995012680494371,2.852845610511971,4.995012680494371,1778113575000-632578958264631296-1083727144086929408,14.900000000023283,,,,
1131571393566081024,1778147069000-632578958264631296-1131571393566081024,1778147069000,1778148770000,1,14.247,3.124,4.560499359795134,632578958264631296,1778147069000,1131571393566081024,RJ47GA1964,1701000,1778148770000,8.247597545017985,14.247,0.0,3.124089979173479,4.560368009556895,2.715920120282163,1778147069000-632578958264631296-1131571393566081024,17.125,,,,
1050035879038418944,1778165732000-632578958264631296-1050035879038418944,1778165732000,1778167824000,1,14.223,5.572,2.552584350323044,632578958264631296,1778165732000,1050035879038418944,RJ47GA6473,2092000,1778167824000,14.710478216483336,14.223,0.4499999999998181,5.572150839577021,2.5525152511987024,5.572150839577021,1778165732000-632578958264631296-1050035879038418944,14.799999999988358,,,,
1535700301011484672,1778121044000-632578958264631296-1535700301011484672,1778121044000,1778122736000,1,14.199,2.981,4.763166722576317,632578958264631296,1778121044000,1535700301011484672,NL01AK7896,1692000,1778122736000,7.8696272200168735,14.199,0.4000000000000057,2.9809194015215428,4.763295509684845,2.9809194015215428,1778121044000-632578958264631296-1535700301011484672,13.885000000000218,,,,
1153273376152748032,1778136694000-632578958264631296-1153273376152748032,1778136694000,1778137943000,1,14.185,2.885,4.91681109185442,632578958264631296,1778136694000,1153273376152748032,RJ47GA6313,1249000,1778137943000,7.615421586375519,14.185,0.3000000000001819,2.8846293887786056,4.917442793580543,2.8846293887786056,1778136694000-632578958264631296-1153273376152748032,14.799999999988358,,,,
946029440482148352,1778117528000-632578958264631296-946029440482148352,1778117528000,1778119602000,1,14.156,6.347,2.2303450449031037,632578958264631296,1778117528000,946029440482148352,RJ47GA3752,2074000,1778119602000,16.756953939242507,14.156,0.5499999999992724,6.347331037591859,2.2302287238780454,6.347331037591858,1778117528000-632578958264631296-946029440482148352,15.25,,,,
943859348893859840,1778136506000-632578958264631296-943859348893859840,1778136506000,1778137887000,1,14.147,4.125,3.4295757575757575,632578958264631296,1778136506000,943859348893859840,RJ47GA1998,1381000,1778137887000,10.888826544255625,14.147,0.3500000000003638,4.124555509187736,3.4299453525323074,4.124555509187736,1778136506000-632578958264631296-943859348893859840,14.75,,,,
1385305291104452608,1778150764000-632578958264631296-1385305291104452608,1778150764000,1778152650000,1,14.119,4.34,3.253225806451613,632578958264631296,1778150764000,1385305291104452608,NL01AJ5692,1886000,1778152650000,11.458396026047945,14.119,0.5,4.340301525018161,3.252999801653394,4.340301525018161,1778150764000-632578958264631296-1385305291104452608,,,,,
1536022277991170048,1778151432000-632578958264631296-1536022277991170048,1778151432000,1778152967000,1,14.053,6.777,2.0736314003246274,632578958264631296,1778151432000,1536022277991170048,NL01AK7897,1535000,1778152967000,17.89093846105569,14.053,0.3499999999999943,6.776870629187761,2.073670986055745,6.77687062918776,1778151432000-632578958264631296-1536022277991170048,14.534999999999854,,,,
927171595435245568,1778120039000-632578958264631296-927171595435245568,1778120039000,1778121780000,1,14.033,6.05,2.3195041322314047,632578958264631296,1778120039000,927171595435245568,RJ47GA3670,1741000,1778121780000,15.972998240929664,14.033,0.4500000000007276,6.0503781215642665,2.3193591736001955,6.0503781215642665,1778120039000-632578958264631296-927171595435245568,12.125,,,,
1120316481867874304,1778121369000-632578958264631296-1120316481867874304,1778121369000,1778123018000,1,13.966,5.804,2.406271536871123,632578958264631296,1778121369000,1120316481867874304,RJ47GA6413,1649000,1778123018000,15.323800713283076,13.966,0.3999999999996362,5.80446996715268,2.4060767096794664,5.804469967152679,1778121369000-632578958264631296-1120316481867874304,14.299999999988358,,,,
946025653910634496,1778165697000-632578958264631296-946025653910634496,1778165697000,1778167106000,1,13.892,5.003,2.776733959624225,632578958264631296,1778165697000,946025653910634496,RJ47GA3361,1409000,1778167106000,13.207176702059584,13.892,0.3500000000003638,5.002718447749842,2.776890233798474,5.002718447749842,1778165697000-632578958264631296-946025653910634496,14.75,,,,
1184409623537385472,1778156517000-632578958264631296-1184409623537385472,1778156517000,1778159146000,1,13.859,5.929,2.3374936751560127,632578958264631296,1778156517000,1184409623537385472,RJ47GA6472,2629000,1778159146000,15.653434096166158,13.859,0.0,5.929331097032636,2.337363148253908,5.929331097032636,1778156517000-632578958264631296-1184409623537385472,14.699999999982538,,,,
1397607641592627200,1778150852000-632578958264631296-1397607641592627200,1778150852000,1778152341000,1,13.84,3.365,4.112927191679049,632578958264631296,1778150852000,1397607641592627200,NL01AJ6923,1489000,1778152341000,8.882920871703611,13.84,0.34999999999990905,3.364742754433186,4.113241638388324,3.364742754433186,1778150852000-632578958264631296-1397607641592627200,13.875,,,,
1073994678560358400,1778118535000-632578958264631296-1073994678560358400,1778118535000,1778119762000,1,13.813,5.302,2.6052433044134293,632578958264631296,1778118535000,1073994678560358400,RJ47GA5628,1227000,1778119762000,13.998324661541181,13.813,0.2999999999992724,5.302395705129235,2.605048881327,5.302395705129235,1778118535000-632578958264631296-1073994678560358400,14.600000000034925,,,,
970288452387995648,1778128735000-632578958264631296-970288452387995648,1778128735000,1778130159000,1,13.812,4.138,3.3378443692605124,632578958264631296,1778128735000,970288452387995648,RJ47GA3399,1424000,1778130159000,10.924511167667994,13.812,0.3500000000003638,4.138072411995452,3.3377859604297275,4.138072411995452,1778128735000-632578958264631296-970288452387995648,9.125,,,,
1385305434218299392,1778101448000-632578958264631296-1385305434218299392,1778101448000,1778103964000,1,13.779,8.322,1.6557317952415287,632578958264631296,1778101448000,1385305434218299392,NL01AJ5697,2516000,1778103964000,21.969209608229303,13.779,0.650000000000091,8.321670306147462,1.6557973932013441,8.321670306147462,1778101448000-632578958264631296-1385305434218299392,14.25,,,,
1064527564812320768,1778112313000-632578958264631296-1064527564812320768,1778112313000,1778113929000,1,13.707,6.676,2.053175554224086,632578958264631296,1778112313000,1064527564812320768,RJ47GA3509,1616000,1778113929000,17.624597378557212,13.707,0.3999999999996362,6.675983855514096,2.0531805194044273,6.675983855514095,1778112313000-632578958264631296-1064527564812320768,14.75,,,,
947583451614150656,1778118206000-632578958264631296-947583451614150656,1778118206000,1778119908000,1,13.675,5.387,2.5385186560237614,632578958264631296,1778118206000,947583451614150656,RJ47GA3784,1702000,1778119908000,14.221769107181252,13.675,0.0,5.387033752720171,2.5385027508125115,5.387033752720171,1778118206000-632578958264631296-947583451614150656,12.75,,,,
1477629515881512960,1778146625000-632578958264631296-1477629515881512960,1778146625000,1778148725000,1,13.665,2.792,4.894340974212034,632578958264631296,1778146625000,1477629515881512960,NL01AK3041,2100000,1778148725000,7.36979421695703,13.665,0.5499999999999545,2.7915887185443293,4.895062051664114,2.7915887185443293,1778146625000-632578958264631296-1477629515881512960,14.25,,,,
1268615116379652096,1778162474000-632578958264631296-1268615116379652096,1778162474000,1778164317000,1,13.658,5.674,2.4071201973916105,632578958264631296,1778162474000,1268615116379652096,RJ47GA5518,1843000,1778164317000,14.978638335406135,13.658,0.5,5.673726642199293,2.407236171446177,5.673726642199293,1778162474000-632578958264631296-1268615116379652096,14.199999999953434,,,,
1131571393566081024,1778161096000-632578958264631296-1131571393566081024,1778161096000,1778162731000,1,13.63,3.854,3.5365853658536586,632578958264631296,1778161096000,1131571393566081024,RJ47GA1964,1635000,1778162731000,10.175369809276143,13.63,0.0,3.854306745937933,3.5363039058488805,3.854306745937933,1778161096000-632578958264631296-1131571393566081024,17.125,,,,
870575606247456768,1778113952000-632578958264631296-870575606247456768,1778113952000,1778115609000,1,13.604,4.56,2.9833333333333334,632578958264631296,1778113952000,870575606247456768,RJ47GA4668,1657000,1778115609000,12.037482602222678,13.604,0.4000000000005457,4.559652500841923,2.983560698427801,4.559652500841923,1778113952000-632578958264631296-870575606247456768,14.200000000011642,,,,1.4268926071510637
1153273602804547584,1778139112000-632578958264631296-1153273602804547584,1778139112000,1778141811000,1,13.602,3.424,3.9725467289719627,632578958264631296,1778139112000,1153273602804547584,RJ47GA6314,2699000,1778141811000,9.039658388019351,13.602,0.6999999999998181,3.4241130257649055,3.9724156000841933,3.4241130257649055,1778139112000-632578958264631296-1153273602804547584,14.10000000000582,,,,
944573988506435584,1778159306000-632578958264631296-944573988506435584,1778159306000,1778160458000,1,13.598,3.034,4.481872116018458,632578958264631296,1778159306000,944573988506435584,RJ47GA3719,1152000,1778160458000,8.010287391155016,13.598,0.3000000000001819,3.0341997693768996,4.481577033008763,3.0341997693769,1778159306000-632578958264631296-944573988506435584,14.5,,,,
1428366867084345344,1778128518000-632578958264631296-1428366867084345344,1778128518000,1778130154000,1,13.572,5.609,2.419682652879301,632578958264631296,1778128518000,1428366867084345344,NL01AJ9498,1636000,1778130154000,14.807736685761052,13.572,0.40000000000009095,5.608991168848883,2.4196864625809957,5.608991168848883,1778128518000-632578958264631296-1428366867084345344,14.0,,,,
929731076446748672,1778120051000-632578958264631296-929731076446748672,1778120051000,1778122213000,1,13.55,5.566,2.434423284225656,632578958264631296,1778120051000,929731076446748672,RJ47GA3899,2162000,1778122213000,14.694574137497801,13.55,0.5500000000001819,5.566126567234015,2.434367928276095,5.566126567234015,1778120051000-632578958264631296-929731076446748672,13.75,,,,
1142833661045899264,1778169588000-632578958264631296-1142833661045899264,1778169588000,1778171718000,1,13.548,8.974,1.5096946735012258,632578958264631296,1778169588000,1142833661045899264,RJ47GA6293,2130000,1778171718000,23.691334362533798,13.548,0.5499999999992724,8.973990288838559,1.5096963072102259,8.973990288838559,1778169588000-632578958264631296-1142833661045899264,14.300000000017462,,,,
1097510484225032192,1778156923000-632578958264631296-1097510484225032192,1778156923000,1778158514000,1,13.526,6.683,2.0239413437079157,632578958264631296,1778156923000,1097510484225032192,RJ47GA3830,1591000,1778158514000,17.643499295377783,13.526,0.3999999999996362,6.683143672491584,2.023897833541156,6.683143672491583,1778156923000-632578958264631296-1097510484225032192,14.375,,,,
1093088075828953088,1778166054000-632578958264631296-1093088075828953088,1778166054000,1778168376000,1,13.496,10.124,1.3330699328328723,632578958264631296,1778166054000,1093088075828953088,RJ47GA5975,2322000,1778168376000,26.728601410795324,13.496,0.5999999999994543,10.124470231361865,1.3330080183548154,10.124470231361865,1778166054000-632578958264631296-1093088075828953088,14.494999999995343,,,,
977133830013976576,1778155281000-632578958264631296-977133830013976576,1778155281000,1778156835000,1,13.476,4.424,3.046112115732369,632578958264631296,1778155281000,977133830013976576,RJ47GA5039,1554000,1778156835000,11.679159750689646,13.476,0.4000000000005457,4.423924147988502,3.0461643439631203,4.423924147988502,1778155281000-632578958264631296-977133830013976576,14.0,,,,
944590866851299328,1778163302000-632578958264631296-944590866851299328,1778163302000,1778164796000,1,13.465,6.385,2.1088488645262333,632578958264631296,1778163302000,944590866851299328,RJ47GA3402,1494000,1778164796000,16.856371784594923,13.465,0.3999999999996362,6.384989312346562,2.10885239446884,6.384989312346562,1778163302000-632578958264631296-944590866851299328,14.375,,,,
1396881232180019200,1778138414000-632578958264631296-1396881232180019200,1778138414000,1778140721000,1,13.444,3.015,4.459038142620233,632578958264631296,1778138414000,1396881232180019200,NL01AJ6926,2307000,1778140721000,7.960310338112472,13.444,0.599999999999909,3.0152690674668454,4.458640240452712,3.015269067466846,1778138414000-632578958264631296-1396881232180019200,13.875,,,,
1177288436235632640,1778117174000-632578958264631296-1177288436235632640,1778117174000,1778118338000,1,13.421,3.135,4.281020733652313,632578958264631296,1778117174000,1177288436235632640,RJ14GP9555,1164000,1778118338000,8.276819592375357,13.421,0.3000000000001819,3.135158936505817,4.280803707820284,3.135158936505817,1778117174000-632578958264631296-1177288436235632640,13.700000000011642,,,,
1491416395517263872,1778140450000-632578958264631296-1491416395517263872,1778140450000,1778142430000,1,13.4,2.709,4.946474713916574,632578958264631296,1778140450000,1491416395517263872,NL01AK3106,1980000,1778142430000,7.152109547629678,13.4,0.5,2.7091324044051808,4.946232963073695,2.7091324044051808,1778140450000-632578958264631296-1491416395517263872,13.75,,,,
1385588586753032192,1778134927000-632578958264631296-1385588586753032192,1778134927000,1778137168000,1,13.39,8.608,1.5555297397769516,632578958264631296,1778134927000,1385588586753032192,NL01AJ5698,2241000,1778137168000,22.72503430003633,13.39,0.5499999999997272,8.607967537892549,1.5555356059437715,8.607967537892549,1778134927000-632578958264631296-1385588586753032192,13.75,,,,
1141991039255445504,1778110140000-632578958264631296-1141991039255445504,1778110140000,1778111940000,1,13.369,6.054,2.208292038321771,632578958264631296,1778110140000,1141991039255445504,RJ47GA6283,1800000,1778111940000,15.982060939256977,13.369,0.4499999999998181,6.053810961839764,2.2083609951271317,6.053810961839764,1778110140000-632578958264631296-1141991039255445504,14.099999999976717,,,,
1475453057469775872,1778116240000-632578958264631296-1475453057469775872,1778116240000,1778118378000,1,13.364,4.691,2.848859518226391,632578958264631296,1778116240000,1475453057469775872,NL01AK3037,2138000,1778118378000,12.384307863739838,13.364,0.5499999999999545,4.69102570596206,2.848843906997786,4.69102570596206,1778116240000-632578958264631296-1475453057469775872,14.0,,,,
1396881382210273280,1778109653000-632578958264631296-1396881382210273280,1778109653000,1778111945000,1,13.354,6.174,2.1629413670229996,632578958264631296,1778109653000,1396881382210273280,NL01AJ6927,2292000,1778111945000,16.299738137371993,13.354,0.599999999999909,6.1741432338530275,2.162891188979806,6.174143233853027,1778109653000-632578958264631296-1396881382210273280,14.125,,,,
1103352309556969472,1778133214000-632578958264631296-1103352309556969472,1778133214000,1778135134000,1,13.282,5.766,2.303503295178633,632578958264631296,1778133214000,1103352309556969472,RJ47GA5608,1920000,1778135134000,15.22319035820965,13.282,0.0,5.766359984170322,2.303359491336205,5.766359984170322,1778133214000-632578958264631296-1103352309556969472,14.0,,,,
873568577507033088,1778163583000-632578958264631296-873568577507033088,1778163583000,1778164767000,1,13.278,3.963,3.3504920514761545,632578958264631296,1778163583000,873568577507033088,RJ14GN1578,1184000,1778164767000,10.461444883080995,13.278,0.3000000000010914,3.962668516318559,3.350772325598325,3.962668516318559,1778163583000-632578958264631296-873568577507033088,13.300000000046566,,,,0.1840000000000026
943461119844941824,1778157147000-632578958264631296-943461119844941824,1778157147000,1778159194000,1,13.246,8.531,1.552690188723479,632578958264631296,1778157147000,943461119844941824,RJ47GA3779,2047000,1778159194000,22.521052205689568,13.246,0.5,8.53070159306423,1.552744502371233,8.53070159306423,1778157147000-632578958264631296-943461119844941824,13.625,,,,
1073278104413143040,1778167989000-632578958264631296-1073278104413143040,1778167989000,1778169235000,1,13.233,5.432,2.4361192930780557,632578958264631296,1778167989000,1073278104413143040,RJ47GA3367,1246000,1778169235000,14.339712782476203,13.233,0.3000000000010914,5.431709387301592,2.4362496327466436,5.431709387301592,1778167989000-632578958264631296-1073278104413143040,12.625,,,,
1094955908762435584,1778112913000-632578958264631296-1094955908762435584,1778112913000,1778114916000,1,13.224,4.572,2.8923884514435696,632578958264631296,1778112913000,1094955908762435584,RJ47GA5970,2003000,1778114916000,12.07006171697114,13.224,0.5499999999992724,4.57199307461028,2.8923928326657022,4.57199307461028,1778112913000-632578958264631296-1094955908762435584,13.64999999999418,,,,
1131239476161413120,1778166391000-632578958264631296-1131239476161413120,1778166391000,1778169320000,1,13.08,7.016,1.8643101482326112,632578958264631296,1778166391000,1131239476161413120,RJ47GA6182,2929000,1778169320000,18.52352519570295,13.08,0.8000000000001819,7.0164868165541465,1.8641807990203985,7.0164868165541465,1778166391000-632578958264631296-1131239476161413120,14.0,,,,
847116116999274496,1778162654000-632578958264631296-847116116999274496,1778162654000,1778164346000,1,13.012,6.409,2.03026993290685,632578958264631296,1778162654000,847116116999274496,RJ47GA3311,1692000,1778164346000,16.919312584596984,13.012,0.4500000000007276,6.408830524468554,2.030323621497076,6.408830524468554,1778162654000-632578958264631296-847116116999274496,,,,,
1398705978894974976,1778165757000-632578958264631296-1398705978894974976,1778165757000,1778167513000,1,12.98,6.878,1.8871765047979063,632578958264631296,1778165757000,1398705978894974976,NL01AH7651,1756000,1778167513000,18.157321251875903,12.98,0.4499999999998181,6.877773201468145,1.8872387355298748,6.877773201468145,1778165757000-632578958264631296-1398705978894974976,13.809999999997672,,,,
1373358446576926720,1778153527000-632578958264631296-1373358446576926720,1778153527000,1778155779000,1,12.977,0.828,15.672705314009663,632578958264631296,1778153527000,1373358446576926720,HR26EQ4539,2252000,1778155779000,2.185321266199239,12.977,0.6197222222217533,0.8277732068936511,15.676999318084032,0.8277732068936511,1778153527000-632578958264631296-1373358446576926720,12.940000000002328,,,,
1536014563953082368,1778130728000-632578958264631296-1536014563953082368,1778130728000,1778135546000,1,12.973,3.918,3.3111281265952015,632578958264631296,1778130728000,1536014563953082368,NL01AK9204,4818000,1778135546000,10.344260026310891,12.973,1.3000000000000114,3.9182803129965498,3.3108912491456617,3.9182803129965498,1778130728000-632578958264631296-1536014563953082368,13.125,,,,
1428031634325635072,1778145511000-632578958264631296-1428031634325635072,1778145511000,1778147931000,1,12.926,2.855,4.527495621716287,632578958264631296,1778145511000,1428031634325635072,NL01AJ9500,2420000,1778147931000,7.538175616753651,12.926,0.6499999999998636,2.8553695518006252,4.526909657577854,2.8553695518006252,1778145511000-632578958264631296-1428031634325635072,13.125,,,,
1111626569580806144,1778163702000-632578958264631296-1111626569580806144,1778163702000,1778165076000,1,12.905,5.761,2.240062489151189,632578958264631296,1778163702000,1111626569580806144,NL01AH6173,1374000,1778165076000,15.208839696860124,12.905,0.3000000000001819,5.760924127598532,2.240091991174949,5.760924127598532,1778163702000-632578958264631296-1111626569580806144,13.625,,,,
1500136074981146624,1778119245000-632578958264631296-1500136074981146624,1778119245000,1778120530000,1,12.862,2.371,5.424715309995783,632578958264631296,1778119245000,1500136074981146624,NL01AK3122,1285000,1778120530000,6.259055214799296,12.862,0.3000000000000682,2.370854248030036,5.42504880284697,2.370854248030036,1778119245000-632578958264631296-1500136074981146624,13.5,,,,
790193276584984576,1778164025000-632578958264631296-790193276584984576,1778164025000,1778165471000,1,12.833,4.619,2.7783069928555966,632578958264631296,1778164025000,790193276584984576,RJ47GA2477,1446000,1778165471000,12.194892431544748,12.833,0.3500000000003638,4.619277436191192,2.778140126301096,4.619277436191192,1778164025000-632578958264631296-790193276584984576,13.64000000001397,['841055114193010688'],,841055114193010688,
1536014625517076480,1778142452000-632578958264631296-1536014625517076480,1778142452000,1778143837000,1,12.811,2.741,4.673841663626414,632578958264631296,1778142452000,1536014625517076480,NL01AK9417,1385000,1778143837000,7.237175332022009,12.811,0.3499999999999943,2.741354292432579,4.673237616664273,2.7413542924325793,1778142452000-632578958264631296-1536014625517076480,13.070000000000164,,,,
1389243594644127744,1778141828000-632578958264631296-1389243594644127744,1778141828000,1778144830000,1,12.804,5.759,2.2233026567112346,632578958264631296,1778141828000,1389243594644127744,NL01AJ6142,3002000,1778144830000,15.202866915958497,12.804,0.75,5.7586617105903395,2.2234332634009544,5.7586617105903395,1778141828000-632578958264631296-1389243594644127744,13.0,,,,
1083019060351860736,1778122280000-632578958264631296-1083019060351860736,1778122280000,1778123570000,1,12.794,3.8,3.3668421052631583,632578958264631296,1778122280000,1083019060351860736,RJ47GA5912,1290000,1778123570000,10.03146093121396,12.794,0.0,3.799795807278015,3.367023031999445,3.7997958072780147,1778122280000-632578958264631296-1083019060351860736,13.5,,,,
1046442514266980352,1778154725000-632578958264631296-1046442514266980352,1778154725000,1778156154000,1,12.727,2.614,4.868783473603673,632578958264631296,1778154725000,1046442514266980352,RJ47GA3809,1429000,1778156154000,6.900118685481262,12.727,0.0,2.6136813202580536,4.869377112410721,2.2421476374942233,1778154725000-632578958264631296-1046442514266980352,13.0,,,,
1076923642098483200,1778172115000-632578958264631296-1076923642098483200,1778172115000,1778174069000,1,12.703,5.821,2.1822710874420204,632578958264631296,1778172115000,1076923642098483200,RJ47GA3462,1954000,1778174069000,15.367165688577119,12.703,0.5,5.820896094157999,2.182310042048175,5.820896094157999,1778172115000-632578958264631296-1076923642098483200,13.75,,,,
1083778254826897408,1778104209000-632578958264631296-1083778254826897408,1778104209000,1778106545000,1,12.7,3.781,3.358899761967733,632578958264631296,1778104209000,1083778254826897408,RJ47GA3529,2336000,1778106545000,9.982783801035065,12.7,0.6000000000003638,3.7813575003920703,3.3585822019428733,3.7813575003920703,1778104209000-632578958264631296-1083778254826897408,12.125,,,,
876044057397166080,1778169878000-632578958264631296-876044057397166080,1778169878000,1778172355000,1,12.696,6.62,1.9178247734138971,632578958264631296,1778169878000,876044057397166080,RJ14GN1573,2477000,1778172355000,17.47727400788348,12.696,0.6000000000003638,6.620179548440712,1.917772759349157,6.620179548440712,1778169878000-632578958264631296-876044057397166080,13.200000000011642,,,,0.18399999999999608
1083727517765861376,1778144773000-632578958264631296-1083727517765861376,1778144773000,1778146478000,1,12.647,3.007,4.205853009644164,632578958264631296,1778144773000,1083727517765861376,RJ47GA6333,1705000,1778146478000,7.939725782967423,12.647,0.4499999999998181,3.00747188748766,4.205193090122241,3.00747188748766,1778144773000-632578958264631296-1083727517765861376,13.10000000000582,,,,
1466797477431607296,1778144851000-632578958264631296-1466797477431607296,1778144851000,1778146501000,1,12.645,3.058,4.135055591890124,632578958264631296,1778144851000,1466797477431607296,NL01AK2192,1650000,1778146501000,8.072339347107459,12.645,0.3999999999998636,3.0577042981467644,4.135455481311248,3.0577042981467644,1778144851000-632578958264631296-1466797477431607296,12.625,,,,
1491416395517263872,1778159051000-632578958264631296-1491416395517263872,1778159051000,1778161083000,1,12.605,2.403,5.245526425301707,632578958264631296,1778159051000,1491416395517263872,NL01AK3106,2032000,1778161083000,6.344705097567903,12.605,0.5,2.4032973854423876,5.244877340753954,2.4032973854423876,1778159051000-632578958264631296-1491416395517263872,13.0,,,,
786246735176400896,1778133207000-632578958264631296-786246735176400896,1778133207000,1778134393000,1,12.585,4.178,3.012206797510771,632578958264631296,1778133207000,786246735176400896,RJ47GA3340,1186000,1778134393000,11.029004030852612,12.585,0.2999999999992724,4.177653041989625,3.012456964115512,4.177653041989625,1778133207000-632578958264631296-786246735176400896,14.17000000004191,['900758004226326541'],,900758004226326541,
1385305434218299392,1778138572000-632578958264631296-1385305434218299392,1778138572000,1778141400000,1,12.572,4.01,3.1351620947630923,632578958264631296,1778138572000,1385305434218299392,NL01AJ5697,2828000,1778141400000,10.585620835174906,12.572,0.75,4.009704861808676,3.135392861391072,4.009704861808676,1778138572000-632578958264631296-1385305434218299392,12.75,,,,
1398705978894974976,1778153988000-632578958264631296-1398705978894974976,1778153988000,1778155625000,1,12.537,5.805,2.1596899224806205,632578958264631296,1778153988000,1398705978894974976,NL01AH7651,1637000,1778155625000,15.325378348660852,12.537,0.3999999999996362,5.805067556310928,2.159664789149699,5.805067556310929,1778153988000-632578958264631296-1398705978894974976,13.35000000000582,,,,
878252193440858112,1778177710000-632578958264631296-878252193440858112,1778177710000,1778179465000,1,12.515,2.973,4.209552640430542,632578958264631296,1778177710000,878252193440858112,RJ47GA1999,1755000,1778179465000,7.848463341689171,12.515,0.3999999999996362,2.9729027809428676,4.209690300074603,2.972902780942867,1778177710000-632578958264631296-878252193440858112,12.75,['900758004175994897'],,900758004175994897,
780109531760820224,1778158751000-632578958264631296-780109531760820224,1778158751000,1778161081000,1,12.426,4.0,3.1065,632578958264631296,1778158751000,780109531760820224,RJ47GA3172,2330000,1778161081000,10.56,12.426,0.6000000000003638,4.0,3.1065,4.0,1778158751000-632578958264631296-780109531760820224,14.070000000006985,['900758004213743624'],,900758004213743624,
1113484110199783424,1778150800000-632578958264631296-1113484110199783424,1778150800000,1778152790000,1,12.35,2.688,4.5944940476190474,632578958264631296,1778150800000,1113484110199783424,RJ47GA3920,1990000,1778152790000,7.09724931279712,12.35,0.5499999999992724,2.6883520124231515,4.593892445233875,2.6883520124231515,1778150800000-632578958264631296-1113484110199783424,12.375,,,,
1478688867300147200,1778150274000-632578958264631296-1478688867300147200,1778150274000,1778151756000,1,12.337,6.596,1.8703759854457247,632578958264631296,1778150274000,1478688867300147200,NL01AK3095,1482000,1778151756000,17.41297471067976,12.337,0.34999999999990905,6.595823754045362,1.8704259634641465,6.595823754045362,1778150274000-632578958264631296-1478688867300147200,13.0,,,,
997896292355014656,1778119241000-632578958264631296-997896292355014656,1778119241000,1778120601000,1,12.317,3.583,3.437622104381803,632578958264631296,1778119241000,997896292355014656,RJ47GA5837,1360000,1778120601000,9.458015532633649,12.317,0.3500000000003638,3.582581641149109,3.4380235354662667,3.582581641149109,1778119241000-632578958264631296-997896292355014656,12.554999999993015,,,,
946025653910634496,1778111553000-632578958264631296-946025653910634496,1778111553000,1778112972000,1,12.304,4.193,2.9344145003577395,632578958264631296,1778111553000,946025653910634496,RJ47GA3361,1419000,1778112972000,11.069361859090623,12.304,0.3499999999985448,4.1929400981403875,2.934456422465218,4.1929400981403875,1778111553000-632578958264631296-946025653910634496,13.0,,,,
977133830013976576,1778133166000-632578958264631296-977133830013976576,1778133166000,1778134530000,1,12.281,4.146,2.962132175590931,632578958264631296,1778133166000,977133830013976576,RJ47GA5039,1364000,1778134530000,10.944910658005904,12.281,0.2999999999992724,4.145799491668903,2.962275436783425,4.145799491668903,1778133166000-632578958264631296-977133830013976576,12.800000000017462,,,,
1153273376152748032,1778142070000-632578958264631296-1153273376152748032,1778142070000,1778143990000,1,12.274,3.429,3.57946923301254,632578958264631296,1778142070000,1153273376152748032,RJ47GA6313,1920000,1778143990000,9.053254322730819,12.274,0.5,3.4292630010344007,3.579194712186752,3.4292630010344007,1778142070000-632578958264631296-1153273376152748032,12.89999999999418,,,,
1132636843020386304,1778152288000-632578958264631296-1132636843020386304,1778152288000,1778153862000,1,12.251,3.583,3.4192017862126707,632578958264631296,1778152288000,1132636843020386304,RJ47GA4655,1574000,1778153862000,9.458484174162804,12.251,0.3999999999996362,3.5827591568798494,3.4194316345475873,3.5827591568798494,1778152288000-632578958264631296-1132636843020386304,12.5,,,,
821719550704746496,1778141562000-632578958264631296-821719550704746496,1778141562000,1778143091000,1,12.247,6.227,1.966757668219046,632578958264631296,1778141562000,821719550704746496,RJ47GA3076,1529000,1778143091000,16.439020418629802,12.247,0.3500000000003638,6.226901673723409,1.9667887244278326,6.226901673723409,1778141562000-632578958264631296-821719550704746496,13.440000000002328,['900758004205355011'],,900758004205355011,
1127222273418199040,1778160750000-632578958264631296-1127222273418199040,1778160750000,1778161761000,1,12.237,2.513,4.869478710704338,632578958264631296,1778160750000,1127222273418199040,RJ47GA3844,1011000,1778161761000,6.634440242727273,12.237,0.25,2.513045546487603,4.869390456175071,2.513045546487603,1778160750000-632578958264631296-1127222273418199040,12.0,,,,
1176184196838719488,1778126664000-632578958264631296-1176184196838719488,1778126664000,1778127929000,1,12.23,4.048,3.0212450592885376,632578958264631296,1778126664000,1176184196838719488,RJ14GP9553,1265000,1778127929000,10.686712138404332,12.23,0.2999999999992724,4.0479970221228525,3.021247281843685,4.0479970221228525,1778126664000-632578958264631296-1176184196838719488,12.299999999988358,,,,
1135541524696662016,1778169877000-632578958264631296-1135541524696662016,1778169877000,1778171151000,1,12.171,5.642,2.1572137539879472,632578958264631296,1778169877000,1135541524696662016,RJ47GA6226,1274000,1778171151000,14.894466241091527,12.171,0.0,5.641843273140729,2.1572736800298578,5.641843273140729,1778169877000-632578958264631296-1135541524696662016,12.800000000017462,,,,
1073201833905750016,1778158591000-632578958264631296-1073201833905750016,1778158591000,1778160310000,1,12.134,3.653,3.321653435532439,632578958264631296,1778158591000,1073201833905750016,RJ47GA5838,1719000,1778160310000,9.642678142961653,12.134,0.4499999999998181,3.6525295996066864,3.322081223190257,3.6525295996066864,1778158591000-632578958264631296-1073201833905750016,12.550000000017462,,,,
1050036657417355264,1778153003000-632578958264631296-1050036657417355264,1778153003000,1778156172000,1,12.104,4.649,2.603570660357066,632578958264631296,1778153003000,1050036657417355264,RJ47GA5830,3169000,1778156172000,12.272859565316262,12.104,0.8500000000003638,4.648810441407675,2.6036768228249954,4.648810441407675,1778153003000-632578958264631296-1050036657417355264,12.700000000011642,,,,
1188144161019133952,1778130544000-632578958264631296-1188144161019133952,1778130544000,1778132333000,1,12.104,2.431,4.979020979020978,632578958264631296,1778130544000,1188144161019133952,RJ47GA6478,1789000,1778132333000,6.419124387649439,12.104,0.0,2.431486510473272,4.978024738308764,0.23806347282930326,1778130544000-632578958264631296-1188144161019133952,12.39999999999418,,,,
1073663863301341184,1778166097000-632578958264631296-1073663863301341184,1778166097000,1778167346000,1,12.034,3.359,3.5826138731765407,632578958264631296,1778166097000,1073663863301341184,RJ47GA3284,1249000,1778167346000,8.866880317421426,12.034,0.2999999999992724,3.358666786902055,3.5829693040493136,3.358666786902055,1778166097000-632578958264631296-1073663863301341184,12.375,,,,
1094588896550846464,1778140990000-632578958264631296-1094588896550846464,1778140990000,1778143165000,1,11.994,3.261,3.6780128794848204,632578958264631296,1778140990000,1094588896550846464,RJ47GA5976,2175000,1778143165000,8.608577646813414,11.994,0.5500000000001819,3.260824866217202,3.6782104197806635,3.260824866217202,1778140990000-632578958264631296-1094588896550846464,12.244999999995343,,,,
1464269416886697984,1778147849000-632578958264631296-1464269416886697984,1778147849000,1778149687000,1,11.987,2.957,4.0537707135610415,632578958264631296,1778147849000,1464269416886697984,NL01AK1963,1838000,1778149687000,7.806195623953315,11.987,0.5,2.956892281800498,4.053918390527547,2.9568922818004983,1778147849000-632578958264631296-1464269416886697984,12.0,,,,
1131571393566081024,1778163915000-632578958264631296-1131571393566081024,1778163915000,1778165179000,1,11.969,2.828,4.232319660537482,632578958264631296,1778163915000,1131571393566081024,RJ47GA1964,1264000,1778165179000,7.4654956807051285,11.969,0.0,2.8278392729943667,4.232560214543652,2.8278392729943667,1778163915000-632578958264631296-1131571393566081024,14.375,,,,
1083727986517082112,1778162456000-632578958264631296-1083727986517082112,1778162456000,1778163840000,1,11.893,5.318,2.2363670552839414,632578958264631296,1778162456000,1083727986517082112,RJ47GA6315,1384000,1778163840000,14.039046467741935,11.893,0.3000000000001819,5.31782063172043,2.236442487183393,5.31782063172043,1778162456000-632578958264631296-1083727986517082112,12.39999999999418,,,,
1479440816106635264,1778137769000-632578958264631296-1479440816106635264,1778137769000,1778139752000,1,11.87,3.236,3.6681087762669957,632578958264631296,1778137769000,1479440816106635264,NL01AK3099,1983000,1778139752000,8.544216614093793,11.87,0.5,3.2364456871567397,3.66760364529026,3.2364456871567397,1778137769000-632578958264631296-1479440816106635264,12.25,,,,
877447567619653632,1778164632000-632578958264631296-877447567619653632,1778164632000,1778166420000,1,11.85,3.277,3.616112297833384,632578958264631296,1778164632000,877447567619653632,RJ14GN1570,1788000,1778166420000,8.652043962723363,11.85,0.3999999999996362,3.2772893798194556,3.6157930004499055,3.2772893798194556,1778164632000-632578958264631296-877447567619653632,12.100000000034925,,,,0.0
1120316481867874304,1778147324000-632578958264631296-1120316481867874304,1778147324000,1778148401000,1,11.84,4.314,2.7445526193787666,632578958264631296,1778147324000,1120316481867874304,RJ47GA6413,1077000,1778148401000,11.388599891104747,11.84,0.25,4.313863595115434,2.744639402461954,4.313863595115434,1778147324000-632578958264631296-1120316481867874304,11.700000000011642,,,,
1083729116835872768,1778147351000-632578958264631296-1083729116835872768,1778147351000,1778148476000,1,11.833,4.94,2.3953441295546556,632578958264631296,1778147351000,1083729116835872768,RJ47GA6361,1125000,1778148476000,13.041681713968256,11.833,0.25,4.940030952260702,2.3953291212851355,4.940030952260702,1778147351000-632578958264631296-1083729116835872768,12.0,,,,
1067765309810671616,1778166845000-632578958264631296-1067765309810671616,1778166845000,1778168867000,1,11.801,8.491,1.389824520080085,632578958264631296,1778166845000,1067765309810671616,RJ47GA6287,2022000,1778168867000,22.416540738577712,11.801,0.5,8.49111391612792,1.3898058743017594,8.49111391612792,1778166845000-632578958264631296-1067765309810671616,12.299999999988358,,,,
790970372676648960,1778117641000-632578958264631296-790970372676648960,1778117641000,1778118582000,1,11.702,1.891,6.188260179799048,632578958264631296,1778117641000,790970372676648960,RJ47GA3186,941000,1778118582000,4.99235299905952,11.702,0.1999999999989086,1.8910428026740604,6.188120112063351,1.8910428026740604,1778117641000-632578958264631296-790970372676648960,9.339999999967404,['900758004222132226'],,900758004222132226,
932302785804763136,1778155086000-632578958264631296-932302785804763136,1778155086000,1778156107000,1,11.666,3.775,3.0903311258278148,632578958264631296,1778155086000,932302785804763136,RJ47GA4681,1021000,1778156107000,9.965370943937659,11.666,0.0,3.774761721188507,3.0905262005059457,3.774761721188507,1778155086000-632578958264631296-932302785804763136,11.200000000011642,,,,
1268614873160351744,1778149521000-632578958264631296-1268614873160351744,1778149521000,1778150769000,1,11.664,4.496,2.594306049822064,632578958264631296,1778149521000,1268614873160351744,RJ47GA5515,1248000,1778150769000,11.870015078677685,11.664,0.3499999999994543,4.496217832832456,2.5941803608416585,4.496217832832456,1778149521000-632578958264631296-1268614873160351744,12.199999999982538,,,,
1152269748554170368,1778112197000-632578958264631296-1152269748554170368,1778112197000,1778113463000,1,11.656,5.014,2.324690865576386,632578958264631296,1778112197000,1152269748554170368,RJ14GQ0814,1266000,1778113463000,13.236250490687839,11.656,0.3500000000003638,5.013731246472666,2.3248154771359952,5.013731246472666,1778112197000-632578958264631296-1152269748554170368,12.0,,,,
902974583798235136,1778133343000-632578958264631296-902974583798235136,1778133343000,1778134474000,1,11.612,2.796,4.15307582260372,632578958264631296,1778133343000,902974583798235136,RJ47GA2140,1131000,1778134474000,7.380989505817608,11.612,0.3000000000010914,2.7958293582642453,4.153329303047723,2.7958293582642453,1778133343000-632578958264631296-902974583798235136,7.5,,,,
1050441880044568576,1778131688000-632578958264631296-1050441880044568576,1778131688000,1778132956000,1,11.611,5.733,2.0252921681493112,632578958264631296,1778131688000,1050441880044568576,RJ47GA3669,1268000,1778132956000,15.13512114376344,11.611,0.3500000000003638,5.733000433243727,2.0252920150976697,5.733000433243727,1778131688000-632578958264631296-1050441880044568576,10.875,,,,
1536014543027699712,1778166124000-632578958264631296-1536014543027699712,1778166124000,1778167709000,1,11.587,2.849,4.067041067041067,632578958264631296,1778166124000,1536014543027699712,NL01AK8409,1585000,1778167709000,7.521794686836822,11.587,0.39999999999997726,2.8491646541048565,4.066806031482366,2.849164654104857,1778166124000-632578958264631296-1536014543027699712,11.895000000000437,,,,
1500136074981146624,1778154006000-632578958264631296-1500136074981146624,1778154006000,1778154941000,1,11.575,2.418,4.787014061207609,632578958264631296,1778154006000,1500136074981146624,NL01AK3122,935000,1778154941000,6.383497176918605,11.575,0.25,2.417991354893411,4.78703117634192,2.417991354893411,1778154006000-632578958264631296-1500136074981146624,12.125,,,,
1070334753032372224,1778114628000-632578958264631296-1070334753032372224,1778114628000,1778115801000,1,11.57,4.657,2.4844320377925704,632578958264631296,1778114628000,1070334753032372224,RJ47GA4000,1173000,1778115801000,12.295097409355744,11.57,0.2999999999992724,4.657233867180206,2.4843072798071093,4.657233867180206,1778114628000-632578958264631296-1070334753032372224,10.625,['1096406669480427549'],,,
1064527564812320768,1778114117000-632578958264631296-1064527564812320768,1778114117000,1778115734000,1,11.553,7.114,1.6239808827663762,632578958264631296,1778114117000,1064527564812320768,RJ47GA3509,1617000,1778115734000,18.78155275581708,11.553,0.3999999999996362,7.114224528718592,1.623929629064001,7.114224528718592,1778114117000-632578958264631296-1064527564812320768,12.5,,,,
1536393085787832320,1778174025000-632578958264631296-1536393085787832320,1778174025000,1778177593000,1,11.488,5.263,2.182785483564507,632578958264631296,1778174025000,1536393085787832320,NL01AK8055,3568000,1778177593000,13.894334012759309,11.488,0.9499999999999886,5.2630053078633745,2.182783282174532,5.2630053078633745,1778174025000-632578958264631296-1536393085787832320,11.5049999999992,,,,
873109579045535744,1778130160000-632578958264631296-873109579045535744,1778130160000,1778131621000,1,11.465,3.057,3.7504088976120378,632578958264631296,1778130160000,873109579045535744,RJ14GN1568,1461000,1778131621000,8.06916763722085,11.465,0.3000000000001819,3.0565028928866855,3.7510188610264943,3.0565028928866855,1778130160000-632578958264631296-873109579045535744,11.799999999988358,,,,1.1040000000000025
1464253789857906688,1778156814000-632578958264631296-1464253789857906688,1778156814000,1778157986000,1,11.437,2.094,5.461795606494747,632578958264631296,1778156814000,1464253789857906688,NL01AK1965,1172000,1778157986000,5.52717126767029,11.437,0.2999999999999545,2.09362548017814,5.462772644048476,2.09362548017814,1778156814000-632578958264631296-1464253789857906688,11.0,,,,
818154714091749376,1778133405000-632578958264631296-818154714091749376,1778133405000,1778134491000,1,11.42,2.988,3.821954484605087,632578958264631296,1778133405000,818154714091749376,RJ47GA3069,1086000,1778134491000,7.889194587243739,11.42,0.25,2.9883312830468705,3.8215307870271635,2.9883312830468705,1778133405000-632578958264631296-818154714091749376,12.39000000001397,['900758004201160718'],,900758004201160718,
1049341310072258560,1778173449000-632578958264631296-1049341310072258560,1778173449000,1778174721000,1,11.408,6.073,1.8784785114440967,632578958264631296,1778173449000,1049341310072258560,RJ47GA3322,1272000,1778174721000,16.032959367356106,11.408,0.3500000000003638,6.07309066945307,1.8784504663137822,6.07309066945307,1778173449000-632578958264631296-1049341310072258560,11.625,,,,
1506655599683698688,1778168345000-632578958264631296-1506655599683698688,1778168345000,1778169223000,1,11.407,4.372,2.609103385178408,632578958264631296,1778168345000,1506655599683698688,RJ47GA8529,878000,1778169223000,11.541681538345447,11.407,0.25,4.371849067555093,2.6091934611043732,4.371849067555093,1778168345000-632578958264631296-1506655599683698688,11.974999999998545,,,,
943461119844941824,1778167591000-632578958264631296-943461119844941824,1778167591000,1778168892000,1,11.392,4.247,2.68236402166235,632578958264631296,1778167591000,943461119844941824,RJ47GA3779,1301000,1778168892000,11.212782616706825,11.392,0.3500000000003638,4.247266142691979,2.6821959390516517,4.247266142691979,1778167591000-632578958264631296-943461119844941824,11.75,,,,
942723675356921856,1778154878000-632578958264631296-942723675356921856,1778154878000,1778156370000,1,11.384,3.646,3.122325836533187,632578958264631296,1778154878000,942723675356921856,RJ14GN1566,1492000,1778156370000,9.626210854439718,11.384,0.4000000000005457,3.646291990318075,3.1220758047429293,3.6462919903180744,1778154878000-632578958264631296-942723675356921856,11.299999999988358,,,,
1422205727123963904,1778145390000-632578958264631296-1422205727123963904,1778145390000,1778146444000,1,11.35,2.431,4.668860551213492,632578958264631296,1778145390000,1422205727123963904,NL01AJ9006,1054000,1778146444000,6.417845775763095,11.35,0.25,2.4310021877890513,4.668856349455861,2.4310021877890513,1778145390000-632578958264631296-1422205727123963904,11.5,,,,
938499921487593472,1778161826000-632578958264631296-938499921487593472,1778161826000,1778163872000,1,11.336,5.191,2.183779618570603,632578958264631296,1778161826000,938499921487593472,RJ47GA4520,2046000,1778163872000,13.703396938259369,11.336,0.5499999999992724,5.190680658431579,2.183913969276102,5.190680658431579,1778161826000-632578958264631296-938499921487593472,11.700000000011642,,,,
1401196266230120448,1778146255000-632578958264631296-1401196266230120448,1778146255000,1778147515000,1,11.308,3.28,3.4475609756097563,632578958264631296,1778146255000,1401196266230120448,NL01AJ4828,1260000,1778147515000,8.660354060709212,11.308,0.33037888888888894,3.280437144208035,3.447101560828712,3.280437144208035,1778146255000-632578958264631296-1401196266230120448,11.200000000004366,,,,
902974583798235136,1778152304000-632578958264631296-902974583798235136,1778152304000,1778153409000,1,11.302,3.107,3.637592532990022,632578958264631296,1778152304000,902974583798235136,RJ47GA2140,1105000,1778153409000,8.201746980155017,11.302,0.25,3.106722340967809,3.637917637814775,3.106722340967809,1778152304000-632578958264631296-902974583798235136,7.375,,,,
966384365741277184,1778153834000-632578958264631296-966384365741277184,1778153834000,1778155332000,1,11.297,2.735,4.1305301645338215,632578958264631296,1778153834000,966384365741277184,RJ47GA4707,1498000,1778155332000,7.220196585807562,11.297,0.3500000000003638,2.734922949169531,4.130646533727897,2.734922949169531,1778153834000-632578958264631296-966384365741277184,11.5,,,,
1094955908762435584,1778128695000-632578958264631296-1094955908762435584,1778128695000,1778130253000,1,11.276,3.856,2.9242738589211617,632578958264631296,1778128695000,1094955908762435584,RJ47GA5970,1558000,1778130253000,10.180014586202505,11.276,0.3999999999996362,3.8560661311373123,2.924223707925425,3.8560661311373123,1778128695000-632578958264631296-1094955908762435584,11.589999999996508,,,,
1127222273418199040,1778151473000-632578958264631296-1127222273418199040,1778151473000,1778152376000,1,11.256,2.253,4.996005326231691,632578958264631296,1778151473000,1127222273418199040,RJ47GA3844,903000,1778152376000,5.948451144892437,11.256,0.1999999999989086,2.2532011912471352,4.995559226457653,2.2532011912471352,1778151473000-632578958264631296-1127222273418199040,10.0,,,,
1466797477431607296,1778133976000-632578958264631296-1466797477431607296,1778133976000,1778135255000,1,11.252,2.599,4.32935744517122,632578958264631296,1778133976000,1466797477431607296,NL01AK2192,1279000,1778135255000,6.862366616979129,11.252,0.2999999999999545,2.599381294310276,4.32872238660378,2.599381294310276,1778133976000-632578958264631296-1466797477431607296,11.25,,,,
943859348893859840,1778166720000-632578958264631296-943859348893859840,1778166720000,1778168588000,1,11.237,4.703,2.3893259621518177,632578958264631296,1778166720000,943859348893859840,RJ47GA1998,1868000,1778168588000,12.415549512655016,11.237,0.5,4.7028596638844755,2.3893972610525327,4.7028596638844755,1778166720000-632578958264631296-943859348893859840,11.625,,,,
1067767710965825536,1778173867000-632578958264631296-1067767710965825536,1778173867000,1778177404000,1,11.217,5.449,2.058542851899431,632578958264631296,1778173867000,1067767710965825536,RJ47GA6291,3537000,1778177404000,14.385477376227621,11.217,0.9500000000007276,5.4490444606922805,2.0585260555159652,5.4490444606922805,1778173867000-632578958264631296-1067767710965825536,11.89999999999418,,,,
1153273376152748032,1778127610000-632578958264631296-1153273376152748032,1778127610000,1778129351000,1,11.12,2.619,4.245895379915998,632578958264631296,1778127610000,1153273376152748032,RJ47GA6313,1741000,1778129351000,6.912911570668606,11.12,0.4499999999998181,2.6185271101017444,4.246662162519266,2.6185271101017444,1778127610000-632578958264631296-1153273376152748032,11.60000000000582,,,,
902974583798235136,1778137170000-632578958264631296-902974583798235136,1778137170000,1778138539000,1,11.027,2.618,4.211993888464477,632578958264631296,1778137170000,902974583798235136,RJ47GA2140,1369000,1778138539000,6.910655152200437,11.027,0.3500000000003638,2.617672406136529,4.212521006887547,2.617672406136529,1778137170000-632578958264631296-902974583798235136,7.25,,,,
818154714091749376,1778152332000-632578958264631296-818154714091749376,1778152332000,1778153462000,1,11.022,3.643,3.025528410650563,632578958264631296,1778152332000,818154714091749376,RJ47GA3069,1130000,1778153462000,9.616215217173961,11.022,0.25,3.642505764081046,3.0259389315697347,3.642505764081046,1778152332000-632578958264631296-818154714091749376,11.130000000004657,['900758004201160718'],,900758004201160718,
798991075485155328,1778137871000-632578958264631296-798991075485155328,1778137871000,1778139290000,1,10.994,5.437,2.022070995034026,632578958264631296,1778137871000,798991075485155328,RJ47GA3120,1419000,1778139290000,14.353279717168808,10.994,0.3500000000003638,5.4368483777154575,2.0221273863479774,5.4368483777154575,1778137871000-632578958264631296-798991075485155328,12.489999999990687,['900758004213743622'],,900758004213743622,
1345798361172672512,1778115940000-632578958264631296-1345798361172672512,1778115940000,1778118107000,1,10.972,3.446,3.1839814277423097,632578958264631296,1778115940000,1345798361172672512,RJ47GA4005,2167000,1778118107000,9.096889494333347,10.972,0.5500000000010914,3.4457914751262675,3.184174108968083,3.4457914751262675,1778115940000-632578958264631296-1345798361172672512,7.625,,,,
1073966174624022528,1778117935000-632578958264631296-1073966174624022528,1778117935000,1778119090000,1,10.955,2.227,4.919173776380782,632578958264631296,1778117935000,1073966174624022528,RJ47GA6471,1155000,1778119090000,5.880227974349349,10.955,0.0,2.2273590811929354,4.9183807373046875,0.001,1778117935000-632578958264631296-1073966174624022528,9.5,,,,
946033927888306176,1778176968000-632578958264631296-946033927888306176,1778176968000,1778178093000,1,10.921,2.498,4.371897518014411,632578958264631296,1778176968000,946033927888306176,RJ47GA3780,1125000,1778178093000,6.593559399516541,10.921,0.2999999999992724,2.49756037860475,4.372667060846378,2.49756037860475,1778176968000-632578958264631296-946033927888306176,10.375,,,,
1079095062366781440,1778114288000-632578958264631296-1079095062366781440,1778114288000,1778116143000,1,10.876,6.265,1.7359936153232243,632578958264631296,1778114288000,1079095062366781440,RJ47GA3439,1855000,1778116143000,16.539621375936317,10.876,0.5,6.265008096945574,1.7359913717114677,6.265008096945574,1778114288000-632578958264631296-1079095062366781440,10.625,,,,
1536014556927623168,1778133939000-632578958264631296-1536014556927623168,1778133939000,1778135296000,1,10.87,2.333,4.65923703386198,632578958264631296,1778133939000,1536014556927623168,NL01AK9196,1357000,1778135296000,6.158227933412232,10.87,0.3499999999999943,2.3326620959894817,4.659911960111438,2.3326620959894817,1778133939000-632578958264631296-1536014556927623168,11.024999999999636,,,,
1060579746913452032,1778114157000-632578958264631296-1060579746913452032,1778114157000,1778116393000,1,10.866,6.628,1.6394085697042848,632578958264631296,1778114157000,1060579746913452032,RJ47GA3879,2236000,1778116393000,17.496780507152074,10.866,0.5499999999992724,6.62756837392124,1.6395153375944829,6.62756837392124,1778114157000-632578958264631296-1060579746913452032,11.125,,,,
942469061864849408,1778126811000-632578958264631296-942469061864849408,1778126811000,1778128857000,1,10.864,8.045,1.3504039776258547,632578958264631296,1778126811000,942469061864849408,RJ47GA3637,2046000,1778128857000,21.237597426394196,10.864,0.5499999999992724,8.044544479694771,1.3504804439110027,8.044544479694771,1778126811000-632578958264631296-942469061864849408,10.125,,,,
786246735176400896,1778127747000-632578958264631296-786246735176400896,1778127747000,1778128735000,1,10.83,3.581,3.0242948896956157,632578958264631296,1778127747000,786246735176400896,RJ47GA3340,988000,1778128735000,9.453831966379557,10.83,0.25,3.5809969569619535,3.0242974596627294,3.5809969569619535,1778127747000-632578958264631296-786246735176400896,10.919999999983702,['900758004226326541'],,900758004226326541,
1065321017443876864,1778173297000-632578958264631296-1065321017443876864,1778173297000,1778174517000,1,10.799,5.09,2.1216110019646366,632578958264631296,1778173297000,1065321017443876864,RJ47GA2745,1220000,1778174517000,13.43785967492259,10.799,0.2999999999992724,5.090098361713102,2.121570003681723,5.090098361713102,1778173297000-632578958264631296-1065321017443876864,11.375,,,,
946031139108159488,1778124238000-632578958264631296-946031139108159488,1778124238000,1778125428000,1,10.799,2.784,3.8789511494252875,632578958264631296,1778124238000,946031139108159488,RJ47GA3328,1190000,1778125428000,7.35048045823206,10.799,0.2999999999992724,2.7842729008454774,3.878570953558739,2.7842729008454774,1778124238000-632578958264631296-946031139108159488,10.875,,,,
780067386190462976,1778132216000-632578958264631296-780067386190462976,1778132216000,1778133856000,1,10.715,5.514,1.9432354007979686,632578958264631296,1778132216000,780067386190462976,RJ47GA2450,1640000,1778133856000,14.556216633761716,10.715,0.4500000000007276,5.513718421879438,1.9433346391939295,5.513718421879438,1778132216000-632578958264631296-780067386190462976,12.080000000016298,,,,
1476549765217910784,1778163814000-632578958264631296-1476549765217910784,1778163814000,1778164924000,1,10.653,5.372,1.9830603127326882,632578958264631296,1778163814000,1476549765217910784,NL01AK3042,1110000,1778164924000,14.181703632380952,10.653,0.2999999999999545,5.371857436507936,1.9831129410845196,5.371857436507936,1778163814000-632578958264631296-1476549765217910784,11.25,,,,
1526262198169501696,1778158332000-632578958264631296-1526262198169501696,1778158332000,1778159417000,1,10.5,3.167,3.315440479949479,632578958264631296,1778158332000,1526262198169501696,NL01AK6561,1085000,1778159417000,8.36203617960526,10.5,0.25,3.1674379468201743,3.3149820695117533,3.1674379468201743,1778158332000-632578958264631296-1526262198169501696,10.5,,,,
947094374120947712,1778164372000-632578958264631296-947094374120947712,1778164372000,1778165738000,1,10.491,2.958,3.546653144016227,632578958264631296,1778164372000,947094374120947712,RJ47GA3346,1366000,1778165738000,7.808897891556891,10.491,0.3500000000003638,2.957915868013974,3.5467540214536073,2.957915868013974,1778164372000-632578958264631296-947094374120947712,10.125,,,,
1152269748554170368,1778109827000-632578958264631296-1152269748554170368,1778109827000,1778112056000,1,10.45,6.15,1.6991869918699185,632578958264631296,1778109827000,1152269748554170368,RJ14GQ0814,2229000,1778112056000,16.236083221261342,10.45,0.6000000000003638,6.150031523205054,1.6991782823503385,6.150031523205054,1778109827000-632578958264631296-1152269748554170368,10.700000000011642,,,,
1478688867300147200,1778126857000-632578958264631296-1478688867300147200,1778126857000,1778127965000,1,10.386,3.429,3.0288713910761156,632578958264631296,1778126857000,1478688867300147200,NL01AK3095,1108000,1778127965000,9.053575386324791,10.386,0.25,3.4293846160321175,3.0285316938339966,3.4293846160321175,1778126857000-632578958264631296-1478688867300147200,10.25,,,,
936665179544879104,1778120381000-632578958264631296-936665179544879104,1778120381000,1778121910000,1,10.341,4.656,2.221005154639175,632578958264631296,1778120381000,936665179544879104,RJ47GA4716,1529000,1778121910000,12.291364555796134,10.341,0.0,4.655819907498535,2.221091065688574,4.655819907498535,1778120381000-632578958264631296-936665179544879104,10.700000000011642,,,,
966383863687282688,1778138668000-632578958264631296-966383863687282688,1778138668000,1778139653000,1,10.341,1.801,5.741810105496946,632578958264631296,1778138668000,966383863687282688,RJ47GA4672,985000,1778139653000,4.755697266057695,10.341,0.2000000000007276,1.8014004795673084,5.740533611095674,1.8014004795673084,1778138668000-632578958264631296-966383863687282688,9.299999999988358,,,,
1385588586753032192,1778131360000-632578958264631296-1385588586753032192,1778131360000,1778132903000,1,10.291,7.196,1.430100055586437,632578958264631296,1778131360000,1385588586753032192,NL01AJ5698,1543000,1778132903000,18.998641985173716,10.291,0.40000000000009095,7.1964552974142855,1.4300095775899,7.1964552974142855,1778131360000-632578958264631296-1385588586753032192,11.0,,,,
1286311379313098752,1778148623000-632578958264631296-1286311379313098752,1778148623000,1778149559000,1,10.282,2.811,3.6577730345072927,632578958264631296,1778148623000,1286311379313098752,RJ47GA3711,936000,1778149559000,7.42055905579835,10.282,0.25,2.8108178241660413,3.6580101035365495,2.8108178241660413,1778148623000-632578958264631296-1286311379313098752,10.875,,,,
943461119844941824,1778129119000-632578958264631296-943461119844941824,1778129119000,1778130472000,1,10.217,5.067,2.01638050128281,632578958264631296,1778129119000,943461119844941824,RJ47GA3779,1353000,1778130472000,13.376528781575164,10.217,0.3000000000010914,5.066866962717865,2.0164334440151963,5.066866962717865,1778129119000-632578958264631296-943461119844941824,10.5,,,,
1268614873160351744,1778150985000-632578958264631296-1268614873160351744,1778150985000,1778152060000,1,10.21,4.013,2.544231248442562,632578958264631296,1778150985000,1268614873160351744,RJ47GA5515,1075000,1778152060000,10.594611268890196,10.21,0.25,4.013110329125074,2.5441613019958895,4.013110329125074,1778150985000-632578958264631296-1268614873160351744,10.5,,,,
1268615116379652096,1778114596000-632578958264631296-1268615116379652096,1778114596000,1778116052000,1,10.2,5.244,1.9450800915331807,632578958264631296,1778114596000,1268615116379652096,RJ47GA5518,1456000,1778116052000,13.84477148867536,10.2,0.4000000000005457,5.244231624498242,1.944994182246082,5.244231624498242,1778114596000-632578958264631296-1268615116379652096,10.599999999976717,,,,
1486725792942522368,1778133582000-632578958264631296-1486725792942522368,1778133582000,1778135086000,1,10.186,1.792,5.684151785714286,632578958264631296,1778133582000,1486725792942522368,NL01AK3102,1504000,1778135086000,4.731341790750025,10.186,0.40999999999996817,1.792174920738646,5.6835969983342,0.7779268570324531,1778133582000-632578958264631296-1486725792942522368,,,,,
1184409623537385472,1778147739000-632578958264631296-1184409623537385472,1778147739000,1778149277000,1,10.175,3.612,2.8169988925802882,632578958264631296,1778147739000,1184409623537385472,RJ47GA6472,1538000,1778149277000,9.53655098251003,10.175,0.40597222222222223,3.6123299176174357,2.816741613321706,3.6123299176174357,1778147739000-632578958264631296-1184409623537385472,10.699999999982538,,,,
857602255610707968,1778131871000-632578958264631296-857602255610707968,1778131871000,1778133758000,1,10.163,2.794,3.6374373657838226,632578958264631296,1778131871000,857602255610707968,RJ47GA4334,1887000,1778133758000,7.377289058692806,10.163,0.5,2.794427673747275,3.636880673448101,2.794427673747275,1778131871000-632578958264631296-857602255610707968,10.300000000046566,['900758004230520839'],,900758004230520839,0.0
1083727517765861376,1778136081000-632578958264631296-1083727517765861376,1778136081000,1778137394000,1,10.135,2.337,4.336756525459991,632578958264631296,1778136081000,1083727517765861376,RJ47GA6333,1313000,1778137394000,6.168558078176106,10.135,0.3000000000001819,2.336575029612161,4.337545283826075,2.3365750296121606,1778136081000-632578958264631296-1083727517765861376,10.39999999999418,,,,
1097510484225032192,1778111900000-632578958264631296-1097510484225032192,1778111900000,1778113035000,1,10.074,3.252,3.097785977859779,632578958264631296,1778111900000,1097510484225032192,RJ47GA3830,1135000,1778113035000,8.584520270958437,10.074,0.25,3.251712223847893,3.0980601315570895,3.251712223847893,1778111900000-632578958264631296-1097510484225032192,10.625,,,,
1471148657502846976,1778109132000-632578958264631296-1471148657502846976,1778109132000,1778111209000,1,10.019,4.122,2.430616205725376,632578958264631296,1778109132000,1471148657502846976,NL01AK2620,2077000,1778111209000,10.882469660446182,10.019,0.5499999999999545,4.122147598653856,2.430529174470085,4.122147598653856,1778109132000-632578958264631296-1471148657502846976,10.25,,,,
1067765061260410880,1778166852000-632578958264631296-1067765061260410880,1778166852000,1778168380000,1,9.944,3.916,2.5393258426966296,632578958264631296,1778166852000,1067765061260410880,RJ47GA6230,1528000,1778168380000,10.338671503329419,9.944,0.4000000000005457,3.91616344823084,2.539219859296804,3.91616344823084,1778166852000-632578958264631296-1067765061260410880,10.5,,,,
1073278104413143040,1778163983000-632578958264631296-1073278104413143040,1778163983000,1778165613000,1,9.904,4.955,1.9987891019172552,632578958264631296,1778163983000,1073278104413143040,RJ47GA3367,1630000,1778165613000,13.081482359417581,9.904,0.3999999999996362,4.955106954324841,1.9987459587236036,4.955106954324841,1778163983000-632578958264631296-1073278104413143040,10.125,,,,
1131571393566081024,1778144478000-632578958264631296-1131571393566081024,1778144478000,1778145496000,1,9.847,2.216,4.443592057761732,632578958264631296,1778144478000,1131571393566081024,RJ47GA1964,1018000,1778145496000,5.849368100431091,9.847,0.0,2.215669735011777,4.4442544140937414,1.6006130915109036,1778144478000-632578958264631296-1131571393566081024,12.25,,,,
942426738309201920,1778143372000-632578958264631296-942426738309201920,1778143372000,1778144324000,1,9.808,2.187,4.484682213077275,632578958264631296,1778143372000,942426738309201920,RJ47GA2613,952000,1778144324000,5.772730372210789,9.808,0.25,2.186640292504087,4.485419953900199,1.5527144459303475,1778143372000-632578958264631296-942426738309201920,10.5,,,,
879404563604439040,1778111802000-632578958264631296-879404563604439040,1778111802000,1778112981000,1,9.79,2.195,4.460136674259681,632578958264631296,1778111802000,879404563604439040,Rj47GA2064,1179000,1778112981000,5.795759028751142,9.79,0.2999999999992724,2.1953632684663416,4.459398651977626,1.5758311330236128,1778111802000-632578958264631296-879404563604439040,10.625,['900758004163411987'],,900758004163411987,
1131571393566081024,1778173034000-632578958264631296-1131571393566081024,1778173034000,1778174133000,1,9.783,2.35,4.162978723404255,632578958264631296,1778173034000,1131571393566081024,RJ47GA1964,1099000,1778174133000,6.202720529028837,9.783,0.0,2.3495153519048624,4.163837445057961,2.3495153519048624,1778173034000-632578958264631296-1131571393566081024,11.625,,,,
1464286808345935872,1778146482000-632578958264631296-1464286808345935872,1778146482000,1778147736000,1,9.701,3.258,2.977593615715163,632578958264631296,1778146482000,1464286808345935872,NL01AK1960,1254000,1778147736000,8.601993020304024,9.701,0.2999999999999545,3.2583306895090995,2.977291418343285,3.2583306895090995,1778146482000-632578958264631296-1464286808345935872,10.0,,,,
1075729411988258816,1778151266000-632578958264631296-1075729411988258816,1778151266000,1778152190000,1,9.7,0.823,11.786148238153098,632578958264631296,1778151266000,1075729411988258816,RJ36GA7279,924000,1778152190000,2.17331612613148,9.7,0.0,0.8232258053528334,11.78291537622851,0.8232258053528334,1778151266000-632578958264631296-1075729411988258816,,,,,
1268614873160351744,1778115314000-632578958264631296-1268614873160351744,1778115314000,1778116371000,1,9.7,4.076,2.379784102060844,632578958264631296,1778115314000,1268614873160351744,RJ47GA5515,1057000,1778116371000,10.761101337743591,9.699999999982538,0.25,4.0761747491452995,2.3796820786489716,4.0761747491452995,1778115314000-632578958264631296-1268614873160351744,9.699999999982538,,,,
1389243940330274816,1778124643000-632578958264631296-1389243940330274816,1778124643000,1778125855000,1,9.651,4.139,2.331722638318434,632578958264631296,1778124643000,1389243940330274816,NL01AJ6140,1212000,1778125855000,10.927326906136212,9.651,0.29999999999972715,4.13913897959705,2.3316443462208984,4.13913897959705,1778124643000-632578958264631296-1389243940330274816,9.75,,,,
1536014556927623168,1778169083000-632578958264631296-1536014556927623168,1778169083000,1778171264000,1,9.628,2.842,3.387755102040816,632578958264631296,1778169083000,1536014556927623168,NL01AK9196,2181000,1778171264000,7.503704608817517,9.628,0.5999999999999943,2.842312351824817,3.3873828095700484,2.842312351824817,1778169083000-632578958264631296-1536014556927623168,9.739999999999782,,,,
1183367596062277632,1778109108000-632578958264631296-1183367596062277632,1778109108000,1778111042000,1,9.609,4.124,2.3300193986420954,632578958264631296,1778109108000,1183367596062277632,RJ47GA6402,1934000,1778111042000,10.887524382347161,9.609,0.5,4.124062266040591,2.3299842194733302,4.124062266040591,1778109108000-632578958264631296-1183367596062277632,9.60000000000582,,,,
951563481520275456,1778103376000-632578958264631296-951563481520275456,1778103376000,1778105047000,1,9.589,2.875,3.3353043478260873,632578958264631296,1778103376000,951563481520275456,RJ47GA1461,1671000,1778105047000,7.590468998622861,9.589,0.0,2.875177650993508,3.3350982666015625,0.001,1778103376000-632578958264631296-951563481520275456,,,,,
878252193440858112,1778112396000-632578958264631296-878252193440858112,1778112396000,1778114307000,1,9.549,2.158,4.424930491195552,632578958264631296,1778112396000,878252193440858112,RJ47GA1999,1911000,1778114307000,5.69768888844853,9.549,0.4500000000007276,2.1582154880486857,4.424488681912652,2.1582154880486857,1778112396000-632578958264631296-878252193440858112,,['900758004175994897'],,900758004175994897,
1138782810882965504,1778110089000-632578958264631296-1138782810882965504,1778110089000,1778113584000,1,9.518,17.19,0.55369400814427,632578958264631296,1778110089000,1138782810882965504,RJ47GA6253,3495000,1778113584000,45.38043433172468,9.518,0.9499999999998181,17.18955845898662,0.5537082306511506,17.18955845898662,1778110089000-632578958264631296-1138782810882965504,10.10000000000582,,,,
1070370579279773696,1778111797000-632578958264631296-1070370579279773696,1778111797000,1778112876000,1,9.467,2.564,3.6922776911076443,632578958264631296,1778111797000,1070370579279773696,RJ47GA3736,1079000,1778112876000,6.769602841813047,9.467,0.25,2.56424350068676,3.6919270722396424,2.56424350068676,1778111797000-632578958264631296-1070370579279773696,9.75,,,,
876044057397166080,1778110871000-632578958264631296-876044057397166080,1778110871000,1778112557000,1,9.437,4.538,2.0795504627589243,632578958264631296,1778110871000,876044057397166080,RJ14GN1573,1686000,1778112557000,11.979769560861875,9.437,0.5,4.537791500326468,2.0796460126740204,4.537791500326468,1778110871000-632578958264631296-876044057397166080,9.700000000011642,,,,0.0
946025653910634496,1778163893000-632578958264631296-946025653910634496,1778163893000,1778165234000,1,9.434,4.312,2.1878478664192946,632578958264631296,1778163893000,946025653910634496,RJ47GA3361,1341000,1778165234000,11.384971445886936,9.434,0.3000000000010914,4.312489184048082,2.1875996895009986,4.312489184048082,1778163893000-632578958264631296-946025653910634496,10.0,,,,
1073966174624022528,1778145299000-632578958264631296-1073966174624022528,1778145299000,1778146532000,1,9.413,1.744,5.3973623853211015,632578958264631296,1778145299000,1073966174624022528,RJ47GA6471,1233000,1778146532000,4.603165002402501,9.413,0.0,1.7436231069706443,5.398529052734375,0.001,1778145299000-632578958264631296-1073966174624022528,9.10000000000582,,,,
1131571393566081024,1778145579000-632578958264631296-1131571393566081024,1778145579000,1778146500000,1,9.41,2.055,4.579075425790754,632578958264631296,1778145579000,1131571393566081024,RJ47GA1964,921000,1778146500000,5.423933031083149,9.41,0.0,2.054520087531496,4.580145045603378,1.405404721269134,1778145579000-632578958264631296-1131571393566081024,11.75,,,,
1540361934212169728,1778139408000-632578958264631296-1540361934212169728,1778139408000,1778141062000,1,9.396,3.072,3.05859375,632578958264631296,1778139408000,1540361934212169728,NL01AK8389,1654000,1778141062000,8.109091730009377,9.396,0.4000000000000057,3.071625655306582,3.0589665064710423,3.071625655306582,1778139408000-632578958264631296-1540361934212169728,9.590000000000146,,,,
932612842287267840,1778157248000-632578958264631296-932612842287267840,1778157248000,1778158324000,1,9.239,3.242,2.849784083898828,632578958264631296,1778157248000,932612842287267840,RJ47GA4652,1076000,1778158324000,8.558994389457865,9.239,0.25,3.2420433293401003,2.8497459970346997,3.2420433293401003,1778157248000-632578958264631296-932612842287267840,9.39999999999418,,,,
1422205634715058176,1778149829000-632578958264631296-1422205634715058176,1778149829000,1778153577000,1,9.2,2.662,3.4560480841472576,632578958264631296,1778149829000,1422205634715058176,NL01AJ9005,3748000,1778153577000,7.027595885248742,9.2,1.0,2.661968138351796,3.4560894503028647,2.661968138351796,1778149829000-632578958264631296-1422205634715058176,9.5,,,,
1101157025884143616,1778114445000-632578958264631296-1101157025884143616,1778114445000,1778115493000,1,9.176,2.456,3.7361563517915313,632578958264631296,1778114445000,1101157025884143616,RJ47GA5517,1048000,1778115493000,6.484106630413487,9.176,0.25,2.456100996368745,3.7360027187670126,2.456100996368745,1778114445000-632578958264631296-1101157025884143616,9.400000000023283,,,,
1073663863301341184,1778164008000-632578958264631296-1073663863301341184,1778164008000,1778165128000,1,9.114,4.898,1.8607594936708864,632578958264631296,1778164008000,1073663863301341184,RJ47GA3284,1120000,1778165128000,12.929966473262605,9.114,0.25,4.897714573205532,1.8608679341709637,4.897714573205532,1778164008000-632578958264631296-1073663863301341184,8.5,,,,
943859348893859840,1778164665000-632578958264631296-943859348893859840,1778164665000,1778165793000,1,9.08,2.766,3.282718727404194,632578958264631296,1778164665000,943859348893859840,RJ47GA1998,1128000,1778165793000,7.303511708841688,9.08,0.25,2.7664817078945787,3.282147130808359,2.7664817078945787,1778164665000-632578958264631296-943859348893859840,9.5,,,,
1067763553357791232,1778116172000-632578958264631296-1067763553357791232,1778116172000,1778117293000,1,9.076,2.926,3.1018455228981545,632578958264631296,1778116172000,1067763553357791232,RJ47GA6214,1121000,1778117293000,7.725395950455896,9.076,0.0,2.9262863448696574,3.1015419990979263,2.9262863448696574,1778116172000-632578958264631296-1067763553357791232,9.699999999982538,,,,
1389243940330274816,1778176876000-632578958264631296-1389243940330274816,1778176876000,1778178667000,1,9.073,3.363,2.6978887897710377,632578958264631296,1778176876000,1389243940330274816,NL01AJ6140,1791000,1778178667000,8.877778111309299,9.073,0.40000000000009095,3.36279473913231,2.6980534655948327,3.36279473913231,1778176876000-632578958264631296-1389243940330274816,9.375,,,,
938817698895233024,1778148067000-632578958264631296-938817698895233024,1778148067000,1778149372000,1,9.057,1.975,4.5858227848101265,632578958264631296,1778148067000,938817698895233024,RJ47GA2715,1305000,1778149372000,5.214551485256155,9.057,0.3000000000010914,1.975208895930362,4.585337793212994,1.9752088959303622,1778148067000-632578958264631296-938817698895233024,9.125,,,,
1131239476161413120,1778164666000-632578958264631296-1131239476161413120,1778164666000,1778166209000,1,9.024,3.576,2.523489932885906,632578958264631296,1778164666000,1131239476161413120,RJ47GA6182,1543000,1778166209000,9.440523560925334,9.024,0.3999999999996362,3.575955894289899,2.5235210575190705,3.575955894289899,1778164666000-632578958264631296-1131239476161413120,9.60000000000582,,,,
926866983197081600,1778121363000-632578958264631296-926866983197081600,1778121363000,1778123076000,1,9.01,3.871,2.327563936967192,632578958264631296,1778121363000,926866983197081600,RJ47GA3435,1713000,1778123076000,10.219505512459769,9.01,0.4000000000014552,3.8710248153256694,2.3275490160457646,3.8710248153256694,1778121363000-632578958264631296-926866983197081600,9.25,,,,
939140294748667904,1778153461000-632578958264631296-939140294748667904,1778153461000,1778155829000,1,9.005,5.494,1.6390607935930108,632578958264631296,1778153461000,939140294748667904,RJ47GA3481,2368000,1778155829000,14.504113845945545,9.005,0.6499999999996362,5.493982517403615,1.6390660093064233,5.493982517403615,1778153461000-632578958264631296-939140294748667904,9.25,,,,
1176184196838719488,1778128786000-632578958264631296-1176184196838719488,1778128786000,1778129734000,1,8.868,2.898,3.060041407867495,632578958264631296,1778128786000,1176184196838719488,RJ14GP9553,948000,1778129734000,7.651525156924781,8.868,0.25,2.898304983683629,3.0597194049361667,2.898304983683629,1778128786000-632578958264631296-1176184196838719488,9.10000000000582,,,,
1067775916656033792,1778136631000-632578958264631296-1067775916656033792,1778136631000,1778137812000,1,8.858,2.222,3.986498649864987,632578958264631296,1778136631000,1067775916656033792,RJ14GP9559,1181000,1778137812000,5.865496621629273,8.858,0.3000000000001819,2.2217790233444212,3.98689514435425,2.2217790233444212,1778136631000-632578958264631296-1067775916656033792,9.10000000000582,,,,
821719550704746496,1778140043000-632578958264631296-821719550704746496,1778140043000,1778141515000,1,8.833,3.455,2.5565846599131694,632578958264631296,1778140043000,821719550704746496,RJ47GA3076,1472000,1778141515000,9.120353708957786,8.833,0.3499999999985448,3.4546794352112826,2.556821889166046,3.4546794352112826,1778140043000-632578958264631296-821719550704746496,9.970000000030268,['900758004205355011'],,900758004205355011,
787325260482478080,1778123873000-632578958264631296-787325260482478080,1778123873000,1778124992000,1,8.824,2.762,3.1947863866763213,632578958264631296,1778123873000,787325260482478080,RJ47GA3074,1119000,1778124992000,7.2922513803416456,8.824,0.2999999999992724,2.762216431947593,3.1945360609481077,2.762216431947593,1778123873000-632578958264631296-787325260482478080,9.760000000009313,['900758004201160724'],,900758004201160724,
1464286808345935872,1778137935000-632578958264631296-1464286808345935872,1778137935000,1778138828000,1,8.815,3.441,2.5617553036907874,632578958264631296,1778137935000,1464286808345935872,NL01AK1960,893000,1778138828000,9.083882803776559,8.815,0.20000000000004547,3.4408646984002114,2.5618560369718772,3.4408646984002114,1778137935000-632578958264631296-1464286808345935872,8.625,,,,
862693652038680576,1778131065000-632578958264631296-862693652038680576,1778131065000,1778132237000,1,8.797,3.174,2.771581600504096,632578958264631296,1778131065000,862693652038680576,RJ47GA4378,1172000,1778132237000,8.379648289416878,8.797,0.2999999999992724,3.1741092005366958,2.7714862483346683,3.1741092005366958,1778131065000-632578958264631296-862693652038680576,8.799999999988358,['900758004234715138'],,900758004234715138,0.3679999999999987
1477629515881512960,1778137962000-632578958264631296-1477629515881512960,1778137962000,1778139422000,1,8.75,2.033,4.303984259714707,632578958264631296,1778137962000,1477629515881512960,NL01AK3041,1460000,1778139422000,5.366151028059701,8.75,0.3500000000001364,2.032632965174129,4.304761435004286,2.032632965174129,1778137962000-632578958264631296-1477629515881512960,8.75,,,,
1138782810882965504,1778131223000-632578958264631296-1138782810882965504,1778131223000,1778132396000,1,8.706,2.889,3.0134994807892004,632578958264631296,1778131223000,1138782810882965504,RJ47GA6253,1173000,1778132396000,7.626320901027078,8.706,0.25,2.888757917055711,3.0137520172937706,2.888757917055711,1778131223000-632578958264631296-1138782810882965504,6.899999999994179,,,,
1060579746913452032,1778132309000-632578958264631296-1060579746913452032,1778132309000,1778133322000,1,8.691,2.887,3.0103914097679256,632578958264631296,1778132309000,1060579746913452032,RJ47GA3879,1013000,1778133322000,7.620408812660704,8.691,0.25,2.886518489644206,3.0108935838035316,2.886518489644206,1778132309000-632578958264631296-1060579746913452032,8.75,,,,
878252193440858112,1778119747000-632578958264631296-878252193440858112,1778119747000,1778120574000,1,8.625,1.739,4.959746981023576,632578958264631296,1778119747000,878252193440858112,RJ47GA1999,827000,1778120574000,4.5905332581082385,8.625,0.2251388888888889,1.7388383553440296,4.9602080454991695,1.7388383553440296,1778119747000-632578958264631296-878252193440858112,8.625,['900758004175994897'],,900758004175994897,
939547788868321280,1778114351000-632578958264631296-939547788868321280,1778114351000,1778115948000,1,8.625,2.633,3.27573110520319,632578958264631296,1778114351000,939547788868321280,RJ14GH7603,1597000,1778115948000,6.949997065850694,8.625,0.0,2.632574646155566,3.2762603759765625,0.001,1778114351000-632578958264631296-939547788868321280,,,,,
1079095062366781440,1778132275000-632578958264631296-1079095062366781440,1778132275000,1778133153000,1,8.597,2.599,3.3078106964217002,632578958264631296,1778132275000,1079095062366781440,RJ47GA3439,878000,1778133153000,6.862480913935617,8.597,0.2000000000007276,2.599424588611976,3.3072704004044873,2.599424588611976,1778132275000-632578958264631296-1079095062366781440,7.625,,,,
878252193440858112,1778145965000-632578958264631296-878252193440858112,1778145965000,1778147779000,1,8.558,2.459,3.480276535176901,632578958264631296,1778145965000,878252193440858112,RJ47GA1999,1814000,1778147779000,6.491560378616781,8.558,0.49898055555555554,2.4589243858396896,3.4803835568443304,2.4589243858396896,1778145965000-632578958264631296-878252193440858112,8.625,['900758004175994897'],,900758004175994897,
1464253789857906688,1778159382000-632578958264631296-1464253789857906688,1778159382000,1778160301000,1,8.54,1.443,5.918225918225917,632578958264631296,1778159382000,1464253789857906688,NL01AK1965,919000,1778160301000,3.8106822231329707,8.54,0.1999999999998181,1.443440236035216,5.916420913592744,1.443440236035216,1778159382000-632578958264631296-1464253789857906688,8.25,,,,
946027472992862208,1778160457000-632578958264631296-946027472992862208,1778160457000,1778161442000,1,8.5,1.821,4.667764964305327,632578958264631296,1778160457000,946027472992862208,RJ47GA3474,985000,1778161442000,4.8075754841171605,8.5,0.25,1.8210513197413485,4.667633420241716,1.3111145828155457,1778160457000-632578958264631296-946027472992862208,8.5,,,,
1076923642098483200,1778175877000-632578958264631296-1076923642098483200,1778175877000,1778177074000,1,8.497,3.475,2.4451798561151077,632578958264631296,1778175877000,1076923642098483200,RJ47GA3462,1197000,1778177074000,9.17331845310901,8.497,0.2999999999992724,3.4747418382988675,2.445361524803202,3.4747418382988675,1778175877000-632578958264631296-1076923642098483200,9.125,,,,
947583099720433664,1778127655000-632578958264631296-947583099720433664,1778127655000,1778129251000,1,8.474,3.077,2.753981150471238,632578958264631296,1778127655000,947583099720433664,RJ47GA2689,1596000,1778129251000,8.124052543246076,8.474,0.3999999999996362,3.077292630017453,2.753719265220461,3.077292630017453,1778127655000-632578958264631296-947583099720433664,9.375,,,,
977133830013976576,1778157444000-632578958264631296-977133830013976576,1778157444000,1778158510000,1,8.451,2.987,2.8292601272179443,632578958264631296,1778157444000,977133830013976576,RJ47GA5039,1066000,1778158510000,7.886162054002357,8.451,0.25,2.987182596213014,2.8290871842630962,2.987182596213014,1778157444000-632578958264631296-977133830013976576,8.800000000017462,,,,
1067774753596506112,1778133758000-632578958264631296-1067774753596506112,1778133758000,1778134999000,1,8.431,1.801,4.68128817323709,632578958264631296,1778133758000,1067774753596506112,RJ47GA6417,1241000,1778134999000,4.753440320572588,8.431,0.3000000000001819,1.800545575974465,4.682469642812066,1.800545575974465,1778133758000-632578958264631296-1067774753596506112,8.599999999976717,,,,
1428033112889098240,1778163022000-632578958264631296-1428033112889098240,1778163022000,1778164198000,1,8.427,4.535,1.8582138919514883,632578958264631296,1778163022000,1428033112889098240,NL01AJ9497,1176000,1778164198000,11.973349804932516,8.427,0.2999999999999545,4.5353597745956495,1.8580664861921146,4.5353597745956495,1778163022000-632578958264631296-1428033112889098240,8.5,,,,
1153273376152748032,1778126735000-632578958264631296-1153273376152748032,1778126735000,1778127573000,1,8.408,1.66,5.065060240963855,632578958264631296,1778126735000,1153273376152748032,RJ47GA6313,838000,1778127573000,4.382450880666667,8.408,0.1999999999998181,1.6600192729797982,5.065001435138351,1.6600192729797982,1778126735000-632578958264631296-1153273376152748032,7.899999999994179,,,,
1093476797997121536,1778154308000-632578958264631296-1093476797997121536,1778154308000,1778155695000,1,8.402,2.238,3.754244861483467,632578958264631296,1778154308000,1093476797997121536,RJ47GA5979,1387000,1778155695000,5.9081669099793315,8.402,0.3499999999994543,2.2379420113558073,3.754342139951086,2.2379420113558073,1778154308000-632578958264631296-1093476797997121536,8.534999999974389,,,,
1506655599683698688,1778160250000-632578958264631296-1506655599683698688,1778160250000,1778161102000,1,8.392,3.464,2.4226327944572748,632578958264631296,1778160250000,1506655599683698688,RJ47GA8529,852000,1778161102000,9.144743858755556,8.392,0.1999999999999318,3.463918128316498,2.422690054767144,3.4639181283164984,1778160250000-632578958264631296-1506655599683698688,8.099999999998545,,,,
870575606247456768,1778112345000-632578958264631296-870575606247456768,1778112345000,1778113276000,1,8.353,3.579,2.3338921486448725,632578958264631296,1778112345000,870575606247456768,RJ47GA4668,931000,1778113276000,9.448575691385136,8.353,0.2000000000007276,3.5790059437064907,2.3338882727167154,3.5790059437064907,1778112345000-632578958264631296-870575606247456768,8.699999999953434,,,,0.0
943859348893859840,1778133135000-632578958264631296-943859348893859840,1778133135000,1778134042000,1,8.351,2.519,3.315204446208813,632578958264631296,1778133135000,943859348893859840,RJ47GA1998,907000,1778134042000,6.649864701630323,8.351,0.25,2.51888814455694,3.31535166340977,2.51888814455694,1778133135000-632578958264631296-943859348893859840,8.125,,,,
1148896718033518592,1778128897000-632578958264631296-1148896718033518592,1778128897000,1778130070000,1,8.33,3.585,2.323570432357043,632578958264631296,1778128897000,1148896718033518592,RJ47GA6420,1173000,1778130070000,9.465666469038142,8.33,0.0,3.585479723120508,2.323259547748955,3.5854797231205087,1778128897000-632578958264631296-1148896718033518592,8.39999999999418,,,,
1486716779844599808,1778130759000-632578958264631296-1486716779844599808,1778130759000,1778132673000,1,8.324,3.705,2.2466936572199727,632578958264631296,1778130759000,1486716779844599808,NL01AK3100,1914000,1778132673000,9.78036769796008,8.324,0.5499999999999545,3.704684734075788,2.246884849184501,3.7046847340757876,1778130759000-632578958264631296-1486716779844599808,8.75,,,,
1070334753032372224,1778126682000-632578958264631296-1070334753032372224,1778126682000,1778127462000,1,8.323,4.568,1.8220227670753066,632578958264631296,1778126682000,1070334753032372224,RJ47GA4000,780000,1778127462000,12.060714877637428,8.323,0.2000000000007276,4.568452605165692,1.82184225586338,4.568452605165692,1778126682000-632578958264631296-1070334753032372224,7.125,['1096406669480427549'],,,
1075729411988258816,1778152389000-632578958264631296-1075729411988258816,1778152389000,1778153052000,1,8.317,0.593,14.025295109612143,632578958264631296,1778152389000,1075729411988258816,RJ36GA7279,663000,1778153052000,1.5661754432247512,8.317,0.0,0.5932482739487693,14.019425534339144,0.5932482739487693,1778152389000-632578958264631296-1075729411988258816,,,,,
1535704124731949056,1778158248000-632578958264631296-1535704124731949056,1778158248000,1778159218000,1,8.303,3.583,2.317331844822774,632578958264631296,1778158248000,1535704124731949056,NL01AK7898,970000,1778159218000,9.458161349228067,8.303,0.25,3.582636874707601,2.317566722605024,3.582636874707601,1778158248000-632578958264631296-1535704124731949056,8.600000000000364,,,,
1489984398731247616,1778126669000-632578958264631296-1489984398731247616,1778126669000,1778127825000,1,8.3,4.05,2.049382716049383,632578958264631296,1778126669000,1489984398731247616,Nl01AK8377,1156000,1778127825000,10.692000000000482,8.3,0.25,4.050000000000182,2.049382716049291,4.050000000000182,1778126669000-632578958264631296-1489984398731247616,8.489999999999782,,,,
866245317551456256,1778108079000-632578958264631296-866245317551456256,1778108079000,1778110082000,1,8.224,2.645,3.109262759924386,632578958264631296,1778108079000,866245317551456256,RJ47GA4410,2003000,1778110082000,6.982702203756242,8.224,0.5,2.6449629559682735,3.1093063067075515,2.6449629559682735,1778108079000-632578958264631296-866245317551456256,8.5,['900758004234715150'],,900758004234715150,0.0
1131239476161413120,1778133194000-632578958264631296-1131239476161413120,1778133194000,1778134107000,1,8.222,2.958,2.779580797836376,632578958264631296,1778133194000,1131239476161413120,RJ47GA6182,913000,1778134107000,7.809528027321427,8.222,0.1999999999998181,2.9581545558035707,2.7794355720424915,2.9581545558035707,1778133194000-632578958264631296-1131239476161413120,8.700000000011642,,,,
925753337108758528,1778133172000-632578958264631296-925753337108758528,1778133172000,1778133973000,1,8.213,2.323,3.535514421007318,632578958264631296,1778133172000,925753337108758528,RJ47GA2620,801000,1778133973000,6.133093818853797,8.213,0.1499999999996362,2.3231415980506807,3.535298927491732,2.3231415980506807,1778133172000-632578958264631296-925753337108758528,9.25,,,,
932302785804763136,1778132545000-632578958264631296-932302785804763136,1778132545000,1778133285000,1,8.212,2.191,3.7480602464628023,632578958264631296,1778132545000,932302785804763136,RJ47GA4681,740000,1778133285000,5.785202263244408,8.212,0.1499999999996362,2.1913644936531846,3.7474368247657064,2.1913644936531846,1778132545000-632578958264631296-932302785804763136,8.299999999988358,,,,
947452563299500032,1778131718000-632578958264631296-947452563299500032,1778131718000,1778132535000,1,8.208,2.631,3.119726339794755,632578958264631296,1778131718000,947452563299500032,RJ47GA2721,817000,1778132535000,6.944603283909676,8.208,0.1999999999989086,2.630531546935483,3.120281910156963,2.630531546935483,1778131718000-632578958264631296-947452563299500032,8.0,,,,
1462138501628690432,1778133736000-632578958264631296-1462138501628690432,1778133736000,1778134886000,1,8.2,2.87,2.8571428571428568,632578958264631296,1778133736000,1462138501628690432,RJ47GA5314,1150000,1778134886000,7.576094578443232,8.199999999982538,0.3000000000001819,2.8697327948648605,2.8574088900038817,2.8697327948648605,1778133736000-632578958264631296-1462138501628690432,8.199999999982538,,,,
1389243594644127744,1778110763000-632578958264631296-1389243594644127744,1778110763000,1778113497000,1,8.186,4.717,1.735425058299767,632578958264631296,1778110763000,1389243594644127744,NL01AJ6142,2734000,1778113497000,12.452778521009668,8.186,0.6999999999998181,4.71696156098851,1.7354392004594799,4.71696156098851,1778110763000-632578958264631296-1389243594644127744,8.125,,,,
797458881650360320,1778143445000-632578958264631296-797458881650360320,1778143445000,1778144191000,1,8.157,2.59,3.1494208494208498,632578958264631296,1778143445000,797458881650360320,RJ47GA3119,746000,1778144191000,6.837360710783209,8.157,0.1500000000014552,2.5899093601451546,3.149531070671458,2.5899093601451546,1778143445000-632578958264631296-797458881650360320,8.720000000030268,['900758004213743620'],,900758004213743620,
929731076446748672,1778143404000-632578958264631296-929731076446748672,1778143404000,1778144869000,1,8.153,2.166,3.7640812557710066,632578958264631296,1778143404000,929731076446748672,RJ47GA3899,1465000,1778144869000,5.717898262599011,8.153,0.3499999999994543,2.1658705540147767,3.764306220834459,2.1658705540147767,1778143404000-632578958264631296-929731076446748672,8.375,,,,
952162532812914688,1778161408000-632578958264631296-952162532812914688,1778161408000,1778162245000,1,8.133,1.784,4.558856502242152,632578958264631296,1778161408000,952162532812914688,RJ47GA4523,837000,1778162245000,4.710519776659048,8.133,0.0,1.7842877941890332,4.558121187897541,1.7842877941890332,1778161408000-632578958264631296-952162532812914688,8.0,,,,
1070334753032372224,1778165902000-632578958264631296-1070334753032372224,1778165902000,1778166909000,1,8.127,3.122,2.6031390134529153,632578958264631296,1778165902000,1070334753032372224,RJ47GA4000,1007000,1778166909000,8.24154741666667,8.127,0.0,3.12179826388889,2.603307232888273,3.1217982638888895,1778165902000-632578958264631296-1070334753032372224,8.25,['1096406669480427549'],,,
1120316481867874304,1778143826000-632578958264631296-1120316481867874304,1778143826000,1778144483000,1,8.123,2.364,3.436125211505922,632578958264631296,1778143826000,1120316481867874304,RJ47GA6413,657000,1778144483000,6.239861233157895,8.123,0.0999999999994543,2.3635838004385965,3.436730273110123,2.3635838004385965,1778143826000-632578958264631296-1120316481867874304,7.5,,,,
1083726789898928128,1778168881000-632578958264631296-1083726789898928128,1778168881000,1778170076000,1,8.089,3.708,2.181499460625674,632578958264631296,1778168881000,1083726789898928128,RJ47GA6312,1195000,1778170076000,9.788217327033474,8.089,0.3000000000001819,3.70765807842177,2.1817006393003817,3.70765807842177,1778168881000-632578958264631296-1083726789898928128,8.400000000023283,,,,
873109579045535744,1778118058000-632578958264631296-873109579045535744,1778118058000,1778119066000,1,8.081,2.178,3.710284664830119,632578958264631296,1778118058000,873109579045535744,RJ14GN1568,1008000,1778119066000,5.750970802412699,8.081,0.2000000000007276,2.1783980312169313,3.709606731275672,2.1783980312169313,1778118058000-632578958264631296-873109579045535744,8.299999999988358,,,,0.0
1067765309810671616,1778141198000-632578958264631296-1067765309810671616,1778141198000,1778142935000,1,8.027,5.171,1.552310964997099,632578958264631296,1778141198000,1067765309810671616,RJ47GA6287,1737000,1778142935000,13.652758575785157,8.027,0.4499999999998181,5.1714994605246805,1.5521610436725466,5.1714994605246805,1778141198000-632578958264631296-1067765309810671616,8.199999999982538,,,,
787687496786903040,1778145693000-632578958264631296-787687496786903040,1778145693000,1778147721000,1,8.021,3.02,2.6559602649006626,632578958264631296,1778145693000,787687496786903040,RJ47GA3109,2028000,1778147721000,7.973268556284152,8.021,0.5,3.0201774834409667,2.655804185011494,3.0201774834409663,1778145693000-632578958264631296-787687496786903040,8.5,['900758004205355019'],,900758004205355019,
939548220361539584,1778165912000-632578958264631296-939548220361539584,1778165912000,1778168119000,1,8.01,3.03,2.6435643564356437,632578958264631296,1778165912000,939548220361539584,RJ47GA4719,2207000,1778168119000,7.998805265340693,8.01,0.0,3.029850479295717,2.6436948142278984,3.029850479295717,1778165912000-632578958264631296-939548220361539584,8.100000000034925,,,,
1083729116835872768,1778149690000-632578958264631296-1083729116835872768,1778149690000,1778150620000,1,7.993,3.37,2.3718100890207716,632578958264631296,1778149690000,1083729116835872768,RJ47GA6361,930000,1778150620000,8.896981528175843,7.993,0.1999999999998181,3.370068760672668,2.371761696163313,3.370068760672668,1778149690000-632578958264631296-1083729116835872768,8.5,,,,
934473019407990784,1778163558000-632578958264631296-934473019407990784,1778163558000,1778164445000,1,7.99,4.191,1.9064662371748988,632578958264631296,1778163558000,934473019407990784,RJ47GA4712,887000,1778164445000,11.063731048022602,7.99,0.2000000000007276,4.190807215160076,1.9065539381283152,4.190807215160076,1778163558000-632578958264631296-934473019407990784,8.0,,,,
1120316481867874304,1778149676000-632578958264631296-1120316481867874304,1778149676000,1778150464000,1,7.974,2.988,2.6686746987951806,632578958264631296,1778149676000,1120316481867874304,RJ47GA6413,788000,1778150464000,7.888967648003446,7.974,0.1499999999996362,2.988245321213426,2.668455612861807,2.988245321213426,1778149676000-632578958264631296-1120316481867874304,8.0,,,,
938815830156640256,1778151088000-632578958264631296-938815830156640256,1778151088000,1778152270000,1,7.891,5.237,1.506778690089746,632578958264631296,1778151088000,938815830156640256,RJ47GA4710,1182000,1778152270000,13.826326640558307,7.891,0.25,5.237244939605419,1.5067082198745738,5.237244939605419,1778151088000-632578958264631296-938815830156640256,8.200000000011642,['1015966621438574603'],,,
873568577507033088,1778168992000-632578958264631296-873568577507033088,1778168992000,1778169941000,1,7.878,2.585,3.0475822050290136,632578958264631296,1778168992000,873568577507033088,RJ14GN1578,949000,1778169941000,6.82440082271547,7.878,0.1999999999989086,2.5850003116346474,3.047581837627818,2.5850003116346474,1778168992000-632578958264631296-873568577507033088,8.099999999976717,,,,0.0
1093476797997121536,1778168181000-632578958264631296-1093476797997121536,1778168181000,1778169040000,1,7.866,3.071,2.5613806577661995,632578958264631296,1778168181000,1093476797997121536,RJ47GA5979,859000,1778169040000,8.108138984216785,7.866,0.1999999999998181,3.071264766748782,2.561159846966528,3.071264766748782,1778168181000-632578958264631296-1093476797997121536,8.010000000009313,,,,
1064527564812320768,1778175052000-632578958264631296-1064527564812320768,1778175052000,1778176485000,1,7.852,2.997,2.6199532866199533,632578958264631296,1778175052000,1064527564812320768,RJ47GA3509,1433000,1778176485000,7.911978493940794,7.852,0.3999999999996362,2.9969615507351492,2.619986899089152,2.9969615507351497,1778175052000-632578958264631296-1064527564812320768,8.375,,,,
944590362620461056,1778153955000-632578958264631296-944590362620461056,1778153955000,1778155237000,1,7.805,1.661,4.698976520168573,632578958264631296,1778153955000,944590362620461056,RJ47GA3517,1282000,1778155237000,4.385984325567447,7.805,0.3500000000003638,1.6613576990785783,4.697964805730161,1.4634110822853719,1778153955000-632578958264631296-944590362620461056,7.5,,,,
836966844580495360,1778154599000-632578958264631296-836966844580495360,1778154599000,1778155948000,1,7.799,2.188,3.5644424131627055,632578958264631296,1778154599000,836966844580495360,RJ47GA2578,1349000,1778155948000,5.777623480720327,7.799,0.2999999999992724,2.1884937426970934,3.5636382448087494,2.1884937426970934,1778154599000-632578958264631296-836966844580495360,7.660000000032596,['900758004192772103'],,900758004192772103,
947583099720433664,1778144427000-632578958264631296-947583099720433664,1778144427000,1778145275000,1,7.792,1.474,5.28629579375848,632578958264631296,1778144427000,947583099720433664,RJ47GA2689,848000,1778145275000,3.890509460215345,7.792,0.2000000000007276,1.4736778258391459,5.287451479133885,1.2319556602547512,1778144427000-632578958264631296-947583099720433664,8.625,,,,
961239466377216000,1778121258000-632578958264631296-961239466377216000,1778121258000,1778122070000,1,7.752,3.313,2.339873226682765,632578958264631296,1778121258000,961239466377216000,RJ47GA2691,812000,1778122070000,8.746523472621503,7.752,0.1999999999989086,3.3130770729626904,2.3398187936110526,3.3130770729626904,1778121258000-632578958264631296-961239466377216000,7.5,,,,
938817698895233024,1778135611000-632578958264631296-938817698895233024,1778135611000,1778136941000,1,7.737,3.746,2.065403096636412,632578958264631296,1778135611000,938817698895233024,RJ47GA2715,1330000,1778136941000,9.89003775859241,7.737,0.3500000000003638,3.746226423709246,2.065278262689572,3.746226423709246,1778135611000-632578958264631296-938817698895233024,8.0,,,,
790193276584984576,1778168944000-632578958264631296-790193276584984576,1778168944000,1778169796000,1,7.736,2.58,2.9984496124031006,632578958264631296,1778168944000,790193276584984576,RJ47GA2477,852000,1778169796000,6.811774865389926,7.736,0.1999999999989086,2.5802177520416385,2.9981965645646635,2.5802177520416385,1778168944000-632578958264631296-790193276584984576,8.5,['841055114193010688'],,841055114193010688,
1067765309810671616,1778165766000-632578958264631296-1067765309810671616,1778165766000,1778166842000,1,7.733,4.309,1.794615920167092,632578958264631296,1778165766000,1067765309810671616,RJ47GA6287,1076000,1778166842000,11.37607881891434,7.733,0.3000000000001819,4.30912076474028,1.7945656253767315,4.30912076474028,1778165766000-632578958264631296-1067765309810671616,7.399999999994179,,,,
1535704124731949056,1778159536000-632578958264631296-1535704124731949056,1778159536000,1778161486000,1,7.706,3.805,2.0252299605781867,632578958264631296,1778159536000,1535704124731949056,NL01AK7898,1950000,1778161486000,10.04578091923698,7.706,0.5,3.8052200451655227,2.0251128472295217,3.8052200451655227,1778159536000-632578958264631296-1535704124731949056,7.915000000000873,,,,
1070378226594873344,1778158835000-632578958264631296-1070378226594873344,1778158835000,1778159842000,1,7.699,4.208,1.8296102661596958,632578958264631296,1778158835000,1070378226594873344,RJ47GA3436,1007000,1778159842000,11.109674850921994,7.699,0.25,4.208210170803786,1.8295188898632073,4.208210170803786,1778158835000-632578958264631296-1070378226594873344,7.5,,,,
1101156788989853696,1778177349000-632578958264631296-1101156788989853696,1778177349000,1778178371000,1,7.68,3.676,2.089227421109902,632578958264631296,1778177349000,1101156788989853696,RJ47GA3707,1022000,1778178371000,9.70384048311831,7.68,0.25,3.6756971526963294,2.0893995563171712,3.675697152696329,1778177349000-632578958264631296-1101156788989853696,8.0,,,,
876044057397166080,1778174380000-632578958264631296-876044057397166080,1778174380000,1778175390000,1,7.675,2.424,3.166254125412541,632578958264631296,1778174380000,876044057397166080,RJ14GN1573,1010000,1778175390000,6.398558339119198,7.675,0.1999999999989086,2.4236963405754537,3.1666508182199666,2.4236963405754537,1778174380000-632578958264631296-876044057397166080,8.0,,,,1.2879999999999987
1486716779844599808,1778119862000-632578958264631296-1486716779844599808,1778119862000,1778120849000,1,7.627,3.55,2.1484507042253522,632578958264631296,1778119862000,1486716779844599808,NL01AK3100,987000,1778120849000,9.371466014654139,7.627,0.20000000000004547,3.5497977328235373,2.1485731227659057,3.5497977328235373,1778119862000-632578958264631296-1486716779844599808,7.625,,,,
1067774958987378688,1778136246000-632578958264631296-1067774958987378688,1778136246000,1778137375000,1,7.62,3.779,2.016406456734586,632578958264631296,1778136246000,1067774958987378688,RJ47GA6419,1129000,1778137375000,9.977488860626805,7.62,0.25,3.7793518411465166,2.0162187381020265,3.779351841146517,1778136246000-632578958264631296-1067774958987378688,7.899999999994179,,,,
1476549765217910784,1778138529000-632578958264631296-1476549765217910784,1778138529000,1778139466000,1,7.56,4.481,1.6871234099531354,632578958264631296,1778138529000,1476549765217910784,NL01AK3042,937000,1778139466000,11.828713331297706,7.56,0.20000000000004547,4.480573231552161,1.6872841061412722,4.480573231552161,1778138529000-632578958264631296-1476549765217910784,7.625,,,,
1464286808345935872,1778116839000-632578958264631296-1464286808345935872,1778116839000,1778118287000,1,7.519,2.662,2.824567993989482,632578958264631296,1778116839000,1464286808345935872,NL01AK1960,1448000,1778118287000,7.027864015128626,7.519,0.40000000000009095,2.662069702700237,2.8244940364909294,2.662069702700237,1778116839000-632578958264631296-1464286808345935872,6.625,,,,
1075729411988258816,1778154078000-632578958264631296-1075729411988258816,1778154078000,1778154626000,1,7.505,0.785,9.560509554140127,632578958264631296,1778154078000,1075729411988258816,RJ36GA7279,548000,1778154626000,2.0736004313664607,7.505,0.0,0.785454708850932,9.554974864151385,0.785454708850932,1778154078000-632578958264631296-1075729411988258816,,,,,
1070370579279773696,1778109991000-632578958264631296-1070370579279773696,1778109991000,1778110908000,1,7.494,2.131,3.5166588456123886,632578958264631296,1778109991000,1070370579279773696,RJ47GA3736,917000,1778110908000,5.6257083680373805,7.494,0.1999999999989086,2.1309501394080987,3.51674112942012,2.1309501394080987,1778109991000-632578958264631296-1070370579279773696,7.375,,,,
1153273376152748032,1778156530000-632578958264631296-1153273376152748032,1778156530000,1778158944000,1,7.474,2.767,2.7011203469461513,632578958264631296,1778156530000,1153273376152748032,RJ47GA6313,2414000,1778158944000,7.305684278728737,7.474,0.6000000000003638,2.7673046510336126,2.7008229821058536,2.7673046510336126,1778156530000-632578958264631296-1153273376152748032,7.800000000017462,,,,
947583451614150656,1778124764000-632578958264631296-947583451614150656,1778124764000,1778125613000,1,7.427,3.205,2.3173166926677067,632578958264631296,1778124764000,947583451614150656,RJ47GA3784,849000,1778125613000,8.461023181276081,7.427,0.0,3.2049330232106366,2.3173651200235637,3.2049330232106366,1778124764000-632578958264631296-947583451614150656,7.125,,,,
1050036904705130496,1778142830000-632578958264631296-1050036904705130496,1778142830000,1778143885000,1,7.406,1.684,4.397862232779097,632578958264631296,1778142830000,1050036904705130496,RJ47GA6244,1055000,1778143885000,4.445778927209739,7.406,0.25,1.6840071693976284,4.397843509567204,1.6840071693976284,1778142830000-632578958264631296-1050036904705130496,7.199999999982538,,,,
1525526061327056896,1778115013000-632578958264631296-1525526061327056896,1778115013000,1778115818000,1,7.401,1.553,4.765614938828075,632578958264631296,1778115013000,1525526061327056896,NL01AK6559,805000,1778115818000,4.099752223138408,7.401,0.14999999999997726,1.5529364481584877,4.765809965228324,1.5529364481584877,1778115013000-632578958264631296-1525526061327056896,7.75,,,,
1405177997576634368,1778169174000-632578958264631296-1405177997576634368,1778169174000,1778170441000,1,7.363,1.855,3.969272237196766,632578958264631296,1778169174000,1405177997576634368,NL01AJ7420,1267000,1778170441000,4.8971054771173055,7.363,0.3000000000001819,1.8549641958777672,3.9693488512406767,1.8549641958777672,1778169174000-632578958264631296-1405177997576634368,7.75,,,,
951559578305167360,1778134600000-632578958264631296-951559578305167360,1778134600000,1778135687000,1,7.293,1.669,4.369682444577592,632578958264631296,1778134600000,951559578305167360,RJ47GA4675,1087000,1778135687000,4.406179127856992,7.293,0.0,1.669007245400376,4.369663475157948,1.669007245400376,1778134600000-632578958264631296-951559578305167360,7.899999999994179,,,,
1536014609964597248,1778123789000-632578958264631296-1536014609964597248,1778123789000,1778124886000,1,7.257,4.684,1.5493168232280101,632578958264631296,1778123789000,1536014609964597248,NL01AK9197,1097000,1778124886000,12.3646109054203,7.257,0.25,4.683564736901628,1.5494608076669407,4.683564736901628,1778123789000-632578958264631296-1536014609964597248,7.224999999999909,,,,
798991075485155328,1778142284000-632578958264631296-798991075485155328,1778142284000,1778143223000,1,7.237,4.279,1.691283010049077,632578958264631296,1778142284000,798991075485155328,RJ47GA3120,939000,1778143223000,11.29616450850877,7.237,0.2000000000007276,4.278850192616958,1.6913422237794749,4.278850192616958,1778142284000-632578958264631296-798991075485155328,8.299999999988358,['900758004213743622'],,900758004213743622,
932302785804763136,1778143059000-632578958264631296-932302785804763136,1778143059000,1778143697000,1,7.237,2.186,3.3106129917657823,632578958264631296,1778143059000,932302785804763136,RJ47GA4681,638000,1778143697000,5.770013513463853,7.237,0.1499999999996362,2.1856111793423687,3.311201950466574,2.1856111793423687,1778143059000-632578958264631296-932302785804763136,7.0,,,,
1540361293100220416,1778119510000-632578958264631296-1540361293100220416,1778119510000,1778120178000,1,7.227,2.357,3.066185829444209,632578958264631296,1778119510000,1540361293100220416,NL01AK8392,668000,1778120178000,6.221718327379811,7.227,0.15000000000000568,2.3567114876438677,3.0665611967739097,2.3567114876438677,1778119510000-632578958264631296-1540361293100220416,7.0649999999996,,,,
925753337108758528,1778143066000-632578958264631296-925753337108758528,1778143066000,1778143777000,1,7.22,2.113,3.4169427354472313,632578958264631296,1778143066000,925753337108758528,RJ47GA2620,711000,1778143777000,5.577528057429717,7.22,0.2000000000007276,2.1127000217536804,3.4174279006287525,2.1127000217536804,1778143066000-632578958264631296-925753337108758528,7.875,,,,
1073663863301341184,1778127298000-632578958264631296-1073663863301341184,1778127298000,1778128303000,1,7.106,3.677,1.9325537122654337,632578958264631296,1778127298000,1073663863301341184,RJ47GA3284,1005000,1778128303000,9.708131628730165,7.106,0.25,3.677322586640214,1.932384182398422,3.677322586640214,1778127298000-632578958264631296-1073663863301341184,7.25,,,,
946032945880104960,1778166491000-632578958264631296-946032945880104960,1778166491000,1778168664000,1,7.101,3.574,1.9868494683827644,632578958264631296,1778166491000,946032945880104960,RJ47GA3760,2173000,1778168664000,9.436085769422133,7.101,0.6000000000001364,3.574274912659899,1.986696651353991,3.574274912659899,1778166491000-632578958264631296-946032945880104960,8.0,,,,
1088511709141794816,1778145949000-632578958264631296-1088511709141794816,1778145949000,1778147638000,1,7.093,3.158,2.246041798606713,632578958264631296,1778145949000,1088511709141794816,RJ47GA5905,1689000,1778147638000,8.337487533956164,7.093,0.3000000000001819,3.158139217407638,2.245942788368366,3.158139217407638,1778145949000-632578958264631296-1088511709141794816,5.2999999999883585,,,,
1466797477431607296,1778138827000-632578958264631296-1466797477431607296,1778138827000,1778139866000,1,7.084,1.879,3.7700904736561998,632578958264631296,1778138827000,1466797477431607296,NL01AK2192,1039000,1778139866000,4.960003099664374,7.084,0.25,1.8787890529031719,3.7705137727162876,1.8787890529031719,1778138827000-632578958264631296-1466797477431607296,6.875,,,,
1545823852121030656,1778114775000-632578958264631296-1545823852121030656,1778114775000,1778115768000,1,6.944,2.238,3.102770330652368,632578958264631296,1778114775000,1545823852121030656,NL01AK8996,993000,1778115768000,5.909291574864865,6.944,0.25,2.2383680207821457,3.1022601893559845,2.2383680207821457,1778114775000-632578958264631296-1545823852121030656,7.220000000000027,,,,
944590362620461056,1778139270000-632578958264631296-944590362620461056,1778139270000,1778140990000,1,6.906,2.013,3.4307004470938898,632578958264631296,1778139270000,944590362620461056,RJ47GA3517,1720000,1778140990000,5.314476941248124,6.906,0.3999999999996362,2.0130594474424712,3.4305991354472196,2.0130594474424712,1778139270000-632578958264631296-944590362620461056,6.875,,,,
942721856836730880,1778167251000-632578958264631296-942721856836730880,1778167251000,1778168181000,1,6.881,1.754,3.9230330672748006,632578958264631296,1778167251000,942721856836730880,RJ47GA4500,930000,1778168181000,4.629500486554338,6.881,0.24233333333333332,1.7535986691493706,3.9239308976767253,1.7535986691493706,1778167251000-632578958264631296-942721856836730880,7.100000000034925,,,,
946032945880104960,1778169809000-632578958264631296-946032945880104960,1778169809000,1778171734000,1,6.861,4.233,1.6208362863217578,632578958264631296,1778169809000,946032945880104960,RJ47GA3760,1925000,1778171734000,11.17629923348403,6.861,0.5499999999999545,4.233446679350012,1.6206652686726206,4.233446679350012,1778169809000-632578958264631296-946032945880104960,7.875,,,,
1075729411988258816,1778131324000-632578958264631296-1075729411988258816,1778131324000,1778132310000,1,6.849,0.617,11.100486223662886,632578958264631296,1778131324000,1075729411988258816,RJ36GA7279,986000,1778132310000,1.6275904874498928,6.849,0.0,0.6165115482764745,11.109280952071586,0.6165115482764745,1778131324000-632578958264631296-1075729411988258816,,,,,
1182027923075366912,1778101900000-632578958264631296-1182027923075366912,1778101900000,1778103545000,1,6.827,3.987,1.7123150238274392,632578958264631296,1778101900000,1182027923075366912,RJ47GA6389,1645000,1778103545000,10.526331560756544,6.827,0.4499999999998181,3.987246803316873,1.712209034645365,3.987246803316873,1778101900000-632578958264631296-1182027923075366912,7.100000000005821,,,,
947583451614150656,1778120761000-632578958264631296-947583451614150656,1778120761000,1778121791000,1,6.821,3.112,2.1918380462724936,632578958264631296,1778120761000,947583451614150656,RJ47GA3784,1030000,1778121791000,8.216065858585864,6.821,0.0,3.1121461585552512,2.1917351089855326,3.112146158555251,1778120761000-632578958264631296-947583451614150656,6.375,,,,
1535695002116554752,1778151960000-632578958264631296-1535695002116554752,1778151960000,1778152674000,1,6.804,2.295,2.9647058823529413,632578958264631296,1778151960000,1535695002116554752,NL01AK7895,714000,1778152674000,6.0599493905679855,6.804,0.15000000000000568,2.295435375215146,2.9641435666043425,2.295435375215146,1778151960000-632578958264631296-1535695002116554752,6.699999999999818,,,,
1083727289243402240,1778160437000-632578958264631296-1083727289243402240,1778160437000,1778163086000,1,6.797,4.047,1.6795156906350384,632578958264631296,1778160437000,1083727289243402240,RJ47GA6320,2649000,1778163086000,10.682946098628488,6.797,0.0,4.04657049190473,1.679693956548533,4.04657049190473,1778160437000-632578958264631296-1083727289243402240,7.199999999982538,,,,
800361869549240320,1778115999000-632578958264631296-800361869549240320,1778115999000,1778117046000,1,6.765,1.61,4.2018633540372665,632578958264631296,1778115999000,800361869549240320,RJ47GA3066,1047000,1778117046000,4.249837535375863,6.765,0.2000000000007276,1.6097869452181297,4.202419469294011,1.60978694521813,1778115999000-632578958264631296-800361869549240320,7.669999999983702,['900758004201160712'],,900758004201160712,
1083727772540469248,1778156047000-632578958264631296-1083727772540469248,1778156047000,1778156918000,1,6.737,1.883,3.5778013807753584,632578958264631296,1778156047000,1083727772540469248,RJ47GA6357,871000,1778156918000,4.970899063559477,6.737,0.25,1.8829163119543473,3.577960399635299,1.8829163119543473,1778156047000-632578958264631296-1083727772540469248,7.0,,,,
1101524127430213632,1778144813000-632578958264631296-1101524127430213632,1778144813000,1778145585000,1,6.729,1.574,4.275095298602287,632578958264631296,1778144813000,1101524127430213632,RJ47GA3640,772000,1778145585000,4.154850429356126,6.729,0.20709833333333333,1.5738069808167143,4.275619616649585,1.5738069808167143,1778144813000-632578958264631296-1101524127430213632,6.625,,,,
780067386190462976,1778120585000-632578958264631296-780067386190462976,1778120585000,1778121446000,1,6.72,2.273,2.956445226572811,632578958264631296,1778120585000,780067386190462976,RJ47GA2450,861000,1778121446000,6.001996061111112,6.720000000030268,0.23651555555555556,2.273483356481482,2.9558166682294797,2.273483356481482,1778120585000-632578958264631296-780067386190462976,6.720000000030268,,,,
1536004619845500928,1778120857000-632578958264631296-1536004619845500928,1778120857000,1778121893000,1,6.665,3.113,2.141021522646964,632578958264631296,1778120857000,1536004619845500928,NL01AK7894,1036000,1778121893000,8.219066913971739,6.665,0.25,3.113282921958992,2.140826955683853,3.113282921958992,1778120857000-632578958264631296-1536004619845500928,6.819999999999709,,,,
866245317551456256,1778110605000-632578958264631296-866245317551456256,1778110605000,1778111737000,1,6.649,1.391,4.78001437814522,632578958264631296,1778110605000,866245317551456256,RJ47GA4410,1132000,1778111737000,3.673203500076336,6.649,0.2000000000007276,1.3913649621501272,4.7787605559112665,1.3913649621501272,1778110605000-632578958264631296-866245317551456256,7.0,['900758004234715150'],,900758004234715150,0.0
1111626569580806144,1778159374000-632578958264631296-1111626569580806144,1778159374000,1778160191000,1,6.625,2.292,2.890488656195463,632578958264631296,1778159374000,1111626569580806144,NL01AH6173,817000,1778160191000,6.051649587130962,6.625,0.1999999999998181,2.2922915102768795,2.8901210733009193,2.2922915102768795,1778159374000-632578958264631296-1111626569580806144,6.625,,,,
951559578305167360,1778132556000-632578958264631296-951559578305167360,1778132556000,1778133933000,1,6.619,1.706,3.8798358733880423,632578958264631296,1778132556000,951559578305167360,RJ47GA4675,1377000,1778133933000,4.503472739630537,6.619,0.0,1.705860886223688,3.8801522758709037,1.705860886223688,1778132556000-632578958264631296-951559578305167360,6.800000000017462,,,,
940245549137788928,1778140505000-632578958264631296-940245549137788928,1778140505000,1778141292000,1,6.597,1.764,3.739795918367347,632578958264631296,1778140505000,940245549137788928,RJ47GA4673,787000,1778141292000,4.656690502571292,6.597,0.1999999999998181,1.763897917640641,3.7400123522023496,1.763897917640641,1778140505000-632578958264631296-940245549137788928,6.800000000017462,,,,
1131571393566081024,1778128186000-632578958264631296-1131571393566081024,1778128186000,1778129133000,1,6.555,1.42,4.616197183098592,632578958264631296,1778128186000,1131571393566081024,RJ47GA1964,947000,1778129133000,3.7480884842795135,6.555,0.0,1.4197304864695126,4.617073495618538,1.2231424162685411,1778128186000-632578958264631296-1131571393566081024,8.25,,,,
1088511709141794816,1778116151000-632578958264631296-1088511709141794816,1778116151000,1778117073000,1,6.541,3.086,2.1195722618276087,632578958264631296,1778116151000,1088511709141794816,RJ47GA5905,922000,1778117073000,8.146790476648869,6.541,0.2000000000007276,3.0859054835791166,2.1196371809850674,3.085905483579117,1778116151000-632578958264631296-1088511709141794816,7.0,,,,
970285003134992384,1778152079000-632578958264631296-970285003134992384,1778152079000,1778153192000,1,6.536,2.485,2.630181086519115,632578958264631296,1778152079000,970285003134992384,RJ14GN3848,1113000,1778153192000,6.561620503740454,6.536,0.25,2.485462312022899,2.629691855870628,2.485462312022899,1778152079000-632578958264631296-970285003134992384,6.5,,,,
964171206683000832,1778103861000-632578958264631296-964171206683000832,1778103861000,1778107591000,1,6.527,5.007,1.3035749950069904,632578958264631296,1778103861000,964171206683000832,RJ47GA4674,3730000,1778107591000,13.218085005672709,6.527,1.0,5.006850380936632,1.3036139495702275,5.006850380936632,1778103861000-632578958264631296-964171206683000832,6.7000000000116415,,,,
1088511709141794816,1778161351000-632578958264631296-1088511709141794816,1778161351000,1778162485000,1,6.511,1.41,4.617730496453901,632578958264631296,1778161351000,1088511709141794816,RJ47GA5905,1134000,1778162485000,3.723062338594726,6.511,0.3000000000001819,1.4102508858313356,4.616908994998999,1.4102508858313356,1778161351000-632578958264631296-1088511709141794816,6.600000000005821,,,,
1467925946630668288,1778120582000-632578958264631296-1467925946630668288,1778120582000,1778122133000,1,6.502,1.486,4.375504710632571,632578958264631296,1778120582000,1467925946630668288,RJ47GA5320,1551000,1778122133000,3.9222061594976347,6.502,0.09442027777777778,1.4856841513248615,4.376434920034537,1.4856841513248615,1778120582000-632578958264631296-1467925946630668288,,,,,
1536014603211767808,1778125794000-632578958264631296-1536014603211767808,1778125794000,1778127216000,1,6.451,3.364,1.9176575505350772,632578958264631296,1778125794000,1536014603211767808,NL01AK9193,1422000,1778127216000,8.880258889189944,6.451,0.4000000000000057,3.3637344277234633,1.917808952702001,3.3637344277234633,1778125794000-632578958264631296-1536014603211767808,6.429999999999836,,,,
1073966174624022528,1778123244000-632578958264631296-1073966174624022528,1778123244000,1778123858000,1,6.444,1.305,4.937931034482759,632578958264631296,1778123244000,1073966174624022528,RJ47GA6471,614000,1778123858000,3.445628538760819,6.444,0.0,1.305162325288189,4.937316895488168,0.06987141032651804,1778123244000-632578958264631296-1073966174624022528,5.600000000005821,,,,
790970372676648960,1778116689000-632578958264631296-790970372676648960,1778116689000,1778117616000,1,6.442,1.738,3.706559263521289,632578958264631296,1778116689000,790970372676648960,RJ47GA3186,927000,1778117616000,4.588849183827996,6.442,0.1499999999996362,1.7382004484196956,3.706131824932399,1.7382004484196956,1778116689000-632578958264631296-790970372676648960,,['900758004222132226'],,900758004222132226,
951563481520275456,1778108041000-632578958264631296-951563481520275456,1778108041000,1778108975000,1,6.44,2.049,3.142996583699366,632578958264631296,1778108041000,951563481520275456,RJ47GA1461,934000,1778108975000,5.409528712986654,6.44,0.0,2.0490639064343386,3.1428985595703125,0.001,1778108041000-632578958264631296-951563481520275456,,,,,
792451146961649664,1778130008000-632578958264631296-792451146961649664,1778130008000,1778130735000,1,6.433,2.904,2.215220385674931,632578958264631296,1778130008000,792451146961649664,RJ47GA2227,727000,1778130735000,7.667846965555559,6.433,0.18827777777777774,2.904487486952863,2.2148485847838675,2.904487486952863,1778130008000-632578958264631296-792451146961649664,6.400000000023283,['900758004180189185'],,900758004180189185,
1094588896550846464,1778127089000-632578958264631296-1094588896550846464,1778127089000,1778129123000,1,6.424,1.97,3.2609137055837567,632578958264631296,1778127089000,1094588896550846464,RJ47GA5976,2034000,1778129123000,5.200382698446844,6.424,0.5,1.969841931229865,3.2611753756247817,1.969841931229865,1778127089000-632578958264631296-1094588896550846464,6.550000000017462,,,,
866245317551456256,1778171975000-632578958264631296-866245317551456256,1778171975000,1778174045000,1,6.406,3.341,1.9173900029931157,632578958264631296,1778171975000,866245317551456256,RJ47GA4410,2070000,1778174045000,8.820212267630748,6.406,0.5,3.3409894953146773,1.9173960316198595,3.3409894953146773,1778171975000-632578958264631296-866245317551456256,6.7000000000116415,['900758004234715150'],,900758004234715150,0.0
1073278104413143040,1778169240000-632578958264631296-1073278104413143040,1778169240000,1778169830000,1,6.35,3.488,1.8205275229357798,632578958264631296,1778169240000,1073278104413143040,RJ47GA3367,590000,1778169830000,9.20735451777778,6.35,0.1499999999996362,3.4876342870370376,1.8207184232595441,3.4876342870370376,1778169240000-632578958264631296-1073278104413143040,5.25,,,,
1536014596580573184,1778125731000-632578958264631296-1536014596580573184,1778125731000,1778127228000,1,6.316,3.28,1.9256097560975611,632578958264631296,1778125731000,1536014596580573184,NL01AK9192,1497000,1778127228000,8.65896916049645,6.316,0.3500000000000085,3.27991256079411,1.9256610909379892,3.27991256079411,1778125731000-632578958264631296-1536014596580573184,6.4399999999996,,,,
780109531760820224,1778156592000-632578958264631296-780109531760820224,1778156592000,1778158136000,1,6.292,2.389,2.633737965676015,632578958264631296,1778156592000,780109531760820224,RJ47GA3172,1544000,1778158136000,6.3078988955290125,6.292,0.3500000000003638,2.389355642245838,2.6333459484858985,2.389355642245838,1778156592000-632578958264631296-780109531760820224,7.350000000034925,['900758004213743624'],,900758004213743624,
821719550704746496,1778107675000-632578958264631296-821719550704746496,1778107675000,1778108758000,1,6.287,3.694,1.7019491066594477,632578958264631296,1778107675000,821719550704746496,RJ47GA3076,1083000,1778108758000,9.753365767574929,6.287,0.25,3.694456730142018,1.701738701851929,3.694456730142018,1778107675000-632578958264631296-821719550704746496,7.14000000001397,['900758004205355011'],,900758004205355011,
1064532839803912192,1778125983000-632578958264631296-1064532839803912192,1778125983000,1778127283000,1,6.273,2.41,2.6029045643153523,632578958264631296,1778125983000,1064532839803912192,RJ47GA3903,1300000,1778127283000,6.362526073562514,6.273,0.3499999999985448,2.410047755137316,2.6028529877170783,2.410047755137316,1778125983000-632578958264631296-1064532839803912192,6.0,,,,
1385588586753032192,1778121100000-632578958264631296-1385588586753032192,1778121100000,1778122015000,1,6.244,3.371,1.8522693562741026,632578958264631296,1778121100000,1385588586753032192,NL01AJ5698,915000,1778122015000,8.900406405861418,6.244,0.1999999999998181,3.3713660628262945,1.852068236922783,3.3713660628262945,1778121100000-632578958264631296-1385588586753032192,6.75,,,,
1082303861131051008,1778142208000-632578958264631296-1082303861131051008,1778142208000,1778143050000,1,6.193,3.566,1.7366797532249019,632578958264631296,1778142208000,1082303861131051008,RJ47GA5902,842000,1778143050000,9.415016371609283,6.193,0.25,3.566294080155031,1.7365365448860521,3.5662940801550316,1778142208000-632578958264631296-1082303861131051008,6.0,,,,
1067775323560476672,1778140944000-632578958264631296-1067775323560476672,1778140944000,1778142671000,1,6.19,1.76,3.5170454545454546,632578958264631296,1778140944000,1067775323560476672,RJ14GP9558,1727000,1778142671000,4.647313611111114,6.19,0.4499999999998181,1.760346064814816,3.516354041812326,1.760346064814816,1778140944000-632578958264631296-1067775323560476672,6.399999999994179,,,,
901057526324264960,1778159628000-632578958264631296-901057526324264960,1778159628000,1778160292000,1,6.18,2.07,2.9855072463768115,632578958264631296,1778159628000,901057526324264960,RJ47GA4008,664000,1778160292000,5.465109499834471,6.18,0.1500000000014552,2.0701172347857844,2.9853381712652163,2.0701172347857844,1778159628000-632578958264631296-901057526324264960,6.125,,,,
1488160320575766528,1778135561000-632578958264631296-1488160320575766528,1778135561000,1778137252000,1,6.115,2.163,2.8270920018492838,632578958264631296,1778135561000,1488160320575766528,NL01AK3103,1691000,1778137252000,5.710570570047185,6.115,0.40000000000009095,2.163094912896661,2.826967953898626,2.163094912896661,1778135561000-632578958264631296-1488160320575766528,6.375,,,,
870309644059279360,1778176565000-632578958264631296-870309644059279360,1778176565000,1778177507000,1,6.093,2.281,2.6711968434896973,632578958264631296,1778176565000,870309644059279360,RJ47GA4518,942000,1778177507000,6.021744882219227,6.093,0.1999999999989086,2.280963970537586,2.671239036960316,2.280963970537586,1778176565000-632578958264631296-870309644059279360,6.199999999953434,,,,0.3679999999999987
1083726423769743360,1778123109000-632578958264631296-1083726423769743360,1778123109000,1778124551000,1,6.07,2.667,2.2759655043119613,632578958264631296,1778123109000,1083726423769743360,RJ47GA6331,1442000,1778124551000,7.040545669821199,6.07,0.3500000000003638,2.666873359780757,2.2760735817238107,2.666873359780757,1778123109000-632578958264631296-1083726423769743360,6.300000000017462,,,,
836966844580495360,1778157018000-632578958264631296-836966844580495360,1778157018000,1778158089000,1,6.068,1.751,3.4654483152484294,632578958264631296,1778157018000,836966844580495360,RJ47GA2578,1071000,1778158089000,4.62255630909956,6.068,0.25,1.7509682989013482,3.465511056829178,1.7509682989013482,1778157018000-632578958264631296-836966844580495360,6.619999999995343,['900758004192772103'],,900758004192772103,
1050036509840769024,1778121712000-632578958264631296-1050036509840769024,1778121712000,1778122554000,1,6.067,1.553,3.906632324533162,632578958264631296,1778121712000,1050036509840769024,RJ47GA6390,842000,1778122554000,4.098743766666665,6.067,0.2000000000007276,1.5525544570707064,3.9077534268568956,1.5525544570707064,1778121712000-632578958264631296-1050036509840769024,6.300000000017462,,,,
1299087047838924800,1778110333000-632578958264631296-1299087047838924800,1778110333000,1778111446000,1,6.051,3.629,1.6674014880132269,632578958264631296,1778110333000,1299087047838924800,RJ47GA6395,1113000,1778111446000,9.580781038982193,6.051,0.0,3.629083726887194,1.6673630192572542,3.629083726887194,1778110333000-632578958264631296-1299087047838924800,6.2999999999883585,,,,
1467925946630668288,1778119364000-632578958264631296-1467925946630668288,1778119364000,1778119884000,1,6.017,1.407,4.276474769012083,632578958264631296,1778119364000,1467925946630668288,RJ47GA5320,520000,1778119884000,3.7143301996244147,6.017,0.1000000000003638,1.4069432574334904,4.2766472408958816,1.4069432574334904,1778119364000-632578958264631296-1467925946630668288,5.399999999994179,,,,
1131571393566081024,1778129431000-632578958264631296-1131571393566081024,1778129431000,1778130225000,1,6.014,1.229,4.893409275834011,632578958264631296,1778129431000,1131571393566081024,RJ47GA1964,794000,1778130225000,3.2439991967307873,6.014,0.0,1.2287875745192376,4.894255219298563,1.0169932162031854,1778129431000-632578958264631296-1131571393566081024,7.25,,,,
809467481230934016,1778135228000-632578958264631296-809467481230934016,1778135228000,1778136507000,1,5.998,2.814,2.131485429992893,632578958264631296,1778135228000,809467481230934016,RJ47GA3181,1279000,1778136507000,7.42874220882026,5.998,0.2999999999992724,2.8139175033410075,2.1315479195386797,2.8139175033410075,1778135228000-632578958264631296-809467481230934016,6.619999999995343,['900758004217937927'],,900758004217937927,
857602255610707968,1778164566000-632578958264631296-857602255610707968,1778164566000,1778165914000,1,5.985,2.167,2.7618827872634983,632578958264631296,1778164566000,857602255610707968,RJ47GA4334,1348000,1778165914000,5.71993578289352,5.985,0.2999999999992724,2.166642342005121,2.7623387044403356,2.166642342005121,1778164566000-632578958264631296-857602255610707968,5.400000000023283,['900758004230520839'],,900758004230520839,0.0
1079095785133441024,1778140010000-632578958264631296-1079095785133441024,1778140010000,1778140564000,1,5.974,2.295,2.6030501089324622,632578958264631296,1778140010000,1079095785133441024,RJ47GA3363,554000,1778140564000,6.059737119830514,5.974,0.1000000000003638,2.29535496963277,2.6026475551865382,2.29535496963277,1778140010000-632578958264631296-1079095785133441024,,,,,
860147487929794560,1778114213000-632578958264631296-860147487929794560,1778114213000,1778114887000,1,5.97,2.519,2.369988090512108,632578958264631296,1778114213000,860147487929794560,RJ47GA4003,674000,1778114887000,6.650518242198747,5.97,0.1499999999996362,2.5191356978025556,2.3698604268152907,2.5191356978025556,1778114213000-632578958264631296-860147487929794560,,,,,
818154714091749376,1778138011000-632578958264631296-818154714091749376,1778138011000,1778138538000,1,5.953,1.438,4.139777468706537,632578958264631296,1778138011000,818154714091749376,RJ47GA3069,527000,1778138538000,3.796445678733032,5.953,0.12305555555555556,1.4380476055806939,4.139640424209834,1.4380476055806939,1778138011000-632578958264631296-818154714091749376,5.570000000006985,['900758004201160718'],,900758004201160718,
938442824968306688,1778130172000-632578958264631296-938442824968306688,1778130172000,1778130915000,1,5.949,1.34,4.43955223880597,632578958264631296,1778130172000,938442824968306688,RJ47GA4501,743000,1778130915000,3.537841919333333,5.949,0.0,1.3400916361111108,4.4392486600869665,1.340091636111111,1778130172000-632578958264631296-938442824968306688,5.899999999965075,,,,
860147487929794560,1778147604000-632578958264631296-860147487929794560,1778147604000,1778150443000,1,5.94,4.307,1.3791502205711632,632578958264631296,1778147604000,860147487929794560,RJ47GA4003,2839000,1778150443000,11.370021485500557,5.94,0.75,4.306826320265362,1.3792058370336169,4.306826320265362,1778147604000-632578958264631296-860147487929794560,4.125,,,,
938442824968306688,1778134497000-632578958264631296-938442824968306688,1778134497000,1778136521000,1,5.914,1.814,3.2601984564498343,632578958264631296,1778134497000,938442824968306688,RJ47GA4501,2024000,1778136521000,4.7877502609914036,5.914,0.0,1.8135417655270467,3.2610222231530956,1.8135417655270467,1778134497000-632578958264631296-938442824968306688,6.0,,,,
1396881703661731840,1778166183000-632578958264631296-1396881703661731840,1778166183000,1778167145000,1,5.906,1.353,4.365114560236512,632578958264631296,1778166183000,1396881703661731840,NL01AJ6921,962000,1778167145000,3.5714533102690056,5.906,0.1999999999998181,1.3528232235867446,4.365684959444592,1.3528232235867446,1778166183000-632578958264631296-1396881703661731840,5.75,,,,
1478688867300147200,1778119602000-632578958264631296-1478688867300147200,1778119602000,1778120458000,1,5.869,2.1,2.7947619047619043,632578958264631296,1778119602000,1478688867300147200,NL01AK3095,856000,1778120458000,5.5448171411111105,5.869,0.20000000000004547,2.1003095231481477,2.7943500399898076,2.1003095231481477,1778119602000-632578958264631296-1478688867300147200,6.125,,,,
908732861828300800,1778148116000-632578958264631296-908732861828300800,1778148116000,1778149701000,1,5.853,3.304,1.7714891041162228,632578958264631296,1778148116000,908732861828300800,RJ47GA2126,1585000,1778149701000,8.722392319588037,5.853,0.3999999999996362,3.3039364846924384,1.771523159454699,3.3039364846924384,1778148116000-632578958264631296-908732861828300800,6.0,,,,
947094374120947712,1778121735000-632578958264631296-947094374120947712,1778121735000,1778122744000,1,5.843,2.292,2.5493019197207683,632578958264631296,1778121735000,947094374120947712,RJ47GA3346,1009000,1778122744000,6.049620875555556,5.843,0.25,2.291523058922559,2.549832513030567,2.291523058922559,1778121735000-632578958264631296-947094374120947712,5.375,,,,
966383863687282688,1778144387000-632578958264631296-966383863687282688,1778144387000,1778145636000,1,5.842,1.355,4.311439114391144,632578958264631296,1778144387000,966383863687282688,RJ47GA4672,1249000,1778145636000,3.577881246780266,5.842,0.25,1.355258048022828,4.310618194463285,1.355258048022828,1778144387000-632578958264631296-966383863687282688,5.899999999965075,,,,
1501933902321680384,1778150664000-632578958264631296-1501933902321680384,1778150664000,1778152024000,1,5.837,4.273,1.3660191902644512,632578958264631296,1778150664000,1501933902321680384,NL01AK3119,1360000,1778152024000,11.279727504249083,5.837,0.35000000000002274,4.272624054639804,1.366139385388092,4.272624054639804,1778150664000-632578958264631296-1501933902321680384,6.0,,,,
1083726345994764288,1778144933000-632578958264631296-1083726345994764288,1778144933000,1778145995000,1,5.836,3.231,1.8062519343856394,632578958264631296,1778144933000,1083726345994764288,RJ47GA6212,1062000,1778145995000,8.5310707124682,5.836,0.3000000000001819,3.231466178965227,1.8059913602031854,3.231466178965227,1778144933000-632578958264631296-1083726345994764288,6.100000000005821,,,,
1176184196838719488,1778109906000-632578958264631296-1176184196838719488,1778109906000,1778111723000,1,5.836,3.542,1.6476566911349522,632578958264631296,1778109906000,1176184196838719488,RJ14GP9553,1817000,1778111723000,9.351420211802134,5.836,0.5,3.5422046256826265,1.647561509486576,3.5422046256826265,1778109906000-632578958264631296-1176184196838719488,5.7999999999883585,,,,
1083728677599969280,1778136534000-632578958264631296-1083728677599969280,1778136534000,1778137525000,1,5.81,1.549,3.750806972240155,632578958264631296,1778136534000,1083728677599969280,RJ47GA6359,991000,1778137525000,4.0900697192239175,5.81,0.25,1.5492688330393625,3.750156122744634,1.5492688330393625,1778136534000-632578958264631296-1083728677599969280,6.0,,,,
1079095062366781440,1778161618000-632578958264631296-1079095062366781440,1778161618000,1778162230000,1,5.786,2.791,2.0730920816911502,632578958264631296,1778161618000,1079095062366781440,RJ47GA3439,612000,1778162230000,7.367937745290092,5.786,0.1499999999996362,2.79088550957958,2.073177126091283,2.79088550957958,1778161618000-632578958264631296-1079095062366781440,5.625,,,,
1536014618822967296,1778147137000-632578958264631296-1536014618822967296,1778147137000,1778149032000,1,5.775,2.334,2.474293059125964,632578958264631296,1778147137000,1536014618822967296,NL01AK9203,1895000,1778149032000,6.161894965799186,5.775,0.45000000000000284,2.3340511234087824,2.4742388639567836,2.3340511234087824,1778147137000-632578958264631296-1536014618822967296,5.920000000000073,,,,
1067763553357791232,1778128143000-632578958264631296-1067763553357791232,1778128143000,1778129111000,1,5.773,3.029,1.905909541102674,632578958264631296,1778128143000,1067763553357791232,RJ47GA6214,968000,1778129111000,7.995523164294939,5.773,0.0,3.0286072592026283,1.9061566937932768,3.0286072592026283,1778128143000-632578958264631296-1067763553357791232,6.099999999976717,,,,
1396881232180019200,1778122259000-632578958264631296-1396881232180019200,1778122259000,1778123511000,1,5.757,1.577,3.6506024096385543,632578958264631296,1778122259000,1396881232180019200,NL01AJ6926,1252000,1778123511000,4.162324148853359,5.757,0.29999999999972715,1.5766379351717268,3.6514407471573045,1.5766379351717268,1778122259000-632578958264631296-1396881232180019200,5.875,,,,
1112389405491855360,1778138699000-632578958264631296-1112389405491855360,1778138699000,1778139413000,1,5.742,2.162,2.6558741905642926,632578958264631296,1778138699000,1112389405491855360,RJ47GA3734,714000,1778139413000,5.70657119358149,5.742,0.1499999999996362,2.161579997568746,2.65639023605805,2.161579997568746,1778138699000-632578958264631296-1112389405491855360,5.625,,,,
798605218047590400,1778141964000-632578958264631296-798605218047590400,1778141964000,1778143197000,1,5.726,1.79,3.1988826815642457,632578958264631296,1778141964000,798605218047590400,RJ47GA3110,1233000,1778143197000,4.72455488895521,5.726,0.3000000000010914,1.7896041246042462,3.1995903011601796,1.7896041246042462,1778141964000-632578958264631296-798605218047590400,6.409999999974389,['900758004205355021'],,900758004205355021,
1464253789857906688,1778152737000-632578958264631296-1464253789857906688,1778152737000,1778153651000,1,5.722,0.978,5.850715746421268,632578958264631296,1778152737000,1464253789857906688,NL01AK1965,914000,1778153651000,2.580836582958508,5.722,0.20000000000004547,0.9775896147570104,5.853171835732175,0.8080387374867728,1778152737000-632578958264631296-1464253789857906688,5.75,,,,
929707161364201472,1778134969000-632578958264631296-929707161364201472,1778134969000,1778136438000,1,5.721,1.224,4.674019607843137,632578958264631296,1778134969000,929707161364201472,RJ47GA3515,1469000,1778136438000,3.2311789729529345,5.721,0.3500000000003638,1.2239314291488388,4.674281470146221,0.06945445326740354,1778134969000-632578958264631296-929707161364201472,5.75,,,,
926835749754503168,1778110813000-632578958264631296-926835749754503168,1778110813000,1778111882000,1,5.708,2.505,2.2786427145708585,632578958264631296,1778110813000,926835749754503168,RJ47GA2702,1069000,1778111882000,6.613999535287581,5.708,0.25,2.5053028542755986,2.278367260173203,2.5053028542755986,1778110813000-632578958264631296-926835749754503168,4.5,,,,
1500145408670695424,1778134690000-632578958264631296-1500145408670695424,1778134690000,1778136243000,1,5.695,0.951,5.988433228180863,632578958264631296,1778134690000,1500145408670695424,NL01AK3125,1553000,1778136243000,2.5112151330430557,5.695,0.39999999999997726,0.9512178534253999,5.98706172249808,0.11812662958656332,1778134690000-632578958264631296-1500145408670695424,5.375,,,,
1101122257968693248,1778156551000-632578958264631296-1101122257968693248,1778156551000,1778158106000,1,5.688,1.594,3.568381430363864,632578958264631296,1778156551000,1101122257968693248,RJ47GA3730,1555000,1778158106000,4.208182030037876,5.688,0.3999999999996362,1.5940083447113167,3.5683627497132875,1.5940083447113167,1778156551000-632578958264631296-1101122257968693248,,,,,
1131571393566081024,1778175470000-632578958264631296-1131571393566081024,1778175470000,1778176090000,1,5.687,1.209,4.703887510339123,632578958264631296,1778175470000,1131571393566081024,RJ47GA1964,620000,1778176090000,3.1923673108117216,5.687,0.0,1.2092300419741369,4.702992650360926,0.7912930656565657,1778175470000-632578958264631296-1131571393566081024,7.0,,,,
1389243940330274816,1778138750000-632578958264631296-1389243940330274816,1778138750000,1778139951000,1,5.667,3.232,1.7534034653465345,632578958264631296,1778138750000,1389243940330274816,NL01AJ6140,1201000,1778139951000,8.531673187385044,5.667,0.25,3.2316943891610013,1.7535692790156565,3.2316943891610013,1778138750000-632578958264631296-1389243940330274816,5.75,,,,
1076923642098483200,1778151554000-632578958264631296-1076923642098483200,1778151554000,1778152447000,1,5.614,1.99,2.821105527638191,632578958264631296,1778151554000,1076923642098483200,RJ47GA3462,893000,1778152447000,5.253566943987766,5.614,0.25,1.9899874787832448,2.821123278339729,1.989987478783245,1778151554000-632578958264631296-1076923642098483200,6.125,,,,
932612842287267840,1778166299000-632578958264631296-932612842287267840,1778166299000,1778167019000,1,5.592,1.975,2.831392405063291,632578958264631296,1778166299000,932612842287267840,RJ47GA4652,720000,1778167019000,5.213970577669592,5.592,0.1499999999996362,1.9749888551778756,2.8314083825533087,1.9749888551778756,1778166299000-632578958264631296-932612842287267840,5.699999999982538,,,,
1462138214197231616,1778128644000-632578958264631296-1462138214197231616,1778128644000,1778129658000,1,5.587,1.788,3.1247203579418343,632578958264631296,1778128644000,1462138214197231616,RJ47GA5984,1014000,1778129658000,4.721486247896524,5.587,0.25,1.7884417605668652,3.123948525016069,1.7884417605668652,1778128644000-632578958264631296-1462138214197231616,5.2000000000116415,,,,
803716121332023296,1778138657000-632578958264631296-803716121332023296,1778138657000,1778139487000,1,5.561,1.442,3.856449375866852,632578958264631296,1778138657000,803716121332023296,RJ47GA2708,830000,1778139487000,3.8062702917412525,5.561,0.1499999999996362,1.4417690499019895,3.8570671220734227,1.4417690499019895,1778138657000-632578958264631296-803716121332023296,6.089999999967404,['900758004201160706'],,900758004201160706,
871730443827806208,1778159011000-632578958264631296-871730443827806208,1778159011000,1778159853000,1,5.538,1.422,3.8945147679324896,632578958264631296,1778159011000,871730443827806208,RJ47GA4670,842000,1778159853000,3.754069292150027,5.538,0.1999999999989086,1.4219959439962224,3.8945258763795123,1.4219959439962224,1778159011000-632578958264631296-871730443827806208,5.599999999976717,,,,0.09199999999999478
1469693281720860672,1778137191000-632578958264631296-1469693281720860672,1778137191000,1778138445000,1,5.514,2.957,1.8647277646263105,632578958264631296,1778137191000,1469693281720860672,RJ47GA4898,1254000,1778138445000,7.80745356303072,5.514,0.2999999999992724,2.9573687738752725,1.864495239386251,2.9573687738752725,1778137191000-632578958264631296-1469693281720860672,5.600000000002183,['1497578727075217408'],,,
1500484476822618112,1778148413000-632578958264631296-1500484476822618112,1778148413000,1778150338000,1,5.507,1.859,2.9623453469607313,632578958264631296,1778148413000,1500484476822618112,NL01AK3107,1925000,1778150338000,4.908368646838724,5.507,0.5,1.8592305480449711,2.9619780106295868,1.8592305480449711,1778148413000-632578958264631296-1500484476822618112,5.5,,,,
796385052366733312,1778157502000-632578958264631296-796385052366733312,1778157502000,1778158474000,1,5.497,1.389,3.9575233981281497,632578958264631296,1778157502000,796385052366733312,RJ47GA3184,972000,1778158474000,3.666712770007559,5.497,0.25,1.3889063522755905,3.9577902361766077,1.3889063522755905,1778157502000-632578958264631296-796385052366733312,6.199999999953434,['900758004217937933'],,900758004217937933,
939548220361539584,1778158248000-632578958264631296-939548220361539584,1778158248000,1778159082000,1,5.467,1.456,3.754807692307692,632578958264631296,1778158248000,939548220361539584,RJ47GA4719,834000,1778159082000,3.8431203330350425,5.467,0.2000000000007276,1.45572739887691,3.7555108217498527,1.45572739887691,1778158248000-632578958264631296-939548220361539584,5.5,,,,
947094374120947712,1778169905000-632578958264631296-947094374120947712,1778169905000,1778170764000,1,5.461,1.141,4.786152497808939,632578958264631296,1778169905000,947094374120947712,RJ47GA3346,859000,1778170764000,3.013285905628019,5.461,0.25,1.1413961763742495,4.78449123366382,0.9917401957424713,1778169905000-632578958264631296-947094374120947712,5.0,,,,
1141991039255445504,1778125619000-632578958264631296-1141991039255445504,1778125619000,1778126273000,1,5.451,2.476,2.201534733441034,632578958264631296,1778125619000,1141991039255445504,RJ47GA6283,654000,1778126273000,6.535615844436092,5.451,0.1499999999996362,2.475612062286398,2.2018797222072126,2.475612062286398,1778125619000-632578958264631296-1141991039255445504,5.7999999999883585,,,,
1525526061327056896,1778124828000-632578958264631296-1525526061327056896,1778124828000,1778125405000,1,5.425,1.148,4.725609756097561,632578958264631296,1778124828000,1525526061327056896,NL01AK6559,577000,1778125405000,3.0309334782038424,5.425,0.0999999999999659,1.1480808629560009,4.725276916498788,1.1480808629560009,1778124828000-632578958264631296-1525526061327056896,5.5,,,,
1097510484225032192,1778168767000-632578958264631296-1097510484225032192,1778168767000,1778169581000,1,5.393,1.531,3.5225342913128674,632578958264631296,1778168767000,1097510484225032192,RJ47GA3830,814000,1778169581000,4.042205733915418,5.393,0.2000000000007276,1.531138535574022,3.5222155766448466,1.531138535574022,1778168767000-632578958264631296-1097510484225032192,5.75,,,,
866245373776101376,1778154479000-632578958264631296-866245373776101376,1778154479000,1778155745000,1,5.384,1.8,2.991111111111111,632578958264631296,1778154479000,866245373776101376,RJ47GA4404,1266000,1778155745000,4.751847836951569,5.384,0.2999999999992724,1.7999423624816548,2.991206892078954,1.7999423624816548,1778154479000-632578958264631296-866245373776101376,5.7000000000116415,['900758004146634763'],,900758004146634763,0.3679999999999987
1148896718033518592,1778126516000-632578958264631296-1148896718033518592,1778126516000,1778127844000,1,5.346,3.073,1.7396680767979174,632578958264631296,1778126516000,1148896718033518592,RJ47GA6420,1328000,1778127844000,8.112978611891448,5.346,0.0,3.0730979590497904,1.7396126225839532,3.0735727996706377,1778126516000-632578958264631296-1148896718033518592,5.399999999994179,,,,
635414692210147328,1778160679000-632578958264631296-635414692210147328,1778160679000,1778161908000,1,5.34,1.964,2.7189409368635435,632578958264631296,1778160679000,635414692210147328,RJ47GA2704,1229000,1778161908000,5.183707437566136,5.34,0.25,1.9635255445326274,2.719597926733907,1.9635255445326276,1778160679000-632578958264631296-635414692210147328,5.880000000004657,['900758004196966400'],,900758004196966400,
1385304935976927232,1778161208000-632578958264631296-1385304935976927232,1778161208000,1778161736000,1,5.337,2.311,2.3093898745131978,632578958264631296,1778161208000,1385304935976927232,NL01AJ5688,528000,1778161736000,6.100221179356461,5.337,0.13483333333333333,2.310689840665326,2.309699859355982,2.310689840665326,1778161208000-632578958264631296-1385304935976927232,4.375,,,,
1067775916656033792,1778135824000-632578958264631296-1067775916656033792,1778135824000,1778136504000,1,5.328,1.39,3.833093525179857,632578958264631296,1778135824000,1067775916656033792,RJ14GP9559,680000,1778136504000,3.6691516221714147,5.328,0.1000000000003638,1.3898301599134146,3.833561937044114,1.3898301599134146,1778135824000-632578958264631296-1067775916656033792,5.399999999994179,,,,
944590362620461056,1778150604000-632578958264631296-944590362620461056,1778150604000,1778151515000,1,5.32,1.313,4.051789794364052,632578958264631296,1778150604000,944590362620461056,RJ47GA3517,911000,1778151515000,3.466002375596329,5.32,0.1999999999989086,1.3128796877258821,4.052161100317647,1.3128796877258821,1778150604000-632578958264631296-944590362620461056,5.375,,,,
862677666426257408,1778116927000-632578958264631296-862677666426257408,1778116927000,1778117667000,1,5.3,1.107,4.787714543812105,632578958264631296,1778116927000,862677666426257408,RJ47GA4393,740000,1778117667000,2.9227409692885815,5.2999999999883585,0.1000000000003638,1.1070988520032505,4.78728705245988,1.1070988520032505,1778116927000-632578958264631296-862677666426257408,5.2999999999883585,['900758004234715142'],,900758004234715142,0.0
1138782810882965504,1778138993000-632578958264631296-1138782810882965504,1778138993000,1778139576000,1,5.289,2.28,2.319736842105263,632578958264631296,1778138993000,1138782810882965504,RJ47GA6253,583000,1778139576000,6.020357711267606,5.289,0.1000000000003638,2.2804385269953054,2.319290758066941,2.2804385269953054,1778138993000-632578958264631296-1138782810882965504,5.399999999994179,,,,
1385588909638942720,1778160413000-632578958264631296-1385588909638942720,1778160413000,1778161520000,1,5.284,2.503,2.1110667199360766,632578958264631296,1778160413000,1385588909638942720,NL01AJ5690,1107000,1778161520000,6.608418909565632,5.284,0.25,2.5031889808960726,2.110907342724269,2.5031889808960726,1778160413000-632578958264631296-1385588909638942720,5.625,,,,
938815830156640256,1778165661000-632578958264631296-938815830156640256,1778165661000,1778166737000,1,5.284,2.826,1.8697806086341118,632578958264631296,1778165661000,938815830156640256,RJ47GA4710,1076000,1778166737000,7.459599431802102,5.284,0.25,2.825605845379584,1.8700414315182596,2.825605845379584,1778165661000-632578958264631296-938815830156640256,5.400000000023283,['1015966621438574603'],,,
1184409623537385472,1778160681000-632578958264631296-1184409623537385472,1778160681000,1778161858000,1,5.257,2.167,2.425934471619751,632578958264631296,1778160681000,1184409623537385472,RJ47GA6472,1177000,1778161858000,5.7212662669411785,5.257,0.28960749999999996,2.167146313235295,2.4257706864987423,2.167146313235295,1778160681000-632578958264631296-1184409623537385472,5.2000000000116415,,,,
931856805720489984,1778155128000-632578958264631296-931856805720489984,1778155128000,1778156956000,1,5.247,2.881,1.8212426240888582,632578958264631296,1778155128000,931856805720489984,RJ47GA4708,1828000,1778156956000,7.606188050935204,5.247,0.4500000000007276,2.881131837475456,1.821159285996991,2.881131837475456,1778155128000-632578958264631296-931856805720489984,5.400000000023283,,,,
878252193440858112,1778114426000-632578958264631296-878252193440858112,1778114426000,1778114929000,1,5.233,1.837,2.848666303756124,632578958264631296,1778114426000,878252193440858112,RJ47GA1999,503000,1778114929000,4.8489916612241055,5.233,0.13745472222222224,1.8367392656151913,2.8490706862779875,1.836739265615191,1778114426000-632578958264631296-878252193440858112,4.5,['900758004175994897'],,900758004175994897,
1422205634715058176,1778158438000-632578958264631296-1422205634715058176,1778158438000,1778162900000,1,5.183,2.338,2.2168520102651836,632578958264631296,1778158438000,1422205634715058176,NL01AJ9005,4462000,1778162900000,6.172747169359811,5.183,1.199999999999818,2.3381618065756857,2.216698598627215,2.3381618065756857,1778158438000-632578958264631296-1422205634715058176,5.125,,,,
1536014529144553472,1778177523000-632578958264631296-1536014529144553472,1778177523000,1778178554000,1,5.177,1.498,3.4559412550066755,632578958264631296,1778177523000,1536014529144553472,NL01AK8376,1031000,1778178554000,3.955243523628874,5.177,0.19999999999998863,1.4981983044048763,3.455483819984992,1.4981983044048763,1778177523000-632578958264631296-1536014529144553472,5.050000000001091,,,,
1127222273418199040,1778159839000-632578958264631296-1127222273418199040,1778159839000,1778160743000,1,5.149,1.388,3.7096541786743518,632578958264631296,1778159839000,1127222273418199040,RJ47GA3844,904000,1778160743000,3.6640513266308985,5.149,0.2000000000007276,1.3878982297844311,3.709926195957282,1.3878982297844311,1778159839000-632578958264631296-1127222273418199040,4.0,,,,
1385305554984894464,1778163902000-632578958264631296-1385305554984894464,1778163902000,1778164927000,1,5.147,1.332,3.864114114114114,632578958264631296,1778163902000,1385305554984894464,NL01AJ5696,1025000,1778164927000,3.5173679240026967,5.147,0.25,1.3323363348495063,3.8631386575382844,1.3323363348495063,1778163902000-632578958264631296-1385305554984894464,5.375,,,,
947104127047958528,1778108791000-632578958264631296-947104127047958528,1778108791000,1778109380000,1,5.141,1.522,3.3777923784494086,632578958264631296,1778108791000,947104127047958528,RJ47GA1393,589000,1778109380000,4.018751731080288,5.141,0.0,1.522254443591018,3.377227783203125,0.001,1778108791000-632578958264631296-947104127047958528,,,,,
878252193440858112,1778159261000-632578958264631296-878252193440858112,1778159261000,1778159931000,1,5.135,1.152,4.457465277777778,632578958264631296,1778159261000,878252193440858112,RJ47GA1999,670000,1778159931000,3.0415051143287766,5.135,0.0,1.152085270579082,4.457135362401563,0.8277529926596887,1778159261000-632578958264631296-878252193440858112,5.0,['900758004175994897'],,900758004175994897,
780109531760820224,1778147030000-632578958264631296-780109531760820224,1778147030000,1778147764000,1,5.116,1.749,2.9251000571755283,632578958264631296,1778147030000,780109531760820224,RJ47GA3172,734000,1778147764000,4.618027547662525,5.116,0.1499999999996362,1.7492528589630776,2.9246772265003833,1.7492528589630776,1778147030000-632578958264631296-780109531760820224,5.880000000004657,['900758004213743624'],,900758004213743624,
1120316481867874304,1778168043000-632578958264631296-1120316481867874304,1778168043000,1778168584000,1,5.095,2.66,1.9154135338345863,632578958264631296,1778168043000,1120316481867874304,RJ47GA6413,541000,1778168584000,7.022231005178033,5.095,0.1345236111111111,2.659935986809861,1.9154596295795008,2.5897788872549015,1778168043000-632578958264631296-1120316481867874304,3.6999999999825377,,,,
780109531760820224,1778161387000-632578958264631296-780109531760820224,1778161387000,1778162324000,1,5.092,1.539,3.308641975308642,632578958264631296,1778161387000,780109531760820224,RJ47GA3172,937000,1778162324000,4.062902578492926,5.092,0.1999999999989086,1.5389782494291384,3.308688736756873,1.5389782494291384,1778161387000-632578958264631296-780109531760820224,5.669999999983702,['900758004213743624'],,900758004213743624,
943818921138454528,1778154773000-632578958264631296-943818921138454528,1778154773000,1778155852000,1,5.077,1.499,3.3869246164109406,632578958264631296,1778154773000,943818921138454528,RJ47GA3904,1079000,1778155852000,3.9581323470398635,5.077,0.2999999999992724,1.4992925556969179,3.386263728655714,1.4992925556969179,1778154773000-632578958264631296-943818921138454528,5.25,,,,
1536014563953082368,1778161404000-632578958264631296-1536014563953082368,1778161404000,1778163314000,1,5.076,1.642,3.0913520097442144,632578958264631296,1778161404000,1536014563953082368,NL01AK9204,1910000,1778163314000,4.33377797392759,5.076,0.5,1.6415825658816625,3.0921381022792342,1.6415825658816623,1778161404000-632578958264631296-1536014563953082368,5.255000000000109,,,,
1477629515881512960,1778154781000-632578958264631296-1477629515881512960,1778154781000,1778156049000,1,5.07,1.402,3.6162624821683313,632578958264631296,1778154781000,1477629515881512960,NL01AK3041,1268000,1778156049000,3.700983999384772,5.07,0.2999999999999545,1.4018878785548379,3.6165517068501254,1.4018878785548379,1778154781000-632578958264631296-1477629515881512960,5.25,,,,
792451319469178880,1778155585000-632578958264631296-792451319469178880,1778155585000,1778156637000,1,5.064,1.408,3.596590909090909,632578958264631296,1778155585000,792451319469178880,RJ47GA3115,1052000,1778156637000,3.7164354255207903,5.064,0.25,1.4077406914851478,3.5972534079820817,1.4077406914851478,1778155585000-632578958264631296-792451319469178880,5.460000000020955,['900758004209549321'],,900758004209549321,
780067386190462976,1778123940000-632578958264631296-780067386190462976,1778123940000,1778124980000,1,5.04,1.5,3.36,632578958264631296,1778123940000,780067386190462976,RJ47GA2450,1040000,1778124980000,3.96,5.039999999979045,0.1999999999989086,1.5,3.35999999998603,1.5,1778123940000-632578958264631296-780067386190462976,5.039999999979045,,,,
1184409623537385472,1778149410000-632578958264631296-1184409623537385472,1778149410000,1778150352000,1,5.011,1.682,2.9791914387633773,632578958264631296,1778149410000,1184409623537385472,RJ47GA6472,942000,1778150352000,4.44020744187435,5.011,0.2544452777777778,1.6818967582857385,2.9793743137405335,1.6818967582857385,1778149410000-632578958264631296-1184409623537385472,5.2000000000116415,,,,
818154714091749376,1778137222000-632578958264631296-818154714091749376,1778137222000,1778137987000,1,4.993,1.727,2.8911407064273305,632578958264631296,1778137222000,818154714091749376,RJ47GA3069,765000,1778137987000,4.558404674035089,4.993,0.1999999999989086,1.7266684371345034,2.8916958766479484,1.7266684371345034,1778137222000-632578958264631296-818154714091749376,4.510000000009313,['900758004201160718'],,900758004201160718,
970288452387995648,1778143749000-632578958264631296-970288452387995648,1778143749000,1778144162000,1,4.971,0.969,5.130030959752323,632578958264631296,1778143749000,970288452387995648,RJ47GA3399,413000,1778144162000,2.557876258123377,4.971,0.10669083333333333,0.9688925220164306,5.130600027394681,0.39429536170212776,1778143749000-632578958264631296-970288452387995648,,,,,
1131571393566081024,1778167718000-632578958264631296-1131571393566081024,1778167718000,1778168537000,1,4.967,1.097,4.527803099361896,632578958264631296,1778167718000,1131571393566081024,RJ47GA1964,819000,1778168537000,2.8957986244467753,4.967,0.0,1.0968934183510513,4.528243051605543,0.5457675351790935,1778167718000-632578958264631296-1131571393566081024,6.125,,,,
966383863687282688,1778140410000-632578958264631296-966383863687282688,1778140410000,1778141004000,1,4.924,1.02,4.8274509803921575,632578958264631296,1778140410000,966383863687282688,RJ47GA4672,594000,1778141004000,2.693340901381381,4.924,0.14310083333333334,1.0202048868868867,4.826481487483739,1.0202048868868867,1778140410000-632578958264631296-966383863687282688,4.099999999976717,,,,
1536014556927623168,1778161347000-632578958264631296-1536014556927623168,1778161347000,1778163416000,1,4.909,1.814,2.7061742006615215,632578958264631296,1778161347000,1536014556927623168,NL01AK9196,2069000,1778163416000,4.790168894208693,4.909,0.5,1.8144579144729898,2.705491243882513,1.8144579144729898,1778161347000-632578958264631296-1536014556927623168,5.135000000000218,,,,
1153273602804547584,1778144919000-632578958264631296-1153273602804547584,1778144919000,1778146090000,1,4.902,1.65,2.970909090909091,632578958264631296,1778144919000,1153273602804547584,RJ47GA6314,1171000,1778146090000,4.354790008242828,4.902,0.3073413888890708,1.64954166978895,2.971734567109896,1.6178531873546422,1778144919000-632578958264631296-1153273602804547584,4.600000000005821,,,,
1132636843020386304,1778130398000-632578958264631296-1132636843020386304,1778130398000,1778131226000,1,4.898,1.548,3.164082687338501,632578958264631296,1778130398000,1132636843020386304,RJ47GA4655,828000,1778131226000,4.0871073951113415,4.898,0.1999999999998181,1.5481467405724778,3.163782780816245,1.5481467405724778,1778130398000-632578958264631296-1132636843020386304,5.0,,,,
1067775256489361408,1778160684000-632578958264631296-1067775256489361408,1778160684000,1778162466000,1,4.883,2.493,1.9586843160850382,632578958264631296,1778160684000,1067775256489361408,RJ47GA4861,1782000,1778162466000,6.581728009873388,4.883,0.4499999999998181,2.4930787916187076,1.9586224135457682,2.4930787916187076,1778160684000-632578958264631296-1067775256489361408,5.0,,,,
866245373776101376,1778131634000-632578958264631296-866245373776101376,1778131634000,1778132155000,1,4.871,0.744,6.547043010752689,632578958264631296,1778131634000,866245373776101376,RJ47GA4404,521000,1778132155000,1.9639732470960451,4.871,0.13268583333333334,0.7439292602636535,6.5476655646985655,0.7439292602636535,1778131634000-632578958264631296-866245373776101376,5.0,['900758004146634763'],,900758004146634763,0.0
932302785804763136,1778158047000-632578958264631296-932302785804763136,1778158047000,1778158590000,1,4.836,1.92,2.5187500000000003,632578958264631296,1778158047000,932302785804763136,RJ47GA4681,543000,1778158590000,5.067662905612937,4.836,0.1500000000005457,1.9195692824291428,2.5193151631808903,1.9195692824291426,1778158047000-632578958264631296-932302785804763136,3.800000000046566,,,,
1152269356621627392,1778113329000-632578958264631296-1152269356621627392,1778113329000,1778115167000,1,4.833,2.988,1.6174698795180724,632578958264631296,1778113329000,1152269356621627392,RJ47GA6374,1838000,1778115167000,7.887302594224182,4.833,0.5,2.987614619024311,1.6176785215953826,2.987614619024311,1778113329000-632578958264631296-1152269356621627392,4.899999999994179,,,,
1500484476822618112,1778154770000-632578958264631296-1500484476822618112,1778154770000,1778156385000,1,4.83,1.69,2.8579881656804735,632578958264631296,1778154770000,1500484476822618112,NL01AK3107,1615000,1778156385000,4.461752157917809,4.83,0.39999999999997726,1.6900576355749275,2.8578907004889924,1.6900576355749275,1778154770000-632578958264631296-1500484476822618112,5.0,,,,
1389244302743306240,1778126438000-632578958264631296-1389244302743306240,1778126438000,1778127453000,1,4.812,1.45,3.3186206896551727,632578958264631296,1778126438000,1389244302743306240,NL01AJ6144,1015000,1778127453000,3.8275989484922026,4.812,0.25,1.4498480865500767,3.3189684109941386,1.4498480865500767,1778126438000-632578958264631296-1389244302743306240,4.375,,,,
1083727144086929408,1778122850000-632578958264631296-1083727144086929408,1778122850000,1778123534000,1,4.809,1.15,4.181739130434783,632578958264631296,1778122850000,1083727144086929408,RJ47GA6319,684000,1778123534000,3.0352212103673604,4.809,0.1499999999996362,1.1497050039270305,4.182812098385211,1.1497050039270305,1778122850000-632578958264631296-1083727144086929408,4.899999999994179,,,,
1094588896550846464,1778162497000-632578958264631296-1094588896550846464,1778162497000,1778163656000,1,4.799,1.116,4.300179211469534,632578958264631296,1778162497000,1094588896550846464,RJ47GA5976,1159000,1778163656000,2.94748477720027,4.799,0.2999999999992724,1.1164715065152537,4.298363166453487,1.1164715065152537,1778162497000-632578958264631296-1094588896550846464,4.875,,,,
1464283595349688320,1778164936000-632578958264631296-1464283595349688320,1778164936000,1778165358000,1,4.786,0.939,5.096911608093716,632578958264631296,1778164936000,1464283595349688320,NL01AK1961,422000,1778165358000,2.478927435113969,4.786,0.09999999999990905,0.9389876648158973,5.096978564610183,0.9389876648158972,1778164936000-632578958264631296-1464283595349688320,4.625,,,,
1188144161019133952,1778149612000-632578958264631296-1188144161019133952,1778149612000,1778150696000,1,4.743,0.877,5.408209806157355,632578958264631296,1778149612000,1188144161019133952,RJ47GA6478,1084000,1778150696000,2.3158317098445598,4.743,0.0,0.8772089810017272,5.40692138671875,0.001,1778149612000-632578958264631296-1188144161019133952,5.0,,,,
1067765247101632512,1778149958000-632578958264631296-1067765247101632512,1778149958000,1778150651000,1,4.734,1.538,3.0780234070221066,632578958264631296,1778149958000,1067765247101632512,RJ47GA6282,693000,1778150651000,4.060010650342962,4.734,0.0,1.5378828220996068,3.078257934851544,1.5378828220996068,1778149958000-632578958264631296-1067765247101632512,5.0,,,,
938817698895233024,1778133385000-632578958264631296-938817698895233024,1778133385000,1778134393000,1,4.692,2.712,1.7300884955752212,632578958264631296,1778133385000,938817698895233024,RJ47GA2715,1008000,1778134393000,7.158935136208016,4.692,0.25,2.7117178546242484,1.730268505625985,2.7117178546242484,1778133385000-632578958264631296-938817698895233024,4.875,,,,
1094226778622263296,1778129341000-632578958264631296-1094226778622263296,1778129341000,1778130901000,1,4.637,4.128,1.1233042635658914,632578958264631296,1778129341000,1094226778622263296,RJ47GA6284,1560000,1778130901000,10.897938520491127,4.637,0.40184527777741397,4.128007015337548,1.123302354567542,4.14393119611738,1778129341000-632578958264631296-1094226778622263296,4.899999999994179,,,,
1168836102002311168,1778126616000-632578958264631296-1168836102002311168,1778126616000,1778127585000,1,4.609,2.557,1.8025029331247555,632578958264631296,1778126616000,1168836102002311168,RJ47GA2649,969000,1778127585000,6.751009651455883,4.609,0.25,2.5572006255514705,1.802361517491828,2.5572006255514705,1778126616000-632578958264631296-1168836102002311168,4.5,,,,
1467925946630668288,1778155213000-632578958264631296-1467925946630668288,1778155213000,1778155635000,1,4.6,1.076,4.275092936802974,632578958264631296,1778155213000,1467925946630668288,RJ47GA5320,422000,1778155635000,2.8402400388297875,4.599999999976717,0.11525361111111111,1.0758484995567377,4.275694953213182,1.0758484995567377,1778155213000-632578958264631296-1467925946630668288,4.599999999976717,,,,
936665179544879104,1778125742000-632578958264631296-936665179544879104,1778125742000,1778126543000,1,4.6,1.875,2.453333333333333,632578958264631296,1778125742000,936665179544879104,RJ47GA4716,801000,1778126543000,4.951292084740164,4.6,0.1999999999989086,1.8754894260379407,2.4526931136677828,1.8754894260379407,1778125742000-632578958264631296-936665179544879104,4.7000000000116415,,,,
1182027923075366912,1778129874000-632578958264631296-1182027923075366912,1778129874000,1778130935000,1,4.589,3.168,1.44854797979798,632578958264631296,1778129874000,1182027923075366912,RJ47GA6389,1061000,1778130935000,8.362322908755328,4.589,0.1999999999998181,3.167546556346715,1.4487553437234135,3.167546556346715,1778129874000-632578958264631296-1182027923075366912,4.600000000005821,,,,
1153273602804547584,1778154402000-632578958264631296-1153273602804547584,1778154402000,1778155176000,1,4.585,1.23,3.727642276422764,632578958264631296,1778154402000,1153273602804547584,RJ47GA6314,774000,1778155176000,3.247672725873018,4.585,0.1999999999998181,1.2301790628306886,3.7270996869754405,1.2301790628306886,1778154402000-632578958264631296-1153273602804547584,4.800000000017462,,,,
1144224275478085632,1778110085000-632578958264631296-1144224275478085632,1778110085000,1778111325000,1,4.552,1.706,2.668229777256741,632578958264631296,1778110085000,1144224275478085632,NL01AG9586,1240000,1778111325000,4.504661672211541,4.552,0.0,1.7063112394740685,2.6677430791600774,1.7063112394740685,1778110085000-632578958264631296-1144224275478085632,4.399999999994179,,,,
863411203819438080,1778169889000-632578958264631296-863411203819438080,1778169889000,1778170856000,1,4.541,4.044,1.1228981206726016,632578958264631296,1778169889000,863411203819438080,RJ47GA4438,967000,1778170856000,10.676891553775244,4.541,0.1999999999998181,4.044277103702743,1.1228211825155308,4.044277103702743,1778169889000-632578958264631296-863411203819438080,4.7999999999883585,['829378564599054336'],,829378564599054336,0.18399999999999936
925753337108758528,1778159354000-632578958264631296-925753337108758528,1778159354000,1778159810000,1,4.517,1.701,2.655496766607878,632578958264631296,1778159354000,925753337108758528,RJ47GA2620,456000,1778159810000,4.490099465542636,4.517,0.12216027777777777,1.7007952520994833,2.655816444939012,1.7007952520994833,1778159354000-632578958264631296-925753337108758528,4.75,,,,
870286624469024768,1778156478000-632578958264631296-870286624469024768,1778156478000,1778157379000,1,4.514,1.389,3.249820014398848,632578958264631296,1778156478000,870286624469024768,RJ47GA4517,901000,1778157379000,3.666549544042373,4.514,0.1499999999996362,1.3888445242584746,3.2501838191068178,1.3888445242584746,1778156478000-632578958264631296-870286624469024768,,,,,0.0
1132636843020386304,1778150740000-632578958264631296-1132636843020386304,1778150740000,1778152190000,1,4.505,2.212,2.0366184448462925,632578958264631296,1778150740000,1132636843020386304,RJ47GA4655,1450000,1778152190000,5.840201312970659,4.505,0.4000000000005457,2.2121974670343403,2.0364366504945774,2.2121974670343403,1778150740000-632578958264631296-1132636843020386304,4.399999999994179,,,,
1072872003913908224,1778134928000-632578958264631296-1072872003913908224,1778134928000,1778135981000,1,4.494,1.404,3.200854700854701,632578958264631296,1778134928000,1072872003913908224,RJ47GA2729,1053000,1778135981000,3.7071118108379206,4.494,0.25,1.404209019256788,3.200378247376989,1.404209019256788,1778134928000-632578958264631296-1072872003913908224,4.5,,,,
1488129049464143872,1778135306000-632578958264631296-1488129049464143872,1778135306000,1778136270000,1,4.488,2.404,1.8668885191347757,632578958264631296,1778135306000,1488129049464143872,NL01AK3098,964000,1778136270000,6.347400625759637,4.488,0.25,2.4043184188483475,1.866641275472041,2.4043184188483475,1778135306000-632578958264631296-1488129049464143872,4.625,,,,
1398705978894974976,1778159913000-632578958264631296-1398705978894974976,1778159913000,1778160893000,1,4.481,2.491,1.7988759534323564,632578958264631296,1778159913000,1398705978894974976,NL01AH7651,980000,1778160893000,6.577235903131491,4.481,0.25,2.4913772360346558,1.798603573633065,2.4913772360346558,1778159913000-632578958264631296-1398705978894974976,4.764999999984866,,,,
1536022277991170048,1778153727000-632578958264631296-1536022277991170048,1778153727000,1778154333000,1,4.462,2.171,2.055274067250115,632578958264631296,1778153727000,1536022277991170048,NL01AK7897,606000,1778154333000,5.730597057089202,4.462,0.15000000000000568,2.1706807034428794,2.055576388053249,2.1706807034428794,1778153727000-632578958264631296-1536022277991170048,4.550000000000182,,,,
1073278104413143040,1778149566000-632578958264631296-1073278104413143040,1778149566000,1778150069000,1,4.452,1.521,2.9270216962524658,632578958264631296,1778149566000,1073278104413143040,RJ47GA3367,503000,1778150069000,4.016665902785843,4.452,0.1000000000003638,1.5214643571158497,2.926128357314524,1.5214643571158497,1778149566000-632578958264631296-1073278104413143040,3.5,,,,
1101157025884143616,1778113165000-632578958264631296-1101157025884143616,1778113165000,1778113985000,1,4.45,1.549,2.8728211749515817,632578958264631296,1778113165000,1101157025884143616,RJ47GA5517,820000,1778113985000,4.0904794355829575,4.45,0.1999999999989086,1.5494240286299081,2.8720349741412954,1.5494240286299081,1778113165000-632578958264631296-1101157025884143616,4.5,,,,
947583099720433664,1778125118000-632578958264631296-947583099720433664,1778125118000,1778125792000,1,4.436,1.049,4.22878932316492,632578958264631296,1778125118000,947583099720433664,RJ47GA2689,674000,1778125792000,2.7694910902338647,4.436,0.2000000000007276,1.0490496553916153,4.228589158960278,1.0490496553916153,1778125118000-632578958264631296-947583099720433664,4.75,,,,
1111626569580806144,1778162901000-632578958264631296-1111626569580806144,1778162901000,1778163698000,1,4.433,1.576,2.8128172588832485,632578958264631296,1778162901000,1111626569580806144,NL01AH6173,797000,1778163698000,4.161434123552748,4.433,0.1999999999998181,1.576300804376041,2.812280490940146,1.576300804376041,1778162901000-632578958264631296-1111626569580806144,4.625,,,,
870286624469024768,1778153482000-632578958264631296-870286624469024768,1778153482000,1778154207000,1,4.403,1.482,2.9709851551956814,632578958264631296,1778153482000,870286624469024768,RJ47GA4517,725000,1778154207000,3.9114670365248236,4.403,0.18474444444444446,1.4816163017139483,2.9717545594676342,1.4816163017139483,1778153482000-632578958264631296-870286624469024768,,,,,
1536014529144553472,1778130959000-632578958264631296-1536014529144553472,1778130959000,1778131613000,1,4.394,1.917,2.2921231090245175,632578958264631296,1778130959000,1536014529144553472,NL01AK8376,654000,1778131613000,5.060675653939872,4.394,0.1500000000000341,1.9169225961893455,2.29221566313363,1.9169225961893457,1778130959000-632578958264631296-1536014529144553472,4.479999999999563,,,,
787325260482478080,1778138399000-632578958264631296-787325260482478080,1778138399000,1778139162000,1,4.38,2.854,1.5346881569726698,632578958264631296,1778138399000,787325260482478080,RJ47GA3074,763000,1778139162000,7.535408827647944,4.38,0.1499999999996362,2.854321525624221,1.5345152817155463,2.854321525624221,1778138399000-632578958264631296-787325260482478080,5.040000000037253,['900758004201160724'],,900758004201160724,
873101078441230336,1778156867000-632578958264631296-873101078441230336,1778156867000,1778157741000,1,4.368,1.383,3.1583514099783083,632578958264631296,1778156867000,873101078441230336,RJ14GN0769,874000,1778157741000,3.651236287609649,4.368,0.1999999999989086,1.3830440483369881,3.1582508201761246,1.3830440483369881,1778156867000-632578958264631296-873101078441230336,4.400000000023283,,,,0.0
818154714091749376,1778123842000-632578958264631296-818154714091749376,1778123842000,1778124778000,1,4.358,1.713,2.544074722708698,632578958264631296,1778123842000,818154714091749376,RJ47GA3069,936000,1778124778000,4.522451217022803,4.358,0.1999999999989086,1.713049703417728,2.5440009074490346,1.713049703417728,1778123842000-632578958264631296-818154714091749376,4.940000000002328,['900758004201160718'],,900758004201160718,
1050035941135089664,1778130782000-632578958264631296-1050035941135089664,1778130782000,1778131676000,1,4.354,2.199,1.9799909049567987,632578958264631296,1778130782000,1050035941135089664,RJ47GA5558,894000,1778131676000,5.805062035087721,4.354,0.1999999999998181,2.1988871345029244,1.9800925348468401,2.1988871345029244,1778130782000-632578958264631296-1050035941135089664,3.8999999999941792,,,,
1076924285072703488,1778150837000-632578958264631296-1076924285072703488,1778150837000,1778152647000,1,4.327,2.828,1.5300565770862802,632578958264631296,1778150837000,1076924285072703488,RJ47GA3476,1810000,1778152647000,7.465842686376431,4.327,0.4500000000007276,2.8279707145365265,1.530072421810474,2.8279707145365265,1778150837000-632578958264631296-1076924285072703488,4.625,,,,
951563481520275456,1778174901000-632578958264631296-951563481520275456,1778174901000,1778175451000,1,4.326,1.32,3.277272727272727,632578958264631296,1778174901000,951563481520275456,RJ47GA1461,550000,1778175451000,3.4843027002467295,4.326,0.0,1.3198116288813369,3.277740478515625,0.001,1778174901000-632578958264631296-951563481520275456,,,,,
939141093658722304,1778110437000-632578958264631296-939141093658722304,1778110437000,1778112182000,1,4.288,2.771,1.5474557921328043,632578958264631296,1778110437000,939141093658722304,RJ47GA3768,1745000,1778112182000,7.314269878114042,4.288,0.4499999999989086,2.7705567720128945,1.5477033509349951,2.7705567720128945,1778110437000-632578958264631296-939141093658722304,5.0,,,,
947583099720433664,1778142435000-632578958264631296-947583099720433664,1778142435000,1778143084000,1,4.283,0.807,5.30731102850062,632578958264631296,1778142435000,947583099720433664,RJ47GA2689,649000,1778143084000,2.130359158028168,4.283,0.1499999999996362,0.8069542265258213,5.307612079113326,0.8069542265258213,1778142435000-632578958264631296-947583099720433664,4.25,,,,
944590866851299328,1778120699000-632578958264631296-944590866851299328,1778120699000,1778121238000,1,4.274,0.979,4.365679264555669,632578958264631296,1778120699000,944590866851299328,RJ47GA3402,539000,1778121238000,2.585793424853801,4.274,0.1000000000003638,0.9794672063840154,4.363596833199448,0.9794672063840154,1778120699000-632578958264631296-944590866851299328,4.375,,,,
1112389405491855360,1778133827000-632578958264631296-1112389405491855360,1778133827000,1778134315000,1,4.259,1.569,2.7144678138942004,632578958264631296,1778133827000,1112389405491855360,RJ47GA3734,488000,1778134315000,4.141578504633569,4.259,0.12490722222222223,1.5687797366036245,2.7148489368052693,1.5687797366036245,1778133827000-632578958264631296-1112389405491855360,3.5,,,,
1536014609964597248,1778135043000-632578958264631296-1536014609964597248,1778135043000,1778135918000,1,4.225,2.015,2.096774193548387,632578958264631296,1778135043000,1536014609964597248,NL01AK9197,875000,1778135918000,5.319075783281022,4.225,0.20000000000000284,2.014801433060993,2.0969808392389098,2.014801433060993,1778135043000-632578958264631296-1536014609964597248,4.105000000000018,,,,
944589988106862592,1778118031000-632578958264631296-944589988106862592,1778118031000,1778118628000,1,4.217,1.197,3.52297410192147,632578958264631296,1778118031000,944589988106862592,RJ47GA2625,597000,1778118628000,3.1594489104477623,4.217,0.1500000000014552,1.1967609509271826,3.5236778044378094,1.1967609509271826,1778118031000-632578958264631296-944589988106862592,4.5,,,,
970288452387995648,1778126567000-632578958264631296-970288452387995648,1778126567000,1778127093000,1,4.216,3.035,1.3891268533772652,632578958264631296,1778126567000,970288452387995648,RJ47GA3399,526000,1778127093000,8.013311412229752,4.216,0.1500000000014552,3.035345231905209,1.3889688578698258,3.035345231905209,1778126567000-632578958264631296-970288452387995648,,,,,
947583099720433664,1778129373000-632578958264631296-947583099720433664,1778129373000,1778130090000,1,4.202,1.531,2.744611365120836,632578958264631296,1778129373000,947583099720433664,RJ47GA2689,717000,1778130090000,4.040945383989293,4.202,0.1499999999996362,1.5306611302989743,2.7452189885943272,1.5306611302989743,1778129373000-632578958264631296-947583099720433664,4.5,,,,
871764525957775360,1778121404000-632578958264631296-871764525957775360,1778121404000,1778123402000,1,4.199,2.934,1.431152010906612,632578958264631296,1778121404000,871764525957775360,RJ47GA4671,1998000,1778123402000,7.744586060404204,4.199,0.5,2.9335553259106835,1.4313689477448241,2.9335553259106835,1778121404000-632578958264631296-871764525957775360,4.2999999999883585,,,,0.0
1536014550107684864,1778149199000-632578958264631296-1536014550107684864,1778149199000,1778153246000,1,4.189,12.82,0.3267550702028081,632578958264631296,1778149199000,1536014550107684864,NL01AK9195,4047000,1778153246000,33.84528547936053,4.189,1.0500000000000114,12.82018389369717,0.32675038320311867,12.82018389369717,1778149199000-632578958264631296-1536014550107684864,4.270000000000437,,,,
1075729411988258816,1778128894000-632578958264631296-1075729411988258816,1778128894000,1778129485000,1,4.188,0.363,11.537190082644628,632578958264631296,1778128894000,1075729411988258816,RJ36GA7279,591000,1778129485000,0.9575958685216343,4.188,0.0,0.3627257077733463,11.545914475455167,0.3627257077733463,1778128894000-632578958264631296-1075729411988258816,,,,,
787325260482478080,1778137035000-632578958264631296-787325260482478080,1778137035000,1778137743000,1,4.18,1.674,2.4970131421744326,632578958264631296,1778137035000,787325260482478080,RJ47GA3074,708000,1778137743000,4.420094683375351,4.18,0.1500000000014552,1.6742782891573298,2.496598102639083,1.6742782891573298,1778137035000-632578958264631296-787325260482478080,4.619999999995343,['900758004201160724'],,900758004201160724,
1406586595699589120,1778125877000-632578958264631296-1406586595699589120,1778125877000,1778126575000,1,4.158,2.25,1.848,632578958264631296,1778125877000,1406586595699589120,NL01AJ7423,698000,1778126575000,5.940967366958568,4.158,0.15000000000009095,2.2503664268782453,1.84769909039572,2.2503664268782453,1778125877000-632578958264631296-1406586595699589120,4.3549999999959255,,,,
1482772108667781120,1778130581000-632578958264631296-1482772108667781120,1778130581000,1778131081000,1,4.131,1.579,2.6162127929069032,632578958264631296,1778130581000,1482772108667781120,NL01AK3101,500000,1778131081000,4.167465848333335,4.131,0.09999999999990905,1.5785855486111118,2.616899669222603,1.5785855486111118,1778130581000-632578958264631296-1482772108667781120,4.375,,,,
902974583798235136,1778125811000-632578958264631296-902974583798235136,1778125811000,1778127706000,1,4.12,1.84,2.239130434782609,632578958264631296,1778125811000,902974583798235136,RJ47GA2140,1895000,1778127706000,4.858593293552649,4.12,0.5,1.8403762475578216,2.238672665693897,1.8403762475578216,1778125811000-632578958264631296-902974583798235136,2.625,,,,
1540361729291059200,1778125297000-632578958264631296-1540361729291059200,1778125297000,1778126158000,1,4.102,1.758,2.3333333333333335,632578958264631296,1778125297000,1540361729291059200,NL01AK8391,861000,1778126158000,4.642267833396225,4.102,0.15000000000000568,1.758434785377358,2.3327564002435928,1.758434785377358,1778125297000-632578958264631296-1540361729291059200,4.234999999999673,,,,
943461119844941824,1778139764000-632578958264631296-943461119844941824,1778139764000,1778140815000,1,4.101,2.095,1.9575178997613363,632578958264631296,1778139764000,943461119844941824,RJ47GA3779,1051000,1778140815000,5.53044654182358,4.101,0.25,2.0948661143271137,1.957643007327593,2.0948661143271137,1778139764000-632578958264631296-943461119844941824,4.25,,,,
946033927888306176,1778178097000-632578958264631296-946033927888306176,1778178097000,1778178734000,1,4.075,0.924,4.41017316017316,632578958264631296,1778178097000,946033927888306176,RJ47GA3780,637000,1778178734000,2.4393090944444444,4.075,0.1500000000014552,0.9239807175925926,4.410265195379083,0.9239807175925925,1778178097000-632578958264631296-946033927888306176,3.0,,,,
1093088075828953088,1778177225000-632578958264631296-1093088075828953088,1778177225000,1778177872000,1,4.071,2.679,1.5195968645016797,632578958264631296,1778177225000,1093088075828953088,RJ47GA5975,647000,1778177872000,7.073257243156915,4.071,0.1499999999996362,2.679264107256407,1.5194470709230468,2.679264107256407,1778177225000-632578958264631296-1093088075828953088,4.14000000001397,,,,
1073664045493518336,1778127181000-632578958264631296-1073664045493518336,1778127181000,1778127998000,1,4.058,2.063,1.9670382937469701,632578958264631296,1778127181000,1073664045493518336,RJ47GA5839,817000,1778127998000,5.447281667489618,4.058,0.2000000000007276,2.0633642679884914,1.966691031223496,2.0633642679884914,1778127181000-632578958264631296-1073664045493518336,4.100000000005821,,,,
1540361729291059200,1778113362000-632578958264631296-1540361729291059200,1778113362000,1778113938000,1,4.046,1.682,2.4054696789536267,632578958264631296,1778113362000,1540361729291059200,NL01AK8391,576000,1778113938000,4.4410098038249535,4.046,0.15000000000000568,1.6822006832670278,2.405182711103292,1.6822006832670278,1778113362000-632578958264631296-1540361729291059200,4.165000000000418,,,,
794950170587430912,1778147641000-632578958264631296-794950170587430912,1778147641000,1778148357000,1,4.044,1.741,2.3228029867892013,632578958264631296,1778147641000,794950170587430912,RJ47GA2696,716000,1778148357000,4.596029920743351,4.044,0.1500000000014552,1.7409204245239962,2.3229091594497855,1.7409204245239962,1778147641000-632578958264631296-794950170587430912,4.510000000009313,['900758004192772105'],,900758004192772105,
966356141711818752,1778130855000-632578958264631296-966356141711818752,1778130855000,1778131322000,1,4.04,0.752,5.372340425531915,632578958264631296,1778130855000,966356141711818752,RJ47GA4711,467000,1778131322000,1.9860023065623083,4.04,0.1000000000003638,0.7522736009705713,5.370386512018576,0.6224220112209667,1778130855000-632578958264631296-966356141711818752,3.7999999999883585,,,,
1127222273418199040,1778153091000-632578958264631296-1127222273418199040,1778153091000,1778153431000,1,4.029,0.841,4.7907253269916765,632578958264631296,1778153091000,1127222273418199040,RJ47GA3844,340000,1778153431000,2.219277008933873,4.029,0.08805555555555555,0.8406352306567701,4.792804123677079,0.8406352306567701,1778153091000-632578958264631296-1127222273418199040,3.5,,,,
1535695002116554752,1778171140000-632578958264631296-1535695002116554752,1778171140000,1778171825000,1,4.028,1.233,3.266828872668288,632578958264631296,1778171140000,1535695002116554752,NL01AK7895,685000,1778171825000,3.25500721197531,4.028,0.15000000000000568,1.232957277263375,3.266942070320875,1.232957277263375,1778171140000-632578958264631296-1535695002116554752,3.824999999999818,,,,
1486716779844599808,1778147158000-632578958264631296-1486716779844599808,1778147158000,1778147928000,1,4.015,1.734,2.3154555940023065,632578958264631296,1778147158000,1486716779844599808,NL01AK3100,770000,1778147928000,4.578466106156686,4.015,0.20000000000004547,1.7342674644532898,2.3150984967971406,1.7342674644532898,1778147158000-632578958264631296-1486716779844599808,4.125,,,,
1152269356621627392,1778162683000-632578958264631296-1152269356621627392,1778162683000,1778163649000,1,4.013,3.571,1.123774852982358,632578958264631296,1778162683000,1152269356621627392,RJ47GA6374,966000,1778163649000,9.427072177871151,4.013,0.25,3.5708606734360417,1.1238187000274396,3.570860673436042,1778162683000-632578958264631296-1152269356621627392,4.0,,,,
1073277847704961024,1778160144000-632578958264631296-1073277847704961024,1778160144000,1778161513000,1,4.008,2.523,1.5885850178359096,632578958264631296,1778160144000,1073277847704961024,RJ47GA3542,1369000,1778161513000,6.661379312959472,4.008,0.3500000000003638,2.5232497397573757,1.588427786932177,2.5232497397573757,1778160144000-632578958264631296-1073277847704961024,4.25,,,,
871764525957775360,1778118902000-632578958264631296-871764525957775360,1778118902000,1778120834000,1,3.998,3.427,1.1666180332652467,632578958264631296,1778118902000,871764525957775360,RJ47GA4671,1932000,1778120834000,9.046248323936439,3.998,0.3999999999996362,3.426609213612287,1.1667510797898546,3.426609213612287,1778118902000-632578958264631296-871764525957775360,4.2000000000116415,,,,0.0
1362453820235317248,1778146360000-632578958264631296-1362453820235317248,1778146360000,1778147791000,1,3.997,2.747,1.4550418638514744,632578958264631296,1778146360000,1362453820235317248,NL01AJ4179,1431000,1778147791000,7.252281546705753,3.997,0.34999999999990905,2.7470763434491485,1.4550014270740959,2.7470763434491485,1778146360000-632578958264631296-1362453820235317248,4.25,,,,
1067776159577538560,1778127367000-632578958264631296-1067776159577538560,1778127367000,1778128242000,1,3.956,1.631,2.4255058246474555,632578958264631296,1778127367000,1067776159577538560,RJ14GP9561,875000,1778128242000,4.3049636389096575,3.956,0.1999999999998181,1.6306680450415367,2.425999584666683,1.6306680450415367,1778127367000-632578958264631296-1067776159577538560,4.0,,,,
946032744595456000,1778156692000-632578958264631296-946032744595456000,1778156692000,1778157084000,1,3.952,1.055,3.7459715639810427,632578958264631296,1778156692000,946032744595456000,RJ47GA3516,392000,1778157084000,2.7844373208510644,3.952,0.10669083333333333,1.0547111063829788,3.746997614875764,1.0547111063829788,1778156692000-632578958264631296-946032744595456000,3.0,,,,
946032945880104960,1778149910000-632578958264631296-946032945880104960,1778149910000,1778150679000,1,3.945,2.844,1.3871308016877637,632578958264631296,1778149910000,946032945880104960,RJ47GA3760,769000,1778150679000,7.507007042912281,3.945,0.14999999999986358,2.843563273830409,1.387343842954444,2.843563273830409,1778149910000-632578958264631296-946032945880104960,3.75,,,,
1464286808345935872,1778118869000-632578958264631296-1464286808345935872,1778118869000,1778119210000,1,3.933,1.746,2.252577319587629,632578958264631296,1778118869000,1464286808345935872,NL01AK1960,341000,1778119210000,4.609262198222222,3.933,0.0902275,1.7459326508417508,2.2526642125077494,1.7459326508417508,1778118869000-632578958264631296-1464286808345935872,3.0,,,,
1488129049464143872,1778131668000-632578958264631296-1488129049464143872,1778131668000,1778133085000,1,3.899,2.622,1.487032799389779,632578958264631296,1778131668000,1488129049464143872,NL01AK3098,1417000,1778133085000,6.922338254972422,3.899,0.34999999999990905,2.62209782385319,1.4869773219484215,2.62209782385319,1778131668000-632578958264631296-1488129049464143872,3.625,,,,
1373358446576926720,1778145021000-632578958264631296-1373358446576926720,1778145021000,1778146445000,1,3.894,0.404,9.638613861386139,632578958264631296,1778145021000,1373358446576926720,HR26EQ4539,1424000,1778146445000,1.0661636486977144,3.894,0.3774999999995998,0.40384986693095243,9.642197060982987,0.40384986693095243,1778145021000-632578958264631296-1373358446576926720,3.702000000019325,,,,
942426738309201920,1778142067000-632578958264631296-942426738309201920,1778142067000,1778142984000,1,3.885,0.941,4.128586609989373,632578958264631296,1778142067000,942426738309201920,RJ47GA2613,917000,1778142984000,2.483064007111111,3.885,0.1999999999989086,0.9405545481481481,4.130541931511736,0.940554548148148,1778142067000-632578958264631296-942426738309201920,3.375,,,,
1405141042860130304,1778163370000-632578958264631296-1405141042860130304,1778163370000,1778164638000,1,3.861,4.14,0.9326086956521741,632578958264631296,1778163370000,1405141042860130304,NL01AJ7418,1268000,1778164638000,10.930109716433806,3.861,0.34999999999990905,4.140193074406745,0.9325652042334401,4.140193074406745,1778163370000-632578958264631296-1405141042860130304,4.125,,,,
1067776159577538560,1778146845000-632578958264631296-1067776159577538560,1778146845000,1778147417000,1,3.852,1.128,3.414893617021277,632578958264631296,1778146845000,1067776159577538560,RJ14GP9561,572000,1778147417000,2.976936901324787,3.852,0.0999999999994543,1.127627614138177,3.4160213457915414,1.127627614138177,1778146845000-632578958264631296-1067776159577538560,3.7000000000116415,,,,
1046836268442320896,1778131702000-632578958264631296-1046836268442320896,1778131702000,1778132482000,1,3.85,2.49,1.5461847389558232,632578958264631296,1778131702000,1046836268442320896,RJ47GA2748,780000,1778132482000,6.572840629618424,3.85,0.1499999999996362,2.4897123597039483,1.5463633720554786,2.4897123597039483,1778131702000-632578958264631296-1046836268442320896,3.75,,,,
1422205727123963904,1778139024000-632578958264631296-1422205727123963904,1778139024000,1778139712000,1,3.821,1.02,3.746078431372549,632578958264631296,1778139024000,1422205727123963904,NL01AJ9006,688000,1778139712000,2.693857085637292,3.821,0.20000000000004547,1.0204004112262468,3.7446084477839303,1.0204004112262468,1778139024000-632578958264631296-1422205727123963904,3.875,,,,
860147487929794560,1778122921000-632578958264631296-860147487929794560,1778122921000,1778124204000,1,3.82,1.856,2.0581896551724137,632578958264631296,1778122921000,860147487929794560,RJ47GA4003,1283000,1778124204000,4.898835532205518,3.82,0.3000000000010914,1.8556195197748173,2.0586116708146958,1.855619519774817,1778122921000-632578958264631296-860147487929794560,2.75,,,,
1067774753596506112,1778139218000-632578958264631296-1067774753596506112,1778139218000,1778139855000,1,3.819,0.795,4.80377358490566,632578958264631296,1778139218000,1067774753596506112,RJ47GA6417,637000,1778139855000,2.098615313329729,3.819,0.1499999999996362,0.7949300429279276,4.804196336489763,0.7949300429279276,1778139218000-632578958264631296-1067774753596506112,3.6000000000058208,,,,
1132636843020386304,1778132614000-632578958264631296-1132636843020386304,1778132614000,1778133225000,1,3.809,1.077,3.5366759517177346,632578958264631296,1778132614000,1132636843020386304,RJ47GA4655,611000,1778133225000,2.8427393854508773,3.809,0.0999999999994543,1.0767952217616958,3.537348534820082,1.0767952217616958,1778132614000-632578958264631296-1132636843020386304,3.900000000023283,,,,
1478819140813717504,1778136984000-632578958264631296-1478819140813717504,1778136984000,1778137606000,1,3.795,1.309,2.899159663865546,632578958264631296,1778136984000,1478819140813717504,NL01AK3097,622000,1778137606000,3.455775691041666,3.795,0.1566436111111111,1.3090059435763886,2.8991465001537926,1.3090059435763886,1778136984000-632578958264631296-1478819140813717504,3.625,,,,
1462138214197231616,1778152094000-632578958264631296-1462138214197231616,1778152094000,1778152454000,1,3.787,0.99,3.8252525252525253,632578958264631296,1778152094000,1462138214197231616,RJ47GA5984,360000,1778152454000,2.6134455582446816,3.787,0.09803138888888889,0.9899414993351066,3.825478578828684,0.9899414993351066,1778152094000-632578958264631296-1462138214197231616,3.1999999999825377,,,,
1083726345994764288,1778167952000-632578958264631296-1083726345994764288,1778167952000,1778169020000,1,3.755,1.556,2.413239074550128,632578958264631296,1778167952000,1083726345994764288,RJ47GA6212,1068000,1778169020000,4.107973918791347,3.755,0.25,1.5560507268149042,2.413160403636806,1.5560507268149042,1778167952000-632578958264631296-1083726345994764288,3.8999999999941792,,,,
818154714091749376,1778125861000-632578958264631296-818154714091749376,1778125861000,1778126635000,1,3.746,1.303,2.8749040675364546,632578958264631296,1778125861000,818154714091749376,RJ47GA3069,774000,1778126635000,3.438607944444446,3.746,0.1499999999996362,1.3025030092592598,2.8760010329115246,1.3025030092592598,1778125861000-632578958264631296-818154714091749376,3.9899999999906868,['900758004201160718'],,900758004201160718,
1268614873160351744,1778156791000-632578958264631296-1268614873160351744,1778156791000,1778157450000,1,3.745,2.456,1.5248371335504887,632578958264631296,1778156791000,1268614873160351744,RJ47GA5515,659000,1778157450000,6.4835402752775,3.745,0.1499999999996362,2.455886467908144,1.5249076245734956,2.455886467908144,1778156791000-632578958264631296-1268614873160351744,3.900000000023283,,,,
1152269748554170368,1778150498000-632578958264631296-1152269748554170368,1778150498000,1778151168000,1,3.735,1.79,2.0865921787709496,632578958264631296,1778150498000,1152269748554170368,RJ14GQ0814,670000,1778151168000,4.724739388696742,3.735,0.1500000000005457,1.789674010869978,2.0869722515467384,1.7896740108699778,1778150498000-632578958264631296-1152269748554170368,3.6000000000058208,,,,
1422205727123963904,1778158474000-632578958264631296-1422205727123963904,1778158474000,1778159330000,1,3.722,0.946,3.9344608879492604,632578958264631296,1778158474000,1422205727123963904,NL01AJ9006,856000,1778159330000,2.4987049282997043,3.722,0.20000000000004547,0.9464791395074638,3.932469131793949,0.9464791395074638,1778158474000-632578958264631296-1422205727123963904,3.75,,,,
1486716779844599808,1778117374000-632578958264631296-1486716779844599808,1778117374000,1778118680000,1,3.697,1.803,2.050471436494731,632578958264631296,1778117374000,1486716779844599808,NL01AK3100,1306000,1778118680000,4.760969395807495,3.697,0.2999999999999545,1.8033974984119296,2.0500194789310595,1.8033974984119294,1778117374000-632578958264631296-1486716779844599808,3.75,,,,
873101078441230336,1778124287000-632578958264631296-873101078441230336,1778124287000,1778125340000,1,3.696,1.875,1.9712,632578958264631296,1778124287000,873101078441230336,RJ14GN0769,1053000,1778125340000,4.949326930616013,3.696,0.3000000000010914,1.8747450494757625,1.9714680676359262,1.8747450494757625,1778124287000-632578958264631296-873101078441230336,3.900000000023283,,,,0.0
876044057397166080,1778173285000-632578958264631296-876044057397166080,1778173285000,1778174378000,1,3.683,3.682,1.0002715915263443,632578958264631296,1778173285000,876044057397166080,RJ14GN1573,1093000,1778174378000,9.721420381549146,3.683,0.3000000000010914,3.6823562051322525,1.0001748323171045,3.6823562051322525,1778173285000-632578958264631296-876044057397166080,3.900000000023283,,,,1.375773958199188
939547788868321280,1778129323000-632578958264631296-939547788868321280,1778129323000,1778129754000,1,3.683,1.151,3.199826238053866,632578958264631296,1778129323000,939547788868321280,RJ14GH7603,431000,1778129754000,3.0391880053036733,3.683,0.0,1.151207577766543,3.199249267578125,0.001,1778129323000-632578958264631296-939547788868321280,,,,,
1073663863301341184,1778162677000-632578958264631296-1073663863301341184,1778162677000,1778163908000,1,3.635,2.573,1.4127477652545666,632578958264631296,1778162677000,1073663863301341184,RJ47GA3284,1231000,1778163908000,6.791845677419358,3.635,0.3000000000010914,2.572668817204302,1.4129296299980516,2.572668817204302,1778162677000-632578958264631296-1073663863301341184,3.75,,,,
873900831743672320,1778124265000-632578958264631296-873900831743672320,1778124265000,1778125216000,1,3.634,1.483,2.4504383007417396,632578958264631296,1778124265000,873900831743672320,RJ14GN1587,951000,1778125216000,3.9138263327968166,3.634,0.1999999999998181,1.4825099745442487,2.451248263012301,1.4825099745442487,1778124265000-632578958264631296-873900831743672320,3.7999999999883585,,,,0.0
946029440482148352,1778114523000-632578958264631296-946029440482148352,1778114523000,1778115908000,1,3.628,2.329,1.5577501073422069,632578958264631296,1778114523000,946029440482148352,RJ47GA3752,1385000,1778115908000,6.148684126512519,3.628,0.3500000000003638,2.3290470176183784,1.557718660274148,2.3290470176183784,1778114523000-632578958264631296-946029440482148352,3.875,,,,
1405177997576634368,1778139838000-632578958264631296-1405177997576634368,1778139838000,1778143807000,1,3.579,3.861,0.9269619269619269,632578958264631296,1778139838000,1405177997576634368,NL01AJ7420,3969000,1778143807000,10.192373485579953,3.579,1.050000000000182,3.860747532416649,0.9270225441961786,3.860747532416649,1778139838000-632578958264631296-1405177997576634368,4.125,,,,
870286624469024768,1778124199000-632578958264631296-870286624469024768,1778124199000,1778125372000,1,3.573,1.836,1.946078431372549,632578958264631296,1778124199000,870286624469024768,RJ47GA4517,1173000,1778125372000,4.8460939696721885,3.573,0.2000000000007276,1.8356416551788592,1.9464583351110856,1.8356416551788592,1778124199000-632578958264631296-870286624469024768,,,,,1.4719999999999882
1188144161019133952,1778150728000-632578958264631296-1188144161019133952,1778150728000,1778152820000,1,3.557,0.695,5.117985611510791,632578958264631296,1778150728000,1188144161019133952,RJ47GA6478,2092000,1778152820000,1.8350205064227187,3.557,0.0,0.6950835251601207,5.11737060546875,0.001,1778150728000-632578958264631296-1188144161019133952,3.1000000000058208,,,,
1345798361172672512,1778124483000-632578958264631296-1345798361172672512,1778124483000,1778125328000,1,3.544,1.239,2.860371267150928,632578958264631296,1778124483000,1345798361172672512,RJ47GA4005,845000,1778125328000,3.271572829634054,3.544,0.2000000000007276,1.2392321324371416,2.859835463619053,1.2392321324371416,1778124483000-632578958264631296-1345798361172672512,2.5,,,,
878252193440858112,1778123034000-632578958264631296-878252193440858112,1778123034000,1778123449000,1,3.511,0.811,4.329223181257706,632578958264631296,1778123034000,878252193440858112,RJ47GA1999,415000,1778123449000,2.1397221689774826,3.511,0.0,0.8105008215823797,4.331889501537217,0.8105008215823797,1778123034000-632578958264631296-878252193440858112,2.75,['900758004175994897'],,900758004175994897,
836966844580495360,1778152722000-632578958264631296-836966844580495360,1778152722000,1778153857000,1,3.5,1.431,2.4458420684835778,632578958264631296,1778152722000,836966844580495360,RJ47GA2578,1135000,1778153857000,3.777347521986803,3.5,0.25,1.4308134552980314,2.446160949241959,1.4308134552980314,1778152722000-632578958264631296-836966844580495360,3.779999999969732,['900758004192772103'],,900758004192772103,
946029060134273024,1778153003000-632578958264631296-946029060134273024,1778153003000,1778153193000,1,3.5,0.725,4.827586206896552,632578958264631296,1778153003000,946029060134273024,RJ47GA3571,190000,1778153193000,1.9135201253163834,3.5,0.05064916666666666,0.7248182292865089,4.828796874280195,0.34337711410934735,1778153003000-632578958264631296-946029060134273024,3.5,,,,
1073278104413143040,1778114634000-632578958264631296-1073278104413143040,1778114634000,1778115108000,1,3.489,1.757,1.9857712009106432,632578958264631296,1778114634000,1073278104413143040,RJ47GA3367,474000,1778115108000,4.639684594017096,3.489,0.1499999999996362,1.7574562856125362,1.985255638255582,1.7574562856125362,1778114634000-632578958264631296-1073278104413143040,2.5,,,,
1113484110199783424,1778146093000-632578958264631296-1113484110199783424,1778146093000,1778146665000,1,3.481,1.27,2.7409448818897637,632578958264631296,1778146093000,1113484110199783424,RJ47GA3920,572000,1778146665000,3.351825145140846,3.481,0.09999999999854481,1.2696307367957749,2.741742066504438,1.2696307367957749,1778146093000-632578958264631296-1113484110199783424,2.625,,,,
933416236518211584,1778121940000-632578958264631296-933416236518211584,1778121940000,1778122531000,1,3.481,0.97,3.588659793814433,632578958264631296,1778121940000,933416236518211584,RJ47GA4043,591000,1778122531000,2.5596129339814815,3.481,0.1000000000003638,0.9695503537808641,3.5903240986148606,0.9695503537808641,1778121940000-632578958264631296-933416236518211584,3.5,,,,
1500136074981146624,1778134554000-632578958264631296-1500136074981146624,1778134554000,1778134971000,1,3.447,0.876,3.934931506849315,632578958264631296,1778134554000,1500136074981146624,NL01AK3122,417000,1778134971000,2.3120145155555556,3.447,0.10000000000002274,0.875763074074074,3.935996049667247,0.875763074074074,1778134554000-632578958264631296-1500136074981146624,3.5,,,,
786246735176400896,1778134638000-632578958264631296-786246735176400896,1778134638000,1778135008000,1,3.403,1.546,2.201164294954722,632578958264631296,1778134638000,786246735176400896,RJ47GA3340,370000,1778135008000,4.082308888888888,3.403,0.10055555555555555,1.5463291245791242,2.20069579361135,1.5463291245791244,1778134638000-632578958264631296-786246735176400896,2.629999999946449,['900758004226326541'],,900758004226326541,
1476549765217910784,1778132186000-632578958264631296-1476549765217910784,1778132186000,1778132560000,1,3.388,1.848,1.8333333333333333,632578958264631296,1778132186000,1476549765217910784,NL01AK3042,374000,1778132560000,4.8779574038530615,3.388,0.09555555555555556,1.8477111378231292,1.833619947754146,1.8477111378231292,1778132186000-632578958264631296-1476549765217910784,2.875,,,,
1350071704793120768,1778158807000-632578958264631296-1350071704793120768,1778158807000,1778159549000,1,3.387,1.329,2.5485327313769752,632578958264631296,1778158807000,1350071704793120768,RJ47GA3451,742000,1778159549000,3.508284737543859,3.387,0.2000000000007276,1.3288957339181284,2.548732691024403,1.3288957339181284,1778158807000-632578958264631296-1350071704793120768,3.5,,,,
1075729411988258816,1778148809000-632578958264631296-1075729411988258816,1778148809000,1778149314000,1,3.382,0.319,10.601880877742946,632578958264631296,1778148809000,1075729411988258816,RJ36GA7279,505000,1778149314000,0.8424567341379309,3.382,0.0,0.3191123992946708,10.59814663258207,0.3191123992946708,1778148809000-632578958264631296-1075729411988258816,,,,,
1067765309810671616,1778134395000-632578958264631296-1067765309810671616,1778134395000,1778134876000,1,3.378,3.023,1.117433013562686,632578958264631296,1778134395000,1067765309810671616,RJ47GA6287,481000,1778134876000,7.979601511299433,3.378,0.0999999999994543,3.022576330037664,1.1175896424617033,3.022576330037664,1778134395000-632578958264631296-1067765309810671616,3.1000000000058208,,,,
1105914860262129664,1778152013000-632578958264631296-1105914860262129664,1778152013000,1778152642000,1,3.378,0.857,3.941656942823804,632578958264631296,1778152013000,1105914860262129664,RJ47GA3915,629000,1778152642000,2.2629212882204124,3.378,0.15000000000009095,0.8571671546289441,3.9408882873752784,0.8571671546289441,1778152013000-632578958264631296-1105914860262129664,3.25,,,,
1161574576161816576,1778108898000-632578958264631296-1161574576161816576,1778108898000,1778109860000,1,3.377,2.126,1.588428974600188,632578958264631296,1778108898000,1161574576161816576,RJ47GA6225,962000,1778109860000,5.613154646354084,3.377,0.1999999999998181,2.1261949418007893,1.588283338281219,2.1261949418007893,1778108898000-632578958264631296-1161574576161816576,3.5,,,,
1478688867300147200,1778134420000-632578958264631296-1478688867300147200,1778134420000,1778134841000,1,3.375,1.523,2.21602101116218,632578958264631296,1778134420000,1478688867300147200,NL01AK3095,421000,1778134841000,4.0201508104709,3.375,0.11104083333333334,1.5227843979056441,2.216334764554847,1.5227843979056441,1778134420000-632578958264631296-1478688867300147200,3.375,,,,
878252193440858112,1778155715000-632578958264631296-878252193440858112,1778155715000,1778156321000,1,3.358,0.805,4.171428571428572,632578958264631296,1778155715000,878252193440858112,RJ47GA1999,606000,1778156321000,2.1245529734206987,3.358,0.0,0.8047549141745071,4.172698968162914,0.8047549141745072,1778155715000-632578958264631296-878252193440858112,,['900758004175994897'],,900758004175994897,
943461119844941824,1778169622000-632578958264631296-943461119844941824,1778169622000,1778170338000,1,3.335,1.302,2.5614439324116742,632578958264631296,1778169622000,943461119844941824,RJ47GA3779,716000,1778170338000,3.437951955018726,3.335,0.1499999999996362,1.302254528416184,2.5609432927494313,1.302254528416184,1778169622000-632578958264631296-943461119844941824,3.375,,,,
1422205727123963904,1778122233000-632578958264631296-1422205727123963904,1778122233000,1778123122000,1,3.326,0.997,3.3360080240722167,632578958264631296,1778122233000,1422205727123963904,NL01AJ9006,889000,1778123122000,2.632879550534352,3.326,0.1999999999998181,0.9973028600508907,3.3349949481046104,0.9973028600508907,1778122233000-632578958264631296-1422205727123963904,3.375,,,,
1120316721542987776,1778153050000-632578958264631296-1120316721542987776,1778153050000,1778154143000,1,3.324,1.507,2.205706702057067,632578958264631296,1778153050000,1120316721542987776,RJ47GA6411,1093000,1778154143000,3.979616322648551,3.324,0.25,1.5074304252456632,2.205076893985534,1.5074304252456632,1778153050000-632578958264631296-1120316721542987776,3.400000000023283,,,,
1101157025884143616,1778109529000-632578958264631296-1101157025884143616,1778109529000,1778110498000,1,3.319,1.4,2.370714285714286,632578958264631296,1778109529000,1101157025884143616,RJ47GA5517,969000,1778110498000,3.6957224864605758,3.319,0.25,1.3998948812350664,2.37089230376483,1.3998948812350664,1778109529000-632578958264631296-1101157025884143616,3.2999999999883585,,,,
1050441880044568576,1778170279000-632578958264631296-1050441880044568576,1778170279000,1778171188000,1,3.296,1.786,1.8454647256438967,632578958264631296,1778170279000,1050441880044568576,RJ47GA3669,909000,1778171188000,4.716158909971786,3.296,0.1999999999989086,1.7864238295347672,1.8450268886406238,1.7864238295347672,1778170279000-632578958264631296-1050441880044568576,3.375,,,,
866245317551456256,1778128536000-632578958264631296-866245317551456256,1778128536000,1778129878000,1,3.292,1.82,1.8087912087912086,632578958264631296,1778128536000,866245317551456256,RJ47GA4410,1342000,1778129878000,4.8054789144044685,3.292,0.2999999999992724,1.820257164547147,1.8085356641455663,1.820257164547147,1778128536000-632578958264631296-866245317551456256,3.400000000023283,['900758004234715150'],,900758004234715150,0.0
1500484476822618112,1778153213000-632578958264631296-1500484476822618112,1778153213000,1778154421000,1,3.286,1.04,3.1596153846153845,632578958264631296,1778153213000,1500484476822618112,NL01AK3107,1208000,1778154421000,2.744848768452011,3.286,0.3000000000000682,1.0397154425954587,3.160480132715067,1.0397154425954587,1778153213000-632578958264631296-1500484476822618112,3.375,,,,
893821287409909760,1778174919000-632578958264631296-893821287409909760,1778174919000,1778175973000,1,3.267,1.038,3.1473988439306355,632578958264631296,1778174919000,893821287409909760,Rj14GH7541,1054000,1778175973000,2.7393894274442903,3.267,0.0,1.0376475103955645,3.148468017578125,0.001,1778174919000-632578958264631296-893821287409909760,,['900758004238909441'],,900758004238909441,
1467925946630668288,1778126249000-632578958264631296-1467925946630668288,1778126249000,1778126638000,1,3.265,1.316,2.481003039513678,632578958264631296,1778126249000,1467925946630668288,RJ47GA5320,389000,1778126638000,3.4752103609692693,3.265,0.10608694444444446,1.316367560973208,2.4803102847552263,1.316367560973208,1778126249000-632578958264631296-1467925946630668288,2.5,,,,
1177288436235632640,1778118549000-632578958264631296-1177288436235632640,1778118549000,1778118932000,1,3.26,0.77,4.233766233766233,632578958264631296,1778118549000,1177288436235632640,RJ14GP9555,383000,1778118932000,2.0333333914053418,3.26,0.08385416666666666,0.7702020421989931,4.232655616820256,0.7702020421989931,1778118549000-632578958264631296-1177288436235632640,2.5,,,,
1060533930890887168,1778160721000-632578958264631296-1060533930890887168,1778160721000,1778161184000,1,3.257,1.197,2.720969089390142,632578958264631296,1778160721000,1060533930890887168,RJ47GA5615,463000,1778161184000,3.16049036140113,3.257,0.0999999999994543,1.1971554399246704,2.720615795894427,1.1971554399246704,1778160721000-632578958264631296-1060533930890887168,3.3999999999941792,,,,
1422205521707925504,1778134865000-632578958264631296-1422205521707925504,1778134865000,1778137548000,1,3.247,2.12,1.5316037735849055,632578958264631296,1778134865000,1422205521707925504,NL01AJ9004,2683000,1778137548000,5.595517335438479,3.247,0.75,2.119514142211545,1.5319548642463943,2.119514142211545,1778134865000-632578958264631296-1422205521707925504,3.375,,,,
951563481520275456,1778110278000-632578958264631296-951563481520275456,1778110278000,1778110825000,1,3.239,1.03,3.144660194174757,632578958264631296,1778110278000,951563481520275456,RJ47GA1461,547000,1778110825000,2.7188629329400236,3.239,0.0,1.0298723230833422,3.145050048828125,0.001,1778110278000-632578958264631296-951563481520275456,,,,,
798236529196531712,1778145795000-632578958264631296-798236529196531712,1778145795000,1778146447000,1,3.229,1.219,2.648892534864643,632578958264631296,1778145795000,798236529196531712,RJ47GA3075,652000,1778146447000,3.218575047346155,3.229,0.1499999999996362,1.2191572149038465,2.6485509502190556,1.2191572149038465,1778145795000-632578958264631296-798236529196531712,3.150000000023283,['900758004205355009'],,900758004205355009,
970288452387995648,1778161320000-632578958264631296-970288452387995648,1778161320000,1778161769000,1,3.228,0.684,4.719298245614035,632578958264631296,1778161320000,970288452387995648,RJ47GA3399,449000,1778161769000,1.806667218358383,3.228,0.10342694444444445,0.6843436433175693,4.71692844891678,0.4832180673758864,1778161320000-632578958264631296-970288452387995648,2.0,,,,
1050036657417355264,1778151169000-632578958264631296-1050036657417355264,1778151169000,1778152800000,1,3.215,2.07,1.5531400966183575,632578958264631296,1778151169000,1050036657417355264,RJ47GA5830,1631000,1778152800000,5.466025174265665,3.215,0.4499999999998181,2.0704640811612367,1.5527919702895019,2.0704640811612367,1778151169000-632578958264631296-1050036657417355264,3.3999999999941792,,,,
1127222273418199040,1778153468000-632578958264631296-1127222273418199040,1778153468000,1778153729000,1,3.215,0.669,4.8056801195814645,632578958264631296,1778153468000,1127222273418199040,RJ47GA3844,261000,1778153729000,1.7671580441935488,3.215,0.068125,0.6693780470430108,4.802965998365674,0.6693780470430108,1778153468000-632578958264631296-1127222273418199040,2.5,,,,
1428366867084345344,1778152344000-632578958264631296-1428366867084345344,1778152344000,1778152800000,1,3.191,1.491,2.140174379610999,632578958264631296,1778152344000,1428366867084345344,NL01AJ9498,456000,1778152800000,3.9372288787202385,3.191,0.0500000000001819,1.4913745752728176,2.1396368510682633,1.4913745752728176,1778152344000-632578958264631296-1428366867084345344,3.25,,,,
1373358446576926720,1778144173000-632578958264631296-1373358446576926720,1778144173000,1778144541000,1,3.184,0.256,12.4375,632578958264631296,1778144173000,1373358446576926720,HR26EQ4539,368000,1778144541000,0.6771055354758095,3.184,0.09666666666635138,0.2564793694984127,12.414253849059408,0.2564793694984127,1778144173000-632578958264631296-1373358446576926720,2.980999999999767,,,,
1060533930890887168,1778153116000-632578958264631296-1060533930890887168,1778153116000,1778153595000,1,3.174,1.234,2.572123176661264,632578958264631296,1778153116000,1060533930890887168,RJ47GA5615,479000,1778153595000,3.25821188462887,3.174,0.1000000000003638,1.2341711684200265,2.57176644635389,1.2341711684200265,1778153116000-632578958264631296-1060533930890887168,3.3000000000174623,,,,
798236529196531712,1778144236000-632578958264631296-798236529196531712,1778144236000,1778145094000,1,3.154,0.934,3.3768736616702353,632578958264631296,1778144236000,798236529196531712,RJ47GA3075,858000,1778145094000,2.465642308831417,3.154,0.1999999999989086,0.9339554200119005,3.37703484815133,0.9339554200119005,1778144236000-632578958264631296-798236529196531712,3.4600000000209548,['900758004205355009'],,900758004205355009,
1462138214197231616,1778129662000-632578958264631296-1462138214197231616,1778129662000,1778130171000,1,3.145,0.833,3.7755102040816326,632578958264631296,1778129662000,1462138214197231616,RJ47GA5984,509000,1778130171000,2.199984034338983,3.145,0.0999999999994543,0.8333272857344631,3.7740273885645252,0.8333272857344631,1778129662000-632578958264631296-1462138214197231616,2.5,,,,
952162532812914688,1778160544000-632578958264631296-952162532812914688,1778160544000,1778160980000,1,3.121,0.85,3.671764705882353,632578958264631296,1778160544000,952162532812914688,RJ47GA4523,436000,1778160980000,2.2452811139215685,3.121,0.0,0.8504852704248365,3.669669668048443,0.8504852704248365,1778160544000-632578958264631296-952162532812914688,2.875,,,,
1083726423769743360,1778117291000-632578958264631296-1083726423769743360,1778117291000,1778117987000,1,3.101,2.193,1.4140446876424988,632578958264631296,1778117291000,1083726423769743360,RJ47GA6331,696000,1778117987000,5.790838208017085,3.101,0.1500000000005457,2.1934993212185927,1.4137227990010262,2.1934993212185927,1778117291000-632578958264631296-1083726423769743360,2.6999999999825377,,,,
863411203819438080,1778161679000-632578958264631296-863411203819438080,1778161679000,1778162157000,1,3.08,1.23,2.504065040650407,632578958264631296,1778161679000,863411203819438080,RJ47GA4438,478000,1778162157000,3.2472600271493213,3.08,0.11638888888888889,1.230022737556561,2.504018751814635,1.230022737556561,1778161679000-632578958264631296-863411203819438080,3.1000000000058208,['829378564599054336'],,829378564599054336,0.18399999999999936
1127222273418199040,1778151164000-632578958264631296-1127222273418199040,1778151164000,1778151417000,1,3.036,0.596,5.093959731543625,632578958264631296,1778151164000,1127222273418199040,RJ47GA3844,253000,1778151417000,1.5740907283735912,3.036,0.0659125,0.5962464880202997,5.091853890964364,0.4959805496168581,1778151164000-632578958264631296-1127222273418199040,2.5,,,,
1536014556927623168,1778123989000-632578958264631296-1536014556927623168,1778123989000,1778126716000,1,3.029,1.918,1.5792492179353494,632578958264631296,1778123989000,1536014556927623168,NL01AK9196,2727000,1778126716000,5.062630316193862,3.029,0.700000000000017,1.9176629985582807,1.5795267480663882,1.9176629985582807,1778123989000-632578958264631296-1536014556927623168,3.0949999999998,,,,
1152270574152581120,1778141886000-632578958264631296-1152270574152581120,1778141886000,1778142629000,1,3.027,0.965,3.1367875647668395,632578958264631296,1778141886000,1152270574152581120,RJ47GA5213,743000,1778142629000,2.5488654388172036,3.027,0.1999999999998181,0.9654793328853043,3.135230239423051,0.9654793328853042,1778141886000-632578958264631296-1152270574152581120,3.099999999976717,,,,
857602255610707968,1778165918000-632578958264631296-857602255610707968,1778165918000,1778166468000,1,3.025,0.782,3.8682864450127874,632578958264631296,1778165918000,857602255610707968,RJ47GA4334,550000,1778166468000,2.0634532601242945,3.025,0.13027777777777777,0.7816110833804146,3.8702112397345765,0.7816110833804146,1778165918000-632578958264631296-857602255610707968,3.0,['900758004230520839'],,900758004230520839,0.0
951882940915122176,1778121657000-632578958264631296-951882940915122176,1778121657000,1778122076000,1,3.025,1.1,2.7499999999999996,632578958264631296,1778121657000,951882940915122176,RJ47GA3386,419000,1778122076000,2.9034301577614374,3.025,0.10976888888888889,1.099784150667211,2.750539729241242,1.099784150667211,1778121657000-632578958264631296-951882940915122176,3.125,,,,
926835749754503168,1778141087000-632578958264631296-926835749754503168,1778141087000,1778141503000,1,3.007,1.042,2.885796545105566,632578958264631296,1778141087000,926835749754503168,RJ47GA2702,416000,1778141503000,2.7504645831796695,3.007,0.10094805555555555,1.041842645143814,2.886232401808547,1.041842645143814,1778141087000-632578958264631296-926835749754503168,2.125,,,,
946031139108159488,1778121576000-632578958264631296-946031139108159488,1778121576000,1778122004000,1,2.953,1.011,2.920870425321464,632578958264631296,1778121576000,946031139108159488,RJ47GA3328,428000,1778122004000,2.668844562728593,2.953,0.11435222222222222,1.0109259707305276,2.9210843182375332,1.0109259707305276,1778121576000-632578958264631296-946031139108159488,2.875,,,,
1127222273418199040,1778152668000-632578958264631296-1127222273418199040,1778152668000,1778152928000,1,2.947,0.574,5.134146341463415,632578958264631296,1778152668000,1127222273418199040,RJ47GA3844,260000,1778152928000,1.5165119312107285,2.947,0.06791666666666667,0.5744363375798214,5.1302464819967915,0.5744363375798214,1778152668000-632578958264631296-1127222273418199040,2.25,,,,
1067775149379420160,1778162100000-632578958264631296-1067775149379420160,1778162100000,1778163200000,1,2.907,1.731,1.679376083188908,632578958264631296,1778162100000,1067775149379420160,RJ14GN1580,1100000,1778163200000,4.56947490375,2.907,0.0,1.7308617059659088,1.679510263575764,1.7308617059659088,1778162100000-632578958264631296-1067775149379420160,3.0,,,,
1079095062366781440,1778151151000-632578958264631296-1079095062366781440,1778151151000,1778151500000,1,2.904,1.262,2.301109350237718,632578958264631296,1778151151000,1079095062366781440,RJ47GA3439,349000,1778151500000,3.332650000830566,2.904,0.09053249999999999,1.2623674245570324,2.3004395895426564,1.2623674245570324,1778151151000-632578958264631296-1079095062366781440,2.625,,,,
1153273376152748032,1778096829000-632578958264631296-1153273376152748032,1778096829000,1778098118000,1,2.904,1.517,1.91430454845089,632578958264631296,1778096829000,1153273376152748032,RJ47GA6313,1289000,1778098118000,4.0038115182606555,2.904,0.3499999999994543,1.51659527206843,1.9148154115232987,1.51659527206843,1778096829000-632578958264631296-1153273376152748032,2.7999999999883585,,,,
1464286808345935872,1778142086000-632578958264631296-1464286808345935872,1778142086000,1778142329000,1,2.898,0.535,5.416822429906542,632578958264631296,1778142086000,1464286808345935872,NL01AK1960,243000,1778142329000,1.4124954670232386,2.898,0.04474638888888889,0.5350361617512267,5.416456320474783,0.2644968900966183,1778142086000-632578958264631296-1464286808345935872,,,,,
1500491887742550016,1778122712000-632578958264631296-1500491887742550016,1778122712000,1778123183000,1,2.897,0.946,3.0623678646934462,632578958264631296,1778122712000,1500491887742550016,NL01AK3121,471000,1778123183000,2.496796534169653,2.897,0.10000000000002274,0.9457562629430505,3.0631570876252767,0.9457562629430505,1778122712000-632578958264631296-1500491887742550016,2.5,,,,
1060579746913452032,1778151168000-632578958264631296-1060579746913452032,1778151168000,1778151538000,1,2.891,0.826,3.5,632578958264631296,1778151168000,1060579746913452032,RJ47GA3879,370000,1778151538000,2.1795321323034225,2.891,0.09641305555555556,0.8255803531452357,3.501779068489311,0.8255803531452357,1778151168000-632578958264631296-1060579746913452032,2.75,,,,
877447567619653632,1778163648000-632578958264631296-877447567619653632,1778163648000,1778164486000,1,2.89,1.491,1.9382964453386988,632578958264631296,1778163648000,877447567619653632,RJ14GN1570,838000,1778164486000,3.937374500418496,2.89,0.2000000000007276,1.491429735007006,1.937737951822735,1.491429735007006,1778163648000-632578958264631296-877447567619653632,2.800000000046566,,,,0.0
938815830156640256,1778168514000-632578958264631296-938815830156640256,1778168514000,1778169866000,1,2.871,2.566,1.1188620420888544,632578958264631296,1778168514000,938815830156640256,RJ47GA4710,1352000,1778169866000,6.7748644223958685,2.871,0.3500000000003638,2.5662365236347986,1.1187589193585075,2.5662365236347986,1778168514000-632578958264631296-938815830156640256,3.0,['1015966621438574603'],,,
947092625956012032,1778171462000-632578958264631296-947092625956012032,1778171462000,1778173112000,1,2.867,1.72,1.666860465116279,632578958264631296,1778171462000,947092625956012032,RJ47GA3398,1650000,1778173112000,4.539924314691874,2.867,0.3999999999996362,1.7196683010196494,1.66718197823386,1.7196683010196494,1778171462000-632578958264631296-947092625956012032,2.875,,,,
1184409623537385472,1778162733000-632578958264631296-1184409623537385472,1778162733000,1778164112000,1,2.861,1.798,1.5912124582869855,632578958264631296,1778162733000,1184409623537385472,RJ47GA6472,1379000,1778164112000,4.746851089107908,2.861,0.34516305555555554,1.7980496549651166,1.5911685153408657,1.7980496549651166,1778162733000-632578958264631296-1184409623537385472,2.8999999999941792,,,,
1109445504082640896,1778162490000-632578958264631296-1109445504082640896,1778162490000,1778163076000,1,2.856,0.585,4.8820512820512825,632578958264631296,1778162490000,1109445504082640896,RJ47GA4865,586000,1778163076000,1.544944066300958,2.856,0.04356361111111111,0.5852060857200598,4.8803320226683375,0.48524686050724636,1778162490000-632578958264631296-1109445504082640896,,,,,
1120316481867874304,1778168597000-632578958264631296-1120316481867874304,1778168597000,1778168839000,1,2.845,1.187,2.396798652064027,632578958264631296,1778168597000,1120316481867874304,RJ47GA6413,242000,1778168839000,3.1336097658730178,2.845,0.06199999999999999,1.1869733961640219,2.39685237191859,1.1869733961640219,1778168597000-632578958264631296-1120316481867874304,2.2999999999883585,,,,
1471165126924042240,1778162325000-632578958264631296-1471165126924042240,1778162325000,1778163188000,1,2.817,1.781,1.5816956765861878,632578958264631296,1778162325000,1471165126924042240,NL01AK2621,863000,1778163188000,4.702661013125387,2.817,0.20000000000004547,1.7813109898202222,1.5814195365652037,1.7813109898202222,1778162325000-632578958264631296-1471165126924042240,3.0,,,,
1083729116835872768,1778117628000-632578958264631296-1083729116835872768,1778117628000,1778118113000,1,2.814,1.171,2.403074295473954,632578958264631296,1778117628000,1083729116835872768,RJ47GA6361,485000,1778118113000,3.0904015651977423,2.814,0.1000000000003638,1.1706066534839932,2.4038817749966586,1.1706066534839932,1778117628000-632578958264631296-1083729116835872768,2.8000000000174623,,,,
1466797477431607296,1778136429000-632578958264631296-1466797477431607296,1778136429000,1778136898000,1,2.798,0.801,3.493133583021223,632578958264631296,1778136429000,1466797477431607296,NL01AK2192,469000,1778136898000,2.1142238671719853,2.798,0.12453611111111111,0.8008423739287823,3.4938211202206215,0.8008423739287823,1778136429000-632578958264631296-1466797477431607296,2.75,,,,
1454186236603269120,1778155054000-632578958264631296-1454186236603269120,1778155054000,1778156233000,1,2.792,1.603,1.7417342482844664,632578958264631296,1778155054000,1454186236603269120,Rj47GA5305,1179000,1778156233000,4.232043021025639,2.792,0.0,1.603046598873348,1.7416836179074715,1.603046598873348,1778155054000-632578958264631296-1454186236603269120,2.8000000000174623,,,,
862693652038680576,1778110097000-632578958264631296-862693652038680576,1778110097000,1778110833000,1,2.768,1.139,2.430201931518876,632578958264631296,1778110097000,862693652038680576,RJ47GA4378,736000,1778110833000,3.005976698640275,2.768,0.1999999999989086,1.1386275373637404,2.43099688806819,1.1386275373637404,1778110097000-632578958264631296-862693652038680576,2.900000000023283,['900758004234715138'],,900758004234715138,0.0920000000000013
1111626569580806144,1778161207000-632578958264631296-1111626569580806144,1778161207000,1778162312000,1,2.76,2.05,1.3463414634146342,632578958264631296,1778161207000,1111626569580806144,NL01AH6173,1105000,1778162312000,5.412991682342342,2.76,0.3000000000001819,2.050375637250887,1.3460948081204118,2.050375637250887,1778161207000-632578958264631296-1111626569580806144,2.625,,,,
1056588446363025408,1778135905000-632578958264631296-1056588446363025408,1778135905000,1778136313000,1,2.758,1.522,1.812089356110381,632578958264631296,1778135905000,1056588446363025408,RJ47GA3530,408000,1778136313000,4.0177695021680675,2.758,0.10669083333333333,1.521882387184874,1.8122293964526748,1.521882387184874,1778135905000-632578958264631296-1056588446363025408,1.875,,,,
1094588896550846464,1778163665000-632578958264631296-1094588896550846464,1778163665000,1778164464000,1,2.737,0.686,3.9897959183673466,632578958264631296,1778163665000,1094588896550846464,RJ47GA5976,799000,1778164464000,1.81036032770614,2.737,0.2000000000007276,0.6857425483735379,3.9912938266579614,0.6857425483735379,1778163665000-632578958264631296-1094588896550846464,2.6199999999953434,,,,
836966844580495360,1778127163000-632578958264631296-836966844580495360,1778127163000,1778127658000,1,2.703,1.048,2.5791984732824424,632578958264631296,1778127163000,836966844580495360,RJ47GA2578,495000,1778127658000,2.7663134234928104,2.703,0.13027777777777777,1.0478459937472766,2.5795775487327193,1.0478459937472766,1778127163000-632578958264631296-836966844580495360,2.519999999960419,['900758004192772103'],,900758004192772103,
1536014570613637120,1778162380000-632578958264631296-1536014570613637120,1778162380000,1778163223000,1,2.701,1.852,1.4584233261339092,632578958264631296,1778162380000,1536014570613637120,NL01AK9202,843000,1778163223000,4.890062194671454,2.701,0.20000000000000284,1.8522962858603993,1.4581900426072356,1.8522962858603993,1778162380000-632578958264631296-1536014570613637120,2.724999999999909,,,,
947583451614150656,1778120283000-632578958264631296-947583451614150656,1778120283000,1778120598000,1,2.696,1.178,2.2886247877758916,632578958264631296,1778120283000,947583451614150656,RJ47GA3784,315000,1778120598000,3.108912200370371,2.696,0.0,1.1776182577160497,2.289366679172247,1.1776182577160497,1778120283000-632578958264631296-947583451614150656,2.0,,,,
819592403370377216,1778133919000-632578958264631296-819592403370377216,1778133919000,1778136027000,1,2.686,0.462,5.813852813852813,632578958264631296,1778133919000,819592403370377216,RJ47GA3114,2108000,1778136027000,1.220582800419536,2.686,0.09892722222222221,0.4623419698558848,5.809552614998903,0.22545054797979794,1778133919000-632578958264631296-819592403370377216,2.419999999983702,['900758004209549319'],,900758004209549319,
1168836102002311168,1778156560000-632578958264631296-1168836102002311168,1778156560000,1778158424000,1,2.682,1.753,1.5299486594409584,632578958264631296,1778156560000,1168836102002311168,RJ47GA2649,1864000,1778158424000,4.628884222427132,2.682,0.5,1.7533652357678529,1.5296299625933152,1.7533652357678529,1778156560000-632578958264631296-1168836102002311168,2.625,,,,
1073966174624022528,1778173339000-632578958264631296-1073966174624022528,1778173339000,1778174947000,1,2.675,0.546,4.899267399267399,632578958264631296,1778173339000,1073966174624022528,RJ47GA6471,1608000,1778174947000,1.4406251385170887,2.675,0.0,0.5456913403473821,4.902038574218751,0.001,1778173339000-632578958264631296-1073966174624022528,2.7999999999883585,,,,
1067774958987378688,1778148322000-632578958264631296-1067774958987378688,1778148322000,1778148990000,1,2.669,2.176,1.2265625,632578958264631296,1778148322000,1067774958987378688,RJ47GA6419,668000,1778148990000,5.745856635783128,2.669,0.1499999999996362,2.1764608468875486,1.2263027859273499,2.1764608468875486,1778148322000-632578958264631296-1067774958987378688,2.6999999999825377,,,,
1535704124731949056,1778117167000-632578958264631296-1535704124731949056,1778117167000,1778117711000,1,2.623,1.582,1.6580278128950696,632578958264631296,1778117167000,1535704124731949056,NL01AK7898,544000,1778117711000,4.176818267628205,2.623,0.0999999999999659,1.5821281316773501,1.6578935343366483,1.5821281316773501,1778117167000-632578958264631296-1535704124731949056,2.4400000000005093,,,,
1187437506908389376,1778155812000-632578958264631296-1187437506908389376,1778155812000,1778157553000,1,2.621,2.171,1.2072777521879319,632578958264631296,1778155812000,1187437506908389376,RJ47GA6475,1741000,1778157553000,5.731575216190471,2.621,0.3999999999996362,2.1710512182539663,1.2072492707509213,2.1710512182539663,1778155812000-632578958264631296-1187437506908389376,2.7000000000116415,,,,
1176184196838719488,1778111942000-632578958264631296-1176184196838719488,1778111942000,1778112738000,1,2.619,1.783,1.4688726864834551,632578958264631296,1778111942000,1176184196838719488,RJ14GP9553,796000,1778112738000,4.708095448813348,2.619,0.1499999999996362,1.7833694881868742,1.4685683574539,1.7833694881868745,1778111942000-632578958264631296-1176184196838719488,2.1999999999825377,,,,
1144224275478085632,1778117348000-632578958264631296-1144224275478085632,1778117348000,1778118284000,1,2.582,1.02,2.5313725490196077,632578958264631296,1778117348000,1144224275478085632,NL01AG9586,936000,1778118284000,2.6917717665924124,2.582,0.0,1.019610517648641,2.532339511320891,1.009538223713236,1778117348000-632578958264631296-1144224275478085632,2.2999999999883585,,,,
1168836102002311168,1778158428000-632578958264631296-1168836102002311168,1778158428000,1778159473000,1,2.581,1.274,2.0259026687598114,632578958264631296,1778158428000,1168836102002311168,RJ47GA2649,1045000,1778159473000,3.364564855068549,2.581,0.25,1.2744563844956625,2.025177190368404,1.2744563844956625,1778158428000-632578958264631296-1168836102002311168,2.625,,,,
1385305291104452608,1778148998000-632578958264631296-1385305291104452608,1778148998000,1778149767000,1,2.578,0.928,2.77801724137931,632578958264631296,1778148998000,1385305291104452608,NL01AJ5692,769000,1778149767000,2.4487178291695906,2.578,0.15000000000009095,0.9275446322612085,2.779381078099972,0.9275446322612085,1778148998000-632578958264631296-1385305291104452608,2.625,,,,
1161574576161816576,1778130978000-632578958264631296-1161574576161816576,1778130978000,1778131856000,1,2.574,1.613,1.5957842529448232,632578958264631296,1778130978000,1161574576161816576,RJ47GA6225,878000,1778131856000,4.258701087137418,2.574,0.2000000000007276,1.6131443511884158,1.5956414552136728,1.6131443511884158,1778130978000-632578958264631296-1161574576161816576,2.7000000000116415,,,,
873568577507033088,1778122883000-632578958264631296-873568577507033088,1778122883000,1778123641000,1,2.556,1.317,1.9407744874715263,632578958264631296,1778122883000,873568577507033088,RJ14GN1578,758000,1778123641000,3.4765177997707912,2.556,0.09999999999854481,1.3168628029434815,1.940976686627317,1.3168628029434815,1778122883000-632578958264631296-873568577507033088,1.900000000023283,,,,0.0
1422205318414204928,1778165982000-632578958264631296-1422205318414204928,1778165982000,1778166712000,1,2.552,1.26,2.0253968253968253,632578958264631296,1778165982000,1422205318414204928,NL01AJ9002,730000,1778166712000,3.3263150249651,2.552,0.1499999999996362,1.2599678124867801,2.025448566787714,1.2599678124867801,1778165982000-632578958264631296-1422205318414204928,2.625,,,,
1073663863301341184,1778159803000-632578958264631296-1073663863301341184,1778159803000,1778160452000,1,2.531,1.248,2.028044871794872,632578958264631296,1778159803000,1073663863301341184,RJ47GA3284,649000,1778160452000,3.294891818590191,2.531,0.1499999999996362,1.2480650827993147,2.0279391154210966,1.2480650827993147,1778159803000-632578958264631296-1073663863301341184,2.375,,,,
1070334753032372224,1778122588000-632578958264631296-1070334753032372224,1778122588000,1778122998000,1,2.527,1.249,2.0232185748598877,632578958264631296,1778122588000,1070334753032372224,RJ47GA4000,410000,1778122998000,3.298315869184398,2.527,0.10368166666666667,1.2493620716607567,2.0226322355383335,1.2493620716607567,1778122588000-632578958264631296-1070334753032372224,2.5,['1096406669480427549'],,,
1536014618822967296,1778162195000-632578958264631296-1536014618822967296,1778162195000,1778163302000,1,2.523,1.011,2.495548961424333,632578958264631296,1778162195000,1536014618822967296,NL01AK9203,1107000,1778163302000,2.669943715519509,2.523,0.25,1.0113423164846624,2.4947042745820505,1.0113423164846624,1778162195000-632578958264631296-1536014618822967296,2.569999999999709,,,,
1536014618822967296,1778172077000-632578958264631296-1536014618822967296,1778172077000,1778173498000,1,2.52,1.969,1.2798374809547994,632578958264631296,1778172077000,1536014618822967296,NL01AK9203,1421000,1778173498000,5.198187848239066,2.52,0.3499999999999943,1.969010548575404,1.2798306244845878,1.969010548575404,1778172077000-632578958264631296-1536014618822967296,2.625,,,,
947092625956012032,1778162206000-632578958264631296-947092625956012032,1778162206000,1778162979000,1,2.517,0.787,3.198221092757306,632578958264631296,1778162206000,947092625956012032,RJ47GA3398,773000,1778162979000,2.077737899616858,2.517,0.1499999999996362,0.7870219316730521,3.1981319690156007,0.7870219316730521,1778162206000-632578958264631296-947092625956012032,2.5,,,,
1397607641592627200,1778149157000-632578958264631296-1397607641592627200,1778149157000,1778149682000,1,2.516,0.821,3.064555420219245,632578958264631296,1778149157000,1397607641592627200,NL01AJ6923,525000,1778149682000,2.1670445284313726,2.516,0.1317361111111111,0.8208502001633986,3.0651146817033905,0.8208502001633986,1778149157000-632578958264631296-1397607641592627200,2.0,,,,
1050035879038418944,1778169938000-632578958264631296-1050035879038418944,1778169938000,1778170758000,1,2.513,1.626,1.545510455104551,632578958264631296,1778169938000,1050035879038418944,RJ47GA6473,820000,1778170758000,4.293734389999998,2.513,0.20775,1.626414541666666,1.5451165343275932,1.626414541666666,1778169938000-632578958264631296-1050035879038418944,2.6000000000058208,,,,
947092625956012032,1778147188000-632578958264631296-947092625956012032,1778147188000,1778147862000,1,2.503,0.906,2.762693156732892,632578958264631296,1778147188000,947092625956012032,RJ47GA3398,674000,1778147862000,2.391551987309237,2.503,0.2000000000007276,0.9058909042838017,2.7630258656574926,0.9058909042838017,1778147188000-632578958264631296-947092625956012032,2.25,,,,
1120316481867874304,1778128140000-632578958264631296-1120316481867874304,1778128140000,1778128864000,1,2.492,1.699,1.466745144202472,632578958264631296,1778128140000,1120316481867874304,RJ47GA6413,724000,1778128864000,4.48465245285635,2.492,0.0999999999994543,1.6987319897183144,1.4669765537371355,1.6987319897183144,1778128140000-632578958264631296-1120316481867874304,2.3000000000174623,,,,
876044057397166080,1778112561000-632578958264631296-876044057397166080,1778112561000,1778112884000,1,2.49,1.136,2.1919014084507045,632578958264631296,1778112561000,876044057397166080,RJ14GN1573,323000,1778112884000,3.0001564697354492,2.49,0.06972222222222223,1.1364229052028216,2.1910857204656575,1.1364229052028216,1778112561000-632578958264631296-876044057397166080,2.5,,,,
784445514740400128,1778152918000-632578958264631296-784445514740400128,1778152918000,1778154257000,1,2.48,2.334,1.062553556126821,632578958264631296,1778152918000,784445514740400128,RJ47GA3182,1339000,1778154257000,6.1616113178050105,2.48,0.2999999999992724,2.333943680986746,1.062579195977644,2.333943680986746,1778152918000-632578958264631296-784445514740400128,2.529999999998836,,,,
1083729116835872768,1778128188000-632578958264631296-1083729116835872768,1778128188000,1778128892000,1,2.479,1.577,1.5719720989220038,632578958264631296,1778128188000,1083729116835872768,RJ47GA6361,704000,1778128892000,4.1639233539905955,2.479,0.1499999999996362,1.5772436946934072,1.5717292187253797,1.5772436946934072,1778128188000-632578958264631296-1083729116835872768,2.6000000000058208,,,,
1073966174624022528,1778149507000-632578958264631296-1073966174624022528,1778149507000,1778150145000,1,2.462,0.452,5.446902654867257,632578958264631296,1778149507000,1073966174624022528,RJ47GA6471,638000,1778150145000,1.192585807781038,2.462,0.0,0.4517370484019083,5.4500732421875,0.001,1778149507000-632578958264631296-1073966174624022528,2.1000000000058208,,,,
1357047782162038784,1778169917000-632578958264631296-1357047782162038784,1778169917000,1778170513000,1,2.454,1.372,1.7886297376093294,632578958264631296,1778169917000,1357047782162038784,NL01AJ3746,596000,1778170513000,3.6227330409736016,2.454,0.15000000000009095,1.372247364005152,1.7883073156996692,1.372247364005152,1778169917000-632578958264631296-1357047782162038784,2.5,,,,
1088511709141794816,1778150747000-632578958264631296-1088511709141794816,1778150747000,1778151194000,1,2.432,1.34,1.8149253731343282,632578958264631296,1778150747000,1088511709141794816,RJ47GA5905,447000,1778151194000,3.5365192050314485,2.432,0.10444444444444444,1.3395906079664577,1.8154800321359787,1.3395906079664577,1778150747000-632578958264631296-1088511709141794816,2.5,,,,
836966844580495360,1778127660000-632578958264631296-836966844580495360,1778127660000,1778129033000,1,2.413,1.758,1.3725824800910125,632578958264631296,1778127660000,836966844580495360,RJ47GA2578,1373000,1778129033000,4.641197322954248,2.413,0.3500000000003638,1.7580292889978213,1.3725596126874255,1.7580292889978213,1778127660000-632578958264631296-836966844580495360,2.4100000000325963,['900758004192772103'],,900758004192772103,
1120316721542987776,1778141672000-632578958264631296-1120316721542987776,1778141672000,1778143332000,1,2.408,2.453,0.9816551161842642,632578958264631296,1778141672000,1120316721542987776,RJ47GA6411,1660000,1778143332000,6.475280107389148,2.408,0.4499999999998181,2.4527576164352833,0.9817521241661327,2.4527576164352833,1778141672000-632578958264631296-1120316721542987776,2.5,,,,
947092625956012032,1778147867000-632578958264631296-947092625956012032,1778147867000,1778148347000,1,2.402,0.739,3.2503382949932345,632578958264631296,1778147867000,947092625956012032,RJ47GA3398,480000,1778148347000,1.952032260216573,2.402,0.09999999999854481,0.7394061591729443,3.2485528693549623,0.7394061591729443,1778147867000-632578958264631296-947092625956012032,2.125,,,,
926866983197081600,1778130878000-632578958264631296-926866983197081600,1778130878000,1778131249000,1,2.385,0.916,2.603711790393013,632578958264631296,1778130878000,926866983197081600,RJ47GA3435,371000,1778131249000,2.417869453933934,2.385,0.09777777777777777,0.9158596416416416,2.60411081737916,0.9158596416416416,1778130878000-632578958264631296-926866983197081600,1.625,,,,
1070334753032372224,1778121977000-632578958264631296-1070334753032372224,1778121977000,1778122411000,1,2.368,1.24,1.9096774193548387,632578958264631296,1778121977000,1070334753032372224,RJ47GA4000,434000,1778122411000,3.2733929411764713,2.368,0.11416666666666667,1.2399215686274512,1.9097982162059581,1.2399215686274512,1778121977000-632578958264631296-1070334753032372224,2.5,['1096406669480427549'],,,
1050035879038418944,1778154019000-632578958264631296-1050035879038418944,1778154019000,1778155115000,1,2.367,1.283,1.8448947778643805,632578958264631296,1778154019000,1050035879038418944,RJ47GA6473,1096000,1778155115000,3.3871768010072696,2.367,0.29604083333333336,1.2830215155330567,1.844863840039801,1.2830215155330567,1778154019000-632578958264631296-1050035879038418944,2.3999999999941792,,,,
1079095785133441024,1778153694000-632578958264631296-1079095785133441024,1778153694000,1778154734000,1,2.365,2.265,1.044150110375276,632578958264631296,1778153694000,1079095785133441024,RJ47GA3363,1040000,1778154734000,5.980283055534559,2.365,0.25,2.26525873315703,1.0440308497140032,2.26525873315703,1778153694000-632578958264631296-1079095785133441024,,,,,
939139369715892224,1778151473000-632578958264631296-939139369715892224,1778151473000,1778152526000,1,2.365,2.218,1.0662759242560866,632578958264631296,1778151473000,939139369715892224,RJ47GA3427,1053000,1778152526000,5.855984075540719,2.365,0.25,2.2181757861896663,1.0661914239279229,2.2181757861896663,1778151473000-632578958264631296-939139369715892224,2.5,,,,
1362128357327634432,1778140933000-632578958264631296-1362128357327634432,1778140933000,1778141558000,1,2.358,1.705,1.3829912023460411,632578958264631296,1778140933000,1362128357327634432,NL01AJ4203,625000,1778141558000,4.502097177134832,2.358,0.15000000000009095,1.7053398398238,1.382715600102109,1.7053398398238,1778140933000-632578958264631296-1362128357327634432,2.375,,,,
1131571393566081024,1778151470000-632578958264631296-1131571393566081024,1778151470000,1778153175000,1,2.355,0.48,4.90625,632578958264631296,1778151470000,1131571393566081024,RJ47GA1964,1705000,1778153175000,1.2674873332021757,2.355,0.0,0.48010883833415746,4.9051377770323645,0.2945387964071119,1778151470000-632578958264631296-1131571393566081024,2.125,,,,
935627425390264320,1778118711000-632578958264631296-935627425390264320,1778118711000,1778119385000,1,2.354,1.167,2.0171379605826907,632578958264631296,1778118711000,935627425390264320,RJ47GA4714,674000,1778119385000,3.0812256462109833,2.354,0.1499999999996362,1.1671309265950693,2.016911681766025,1.1671309265950693,1778118711000-632578958264631296-935627425390264320,2.400000000008731,,,,
944590362620461056,1778151955000-632578958264631296-944590362620461056,1778151955000,1778152497000,1,2.328,0.464,5.017241379310344,632578958264631296,1778151955000,944590362620461056,RJ47GA3517,542000,1778152497000,1.2258449272948715,2.328,0.1000000000003638,0.4643351997329059,5.013619474334722,0.46433519973290593,1778151955000-632578958264631296-944590362620461056,2.25,,,,
926866983197081600,1778139715000-632578958264631296-926866983197081600,1778139715000,1778140534000,1,2.321,0.831,2.7930204572803854,632578958264631296,1778139715000,926866983197081600,RJ47GA3435,819000,1778140534000,2.1950431315528784,2.321,0.1500000000014552,0.8314557316488176,2.791489566615102,0.8314557316488176,1778139715000-632578958264631296-926866983197081600,2.125,,,,
939139369715892224,1778165285000-632578958264631296-939139369715892224,1778165285000,1778165817000,1,2.317,0.62,3.7370967741935486,632578958264631296,1778165285000,939139369715892224,RJ47GA3427,532000,1778165817000,1.6358799560199007,2.317,0.1000000000003638,0.6196514984923865,3.7391985747428453,0.6196514984923865,1778165285000-632578958264631296-939139369715892224,2.375,,,,
1083726613264203776,1778168377000-632578958264631296-1083726613264203776,1778168377000,1778169348000,1,2.311,1.851,1.2485143165856294,632578958264631296,1778168377000,1083726613264203776,RJ47GA6345,971000,1778169348000,4.886145405120449,2.311,0.25,1.8508126534547156,1.2486406961214045,1.8508126534547158,1778168377000-632578958264631296-1083726613264203776,2.5,,,,
1294704486559776768,1778134762000-632578958264631296-1294704486559776768,1778134762000,1778135103000,1,2.308,1.193,1.934618608549874,632578958264631296,1778134762000,1294704486559776768,NL01AH7659,341000,1778135103000,3.1491466927659575,2.308,0.08881861111111111,1.192858595744681,1.9348479427766168,1.192858595744681,1778134762000-632578958264631296-1294704486559776768,2.25,,,,
1385305434218299392,1778098940000-632578958264631296-1385305434218299392,1778098940000,1778100084000,1,2.304,1.257,1.8329355608591886,632578958264631296,1778098940000,1385305434218299392,NL01AJ5697,1144000,1778100084000,3.317645193992006,2.304,0.25,1.2566837856030326,1.8333967752232927,1.2566837856030326,1778098940000-632578958264631296-1385305434218299392,2.375,,,,
1073201833905750016,1778117945000-632578958264631296-1073201833905750016,1778117945000,1778118511000,1,2.302,0.628,3.6656050955414012,632578958264631296,1778117945000,1073201833905750016,RJ47GA5838,566000,1778118511000,1.65775731803653,2.302,0.1500000000005457,0.6279383780441401,3.6659648151624586,0.6279383780441401,1778117945000-632578958264631296-1073201833905750016,2.2250000000058208,,,,
946026878085365760,1778140844000-632578958264631296-946026878085365760,1778140844000,1778141508000,1,2.297,1.566,1.4667943805874841,632578958264631296,1778140844000,946026878085365760,RJ47GA4715,664000,1778141508000,4.135234934764425,2.297,0.1499999999996362,1.5663768692289488,1.4664414708388165,1.5663768692289488,1778140844000-632578958264631296-946026878085365760,2.3000000000174623,,,,
947104127047958528,1778108533000-632578958264631296-947104127047958528,1778108533000,1778108775000,1,2.284,0.691,3.305354558610709,632578958264631296,1778108533000,947104127047958528,RJ47GA1393,242000,1778108775000,1.823362208892416,2.284,0.0,0.6906675033683394,3.30694580078125,0.001,1778108533000-632578958264631296-947104127047958528,,,,,
943818921138454528,1778134874000-632578958264631296-943818921138454528,1778134874000,1778135608000,1,2.282,0.732,3.1174863387978142,632578958264631296,1778134874000,943818921138454528,RJ47GA3904,734000,1778135608000,1.933760188198503,2.282,0.1499999999996362,0.7324849197721601,3.1154225000424822,0.7324849197721601,1778134874000-632578958264631296-943818921138454528,2.5,,,,
1268614873160351744,1778123716000-632578958264631296-1268614873160351744,1778123716000,1778124010000,1,2.28,1.183,1.9273034657650039,632578958264631296,1778123716000,1268614873160351744,RJ47GA5515,294000,1778124010000,3.1233395911375657,2.28,0.06986111111111111,1.183083178461199,1.9271679637652592,1.183083178461199,1778123716000-632578958264631296-1268614873160351744,2.0,,,,
944571594812948480,1778129133000-632578958264631296-944571594812948480,1778129133000,1778129782000,1,2.249,0.693,3.245310245310246,632578958264631296,1778129133000,944571594812948480,RJ47GA2733,649000,1778129782000,1.8286684279487182,2.249,0.0,0.6926774348290599,3.2468215173705093,0.6926774348290599,1778129133000-632578958264631296-944571594812948480,,,,,
951563481520275456,1778168073000-632578958264631296-951563481520275456,1778168073000,1778168706000,1,2.241,0.68,3.2955882352941175,632578958264631296,1778168073000,951563481520275456,RJ47GA1461,633000,1778168706000,1.7947319180136647,2.241,0.0,0.6798226962172972,3.29644775390625,0.001,1778168073000-632578958264631296-951563481520275456,,,,,
1073201833905750016,1778117063000-632578958264631296-1073201833905750016,1778117063000,1778117853000,1,2.213,0.71,3.1169014084507043,632578958264631296,1778117063000,1073201833905750016,RJ47GA5838,790000,1778117853000,1.874229047720831,2.213,0.1999999999998181,0.7099352453487996,3.1171857074270584,0.7099352453487996,1778117063000-632578958264631296-1073201833905750016,2.23499999998603,,,,
1476549765217910784,1778131347000-632578958264631296-1476549765217910784,1778131347000,1778131627000,1,2.21,1.141,1.936897458369851,632578958264631296,1778131347000,1476549765217910784,NL01AK3042,280000,1778131627000,3.0120698778412702,2.21,0.06863527777777777,1.14093555978836,1.9370068546289751,1.14093555978836,1778131347000-632578958264631296-1476549765217910784,2.0,,,,
1422205425331208192,1778141125000-632578958264631296-1422205425331208192,1778141125000,1778141580000,1,2.207,1.846,1.1955579631635969,632578958264631296,1778141125000,1422205425331208192,NL01AJ9003,455000,1778141580000,4.874578159321808,2.207,0.12381944444444444,1.8464311209552302,1.1952788137898334,1.8464311209552302,1778141125000-632578958264631296-1422205425331208192,1.75,,,,
1094226815196594176,1778163053000-632578958264631296-1094226815196594176,1778163053000,1778163829000,1,2.199,1.116,1.9704301075268813,632578958264631296,1778163053000,1094226815196594176,RJ14GP9552,776000,1778163829000,2.9458654389768593,2.199,0.1999999999998181,1.115858120824568,1.970680643857339,1.115858120824568,1778163053000-632578958264631296-1094226815196594176,2.2000000000116415,,,,
1479440816106635264,1778136334000-632578958264631296-1479440816106635264,1778136334000,1778137264000,1,2.148,0.726,2.9586776859504136,632578958264631296,1778136334000,1479440816106635264,NL01AK3099,930000,1778137264000,1.9159867330851774,2.148,0.20000000000004547,0.725752550411052,2.959686464461496,0.725752550411052,1778136334000-632578958264631296-1479440816106635264,2.25,,,,
927171595435245568,1778122235000-632578958264631296-927171595435245568,1778122235000,1778122640000,1,2.146,1.14,1.8824561403508773,632578958264631296,1778122235000,927171595435245568,RJ47GA3670,405000,1778122640000,3.00905045132831,2.146,0.10448972222222223,1.1397918376243599,1.8827999369366033,1.1397918376243599,1778122235000-632578958264631296-927171595435245568,1.5,,,,
873570129613422592,1778120597000-632578958264631296-873570129613422592,1778120597000,1778120909000,1,2.141,0.539,3.9721706864564004,632578958264631296,1778120597000,873570129613422592,RJ14GN1954,312000,1778120909000,1.4220070845502646,2.141,0.08208333333333333,0.5386390471781305,3.974832517650658,0.5386390471781305,1778120597000-632578958264631296-873570129613422592,1.900000000023283,,,,
1105914860262129664,1778159710000-632578958264631296-1105914860262129664,1778159710000,1778160400000,1,2.127,0.654,3.252293577981651,632578958264631296,1778159710000,1105914860262129664,RJ47GA3915,690000,1778160400000,1.7253002871313834,2.127,0.15000000000009095,0.6535228360346149,3.254668211605294,0.6535228360346149,1778159710000-632578958264631296-1105914860262129664,2.125,,,,
1477629515881512960,1778125692000-632578958264631296-1477629515881512960,1778125692000,1778127078000,1,2.125,1.02,2.0833333333333335,632578958264631296,1778125692000,1477629515881512960,NL01AK3041,1386000,1778127078000,2.692814358506476,2.125,0.3500000000001364,1.0200054388282105,2.0833222246748164,1.0200054388282105,1778125692000-632578958264631296-1477629515881512960,2.125,,,,
790193276584984576,1778121597000-632578958264631296-790193276584984576,1778121597000,1778122091000,1,2.114,0.916,2.3078602620087336,632578958264631296,1778121597000,790193276584984576,RJ47GA2477,494000,1778122091000,2.4169903590853665,2.114,0.13006944444444443,0.9155266511686995,2.3090534800941187,0.9155266511686995,1778121597000-632578958264631296-790193276584984576,2.2000000000116415,['841055114193010688'],,841055114193010688,
946033560920260608,1778129748000-632578958264631296-946033560920260608,1778129748000,1778131014000,1,2.092,0.676,3.094674556213018,632578958264631296,1778129748000,946033560920260608,RJ47GA2639,1266000,1778131014000,1.7835718348170608,2.092,0.0,0.6755953919761594,3.0965279290623453,0.6755953919761594,1778129748000-632578958264631296-946033560920260608,2.0,,,,
1073201833905750016,1778157463000-632578958264631296-1073201833905750016,1778157463000,1778158508000,1,2.088,1.589,1.314033983637508,632578958264631296,1778157463000,1073201833905750016,RJ47GA5838,1045000,1778158508000,4.196004053821633,2.088,0.25,1.5893954749324366,1.3137070244199347,1.5893954749324364,1778157463000-632578958264631296-1073201833905750016,2.1900000000023283,,,,
1067776270814674944,1778140418000-632578958264631296-1067776270814674944,1778140418000,1778141233000,1,2.085,1.709,1.2200117027501463,632578958264631296,1778140418000,1067776270814674944,RJ47GA6416,815000,1778141233000,4.511250093387792,2.085,0.0,1.708806853555982,1.2201496006767354,1.708806853555982,1778140418000-632578958264631296-1067776270814674944,2.099999999976717,,,,
946027472992862208,1778149373000-632578958264631296-946027472992862208,1778149373000,1778149656000,1,2.083,0.558,3.7329749103942653,632578958264631296,1778149373000,946027472992862208,RJ47GA3474,283000,1778149656000,1.4741209958095234,2.083,0.0765036111111111,0.5583791650793649,3.730440049108806,0.5583791650793649,1778149373000-632578958264631296-946027472992862208,1.375,,,,
1046836268442320896,1778153674000-632578958264631296-1046836268442320896,1778153674000,1778154306000,1,2.069,1.751,1.1816105082809822,632578958264631296,1778153674000,1046836268442320896,RJ47GA2748,632000,1778154306000,4.621780057671232,2.069,0.1499999999996362,1.750674264269406,1.181830362293832,1.7506742642694062,1778153674000-632578958264631296-1046836268442320896,2.125,,,,
882591537697914880,1778125696000-632578958264631296-882591537697914880,1778125696000,1778126314000,1,2.065,1.577,1.3094483195941662,632578958264631296,1778125696000,882591537697914880,RJ47GA3907,618000,1778126314000,4.164279989316241,2.065,0.1000000000003638,1.5773787838319095,1.3091338752404906,1.5773787838319095,1778125696000-632578958264631296-882591537697914880,1.875,,,,
878252193440858112,1778134070000-632578958264631296-878252193440858112,1778134070000,1778134298000,1,2.039,0.535,3.811214953271028,632578958264631296,1778134070000,878252193440858112,RJ47GA1999,228000,1778134298000,1.4116702279166664,2.039,0.05546305555555556,0.5347235711805555,3.8131851855685426,0.5347235711805555,1778134070000-632578958264631296-878252193440858112,,['900758004175994897'],,900758004175994897,
780122893064339456,1778155710000-632578958264631296-780122893064339456,1778155710000,1778156103000,1,2.029,1.04,1.9509615384615384,632578958264631296,1778155710000,780122893064339456,RJ47GA3065,393000,1778156103000,2.746346485512606,2.029,0.08712888888888888,1.040282759663866,1.950431246842547,1.040282759663866,1778155710000-632578958264631296-780122893064339456,2.099999999976717,['900758004201160710'],,900758004201160710,
938442824968306688,1778167455000-632578958264631296-938442824968306688,1778167455000,1778168773000,1,2.027,1.812,1.1186534216335542,632578958264631296,1778167455000,938442824968306688,RJ47GA4501,1318000,1778168773000,4.784092700953093,2.027,0.0,1.8121563261185958,1.1185569207164217,1.8121563261185958,1778167455000-632578958264631296-938442824968306688,2.099999999976717,,,,
862677844923252736,1778119028000-632578958264631296-862677844923252736,1778119028000,1778119341000,1,2.02,0.632,3.1962025316455698,632578958264631296,1778119028000,862677844923252736,RJ47GA4377,313000,1778119341000,1.669443137941799,2.02,0.07731555555555555,0.6323648249779542,3.1943585731075763,0.6323648249779542,1778119028000-632578958264631296-862677844923252736,2.0,['900758004234715136'],,900758004234715136,
902974583798235136,1778118469000-632578958264631296-902974583798235136,1778118469000,1778119190000,1,2.006,1.144,1.7534965034965035,632578958264631296,1778118469000,902974583798235136,RJ47GA2140,721000,1778119190000,3.021286988164796,2.006,0.1499999999996362,1.144426889456362,1.752842421373821,1.144426889456362,1778118469000-632578958264631296-902974583798235136,1.25,,,,
944590362620461056,1778153324000-632578958264631296-944590362620461056,1778153324000,1778153810000,1,2.001,0.404,4.952970297029703,632578958264631296,1778153324000,944590362620461056,RJ47GA3517,486000,1778153810000,1.0652490102661085,2.001,0.10423611111111111,0.40350341297958653,4.959065860742129,0.3417223102775316,1778153324000-632578958264631296-944590362620461056,1.5,,,,
1187402009754468352,1778156609000-632578958264631296-1187402009754468352,1778156609000,1778157742000,1,2.0,1.757,1.1383039271485487,632578958264631296,1778156609000,1187402009754468352,RJ47GA6476,1133000,1778157742000,4.638876002177964,2.0,0.2868980555555556,1.7571500008249863,1.1382067547227015,1.7571500008249865,1778156609000-632578958264631296-1187402009754468352,2.0,,,,
1176184196838719488,1778167727000-632578958264631296-1176184196838719488,1778167727000,1778168136000,1,1.999,0.821,2.4348355663824606,632578958264631296,1778167727000,1176184196838719488,RJ14GP9553,409000,1778168136000,2.1665905071904765,1.999,0.07544083333333333,0.820678222420635,2.435790234696177,0.820678222420635,1778167727000-632578958264631296-1176184196838719488,1.8000000000174623,,,,
1385305554984894464,1778117581000-632578958264631296-1385305554984894464,1778117581000,1778118035000,1,1.995,0.629,3.171701112877584,632578958264631296,1778117581000,1385305554984894464,NL01AJ5696,454000,1778118035000,1.6598893671111112,1.995,0.11686111111111111,0.6287459723905724,3.172982551943443,0.6287459723905724,1778117581000-632578958264631296-1385305554984894464,2.0,,,,
1050036019790872576,1778155599000-632578958264631296-1050036019790872576,1778155599000,1778156561000,1,1.992,1.224,1.6274509803921569,632578958264631296,1778155599000,1050036019790872576,RJ47GA5530,962000,1778156561000,3.2322688257055687,1.992,0.1999999999998181,1.2243442521612002,1.6269933856296883,1.2243442521612002,1778155599000-632578958264631296-1050036019790872576,2.0,,,,
869905949161160704,1778152223000-632578958264631296-869905949161160704,1778152223000,1778153050000,1,1.985,0.992,2.001008064516129,632578958264631296,1778152223000,869905949161160704,RJ47GA4504,827000,1778153050000,2.61759324508772,1.985,0.09999999999854481,0.9915125928362576,2.0019917188563747,0.9915125928362575,1778152223000-632578958264631296-869905949161160704,1.900000000023283,,,,0.0920000000000013
1389243594644127744,1778114140000-632578958264631296-1389243594644127744,1778114140000,1778114687000,1,1.975,0.977,2.021494370522006,632578958264631296,1778114140000,1389243594644127744,NL01AJ6142,547000,1778114687000,2.580002186666667,1.975,0.12192027777777778,0.9772735555555556,2.0209285197298335,0.9772735555555556,1778114140000-632578958264631296-1389243594644127744,1.625,,,,
946033560920260608,1778155565000-632578958264631296-946033560920260608,1778155565000,1778156536000,1,1.965,0.658,2.986322188449848,632578958264631296,1778155565000,946033560920260608,RJ47GA2639,971000,1778156536000,1.7382984929710141,1.965,0.0,0.6584463988526569,2.984297588116532,0.6584463988526569,1778155565000-632578958264631296-946033560920260608,1.75,,,,
1083728870357598208,1778174538000-632578958264631296-1083728870357598208,1778174538000,1778175016000,1,1.952,1.199,1.628023352793995,632578958264631296,1778174538000,1083728870357598208,RJ47GA6364,478000,1778175016000,3.1646821772431077,1.952,0.1000000000003638,1.1987432489557226,1.628372048560417,1.1987432489557226,1778174538000-632578958264631296-1083728870357598208,1.5,,,,
902974583798235136,1778094955000-632578958264631296-902974583798235136,1778094955000,1778095643000,1,1.948,0.731,2.6648426812585497,632578958264631296,1778094955000,902974583798235136,RJ47GA2140,688000,1778095643000,1.929474538341159,1.948,0.1499999999996362,0.7308615675534692,2.665347428954097,0.7308615675534691,1778094955000-632578958264631296-902974583798235136,,,,,
1073278104413143040,1778167047000-632578958264631296-1073278104413143040,1778167047000,1778167754000,1,1.936,1.073,1.804287045666356,632578958264631296,1778167047000,1073278104413143040,RJ47GA3367,707000,1778167754000,2.831517597009805,1.936,0.1500000000014552,1.0725445443218957,1.805053235550244,1.0725445443218957,1778167047000-632578958264631296-1073278104413143040,1.75,,,,
964171206683000832,1778176206000-632578958264631296-964171206683000832,1778176206000,1778179739000,1,1.934,2.328,0.8307560137457045,632578958264631296,1778176206000,964171206683000832,RJ47GA4674,3533000,1778179739000,6.144798605893386,1.934,0.1499999999996362,2.3275752295050705,0.8309076224407324,2.3275752295050705,1778176206000-632578958264631296-964171206683000832,2.0,,,,
946032744595456000,1778157088000-632578958264631296-946032744595456000,1778157088000,1778158435000,1,1.926,0.412,4.674757281553398,632578958264631296,1778157088000,946032744595456000,RJ47GA3516,1347000,1778158435000,1.0877245030892915,1.926,0.07944444444444444,0.41201685723079223,4.67456601883924,0.0814424098506069,1778157088000-632578958264631296-946032744595456000,1.625,,,,
818154714091749376,1778116607000-632578958264631296-818154714091749376,1778116607000,1778117044000,1,1.925,0.802,2.4002493765586035,632578958264631296,1778116607000,818154714091749376,RJ47GA3069,437000,1778117044000,2.1172365241749733,1.925,0.11222222222222222,0.8019835318844595,2.400298663835072,0.8019835318844595,1778116607000-632578958264631296-818154714091749376,2.1000000000349246,['900758004201160718'],,900758004201160718,
1385589008028925952,1778176562000-632578958264631296-1385589008028925952,1778176562000,1778177205000,1,1.915,0.863,2.2190034762456547,632578958264631296,1778176562000,1385589008028925952,NL01AJ5695,643000,1778177205000,2.2775625790038023,1.915,0.09999999999990905,0.8627130981075009,2.2197414229607255,0.862713098107501,1778176562000-632578958264631296-1385589008028925952,2.0,,,,
1134877765846171648,1778134961000-632578958264631296-1134877765846171648,1778134961000,1778135615000,1,1.912,1.132,1.6890459363957597,632578958264631296,1778134961000,1134877765846171648,RJ47GA6215,654000,1778135615000,2.989447689619885,1.912,0.1499999999996362,1.1323665490984411,1.6884991891735774,1.1323665490984411,1778134961000-632578958264631296-1134877765846171648,2.0,,,,
1050036019790872576,1778134401000-632578958264631296-1050036019790872576,1778134401000,1778135246000,1,1.906,0.989,1.9271991911021233,632578958264631296,1778134401000,1050036019790872576,RJ47GA5530,845000,1778135246000,2.609666185185187,1.906,0.1999999999998181,0.9885099186307525,1.9281546538654066,0.9885099186307525,1778134401000-632578958264631296-1050036019790872576,1.8999999999941792,,,,
786246735176400896,1778140342000-632578958264631296-786246735176400896,1778140342000,1778140645000,1,1.902,0.438,4.342465753424658,632578958264631296,1778140342000,786246735176400896,RJ47GA3340,303000,1778140645000,1.1554043766833333,1.902,0.0706488888888889,0.43765317298611106,4.345907027298897,0.43765317298611106,1778140342000-632578958264631296-786246735176400896,1.9899999999906868,['900758004226326541'],,900758004226326541,
1477629723302428672,1778156288000-632578958264631296-1477629723302428672,1778156288000,1778157130000,1,1.898,0.581,3.266781411359725,632578958264631296,1778156288000,1477629723302428672,NL01AK3043,842000,1778157130000,1.5338611349612228,1.898,0.20000000000004547,0.5810080056671298,3.26673639861582,0.5810080056671298,1778156288000-632578958264631296-1477629723302428672,1.5,,,,
1182027923075366912,1778101361000-632578958264631296-1182027923075366912,1778101361000,1778101741000,1,1.897,0.357,5.313725490196079,632578958264631296,1778101361000,1182027923075366912,RJ47GA6389,380000,1778101741000,0.9433803832488611,1.897,0.07541666666666667,0.3573410542609322,5.308653952240263,0.29792810846560847,1778101361000-632578958264631296-1182027923075366912,1.2999999999883585,,,,
1286311379313098752,1778131820000-632578958264631296-1286311379313098752,1778131820000,1778132058000,1,1.891,0.674,2.8056379821958455,632578958264631296,1778131820000,1286311379313098752,RJ47GA3711,238000,1778132058000,1.778049714679804,1.891,0.06166666666666667,0.673503679802956,2.80770552070813,0.673503679802956,1778131820000-632578958264631296-1286311379313098752,2.0,,,,
1466797477431607296,1778133098000-632578958264631296-1466797477431607296,1778133098000,1778133544000,1,1.891,0.485,3.8989690721649484,632578958264631296,1778133098000,1466797477431607296,NL01AK2192,446000,1778133544000,1.2791880966223699,1.891,0.11336805555555556,0.4845409456902916,3.9026629572161844,0.4845409456902916,1778133098000-632578958264631296-1466797477431607296,1.875,,,,
947104748366987264,1778132712000-632578958264631296-947104748366987264,1778132712000,1778134438000,1,1.891,1.472,1.2846467391304348,632578958264631296,1778132712000,947104748366987264,RJ47GA2627,1726000,1778134438000,3.886292601671383,1.891,0.40000000000009095,1.4720805309361298,1.2845764618580138,1.4720805309361298,1778132712000-632578958264631296-947104748366987264,2.125,,,,
1067765309810671616,1778147532000-632578958264631296-1067765309810671616,1778147532000,1778149572000,1,1.88,0.356,5.280898876404494,632578958264631296,1778147532000,1067765309810671616,RJ47GA6287,2040000,1778149572000,0.9405916666666669,1.88,0.023680555555555555,0.3562847222222223,5.276678686287885,0.3562847222222223,1778147532000-632578958264631296-1067765309810671616,,,,,
1363836271826305024,1778131350000-632578958264631296-1363836271826305024,1778131350000,1778132073000,1,1.875,0.915,2.0491803278688523,632578958264631296,1778131350000,1363836271826305024,NL01AJ4205,723000,1778132073000,2.416778532777397,1.875,0.15000000000009095,0.9154464139308321,2.048181052945463,0.9154464139308321,1778131350000-632578958264631296-1363836271826305024,1.625,,,,
1478688867300147200,1778130384000-632578958264631296-1478688867300147200,1778130384000,1778130841000,1,1.875,1.66,1.1295180722891567,632578958264631296,1778130384000,1478688867300147200,NL01AK3095,457000,1778130841000,4.383590474067798,1.875,0.09999999999990905,1.6604509371468932,1.1292113232937557,1.660450937146893,1778130384000-632578958264631296-1478688867300147200,1.875,,,,
947583451614150656,1778119916000-632578958264631296-947583451614150656,1778119916000,1778120274000,1,1.875,1.34,1.3992537313432836,632578958264631296,1778119916000,947583451614150656,RJ47GA3784,358000,1778120274000,3.5368052574525763,1.875,0.0,1.3396989611562788,1.399568152521152,1.3396989611562788,1778119916000-632578958264631296-947583451614150656,1.875,,,,
1396880990281924608,1778150481000-632578958264631296-1396880990281924608,1778150481000,1778150721000,1,1.868,0.642,2.9096573208722742,632578958264631296,1778150481000,1396880990281924608,NL01AJ6924,240000,1778150721000,1.6943977233333336,1.868,0.028010277777777776,0.6418173194444445,2.9104854970522394,0.6418173194444445,1778150481000-632578958264631296-1396880990281924608,,,,,
946033560920260608,1778131233000-632578958264631296-946033560920260608,1778131233000,1778132197000,1,1.853,0.375,4.941333333333334,632578958264631296,1778131233000,946033560920260608,RJ47GA2639,964000,1778132197000,0.988907599928037,1.853,0.0,0.3745862120939534,4.946791793647845,0.3745862120939534,1778131233000-632578958264631296-946033560920260608,1.75,,,,
1489984398731247616,1778139194000-632578958264631296-1489984398731247616,1778139194000,1778139516000,1,1.846,0.56,3.2964285714285713,632578958264631296,1778139194000,1489984398731247616,Nl01AK8377,322000,1778139516000,1.478399999999856,1.846,0.07613527777777777,0.5599999999999454,3.296428571428893,0.5599999999999454,1778139194000-632578958264631296-1489984398731247616,1.5200000000004366,,,,
780109531760820224,1778131463000-632578958264631296-780109531760820224,1778131463000,1778131899000,1,1.846,1.002,1.842315369261477,632578958264631296,1778131463000,780109531760820224,RJ47GA3172,436000,1778131899000,2.6443457396671177,1.846,0.09861111111111112,1.0016461135102719,1.842966268326732,1.0016461135102719,1778131463000-632578958264631296-780109531760820224,1.779999999969732,['900758004213743624'],,900758004213743624,
1103352309556969472,1778128692000-632578958264631296-1103352309556969472,1778128692000,1778128955000,1,1.842,0.359,5.130919220055711,632578958264631296,1778128692000,1103352309556969472,RJ47GA5608,263000,1778128955000,0.9482176484955613,1.842,0.0,0.35917335170286413,5.128442829254896,0.3066480876642772,1778128692000-632578958264631296-1103352309556969472,1.8999999999941792,,,,
1268614873160351744,1778119463000-632578958264631296-1268614873160351744,1778119463000,1778119740000,1,1.836,1.003,1.8305084745762714,632578958264631296,1778119463000,1268614873160351744,RJ47GA5515,277000,1778119740000,2.6469122671326164,1.836,0.056527777777777774,1.002618283004779,1.831205386059421,1.002618283004779,1778119463000-632578958264631296-1268614873160351744,1.7999999999883585,,,,
1067775149379420160,1778160034000-632578958264631296-1067775149379420160,1778160034000,1778160784000,1,1.822,1.062,1.7156308851224105,632578958264631296,1778160034000,1067775149379420160,RJ14GN1580,750000,1778160784000,2.8024821187316165,1.822,0.0,1.0615462570953091,1.7163642072324832,1.0615462570953091,1778160034000-632578958264631296-1067775149379420160,1.7999999999883585,,,,
1075729411988258816,1778129672000-632578958264631296-1075729411988258816,1778129672000,1778130029000,1,1.819,0.214,8.5,632578958264631296,1778129672000,1075729411988258816,RJ36GA7279,357000,1778130029000,0.5638299351658433,1.819,0.0,0.21357194513857702,8.517036255954565,0.21357194513857705,1778129672000-632578958264631296-1075729411988258816,,,,,
1152269356621627392,1778115656000-632578958264631296-1152269356621627392,1778115656000,1778116428000,1,1.818,1.3,1.3984615384615384,632578958264631296,1778115656000,1152269356621627392,RJ47GA6374,772000,1778116428000,3.430977321637426,1.818,0.1500000000005457,1.2996126218323583,1.398878380726061,1.2996126218323583,1778115656000-632578958264631296-1152269356621627392,1.8999999999941792,,,,
1525526061327056896,1778172886000-632578958264631296-1525526061327056896,1778172886000,1778173345000,1,1.814,0.601,3.0183028286189684,632578958264631296,1778172886000,1525526061327056896,NL01AK6559,459000,1778173345000,1.5866512547163123,1.814,0.09717527777777778,0.6010042631501182,3.0182814186575926,0.6010042631501182,1778172886000-632578958264631296-1525526061327056896,2.0,,,,
1422205634715058176,1778164715000-632578958264631296-1422205634715058176,1778164715000,1778165199000,1,1.804,0.402,4.487562189054726,632578958264631296,1778164715000,1422205634715058176,NL01AJ9005,484000,1778165199000,1.0616659384131206,1.804,0.11763777777777777,0.4021461887928487,4.485930863637418,0.40214618879284875,1778164715000-632578958264631296-1422205634715058176,1.625,,,,
818154714091749376,1778118687000-632578958264631296-818154714091749376,1778118687000,1778119045000,1,1.804,0.817,2.208078335373317,632578958264631296,1778118687000,818154714091749376,RJ47GA3069,358000,1778119045000,2.1563216393837545,1.804,0.08803083333333334,0.8167884997665736,2.208650097933011,0.8167884997665736,1778118687000-632578958264631296-818154714091749376,1.679999999993015,['900758004201160718'],,900758004201160718,
1142833661045899264,1778147051000-632578958264631296-1142833661045899264,1778147051000,1778147536000,1,1.794,1.466,1.223738062755798,632578958264631296,1778147051000,1142833661045899264,RJ47GA6293,485000,1778147536000,3.8712824172994353,1.794,0.1000000000003638,1.4663948550376649,1.2234085477297454,1.4663948550376649,1778147051000-632578958264631296-1142833661045899264,1.7999999999883585,,,,
860147487929794560,1778146772000-632578958264631296-860147487929794560,1778146772000,1778147595000,1,1.778,1.366,1.301610541727672,632578958264631296,1778146772000,860147487929794560,RJ47GA4003,823000,1778147595000,3.6065164074917533,1.778,0.1499999999996362,1.3661046998074822,1.3015107848253242,1.3661046998074822,1778146772000-632578958264631296-860147487929794560,1.25,,,,
1083019060351860736,1778115765000-632578958264631296-1083019060351860736,1778115765000,1778116338000,1,1.777,0.827,2.1487303506650544,632578958264631296,1778115765000,1083019060351860736,RJ47GA5912,573000,1778116338000,2.1845597974960898,1.777,0.0,0.8274847717788218,2.147471543409833,0.8274847717788218,1778115765000-632578958264631296-1083019060351860736,1.6999999999825377,,,,
836966844580495360,1778126372000-632578958264631296-836966844580495360,1778126372000,1778126741000,1,1.767,0.972,1.817901234567901,632578958264631296,1778126372000,836966844580495360,RJ47GA2578,369000,1778126741000,2.5654794306685633,1.767,0.1,0.97177251161688,1.8183267985837381,0.97177251161688,1778126372000-632578958264631296-836966844580495360,1.3699999999953434,['900758004192772103'],,900758004192772103,
1067775256489361408,1778152855000-632578958264631296-1067775256489361408,1778152855000,1778153164000,1,1.76,0.624,2.8205128205128207,632578958264631296,1778152855000,1067775256489361408,RJ47GA4861,309000,1778153164000,1.648271604509805,1.76,0.07055611111111111,0.6243453047385624,2.8189528881569474,0.6243453047385624,1778152855000-632578958264631296-1067775256489361408,1.599999999976717,,,,
1501934002158698496,1778153579000-632578958264631296-1501934002158698496,1778153579000,1778154604000,1,1.756,1.041,1.686839577329491,632578958264631296,1778153579000,1501934002158698496,NL01AK3123,1025000,1778154604000,2.747235722222222,1.756,0.25,1.0406195917508416,1.6874562173536742,1.0406195917508416,1778153579000-632578958264631296-1501934002158698496,1.75,,,,
836966844580495360,1778153882000-632578958264631296-836966844580495360,1778153882000,1778154234000,1,1.755,0.539,3.256029684601113,632578958264631296,1778153882000,836966844580495360,RJ47GA2578,352000,1778154234000,1.4230469081481483,1.755,0.0893611111111111,0.5390329197530864,3.255830832751196,0.5390329197530864,1778153882000-632578958264631296-836966844580495360,1.679999999993015,['900758004192772103'],,900758004192772103,
792451319469178880,1778164484000-632578958264631296-792451319469178880,1778164484000,1778166484000,1,1.752,1.593,1.0998116760828625,632578958264631296,1778164484000,792451319469178880,RJ47GA3115,2000000,1778166484000,4.2064216561808205,1.752,0.5,1.5933415364321288,1.0995759289142397,1.5933415364321288,1778164484000-632578958264631296-792451319469178880,2.0,['900758004209549321'],,900758004209549321,
1182027923075366912,1778097002000-632578958264631296-1182027923075366912,1778097002000,1778097682000,1,1.75,1.462,1.1969904240766074,632578958264631296,1778097002000,1182027923075366912,RJ47GA6389,680000,1778097682000,3.8604156121677184,1.75,0.1499999999996362,1.4622786409726205,1.1967623344590497,1.4622786409726207,1778097002000-632578958264631296-1182027923075366912,1.7999999999883585,,,,
1362453820235317248,1778161769000-632578958264631296-1362453820235317248,1778161769000,1778162593000,1,1.747,1.274,1.3712715855572999,632578958264631296,1778161769000,1362453820235317248,NL01AJ4179,824000,1778162593000,3.363714832711558,1.747,0.20000000000027285,1.2741344063301354,1.3711269323868667,1.2741344063301354,1778161769000-632578958264631296-1362453820235317248,1.875,,,,
1471148657502846976,1778116072000-632578958264631296-1471148657502846976,1778116072000,1778116469000,1,1.742,0.944,1.8453389830508475,632578958264631296,1778116072000,1471148657502846976,NL01AK2620,397000,1778116469000,2.4911959862360904,1.742,0.09198972222222222,0.9436348432712462,1.8460530706571896,0.9436348432712462,1778116072000-632578958264631296-1471148657502846976,1.75,,,,
1088492376734826496,1778162718000-632578958264631296-1088492376734826496,1778162718000,1778163413000,1,1.731,0.653,2.650842266462481,632578958264631296,1778162718000,1088492376734826496,RJ47GA5700,695000,1778163413000,1.724308168566483,1.731,0.1619447222222222,0.6531470335479101,2.650245520671153,0.6531470335479101,1778162718000-632578958264631296-1088492376734826496,1.7000000000116415,,,,
1079095785133441024,1778125393000-632578958264631296-1079095785133441024,1778125393000,1778125861000,1,1.726,1.522,1.1340341655716162,632578958264631296,1778125393000,1079095785133441024,RJ47GA3363,468000,1778125861000,4.017794302849364,1.726,0.1000000000003638,1.5218917813823345,1.1341148044260243,1.5218917813823345,1778125393000-632578958264631296-1079095785133441024,,,,,
943461119844941824,1778142855000-632578958264631296-943461119844941824,1778142855000,1778143379000,1,1.72,1.247,1.379310344827586,632578958264631296,1778142855000,943461119844941824,RJ47GA3779,524000,1778143379000,3.291213211282052,1.72,0.1000000000003638,1.246671670940171,1.3796736062052897,1.246671670940171,1778142855000-632578958264631296-943461119844941824,1.75,,,,
1083016936570224640,1778132444000-632578958264631296-1083016936570224640,1778132444000,1778134579000,1,1.707,2.677,0.6376540903997012,632578958264631296,1778132444000,1083016936570224640,RJ47GA5904,2135000,1778134579000,7.06828152946082,1.707,0.5500000000001819,2.6773793672200075,0.6375637389677887,2.6773793672200075,1778132444000-632578958264631296-1083016936570224640,1.900000000023283,,,,
1471148657502846976,1778114579000-632578958264631296-1471148657502846976,1778114579000,1778114959000,1,1.702,1.007,1.6901688182720955,632578958264631296,1778114579000,1471148657502846976,NL01AK2620,380000,1778114959000,2.6594233854846343,1.702,0.09310083333333334,1.0073573429866038,1.6895692594585412,1.0073573429866038,1778114579000-632578958264631296-1471148657502846976,1.875,,,,
1464286808345935872,1778143068000-632578958264631296-1464286808345935872,1778143068000,1778143272000,1,1.681,0.769,2.1859557867360206,632578958264631296,1778143068000,1464286808345935872,NL01AK1960,204000,1778143272000,2.0309808574637684,1.681,0.04833333333333333,0.769310930857488,2.1850722933656055,0.769310930857488,1778143068000-632578958264631296-1464286808345935872,,,,,
1083727593376579584,1778168636000-632578958264631296-1083727593376579584,1778168636000,1778169591000,1,1.671,0.338,4.94378698224852,632578958264631296,1778168636000,1083727593376579584,RJ47GA6346,955000,1778169591000,0.8918112566931218,1.671,0.07016194444444444,0.33780729420194006,4.946607218614652,0.33780729420194006,1778168636000-632578958264631296-1083727593376579584,,,,,
1385305434218299392,1778141482000-632578958264631296-1385305434218299392,1778141482000,1778142246000,1,1.662,0.5,3.324,632578958264631296,1778141482000,1385305434218299392,NL01AJ5697,764000,1778142246000,1.3205850465903952,1.662,0.15000000000009095,0.5002216085569678,3.322527398995245,0.5002216085569678,1778141482000-632578958264631296-1385305434218299392,1.625,,,,
1536014563953082368,1778125620000-632578958264631296-1536014563953082368,1778125620000,1778126374000,1,1.661,0.603,2.754560530679934,632578958264631296,1778125620000,1536014563953082368,NL01AK9204,754000,1778126374000,1.5915342599641569,1.661,0.15000000000000568,0.6028538863500594,2.755228153303314,0.6028538863500594,1778125620000-632578958264631296-1536014563953082368,1.6749999999997272,,,,
1073663863301341184,1778154797000-632578958264631296-1073663863301341184,1778154797000,1778155197000,1,1.654,1.072,1.542910447761194,632578958264631296,1778154797000,1073663863301341184,RJ47GA3284,400000,1778155197000,2.831126564964539,1.654,0.10307972222222221,1.0723964261229313,1.5423400896436763,1.0723964261229313,1778154797000-632578958264631296-1073663863301341184,1.625,,,,
1299087047838924800,1778177033000-632578958264631296-1299087047838924800,1778177033000,1778178964000,1,1.649,2.657,0.6206247647722996,632578958264631296,1778177033000,1299087047838924800,RJ47GA6395,1931000,1778178964000,7.014328309963154,1.649,0.0,2.6569425416527097,0.620638186241794,2.6569425416527097,1778177033000-632578958264631296-1299087047838924800,1.6999999999825377,,,,
1385304935976927232,1778121287000-632578958264631296-1385304935976927232,1778121287000,1778121563000,1,1.633,0.795,2.054088050314465,632578958264631296,1778121287000,1385304935976927232,NL01AJ5688,276000,1778121563000,2.0983512979770524,1.633,0.062246388888888886,0.7948300371125199,2.0545272872832117,0.79483003711252,1778121287000-632578958264631296-1385304935976927232,1.5,,,,
1477629723302428672,1778131642000-632578958264631296-1477629723302428672,1778131642000,1778133302000,1,1.63,1.204,1.3538205980066444,632578958264631296,1778131642000,1477629723302428672,NL01AK3043,1660000,1778133302000,3.179288578198295,1.63,0.40000000000009095,1.2042759765902633,1.3535103511863733,1.2042759765902633,1778131642000-632578958264631296-1477629723302428672,1.5,,,,
1067763903368265728,1778132981000-632578958264631296-1067763903368265728,1778132981000,1778134013000,1,1.611,1.71,0.9421052631578948,632578958264631296,1778132981000,1067763903368265728,RJ47GA6239,1032000,1778134013000,4.515356239837397,1.611,0.25,1.7103622120596198,0.941905748759517,1.7103622120596198,1778132981000-632578958264631296-1067763903368265728,1.6999999999825377,,,,
1535695002116554752,1778154545000-632578958264631296-1535695002116554752,1778154545000,1778154797000,1,1.61,0.769,2.093628088426528,632578958264631296,1778154545000,1535695002116554752,NL01AK7895,252000,1778154797000,2.029411781746031,1.61,0.060500000000000005,0.7687165839947088,2.0943999824141715,0.7687165839947088,1778154545000-632578958264631296-1535695002116554752,,,,,
1464286808345935872,1778119302000-632578958264631296-1464286808345935872,1778119302000,1778119428000,1,1.604,0.553,2.900542495479204,632578958264631296,1778119302000,1464286808345935872,NL01AK1960,126000,1778119428000,1.460644813396826,1.604,0.02888888888888889,0.5532745505291007,2.8991031640007345,0.5532745505291007,1778119302000-632578958264631296-1464286808345935872,1.0,,,,
1083726345994764288,1778166320000-632578958264631296-1083726345994764288,1778166320000,1778167296000,1,1.599,1.249,1.2802241793434745,632578958264631296,1778166320000,1083726345994764288,RJ47GA6212,976000,1778167296000,3.297501726611345,1.599,0.1999999999998181,1.249053684322479,1.2801691553132413,1.249053684322479,1778166320000-632578958264631296-1083726345994764288,1.7000000000116415,,,,
1385305434218299392,1778100310000-632578958264631296-1385305434218299392,1778100310000,1778100891000,1,1.598,1.024,1.560546875,632578958264631296,1778100310000,1385305434218299392,NL01AJ5697,581000,1778100891000,2.704127221069551,1.598,0.1000000000003638,1.0242906140414965,1.5601041131235645,1.0242906140414965,1778100310000-632578958264631296-1385305434218299392,1.625,,,,
787687496786903040,1778163947000-632578958264631296-787687496786903040,1778163947000,1778164712000,1,1.598,0.885,1.8056497175141244,632578958264631296,1778163947000,787687496786903040,RJ47GA3109,765000,1778164712000,2.337706565826331,1.598,0.19895833333333332,0.8854949112978525,1.8046405231825025,0.8854949112978525,1778163947000-632578958264631296-787687496786903040,1.679999999993015,['900758004205355019'],,900758004205355019,
1188144161019133952,1778163937000-632578958264631296-1188144161019133952,1778163937000,1778164711000,1,1.592,0.32,4.9750000000000005,632578958264631296,1778163937000,1188144161019133952,RJ47GA6478,774000,1778164711000,0.8443499463070677,1.592,0.0,0.3198295251163135,4.977651764392396,0.15807428794576883,1778163937000-632578958264631296-1188144161019133952,1.5,,,,
878252193440858112,1778160258000-632578958264631296-878252193440858112,1778160258000,1778160677000,1,1.591,0.406,3.9187192118226597,632578958264631296,1778160258000,878252193440858112,RJ47GA1999,419000,1778160677000,1.0722054009515367,1.591,0.10805444444444444,0.4061384094513396,3.917383736616572,0.4061384094513396,1778160258000-632578958264631296-878252193440858112,1.75,['900758004175994897'],,900758004175994897,
1500484476822618112,1778137099000-632578958264631296-1500484476822618112,1778137099000,1778137877000,1,1.589,0.693,2.2929292929292933,632578958264631296,1778137099000,1500484476822618112,NL01AK3107,778000,1778137877000,1.8290774224057016,1.589,0.20000000000004547,0.6928323569718566,2.293484107677936,0.6928323569718566,1778137099000-632578958264631296-1500484476822618112,1.625,,,,
947583451614150656,1778120606000-632578958264631296-947583451614150656,1778120606000,1778120754000,1,1.587,0.702,2.2606837606837606,632578958264631296,1778120606000,947583451614150656,RJ47GA3784,148000,1778120754000,1.8544997058823536,1.587,0.0,0.7024620098039218,2.259196907236278,0.7024620098039218,1778120606000-632578958264631296-947583451614150656,1.0,,,,
1357047782162038784,1778154003000-632578958264631296-1357047782162038784,1778154003000,1778154678000,1,1.583,0.53,2.9867924528301883,632578958264631296,1778154003000,1357047782162038784,NL01AJ3746,675000,1778154678000,1.398491265970696,1.583,0.1000000000003638,0.5297315401404151,2.988306113659754,0.5297315401404151,1778154003000-632578958264631296-1357047782162038784,1.625,,,,
1500484476822618112,1778121297000-632578958264631296-1500484476822618112,1778121297000,1778122545000,1,1.577,1.354,1.1646971935007384,632578958264631296,1778121297000,1500484476822618112,NL01AK3107,1248000,1778122545000,3.575235918883452,1.577,0.2999999999999545,1.3542560298800954,1.1644770008073186,1.3542560298800954,1778121297000-632578958264631296-1500484476822618112,1.625,,,,
1422205425331208192,1778132971000-632578958264631296-1422205425331208192,1778132971000,1778133423000,1,1.568,2.856,0.5490196078431373,632578958264631296,1778132971000,1422205425331208192,NL01AJ9003,452000,1778133423000,7.538955805957448,1.568,0.1229861111111111,2.8556650780141846,0.5490839987056113,2.8556650780141846,1778132971000-632578958264631296-1422205425331208192,1.375,,,,
1083726613264203776,1778158717000-632578958264631296-1083726613264203776,1778158717000,1778159751000,1,1.562,1.291,1.2099147947327653,632578958264631296,1778158717000,1083726613264203776,RJ47GA6345,1034000,1778159751000,3.4077536656817182,1.562,0.25,1.2908157824551962,1.21008746657017,1.2908157824551962,1778158717000-632578958264631296-1083726613264203776,1.5,,,,
940245549137788928,1778152490000-632578958264631296-940245549137788928,1778152490000,1778152870000,1,1.55,0.59,2.6271186440677967,632578958264631296,1778152490000,940245549137788928,RJ47GA4673,380000,1778152870000,1.556462723847518,1.55,0.09909722222222223,0.5895692135786053,2.629038227067031,0.5895692135786053,1778152490000-632578958264631296-940245549137788928,1.5,,,,
1088511709141794816,1778147960000-632578958264631296-1088511709141794816,1778147960000,1778148868000,1,1.546,1.521,1.0164365548980934,632578958264631296,1778147960000,1088511709141794816,RJ47GA5905,908000,1778148868000,4.015972769254902,1.546,0.25,1.5212018065359476,1.0163017118159505,1.5212018065359478,1778147960000-632578958264631296-1088511709141794816,1.6000000000058208,,,,
946029060134273024,1778152096000-632578958264631296-946029060134273024,1778152096000,1778152375000,1,1.536,0.351,4.3760683760683765,632578958264631296,1778152096000,946029060134273024,RJ47GA3571,279000,1778152375000,0.9263048291851853,1.536,0.07320638888888889,0.3508730413580247,4.3776517969435345,0.3508730413580247,1778152096000-632578958264631296-946029060134273024,1.625,,,,
1050036019790872576,1778133334000-632578958264631296-1050036019790872576,1778133334000,1778134383000,1,1.53,1.235,1.2388663967611335,632578958264631296,1778133334000,1050036019790872576,RJ47GA5530,1049000,1778134383000,3.259250031795614,1.53,0.25,1.234564405983187,1.239303508658613,1.234564405983187,1778133334000-632578958264631296-1050036019790872576,1.7000000000116415,,,,
1464286808345935872,1778136713000-632578958264631296-1464286808345935872,1778136713000,1778136833000,1,1.528,0.285,5.3614035087719305,632578958264631296,1778136713000,1464286808345935872,NL01AK1960,120000,1778136833000,0.7513584720848538,1.528,0.02629638888888889,0.2846054818503234,5.36883544921875,0.001,1778136713000-632578958264631296-1464286808345935872,,,,,
1127222273418199040,1778163695000-632578958264631296-1127222273418199040,1778163695000,1778163840000,1,1.526,0.32,4.76875,632578958264631296,1778163695000,1127222273418199040,RJ47GA3844,145000,1778163840000,0.8442340625457898,1.526,0.034333333333333334,0.3197856297521931,4.771946760655009,0.27839635925925926,1778163695000-632578958264631296-1127222273418199040,1.125,,,,
1385588586753032192,1778153225000-632578958264631296-1385588586753032192,1778153225000,1778153479000,1,1.525,0.344,4.433139534883721,632578958264631296,1778153225000,1385588586753032192,NL01AJ5698,254000,1778153479000,0.9091485700000002,1.525,0.028774166666666667,0.34437445833333336,4.428319125002858,0.34437445833333336,1778153225000-632578958264631296-1385588586753032192,,,,,
1131239834900234240,1778128605000-632578958264631296-1131239834900234240,1778128605000,1778129006000,1,1.52,1.055,1.4407582938388626,632578958264631296,1778128605000,1131239834900234240,RJ47GA6181,401000,1778129006000,2.7840493124888894,1.52,0.09175833333333333,1.0545641335185187,1.4413537799057983,1.0545641335185187,1778128605000-632578958264631296-1131239834900234240,1.0,,,,
1127222273418199040,1778163975000-632578958264631296-1127222273418199040,1778163975000,1778164089000,1,1.517,0.326,4.653374233128834,632578958264631296,1778163975000,1127222273418199040,RJ47GA3844,114000,1778164089000,0.8597598223807391,1.517,0.0,0.3256665993866436,4.658138116887328,0.17184729166666665,1778163975000-632578958264631296-1127222273418199040,,,,,
933416236518211584,1778119439000-632578958264631296-933416236518211584,1778119439000,1778119882000,1,1.516,1.114,1.3608617594254937,632578958264631296,1778119439000,933416236518211584,RJ47GA4043,443000,1778119882000,2.9403890332469946,1.516,0.11824166666666666,1.1137837247147706,1.361126012492446,1.1137837247147706,1778119439000-632578958264631296-933416236518211584,1.5,,,,
787325260482478080,1778173382000-632578958264631296-787325260482478080,1778173382000,1778173666000,1,1.51,0.349,4.326647564469915,632578958264631296,1778173382000,787325260482478080,RJ47GA3074,284000,1778173666000,0.9203934498611112,1.51,0.06476055555555556,0.34863388252314814,4.331191188509169,0.34863388252314814,1778173382000-632578958264631296-787325260482478080,1.3699999999953434,['900758004201160724'],,900758004201160724,
1385305291104452608,1778148312000-632578958264631296-1385305291104452608,1778148312000,1778148783000,1,1.5,0.984,1.524390243902439,632578958264631296,1778148312000,1385305291104452608,NL01AJ5692,471000,1778148783000,2.5971369436012117,1.5,0.11906055555555554,0.9837639937883377,1.5247559470272027,0.9837639937883377,1778148312000-632578958264631296-1385305291104452608,1.5,,,,
1083778254826897408,1778103438000-632578958264631296-1083778254826897408,1778103438000,1778103975000,1,1.499,0.486,3.0843621399176957,632578958264631296,1778103438000,1083778254826897408,RJ47GA3529,537000,1778103975000,1.2823908523814103,1.499,0.1499999999996362,0.4857541107505342,3.085923447325868,0.4857541107505342,1778103438000-632578958264631296-1083778254826897408,1.375,,,,
1477629723302428672,1778155404000-632578958264631296-1477629723302428672,1778155404000,1778156248000,1,1.497,0.702,2.132478632478633,632578958264631296,1778155404000,1477629723302428672,NL01AK3043,844000,1778156248000,1.8522045348717948,1.497,0.14999999999986358,0.7015926268453768,2.133716836123368,0.7015926268453768,1778155404000-632578958264631296-1477629723302428672,1.5,,,,
877447567619653632,1778152363000-632578958264631296-877447567619653632,1778152363000,1778152895000,1,1.483,0.744,1.9932795698924732,632578958264631296,1778152363000,877447567619653632,RJ14GN1570,532000,1778152895000,1.9632582771537102,1.483,0.11294083333333332,0.7436584383157993,1.994195081492822,0.7436584383157993,1778152363000-632578958264631296-877447567619653632,1.3000000000465661,,,,0.0
947104127047958528,1778109520000-632578958264631296-947104127047958528,1778109520000,1778109683000,1,1.477,0.426,3.467136150234742,632578958264631296,1778109520000,947104127047958528,RJ47GA1393,163000,1778109683000,1.123760835883905,1.477,0.0,0.425666983289358,3.4698486328125,0.001,1778109520000-632578958264631296-947104127047958528,,,,,
1083726423769743360,1778124799000-632578958264631296-1083726423769743360,1778124799000,1778125193000,1,1.476,0.566,2.6077738515901063,632578958264631296,1778124799000,1083726423769743360,RJ47GA6331,394000,1778125193000,1.494381751021021,1.476,0.09451388888888888,0.5660536935685686,2.6075264886884897,0.5660536935685686,1778124799000-632578958264631296-1083726423769743360,1.5,,,,
1050037243114160128,1778161868000-632578958264631296-1050037243114160128,1778161868000,1778162349000,1,1.473,0.599,2.4590984974958268,632578958264631296,1778161868000,1050037243114160128,RJ47GA5923,481000,1778162349000,1.5806849918431145,1.473,0.1000000000003638,0.5987443150920888,2.460148619153817,0.5987443150920888,1778161868000-632578958264631296-1050037243114160128,1.375,,,,
862693652038680576,1778108959000-632578958264631296-862693652038680576,1778108959000,1778109395000,1,1.462,0.87,1.6804597701149424,632578958264631296,1778108959000,862693652038680576,RJ47GA4378,436000,1778109395000,2.2980188688475165,1.462,0.09027777777777778,0.8704616927452714,1.6795684545165093,0.8704616927452714,1778108959000-632578958264631296-862693652038680576,,['900758004234715138'],,900758004234715138,
1499777554695847936,1778159586000-632578958264631296-1499777554695847936,1778159586000,1778160555000,1,1.459,0.894,1.6319910514541387,632578958264631296,1778159586000,1499777554695847936,NL01AK3108,969000,1778160555000,2.3610479202756887,1.459,0.25,0.8943363334377609,1.6313773078990486,0.8943363334377609,1778159586000-632578958264631296-1499777554695847936,1.5,,,,
1536014550107684864,1778140071000-632578958264631296-1536014550107684864,1778140071000,1778140534000,1,1.443,0.448,3.220982142857143,632578958264631296,1778140071000,1536014550107684864,NL01AK9195,463000,1778140534000,1.1816234521428568,1.443,0.11464444444444445,0.44758464096320333,3.223971217811809,0.44758464096320333,1778140071000-632578958264631296-1536014550107684864,1.4550000000008367,,,,
1397607641592627200,1778148296000-632578958264631296-1397607641592627200,1778148296000,1778148612000,1,1.432,0.854,1.676814988290398,632578958264631296,1778148296000,1397607641592627200,NL01AJ6923,316000,1778148612000,2.2555291662922707,1.432,0.059954722222222215,0.854367108444042,1.6760944866053338,0.8543671084440418,1778148296000-632578958264631296-1397607641592627200,1.25,,,,
938817698895233024,1778137015000-632578958264631296-938817698895233024,1778137015000,1778137583000,1,1.417,0.812,1.7450738916256157,632578958264631296,1778137015000,938817698895233024,RJ47GA2715,568000,1778137583000,2.1429597582159627,1.417,0.1000000000003638,0.81172718114241,1.7456604052678635,0.81172718114241,1778137015000-632578958264631296-938817698895233024,1.125,,,,
964171206683000832,1778137030000-632578958264631296-964171206683000832,1778137030000,1778137639000,1,1.415,0.652,2.170245398773006,632578958264631296,1778137030000,964171206683000832,RJ47GA4674,609000,1778137639000,1.7200279155327336,1.415,0.1000000000003638,0.6515257255805809,2.1718252164779526,0.6515257255805808,1778137030000-632578958264631296-964171206683000832,1.3000000000465661,,,,
1127222273418199040,1778163848000-632578958264631296-1127222273418199040,1778163848000,1778163967000,1,1.408,0.291,4.838487972508591,632578958264631296,1778163848000,1127222273418199040,RJ47GA3844,119000,1778163967000,0.7689356334100051,1.408,0.0275,0.2912634975037898,4.834110735011274,0.19695219444444445,1778163848000-632578958264631296-1127222273418199040,,,,,
943859348893859840,1778116910000-632578958264631296-943859348893859840,1778116910000,1778117219000,1,1.407,0.462,3.0454545454545454,632578958264631296,1778116910000,943859348893859840,RJ47GA1998,309000,1778117219000,1.220803885714286,1.407,0.07919083333333334,0.4624257142857144,3.042650865930589,0.4624257142857144,1778116910000-632578958264631296-943859348893859840,1.0,,,,
929731076446748672,1778138312000-632578958264631296-929731076446748672,1778138312000,1778139096000,1,1.405,0.638,2.2021943573667713,632578958264631296,1778138312000,929731076446748672,RJ47GA3899,784000,1778139096000,1.6836948764172963,1.405,0.1999999999998181,0.6377632107641273,2.2030119898521874,0.6377632107641273,1778138312000-632578958264631296-929731076446748672,1.375,,,,
1277220593376165888,1778167839000-632578958264631296-1277220593376165888,1778167839000,1778168421000,1,1.404,0.609,2.3054187192118225,632578958264631296,1778167839000,1277220593376165888,NL01AH7054,582000,1778168421000,1.607862821052631,1.404,0.1500000000005457,0.6090389473684208,2.3052712902294736,0.6090389473684208,1778167839000-632578958264631296-1277220593376165888,1.4099999999743886,,,,
940245549137788928,1778155742000-632578958264631296-940245549137788928,1778155742000,1778156032000,1,1.4,0.455,3.0769230769230766,632578958264631296,1778155742000,940245549137788928,RJ47GA4673,290000,1778156032000,1.202378915833333,1.4,0.06444472222222222,0.4554465590277776,3.073906196565675,0.4554465590277776,1778155742000-632578958264631296-940245549137788928,1.400000000023283,,,,
1083726613264203776,1778160281000-632578958264631296-1083726613264203776,1778160281000,1778161220000,1,1.396,1.281,1.0897736143637784,632578958264631296,1778160281000,1083726613264203776,RJ47GA6345,939000,1778161220000,3.380842934984985,1.396,0.1999999999998181,1.2806223238579488,1.0900950061486272,1.2806223238579488,1778160281000-632578958264631296-1083726613264203776,1.3000000000174623,,,,
939547788868321280,1778116027000-632578958264631296-939547788868321280,1778116027000,1778116629000,1,1.395,0.407,3.427518427518428,632578958264631296,1778116027000,939547788868321280,RJ14GH7603,602000,1778116629000,1.0737622379613483,1.395,0.0,0.40672812043990464,3.4298095703125,0.001,1778116027000-632578958264631296-939547788868321280,,,,,
1505916014645215232,1778177333000-632578958264631296-1505916014645215232,1778177333000,1778177856000,1,1.389,0.981,1.415902140672783,632578958264631296,1778177333000,1505916014645215232,RJ47GA8530,523000,1778177856000,2.590579649190812,1.389,0.10000000000002274,0.9812801701480348,1.4154978794592956,0.9812801701480348,1778177333000-632578958264631296-1505916014645215232,1.4549999999944703,,,,
1536014563953082368,1778124229000-632578958264631296-1536014563953082368,1778124229000,1778125168000,1,1.385,0.855,1.6198830409356726,632578958264631296,1778124229000,1536014563953082368,NL01AK9204,939000,1778125168000,2.2573132556822864,1.385,0.19999999999998863,0.8550428998796539,1.6198017668995752,0.8550428998796539,1778124229000-632578958264631296-1536014563953082368,1.4700000000002547,,,,
938442824968306688,1778137221000-632578958264631296-938442824968306688,1778137221000,1778137943000,1,1.382,0.716,1.9301675977653632,632578958264631296,1778137221000,938442824968306688,RJ47GA4501,722000,1778137943000,1.891198497278509,1.382,0.2000000000007276,0.7163630671509503,1.929189350166189,0.7163630671509503,1778137221000-632578958264631296-938442824968306688,1.2999999999883585,,,,
966356141711818752,1778150745000-632578958264631296-966356141711818752,1778150745000,1778152198000,1,1.364,2.061,0.6618146530810287,632578958264631296,1778150745000,966356141711818752,RJ47GA4711,1453000,1778152198000,5.440739763621622,1.364,0.3500000000003638,2.060886274099099,0.6618511740034091,2.060886274099099,1778150745000-632578958264631296-966356141711818752,1.400000000023283,,,,
1182027923075366912,1778138501000-632578958264631296-1182027923075366912,1778138501000,1778138778000,1,1.362,0.562,2.4234875444839856,632578958264631296,1778138501000,1182027923075366912,RJ47GA6389,277000,1778138778000,1.4847674623655909,1.362,0.05701388888888889,0.5624119175627238,2.421712551722557,0.5624119175627238,1778138501000-632578958264631296-1182027923075366912,1.0,,,,
1113484110199783424,1778146670000-632578958264631296-1113484110199783424,1778146670000,1778146924000,1,1.361,0.391,3.4808184143222505,632578958264631296,1778146670000,1113484110199783424,RJ47GA3920,254000,1778146924000,1.032878632795699,1.361,0.06618055555555555,0.3912419063620071,3.47866621102878,0.3912419063620071,1778146670000-632578958264631296-1113484110199783424,1.0,,,,
1188144161019133952,1778167301000-632578958264631296-1188144161019133952,1778167301000,1778168357000,1,1.361,0.277,4.913357400722021,632578958264631296,1778167301000,1188144161019133952,RJ47GA6478,1056000,1778168357000,0.7314112685435976,1.361,0.0,0.2770497229331809,4.9124755859375,0.001,1778167301000-632578958264631296-1188144161019133952,1.400000000023283,,,,
848986467664396288,1778121835000-632578958264631296-848986467664396288,1778121835000,1778122054000,1,1.359,0.423,3.2127659574468086,632578958264631296,1778121835000,848986467664396288,RJ47GA3067,219000,1778122054000,1.1174811266666669,1.359,0.03059388888888889,0.42328830555555563,3.2105777130231496,0.42328830555555563,1778121835000-632578958264631296-848986467664396288,,['900758004201160714'],,900758004201160714,
1083727144086929408,1778121994000-632578958264631296-1083727144086929408,1778121994000,1778122752000,1,1.341,0.787,1.703939008894536,632578958264631296,1778121994000,1083727144086929408,RJ47GA6319,758000,1778122752000,2.077259458620691,1.341,0.1499999999996362,0.7868407040229889,1.7042839715125113,0.7868407040229889,1778121994000-632578958264631296-1083727144086929408,1.3000000000174623,,,,
1088511709141794816,1778149133000-632578958264631296-1088511709141794816,1778149133000,1778149592000,1,1.34,1.11,1.207207207207207,632578958264631296,1778149133000,1088511709141794816,RJ47GA5905,459000,1778149592000,2.931441595238095,1.34,0.0999999999994543,1.1103945436507936,1.2067782642323708,1.1103945436507936,1778149133000-632578958264631296-1088511709141794816,1.3999999999941792,,,,
1083726476706054144,1778145223000-632578958264631296-1083726476706054144,1778145223000,1778146396000,1,1.338,1.401,0.9550321199143469,632578958264631296,1778145223000,1083726476706054144,RJ47GA6362,1173000,1778146396000,3.6995878095552106,1.338,0.25,1.401359018770913,0.9547874470979727,1.401359018770913,1778145223000-632578958264631296-1083726476706054144,1.1999999999825377,,,,
966356141711818752,1778132678000-632578958264631296-966356141711818752,1778132678000,1778132952000,1,1.334,0.701,1.9029957203994297,632578958264631296,1778132678000,966356141711818752,RJ47GA4711,274000,1778132952000,1.849560573666667,1.334,0.06361,0.700591126388889,1.9041063321426,0.700591126388889,1778132678000-632578958264631296-966356141711818752,1.2999999999883585,,,,
1067763903368265728,1778134495000-632578958264631296-1067763903368265728,1778134495000,1778135282000,1,1.316,1.249,1.0536429143314652,632578958264631296,1778134495000,1067763903368265728,RJ47GA6239,787000,1778135282000,3.298385661427459,1.316,0.1499999999996362,1.2493885081164617,1.0533152749931722,1.2493885081164617,1778134495000-632578958264631296-1067763903368265728,1.3000000000174623,,,,
1083726476706054144,1778144173000-632578958264631296-1083726476706054144,1778144173000,1778145210000,1,1.315,1.452,0.9056473829201102,632578958264631296,1778144173000,1083726476706054144,RJ47GA6362,1037000,1778145210000,3.833895880383395,1.315,0.25,1.4522332880240132,0.905501898933373,1.4522332880240132,1778144173000-632578958264631296-1083726476706054144,1.5,,,,
836966844580495360,1778152275000-632578958264631296-836966844580495360,1778152275000,1778152620000,1,1.307,0.537,2.43389199255121,632578958264631296,1778152275000,836966844580495360,RJ47GA2578,345000,1778152620000,1.4175496996078432,1.307,0.09003,0.5369506437908497,2.434115714570399,0.5369506437908497,1778152275000-632578958264631296-836966844580495360,1.3599999999860302,['900758004192772103'],,900758004192772103,
1184409623537385472,1778118565000-632578958264631296-1184409623537385472,1778118565000,1778118787000,1,1.3,0.904,1.4380530973451326,632578958264631296,1778118565000,1184409623537385472,RJ47GA6472,222000,1778118787000,2.3868146217142865,1.3000000000174623,0.0,0.9040964476190478,1.4378996880709272,0.9040964476190478,1778118565000-632578958264631296-1184409623537385472,1.3000000000174623,,,,
1464286808345935872,1778123985000-632578958264631296-1464286808345935872,1778123985000,1778124094000,1,1.297,0.316,4.1044303797468356,632578958264631296,1778123985000,1464286808345935872,NL01AK1960,109000,1778124094000,0.8340954599999999,1.297,0.021899166666666667,0.31594524999999996,4.105141634507878,0.31594524999999996,1778123985000-632578958264631296-1464286808345935872,,,,,
1389244197004902400,1778142925000-632578958264631296-1389244197004902400,1778142925000,1778143597000,1,1.294,0.39,3.317948717948718,632578958264631296,1778142925000,1389244197004902400,NL01AJ6145,672000,1778143597000,1.030545406633499,1.294,0.1000000000003638,0.39035810857329506,3.314904882415255,0.39035810857329506,1778142925000-632578958264631296-1389244197004902400,1.375,,,,
970288452387995648,1778145214000-632578958264631296-970288452387995648,1778145214000,1778145398000,1,1.294,0.366,3.5355191256830603,632578958264631296,1778145214000,970288452387995648,RJ47GA3399,184000,1778145398000,0.9670347133333334,1.294,0.02317027777777778,0.3663010277777778,3.53261362068857,0.3663010277777778,1778145214000-632578958264631296-970288452387995648,,,,,
1464283595349688320,1778150540000-632578958264631296-1464283595349688320,1778150540000,1778150794000,1,1.288,0.541,2.3807763401109057,632578958264631296,1778150540000,1464283595349688320,NL01AK1961,254000,1778150794000,1.4273267066666668,1.288,0.04421194444444445,0.5406540555555556,2.382299710443308,0.5406540555555556,1778150540000-632578958264631296-1464283595349688320,,,,,
836966844580495360,1778150987000-632578958264631296-836966844580495360,1778150987000,1778151733000,1,1.284,0.728,1.763736263736264,632578958264631296,1778150987000,836966844580495360,RJ47GA2578,746000,1778151733000,1.9218577656140372,1.284,0.1500000000014552,0.7279764263689534,1.7637933777669366,0.7279764263689534,1778150987000-632578958264631296-836966844580495360,1.3699999999953434,['900758004192772103'],,900758004192772103,
635414692210147328,1778162866000-632578958264631296-635414692210147328,1778162866000,1778163383000,1,1.266,0.661,1.9152798789712555,632578958264631296,1778162866000,635414692210147328,RJ47GA2704,517000,1778163383000,1.74398860585098,1.266,0.12805555555555556,0.6606017446405227,1.916434539071517,0.6606017446405227,1778162866000-632578958264631296-635414692210147328,1.0599999999976717,['900758004196966400'],,900758004196966400,
947104748366987264,1778156725000-632578958264631296-947104748366987264,1778156725000,1778157400000,1,1.264,0.48,2.6333333333333333,632578958264631296,1778156725000,947104748366987264,RJ47GA2627,675000,1778157400000,1.2670574809670778,1.264,0.15000000000009095,0.47994601551783245,2.6336295315135,0.47994601551783245,1778156725000-632578958264631296-947104748366987264,1.375,,,,
1073966174624022528,1778142864000-632578958264631296-1073966174624022528,1778142864000,1778143333000,1,1.262,0.23,5.48695652173913,632578958264631296,1778142864000,1073966174624022528,RJ47GA6471,469000,1778143333000,0.6081626311332947,1.262,0.0,0.23036463300503587,5.478271484375,0.001,1778142864000-632578958264631296-1073966174624022528,,,,,
1385589008028925952,1778159269000-632578958264631296-1385589008028925952,1778159269000,1778159773000,1,1.259,1.121,1.1231043710972346,632578958264631296,1778159269000,1385589008028925952,NL01AJ5695,504000,1778159773000,2.9581724415646273,1.259,0.1235175,1.1205198642290255,1.1235856143132774,1.1205198642290255,1778159269000-632578958264631296-1385589008028925952,1.25,,,,
1113484110199783424,1778148188000-632578958264631296-1113484110199783424,1778148188000,1778148376000,1,1.255,0.264,4.753787878787878,632578958264631296,1778148188000,1113484110199783424,RJ47GA3920,188000,1778148376000,0.6977881273835,1.255,0.04798500000000001,0.26431368461496213,4.748146134878397,0.18442092713365543,1778148188000-632578958264631296-1113484110199783424,,,,,
1482772108667781120,1778124042000-632578958264631296-1482772108667781120,1778124042000,1778124207000,1,1.25,0.345,3.6231884057971016,632578958264631296,1778124042000,1482772108667781120,NL01AK3101,165000,1778124207000,0.9102620394202899,1.25,0.04393416666666667,0.3447962270531401,3.6253296930866634,0.3447962270531401,1778124042000-632578958264631296-1482772108667781120,1.25,,,,
1067774958987378688,1778094468000-632578958264631296-1067774958987378688,1778094468000,1778095135000,1,1.245,1.378,0.9034833091436867,632578958264631296,1778094468000,1067774958987378688,RJ47GA6419,667000,1778095135000,3.6381195659170023,1.245,0.1499999999996362,1.3780755931503796,0.9034337493445049,1.3780755931503796,1778094468000-632578958264631296-1067774958987378688,1.2000000000116415,,,,
836966844580495360,1778126912000-632578958264631296-836966844580495360,1778126912000,1778127161000,1,1.242,0.565,2.1982300884955754,632578958264631296,1778126912000,836966844580495360,RJ47GA2578,249000,1778127161000,1.4912162608820516,1.242,0.06777777777777777,0.5648546442735044,2.198795765585703,0.5648546442735044,1778126912000-632578958264631296-836966844580495360,,['900758004192772103'],,900758004192772103,
1536014556927623168,1778133107000-632578958264631296-1536014556927623168,1778133107000,1778133755000,1,1.23,0.451,2.727272727272727,632578958264631296,1778133107000,1536014556927623168,NL01AK9196,648000,1778133755000,1.1914300678446115,1.23,0.10000000000002274,0.4512992681229589,2.72546420275798,0.4512992681229589,1778133107000-632578958264631296-1536014556927623168,1.2300000000000182,,,,
1079026604165824512,1778145683000-632578958264631296-1079026604165824512,1778145683000,1778146690000,1,1.223,0.624,1.9599358974358976,632578958264631296,1778145683000,1079026604165824512,RJ47GA5876,1007000,1778146690000,1.647814027589059,1.223,0.25,0.6241719801473707,1.9593958698870821,0.6241719801473707,1778145683000-632578958264631296-1079026604165824512,1.1849999999976717,,,,
1182027923075366912,1778142609000-632578958264631296-1182027923075366912,1778142609000,1778143073000,1,1.223,0.863,1.417149478563152,632578958264631296,1778142609000,1182027923075366912,RJ47GA6389,464000,1778143073000,2.278909433407211,1.223,0.10000083333333333,0.8632232702300042,1.4167829369036056,0.8632232702300042,1778142609000-632578958264631296-1182027923075366912,1.2000000000116415,,,,
1094226778622263296,1778142498000-632578958264631296-1094226778622263296,1778142498000,1778142801000,1,1.217,0.545,2.23302752293578,632578958264631296,1778142498000,1094226778622263296,RJ47GA6284,303000,1778142801000,1.4399014635854346,1.217,0.06701388888888889,0.5454172210550888,2.2313193515337852,0.5454172210550888,1778142498000-632578958264631296-1094226778622263296,1.2000000000116415,,,,
939546232131420160,1778178424000-632578958264631296-939546232131420160,1778178424000,1778178974000,1,1.213,1.143,1.0612423447069117,632578958264631296,1778178424000,939546232131420160,RJ14GN1567,550000,1778178974000,3.0183919464880016,1.213,0.1500000000014552,1.1433302827606067,1.060935775330969,1.1433302827606064,1778178424000-632578958264631296-939546232131420160,1.2000000000116415,,,,
1073966174624022528,1778123862000-632578958264631296-1073966174624022528,1778123862000,1778124275000,1,1.202,0.222,5.414414414414414,632578958264631296,1778123862000,1073966174624022528,RJ47GA6471,413000,1778124275000,0.5855108284156945,1.202,0.0,0.22178440470291455,5.419677734375,0.001,1778123862000-632578958264631296-1073966174624022528,,,,,
862693652038680576,1778106976000-632578958264631296-862693652038680576,1778106976000,1778107498000,1,1.2,1.09,1.1009174311926604,632578958264631296,1778106976000,862693652038680576,RJ47GA4378,522000,1778107498000,2.8768242128606403,1.2,0.13055611111111112,1.089706141235091,1.10121431328257,1.089706141235091,1778106976000-632578958264631296-862693652038680576,1.2999999999883585,['900758004234715138'],,900758004234715138,0.0
790970372676648960,1778118607000-632578958264631296-790970372676648960,1778118607000,1778118757000,1,1.195,0.438,2.7283105022831053,632578958264631296,1778118607000,790970372676648960,RJ47GA3186,150000,1778118757000,1.1573937326666668,1.195,0.037407222222222224,0.438406716919192,2.7257794050182516,0.438406716919192,1778118607000-632578958264631296-790970372676648960,,['900758004222132226'],,900758004222132226,
1535695002116554752,1778156589000-632578958264631296-1535695002116554752,1778156589000,1778157050000,1,1.188,0.588,2.020408163265306,632578958264631296,1778156589000,1535695002116554752,NL01AK7895,461000,1778157050000,1.5521461043376075,1.188,0.11296277777777777,0.5879341304309119,2.020634520961191,0.5879341304309119,1778156589000-632578958264631296-1535695002116554752,,,,,
1050035879038418944,1778164277000-632578958264631296-1050035879038418944,1778164277000,1778165366000,1,1.186,1.128,1.0514184397163122,632578958264631296,1778164277000,1050035879038418944,RJ47GA6473,1089000,1778165366000,2.9773615248598126,1.186,0.278125,1.1277884563862925,1.0516156583125804,1.1277884563862925,1778164277000-632578958264631296-1050035879038418944,1.2000000000116415,,,,
786329294770012160,1778176087000-632578958264631296-786329294770012160,1778176087000,1778177163000,1,1.182,1.178,1.00339558573854,632578958264631296,1778176087000,786329294770012160,RJ47GA3336,1076000,1778177163000,3.1102953221890544,1.182,0.2000000000007276,1.1781421674958539,1.0032745050729708,1.1781421674958539,1778176087000-632578958264631296-786329294770012160,1.2600000000093132,['900758004226326533'],,900758004226326533,
780059706918961152,1778110178000-632578958264631296-780059706918961152,1778110178000,1778110427000,1,1.169,0.515,2.2699029126213595,632578958264631296,1778110178000,780059706918961152,RJ47GA3183,249000,1778110427000,1.3583619322871794,1.169,0.0575,0.5145310349572649,2.271971796797627,0.5145310349572649,1778110178000-632578958264631296-780059706918961152,,['900758004217937931'],,900758004217937931,
928334310946111488,1778142383000-632578958264631296-928334310946111488,1778142383000,1778142941000,1,1.168,0.379,3.0817941952506596,632578958264631296,1778142383000,928334310946111488,RJ47GA4016,558000,1778142941000,0.9996237077682164,1.168,0.1000000000003638,0.3786453438515971,3.0846807414005215,0.3786453438515971,1778142383000-632578958264631296-928334310946111488,1.25,,,,
1067774753596506112,1778146789000-632578958264631296-1067774753596506112,1778146789000,1778147276000,1,1.155,0.547,2.1115173674588665,632578958264631296,1778146789000,1067774753596506112,RJ47GA6417,487000,1778147276000,1.4447559141604016,1.155,0.1499999999996362,0.5472560280910612,2.110529515826206,0.5472560280910612,1778146789000-632578958264631296-1067774753596506112,1.1000000000058208,,,,
947104748366987264,1778117849000-632578958264631296-947104748366987264,1778117849000,1778118202000,1,1.15,1.094,1.0511882998171844,632578958264631296,1778117849000,947104748366987264,RJ47GA2627,353000,1778118202000,2.8880573395934968,1.15,0.08481444444444444,1.093961113482385,1.051225665909849,1.093961113482385,1778117849000-632578958264631296-947104748366987264,1.25,,,,
1182027923075366912,1778095893000-632578958264631296-1182027923075366912,1778095893000,1778096299000,1,1.149,0.745,1.542281879194631,632578958264631296,1778095893000,1182027923075366912,RJ47GA6389,406000,1778096299000,1.9664012820536538,1.149,0.0914125,0.7448489704748689,1.5425946004429192,0.7448489704748689,1778095893000-632578958264631296-1182027923075366912,1.2000000000116415,,,,
1176134230934028288,1778130603000-632578958264631296-1176134230934028288,1778130603000,1778131521000,1,1.142,1.482,0.7705802968960863,632578958264631296,1778130603000,1176134230934028288,RJ47GA6323,918000,1778131521000,3.9125652593566658,1.142,0.1999999999998181,1.4820322952108582,0.7705635050533904,1.4820322952108582,1778130603000-632578958264631296-1176134230934028288,1.1000000000058208,,,,
786246735176400896,1778128738000-632578958264631296-786246735176400896,1778128738000,1778128916000,1,1.142,0.325,3.5138461538461536,632578958264631296,1778128738000,786246735176400896,RJ47GA3340,178000,1778128916000,0.8567398834210526,1.142,0.0374075,0.32452268311403504,3.5190144153920637,0.32452268311403504,1778128738000-632578958264631296-786246735176400896,,['900758004226326541'],,900758004226326541,
1385305434218299392,1778143756000-632578958264631296-1385305434218299392,1778143756000,1778144139000,1,1.14,0.545,2.0917431192660545,632578958264631296,1778143756000,1385305434218299392,NL01AJ5697,383000,1778144139000,1.4385243859206356,1.14,0.09363527777777778,0.5448956007275134,2.092143886788473,0.5448956007275134,1778143756000-632578958264631296-1385305434218299392,,,,,
944590362620461056,1778155319000-632578958264631296-944590362620461056,1778155319000,1778155744000,1,1.136,0.253,4.490118577075099,632578958264631296,1778155319000,944590362620461056,RJ47GA3517,425000,1778155744000,0.6687023670380953,1.136,0.10865722222222222,0.25329635115079363,4.4848652372560665,0.25329635115079363,1778155319000-632578958264631296-944590362620461056,1.125,,,,
1357047782162038784,1778164665000-632578958264631296-1357047782162038784,1778164665000,1778165302000,1,1.13,0.917,1.2322791712104688,632578958264631296,1778164665000,1357047782162038784,NL01AJ3746,637000,1778165302000,2.4212680998378335,1.13,0.15000000000009095,0.9171470075143309,1.2320816518417774,0.9171470075143309,1778164665000-632578958264631296-1357047782162038784,1.125,,,,
1083727144086929408,1778161809000-632578958264631296-1083727144086929408,1778161809000,1778162487000,1,1.129,0.582,1.9398625429553267,632578958264631296,1778161809000,1083727144086929408,RJ47GA6319,678000,1778162487000,1.53530022962963,1.129,0.1499999999996362,0.5815531172839508,1.941353191042653,0.5815531172839508,1778161809000-632578958264631296-1083727144086929408,1.1000000000058208,,,,
1168836102002311168,1778127754000-632578958264631296-1168836102002311168,1778127754000,1778128299000,1,1.125,0.927,1.2135922330097086,632578958264631296,1778127754000,1168836102002311168,RJ47GA2649,545000,1778128299000,2.446710541440781,1.125,0.1000000000003638,0.9267842960002959,1.2138746899954387,0.9267842960002958,1778127754000-632578958264631296-1168836102002311168,1.125,,,,
1073966174624022528,1778127868000-632578958264631296-1073966174624022528,1778127868000,1778128329000,1,1.118,0.214,5.224299065420562,632578958264631296,1778127868000,1073966174624022528,RJ47GA6471,461000,1778128329000,0.5662236956957475,1.118,0.0,0.21447867261202555,5.2126394964331535,0.13801518388845757,1778127868000-632578958264631296-1073966174624022528,,,,,
1389244302743306240,1778122531000-632578958264631296-1389244302743306240,1778122531000,1778122771000,1,1.117,0.586,1.9061433447098977,632578958264631296,1778122531000,1389244302743306240,NL01AJ6144,240000,1778122771000,1.5469808826086957,1.117,0.055417499999999995,0.5859776070487484,1.906216187382524,0.5859776070487484,1778122531000-632578958264631296-1389244302743306240,1.0,,,,
947092625956012032,1778164187000-632578958264631296-947092625956012032,1778164187000,1778165490000,1,1.113,0.499,2.2304609218436875,632578958264631296,1778164187000,947092625956012032,RJ47GA3398,1303000,1778165490000,1.3166680989324502,1.113,0.2999999999992724,0.4987379162622917,2.2316330154747273,0.4987379162622917,1778164187000-632578958264631296-947092625956012032,1.25,,,,
1083726476706054144,1778129839000-632578958264631296-1083726476706054144,1778129839000,1778131276000,1,1.101,1.541,0.7144711226476315,632578958264631296,1778129839000,1083726476706054144,RJ47GA6362,1437000,1778131276000,4.068952088531572,1.101,0.3500000000003638,1.5412697305043832,0.7143460863529032,1.5412697305043832,1778129839000-632578958264631296-1083726476706054144,1.1000000000058208,,,,
966383863687282688,1778142734000-632578958264631296-966383863687282688,1778142734000,1778143627000,1,1.1,0.467,2.355460385438972,632578958264631296,1778142734000,966383863687282688,RJ47GA4672,893000,1778143627000,1.2330740129553865,1.1,0.1999999999989086,0.4670734897558282,2.3550897752194127,0.4670734897558282,1778142734000-632578958264631296-966383863687282688,,,,,
943859348893859840,1778165976000-632578958264631296-943859348893859840,1778165976000,1778166588000,1,1.099,0.654,1.6804281345565748,632578958264631296,1778165976000,943859348893859840,RJ47GA1998,612000,1778166588000,1.7253852898591548,1.099,0.1499999999996362,0.6535550340375587,1.6815722360985477,0.6535550340375587,1778165976000-632578958264631296-943859348893859840,,,,,
1398705978894974976,1778142537000-632578958264631296-1398705978894974976,1778142537000,1778143073000,1,1.096,1.085,1.0101382488479265,632578958264631296,1778142537000,1398705978894974976,NL01AH7651,536000,1778143073000,2.8646858360983116,1.096,0.0999999999994543,1.0851082712493605,1.0100374580484022,1.0851082712493605,1778142537000-632578958264631296-1398705978894974976,1.0599999999976717,,,,
1067775916656033792,1778124773000-632578958264631296-1067775916656033792,1778124773000,1778125089000,1,1.087,0.231,4.705627705627705,632578958264631296,1778124773000,1067775916656033792,RJ14GP9559,316000,1778125089000,0.6088499446262043,1.087,0.048244722222222224,0.2306249790250774,4.713279561455497,0.20803533065648663,1778124773000-632578958264631296-1067775916656033792,,,,,
947091862986948608,1778142943000-632578958264631296-947091862986948608,1778142943000,1778143677000,1,1.084,0.461,2.351409978308026,632578958264631296,1778142943000,947091862986948608,RJ47GA3376,734000,1778143677000,1.2165314707618191,1.084,0.1499999999996362,0.4608073752885678,2.352392904564896,0.4608073752885678,1778142943000-632578958264631296-947091862986948608,1.0,,,,
1083778254826897408,1778158340000-632578958264631296-1083778254826897408,1778158340000,1778159166000,1,1.08,0.661,1.6338880484114977,632578958264631296,1778158340000,1083778254826897408,RJ47GA3529,826000,1778159166000,1.743769121693122,1.08,0.1499999999996362,0.6605186067019401,1.6350788441715338,0.6605186067019401,1778158340000-632578958264631296-1083778254826897408,1.125,,,,
1176134230934028288,1778172477000-632578958264631296-1176134230934028288,1778172477000,1778172862000,1,1.08,0.533,2.026266416510319,632578958264631296,1778172477000,1176134230934028288,RJ47GA6323,385000,1778172862000,1.4071938380620153,1.08,0.08925944444444443,0.5330279689628845,2.026160094565698,0.5330279689628845,1778172477000-632578958264631296-1176134230934028288,1.1000000000058208,,,,
786329294770012160,1778177265000-632578958264631296-786329294770012160,1778177265000,1778177906000,1,1.08,0.506,2.1343873517786562,632578958264631296,1778177265000,786329294770012160,RJ47GA3336,641000,1778177906000,1.3346957405128206,1.08,0.16929416666666663,0.5055665683760684,2.136217201760533,0.5055665683760684,1778177265000-632578958264631296-786329294770012160,1.0499999999883585,['900758004226326533'],,900758004226326533,
1131239834900234240,1778131692000-632578958264631296-1131239834900234240,1778131692000,1778132037000,1,1.079,0.233,4.630901287553647,632578958264631296,1778131692000,1131239834900234240,RJ47GA6181,345000,1778132037000,0.6151245099999999,1.079,0.04120277777777778,0.23300170833333328,4.630867334484852,0.2330017083333333,1778131692000-632578958264631296-1131239834900234240,,,,,
1050766698002513920,1778158615000-632578958264631296-1050766698002513920,1778158615000,1778159483000,1,1.077,0.829,1.299155609167672,632578958264631296,1778158615000,1050766698002513920,RJ47GA3882,868000,1778159483000,2.1875647791301387,1.077,0.2000000000007276,0.8286230223977799,1.2997466530479609,0.8286230223977799,1778158615000-632578958264631296-1050766698002513920,1.125,,,,
944589217739046912,1778151899000-632578958264631296-944589217739046912,1778151899000,1778152192000,1,1.068,0.68,1.5705882352941176,632578958264631296,1778151899000,944589217739046912,RJ47GA2631,293000,1778152192000,1.7939958017142872,1.068,0.07699166666666667,0.6795438642857148,1.5716424739153536,0.6795438642857148,1778151899000-632578958264631296-944589217739046912,,,,,
1536014618822967296,1778164165000-632578958264631296-1536014618822967296,1778164165000,1778165209000,1,1.065,0.764,1.3939790575916229,632578958264631296,1778164165000,1536014618822967296,NL01AK9203,1044000,1778165209000,2.0160318187493553,1.065,0.25,0.7636484161929376,1.3946208456889213,0.7636484161929376,1778164165000-632578958264631296-1536014618822967296,1.099999999999909,,,,
1082303861131051008,1778160170000-632578958264631296-1082303861131051008,1778160170000,1778160917000,1,1.064,0.95,1.12,632578958264631296,1778160170000,1082303861131051008,RJ47GA5902,747000,1778160917000,2.5091378091911554,1.064,0.1999999999998181,0.9504309883299831,1.1194921178544177,0.950430988329983,1778160170000-632578958264631296-1082303861131051008,1.1000000000058208,,,,
947104127047958528,1778109770000-632578958264631296-947104127047958528,1778109770000,1778109901000,1,1.059,0.324,3.268518518518518,632578958264631296,1778109770000,947104127047958528,RJ47GA1393,131000,1778109901000,0.856085893918439,1.059,0.0,0.3242749598175905,3.2657470703125,0.001,1778109770000-632578958264631296-947104127047958528,,,,,
877447351826907136,1778140535000-632578958264631296-877447351826907136,1778140535000,1778140844000,1,1.057,0.375,2.8186666666666667,632578958264631296,1778140535000,877447351826907136,RJ14GN1571,309000,1778140844000,0.9892594598039214,1.057,0.05432972222222222,0.3747194923499702,2.8207766651562713,0.3747194923499702,1778140535000-632578958264631296-877447351826907136,1.0,,,,
869905949161160704,1778149050000-632578958264631296-869905949161160704,1778149050000,1778150020000,1,1.052,0.957,1.0992685475444097,632578958264631296,1778149050000,869905949161160704,RJ47GA4504,970000,1778150020000,2.526309742969019,1.052,0.1000000000003638,0.9569355087003859,1.0993426311755545,0.9569355087003859,1778149050000-632578958264631296-869905949161160704,1.099999999976717,,,,0.0
1079796452147855360,1778163850000-632578958264631296-1079796452147855360,1778163850000,1778164886000,1,1.041,0.39,2.669230769230769,632578958264631296,1778163850000,1079796452147855360,RJ47GA3909,1036000,1778164886000,1.0299821882070854,1.041,0.25,0.3901447682602596,2.6682403166446274,0.3901447682602596,1778163850000-632578958264631296-1079796452147855360,1.125,,,,
908732861828300800,1778134285000-632578958264631296-908732861828300800,1778134285000,1778134636000,1,1.038,0.584,1.7773972602739727,632578958264631296,1778134285000,908732861828300800,RJ47GA2126,351000,1778134636000,1.5427610137979093,1.038,0.093125,0.5843791718931475,1.776244003764385,0.5843791718931475,1778134285000-632578958264631296-908732861828300800,1.125,,,,
1113484110199783424,1778159185000-632578958264631296-1113484110199783424,1778159185000,1778159949000,1,1.031,0.538,1.9163568773234199,632578958264631296,1778159185000,1113484110199783424,RJ47GA3920,764000,1778159949000,1.4215316702836882,1.031,0.1999999999989086,0.5384589660165485,1.9147234331098761,0.5384589660165485,1778159185000-632578958264631296-1113484110199783424,1.0,,,,
1385589109656911872,1778149296000-632578958264631296-1385589109656911872,1778149296000,1778149455000,1,1.023,0.313,3.2683706070287535,632578958264631296,1778149296000,1385589109656911872,NL01AJ5693,159000,1778149455000,0.8266897222222225,1.023,0.03791666666666667,0.3131400462962964,3.266908886613712,0.3131400462962964,1778149296000-632578958264631296-1385589109656911872,,,,,
1094226815196594176,1778173981000-632578958264631296-1094226815196594176,1778173981000,1778174313000,1,1.02,0.527,1.9354838709677418,632578958264631296,1778173981000,1094226815196594176,RJ14GP9552,332000,1778174313000,1.3924325519607836,1.02,0.07182861111111112,0.5274365727124181,1.9338818215705142,0.5274365727124181,1778173981000-632578958264631296-1094226815196594176,1.0,,,,
1094226815196594176,1778170600000-632578958264631296-1094226815196594176,1778170600000,1778170928000,1,1.009,0.488,2.067622950819672,632578958264631296,1778170600000,1094226815196594176,RJ14GP9552,328000,1778170928000,1.2891438335052912,1.009,0.08157333333333333,0.48831205814594364,2.066301626527593,0.4883120581459436,1778170600000-632578958264631296-1094226815196594176,1.0,,,,
1294723291725955072,1778139685000-632578958264631296-1294723291725955072,1778139685000,1778140498000,1,1.003,0.87,1.1528735632183906,632578958264631296,1778139685000,1294723291725955072,NL01AH7658,813000,1778140498000,2.2974318713513524,1.003,0.20000000000027285,0.8702393452088455,1.1525564840547329,0.8702393452088455,1778139685000-632578958264631296-1294723291725955072,,,,,
1046443765134262272,1778123997000-632578958264631296-1046443765134262272,1778123997000,1778124383000,1,1.002,0.374,2.679144385026738,632578958264631296,1778123997000,1046443765134262272,RJ47GA4014,386000,1778124383000,0.9866707909756098,1.002,0.10145833333333334,0.37373893597560975,2.681015820266023,0.37373893597560975,1778123997000-632578958264631296-1046443765134262272,,,,,
1466797477431607296,1778125904000-632578958264631296-1466797477431607296,1778125904000,1778127323000,1,1.002,0.978,1.0245398773006136,632578958264631296,1778125904000,1466797477431607296,NL01AK2192,1419000,1778127323000,2.583013548707263,1.002,0.3500000000001364,0.9784142229951753,1.0241061264753721,0.9784142229951754,1778125904000-632578958264631296-1466797477431607296,1.0,,,,
932334786138079232,1778115500000-632578958264631296-932334786138079232,1778115500000,1778116583000,1,1.002,1.813,0.5526751241036956,632578958264631296,1778115500000,932334786138079232,RJ47GA4717,1083000,1778116583000,4.786100546203731,1.002,0.0,1.8129168735620194,0.552700465538318,1.8129168735620194,1778115500000-632578958264631296-932334786138079232,1.0,,,,
942426738309201920,1778144599000-632578958264631296-942426738309201920,1778144599000,1778144840000,1,1.002,0.241,4.157676348547718,632578958264631296,1778144599000,942426738309201920,RJ47GA2613,241000,1778144840000,0.6374261666666665,1.002,0.05581027777777778,0.2414493055555555,4.149939457040385,0.24144930555555552,1778144599000-632578958264631296-942426738309201920,1.0,,,,
939545096838184960,1778129508000-632578958264631296-939545096838184960,1778129508000,1778130427000,1,1.0,1.503,0.6653359946773121,632578958264631296,1778129508000,939545096838184960,RJ14GN1582,919000,1778130427000,3.968230572785333,1.0,0.0,1.5031176412065654,0.6652839222865427,1.5046207588477718,1778129508000-632578958264631296-939545096838184960,1.0,,,,
