vehicle_id_agg,trip_id,start_time_agg,end_time_agg,counts,total_distance,total_fuel_consumed,mean_mileage,account_id,start_time_trips,vehicle_id_trips,vehicle_plate,duration,end_time_trips,carbon_emission,fuel_consumed,mileage,odo_distance_km,raw_fuel_consumed,id,distance,engine_hours,active_driver,driver_ids,vehicle_device_type
739497118649024512,1783427908000-642689989225816064-739497118649024512,1783427908000,1783484020000,2,671.995,180.414,3.724738656645272,642689989225816064,1783427908000,739497118649024512,MP13P8127,56112000,1783484020000,476.44306645264294,180.470858504789,3.723692598171839,,180.470858504789,1783427908000-642689989225816064-739497118649024512,672.018,0.0,,,
588522082246086656,1783385209000-642689989225816064-588522082246086656,1783385209000,1783442838000,2,647.842,147.619,4.388608512454359,642689989225816064,1783385209000,588522082246086656,MP09BP1475,57629000,1783442838000,389.67590466098784,147.60450934128326,4.389201948444805,,123.293633140706,1783385209000-642689989225816064-588522082246086656,647.866,9.772027777777769,,,
1439682401377714176,1783442443000-642689989225816064-1439682401377714176,1783442443000,1783477129000,4,633.836,170.631,3.714659118214158,642689989225816064,1783442443000,1439682401377714176,mp09an6583,34686000,1783477129000,309.0909306287869,117.07989796544958,3.6454251106876687,440.6000000000058,117.07989796544958,1783442443000-642689989225816064-1439682401377714176,426.806,9.349999999999909,,,
1429476090367180800,1783441692000-642689989225816064-1429476090367180800,1783441692000,1783484943000,3,620.452,162.757,3.812137112382263,642689989225816064,1783441692000,1429476090367180800,MP09AN1563,43251000,1783484943000,428.1677456629658,162.1847521450628,3.8258282100712813,643.6000000000058,162.1847521450628,1783441692000-642689989225816064-1429476090367180800,620.491,11.899999999999636,,,
739919483375714304,1783431840000-642689989225816064-739919483375714304,1783431840000,1783485950000,5,582.248,170.151,3.4219487396489003,642689989225816064,1783431840000,739919483375714304,MP13P8163,54110000,1783485950000,449.4339041357811,170.24011520294738,3.421279404714102,,170.24011520294738,1783431840000-642689989225816064-739919483375714304,582.439,0.0,,,
718906843354628096,1783393772000-642689989225816064-718906843354628096,1783393772000,1783435448000,4,579.764,245.463,2.361920126454904,642689989225816064,1783393772000,718906843354628096,MP09DK7263,41676000,1783435448000,624.36,236.5,2.4423044397463003,565.0409241699381,236.5,1783393772000-642689989225816064-718906843354628096,577.605,0.0,,,
739508566909517824,1783440910000-642689989225816064-739508566909517824,1783440910000,1783477292000,3,522.399,122.127,4.277506202559631,642689989225816064,1783440910000,739508566909517824,MP13P8154,36382000,1783477292000,257.11085320806603,97.39047470002501,4.219581034652196,416.0,97.39047470002501,1783440910000-642689989225816064-739508566909517824,410.947,0.0,,,
1430193762327330816,1783448154000-642689989225816064-1430193762327330816,1783448154000,1783480620000,1,497.143,128.091,3.8811704179060196,642689989225816064,1783448154000,1430193762327330816,MP09AN2545,32466000,1783480620000,338.1614959146915,128.09147572526192,3.881156003435399,511.8999999999942,128.09147572526192,1783448154000-642689989225816064-1430193762327330816,497.143,8.800000000000182,,,
1531026470644744192,1783454066000-642689989225816064-1531026470644744192,1783454066000,1783467417000,1,425.82,78.492,5.425011466136676,642689989225816064,1783454066000,1531026470644744192,MP09BM0987,13351000,1783467417000,207.21869424971712,78.49192964004436,5.425016329102434,,54.41743714356278,1783454066000-642689989225816064-1531026470644744192,425.82,3.6658333333334667,,,
1440684104986132480,1783441328000-642689989225816064-1440684104986132480,1783441328000,1783472165000,7,413.131,103.154,4.00499253543246,642689989225816064,1783441328000,1440684104986132480,MP09AN6571,30837000,1783472165000,273.6518399999879,103.6559999999954,3.9875839314657937,425.0,103.6559999999954,1783441328000-642689989225816064-1440684104986132480,413.337,8.199999999999818,,,
1425525382987120640,1783448607000-642689989225816064-1425525382987120640,1783448607000,1783476081000,2,391.323,105.218,3.7191640213651653,642689989225816064,1783448607000,1425525382987120640,MP09AM6115,27474000,1783476081000,277.60397788417777,105.1530219258249,3.721528804717041,405.4000000000233,105.1530219258249,1783448607000-642689989225816064-1425525382987120640,391.33,7.399999999999636,,,
1531014613364113408,1783459164000-642689989225816064-1531014613364113408,1783459164000,1783472910000,1,385.923,66.319,5.819192086732309,642689989225816064,1783459164000,1531014613364113408,MP09BM0929,13746000,1783472910000,175.0818060537682,66.31886592945764,5.819203850839373,,55.0264602338211,1783459164000-642689989225816064-1531014613364113408,385.923,3.7902777777776464,,,
1531014613364113408,1783392562000-642689989225816064-1531014613364113408,1783392562000,1783408874000,1,377.092,66.698,5.653722750307356,642689989225816064,1783392562000,1531014613364113408,MP09BM0929,16312000,1783408874000,176.0819458591643,66.69770676483496,5.653747606788998,,66.69770676483496,1783392562000-642689989225816064-1531014613364113408,377.092,4.475833333333185,,,
739928272518774784,1783440776000-642689989225816064-739928272518774784,1783440776000,1783468783000,2,354.98199999999997,84.418,4.205051055462104,642689989225816064,1783440776000,739928272518774784,MP13P7218,28007000,1783468783000,231.97010289976032,87.86746321960618,4.040050628442293,324.125,77.50680172548539,1783440776000-642689989225816064-739928272518774784,354.989,0.0,,,
739915798490906624,1783453141000-642689989225816064-739915798490906624,1783453141000,1783480436000,2,344.356,86.89099999999999,3.9630801809163207,642689989225816064,1783453141000,739915798490906624,MP13P5481,27295000,1783480436000,229.4706974854342,86.92071874448264,3.9620012923772534,,86.92071874448264,1783453141000-642689989225816064-739915798490906624,344.38,7.549999999999272,,,
589014414737289216,1783385049000-642689989225816064-589014414737289216,1783385049000,1783414498000,1,339.855,74.823,4.542119401788221,642689989225816064,1783385049000,589014414737289216,MP09BP1574,29449000,1783414498000,197.53364298953002,74.82334961724622,4.542098178422982,,60.796309833333346,1783385049000-642689989225816064-589014414737289216,339.855,4.924604166666664,,,
1530989903863611392,1783415773000-642689989225816064-1530989903863611392,1783415773000,1783431368000,1,339.766,64.035,5.305942062934333,642689989225816064,1783415773000,1530989903863611392,MP09BL8795,15595000,1783431368000,169.05340171624616,64.03537943797203,5.3059106228786375,,64.03537943797203,1783415773000-642689989225816064-1530989903863611392,339.766,4.3025000000002365,,,
1515667522240643072,1783392283000-642689989225816064-1515667522240643072,1783392283000,1783423915000,2,335.84299999999996,74.745,4.493183490534483,642689989225816064,1783392283000,1515667522240643072,MP09BJ5830,31632000,1783423915000,197.06195760562622,74.64468091122205,4.49947666598581,,60.925122896576966,1783392283000-642689989225816064-1515667522240643072,335.862,5.452305555555548,,,
589017381083291648,1783416857000-642689989225816064-589017381083291648,1783416857000,1783446570000,1,335.17,73.221,4.577511915980388,642689989225816064,1783416857000,589017381083291648,MP09BP1514,29713000,1783446570000,193.30310464269465,73.22087297071766,4.577519857405148,,60.07060569417212,1783416857000-642689989225816064-589017381083291648,335.17,5.013138888888885,,,
1527036626096619520,1783387424000-642689989225816064-1527036626096619520,1783387424000,1783415070000,1,334.894,85.871,3.8999662284123864,642689989225816064,1783387424000,1527036626096619520,MP09BJ9703,27646000,1783415070000,226.6994323586715,85.87099710555738,3.8999663598680447,,85.87099710555738,1783387424000-642689989225816064-1527036626096619520,334.894,7.6416666666666515,,,
1527036626096619520,1783416486000-642689989225816064-1527036626096619520,1783416486000,1783444274000,1,333.452,83.415,3.997506443685188,642689989225816064,1783416486000,1527036626096619520,MP09BJ9703,27788000,1783444274000,220.21519497546794,83.41484658161664,3.9975137959851827,,83.41484658161664,1783416486000-642689989225816064-1527036626096619520,333.452,7.680555555555657,,,
566305825849643008,1783390267000-642689989225816064-566305825849643008,1783390267000,1783414089000,1,333.424,70.832,4.707250960018071,642689989225816064,1783390267000,566305825849643008,MP09AF2745,23822000,1783414089000,186.99754041413064,70.83240167201917,4.707224266429357,,52.48809639242919,1783390267000-642689989225816064-566305825849643008,333.424,3.864423611111121,,,
593179711849402368,1783407121000-642689989225816064-593179711849402368,1783407121000,1783439667000,1,332.095,75.626,4.391280776452543,642689989225816064,1783407121000,593179711849402368,MP09BP1422,32546000,1783439667000,199.65264993221146,75.62600376220131,4.391280557997495,,63.75720268755237,1783407121000-642689989225816064-593179711849402368,332.095,5.482895833333322,,,
1514683047356661760,1783391618000-642689989225816064-1514683047356661760,1783391618000,1783423484000,1,331.986,72.803,4.560059338214085,642689989225816064,1783391618000,1514683047356661760,MP09BJ5826,31866000,1783423484000,192.19886052664725,72.80259868433608,4.560084474998677,,59.8598658169935,1783391618000-642689989225816064-1514683047356661760,331.986,5.443006944444433,,,
1514683047356661760,1783425673000-642689989225816064-1514683047356661760,1783425673000,1783455953000,1,329.0,69.704,4.7199586824285555,642689989225816064,1783425673000,1514683047356661760,MP09BJ5826,30280000,1783455953000,184.01764542174593,69.70365356884315,4.719982140893971,,54.49322313264817,1783425673000-642689989225816064-1514683047356661760,329.0,5.078395833333332,,,
1531026470644744192,1783386632000-642689989225816064-1531026470644744192,1783386632000,1783402841000,1,325.454,61.271,5.311713534951282,642689989225816064,1783386632000,1531026470644744192,MP09BM0987,16209000,1783402841000,161.75513253560513,61.27088353621406,5.311723631464217,197.44000000000233,61.27088353621406,1783386632000-642689989225816064-1531026470644744192,325.454,4.453888888888741,,,
1425523015684194304,1783456528000-642689989225816064-1425523015684194304,1783456528000,1783478165000,1,324.836,90.345,3.595506115446345,642689989225816064,1783456528000,1425523015684194304,MP09AM6184,21637000,1783478165000,238.51076780240075,90.34498780393967,3.595506600819253,337.1000000000058,90.34460967901568,1783456528000-642689989225816064-1425523015684194304,324.836,5.5746980555557375,,,
1531026470644744192,1783407284000-642689989225816064-1531026470644744192,1783407284000,1783421580000,1,321.802,65.84,4.887636695018226,642689989225816064,1783407284000,1531026470644744192,MP09BM0987,14296000,1783421580000,173.81850641941855,65.84034334068885,4.887611207232705,194.31999999999243,65.84034334068885,1783407284000-642689989225816064-1531026470644744192,321.802,3.941944444444289,,,
1531014613364113408,1783413855000-642689989225816064-1531014613364113408,1783413855000,1783428997000,1,312.059,69.039,4.520039398021408,642689989225816064,1783413855000,1531014613364113408,MP09BM0929,15142000,1783428997000,182.26263270025274,69.038876022823,4.520047514922447,194.5500000000029,69.038876022823,1783413855000-642689989225816064-1531014613364113408,312.059,4.156944444444434,,,
582170543017459712,1783417728000-642689989225816064-582170543017459712,1783417728000,1783446789000,1,309.492,65.815,4.702453847907012,642689989225816064,1783417728000,582170543017459712,MP09AF2763,29061000,1783446789000,173.7528503016108,65.815473599095,4.7024200096959525,,51.355401935520355,1783417728000-642689989225816064-582170543017459712,309.492,4.802020833333332,,,
589014414737289216,1783417562000-642689989225816064-589014414737289216,1783417562000,1783445389000,1,302.811,65.944,4.591941647458449,642689989225816064,1783417562000,589014414737289216,MP09BP1574,27827000,1783445389000,174.09196751343455,65.94392708842217,4.591946724585724,,50.48355883180411,1783417562000-642689989225816064-589014414737289216,302.811,4.866215277777775,,,
566306901520842752,1783420940000-642689989225816064-566306901520842752,1783420940000,1783446065000,1,296.144,62.79,4.716419812071986,642689989225816064,1783420940000,566306901520842752,MP09AF2718,25125000,1783446065000,165.7655125904384,62.789966890317565,4.716422299080181,,50.338613041666655,1783420940000-642689989225816064-566306901520842752,296.144,4.209312500000009,,,
566306901520842752,1783383464000-642689989225816064-566306901520842752,1783383464000,1783407570000,1,295.815,62.966,4.698011625321602,642689989225816064,1783383464000,566306901520842752,MP09AF2718,24106000,1783407570000,166.23109918398094,62.966325448477626,4.697987343124405,,51.949093416666685,1783383464000-642689989225816064-566306901520842752,295.815,4.12118750000001,,,
589016215549128704,1783417280000-642689989225816064-589016215549128704,1783417280000,1783442004000,1,293.672,65.699,4.469961491042482,642689989225816064,1783417280000,589016215549128704,MP09BP1580,24724000,1783442004000,173.44653460484673,65.6994449260783,4.469931219821186,,56.38419262432961,1783417280000-642689989225816064-589016215549128704,293.672,4.165368055555566,,,
739467157439512576,1783446832000-642689989225816064-739467157439512576,1783446832000,1783470093000,1,292.481,65.97,4.433545551008034,642689989225816064,1783446832000,739467157439512576,MP13P6336,23261000,1783470093000,174.16066433203844,65.96994861062062,4.43354900465866,,65.96994861062062,1783446832000-642689989225816064-739467157439512576,292.481,0.0,,,
739451124913799168,1783440324000-642689989225816064-739451124913799168,1783440324000,1783466627000,1,283.618,69.931,4.05568345940999,642689989225816064,1783440324000,739451124913799168,MP13P2781,26303000,1783466627000,184.61661143409475,69.9305346341268,4.055710448717084,,61.503386116371914,1783440324000-642689989225816064-739451124913799168,283.618,0.0,,,
1530989903863611392,1783395951000-642689989225816064-1530989903863611392,1783395951000,1783410652000,1,276.103,58.075,4.754248816185966,642689989225816064,1783395951000,1530989903863611392,MP09BL8795,14701000,1783410652000,153.31732230407465,58.07474329699797,4.754269831000225,184.2899999999936,58.07474329699798,1783395951000-642689989225816064-1530989903863611392,276.103,4.034722222222172,,,
739115416302911488,1783449245000-642689989225816064-739115416302911488,1783449245000,1783469853000,2,272.007,66.531,4.0884249447625916,642689989225816064,1783449245000,739115416302911488,MP13P7281,20608000,1783469853000,176.15709912034177,66.72617390922036,4.076796016658921,,66.72617390922036,1783449245000-642689989225816064-739115416302911488,272.029,5.700000000000728,,,
739902048702562304,1783450129000-642689989225816064-739902048702562304,1783450129000,1783472349000,1,247.082,60.925,4.055510874025441,642689989225816064,1783450129000,739902048702562304,MP13P9072,22220000,1783472349000,160.84233278116304,60.92512605347085,4.055502483214378,250.5,60.92512605347085,1783450129000-642689989225816064-739902048702562304,247.082,6.200000000000728,,,
718087851647959040,1783443006000-642689989225816064-718087851647959040,1783443006000,1783462161000,1,242.126,67.343,3.595414519697667,642689989225816064,1783443006000,718087851647959040,MP13P5427,19155000,1783462161000,177.78651721490198,67.34337773291742,3.595394352808783,,67.34337773291742,1783443006000-642689989225816064-718087851647959040,242.126,5.299999999999272,,,
740159491168796672,1783450934000-642689989225816064-740159491168796672,1783450934000,1783467888000,2,230.76999999999998,57.81100000000001,3.9918008683468535,642689989225816064,1783450934000,740159491168796672,MP13P9027,16954000,1783467888000,146.2491644679105,55.397410783299435,4.165808414814422,212.125,55.39741078329944,1783450934000-642689989225816064-740159491168796672,230.775,0.0,,,
739421717067202560,1783449178000-642689989225816064-739421717067202560,1783449178000,1783465907000,1,226.731,66.101,3.430069136624257,642689989225816064,1783449178000,739421717067202560,Mp13p8136,16729000,1783465907000,174.50678700612727,66.10105568413911,3.4300662471023724,,66.10105568413911,1783449178000-642689989225816064-739421717067202560,226.731,0.0,,,
589016215549128704,1783389920000-642689989225816064-589016215549128704,1783389920000,1783410131000,2,222.93699999999998,52.567,4.241006715239599,642689989225816064,1783389920000,589016215549128704,MP09BP1580,20211000,1783410131000,137.73556177644167,52.17256127895517,4.273817396232409,,43.92404658333332,1783389920000-642689989225816064-589016215549128704,222.976,3.2680208333333414,,,
1530989903863611392,1783435951000-642689989225816064-1530989903863611392,1783435951000,1783450356000,1,220.432,53.845,4.093824867675735,642689989225816064,1783435951000,1530989903863611392,MP09BL8795,14405000,1783450356000,142.15162323804213,53.84531183259171,4.093801159241797,189.04000000000815,53.84531183259172,1783435951000-642689989225816064-1530989903863611392,220.432,3.9588888888893052,,,
1537213879656906752,1783425061000-642689989225816064-1537213879656906752,1783425061000,1783442771000,1,210.614,73.334,2.871982981972891,642689989225816064,1783425061000,1537213879656906752,MP09BN1073,17710000,1783442771000,193.60095529887957,73.33369518896953,2.871994919351609,208.40999999998894,73.33369518896953,1783425061000-642689989225816064-1537213879656906752,210.614,4.890555555555466,,,
1326601969871093760,1783423007000-642689989225816064-1326601969871093760,1783423007000,1783441967000,1,209.452,67.816,3.0885336793677007,642689989225816064,1783423007000,1326601969871093760,MP09BN3893,18960000,1783441967000,179.0355322921412,67.81648950459893,3.088511386095798,207.7049999999872,67.81648950459893,1783423007000-642689989225816064-1326601969871093760,209.452,5.187222222222317,,,
566305825849643008,1783432115000-642689989225816064-566305825849643008,1783432115000,1783449147000,2,202.03,42.206,4.786760176278254,642689989225816064,1783432115000,566305825849643008,MP09AF2745,17032000,1783449147000,111.33988905961422,42.17420040136902,4.7909859126443815,,33.73723216666667,1783432115000-642689989225816064-566305825849643008,202.056,2.910645833333341,,,
1531014613364113408,1783434139000-642689989225816064-1531014613364113408,1783434139000,1783448610000,1,201.639,53.676,3.756595126313436,642689989225816064,1783434139000,1531014613364113408,MP09BM0929,14471000,1783448610000,141.7057430136242,53.676417808190976,3.756565885610013,,53.676417808190976,1783434139000-642689989225816064-1531014613364113408,201.639,3.98222222222239,,,
1534933431186620416,1783426662000-642689989225816064-1534933431186620416,1783426662000,1783445347000,1,200.349,62.276,3.2171141370672487,642689989225816064,1783426662000,1534933431186620416,MP09BL8455,18685000,1783445347000,164.40752859481427,62.27557901318722,3.217135884960217,198.75,62.27557901318722,1783426662000-642689989225816064-1534933431186620416,200.349,5.135277777777901,,,
1326603043004743680,1783431955000-642689989225816064-1326603043004743680,1783431955000,1783450020000,1,200.291,66.915,2.9932152731076735,642689989225816064,1783431955000,1326603043004743680,MP09AE6372,18065000,1783450020000,176.65666551711192,66.91540360496663,2.9931972193190792,198.8400000000256,66.91540360496663,1783431955000-642689989225816064-1326603043004743680,200.291,4.969166666665842,,,
1326601875818020864,1783433666000-642689989225816064-1326601875818020864,1783433666000,1783450368000,1,200.288,65.039,3.0795061424683654,642689989225816064,1783433666000,1326601875818020864,MP09BN1094,16702000,1783450368000,171.7031983088478,65.03909026850295,3.0795018683862994,198.5,65.03909026850295,1783433666000-642689989225816064-1326601875818020864,200.288,4.590555555555511,,,
1326601836949405696,1783435791000-642689989225816064-1326601836949405696,1783435791000,1783451893000,2,200.209,60.157,3.3281081170936053,642689989225816064,1783435791000,1326601836949405696,MP09DY9036,16102000,1783451893000,158.43315380809776,60.01255826064309,3.336701613857416,199.0,60.01255826064309,1783435791000-642689989225816064-1326601836949405696,200.244,4.423888888888541,,,
1326602160833560576,1783428626000-642689989225816064-1326602160833560576,1783428626000,1783446408000,1,200.197,69.785,2.868768359962743,642689989225816064,1783428626000,1326602160833560576,MP09DT3645,17782000,1783446408000,184.2321673464199,69.7849118736439,2.8687719827243865,197.6799999999348,69.7849118736439,1783428626000-642689989225816064-1326602160833560576,200.197,4.890833333332921,,,
1326601705701244928,1783430152000-642689989225816064-1326601705701244928,1783430152000,1783448123000,2,200.122,65.069,3.075535201094223,642689989225816064,1783430152000,1326601705701244928,MP09DU7263,17971000,1783448123000,171.04989932134032,64.79162853081073,3.088902139646462,198.6799999999348,64.79162853081073,1783430152000-642689989225816064-1326601705701244928,200.135,4.9647222222229175,,,
1533070673256120320,1783449848000-642689989225816064-1533070673256120320,1783449848000,1783463910000,1,199.183,50.966,3.908154455911784,642689989225816064,1783449848000,1533070673256120320,MP09BQ7694,14062000,1783463910000,134.55043607684863,50.96607427153357,3.9081487606600107,197.23999999999796,50.96607427153357,1783449848000-642689989225816064-1533070673256120320,199.183,3.8513888888888914,,,
1533070725588451328,1783391749000-642689989225816064-1533070725588451328,1783391749000,1783408431000,2,199.15900000000002,69.495,2.865803295201094,642689989225816064,1783391749000,1533070725588451328,MP09BQ7645,16682000,1783408431000,183.48500158541506,69.50189453992995,2.8656341142697253,196.56000000000495,69.50189453992995,1783391749000-642689989225816064-1533070725588451328,199.167,4.585000000000036,,,
1326602030344568832,1783442910000-642689989225816064-1326602030344568832,1783442910000,1783457694000,2,199.112,56.026,3.5539213936386673,642689989225816064,1783442910000,1326602030344568832,MP09DY9063,14784000,1783457694000,147.9442231147415,56.039478452553595,3.5536376408036583,197.20000000001164,56.039478452553595,1783442910000-642689989225816064-1326602030344568832,199.144,4.0661111111112405,,,
1533070673256120320,1783383212000-642689989225816064-1533070673256120320,1783383212000,1783398375000,1,198.983,64.999,3.0613240203695447,642689989225816064,1783383212000,1533070673256120320,MP09BQ7694,15163000,1783398375000,171.5969918637013,64.99886055443231,3.06133058799338,196.8249999999971,64.99886055443231,1783383212000-642689989225816064-1533070673256120320,198.983,4.157222222222231,,,
1557834963942899712,1783468671000-642689989225816064-1557834963942899712,1783468671000,1783483710000,1,198.983,61.774,3.2211448182083076,642689989225816064,1783468671000,1557834963942899712,MP09BQ8912,15039000,1783483710000,163.08287146316704,61.77381494816933,3.2211544675839527,196.61499999999796,61.77381494816933,1783468671000-642689989225816064-1557834963942899712,198.983,4.134166666666715,,,
1515667522240643072,1783425486000-642689989225816064-1515667522240643072,1783425486000,1783447159000,1,198.953,45.081,4.413233956655797,642689989225816064,1783425486000,1515667522240643072,MP09BJ5830,21673000,1783447159000,119.01337876488066,45.08082528972752,4.413251060098384,,36.024784450980384,1783425486000-642689989225816064-1515667522240643072,198.953,3.6943125000000125,,,
1326601941924446208,1783388604000-642689989225816064-1326601941924446208,1783388604000,1783405176000,1,198.944,63.575,3.1292803775068814,642689989225816064,1783388604000,1326601941924446208,MP09BN3854,16572000,1783405176000,167.83781846400115,63.57493123636407,3.1292837621852825,196.59999999999854,63.57493123636407,1783388604000-642689989225816064-1326601941924446208,198.944,4.554444444444471,,,
1326602030344568832,1783384472000-642689989225816064-1326602030344568832,1783384472000,1783399526000,1,198.897,64.243,3.096010460283611,642689989225816064,1783384472000,1326602030344568832,MP09DY9063,15054000,1783399526000,169.6022411678329,64.24327316963367,3.095997295698409,,64.24327316963367,1783384472000-642689989225816064-1326602030344568832,198.897,4.126666666667006,,,
1533070516129103872,1783390157000-642689989225816064-1533070516129103872,1783390157000,1783406949000,1,198.897,72.811,2.7316888931617473,642689989225816064,1783390157000,1533070516129103872,MP09BQ7692,16792000,1783406949000,192.2213774645488,72.8111278274806,2.7316840973987997,196.56500000000233,72.8111278274806,1783390157000-642689989225816064-1533070516129103872,198.897,4.615277777777806,,,
1557834963942899712,1783446377000-642689989225816064-1557834963942899712,1783446377000,1783459869000,1,198.569,53.798,3.6910108182460313,642689989225816064,1783446377000,1557834963942899712,MP09BQ8912,13492000,1783459869000,142.02790526674647,53.798448964676695,3.69098001562048,196.3000000000029,53.798448964676695,1783446377000-642689989225816064-1557834963942899712,198.569,3.6988888888888596,,,
1326601875818020864,1783466448000-642689989225816064-1326601875818020864,1783466448000,1783481700000,1,198.119,63.362,3.1267794577191377,642689989225816064,1783466448000,1326601875818020864,MP09BN1094,15252000,1783481700000,167.2751281428058,63.36179096318401,3.1267897732738623,196.5,63.36179096318401,1783466448000-642689989225816064-1326601875818020864,198.119,4.206666666666706,,,
1534933431186620416,1783386946000-642689989225816064-1534933431186620416,1783386946000,1783401449000,1,196.172,60.13,3.262464659903542,642689989225816064,1783386946000,1534933431186620416,MP09BL8455,14503000,1783401449000,158.7422951318651,60.12965724691859,3.2624832567136086,194.4100000000035,60.12965724691859,1783386946000-642689989225816064-1534933431186620416,196.172,3.9736111111110404,,,
1326601969871093760,1783385206000-642689989225816064-1326601969871093760,1783385206000,1783400194000,1,196.15,60.079,3.2648679239001983,642689989225816064,1783385206000,1326601969871093760,MP09BN3893,14988000,1783400194000,158.60868243955764,60.07904637862031,3.2648654035527738,,60.079046378620305,1783385206000-642689989225816064-1326601969871093760,196.15,4.1266666666665515,,,
1326601875818020864,1783396650000-642689989225816064-1326601875818020864,1783396650000,1783410728000,1,196.129,58.642,3.344514170730875,642689989225816064,1783396650000,1326601875818020864,MP09BN1094,14078000,1783410728000,154.813837409512,58.641605079360595,3.344536694290267,194.10499999999593,58.64160507936059,1783396650000-642689989225816064-1326601875818020864,196.129,3.8799999999998818,,,
1557834733679804416,1783383569000-642689989225816064-1557834733679804416,1783383569000,1783397171000,1,196.078,58.969,3.325103020230969,642689989225816064,1783383569000,1557834733679804416,MP09BQ8967,13602000,1783397171000,155.67907361992536,58.96934606815354,3.3250835064947775,193.73999999999796,58.96934606815354,1783383569000-642689989225816064-1557834733679804416,196.078,3.7294444444444252,,,
1326601705701244928,1783391371000-642689989225816064-1326601705701244928,1783391371000,1783406814000,1,196.062,56.814,3.450945189565952,642689989225816064,1783391371000,1326601705701244928,MP09DU7263,15443000,1783406814000,149.98814354753245,56.81369073770168,3.4509639746022147,194.40000000002328,56.81369073770168,1783391371000-642689989225816064-1326601705701244928,196.062,4.240555555554238,,,
1557834963942899712,1783398614000-642689989225816064-1557834963942899712,1783398614000,1783414135000,1,196.019,60.311,3.250136790966822,642689989225816064,1783398614000,1557834963942899712,MP09BQ8912,15521000,1783414135000,159.21976829439186,60.31051829333025,3.250162750162898,193.49500000000262,60.31051829333025,1783398614000-642689989225816064-1557834963942899712,196.019,4.272499999999923,,,
1326601740895649792,1783394413000-642689989225816064-1326601740895649792,1783394413000,1783409306000,1,196.007,61.196,3.2029381005294466,642689989225816064,1783394413000,1326601740895649792,MP09DT3654,14893000,1783409306000,161.55749240535297,61.19601985051249,3.2029370615735973,194.2399999999907,61.19601985051249,1783394413000-642689989225816064-1326601740895649792,196.007,4.096111111111895,,,
1326601941924446208,1783408983000-642689989225816064-1326601941924446208,1783408983000,1783424928000,1,195.996,71.963,2.7235662771146285,642689989225816064,1783408983000,1326601941924446208,MP09BN3854,15945000,1783424928000,189.98232314129947,71.96300118988616,2.7235662320812954,193.6800000000003,71.96300118988616,1783408983000-642689989225816064-1326601941924446208,195.996,4.4011111111110495,,,
1326601999923281920,1783417336000-642689989225816064-1326601999923281920,1783417336000,1783433687000,1,195.976,62.59,3.1311072056239015,642689989225816064,1783417336000,1326601999923281920,MP09DZ9027,16351000,1783433687000,165.23708920411076,62.58980651670861,3.1311168847867163,192.96000000002095,62.58012527106883,1783417336000-642689989225816064-1326601999923281920,195.976,4.462777777778683,,,
1326602160833560576,1783388823000-642689989225816064-1326602160833560576,1783388823000,1783403635000,1,195.973,65.423,2.995475597267016,642689989225816064,1783388823000,1326602160833560576,MP09DT3645,14812000,1783403635000,172.71578833535239,65.42264709672439,2.995491755481292,193.36000000010245,65.42264709672439,1783388823000-642689989225816064-1326602160833560576,195.973,4.065555555554965,,,
1533610372471193600,1783390622000-642689989225816064-1533610372471193600,1783390622000,1783405692000,1,195.954,60.381,3.2452923933025293,642689989225816064,1783390622000,1533610372471193600,MP09BL8769,15070000,1783405692000,159.40679840665564,60.3813630328241,3.245272881525991,,60.3813630328241,1783390622000-642689989225816064-1533610372471193600,195.954,4.1483333333335395,,,
1537194706461523968,1783419272000-642689989225816064-1537194706461523968,1783419272000,1783435334000,1,195.953,60.31,3.249096335599403,642689989225816064,1783419272000,1537194706461523968,MP09BN3822,16062000,1783435334000,159.2175534044762,60.30967931987735,3.2491136117750212,193.68499999999767,60.309679319877354,1783419272000-642689989225816064-1537194706461523968,195.953,4.432222222222208,,,
1533070725588451328,1783412243000-642689989225816064-1533070725588451328,1783412243000,1783426945000,1,195.94,58.289,3.361526188474669,642689989225816064,1783412243000,1533070725588451328,MP09BQ7645,14702000,1783426945000,153.88330605681236,58.28913108212589,3.3615186289864623,193.63000000000466,58.28913108212589,1783412243000-642689989225816064-1533070725588451328,195.94,4.034722222222172,,,
1326601836949405696,1783398984000-642689989225816064-1326601836949405696,1783398984000,1783414194000,1,195.938,63.888,3.066898322063611,642689989225816064,1783398984000,1326601836949405696,MP09DY9036,15210000,1783414194000,168.66350595018463,63.887691647797205,3.0669131243647896,194.35999999998603,63.887691647797205,1783398984000-642689989225816064-1326601836949405696,195.938,4.185555555555766,,,
1533070673256120320,1783403588000-642689989225816064-1533070673256120320,1783403588000,1783417883000,1,195.936,62.024,3.1590352121759318,642689989225816064,1783403588000,1533070673256120320,MP09BQ7694,14295000,1783417883000,163.74351348664763,62.02405813888167,3.159032251022149,193.9050000000061,62.02405813888167,1783403588000-642689989225816064-1533070673256120320,195.936,3.9430555555555884,,,
1533070516129103872,1783410512000-642689989225816064-1533070516129103872,1783410512000,1783425654000,2,195.935,64.276,3.0483384155827995,642689989225816064,1783410512000,1533070516129103872,MP09BQ7692,15142000,1783425654000,169.71042673972354,64.28425255292558,3.0481493090189535,193.48500000000058,64.28425255292558,1783410512000-642689989225816064-1533070516129103872,195.948,4.156944444444434,,,
1326602030344568832,1783401210000-642689989225816064-1326602030344568832,1783401210000,1783416353000,1,195.932,67.05,2.9221774794929156,642689989225816064,1783401210000,1326602030344568832,MP09DY9063,15143000,1783416353000,177.01228166935505,67.05010669293752,2.922172829601743,193.8400000000256,67.05010669293752,1783401210000-642689989225816064-1326602030344568832,195.932,4.17888888888956,,,
1326603043004743680,1783398153000-642689989225816064-1326603043004743680,1783398153000,1783412715000,3,195.89499999999998,66.301,2.9546311518679955,642689989225816064,1783398153000,1326603043004743680,MP09AE6372,14562000,1783412715000,175.1146320729571,66.33130002763527,2.954321714158422,194.27999999996973,66.33130002763527,1783398153000-642689989225816064-1326603043004743680,195.964,4.0041666666656965,,,
1557834733679804416,1783421386000-642689989225816064-1557834733679804416,1783421386000,1783437490000,1,195.893,57.959,3.3798547248917337,642689989225816064,1783421386000,1557834733679804416,MP09BQ8967,16104000,1783437490000,153.01245734878398,57.95926414726666,3.379839321325101,193.86000000000058,57.95926414726666,1783421386000-642689989225816064-1557834733679804416,195.893,4.431944444444525,,,
1326602059092328448,1783392057000-642689989225816064-1326602059092328448,1783392057000,1783407048000,1,195.77,62.422,3.1362340200570316,642689989225816064,1783392057000,1326602059092328448,MP09DT9045,14991000,1783407048000,164.79415323539843,62.422027740681216,3.136232626297948,,62.422027740681216,1783392057000-642689989225816064-1326602059092328448,195.77,4.125555555556275,,,
1326601875818020864,1783415870000-642689989225816064-1326601875818020864,1783415870000,1783431914000,2,194.648,61.145,3.183383759914956,642689989225816064,1783415870000,1326601875818020864,MP09BN1094,16044000,1783431914000,161.4443785019002,61.15317367496219,3.1833507290187315,192.375,61.15317367496219,1783415870000-642689989225816064-1326601875818020864,194.672,4.40166666666687,,,
1557834733679804416,1783403457000-642689989225816064-1557834733679804416,1783403457000,1783417391000,1,194.638,58.066,3.3520132263286606,642689989225816064,1783403457000,1557834733679804416,MP09BQ8967,13934000,1783417391000,153.29412277031778,58.06595559481734,3.3520157897370826,192.24499999999534,58.06595559481734,1783403457000-642689989225816064-1557834733679804416,194.638,3.8152777777777374,,,
1534933431186620416,1783450323000-642689989225816064-1534933431186620416,1783450323000,1783464474000,1,194.605,62.213,3.128043977946731,642689989225816064,1783450323000,1534933431186620416,MP09BL8455,14151000,1783464474000,164.24294206174116,62.213235629447404,3.128032130640181,193.11999999999534,62.213235629447404,1783450323000-642689989225816064-1534933431186620416,194.605,3.8819444444443434,,,
1537194706461523968,1783398681000-642689989225816064-1537194706461523968,1783398681000,1783414380000,1,194.595,64.839,3.0012029796881508,642689989225816064,1783398681000,1537194706461523968,MP09BN3822,15699000,1783414380000,171.175040511927,64.83903049694204,3.0012015680767705,192.31500000000233,64.83903049694204,1783398681000-642689989225816064-1537194706461523968,194.595,4.305555555555657,,,
1326601969871093760,1783405118000-642689989225816064-1326601969871093760,1783405118000,1783419755000,2,194.583,60.168000000000006,3.2339948145193453,642689989225816064,1783405118000,1326601969871093760,MP09BN3893,14637000,1783419755000,158.8775711697638,60.18089817036507,3.2340328229903412,192.83499999999185,60.18089817036507,1783405118000-642689989225816064-1326601969871093760,194.627,4.004166666666606,,,
1326601836949405696,1783419288000-642689989225816064-1326601836949405696,1783419288000,1783435127000,2,194.553,69.256,2.8091862076931964,642689989225816064,1783419288000,1326601836949405696,MP09DY9036,15839000,1783435127000,182.86091183752208,69.2654969081523,2.8091908480497545,193.04000000003725,69.2654969081523,1783419288000-642689989225816064-1326601836949405696,194.58,4.368611111111022,,,
1533610372471193600,1783408423000-642689989225816064-1533610372471193600,1783408423000,1783422972000,2,194.542,60.298,3.2263424989220204,642689989225816064,1783408423000,1533610372471193600,MP09BL8769,14549000,1783422972000,159.21620953859642,60.309170279771365,3.226474499604701,,60.309170279771365,1783408423000-642689989225816064-1533610372471193600,194.586,4.004166666666606,,,
1326601969871093760,1783442830000-642689989225816064-1326601969871093760,1783442830000,1783457555000,1,194.541,59.427,3.2736130041900147,642689989225816064,1783442830000,1326601969871093760,MP09BN3893,14725000,1783457555000,156.88836781625133,59.42741205161035,3.2735903059525606,193.14500000000407,59.42741205161035,1783442830000-642689989225816064-1326601969871093760,194.541,4.004166666666833,,,
1326602030344568832,1783422490000-642689989225816064-1326602030344568832,1783422490000,1783438953000,1,194.529,66.682,2.917264029273267,642689989225816064,1783422490000,1326602030344568832,MP09DY9063,16463000,1783438953000,176.04089747444382,66.68215813425903,2.9172571110900742,190.96000000002095,66.68161534650947,1783422490000-642689989225816064-1326602030344568832,194.529,4.514166666667734,,,
1534933431186620416,1783407361000-642689989225816064-1534933431186620416,1783407361000,1783421913000,1,194.524,60.314,3.2251881818483272,642689989225816064,1783407361000,1534933431186620416,MP09BL8455,14552000,1783421913000,159.2277419395483,60.31353861346527,3.2252128538943268,,60.31353861346527,1783407361000-642689989225816064-1534933431186620416,194.524,4.004166666666606,,,
1326603043004743680,1783414051000-642689989225816064-1326603043004743680,1783414051000,1783428944000,1,194.508,62.499,3.1121777948447176,642689989225816064,1783414051000,1326603043004743680,MP09AE6372,14893000,1783428944000,164.9963072718765,62.49860123934715,3.112197651513901,192.63999999995576,62.49860123934715,1783414051000-642689989225816064-1326603043004743680,194.508,4.096111111110076,,,
1326601999923281920,1783397781000-642689989225816064-1326601999923281920,1783397781000,1783411932000,1,194.501,66.938,2.9056888463951718,642689989225816064,1783397781000,1326601999923281920,MP09DZ9027,14151000,1783411932000,176.71596113782388,66.93786406735752,2.90569474706094,191.95999999996275,66.93786406735752,1783397781000-642689989225816064-1326601999923281920,194.501,3.881944444445253,,,
1326601740895649792,1783425025000-642689989225816064-1326601740895649792,1783425025000,1783439775000,2,194.495,63.873000000000005,3.045026850155778,642689989225816064,1783425025000,1326601740895649792,MP09DT3654,14750000,1783439775000,168.6790593171267,63.8935830746692,3.0444371819416407,192.9199999999255,63.8935830746692,1783425025000-642689989225816064-1326601740895649792,194.52,4.0350000000016735,,,
1557834963942899712,1783426750000-642689989225816064-1557834963942899712,1783426750000,1783441705000,1,194.489,57.804,3.3646287454155424,642689989225816064,1783426750000,1557834963942899712,MP09BQ8912,14955000,1783441705000,152.6028051907015,57.80409287526572,3.3646233393833183,192.34500000000116,57.80409287526572,1783426750000-642689989225816064-1557834963942899712,194.489,4.126388888888869,,,
1326601705701244928,1783412015000-642689989225816064-1326601705701244928,1783412015000,1783426546000,1,194.467,57.781,3.3655873037849817,642689989225816064,1783412015000,1326601705701244928,MP09DU7263,14531000,1783426546000,152.5417489620198,57.78096551591659,3.365589312390969,192.71999999997206,57.78096551591659,1783412015000-642689989225816064-1326601705701244928,194.467,3.9952777777780284,,,
1326602059092328448,1783417523000-642689989225816064-1326602059092328448,1783417523000,1783432825000,1,194.382,69.422,2.8000057618622343,642689989225816064,1783417523000,1326602059092328448,MP09DT9045,15302000,1783432825000,183.2738062196308,69.4218962953147,2.800009944601858,190.35999999998603,69.4218962953147,1783417523000-642689989225816064-1326602059092328448,194.382,4.218888888890433,,,
1326602160833560576,1783410318000-642689989225816064-1326602160833560576,1783410318000,1783424778000,2,194.375,67.917,2.861949143807883,642689989225816064,1783410318000,1326602160833560576,MP09DT3645,14460000,1783424778000,179.11229468875254,67.84556616998202,2.8652277661441103,191.71999999997206,67.84556616998202,1783410318000-642689989225816064-1326602160833560576,194.393,3.968055555555111,,,
566305663035146240,1783405297000-642689989225816064-566305663035146240,1783405297000,1783418770000,1,194.242,40.905,4.748612639041681,642689989225816064,1783405297000,566305663035146240,MP09AF2754,13473000,1783418770000,107.9888353295731,40.90486186726254,4.748628674760495,,33.86977874932964,1783405297000-642689989225816064-566305663035146240,194.242,2.341465277777783,,,
1430193762327330816,1783431123000-642689989225816064-1430193762327330816,1783431123000,1783446776000,1,194.139,59.852,3.243651005814342,642689989225816064,1783431123000,1430193762327330816,MP09AN2545,15653000,1783446776000,158.00805987112912,59.851537829973154,3.2436760530951103,200.10000000000582,59.851537829973154,1783431123000-642689989225816064-1430193762327330816,194.139,4.25,,,
1537213879656906752,1783446205000-642689989225816064-1537213879656906752,1783446205000,1783462075000,1,193.855,59.082,3.2811177685251005,642689989225816064,1783446205000,1537213879656906752,MP09BN1073,15870000,1783462075000,155.97703686552148,59.08221093390965,3.2811060543561825,,59.08221093390965,1783446205000-642689989225816064-1537213879656906752,193.855,4.371111111111304,,,
1326602160833560576,1783457754000-642689989225816064-1326602160833560576,1783457754000,1783471357000,1,193.696,58.003,3.3394134786131753,642689989225816064,1783457754000,1326602160833560576,MP09DT3645,13603000,1783471357000,153.12848084756106,58.003212442257976,3.339401247695096,191.40000000002328,58.003212442257976,1783457754000-642689989225816064-1326602160833560576,193.696,3.7297222222223354,,,
1533070516129103872,1783430155000-642689989225816064-1533070516129103872,1783430155000,1783445707000,1,193.491,59.633,3.244696728321567,642689989225816064,1783430155000,1533070516129103872,MP09BQ7692,15552000,1783445707000,157.43115472350559,59.63301315284302,3.244696012661156,191.3449999999939,59.63301315284302,1783430155000-642689989225816064-1533070516129103872,193.491,4.050833333333344,,,
718087851647959040,1783462171000-642689989225816064-718087851647959040,1783462171000,1783476723000,1,193.43,53.994,3.582435085379857,642689989225816064,1783462171000,718087851647959040,MP13P5427,14552000,1783476723000,142.54417835608328,53.99400695306185,3.582434624052867,,53.99400695306185,1783462171000-642689989225816064-718087851647959040,193.43,4.0,,,
1533070673256120320,1783428655000-642689989225816064-1533070673256120320,1783428655000,1783443800000,1,193.412,67.34,2.872171072171072,642689989225816064,1783428655000,1533070673256120320,MP09BQ7694,15145000,1783443800000,177.77763524156063,67.34001334907599,2.8721705028092916,191.60499999999593,67.34001334907599,1783428655000-642689989225816064-1533070673256120320,193.412,4.165833333333353,,,
1533070725588451328,1783432159000-642689989225816064-1533070725588451328,1783432159000,1783447740000,1,193.387,56.384,3.42982051645857,642689989225816064,1783432159000,1533070725588451328,MP09BQ7645,15581000,1783447740000,148.8528768196972,56.38366546200651,3.429840866417449,191.29000000000087,56.38366546200651,1783432159000-642689989225816064-1533070725588451328,193.387,4.282500000000027,,,
566305663035146240,1783390875000-642689989225816064-566305663035146240,1783390875000,1783404955000,1,193.323,41.94,4.609513590844063,642689989225816064,1783390875000,566305663035146240,MP09AF2754,14080000,1783404955000,110.7220446702792,41.94016843571182,4.609495078598362,,35.5604437614877,1783390875000-642689989225816064-566305663035146240,193.323,2.5184791666666726,,,
566305663035146240,1783419668000-642689989225816064-566305663035146240,1783419668000,1783435350000,3,193.18,43.394999999999996,4.451664938356954,642689989225816064,1783419668000,566305663035146240,MP09AF2754,15682000,1783435350000,112.68759113079713,42.684693610150426,4.527618301892713,,36.31886487499999,1783419668000-642689989225816064-566305663035146240,193.26,2.68627083333334,,,
739115416302911488,1783430551000-642689989225816064-739115416302911488,1783430551000,1783447848000,1,192.762,50.888,3.787965728659016,642689989225816064,1783430551000,739115416302911488,MP13P7281,17297000,1783447848000,134.34467083640354,50.8881328925771,3.787955836519159,,50.8881328925771,1783430551000-642689989225816064-739115416302911488,192.762,4.799999999999272,,,
1537194706461523968,1783437509000-642689989225816064-1537194706461523968,1783437509000,1783452212000,1,190.14,46.843,4.059091006126849,642689989225816064,1783437509000,1537194706461523968,MP09BN3822,14703000,1783452212000,123.66477032439767,46.84271603196881,4.059115612985269,188.14500000000407,46.84271603196881,1783437509000-642689989225816064-1537194706461523968,190.14,4.034722222222172,,,
1557834733679804416,1783439496000-642689989225816064-1557834733679804416,1783439496000,1783454015000,1,190.117,53.368,3.562378204167291,642689989225816064,1783439496000,1557834733679804416,MP09BQ8967,14519000,1783454015000,140.89023541973532,53.36751341656641,3.5624106844930052,188.14500000000407,53.36751341656641,1783439496000-642689989225816064-1557834733679804416,190.117,4.00416666666672,,,
1533070516129103872,1783466121000-642689989225816064-1533070516129103872,1783466121000,1783480847000,1,187.058,55.458,3.372966929928955,642689989225816064,1783466121000,1533070516129103872,MP09BQ7692,14726000,1783480847000,146.4094929171982,55.45814125651447,3.372958338700667,184.9100000000035,55.45814125651447,1783466121000-642689989225816064-1533070516129103872,187.058,4.034722222222172,,,
1326601740895649792,1783468176000-642689989225816064-1326601740895649792,1783468176000,1783481515000,1,186.994,54.069,3.4584327433464646,642689989225816064,1783468176000,1326601740895649792,MP09DT3654,13339000,1783481515000,142.74270902430717,54.06920796375272,3.4584194413455864,,54.06920796375272,1783468176000-642689989225816064-1326601740895649792,186.994,3.6683333333348855,,,
1533070599880966144,1783384444000-642689989225816064-1533070599880966144,1783384444000,1783398315000,1,186.865,51.652,3.617768915046852,642689989225816064,1783384444000,1533070599880966144,MP09BP2969,13871000,1783398315000,136.36042332931424,51.651675503528125,3.617791643317282,185.60499999999593,51.651675503528125,1783384444000-642689989225816064-1533070599880966144,186.865,3.7794444444443798,,,
566305825849643008,1783415090000-642689989225816064-566305825849643008,1783415090000,1783429192000,2,184.676,38.596999999999994,4.784724201362801,642689989225816064,1783415090000,566305825849643008,MP09AF2745,14102000,1783429192000,101.88850533333296,38.59413080808066,4.7861681590539815,,28.308734208333334,1783415090000-642689989225816064-566305825849643008,184.718,2.4181041666666725,,,
739915798490906624,1783436631000-642689989225816064-739915798490906624,1783436631000,1783451781000,1,179.97,50.072,3.5942243169835435,642689989225816064,1783436631000,739915798490906624,MP13P5481,15150000,1783451781000,132.19003676244984,50.07198362214009,3.594225492605081,,50.07198362214009,1783436631000-642689989225816064-739915798490906624,179.97,4.150000000001455,,,
1533069815709696000,1783435857000-642689989225816064-1533069815709696000,1783435857000,1783449348000,1,176.294,55.032,3.20348161069923,642689989225816064,1783435857000,1533069815709696000,MP09BP2984,13491000,1783449348000,145.2835010006336,55.03162916690667,3.203503197503275,175.3199999999997,55.03162916690667,1783435857000-642689989225816064-1533069815709696000,176.294,3.698611111111177,,,
1533070437565595648,1783385402000-642689989225816064-1533070437565595648,1783385402000,1783400591000,1,175.583,59.951,2.928775166385882,642689989225816064,1783385402000,1533070437565595648,MP09BP2959,15189000,1783400591000,158.26994391023428,59.950736329634196,2.9287880474823744,,59.950736329634196,1783385402000-642689989225816064-1533070437565595648,175.583,4.181944444444525,,,
1537535790538555392,1783436572000-642689989225816064-1537535790538555392,1783436572000,1783451182000,1,175.213,46.92,3.7342924126172203,642689989225816064,1783436572000,1537535790538555392,MP09BP2921,14610000,1783451182000,123.86935224834006,46.920209184977296,3.734275763972913,174.1999999999971,46.920209184977296,1783436572000-642689989225816064-1537535790538555392,175.213,4.026388888888732,,,
1533070437565595648,1783413777000-642689989225816064-1533070437565595648,1783413777000,1783427291000,1,174.466,59.077,2.953196675525162,642689989225816064,1783413777000,1533070437565595648,MP09BP2959,13514000,1783427291000,155.9636426751613,59.077137376955044,2.953189808212612,173.36999999999534,59.077137376955044,1783413777000-642689989225816064-1533070437565595648,174.466,3.726111111111095,,,
1533070599880966144,1783399628000-642689989225816064-1533070599880966144,1783399628000,1783413218000,1,174.453,57.057,3.0575214259424786,642689989225816064,1783399628000,1533070599880966144,MP09BP2969,13590000,1783413218000,150.630857847065,57.057143123888245,3.0575137563619332,173.25,57.057143123888245,1783399628000-642689989225816064-1533070599880966144,174.453,3.7200000000000273,,,
1533070599880966144,1783429042000-642689989225816064-1533070599880966144,1783429042000,1783443987000,1,174.441,51.446,3.3907592427010846,642689989225816064,1783429042000,1533070599880966144,MP09BP2969,14945000,1783443987000,135.81777484812278,51.44612683641014,3.390750883048834,173.27999999999884,51.44612683641014,1783429042000-642689989225816064-1533070599880966144,174.441,4.096111111110986,,,
1537535790538555392,1783421178000-642689989225816064-1537535790538555392,1783421178000,1783435843000,1,173.707,55.457,3.132282669455614,642689989225816064,1783421178000,1537535790538555392,MP09BP2921,14665000,1783435843000,146.40750587666454,55.45738858964566,3.1322607215665488,172.6600000000035,55.45738858964566,1783421178000-642689989225816064-1537535790538555392,173.707,4.024444444444498,,,
1533069815709696000,1783421137000-642689989225816064-1533069815709696000,1783421137000,1783434712000,1,173.627,55.964,3.102476592094918,642689989225816064,1783421137000,1533069815709696000,MP09BP2984,13575000,1783434712000,147.7444006537375,55.963788126415714,3.102488337776505,172.54999999999563,55.963788126415714,1783421137000-642689989225816064-1533069815709696000,173.627,3.7291666666667425,,,
1533070437565595648,1783401017000-642689989225816064-1533070437565595648,1783401017000,1783413585000,1,173.623,53.785,3.2280933345728364,642689989225816064,1783401017000,1533070437565595648,MP09BP2959,12568000,1783413585000,141.9932560176901,53.78532424912503,3.228073873754223,,53.78532424912503,1783401017000-642689989225816064-1533070437565595648,173.623,3.454166666666879,,,
1537535790538555392,1783392003000-642689989225816064-1537535790538555392,1783392003000,1783405246000,2,173.553,59.844,2.9000902346099857,642689989225816064,1783392003000,1537535790538555392,MP09BP2921,13243000,1783405246000,158.0190377071384,59.855696101188784,2.9000414548107223,172.67499999999563,59.855696101188784,1783392003000-642689989225816064-1537535790538555392,173.584,3.6375000000000455,,,
1537535790538555392,1783406738000-642689989225816064-1537535790538555392,1783406738000,1783419679000,2,173.538,55.489000000000004,3.127430661932996,642689989225816064,1783406738000,1537535790538555392,MP09BP2921,12941000,1783419679000,146.52326307263928,55.501236012363364,3.1273717933297047,172.47000000000116,55.501236012363364,1783406738000-642689989225816064-1537535790538555392,173.573,3.5455555555556657,,,
1533069815709696000,1783393015000-642689989225816064-1533069815709696000,1783393015000,1783405516000,2,173.513,52.396,3.3115695854645395,642689989225816064,1783393015000,1533069815709696000,MP09BP2984,12501000,1783405516000,138.35626233347017,52.40767512631446,3.3116141782991755,172.53499999999622,52.40767512631446,1783393015000-642689989225816064-1533069815709696000,173.554,3.423611111111086,,,
1533070437565595648,1783428737000-642689989225816064-1533070437565595648,1783428737000,1783441530000,1,173.401,58.431,2.9676199277780633,642689989225816064,1783428737000,1533070437565595648,MP09BP2959,12793000,1783441530000,154.25913347259817,58.431489951741725,2.96759504409713,172.5,58.43148995174173,1783428737000-642689989225816064-1533070437565595648,173.401,3.524722222222181,,,
740288270604173312,1783410465000-642689989225816064-740288270604173312,1783410465000,1783427086000,1,166.044,56.496,2.939039932030586,642689989225816064,1783410465000,740288270604173312,MP09FA9079,16621000,1783427086000,149.1493106021281,56.49595098565459,2.939042481861431,,56.49595098565459,1783410465000-642689989225816064-740288270604173312,166.044,0.0,,,
739421717067202560,1783431422000-642689989225816064-739421717067202560,1783431422000,1783448044000,1,165.669,45.803,3.6169901534833966,642689989225816064,1783431422000,739421717067202560,Mp13p8136,16622000,1783448044000,120.91907283754627,45.80267910513116,3.6170154942189945,,45.80267910513116,1783431422000-642689989225816064-739421717067202560,165.669,0.0,,,
593179711849402368,1783388305000-642689989225816064-593179711849402368,1783388305000,1783401849000,1,164.379,35.255,4.66257268472557,642689989225816064,1783388305000,593179711849402368,MP09BP1422,13544000,1783401849000,93.07389613910847,35.255263689056235,4.662537811368738,,27.825801875000003,1783388305000-642689989225816064-593179711849402368,164.379,2.307270833333339,,,
1537213879656906752,1783401088000-642689989225816064-1537213879656906752,1783401088000,1783412413000,1,162.32,52.058,3.118060624687848,642689989225816064,1783401088000,1537213879656906752,MP09BN1073,11325000,1783412413000,137.43361977379536,52.05818930825582,3.1180492859412214,159.39999999999418,52.05818930825582,1783401088000-642689989225816064-1537213879656906752,162.32,3.1177777777777465,,,
1531026470644744192,1783435929000-642689989225816064-1531026470644744192,1783435929000,1783444738000,1,159.422,30.592,5.211231694560669,642689989225816064,1783435929000,1531026470644744192,MP09BM0987,8809000,1783444738000,80.76156422688462,30.591501601092656,5.211316596315946,104.36000000000058,30.59150160109266,1783435929000-642689989225816064-1531026470644744192,159.422,2.3975000000000364,,,
582166702746271744,1783391589000-642689989225816064-582166702746271744,1783391589000,1783406410000,1,155.925,35.8,4.355446927374302,642689989225816064,1783391589000,582166702746271744,MP09AF1836,14821000,1783406410000,94.51071402176065,35.799512887030545,4.355506190602067,,31.721245379603438,1783391589000-642689989225816064-582166702746271744,155.925,2.5711875000000064,,,
582170543017459712,1783398635000-642689989225816064-582170543017459712,1783398635000,1783411917000,1,155.918,33.81,4.611594202898551,642689989225816064,1783398635000,582170543017459712,MP09AF2763,13282000,1783411917000,89.2589018547048,33.81019009647909,4.6115682743894695,,29.03748860919885,1783398635000-642689989225816064-582170543017459712,155.918,2.289770833333338,,,
739426360824430592,1783448133000-642689989225816064-739426360824430592,1783448133000,1783460142000,1,155.007,0.0,0.0,642689989225816064,1783448133000,739426360824430592,Mp13p2745,12009000,1783460142000,,0.0,0.0,,,1783448133000-642689989225816064-739426360824430592,155.007,0.0,,,c
582166702746271744,1783408448000-642689989225816064-582166702746271744,1783408448000,1783422716000,1,154.736,34.845,4.440694504233032,642689989225816064,1783408448000,582166702746271744,MP09AF1836,14268000,1783422716000,91.99101014172525,34.84507959913835,4.440684360033039,,29.9423285,1783408448000-642689989225816064-582166702746271744,154.736,2.4627083333333393,,,
614868863032492032,1783391725000-642689989225816064-614868863032492032,1783391725000,1783405798000,1,154.679,34.737,4.45286006275729,642689989225816064,1783391725000,614868863032492032,MP09AF3672,14073000,1783405798000,91.70497966533851,34.73673472171913,4.452894068459665,,29.747432666666676,1783391725000-642689989225816064-614868863032492032,154.679,2.3959375000000054,,,
566306421637943296,1783386816000-642689989225816064-566306421637943296,1783386816000,1783400888000,1,154.273,33.082,4.663351671603893,642689989225816064,1783386816000,566306421637943296,MP09AF3618,14072000,1783400888000,87.33753687877193,33.082400332868154,4.6632952399988365,,25.62043529166667,1783386816000-642689989225816064-566306421637943296,154.273,2.3945833333333386,,,
582170543017459712,1783384346000-642689989225816064-582170543017459712,1783384346000,1783397294000,1,154.231,34.329,4.492732092400011,642689989225816064,1783384346000,582170543017459712,MP09AF2763,12948000,1783397294000,90.628124796982,34.328835150371965,4.49275366683477,,31.221510778720457,1783384346000-642689989225816064-582170543017459712,154.231,2.2209652777777826,,,
566304909352275968,1783422819000-642689989225816064-566304909352275968,1783422819000,1783438040000,2,153.44600000000003,36.031000000000006,4.258721656351475,642689989225816064,1783422819000,566304909352275968,MP09AF2781,15221000,1783438040000,95.77100177636503,36.276894612259476,4.231040215557195,,36.276894612259476,1783422819000-642689989225816064-566304909352275968,153.489,4.150000000001455,,,
566306421637943296,1783401442000-642689989225816064-566306421637943296,1783401442000,1783414290000,1,153.279,33.323,4.59979593674039,642689989225816064,1783401442000,566306421637943296,MP09AF3618,12848000,1783414290000,87.97163093476077,33.32258747528817,4.59985288098263,,27.906115154631717,1783401442000-642689989225816064-566306421637943296,153.279,2.211062500000004,,,
614868863032492032,1783408511000-642689989225816064-614868863032492032,1783408511000,1783423177000,1,152.893,38.256,3.9965757005437057,642689989225816064,1783408511000,614868863032492032,MP09AF3672,14666000,1783423177000,100.99520533768822,38.25575959760917,3.9966008153594523,,34.05737257242474,1783408511000-642689989225816064-614868863032492032,152.893,2.440270833333339,,,
566306421637943296,1783430489000-642689989225816064-566306421637943296,1783430489000,1783444086000,1,152.822,32.914,4.643069818314395,642689989225816064,1783430489000,566306421637943296,MP09AF3618,13597000,1783444086000,86.89327614199141,32.91411975075432,4.643052925530468,,26.79512324999999,1783430489000-642689989225816064-566306421637943296,152.822,2.2845625000000047,,,
566306421637943296,1783415554000-642689989225816064-566306421637943296,1783415554000,1783429721000,1,152.785,34.966,4.369530400960933,642689989225816064,1783415554000,566306421637943296,MP09AF3618,14167000,1783429721000,92.30995226400157,34.9658910090915,4.369544021065394,,29.45482818815988,1783415554000-642689989225816064-566306421637943296,152.785,2.4207275000000044,,,
582166702746271744,1783422935000-642689989225816064-582166702746271744,1783422935000,1783438172000,2,152.776,34.643,4.4100106803683286,642689989225816064,1783422935000,582166702746271744,MP09AF1836,15237000,1783438172000,91.4414746942916,34.63692223268621,4.411419668685442,,29.568048187820217,1783422935000-642689989225816064-582166702746271744,152.798,2.6972152777777847,,,
566306626101870592,1783387717000-642689989225816064-566306626101870592,1783387717000,1783399800000,1,152.749,41.393,3.6902133210929384,642689989225816064,1783387717000,566306626101870592,MP09AF5472,12083000,1783399800000,109.27877145153504,41.39347403467236,3.690171061072406,151.11746732983738,41.39347403467236,1783387717000-642689989225816064-566306626101870592,152.749,3.319444444445253,,,
566304909352275968,1783409735000-642689989225816064-566304909352275968,1783409735000,1783421594000,1,152.119,41.312,3.682198876839659,642689989225816064,1783409735000,566304909352275968,MP09AF2781,11859000,1783421594000,109.0649970414954,41.312498879354315,3.682154411531388,,41.312498879354315,1783409735000-642689989225816064-566304909352275968,152.119,3.150000000001455,,,
1515667522240643072,1783448488000-642689989225816064-1515667522240643072,1783448488000,1783458504000,1,135.602,28.286,4.793961677154776,642689989225816064,1783448488000,1515667522240643072,MP09BJ5830,10016000,1783458504000,74.67516031963227,28.28604557561828,4.7939539529302335,,20.14537409200603,1783448488000-642689989225816064-1515667522240643072,135.602,1.6464722222222241,,,
740159491168796672,1783438206000-642689989225816064-740159491168796672,1783438206000,1783449159000,1,135.468,30.535,4.436482724742099,642689989225816064,1783438206000,740159491168796672,MP13P9027,10953000,1783449159000,80.61333294524387,30.535353388349947,4.436431380934489,124.5,30.535353388349947,1783438206000-642689989225816064-740159491168796672,135.468,0.0,,,
1425523015684194304,1783442097000-642689989225816064-1425523015684194304,1783442097000,1783454874000,1,134.247,45.215,2.9690810571712927,642689989225816064,1783442097000,1425523015684194304,MP09AM6184,12777000,1783454874000,119.36778730502283,45.21507094887228,2.9690763982611488,139.39999999999418,45.21507094887228,1783442097000-642689989225816064-1425523015684194304,134.247,3.350000000000364,,,
739467157439512576,1783383750000-642689989225816064-739467157439512576,1783383750000,1783392592000,1,127.793,29.006,4.405743639247053,642689989225816064,1783383750000,739467157439512576,MP13P6336,8842000,1783392592000,76.57587533218674,29.006013383404067,4.405741606432458,,24.059757863956577,1783383750000-642689989225816064-739467157439512576,127.793,0.0,,,
739467157439512576,1783427522000-642689989225816064-739467157439512576,1783427522000,1783438520000,1,127.329,29.348,4.338592067602562,642689989225816064,1783427522000,739467157439512576,MP13P6336,10998000,1783438520000,77.47927084955786,29.348208655135554,4.338561221784113,,29.348208655135554,1783427522000-642689989225816064-739467157439512576,127.329,0.0,,,
739451124913799168,1783388536000-642689989225816064-739451124913799168,1783388536000,1783396943000,1,126.802,29.537,4.292988455157938,642689989225816064,1783388536000,739451124913799168,MP13P2781,8407000,1783396943000,77.97786444327363,29.537069864876372,4.292978300829527,,24.931789618227732,1783388536000-642689989225816064-739451124913799168,126.802,0.0,,,
740288270604173312,1783390073000-642689989225816064-740288270604173312,1783390073000,1783404194000,1,125.635,42.329,2.9680597226487753,642689989225816064,1783390073000,740288270604173312,MP09FA9079,14121000,1783404194000,111.74984785966436,42.32948782563044,2.9680255172832073,,42.32948782563044,1783390073000-642689989225816064-740288270604173312,125.635,0.0,,,
739910017485897728,1783435637000-642689989225816064-739910017485897728,1783435637000,1783446716000,1,124.907,28.246,4.422112865538484,642689989225816064,1783435637000,739910017485897728,MP13P3663,11079000,1783446716000,74.57018796667005,28.24628332070835,4.422068510104699,,28.24628332070835,1783435637000-642689989225816064-739910017485897728,124.907,0.0,,,
1533069815709696000,1783406829000-642689989225816064-1533069815709696000,1783406829000,1783416991000,2,122.352,40.94,2.9885686370298,642689989225816064,1783406829000,1533069815709696000,MP09BP2984,10162000,1783416991000,108.11033024198557,40.950882667418774,2.988848884993152,120.51000000000204,40.950882667418774,1783406829000-642689989225816064-1533069815709696000,122.396,2.793888888888887,,,
566306626101870592,1783401315000-642689989225816064-566306626101870592,1783401315000,1783411369000,1,112.839,29.796,3.7870519532823197,642689989225816064,1783401315000,566306626101870592,MP09AF5472,10054000,1783411369000,78.66075722047844,29.79574137139335,3.7870848250930185,112.01039111986756,29.79574137139335,1783401315000-642689989225816064-566306626101870592,112.839,2.7611111111109494,,,
739426360824430592,1783438650000-642689989225816064-739426360824430592,1783438650000,1783445492000,1,110.04,0.0,0.0,642689989225816064,1783438650000,739426360824430592,Mp13p2745,6842000,1783445492000,,0.0,0.0,,,1783438650000-642689989225816064-739426360824430592,110.04,0.0,,,c
1533070599880966144,1783419402000-642689989225816064-1533070599880966144,1783419402000,1783428685000,1,102.624,32.742,3.134322888033718,642689989225816064,1783419402000,1533070599880966144,MP09BP2969,9283000,1783428685000,86.43833717119055,32.74179438302672,3.1343425714382978,101.61000000000058,32.741913429198995,1783419402000-642689989225816064-1533070599880966144,102.624,2.5066666666666606,,,
739910017485897728,1783453600000-642689989225816064-739910017485897728,1783453600000,1783462195000,1,98.729,22.767,4.336495805332279,642689989225816064,1783453600000,739910017485897728,MP13P3663,8595000,1783462195000,60.10573770334851,22.76732488763201,4.336433923936007,,19.085931228769855,1783453600000-642689989225816064-739910017485897728,98.729,0.0,,,
1531026470644744192,1783429584000-642689989225816064-1531026470644744192,1783429584000,1783435926000,1,91.372,26.294,3.4750133110215256,642689989225816064,1783429584000,1531026470644744192,MP09BM0987,6342000,1783435926000,69.4150124603137,26.2935653258764,3.4750707584748,86.86000000000058,26.2935653258764,1783429584000-642689989225816064-1531026470644744192,91.372,1.7202777777779374,,,
740601027408953344,1783391475000-642689989225816064-740601027408953344,1783391475000,1783400406000,1,79.506,12.009,6.620534599050711,642689989225816064,1783391475000,740601027408953344,MP09FA9232,8931000,1783400406000,31.70249594863409,12.008521192664428,6.620798574979186,,12.008521192664428,1783391475000-642689989225816064-740601027408953344,79.506,0.0,,,
739467157439512576,1783440170000-642689989225816064-739467157439512576,1783440170000,1783446830000,1,78.562,18.137,4.331587362849423,642689989225816064,1783440170000,739467157439512576,MP13P6336,6660000,1783446830000,47.88200507312182,18.137123133758262,4.331557955504759,,18.13712313375826,1783440170000-642689989225816064-739467157439512576,78.562,0.0,,,
740601027408953344,1783413195000-642689989225816064-740601027408953344,1783413195000,1783421472000,1,76.809,11.568,6.639782157676349,642689989225816064,1783413195000,740601027408953344,MP09FA9232,8277000,1783421472000,30.54027347181661,11.56828540599114,6.639618344843144,,11.56828540599114,1783413195000-642689989225816064-740601027408953344,76.809,0.0,,,
741022679712137216,1783405419000-642689989225816064-741022679712137216,1783405419000,1783413420000,1,76.7,13.412,5.718759320011929,642689989225816064,1783405419000,741022679712137216,MP09FA9237,8001000,1783413420000,35.406956656718116,13.411726006332618,5.718876150898441,,13.411726006332618,1783405419000-642689989225816064-741022679712137216,76.7,0.0,,,
741022679712137216,1783416359000-642689989225816064-741022679712137216,1783416359000,1783424560000,1,76.392,13.046,5.855587919668864,642689989225816064,1783416359000,741022679712137216,MP09FA9237,8201000,1783424560000,34.44096972358463,13.045821864994178,5.85566787516718,,13.045821864994178,1783416359000-642689989225816064-741022679712137216,76.392,0.0,,,
740601027408953344,1783421783000-642689989225816064-740601027408953344,1783421783000,1783430750000,1,76.315,11.338,6.730904921502911,642689989225816064,1783421783000,740601027408953344,MP09FA9232,8967000,1783430750000,29.93186424627406,11.3378273660129,6.731007408771051,,11.3378273660129,1783421783000-642689989225816064-740601027408953344,76.315,0.0,,,
741022679712137216,1783394642000-642689989225816064-741022679712137216,1783394642000,1783403559000,1,76.306,12.425,6.14132796780684,642689989225816064,1783394642000,741022679712137216,MP09FA9237,8917000,1783403559000,32.801098268722924,12.42465843512232,6.141496798358366,,12.42465843512232,1783394642000-642689989225816064-741022679712137216,76.306,0.0,,,
739426360824430592,1783462302000-642689989225816064-739426360824430592,1783462302000,1783467582000,1,76.238,0.0,0.0,642689989225816064,1783462302000,739426360824430592,Mp13p2745,5280000,1783467582000,,0.0,0.0,,,1783462302000-642689989225816064-739426360824430592,76.238,0.0,,,c
740601027408953344,1783401944000-642689989225816064-740601027408953344,1783401944000,1783410232000,1,76.145,10.889,6.9928368077876755,642689989225816064,1783401944000,740601027408953344,MP09FA9232,8288000,1783410232000,28.74670198060696,10.888902265381423,6.9928995728140775,,10.888902265381423,1783401944000-642689989225816064-740601027408953344,76.145,0.0,,,
739910017485897728,1783463662000-642689989225816064-739910017485897728,1783463662000,1783470009000,1,73.448,17.425,4.215093256814921,642689989225816064,1783463662000,739910017485897728,MP13P3663,6347000,1783470009000,46.002855198343,17.425323938766287,4.215014897748874,,14.898084402466472,1783463662000-642689989225816064-739910017485897728,73.448,0.0,,,
739451124913799168,1783397896000-642689989225816064-739451124913799168,1783397896000,1783403850000,1,72.44,17.471,4.14629958216473,642689989225816064,1783397896000,739451124913799168,MP13P2781,5954000,1783403850000,46.12321071580306,17.4709131499254,4.146320193933842,,17.4709131499254,1783397896000-642689989225816064-739451124913799168,72.44,0.0,,,
1429476090367180800,1783390046000-642689989225816064-1429476090367180800,1783390046000,1783394905000,1,69.877,19.575,3.56970625798212,642689989225816064,1783390046000,1429476090367180800,MP09AN1563,4859000,1783394905000,51.6775335085916,19.57482329870894,3.5697384816040074,72.29999999998836,19.57482329870894,1783390046000-642689989225816064-1429476090367180800,69.877,1.1499999999996362,,,
719815168762052608,1783401693000-642689989225816064-719815168762052608,1783401693000,1783415500000,1,68.887,11.582,5.947763771369366,642689989225816064,1783401693000,719815168762052608,MP04PA3847,13807000,1783415500000,30.577195391741796,11.582270981720377,5.947624615994595,,11.582270981720377,1783401693000-642689989225816064-719815168762052608,68.887,0.0,,,
1429476090367180800,1783433174000-642689989225816064-1429476090367180800,1783433174000,1783440286000,1,66.035,18.487,3.5719694920755125,642689989225816064,1783433174000,1429476090367180800,MP09AN1563,7112000,1783440286000,48.805039737177744,18.48675747620369,3.572016351975235,68.0,18.48675747620369,1783433174000-642689989225816064-1429476090367180800,66.035,1.9000000000005457,,,
739910017485897728,1783448236000-642689989225816064-739910017485897728,1783448236000,1783453578000,1,63.648,14.641,4.3472440407076025,642689989225816064,1783448236000,739910017485897728,MP13P3663,5342000,1783453578000,38.65334871637869,14.64141996832526,4.347119346190047,,14.64141996832526,1783448236000-642689989225816064-739910017485897728,63.648,0.0,,,
1265710251726864384,1783392476000-642689989225816064-1265710251726864384,1783392476000,1783401027000,1,61.44,4.332,14.182825484764543,642689989225816064,1783392476000,1265710251726864384,GJ18AZ7942,8551000,1783401027000,11.43541983740071,4.331598423257844,14.184140355695826,61.0,3.871875039108235,1783392476000-642689989225816064-1265710251726864384,61.44,0.0,,,
739910017485897728,1783383380000-642689989225816064-739910017485897728,1783383380000,1783387873000,1,59.988,13.951,4.299906816715647,642689989225816064,1783383380000,739910017485897728,MP13P3663,4493000,1783387873000,36.831622761220125,13.951372258037924,4.299792084283221,,13.951372258037924,1783383380000-642689989225816064-739910017485897728,59.988,0.0,,,
566305825849643008,1783384829000-642689989225816064-566305825849643008,1783384829000,1783390266000,1,59.578,13.426,4.437509310293461,642689989225816064,1783384829000,566305825849643008,MP09AF2745,5437000,1783390266000,35.44374887032494,13.425662450880658,4.437620878520745,,9.77727525,1783384829000-642689989225816064-566305825849643008,59.578,0.8975000000000001,,,
739426360824430592,1783432290000-642689989225816064-739426360824430592,1783432290000,1783436730000,1,59.396,0.0,0.0,642689989225816064,1783432290000,739426360824430592,Mp13p2745,4440000,1783436730000,,0.0,0.0,,,1783432290000-642689989225816064-739426360824430592,59.396,0.0,,,c
1533070599880966144,1783414068000-642689989225816064-1533070599880966144,1783414068000,1783418582000,1,58.563,18.284,3.2029643404069135,642689989225816064,1783414068000,1533070599880966144,MP09BP2969,4514000,1783418582000,48.270608528159975,18.284321412181807,3.202908036881412,56.36000000000058,18.284321412181807,1783414068000-642689989225816064-1533070599880966144,58.563,1.2225000000000819,,,
1425525382987120640,1783441233000-642689989225816064-1425525382987120640,1783441233000,1783447281000,1,56.208,16.091,3.4931328071592813,642689989225816064,1783441233000,1425525382987120640,MP09AM6115,6048000,1783447281000,42.4812334772511,16.09137631714057,3.4930511158406703,58.19999999998254,16.09137631714057,1783441233000-642689989225816064-1425525382987120640,56.208,1.3999999999996362,,,
739928272518774784,1783434017000-642689989225816064-739928272518774784,1783434017000,1783440754000,1,54.812,14.027,3.907606758394525,642689989225816064,1783434017000,739928272518774784,MP13P7218,6737000,1783440754000,37.031007791853014,14.026896890853413,3.9076354824951713,48.875,14.026896890853413,1783434017000-642689989225816064-739928272518774784,54.812,0.0,,,
1533069815709696000,1783416994000-642689989225816064-1533069815709696000,1783416994000,1783420288000,1,51.895,17.387,2.9847012135503537,642689989225816064,1783416994000,1533069815709696000,MP09BP2984,3294000,1783420288000,45.90250274074484,17.38731164422153,2.9846477167875864,51.29000000000087,17.38731164422153,1783416994000-642689989225816064-1533069815709696000,51.895,0.8861111111109494,,,
1294623527814561792,1783391098000-642689989225816064-1294623527814561792,1783391098000,1783397010000,1,36.728,3.521,10.431127520590742,642689989225816064,1783391098000,1294623527814561792,GJ18AZ6284,5912000,1783397010000,9.295517707999112,3.5210294348481486,10.431040319202548,37.0,3.5210294348481486,1783391098000-642689989225816064-1294623527814561792,36.728,0.0,,,
566306626101870592,1783420830000-642689989225816064-566306626101870592,1783420830000,1783424930000,1,36.429,9.703,3.7544058538596317,642689989225816064,1783420830000,566306626101870592,MP09AF5472,4100000,1783424930000,25.616680565787888,9.703288093101472,3.7542943845910446,28.968204600038007,9.703288093101472,1783420830000-642689989225816064-566306626101870592,36.429,1.0961111111100763,,,
740288270604173312,1783404302000-642689989225816064-740288270604173312,1783404302000,1783407236000,1,35.93,9.428,3.810988544760288,642689989225816064,1783404302000,740288270604173312,MP09FA9079,2934000,1783407236000,24.89055512530362,9.428240577766523,3.8108913008360608,,9.428240577766523,1783404302000-642689989225816064-740288270604173312,35.93,0.0,,,
739915798490906624,1783430978000-642689989225816064-739915798490906624,1783430978000,1783436592000,1,35.302,12.051,2.9293834536552983,642689989225816064,1783430978000,739915798490906624,MP13P5481,5614000,1783436592000,31.813746937252418,12.050661718656219,2.929465686133007,,12.050661718656219,1783430978000-642689989225816064-739915798490906624,35.302,1.5499999999992724,,,
739928272518774784,1783385511000-642689989225816064-739928272518774784,1783385511000,1783389463000,1,33.839,8.179,4.137302848759017,642689989225816064,1783385511000,739928272518774784,MP13P7218,3952000,1783389463000,21.59364626184349,8.179411462819504,4.137094722990674,30.25,8.179411462819504,1783385511000-642689989225816064-739928272518774784,33.839,0.0,,,
718585359834808320,1783412545000-642689989225816064-718585359834808320,1783412545000,1783416961000,1,27.696,5.079,5.4530419373892505,642689989225816064,1783412545000,718585359834808320,MP04PA3842,4416000,1783416961000,13.409473325607282,5.079345956669425,5.452670528108806,,5.079345956669425,1783412545000-642689989225816064-718585359834808320,27.696,0.0,,,
719815168762052608,1783420961000-642689989225816064-719815168762052608,1783420961000,1783426753000,1,27.671,4.335,6.38316032295271,642689989225816064,1783420961000,719815168762052608,MP04PA3847,5792000,1783426753000,11.443910698992426,4.334814658709252,6.383433244234577,,4.334814658709252,1783420961000-642689989225816064-719815168762052608,27.671,0.0,,,
719815168762052608,1783434934000-642689989225816064-719815168762052608,1783434934000,1783440053000,1,27.572,3.79,7.274934036939314,642689989225816064,1783434934000,719815168762052608,MP04PA3847,5119000,1783440053000,10.004781577399342,3.789689991439144,7.275529149425086,,3.789689991439144,1783434934000-642689989225816064-719815168762052608,27.572,0.0,,,
718816574726733824,1783413976000-642689989225816064-718816574726733824,1783413976000,1783419305000,1,27.526,5.049,5.451772628243216,642689989225816064,1783413976000,718816574726733824,MP04PA3843,5329000,1783419305000,13.328096996051196,5.0485215894133315,5.452289251911209,,5.0485215894133315,1783413976000-642689989225816064-718816574726733824,27.526,0.0,,,
1294623527814561792,1783404711000-642689989225816064-1294623527814561792,1783404711000,1783408890000,1,25.376,2.552,9.943573667711599,642689989225816064,1783404711000,1294623527814561792,GJ18AZ6284,4179000,1783408890000,6.736326179726533,2.5516387044418685,9.944981613512015,25.0,2.5516387044418685,1783404711000-642689989225816064-1294623527814561792,25.376,0.0,,,
718816574726733824,1783401326000-642689989225816064-718816574726733824,1783401326000,1783404689000,1,24.977,4.048,6.170207509881423,642689989225816064,1783401326000,718816574726733824,MP04PA3843,3363000,1783404689000,10.686655880737144,4.047975712400433,6.170244530738239,,4.047975712400433,1783401326000-642689989225816064-718816574726733824,24.977,0.0,,,
739426360824430592,1783468182000-642689989225816064-739426360824430592,1783468182000,1783470462000,1,24.002,0.0,0.0,642689989225816064,1783468182000,739426360824430592,Mp13p2745,2280000,1783470462000,,0.0,0.0,,,1783468182000-642689989225816064-739426360824430592,24.002,0.0,,,c
718816574726733824,1783420241000-642689989225816064-718816574726733824,1783420241000,1783424428000,1,23.673,3.713,6.375706975491516,642689989225816064,1783420241000,718816574726733824,MP04PA3843,4187000,1783424428000,9.801011970982547,3.712504534463086,6.376557868211106,,3.712504534463086,1783420241000-642689989225816064-718816574726733824,23.673,0.0,,,
739421717067202560,1783393883000-642689989225816064-739421717067202560,1783393883000,1783396003000,1,23.549,6.206,3.794553657750564,642689989225816064,1783393883000,739421717067202560,Mp13p8136,2120000,1783396003000,16.385045293638726,6.20645655062073,3.7942745281355075,,6.20645655062073,1783393883000-642689989225816064-739421717067202560,23.549,0.0,,,
1265709242568933376,1783433327000-642689989225816064-1265709242568933376,1783433327000,1783439304000,1,23.0,1.629,14.119091467157766,642689989225816064,1783433327000,1265709242568933376,GJ18AZ6139,5977000,1783439304000,4.300344790630223,1.6289184812993267,14.119798052542057,23.0,1.4612827321897204,1783433327000-642689989225816064-1265709242568933376,23.0,0.0,,,
1326601740895649792,1783420352000-642689989225816064-1326601740895649792,1783420352000,1783422863000,1,22.885,9.279,2.46632180191831,642689989225816064,1783420352000,1326601740895649792,MP09DT3654,2511000,1783422863000,24.496405400123173,9.278941439440596,2.4663373671835225,22.479999999981374,9.278941439440596,1783420352000-642689989225816064-1326601740895649792,22.885,0.6419444444454712,,,
739902048702562304,1783440639000-642689989225816064-739902048702562304,1783440639000,1783442690000,1,22.479,5.442,4.130650496141124,642689989225816064,1783440639000,739902048702562304,MP13P9072,2051000,1783442690000,14.367835785990343,5.442362040147857,4.130375714473654,21.25,5.442362040147857,1783440639000-642689989225816064-739902048702562304,22.479,0.5499999999992724,,,
740331879919517696,1783425064000-642689989225816064-740331879919517696,1783425064000,1783431949000,1,21.789,11.092,1.964388748647674,642689989225816064,1783425064000,740331879919517696,MP09FA8950,6885000,1783431949000,29.28298839545967,11.092041058886238,1.9643814771623154,,11.092041058886238,1783425064000-642689989225816064-740331879919517696,21.789,0.0,,,
1537213879656906752,1783412416000-642689989225816064-1537213879656906752,1783412416000,1783413742000,1,20.72,7.239,2.862273794723028,642689989225816064,1783412416000,1537213879656906752,MP09BN1073,1326000,1783413742000,19.11062140864714,7.238871745699674,2.8623245068969383,19.375,7.238871745699674,1783412416000-642689989225816064-1537213879656906752,20.72,0.33666666666658784,,,
1326601740895649792,1783411168000-642689989225816064-1326601740895649792,1783411168000,1783413910000,1,19.288,8.819,2.1870960426352193,642689989225816064,1783411168000,1326601740895649792,MP09DT3654,2742000,1783413910000,23.28106325304515,8.818584565547406,2.187199074481259,18.64000000001397,8.818584565547406,1783411168000-642689989225816064-1326601740895649792,19.288,0.7308333333330665,,,
589014414737289216,1783415088000-642689989225816064-589014414737289216,1783415088000,1783417137000,1,17.86,4.128,4.326550387596899,642689989225816064,1783415088000,589014414737289216,MP09BP1574,2049000,1783417137000,10.898152112201947,4.128087921288616,4.32645823939352,,3.6641335,1783415088000-642689989225816064-589014414737289216,17.86,0.35900000000000004,,,
739910017485897728,1783382537000-642689989225816064-739910017485897728,1783382537000,1783383358000,1,14.832,3.587,4.134931697797603,642689989225816064,1783382537000,739910017485897728,MP13P3663,821000,1783383358000,9.469802623619033,3.587046448340543,4.13487815494044,,3.1095928253765273,1783382537000-642689989225816064-739910017485897728,14.832,0.0,,,
718791267030401024,1783390018000-642689989225816064-718791267030401024,1783390018000,1783391919000,1,14.469,2.156,6.711038961038961,642689989225816064,1783390018000,718791267030401024,MP04PA3840,1901000,1783391919000,5.69280157543369,2.156364233118822,6.70990539435585,,2.156364233118822,1783390018000-642689989225816064-718791267030401024,14.469,0.0,,,
718791267030401024,1783442322000-642689989225816064-718791267030401024,1783442322000,1783444009000,1,14.28,1.421,10.049261083743842,642689989225816064,1783442322000,718791267030401024,MP04PA3840,1687000,1783444009000,3.7527132814700153,1.421482303587127,10.04585140734025,,1.2319156407214704,1783442322000-642689989225816064-718791267030401024,14.28,0.0,,,
719815168762052608,1783426949000-642689989225816064-719815168762052608,1783426949000,1783429604000,1,14.032,1.898,7.39304531085353,642689989225816064,1783426949000,719815168762052608,MP04PA3847,2655000,1783429604000,5.009643269661139,1.8975921475989164,7.3946343094616696,,1.8975921475989164,1783426949000-642689989225816064-719815168762052608,14.032,0.0,,,
719815168762052608,1783416223000-642689989225816064-719815168762052608,1783416223000,1783418259000,1,14.002,2.057,6.807000486144871,642689989225816064,1783416223000,719815168762052608,MP04PA3847,2036000,1783418259000,5.430101945163847,2.056856797410548,6.80747440348187,,2.056856797410548,1783416223000-642689989225816064-719815168762052608,14.002,0.0,,,
718585359834808320,1783399218000-642689989225816064-718585359834808320,1783399218000,1783401249000,1,14.001,2.399,5.836181742392664,642689989225816064,1783399218000,718585359834808320,MP04PA3842,2031000,1783401249000,6.334661677455808,2.3994930596423516,5.834982495047046,,2.3994930596423516,1783399218000-642689989225816064-718585359834808320,14.001,0.0,,,
1265709242568933376,1783388842000-642689989225816064-1265709242568933376,1783388842000,1783390653000,1,14.0,1.012,13.83399209486166,642689989225816064,1783388842000,1265709242568933376,GJ18AZ6139,1811000,1783390653000,2.6716386247782875,1.011984327567533,13.834206339589516,14.0,0.9229706691206483,1783388842000-642689989225816064-1265709242568933376,14.0,0.0,,,
718585359834808320,1783421399000-642689989225816064-718585359834808320,1783421399000,1783423391000,1,14.0,2.188,6.39853747714808,642689989225816064,1783421399000,718585359834808320,MP04PA3842,1992000,1783423391000,5.7760251366025885,2.1878883093191623,6.398864119511012,,2.1878883093191623,1783421399000-642689989225816064-718585359834808320,14.0,0.0,,,
718791267030401024,1783414134000-642689989225816064-718791267030401024,1783414134000,1783416320000,1,13.991,1.891,7.398730830248546,642689989225816064,1783414134000,718791267030401024,MP04PA3840,2186000,1783416320000,4.992029052206952,1.8909200955329362,7.399043477856098,,1.8909200955329362,1783414134000-642689989225816064-718791267030401024,13.991,0.0,,,
719815168762052608,1783398351000-642689989225816064-719815168762052608,1783398351000,1783400290000,1,13.978,1.474,9.48303934871099,642689989225816064,1783398351000,719815168762052608,MP04PA3847,1939000,1783400290000,3.8902873516247496,1.4735936937972536,9.48565405704239,,1.4735936937972534,1783398351000-642689989225816064-719815168762052608,13.978,0.0,,,
718585359834808320,1783405483000-642689989225816064-718585359834808320,1783405483000,1783407491000,1,13.958,2.357,5.92193466270683,642689989225816064,1783405483000,718585359834808320,MP04PA3842,2008000,1783407491000,6.221801580824937,2.3567430230397486,5.92258038468566,,2.3567430230397486,1783405483000-642689989225816064-718585359834808320,13.958,0.0,,,
718791267030401024,1783406791000-642689989225816064-718791267030401024,1783406791000,1783408714000,1,13.955,1.986,7.026686807653575,642689989225816064,1783406791000,718791267030401024,MP04PA3840,1923000,1783408714000,5.243621348475486,1.986220207755866,7.02590777473112,,1.986220207755866,1783406791000-642689989225816064-718791267030401024,13.955,0.0,,,
718791267030401024,1783431373000-642689989225816064-718791267030401024,1783431373000,1783433795000,1,13.94,1.466,9.508867667121418,642689989225816064,1783431373000,718791267030401024,MP04PA3840,2422000,1783433795000,3.871216831044258,1.4663700117591885,9.506468277591363,,1.4663700117591885,1783431373000-642689989225816064-718791267030401024,13.94,0.0,,,
719815168762052608,1783443586000-642689989225816064-719815168762052608,1783443586000,1783445983000,1,13.888,1.798,7.724137931034482,642689989225816064,1783443586000,719815168762052608,MP04PA3847,2397000,1783445983000,4.747633544540341,1.798346039598614,7.722651644452013,,1.798346039598614,1783443586000-642689989225816064-719815168762052608,13.888,0.0,,,
718585359834808320,1783428978000-642689989225816064-718585359834808320,1783428978000,1783431262000,1,13.828,2.316,5.970639032815199,642689989225816064,1783428978000,718585359834808320,MP04PA3842,2284000,1783431262000,6.114050011883473,2.3159280348043456,5.970824564575996,,2.3159280348043456,1783428978000-642689989225816064-718585359834808320,13.828,0.0,,,
718585359834808320,1783417074000-642689989225816064-718585359834808320,1783417074000,1783418823000,1,13.8,2.209,6.247170665459484,642689989225816064,1783417074000,718585359834808320,MP04PA3842,1749000,1783418823000,5.831047449701347,2.2087300945838435,6.24793406575108,,2.2087300945838435,1783417074000-642689989225816064-718585359834808320,13.8,0.0,,,
718791267030401024,1783401338000-642689989225816064-718791267030401024,1783401338000,1783403003000,1,13.799,2.263,6.09765797613787,642689989225816064,1783401338000,718791267030401024,MP04PA3840,1665000,1783403003000,5.9756282679204435,2.263495556030471,6.096322991770981,,2.263495556030471,1783401338000-642689989225816064-718791267030401024,13.799,0.0,,,
718816574726733824,1783393431000-642689989225816064-718816574726733824,1783393431000,1783394747000,1,13.794,1.581,8.724857685009487,642689989225816064,1783393431000,718816574726733824,MP04PA3843,1316000,1783394747000,4.173137945739716,1.5807340703559531,8.726325483004132,,1.5807340703559531,1783393431000-642689989225816064-718816574726733824,13.794,0.0,,,
1537194706461523968,1783393493000-642689989225816064-1537194706461523968,1783393493000,1783397006000,1,13.77,6.152,2.238296488946684,642689989225816064,1783393493000,1537194706461523968,MP09BN3822,3513000,1783397006000,16.24067400370366,6.1517704559483555,2.238380007609894,13.389999999999418,6.1517704559483555,1783393493000-642689989225816064-1537194706461523968,13.77,0.9452777777778465,,,
718791267030401024,1783398033000-642689989225816064-718791267030401024,1783398033000,1783400133000,1,13.736,2.338,5.875106928999145,642689989225816064,1783398033000,718791267030401024,MP04PA3840,2100000,1783400133000,6.171527059097206,2.337699643597426,5.875861784733826,,2.337699643597426,1783398033000-642689989225816064-718791267030401024,13.736,0.0,,,
718791267030401024,1783410658000-642689989225816064-718791267030401024,1783410658000,1783412877000,1,13.697,2.352,5.823554421768708,642689989225816064,1783410658000,718791267030401024,MP04PA3840,2219000,1783412877000,6.208825825641073,2.351827964257982,5.82398041360202,,2.351827964257982,1783410658000-642689989225816064-718791267030401024,13.697,0.0,,,
719815168762052608,1783430329000-642689989225816064-719815168762052608,1783430329000,1783433563000,1,13.664,2.303,5.933130699088146,642689989225816064,1783430329000,719815168762052608,MP04PA3847,3234000,1783433563000,6.080308426276245,2.303147131165244,5.932751674916616,,2.303147131165244,1783430329000-642689989225816064-719815168762052608,13.664,0.0,,,
718585359834808320,1783425038000-642689989225816064-718585359834808320,1783425038000,1783426880000,1,13.612,2.353,5.7849553761155965,642689989225816064,1783425038000,718585359834808320,MP04PA3842,1842000,1783426880000,6.2120005370186435,2.353030506446456,5.78488037562965,,2.353030506446456,1783425038000-642689989225816064-718585359834808320,13.612,0.0,,,
566305663035146240,1783438730000-642689989225816064-566305663035146240,1783438730000,1783440833000,1,13.608,3.267,4.1652892561983474,642689989225816064,1783438730000,566305663035146240,MP09AF2754,2103000,1783440833000,8.625152326854314,3.2671031541114823,4.165157743144727,,2.458991166666667,1783438730000-642689989225816064-566305663035146240,13.608,0.3362916666666667,,,
718585359834808320,1783408477000-642689989225816064-718585359834808320,1783408477000,1783410773000,1,13.592,2.686,5.060312732688012,642689989225816064,1783408477000,718585359834808320,MP04PA3842,2296000,1783410773000,7.090088523240855,2.6856395921366873,5.060991817292298,,2.6856395921366873,1783408477000-642689989225816064-718585359834808320,13.592,0.0,,,
718791267030401024,1783435576000-642689989225816064-718791267030401024,1783435576000,1783437795000,1,13.575,1.409,9.634492547906316,642689989225816064,1783435576000,718791267030401024,MP04PA3840,2219000,1783437795000,3.7197736591891033,1.4090051739352663,9.63445716958288,,1.4090051739352663,1783435576000-642689989225816064-718791267030401024,13.575,0.0,,,
718585359834808320,1783402433000-642689989225816064-718585359834808320,1783402433000,1783404561000,1,13.559,2.257,6.00753212228622,642689989225816064,1783402433000,718585359834808320,MP04PA3842,2128000,1783404561000,5.959746702354823,2.257479811498039,6.006255263475599,,2.257479811498039,1783402433000-642689989225816064-718585359834808320,13.559,0.0,,,
718791267030401024,1783427706000-642689989225816064-718791267030401024,1783427706000,1783430110000,1,13.538,1.563,8.661548304542547,642689989225816064,1783427706000,718791267030401024,MP04PA3840,2404000,1783430110000,4.127272306854859,1.5633607222935073,8.659549780769252,,1.563360722293507,1783427706000-642689989225816064-718791267030401024,13.538,0.0,,,
719815168762052608,1783418510000-642689989225816064-719815168762052608,1783418510000,1783420657000,1,13.535,2.01,6.733830845771145,642689989225816064,1783418510000,719815168762052608,MP04PA3847,2147000,1783420657000,5.307700921903705,2.010492773448373,6.7321803782387795,,2.010492773448373,1783418510000-642689989225816064-719815168762052608,13.535,0.0,,,
718585359834808320,1783419406000-642689989225816064-718585359834808320,1783419406000,1783421363000,1,13.519,2.155,6.2733178654292345,642689989225816064,1783419406000,718585359834808320,MP04PA3842,1957000,1783421363000,5.688385352171791,2.1546914212771933,6.274216282898928,,2.1546914212771933,1783419406000-642689989225816064-718585359834808320,13.519,0.0,,,
718791267030401024,1783403973000-642689989225816064-718791267030401024,1783403973000,1783405602000,1,13.515,2.063,6.551139117789626,642689989225816064,1783403973000,718791267030401024,MP04PA3840,1629000,1783405602000,5.446441304313449,2.063045948603579,6.550993209408615,,2.063045948603579,1783403973000-642689989225816064-718791267030401024,13.515,0.0,,,
718585359834808320,1783438668000-642689989225816064-718585359834808320,1783438668000,1783441240000,1,13.504,1.762,7.6640181611804765,642689989225816064,1783438668000,718585359834808320,MP04PA3842,2572000,1783441240000,4.6521112957039845,1.7621633695848424,7.663307632584305,,1.7621633695848424,1783438668000-642689989225816064-718585359834808320,13.504,0.0,,,
719815168762052608,1783390509000-642689989225816064-719815168762052608,1783390509000,1783393103000,1,13.499,1.42,9.506338028169015,642689989225816064,1783390509000,719815168762052608,MP04PA3847,2594000,1783393103000,3.7479528262958595,1.4196791008696437,9.508486806441685,,1.2835441541341919,1783390509000-642689989225816064-719815168762052608,13.499,0.0,,,
718816574726733824,1783428461000-642689989225816064-718816574726733824,1783428461000,1783431510000,1,13.496,2.627,5.137419109250096,642689989225816064,1783428461000,718816574726733824,MP04PA3843,3049000,1783431510000,6.93412114551756,2.6265610399687724,5.1382776926290115,,2.6265610399687724,1783428461000-642689989225816064-718816574726733824,13.496,0.0,,,
718585359834808320,1783394414000-642689989225816064-718585359834808320,1783394414000,1783395977000,1,13.48,2.212,6.094032549728752,642689989225816064,1783394414000,718585359834808320,MP04PA3842,1563000,1783395977000,5.839887902032147,2.2120787507697526,6.093815600059116,,2.2120787507697526,1783394414000-642689989225816064-718585359834808320,13.48,0.0,,,
718816574726733824,1783396284000-642689989225816064-718816574726733824,1783396284000,1783397755000,1,13.399,1.857,7.215401184706516,642689989225816064,1783396284000,718816574726733824,MP04PA3843,1471000,1783397755000,4.902372477360163,1.8569592717273342,7.215559438488016,,1.8569592717273342,1783396284000-642689989225816064-718816574726733824,13.399,0.0,,,
1326601941924446208,1783444537000-642689989225816064-1326601941924446208,1783444537000,1783446982000,1,13.328,6.362,2.094938698522477,642689989225816064,1783444537000,1326601941924446208,MP09BN3854,2445000,1783446982000,16.795647559945376,6.361987712100521,2.094942744804442,,6.361987712100521,1783444537000-642689989225816064-1326601941924446208,13.328,0.6416666666668789,,,
1326601941924446208,1783462339000-642689989225816064-1326601941924446208,1783462339000,1783463368000,1,12.892,5.274,2.444444444444444,642689989225816064,1783462339000,1326601941924446208,MP09BN3854,1029000,1783463368000,13.922395051722534,5.273634489288838,2.444613866619815,12.720000000001164,5.273634489288838,1783462339000-642689989225816064-1326601941924446208,12.892,0.2444444444445253,,,
718585359834808320,1783435652000-642689989225816064-718585359834808320,1783435652000,1783437852000,1,12.432,1.721,7.223707147007554,642689989225816064,1783435652000,718585359834808320,MP04PA3842,2200000,1783437852000,4.54293679634444,1.720809392554712,7.224507289295687,,1.720809392554712,1783435652000-642689989225816064-718585359834808320,12.432,0.0,,,
1265709242568933376,1783409963000-642689989225816064-1265709242568933376,1783409963000,1783414100000,1,12.358,1.145,10.793013100436681,642689989225816064,1783409963000,1265709242568933376,GJ18AZ6139,4137000,1783414100000,3.0233405120331605,1.1452047394065001,10.791083528351889,12.0,1.1452047394065001,1783409963000-642689989225816064-1265709242568933376,12.358,0.0,,,
1265710251726864384,1783405138000-642689989225816064-1265710251726864384,1783405138000,1783406790000,1,12.188,0.835,14.596407185628744,642689989225816064,1783405138000,1265710251726864384,GJ18AZ7942,1652000,1783406790000,2.2039564475506355,0.8348319877085739,14.59934475373101,12.0,0.5832310353990248,1783405138000-642689989225816064-1265710251726864384,12.188,0.0,,,
1310263193548881920,1783398514000-642689989225816064-1310263193548881920,1783398514000,1783400220000,1,12.033,0.831,14.48014440433213,642689989225816064,1783398514000,1310263193548881920,GJ18AZ7719,1706000,1783400220000,2.19350785833293,0.8308741887624734,14.482336992466063,12.0,0.42431429236288076,1783398514000-642689989225816064-1310263193548881920,12.033,0.0,,,
1265710251726864384,1783424745000-642689989225816064-1265710251726864384,1783424745000,1783426316000,1,11.962,0.852,14.039906103286386,642689989225816064,1783424745000,1265710251726864384,GJ18AZ7942,1571000,1783426316000,2.250459226866167,0.852446676843245,14.032549278386913,12.0,0.852446676843245,1783424745000-642689989225816064-1265710251726864384,11.962,0.0,,,
1310263193548881920,1783400922000-642689989225816064-1310263193548881920,1783400922000,1783402670000,1,11.936,0.868,13.751152073732719,642689989225816064,1783400922000,1310263193548881920,GJ18AZ7719,1748000,1783402670000,2.2906153757899124,0.8676573393143606,13.756582765071814,12.0,0.5292501584152648,1783400922000-642689989225816064-1310263193548881920,11.936,0.0,,,
1429476090367180800,1783428628000-642689989225816064-1429476090367180800,1783428628000,1783432991000,1,11.818,6.489,1.821235937740792,642689989225816064,1783428628000,1429476090367180800,MP09AN1563,4363000,1783432991000,17.130411054109032,6.488792065950391,1.8212942994450936,12.299999999988358,6.488792065950391,1783428628000-642689989225816064-1429476090367180800,11.818,0.0,,,
1265710251726864384,1783415733000-642689989225816064-1265710251726864384,1783415733000,1783417450000,1,11.761,0.86,13.675581395348836,642689989225816064,1783415733000,1265710251726864384,GJ18AZ7942,1717000,1783417450000,2.2706374961640847,0.8600899606682139,13.674151004928301,12.0,0.8600899606682139,1783415733000-642689989225816064-1265710251726864384,11.761,0.0,,,
1429476090367180800,1783395058000-642689989225816064-1429476090367180800,1783395058000,1783396950000,1,11.742,4.142,2.834862385321101,642689989225816064,1783395058000,1429476090367180800,MP09AN1563,1892000,1783396950000,10.933644954748067,4.141532179828813,2.835182606376693,11.89999999999418,4.141532179828813,1783395058000-642689989225816064-1429476090367180800,11.742,0.0,,,
1294623527814561792,1783410196000-642689989225816064-1294623527814561792,1783410196000,1783411937000,1,11.591,1.087,10.66329346826127,642689989225816064,1783410196000,1294623527814561792,GJ18AZ6284,1741000,1783411937000,2.8707911178403163,1.0874208779698167,10.659166321728216,12.0,1.0874208779698167,1783410196000-642689989225816064-1294623527814561792,11.591,0.0,,,
1294623527814561792,1783420832000-642689989225816064-1294623527814561792,1783420832000,1783423788000,1,11.533,1.647,7.002428658166362,642689989225816064,1783420832000,1294623527814561792,GJ18AZ6284,2956000,1783423788000,4.348154604287779,1.6470282591999161,7.002308512667799,12.0,1.6470282591999161,1783420832000-642689989225816064-1294623527814561792,11.533,0.0,,,
1294623527814561792,1783426742000-642689989225816064-1294623527814561792,1783426742000,1783429485000,1,11.498,1.512,7.604497354497354,642689989225816064,1783426742000,1294623527814561792,GJ18AZ6284,2743000,1783429485000,3.99146369508993,1.5119180663219431,7.6049094564835045,12.0,1.5119180663219431,1783426742000-642689989225816064-1294623527814561792,11.498,0.0,,,
1310263193548881920,1783408363000-642689989225816064-1310263193548881920,1783408363000,1783410600000,1,11.422,0.81,14.101234567901235,642689989225816064,1783408363000,1310263193548881920,GJ18AZ7719,2237000,1783410600000,2.138110437858569,0.8098903173706701,14.103144283885033,12.0,0.6039367304700115,1783408363000-642689989225816064-1310263193548881920,11.422,0.0,,,
1310263193548881920,1783405033000-642689989225816064-1310263193548881920,1783405033000,1783406808000,1,11.329,0.807,14.038413878562578,642689989225816064,1783405033000,1310263193548881920,GJ18AZ7719,1775000,1783406808000,2.131248915015216,0.8072912556875816,14.033349079634124,11.0,0.7277715469323746,1783405033000-642689989225816064-1310263193548881920,11.329,0.0,,,
740555926884319232,1783423669000-642689989225816064-740555926884319232,1783423669000,1783424572000,1,11.315,3.102,3.647646679561573,642689989225816064,1783423669000,740555926884319232,MP09FA9235,903000,1783424572000,8.188539768690394,3.1017196093524215,3.647976421170562,,3.1017196093524215,1783423669000-642689989225816064-740555926884319232,11.315,0.0,,,
1265710251726864384,1783429229000-642689989225816064-1265710251726864384,1783429229000,1783431969000,1,11.29,0.854,13.220140515222482,642689989225816064,1783429229000,1265710251726864384,GJ18AZ7942,2740000,1783431969000,2.254564631410741,0.8540017543222502,13.220113357916844,11.0,0.8540017543222502,1783429229000-642689989225816064-1265710251726864384,11.29,0.0,,,
1310263193548881920,1783412224000-642689989225816064-1310263193548881920,1783412224000,1783414218000,1,11.198,0.767,14.59973924380704,642689989225816064,1783412224000,1310263193548881920,GJ18AZ7719,1994000,1783414218000,2.0243050192503236,0.7667822042614862,14.603886133201502,10.0,0.5353912723828896,1783412224000-642689989225816064-1310263193548881920,11.198,0.0,,,
718816574726733824,1783444031000-642689989225816064-718816574726733824,1783444031000,1783446023000,1,10.737,1.418,7.571932299012694,642689989225816064,1783444031000,718816574726733824,MP04PA3843,1992000,1783446023000,3.742482287496901,1.4176069270821594,7.574031838360029,,1.4176069270821594,1783444031000-642689989225816064-718816574726733824,10.737,0.0,,,
718816574726733824,1783438096000-642689989225816064-718816574726733824,1783438096000,1783440005000,1,10.624,1.527,6.957432874918141,642689989225816064,1783438096000,718816574726733824,MP04PA3843,1909000,1783440005000,4.030778666483086,1.526810100940563,6.958298214987759,,1.526810100940563,1783438096000-642689989225816064-718816574726733824,10.624,0.0,,,
1265710251726864384,1783412190000-642689989225816064-1265710251726864384,1783412190000,1783413562000,1,10.395,0.746,13.934316353887398,642689989225816064,1783412190000,1265710251726864384,GJ18AZ7942,1372000,1783413562000,1.9695453010127728,0.7460398867472624,13.933571360805185,10.0,0.5700799207278353,1783412190000-642689989225816064-1265710251726864384,10.395,0.0,,,
718791267030401024,1783394540000-642689989225816064-718791267030401024,1783394540000,1783395718000,1,10.341,1.331,7.769346356123215,642689989225816064,1783394540000,718791267030401024,MP04PA3840,1178000,1783395718000,3.51425344038259,1.3311566062055264,7.768432318025383,,1.3311566062055264,1783394540000-642689989225816064-718791267030401024,10.341,0.0,,,
1294623527814561792,1783397831000-642689989225816064-1294623527814561792,1783397831000,1783399437000,1,10.221,0.962,10.624740124740125,642689989225816064,1783397831000,1294623527814561792,GJ18AZ6284,1606000,1783399437000,2.5395922940282674,0.9619667780410104,10.625107054959294,10.0,0.9619667780410104,1783397831000-642689989225816064-1294623527814561792,10.221,0.0,,,
1294623527814561792,1783413839000-642689989225816064-1294623527814561792,1783413839000,1783415216000,1,10.196,0.954,10.68763102725367,642689989225816064,1783413839000,1294623527814561792,GJ18AZ6284,1377000,1783415216000,2.5186100426595432,0.9540189555528572,10.687418673029807,10.0,0.9540189555528572,1783413839000-642689989225816064-1294623527814561792,10.196,0.0,,,
1265710251726864384,1783435202000-642689989225816064-1265710251726864384,1783435202000,1783437486000,1,10.075,0.713,14.130434782608695,642689989225816064,1783435202000,1265710251726864384,GJ18AZ7942,2284000,1783437486000,1.8830084585647096,0.7132607797593596,14.125268465482021,10.0,0.639660733101328,1783435202000-642689989225816064-1265710251726864384,10.075,0.0,,,
1265710251726864384,1783408400000-642689989225816064-1265710251726864384,1783408400000,1783410343000,1,10.053,0.676,14.871301775147929,642689989225816064,1783408400000,1265710251726864384,GJ18AZ7942,1943000,1783410343000,1.7845089155332292,0.6759503467928898,14.872394174657071,11.0,0.6759503467928898,1783408400000-642689989225816064-1265710251726864384,10.053,0.0,,,
1265710251726864384,1783420862000-642689989225816064-1265710251726864384,1783420862000,1783422736000,1,9.943,0.715,13.906293706293706,642689989225816064,1783420862000,1265710251726864384,GJ18AZ7942,1874000,1783422736000,1.8882171665999572,0.7152337752272565,13.901748413434106,9.0,0.5491248403871969,1783420862000-642689989225816064-1265710251726864384,9.943,0.0,,,
718816574726733824,1783409629000-642689989225816064-718816574726733824,1783409629000,1783410790000,1,9.939,1.378,7.212626995645864,642689989225816064,1783409629000,718816574726733824,MP04PA3843,1161000,1783410790000,3.6388408628392894,1.378348811681549,7.210801733034966,,1.378348811681549,1783409629000-642689989225816064-718816574726733824,9.939,0.0,,,
1294623527814561792,1783432932000-642689989225816064-1294623527814561792,1783432932000,1783435772000,1,9.926,1.372,7.23469387755102,642689989225816064,1783432932000,1294623527814561792,GJ18AZ6284,2840000,1783435772000,3.621822637969729,1.371902514382473,7.235207965536776,9.0,1.371902514382473,1783432932000-642689989225816064-1294623527814561792,9.926,0.0,,,
1310263193548881920,1783417853000-642689989225816064-1310263193548881920,1783417853000,1783419694000,1,9.891,0.661,14.963691376701966,642689989225816064,1783417853000,1310263193548881920,GJ18AZ7719,1841000,1783419694000,1.7462806876382295,0.6614699574387233,14.953060057782404,9.0,0.5682484054074362,1783417853000-642689989225816064-1310263193548881920,9.891,0.0,,,
739426360824430592,1783445852000-642689989225816064-739426360824430592,1783445852000,1783447292000,1,9.824,0.0,0.0,642689989225816064,1783445852000,739426360824430592,Mp13p2745,1440000,1783447292000,,0.0,0.0,,,1783445852000-642689989225816064-739426360824430592,9.824,0.0,,,c
740555926884319232,1783405801000-642689989225816064-740555926884319232,1783405801000,1783406350000,1,9.521,2.689,3.5407214577910007,642689989225816064,1783405801000,740555926884319232,MP09FA9235,549000,1783406350000,7.098712118137211,2.688906105355004,3.5408450972084005,,2.688906105355004,1783405801000-642689989225816064-740555926884319232,9.521,0.0,,,
740555926884319232,1783412566000-642689989225816064-740555926884319232,1783412566000,1783414046000,1,9.471,1.417,6.683839096683133,642689989225816064,1783412566000,740555926884319232,MP09FA9235,1480000,1783414046000,3.73985493182548,1.4166117166005605,6.68567109040121,,1.2426944985958939,1783412566000-642689989225816064-740555926884319232,9.471,0.0,,,
1265709242568933376,1783426738000-642689989225816064-1265709242568933376,1783426738000,1783428748000,1,9.324,0.671,13.895678092399402,642689989225816064,1783426738000,1265709242568933376,GJ18AZ6139,2010000,1783428748000,1.7710020161817828,0.670834097038554,13.89911461143892,10.0,0.5152389362785423,1783426738000-642689989225816064-1265709242568933376,9.324,0.0,,,
566305825849643008,1783429203000-642689989225816064-566305825849643008,1783429203000,1783430875000,1,9.171,2.216,4.138537906137183,642689989225816064,1783429203000,566305825849643008,MP09AF2745,1672000,1783430875000,5.85078320814761,2.2162057606619734,4.138153669116288,,2.005744202818627,1783429203000-642689989225816064-566305825849643008,9.171,0.29858333333333337,,,
1363547788364742656,1783395994000-642689989225816064-1363547788364742656,1783395994000,1783398190000,1,9.096,0.985,9.234517766497461,642689989225816064,1783395994000,1363547788364742656,AS01PC9237,2196000,1783398190000,2.601308848153696,0.9853442606642787,9.231291400497781,9.5,0.9853442606642786,1783395994000-642689989225816064-1363547788364742656,9.096,0.0,,,
1533070599880966144,1783418777000-642689989225816064-1533070599880966144,1783418777000,1783419399000,1,8.987,3.069,2.92831541218638,642689989225816064,1783418777000,1533070599880966144,MP09BP2969,622000,1783419399000,8.10247942158409,3.069120993024276,2.92819997009773,8.239999999997963,3.069120993024276,1783418777000-642689989225816064-1533070599880966144,8.987,0.12222222222226264,,,
588522082246086656,1783442839000-642689989225816064-588522082246086656,1783442839000,1783444384000,1,8.659,2.277,3.802810715854194,642689989225816064,1783442839000,588522082246086656,MP09BP1475,1545000,1783444384000,6.010758201842498,2.2768023491827645,3.803140840533682,,2.122408,1783442839000-642689989225816064-588522082246086656,8.659,0.24681250000000002,,,
1265710251726864384,1783403140000-642689989225816064-1265710251726864384,1783403140000,1783404333000,1,8.631,0.718,12.020891364902507,642689989225816064,1783403140000,1265710251726864384,GJ18AZ7942,1193000,1783404333000,1.896515563404125,0.7183771073500473,12.014581076835913,8.0,0.7183771073500473,1783403140000-642689989225816064-1265710251726864384,8.631,0.0,,,
718816574726733824,1783426087000-642689989225816064-718816574726733824,1783426087000,1783427176000,1,8.501,1.085,7.8350230414746544,642689989225816064,1783426087000,718816574726733824,MP04PA3843,1089000,1783427176000,2.865301411474115,1.085341443740195,7.832558176996084,,1.085341443740195,1783426087000-642689989225816064-718816574726733824,8.501,0.0,,,
1265709242568933376,1783443927000-642689989225816064-1265709242568933376,1783443927000,1783444965000,1,8.256,0.618,13.359223300970875,642689989225816064,1783443927000,1265709242568933376,GJ18AZ6139,1038000,1783444965000,1.6307623188766882,0.6177129995745031,13.365430233274918,8.0,0.6177129995745031,1783443927000-642689989225816064-1265709242568933376,8.256,0.0,,,
1294623527814561792,1783400940000-642689989225816064-1294623527814561792,1783400940000,1783402548000,1,8.204,0.874,9.386727688787186,642689989225816064,1783400940000,1294623527814561792,GJ18AZ6284,1608000,1783402548000,2.306563600260568,0.8736983334320333,9.389968695228381,8.0,0.8736983334320333,1783400940000-642689989225816064-1294623527814561792,8.204,0.0,,,
739910017485897728,1783462401000-642689989225816064-739910017485897728,1783462401000,1783463063000,1,8.065,1.997,4.038557836755132,642689989225816064,1783462401000,739910017485897728,MP13P3663,662000,1783463063000,5.271138578912064,1.9966434011030543,4.039279119919188,,1.4256379604297693,1783462401000-642689989225816064-739910017485897728,8.065,0.0,,,
718585359834808320,1783431916000-642689989225816064-718585359834808320,1783431916000,1783433225000,1,7.707,1.334,5.777361319340329,642689989225816064,1783431916000,718585359834808320,MP04PA3842,1309000,1783433225000,3.5220650891018126,1.3341155640537168,5.776860871469217,,1.3341155640537168,1783431916000-642689989225816064-718585359834808320,7.707,0.0,,,
1310263193548881920,1783403115000-642689989225816064-1310263193548881920,1783403115000,1783404236000,1,7.525,0.525,14.333333333333334,642689989225816064,1783403115000,1310263193548881920,GJ18AZ7719,1121000,1783404236000,1.3871482417341667,0.5254349400508207,14.321468608981682,8.0,0.38032183133318,1783403115000-642689989225816064-1310263193548881920,7.525,0.0,,,
740555926884319232,1783417105000-642689989225816064-740555926884319232,1783417105000,1783417528000,1,7.376,2.25,3.2782222222222224,642689989225816064,1783417105000,740555926884319232,MP09FA9235,423000,1783417528000,5.941100399372028,2.25041681794395,3.277615036106485,,2.25041681794395,1783417105000-642689989225816064-740555926884319232,7.376,0.0,,,
718816574726733824,1783407877000-642689989225816064-718816574726733824,1783407877000,1783409597000,1,7.028,1.79,3.926256983240223,642689989225816064,1783407877000,718816574726733824,MP04PA3843,1720000,1783409597000,4.726129694623973,1.7902006419030199,3.925816936658615,,1.7902006419030199,1783407877000-642689989225816064-718816574726733824,7.028,0.0,,,
718585359834808320,1783448244000-642689989225816064-718585359834808320,1783448244000,1783449368000,1,6.566,1.028,6.3871595330739295,642689989225816064,1783448244000,718585359834808320,MP04PA3842,1124000,1783449368000,2.7134789836368265,1.0278329483472828,6.388197625458382,,1.0278329483472828,1783448244000-642689989225816064-718585359834808320,6.566,0.0,,,
740555926884319232,1783426678000-642689989225816064-740555926884319232,1783426678000,1783427067000,1,6.507,1.872,3.475961538461538,642689989225816064,1783426678000,740555926884319232,MP09FA9235,389000,1783427067000,4.941342094626316,1.871720490388756,3.4764806141800033,,1.871720490388756,1783426678000-642689989225816064-740555926884319232,6.507,0.0,,,
718816574726733824,1783434077000-642689989225816064-718816574726733824,1783434077000,1783435305000,1,6.492,1.028,6.315175097276264,642689989225816064,1783434077000,718816574726733824,MP04PA3843,1228000,1783435305000,2.7148553855807998,1.0283543127199999,6.312999245200463,,1.0283543127199999,1783434077000-642689989225816064-718816574726733824,6.492,0.0,,,
718816574726733824,1783390145000-642689989225816064-718816574726733824,1783390145000,1783390919000,1,6.417,0.95,6.754736842105263,642689989225816064,1783390145000,718816574726733824,MP04PA3843,774000,1783390919000,2.5067157370466178,0.9495135367600824,6.758197489101633,,0.9495135367600824,1783390145000-642689989225816064-718816574726733824,6.417,0.0,,,
739426360824430592,1783429530000-642689989225816064-739426360824430592,1783429530000,1783430850000,1,6.35,0.0,0.0,642689989225816064,1783429530000,739426360824430592,Mp13p2745,1320000,1783430850000,,0.0,0.0,,,1783429530000-642689989225816064-739426360824430592,6.35,0.0,,,c
718816574726733824,1783406975000-642689989225816064-718816574726733824,1783406975000,1783407845000,1,6.273,0.979,6.40755873340143,642689989225816064,1783406975000,718816574726733824,MP04PA3843,870000,1783407845000,2.585386283808867,0.9793129862912373,6.40551089162671,,0.9793129862912374,1783406975000-642689989225816064-718816574726733824,6.273,0.0,,,
1265709242568933376,1783397329000-642689989225816064-1265709242568933376,1783397329000,1783398240000,1,6.145,0.443,13.871331828442436,642689989225816064,1783397329000,1265709242568933376,GJ18AZ6139,911000,1783398240000,1.169943782991653,0.4431605238604746,13.86630728402763,6.0,0.40341071931845834,1783397329000-642689989225816064-1265709242568933376,6.145,0.0,,,
1265709242568933376,1783418723000-642689989225816064-1265709242568933376,1783418723000,1783419886000,1,6.144,0.436,14.091743119266056,642689989225816064,1783418723000,1265709242568933376,GJ18AZ6139,1163000,1783419886000,1.1503012415831737,0.43572016726635365,14.100793264967702,6.0,0.3250247977173198,1783418723000-642689989225816064-1265709242568933376,6.144,0.0,,,
1265709242568933376,1783417124000-642689989225816064-1265709242568933376,1783417124000,1783418183000,1,6.136,0.41,14.965853658536586,642689989225816064,1783417124000,1265709242568933376,GJ18AZ6139,1059000,1783418183000,1.0829582366415553,0.4102114532733164,14.958139152471922,6.0,0.35231407609386983,1783417124000-642689989225816064-1265709242568933376,6.136,0.0,,,
1265709242568933376,1783393559000-642689989225816064-1265709242568933376,1783393559000,1783394319000,1,6.0,0.404,14.85148514851485,642689989225816064,1783393559000,1265709242568933376,GJ18AZ6139,760000,1783394319000,1.0660722087879462,0.4038152306014947,14.858280583084552,6.0,0.27355886266833945,1783393559000-642689989225816064-1265709242568933376,6.0,0.0,,,
1265709242568933376,1783420791000-642689989225816064-1265709242568933376,1783420791000,1783422058000,1,6.0,0.416,14.423076923076923,642689989225816064,1783420791000,1265709242568933376,GJ18AZ6139,1267000,1783422058000,1.0978631202071885,0.4158572425027229,14.428028147088755,6.0,0.3668365950865492,1783420791000-642689989225816064-1265709242568933376,6.0,0.0,,,
1265709242568933376,1783429541000-642689989225816064-1265709242568933376,1783429541000,1783430706000,1,6.0,0.422,14.218009478672986,642689989225816064,1783429541000,1265709242568933376,GJ18AZ6139,1165000,1783430706000,1.113061391484621,0.4216141634411443,14.231020967201395,6.0,0.30889487712909824,1783429541000-642689989225816064-1265709242568933376,6.0,0.0,,,
1265709242568933376,1783391725000-642689989225816064-1265709242568933376,1783391725000,1783392489000,1,5.979,0.429,13.937062937062937,642689989225816064,1783391725000,1265709242568933376,GJ18AZ6139,764000,1783392489000,1.1331465957619609,0.42922219536437906,13.929848140598263,6.0,0.3281668134392884,1783391725000-642689989225816064-1265709242568933376,5.979,0.0,,,
1265709242568933376,1783400823000-642689989225816064-1265709242568933376,1783400823000,1783401944000,1,5.946,0.447,13.30201342281879,642689989225816064,1783400823000,1265709242568933376,GJ18AZ6139,1121000,1783401944000,1.1803890617043216,0.4471170688273945,13.298530551727604,6.0,0.4471170688273945,1783400823000-642689989225816064-1265709242568933376,5.946,0.0,,,
1265709242568933376,1783395262000-642689989225816064-1265709242568933376,1783395262000,1783396147000,1,5.94,0.448,13.258928571428571,642689989225816064,1783395262000,1265709242568933376,GJ18AZ6139,885000,1783396147000,1.1816876988431084,0.44760897683451073,13.270511333368828,6.0,0.4476089768345108,1783395262000-642689989225816064-1265709242568933376,5.94,0.0,,,
1265709242568933376,1783405577000-642689989225816064-1265709242568933376,1783405577000,1783406826000,1,5.91,0.396,14.924242424242424,642689989225816064,1783405577000,1265709242568933376,GJ18AZ6139,1249000,1783406826000,1.0448891769187347,0.39579135489346007,14.932109877920063,6.0,0.39579135489346007,1783405577000-642689989225816064-1265709242568933376,5.91,0.0,,,
1265709242568933376,1783422280000-642689989225816064-1265709242568933376,1783422280000,1783423401000,1,5.889,0.426,13.823943661971832,642689989225816064,1783422280000,1265709242568933376,GJ18AZ6139,1121000,1783423401000,1.1237336117947196,0.4256566711343635,13.835093866392308,7.0,0.4256566711343635,1783422280000-642689989225816064-1265709242568933376,5.889,0.0,,,
1537213879656906752,1783414234000-642689989225816064-1537213879656906752,1783414234000,1783415986000,1,5.826,3.054,1.9076620825147348,642689989225816064,1783414234000,1537213879656906752,MP09BN1073,1752000,1783415986000,8.06166042011854,3.0536592500449014,1.9078749536033968,5.6600000000034925,3.0536592500449014,1783414234000-642689989225816064-1537213879656906752,5.826,0.4566666666667061,,,
1265709242568933376,1783424353000-642689989225816064-1265709242568933376,1783424353000,1783425682000,1,5.814,0.394,14.756345177664974,642689989225816064,1783424353000,1265709242568933376,GJ18AZ6139,1329000,1783425682000,1.0399674495722138,0.3939270642318991,14.7590773214236,6.0,0.3416351609217306,1783424353000-642689989225816064-1265709242568933376,5.814,0.0,,,
718585359834808320,1783433227000-642689989225816064-718585359834808320,1783433227000,1783434745000,1,5.765,1.038,5.553949903660886,642689989225816064,1783433227000,718585359834808320,MP04PA3842,1518000,1783434745000,2.7402812178782385,1.037985309802363,5.554028506528364,,1.037985309802363,1783433227000-642689989225816064-718585359834808320,5.765,0.0,,,
1265710251726864384,1783407078000-642689989225816064-1265710251726864384,1783407078000,1783407705000,1,5.73,0.384,14.921875,642689989225816064,1783407078000,1265710251726864384,GJ18AZ7942,627000,1783407705000,1.013795330067052,0.384013382601156,14.921354982962388,5.0,0.2582777345482638,1783407078000-642689989225816064-1265710251726864384,5.73,0.0,,,
718816574726733824,1783390971000-642689989225816064-718816574726733824,1783390971000,1783392265000,1,5.71,1.033,5.527589545014521,642689989225816064,1783390971000,718816574726733824,MP04PA3843,1294000,1783392265000,2.7267381636304915,1.0328553650115497,5.528363596132503,,1.0328553650115497,1783390971000-642689989225816064-718816574726733824,5.71,0.0,,,
739426360824430592,1783460502000-642689989225816064-739426360824430592,1783460502000,1783460862000,1,5.57,0.0,0.0,642689989225816064,1783460502000,739426360824430592,Mp13p2745,360000,1783460862000,,0.0,0.0,,,1783460502000-642689989225816064-739426360824430592,5.57,0.0,,,c
1265709242568933376,1783431337000-642689989225816064-1265709242568933376,1783431337000,1783432841000,1,5.555,0.385,14.428571428571427,642689989225816064,1783431337000,1265709242568933376,GJ18AZ6139,1504000,1783432841000,1.0162784879502567,0.3849539727084305,14.430296590827584,6.0,0.3395353663722119,1783431337000-642689989225816064-1265709242568933376,5.555,0.0,,,
1265709242568933376,1783404462000-642689989225816064-1265709242568933376,1783404462000,1783405295000,1,5.417,0.383,14.143603133159267,642689989225816064,1783404462000,1265709242568933376,GJ18AZ6139,833000,1783405295000,1.0112231384738826,0.38303906760374334,14.142160573563022,6.0,0.2840789562470769,1783404462000-642689989225816064-1265709242568933376,5.417,0.0,,,
1265709242568933376,1783415174000-642689989225816064-1265709242568933376,1783415174000,1783416336000,1,5.333,0.373,14.297587131367292,642689989225816064,1783415174000,1265709242568933376,GJ18AZ6139,1162000,1783416336000,0.9847189466612529,0.37299960100805035,14.297602425276855,6.0,0.3313409210704475,1783415174000-642689989225816064-1265709242568933376,5.333,0.0,,,
1537213879656906752,1783413752000-642689989225816064-1537213879656906752,1783413752000,1783414196000,1,5.238,1.815,2.885950413223141,642689989225816064,1783413752000,1537213879656906752,MP09BN1073,444000,1783414196000,4.791084607937764,1.8148047757340013,2.8862608639992593,3.319999999992433,1.8148047757340013,1783413752000-642689989225816064-1537213879656906752,5.238,0.11855555555555555,,,
740288270604173312,1783450127000-642689989225816064-740288270604173312,1783450127000,1783452008000,1,4.831,2.743,1.7612103536274155,642689989225816064,1783450127000,740288270604173312,MP09FA9079,1881000,1783452008000,7.240941654026719,2.7427809295555754,1.7613510244082047,,2.7427809295555754,1783450127000-642689989225816064-740288270604173312,4.831,0.0,,,
566304909352275968,1783405557000-642689989225816064-566304909352275968,1783405557000,1783406598000,1,4.633,2.044,2.266634050880626,642689989225816064,1783405557000,566304909352275968,MP09AF2781,1041000,1783406598000,5.396377932488461,2.044082550185023,2.2665425129629124,,2.044082550185023,1783405557000-642689989225816064-566304909352275968,4.633,0.21111111110803904,,,
579291634907242496,1783413333000-642689989225816064-579291634907242496,1783413333000,1783419230000,1,4.594,2.925,1.5705982905982907,642689989225816064,1783413333000,579291634907242496,MP09BP1492,5897000,1783419230000,7.722115490237112,2.9250437463019363,1.570574801080526,,2.9262538750000004,1783413333000-642689989225816064-579291634907242496,4.594,1.0096875,,,
739426360824430592,1783461462000-642689989225816064-739426360824430592,1783461462000,1783461942000,1,4.257,0.0,0.0,642689989225816064,1783461462000,739426360824430592,Mp13p2745,480000,1783461942000,,0.0,0.0,,,1783461462000-642689989225816064-739426360824430592,4.257,0.0,,,c
739902048702562304,1783425457000-642689989225816064-739902048702562304,1783425457000,1783426574000,1,4.172,1.711,2.438340151957919,642689989225816064,1783425457000,739902048702562304,MP13P9072,1117000,1783426574000,4.517329208702291,1.7111095487508676,2.438184044408854,4.25,1.7111095487508676,1783425457000-642689989225816064-739902048702562304,4.172,0.2999999999992724,,,
740555926884319232,1783416669000-642689989225816064-740555926884319232,1783416669000,1783416950000,1,4.016,1.318,3.0470409711684368,642689989225816064,1783416669000,740555926884319232,MP09FA9235,281000,1783416950000,3.4798589750704534,1.318128399647899,3.0467441571494565,,1.318128399647899,1783416669000-642689989225816064-740555926884319232,4.016,0.0,,,
1425525382987120640,1783392420000-642689989225816064-1425525382987120640,1783392420000,1783393365000,1,3.827,1.363,2.8077769625825386,642689989225816064,1783392420000,1425525382987120640,MP09AM6115,945000,1783393365000,3.598810267274433,1.3631857073009215,2.807394458072318,3.8999999999941792,1.3631857073009215,1783392420000-642689989225816064-1425525382987120640,3.827,0.25,,,
718585359834808320,1783450852000-642689989225816064-718585359834808320,1783450852000,1783451169000,1,3.675,0.472,7.786016949152542,642689989225816064,1783450852000,718585359834808320,MP04PA3842,317000,1783451169000,1.2472401053127131,0.47243943383057313,7.778774879570983,,0.47243943383057313,1783450852000-642689989225816064-718585359834808320,3.675,0.0,,,
740555926884319232,1783402684000-642689989225816064-740555926884319232,1783402684000,1783404235000,1,3.675,1.382,2.659189580318379,642689989225816064,1783402684000,740555926884319232,MP09FA9235,1551000,1783404235000,3.649469980460273,1.3823749925985882,2.658468230166502,,1.3823749925985882,1783402684000-642689989225816064-740555926884319232,3.675,0.0,,,
1425525382987120640,1783435088000-642689989225816064-1425525382987120640,1783435088000,1783436491000,1,3.657,2.069,1.7675205413243114,642689989225816064,1783435088000,1425525382987120640,MP09AM6115,1403000,1783436491000,5.46333335405085,2.0694444522919886,1.767140932896137,3.7000000000116415,2.0694444522919886,1783435088000-642689989225816064-1425525382987120640,3.657,0.3670602777777778,,,
739497118649024512,1783398874000-642689989225816064-739497118649024512,1783398874000,1783399528000,1,3.573,0.897,3.983277591973244,642689989225816064,1783398874000,739497118649024512,MP13P8127,654000,1783399528000,2.3677800005729774,0.8968863638534005,3.983782276105628,,0.8968863638534005,1783398874000-642689989225816064-739497118649024512,3.573,0.0,,,
718816574726733824,1783424460000-642689989225816064-718816574726733824,1783424460000,1783424797000,1,3.51,0.53,6.6226415094339615,642689989225816064,1783424460000,718816574726733824,MP04PA3843,337000,1783424797000,1.3982973087435766,0.529658071493779,6.626916852415467,,0.529658071493779,1783424460000-642689989225816064-718816574726733824,3.51,0.0,,,
739421717067202560,1783429300000-642689989225816064-739421717067202560,1783429300000,1783431420000,1,3.488,2.775,1.256936936936937,642689989225816064,1783429300000,739421717067202560,Mp13p8136,2120000,1783431420000,7.326916004823095,2.7753469715238994,1.2567797957474103,,2.7753469715238994,1783429300000-642689989225816064-739421717067202560,3.488,0.0,,,
739922158402142208,1783430581000-642689989225816064-739922158402142208,1783430581000,1783433197000,1,3.36,3.125,1.0752,642689989225816064,1783430581000,739922158402142208,MP13P8145,2616000,1783433197000,8.251197138515833,3.1254534615590273,1.075044002838544,,3.1254534615590273,1783430581000-642689989225816064-739922158402142208,3.36,0.6999999999998181,,,
718087851647959040,1783439030000-642689989225816064-718087851647959040,1783439030000,1783439766000,1,3.163,1.539,2.055230669265757,642689989225816064,1783439030000,718087851647959040,MP13P5427,736000,1783439766000,4.063450175524955,1.5391856725473314,2.0549827460161305,,1.5391856725473314,1783439030000-642689989225816064-718087851647959040,3.163,0.2000000000007276,,,
1265710251726864384,1783446706000-642689989225816064-1265710251726864384,1783446706000,1783447933000,1,3.104,0.215,14.437209302325583,642689989225816064,1783446706000,1265710251726864384,GJ18AZ7942,1227000,1783447933000,0.56671685936792,0.21466547703330302,14.459707461570302,3.0,0.21466547703330302,1783446706000-642689989225816064-1265710251726864384,3.104,0.0,,,
1294623527814561792,1783439144000-642689989225816064-1294623527814561792,1783439144000,1783439887000,1,3.104,0.379,8.189973614775726,642689989225816064,1783439144000,1294623527814561792,GJ18AZ6284,743000,1783439887000,1.0012930778630422,0.3792776810087281,8.18397747988912,3.0,0.37927768100872816,1783439144000-642689989225816064-1294623527814561792,3.104,0.0,,,
588522082246086656,1783446495000-642689989225816064-588522082246086656,1783446495000,1783447840000,1,3.041,0.923,3.2946912242686888,642689989225816064,1783446495000,588522082246086656,MP09BP1475,1345000,1783447840000,2.435814867238347,0.922657146681192,3.2959155098277955,,0.8851331666666665,1783446495000-642689989225816064-588522082246086656,3.041,0.22383333333333333,,,
1527036626096619520,1783444650000-642689989225816064-1527036626096619520,1783444650000,1783445964000,1,3.04,1.493,2.0361687876758205,642689989225816064,1783444650000,1527036626096619520,MP09BJ9703,1314000,1783445964000,3.941703338752431,1.4930694464971328,2.0360740802325688,,1.4930694464971326,1783444650000-642689989225816064-1527036626096619520,3.04,0.3272222222221899,,,
718816574726733824,1783405687000-642689989225816064-718816574726733824,1783405687000,1783406943000,1,3.005,0.993,3.026183282980866,642689989225816064,1783405687000,718816574726733824,MP04PA3843,1256000,1783406943000,2.6215979921229553,0.9930295424708164,3.02609325450991,,0.9930295424708164,1783405687000-642689989225816064-718816574726733824,3.005,0.0,,,
1265709242568933376,1783426200000-642689989225816064-1265709242568933376,1783426200000,1783426534000,1,3.0,0.209,14.354066985645934,642689989225816064,1783426200000,1265709242568933376,GJ18AZ6139,334000,1783426534000,0.5524308533389051,0.20925411111322162,14.336635892313643,3.0,0.15115982234042377,1783426200000-642689989225816064-1265709242568933376,3.0,0.0,,,
1310263193548881920,1783439957000-642689989225816064-1310263193548881920,1783439957000,1783440922000,1,2.966,0.214,13.859813084112151,642689989225816064,1783439957000,1310263193548881920,GJ18AZ7719,965000,1783440922000,0.5640626725411996,0.21366010323530288,13.88186168165218,3.0,0.21366010323530288,1783439957000-642689989225816064-1310263193548881920,2.966,0.0,,,
718816574726733824,1783433171000-642689989225816064-718816574726733824,1783433171000,1783434045000,1,2.924,0.589,4.964346349745331,642689989225816064,1783433171000,718816574726733824,MP04PA3843,874000,1783434045000,1.554693993744455,0.5888992400547178,4.965195743381016,,0.5888992400547178,1783433171000-642689989225816064-718816574726733824,2.924,0.0,,,
1265709242568933376,1783409269000-642689989225816064-1265709242568933376,1783409269000,1783409769000,1,2.923,0.212,13.787735849056604,642689989225816064,1783409269000,1265709242568933376,GJ18AZ6139,500000,1783409769000,0.5596331793923565,0.21198226492134714,13.78888937281869,3.0,0.19386144665677252,1783409269000-642689989225816064-1265709242568933376,2.923,0.0,,,
566304909352275968,1783403858000-642689989225816064-566304909352275968,1783403858000,1783405459000,1,2.859,1.469,1.946221919673247,642689989225816064,1783403858000,566304909352275968,MP09AF2781,1601000,1783405459000,3.8778079140879145,1.46886663412421,1.9463986270643532,,1.46886663412421,1783403858000-642689989225816064-566304909352275968,2.859,0.31666666666569654,,,
1265709242568933376,1783448044000-642689989225816064-1265709242568933376,1783448044000,1783449369000,1,2.83,0.194,14.587628865979381,642689989225816064,1783448044000,1265709242568933376,GJ18AZ6139,1325000,1783449369000,0.5129886461585298,0.19431388112065523,14.564065025507722,2.0,0.17019352093816337,1783448044000-642689989225816064-1265709242568933376,2.83,0.0,,,
582166702746271744,1783454054000-642689989225816064-582166702746271744,1783454054000,1783455638000,1,2.818,1.506,1.8711819389110227,642689989225816064,1783454054000,582166702746271744,MP09AF1836,1584000,1783455638000,3.9760642495252227,1.5060849430019783,1.8710764044842447,,1.4404818333333334,1783454054000-642689989225816064-582166702746271744,2.818,0.2465416666666667,,,
1533070599880966144,1783418589000-642689989225816064-1533070599880966144,1783418589000,1783418740000,1,2.721,0.679,4.007363770250368,642689989225816064,1783418589000,1533070599880966144,MP09BP2969,151000,1783418740000,1.793619120054348,0.6794011818387682,4.0049974488353675,2.110000000000582,0.6794011818387682,1783418589000-642689989225816064-1533070599880966144,2.721,0.03706333333333333,,,
566306901520842752,1783414668000-642689989225816064-566306901520842752,1783414668000,1783417427000,1,2.714,1.697,1.5992928697701827,642689989225816064,1783414668000,566306901520842752,MP09AF2718,2759000,1783417427000,4.47923768242915,1.696680940314072,1.599593615696309,,1.6978564166666665,1783414668000-642689989225816064-566306901520842752,2.714,0.4249583333333333,,,
1265709242568933376,1783408672000-642689989225816064-1265709242568933376,1783408672000,1783409086000,1,2.705,0.188,14.388297872340425,642689989225816064,1783408672000,1265709242568933376,GJ18AZ6139,414000,1783409086000,0.4969704711783571,0.18824639059786252,14.369465419278612,3.0,0.18824639059786252,1783408672000-642689989225816064-1265709242568933376,2.705,0.0,,,
718585359834808320,1783450282000-642689989225816064-718585359834808320,1783450282000,1783450810000,1,2.687,0.517,5.1972920696324945,642689989225816064,1783450282000,718585359834808320,MP04PA3842,528000,1783450810000,1.3656435146901185,0.5172892101098934,5.194386326807727,,0.5172892101098934,1783450282000-642689989225816064-718585359834808320,2.687,0.0,,,
739426360824430592,1783431330000-642689989225816064-739426360824430592,1783431330000,1783431690000,1,2.647,0.0,0.0,642689989225816064,1783431330000,739426360824430592,Mp13p2745,360000,1783431690000,,0.0,0.0,,,1783431330000-642689989225816064-739426360824430592,2.647,0.0,,,c
718087851647959040,1783435706000-642689989225816064-718087851647959040,1783435706000,1783437666000,1,2.641,2.257,1.1701373504652193,642689989225816064,1783435706000,718087851647959040,MP13P5427,1960000,1783437666000,5.957961566940646,2.2568036238411535,1.1702391701697694,,2.2568036238411535,1783435706000-642689989225816064-718087851647959040,2.641,0.5499999999992724,,,
1430193762327330816,1783421451000-642689989225816064-1430193762327330816,1783421451000,1783423687000,1,2.634,2.783,0.9464606539705354,642689989225816064,1783421451000,1430193762327330816,MP09AN2545,2236000,1783423687000,7.348071987663583,2.7833606013877206,0.9463380342046759,2.6999999999825377,2.7833606013877206,1783421451000-642689989225816064-1430193762327330816,2.634,0.5,,,
566306901520842752,1783407901000-642689989225816064-566306901520842752,1783407901000,1783409231000,1,2.631,0.717,3.6694560669456067,642689989225816064,1783407901000,566306901520842752,MP09AF2718,1330000,1783409231000,1.8940656013369195,0.7174490914154997,3.6671591496605522,,0.7040438750000001,1783407901000-642689989225816064-566306901520842752,2.631,0.20193750000000002,,,
1425523015684194304,1783430949000-642689989225816064-1425523015684194304,1783430949000,1783432771000,1,2.619,1.998,1.310810810810811,642689989225816064,1783430949000,1425523015684194304,MP09AM6184,1822000,1783432771000,5.2755150916992894,1.9983011710982157,1.3106132538373403,2.6999999999825377,1.998301171098216,1783430949000-642689989225816064-1425523015684194304,2.619,0.48705555555555563,,,
739115416302911488,1783401875000-642689989225816064-739115416302911488,1783401875000,1783402640000,1,2.603,0.848,3.0695754716981134,642689989225816064,1783401875000,739115416302911488,MP13P7281,765000,1783402640000,2.2392007633333333,0.8481821073232323,3.068916424345211,,0.8481821073232323,1783401875000-642689989225816064-739115416302911488,2.603,0.19999999999708962,,,
718816574726733824,1783443619000-642689989225816064-718816574726733824,1783443619000,1783443979000,1,2.577,0.27,9.544444444444444,642689989225816064,1783443619000,718816574726733824,MP04PA3843,360000,1783443979000,0.7116043534681061,0.2695471035864038,9.560481139334291,,0.2695471035864038,1783443619000-642689989225816064-718816574726733824,2.577,0.0,,,
739115416302911488,1783428519000-642689989225816064-739115416302911488,1783428519000,1783429632000,1,2.535,1.744,1.4535550458715598,642689989225816064,1783428519000,739115416302911488,MP13P7281,1113000,1783429632000,4.603495706843436,1.7437483738043316,1.4537647966199372,,1.7437483738043316,1783428519000-642689989225816064-739115416302911488,2.535,0.25,,,
718816574726733824,1783437426000-642689989225816064-718816574726733824,1783437426000,1783438063000,1,2.532,0.496,5.104838709677419,642689989225816064,1783437426000,718816574726733824,MP04PA3843,637000,1783438063000,1.310095208352007,0.4962481849818208,5.102285663962188,,0.49624818498182083,1783437426000-642689989225816064-718816574726733824,2.532,0.0,,,
718816574726733824,1783427208000-642689989225816064-718816574726733824,1783427208000,1783427764000,1,2.329,0.343,6.790087463556851,642689989225816064,1783427208000,718816574726733824,MP04PA3843,556000,1783427764000,0.9057645082308559,0.34309261675411207,6.788254501172055,,0.34309261675411207,1783427208000-642689989225816064-718816574726733824,2.329,0.0,,,
718816574726733824,1783435490000-642689989225816064-718816574726733824,1783435490000,1783436145000,1,2.295,0.377,6.087533156498673,642689989225816064,1783435490000,718816574726733824,MP04PA3843,655000,1783436145000,0.9953357864868769,0.3770211312450291,6.0871919630108495,,0.3770211312450291,1783435490000-642689989225816064-718816574726733824,2.295,0.0,,,
739910017485897728,1783463085000-642689989225816064-739910017485897728,1783463085000,1783463640000,1,2.269,0.958,2.3684759916492695,642689989225816064,1783463085000,739910017485897728,MP13P3663,555000,1783463640000,2.5285656918518518,0.9577900347923681,2.3689952051880336,,0.9577900347923681,1783463085000-642689989225816064-739910017485897728,2.269,0.0,,,
1440684104986132480,1783438708000-642689989225816064-1440684104986132480,1783438708000,1783439422000,1,1.971,0.814,2.4213759213759216,642689989225816064,1783438708000,1440684104986132480,MP09AN6571,714000,1783439422000,2.1489657923004692,0.814002194053208,2.4213693948239703,1.7000000000116415,0.814002194053208,1783438708000-642689989225816064-1440684104986132480,1.971,0.0,,,
1514683047356661760,1783456791000-642689989225816064-1514683047356661760,1783456791000,1783457787000,1,1.957,0.571,3.427320490367776,642689989225816064,1783456791000,1514683047356661760,MP09BJ5826,996000,1783457787000,1.5085992787040043,0.5714391207212137,3.4246867759597364,,0.536983125,1783456791000-642689989225816064-1514683047356661760,1.957,0.0,,,
566306626101870592,1783386369000-642689989225816064-566306626101870592,1783386369000,1783386936000,1,1.91,0.798,2.3934837092731827,642689989225816064,1783386369000,566306626101870592,MP09AF5472,567000,1783386936000,2.1056985891776288,0.797613101961223,2.394644715970146,1.7702791700139642,0.797613101961223,1783386369000-642689989225816064-566306626101870592,1.91,0.11944444444452529,,,
739508566909517824,1783434367000-642689989225816064-739508566909517824,1783434367000,1783435526000,1,1.899,0.943,2.0137857900318137,642689989225816064,1783434367000,739508566909517824,MP13P8154,1159000,1783435526000,2.48933850615638,0.9429312523319621,2.013932612057969,1.875,0.9429312523319621,1783434367000-642689989225816064-739508566909517824,1.899,0.0,,,
740555926884319232,1783406592000-642689989225816064-740555926884319232,1783406592000,1783406689000,1,1.847,0.574,3.217770034843206,642689989225816064,1783406592000,740555926884319232,MP09FA9235,97000,1783406689000,1.5140777902825366,0.5735143145009608,3.220495030899365,,0.5735143145009608,1783406592000-642689989225816064-740555926884319232,1.847,0.0,,,
718816574726733824,1783404721000-642689989225816064-718816574726733824,1783404721000,1783404898000,1,1.722,0.227,7.58590308370044,642689989225816064,1783404721000,718816574726733824,MP04PA3843,177000,1783404898000,0.5992283785726954,0.22698044642905127,7.586556582697781,,0.22698044642905127,1783404721000-642689989225816064-718816574726733824,1.722,0.0,,,
740555926884319232,1783436343000-642689989225816064-740555926884319232,1783436343000,1783436457000,1,1.65,0.492,3.3536585365853657,642689989225816064,1783436343000,740555926884319232,MP09FA9235,114000,1783436457000,1.2982357453874325,0.49175596416190626,3.3553228028704747,,0.49175596416190626,1783436343000-642689989225816064-740555926884319232,1.65,0.0,,,
1310263193548881920,1783404419000-642689989225816064-1310263193548881920,1783404419000,1783404794000,1,1.642,0.111,14.792792792792792,642689989225816064,1783404419000,1310263193548881920,GJ18AZ7719,375000,1783404794000,0.2931684811947193,0.11104866711921185,14.786309845910141,2.0,0.09617738985814249,1783404419000-642689989225816064-1310263193548881920,1.642,0.0,,,
589016215549128704,1783448266000-642689989225816064-589016215549128704,1783448266000,1783452184000,1,1.627,2.843,0.5722827998593035,642689989225816064,1783448266000,589016215549128704,MP09BP1580,3918000,1783452184000,7.505572117681477,2.843019741546014,0.5722788260046513,,3.370696061651585,1783448266000-642689989225816064-589016215549128704,1.627,0.5989791666666667,,,
740555926884319232,1783422603000-642689989225816064-740555926884319232,1783422603000,1783423326000,1,1.557,0.522,2.982758620689655,642689989225816064,1783422603000,740555926884319232,MP09FA9235,723000,1783423326000,1.3772045615355242,0.5216683945210319,2.98465465102511,,0.5216683945210319,1783422603000-642689989225816064-740555926884319232,1.557,0.0,,,
718087851647959040,1783440861000-642689989225816064-718087851647959040,1783440861000,1783441174000,1,1.521,0.524,2.9026717557251906,642689989225816064,1783440861000,718087851647959040,MP13P5427,313000,1783441174000,1.383574093277311,0.5240810959383754,2.9022225983492604,,0.5240810959383754,1783440861000-642689989225816064-718087851647959040,1.521,0.0813888888888889,,,
718907611667234816,1783395916000-642689989225816064-718907611667234816,1783395916000,1783397206000,1,1.423,2.19,0.6497716894977169,642689989225816064,1783395916000,718907611667234816,MP09DK6372,1290000,1783397206000,5.780661669124138,2.1896445716379307,0.6498771619978243,1.2874757598619908,2.1896445716379307,1783395916000-642689989225816064-718907611667234816,1.423,0.0,,,
740555926884319232,1783426183000-642689989225816064-740555926884319232,1783426183000,1783426261000,1,1.421,0.456,3.116228070175439,642689989225816064,1783426183000,740555926884319232,MP09FA9235,78000,1783426261000,1.2034433675187997,0.4558497604237877,3.117255120807666,,0.4558497604237877,1783426183000-642689989225816064-740555926884319232,1.421,0.0,,,
718585359834808320,1783435380000-642689989225816064-718585359834808320,1783435380000,1783435617000,1,1.387,0.254,5.460629921259843,642689989225816064,1783435380000,718585359834808320,MP04PA3842,237000,1783435617000,0.6693394394072357,0.2535376664421347,5.470587544105826,,0.2535376664421347,1783435380000-642689989225816064-718585359834808320,1.387,0.0,,,
1514683047356661760,1783456306000-642689989225816064-1514683047356661760,1783456306000,1783456699000,1,1.384,0.433,3.1963048498845263,642689989225816064,1783456306000,1514683047356661760,MP09BJ5826,393000,1783456699000,1.1443033423270075,0.4334482357299271,3.1929995000887317,,0.4288636437500001,1783456306000-642689989225816064-1514683047356661760,1.384,0.0655175,,,
739922158402142208,1783390760000-642689989225816064-739922158402142208,1783390760000,1783391038000,1,1.381,0.457,3.0218818380743984,642689989225816064,1783390760000,739922158402142208,MP13P8145,278000,1783391038000,1.2055509423655915,0.4566480842293907,3.024210650813273,,0.4566480842293907,1783390760000-642689989225816064-739922158402142208,1.381,0.06813166666666667,,,
739508566909517824,1783409851000-642689989225816064-739508566909517824,1783409851000,1783411299000,1,1.38,1.699,0.8122424955856385,642689989225816064,1783409851000,739508566909517824,MP13P8154,1448000,1783411299000,4.486646531346246,1.6994873224796385,0.8120095876834842,1.375,1.6994873224796385,1783409851000-642689989225816064-739508566909517824,1.38,0.0,,,
740555926884319232,1783436458000-642689989225816064-740555926884319232,1783436458000,1783436547000,1,1.377,0.568,2.4242957746478875,642689989225816064,1783436458000,740555926884319232,MP09FA9235,89000,1783436547000,1.5004255991207873,0.5683430299699952,2.4228325630608976,,0.5683430299699952,1783436458000-642689989225816064-740555926884319232,1.377,0.0,,,
740288270604173312,1783386492000-642689989225816064-740288270604173312,1783386492000,1783387188000,1,1.37,1.15,1.1913043478260872,642689989225816064,1783386492000,740288270604173312,MP09FA9079,696000,1783387188000,3.0347306413026818,1.1495191823116218,1.1918026432973508,,1.1495191823116218,1783386492000-642689989225816064-740288270604173312,1.37,0.0,,,
740555926884319232,1783418334000-642689989225816064-740555926884319232,1783418334000,1783418410000,1,1.368,0.427,3.203747072599532,642689989225816064,1783418334000,740555926884319232,MP09FA9235,76000,1783418410000,1.1266559156953924,0.4267636044300729,3.205521712253119,,0.4267636044300729,1783418334000-642689989225816064-740555926884319232,1.368,0.0,,,
1326602059092328448,1783452378000-642689989225816064-1326602059092328448,1783452378000,1783453436000,1,1.361,1.038,1.3111753371868977,642689989225816064,1783452378000,1326602059092328448,MP09DT9045,1058000,1783453436000,2.739055883340531,1.0375211679320193,1.3117804648870313,1.1999999999534339,1.0375211679320193,1783452378000-642689989225816064-1326602059092328448,1.361,0.2444444444445253,,,
740555926884319232,1783426577000-642689989225816064-740555926884319232,1783426577000,1783426648000,1,1.33,0.565,2.3539823008849563,642689989225816064,1783426577000,740555926884319232,MP09FA9235,71000,1783426648000,1.4928987114484331,0.5654919361547095,2.351934510408533,,0.5654919361547095,1783426577000-642689989225816064-740555926884319232,1.33,0.0,,,
739922158402142208,1783423669000-642689989225816064-739922158402142208,1783423669000,1783424516000,1,1.322,0.924,1.4307359307359306,642689989225816064,1783423669000,739922158402142208,MP13P8145,847000,1783424516000,2.438093596460481,0.9235203016895761,1.431479088853171,,0.9235203016895762,1783423669000-642689989225816064-739922158402142208,1.322,0.2000000000007276,,,
1310263193548881920,1783397983000-642689989225816064-1310263193548881920,1783397983000,1783398397000,1,1.309,0.106,12.349056603773585,642689989225816064,1783397983000,1310263193548881920,GJ18AZ7719,414000,1783398397000,0.2789567152423826,0.10566542244029643,12.38815848902338,1.0,0.10566542244029643,1783397983000-642689989225816064-1310263193548881920,1.309,0.0,,,
1326601969871093760,1783382913000-642689989225816064-1326601969871093760,1783382913000,1783383443000,1,1.309,0.886,1.4774266365688487,642689989225816064,1783382913000,1326601969871093760,MP09BN3893,530000,1783383443000,2.338276573559064,0.8857108233178272,1.477909003185208,1.179999999993015,0.8857108233178272,1783382913000-642689989225816064-1326601969871093760,1.309,0.14154277777777777,,,
589017381083291648,1783393870000-642689989225816064-589017381083291648,1783393870000,1783394737000,1,1.309,0.736,1.778532608695652,642689989225816064,1783393870000,589017381083291648,MP09BP1514,867000,1783394737000,1.9430017829623434,0.7359855238493724,1.778567590777643,,0.671689,1783393870000-642689989225816064-589017381083291648,1.309,0.13462500000000002,,,
1514683047356661760,1783388446000-642689989225816064-1514683047356661760,1783388446000,1783388858000,1,1.308,0.499,2.62124248496994,642689989225816064,1783388446000,1514683047356661760,MP09BJ5826,412000,1783388858000,1.3174941838902694,0.4990508272311626,2.6209755171773885,,0.46203300000000014,1783388446000-642689989225816064-1514683047356661760,1.308,0.06731250000000001,,,
566304909352275968,1783407322000-642689989225816064-566304909352275968,1783407322000,1783408174000,1,1.306,0.632,2.0664556962025316,642689989225816064,1783407322000,566304909352275968,MP09AF2781,852000,1783408174000,1.6686503170909308,0.632064514049595,2.0662447756045434,,0.6320645140495948,1783407322000-642689989225816064-566304909352275968,1.306,0.17907222222222222,,,
739919483375714304,1783426294000-642689989225816064-739919483375714304,1783426294000,1783427769000,1,1.301,0.901,1.443951165371809,642689989225816064,1783426294000,739919483375714304,MP13P8163,1475000,1783427769000,2.3789059294475052,0.9011007308513277,1.4437897511978064,,0.9011007308513277,1783426294000-642689989225816064-739919483375714304,1.301,0.0,,,
1326601875818020864,1783388262000-642689989225816064-1326601875818020864,1783388262000,1783388874000,1,1.295,1.152,1.1241319444444444,642689989225816064,1783388262000,1326601875818020864,MP09BN1094,612000,1783388874000,3.041263455620796,1.1519937331896954,1.1241380596874793,1.1749999999883585,1.1519937331896954,1783388262000-642689989225816064-1326601875818020864,1.295,0.12138888888898691,,,
740555926884319232,1783424744000-642689989225816064-740555926884319232,1783424744000,1783424815000,1,1.278,0.392,3.260204081632653,642689989225816064,1783424744000,740555926884319232,MP09FA9235,71000,1783424815000,1.034104400352425,0.3917062122547064,3.262649301995196,,0.3917062122547064,1783424744000-642689989225816064-740555926884319232,1.278,0.0,,,
739451124913799168,1783432893000-642689989225816064-739451124913799168,1783432893000,1783433660000,1,1.265,0.534,2.3689138576779025,642689989225816064,1783432893000,739451124913799168,MP13P2781,767000,1783433660000,1.4107697030107527,0.5343824632616487,2.367218400616976,,0.5343824632616487,1783432893000-642689989225816064-739451124913799168,1.265,0.0,,,
614868863032492032,1783385846000-642689989225816064-614868863032492032,1783385846000,1783386293000,1,1.229,0.39,3.1512820512820516,642689989225816064,1783385846000,614868863032492032,MP09AF3672,447000,1783386293000,1.0283531840746458,0.3895277212403961,3.1551027898256456,,0.409753625,1783385846000-642689989225816064-614868863032492032,1.229,0.06731250000000001,,,
589016215549128704,1783462720000-642689989225816064-589016215549128704,1783462720000,1783463244000,1,1.185,0.465,2.5483870967741935,642689989225816064,1783462720000,589016215549128704,MP09BP1580,524000,1783463244000,1.2272800240501214,0.4648787969886823,2.5490515112240093,,0.48507854166666675,1783462720000-642689989225816064-589016215549128704,1.185,0.08947916666666667,,,
739426360824430592,1783392929000-642689989225816064-739426360824430592,1783392929000,1783427730000,1,1.152,0.0,0.0,642689989225816064,1783392929000,739426360824430592,Mp13p2745,34801000,1783427730000,,0.0,0.0,,,1783392929000-642689989225816064-739426360824430592,1.152,0.0,,,c
740555926884319232,1783417028000-642689989225816064-740555926884319232,1783417028000,1783417084000,1,1.136,0.283,4.014134275618375,642689989225816064,1783417028000,740555926884319232,MP09FA9235,56000,1783417084000,0.7467502733070069,0.2828599520102299,4.016121730653887,,0.2828599520102299,1783417028000-642689989225816064-740555926884319232,1.136,0.0,,,
740555926884319232,1783425597000-642689989225816064-740555926884319232,1783425597000,1783425672000,1,1.056,0.562,1.8790035587188612,642689989225816064,1783425597000,740555926884319232,MP09FA9235,75000,1783425672000,1.4831217366092853,0.5617885365944262,1.8797108363967234,,0.5617885365944262,1783425597000-642689989225816064-740555926884319232,1.056,0.0,,,
718816574726733824,1783435337000-642689989225816064-718816574726733824,1783435337000,1783435438000,1,1.042,0.1,10.42,642689989225816064,1783435337000,718816574726733824,MP04PA3843,101000,1783435438000,0.2646817972758421,0.10025825654387958,10.393158986800778,,0.08480978615715845,1783435337000-642689989225816064-718816574726733824,1.042,0.0,,,
740555926884319232,1783437546000-642689989225816064-740555926884319232,1783437546000,1783437602000,1,1.009,0.398,2.5351758793969847,642689989225816064,1783437546000,740555926884319232,MP09FA9235,56000,1783437602000,1.0507843953359894,0.3980243921727233,2.535020515933965,,0.3980243921727233,1783437546000-642689989225816064-740555926884319232,1.009,0.0,,,
739421717067202560,1783466839000-642689989225816064-739421717067202560,1783466839000,1783468297000,1,1.002,1.38,0.7260869565217392,642689989225816064,1783466839000,739421717067202560,Mp13p8136,1458000,1783468297000,3.644066522881273,1.3803282283641185,0.7259143002440149,,1.3803282283641185,1783466839000-642689989225816064-739421717067202560,1.002,0.0,,,
